uc,lead,segment,region,metric,model,value,lo,hi,n,lower,n_park_days,n_origin_days,ref,diff_vs_ref,diff_lo,diff_hi,diff_lo_park,diff_hi_park,n_paired,paired_share,wins
D5,0,all,all,first-hour MAE (opening-aligned),clim,4.598445818102096,4.452596354484558,4.744690406322479,209821.0,True,4368,54,clim,,,,,,,,
D5,0,all,all,first-hour MAE (opening-aligned),h5,4.223866602944784,4.098939907550812,4.357742238044739,216043.0,True,4717,54,clim,-0.4568491327022821,-0.5327292084693909,-0.38239690065383913,-0.7255565881729126,-0.2209391593933106,209386.0,0.9979268042760258,True
D5,0,all,all,first-hour MAE (opening-aligned),lvlh5_cbd,4.317959919303113,4.170549535751343,4.466810393333435,179388.0,True,3705,54,clim,-0.43157012329001443,-0.5118458032608032,-0.35326519012451174,-0.7223596930503845,-0.1673747837543488,174678.0,0.8325096153387888,True
D5,0,all,all,first-hour MAE (opening-aligned),lvlh5_naive,4.223757379964115,4.098410487174988,4.355219173431396,215995.0,True,4716,54,clim,-0.45749374111360464,-0.5359921872615814,-0.38265644311904906,-0.7276513695716857,-0.21957771778106694,209348.0,0.9977456975231268,True
D5,0,all,all,first-hour MAE (opening-aligned),lvlh5_tft,4.238291137052215,4.108292102813721,4.370729553699493,210615.0,True,4606,54,clim,-0.480769473024214,-0.5576601982116699,-0.40609384775161744,-0.7611486792564393,-0.23965092301368718,204063.0,0.9725575609686352,True
D5,0,all,all,first-hour MAE (opening-aligned),oracle_level,4.196783378822273,4.075236642360688,4.327664911746979,214565.0,True,4689,54,clim,-0.47414844224102115,-0.5507617831230164,-0.4023589849472046,-0.7485750079154968,-0.2360761582851411,208039.0,0.9915070464824779,True
D5,0,all,all,first-hour MAE (opening-aligned),oracle_shape,4.907838306835738,4.7572539210319515,5.085615944862366,212052.0,True,4612,54,clim,0.2486058735813792,0.09402213096618653,0.41787879467010497,-0.2877903342247009,0.7090108633041381,206972.0,0.9864217594997641,False
D5,0,all,all,first-hour MAE (opening-aligned),snaive7,4.822405724057241,4.651058375835419,5.008878493309021,177776.0,True,4149,54,clim,0.1493204260988401,0.013388001918792726,0.2879791498184204,-0.09577009677886962,0.39688953161239626,174889.0,0.8335152344140958,False
D5,0,all,all,first-hour MAE (opening-aligned),wt_med,4.612148242440693,4.469093787670135,4.758457636833191,213677.0,True,4664,54,clim,-0.0273291687057986,-0.09130878448486328,0.038191044330596904,-0.23339756727218627,0.16947810649871825,208422.0,0.9933324119130116,False
D5,1,all,all,first-hour MAE (opening-aligned),clim,4.636994371303186,4.491510605812072,4.786325311660766,209640.0,True,4364,54,clim,,,,,,,,
D5,1,all,all,first-hour MAE (opening-aligned),h5,4.279237022776824,4.154139935970306,4.413429248332977,215570.0,True,4708,54,clim,-0.44040600374875627,-0.5156788229942322,-0.3676011323928833,-0.7186105489730835,-0.19400868415832528,209136.0,0.9975958786491128,True
D5,1,all,all,first-hour MAE (opening-aligned),lvlh5_cbd,4.3753301722232205,4.226436126232147,4.528404891490936,177733.0,True,3659,54,clim,-0.4065948114120701,-0.48955459594726564,-0.3300583362579346,-0.7014140367507934,-0.1322331249713899,173207.0,0.8262116008395345,True
D5,1,all,all,first-hour MAE (opening-aligned),lvlh5_naive,4.278168517667137,4.151645922660828,4.412215757369995,215522.0,True,4707,54,clim,-0.4420376557181003,-0.52102689743042,-0.37102384567260743,-0.7231463670730591,-0.1942991614341736,209098.0,0.9974146155313871,True
D5,1,all,all,first-hour MAE (opening-aligned),lvlh5_tft,4.291704203789577,4.16364688873291,4.42997967004776,210742.0,True,4600,54,clim,-0.4608266363215714,-0.5403597354888916,-0.3888399004936218,-0.7439343690872192,-0.20960611104965213,204450.0,0.975243274184316,True
D5,1,all,all,first-hour MAE (opening-aligned),oracle_level,4.251518430018402,4.126551604270935,4.382446014881134,214104.0,True,4680,54,clim,-0.4574776491798884,-0.5325740098953247,-0.3850269794464111,-0.742728078365326,-0.2071140944957734,207792.0,0.9911848883800801,True
D5,1,all,all,first-hour MAE (opening-aligned),oracle_shape,4.907984041682369,4.757384634017944,5.085623693466187,212037.0,True,4611,54,clim,0.2097690357705959,0.06008237600326538,0.37790125608444214,-0.3356856107711792,0.6692750930786132,206881.0,0.9868393436367106,False
D5,1,all,all,first-hour MAE (opening-aligned),snaive7,4.822481112917471,4.651123762130737,5.008878493309021,177767.0,True,4149,54,clim,0.1118790533816778,-0.024968934059143064,0.2550454497337341,-0.13495514988899232,0.3698732018470764,174854.0,0.8340679259683267,False
D5,1,all,all,first-hour MAE (opening-aligned),wt_med,4.678159624413145,4.5309560060501095,4.82488454580307,213000.0,True,4649,54,clim,0.0012640645201607015,-0.06337268352508545,0.06433267593383789,-0.21032335758209228,0.20382195115089408,208059.0,0.992458500286205,False
D5,2,all,all,first-hour MAE (opening-aligned),clim,4.6582977667019945,4.511470937728882,4.811491286754608,209466.0,True,4360,54,clim,,,,,,,,
D5,2,all,all,first-hour MAE (opening-aligned),h5,4.30501619815197,4.178048610687256,4.440335154533386,215148.0,True,4699,54,clim,-0.43389772297559226,-0.5092673063278198,-0.36085584163665774,-0.7128519356250763,-0.17710686922073365,208913.0,0.9973599534053259,True
D5,2,all,all,first-hour MAE (opening-aligned),lvlh5_cbd,4.387734833955671,4.237525308132172,4.5367920160293576,178633.0,True,3679,54,clim,-0.4013028872232933,-0.4848242402076721,-0.3222948431968689,-0.708004879951477,-0.11288497447967531,174114.0,0.8312279797198591,True
D5,2,all,all,first-hour MAE (opening-aligned),lvlh5_naive,4.303911624826763,4.177851402759552,4.439608681201935,215100.0,True,4698,54,clim,-0.4355845201322337,-0.5134455680847168,-0.3645964622497559,-0.7185599207878113,-0.1795855164527893,208875.0,0.997178539715276,True
D5,2,all,all,first-hour MAE (opening-aligned),lvlh5_tft,4.316597928685765,4.186169052124024,4.45564706325531,210566.0,True,4596,54,clim,-0.45106297116948646,-0.5311652898788453,-0.37641568183898927,-0.738110613822937,-0.19212946891784674,204521.0,0.9763923500711332,True
D5,2,all,all,first-hour MAE (opening-aligned),oracle_level,4.274407604978767,4.149945318698883,4.406455814838409,213683.0,True,4672,54,clim,-0.4539036497502309,-0.5327645897865295,-0.38030385971069336,-0.7365751385688781,-0.19658624529838564,207570.0,0.9909484116754032,True
D5,2,all,all,first-hour MAE (opening-aligned),oracle_shape,4.907157337112153,4.756779420375824,5.0847747206687925,212014.0,True,4610,54,clim,0.1867329994556295,0.03523699045181274,0.35602027177810663,-0.35820956230163575,0.6561963081359863,206780.0,0.9871769165401545,False
D5,2,all,all,first-hour MAE (opening-aligned),snaive7,4.822520758792952,4.651151931285858,5.008929169178009,177756.0,True,4149,54,clim,0.09130588989062272,-0.04384338855743408,0.2339019775390625,-0.165447199344635,0.35637552738189693,174808.0,0.8345411665855079,False
D5,2,all,all,first-hour MAE (opening-aligned),wt_med,4.707577939681464,4.561823391914368,4.854330348968506,212472.0,True,4636,54,clim,0.010924543647642615,-0.05400382280349731,0.07513633966445922,-0.2115770936012268,0.2177597641944885,207789.0,0.9919939274154278,False
D5,3,all,all,first-hour MAE (opening-aligned),clim,4.660966203429358,4.512551808357239,4.813197004795074,209252.0,True,4354,54,clim,,,,,,,,
D5,3,all,all,first-hour MAE (opening-aligned),h5,4.316152474592999,4.18834912776947,4.454090857505799,214803.0,True,4692,54,clim,-0.4228475706474599,-0.5007799625396728,-0.34801287651062013,-0.711359167098999,-0.15885263681411746,208677.0,0.9972521170645919,True
D5,3,all,all,first-hour MAE (opening-aligned),lvlh5_cbd,4.381747129009533,4.236639893054962,4.527072060108185,181427.0,True,3738,54,clim,-0.3855193297595463,-0.4705024003982544,-0.3040315389633179,-0.6955329239368438,-0.10030079483985925,176884.0,0.845315695907327,True
D5,3,all,all,first-hour MAE (opening-aligned),lvlh5_naive,4.314992272306153,4.187653541564941,4.453189194202423,214759.0,True,4691,54,clim,-0.424954548456971,-0.5037798762321473,-0.3532986998558045,-0.7120275020599365,-0.16102278828620917,208643.0,0.9970896335518896,True
D5,3,all,all,first-hour MAE (opening-aligned),lvlh5_tft,4.330548075617531,4.200881552696228,4.469175934791565,210518.0,True,4592,54,clim,-0.4342109696755845,-0.5117247104644775,-0.35685175657272344,-0.7221955478191375,-0.17234452366828923,204582.0,0.9776824116376427,True
D5,3,all,all,first-hour MAE (opening-aligned),oracle_level,4.28396154493771,4.15714830160141,4.416509914398193,213340.0,True,4666,54,clim,-0.444361586221234,-0.5211786389350891,-0.3707534193992615,-0.7310042023658753,-0.1837012588977814,207335.0,0.9908387972396918,True
D5,3,all,all,first-hour MAE (opening-aligned),oracle_shape,4.905769770605489,4.755511558055877,5.083202052116394,211922.0,True,4607,54,clim,0.18404691739462287,0.029260480403900148,0.35765036344528195,-0.35907942056655884,0.6525162577629089,206596.0,0.987307170301837,False
D5,3,all,all,first-hour MAE (opening-aligned),prod_served,6.208998623618333,6.048206484317779,6.365555894374848,212877.0,True,4522,54,clim,1.4516568414073427,1.3510447502136231,1.5513389110565186,1.169369900226593,1.72599356174469,208137.0,0.9946714965687306,False
D5,3,all,all,first-hour MAE (opening-aligned),prod_served_lin,6.370185600135289,6.207998895645142,6.532740414142609,212877.0,True,4522,54,clim,1.6146168148863493,1.5053849458694457,1.7170572876930237,1.3326171398162843,1.893757712841034,208137.0,0.9946714965687306,False
D5,3,all,all,first-hour MAE (opening-aligned),snaive7,4.822385003150599,4.651007771492004,5.008807361125946,177744.0,True,4149,54,clim,0.08531574580102408,-0.05133572816848755,0.22937453985214232,-0.17270026206970215,0.34764393568038926,174745.0,0.8350935713876092,False
D5,3,all,all,first-hour MAE (opening-aligned),wt_med,4.728578436459346,4.58486328125,4.875646114349365,212006.0,True,4625,54,clim,0.030408677592363098,-0.034629976749420165,0.09524791240692138,-0.18985141515731813,0.23172540664672842,207523.0,0.9917372354863991,False
D5,4,all,all,first-hour MAE (opening-aligned),clim,4.665658889882846,4.514373683929444,4.81743597984314,209041.0,True,4349,54,clim,,,,,,,,
D5,4,all,all,first-hour MAE (opening-aligned),h5,4.339385422784008,4.210002291202545,4.4766080498695375,214554.0,True,4685,54,clim,-0.4027014597104559,-0.4795883059501648,-0.3285868763923645,-0.6836403369903564,-0.1455801844596863,208466.0,0.9972493434302362,True
D5,4,all,all,first-hour MAE (opening-aligned),lvlh5_cbd,4.389081614821881,4.248378276824951,4.542418956756592,182572.0,True,3767,54,clim,-0.38237245236317374,-0.46718999147415163,-0.3010536074638367,-0.6846313416957855,-0.09114116430282594,178040.0,0.8516989490100029,True
D5,4,all,all,first-hour MAE (opening-aligned),lvlh5_naive,4.336004072607316,4.209131276607513,4.473131918907166,214508.0,True,4684,54,clim,-0.40716810685696636,-0.48687084913253786,-0.3314839959144592,-0.6889772653579712,-0.14777401089668274,208430.0,0.9970771284102162,True
D5,4,all,all,first-hour MAE (opening-aligned),lvlh5_tft,4.351942504005131,4.221238732337952,4.491468274593354,210237.0,True,4583,54,clim,-0.41147677779630687,-0.48818732500076295,-0.33547450304031373,-0.6906749367713928,-0.14997194409370423,204291.0,0.9772771848584727,True
D5,4,all,all,first-hour MAE (opening-aligned),oracle_level,4.30014753478298,4.172297573089599,4.434153699874878,213093.0,True,4659,54,clim,-0.43114003551066205,-0.50946204662323,-0.35457773208618165,-0.7215981364250184,-0.16631585955619815,207128.0,0.9908486851861597,True
D5,4,all,all,first-hour MAE (opening-aligned),oracle_shape,4.904224394855259,4.754833328723907,5.08204733133316,211816.0,True,4604,54,clim,0.17762427295508676,0.019588673114776613,0.3510599851608276,-0.3632434844970703,0.6473554491996765,206415.0,0.9874378710396525,False
D5,4,all,all,first-hour MAE (opening-aligned),prod_served,6.244478079184744,6.084474146366119,6.407056975364685,212743.0,True,4504,54,clim,1.4919746766075885,1.388876497745514,1.5919440865516663,1.2239460468292236,1.7802874922752379,208029.0,0.9951588444372157,False
D5,4,all,all,first-hour MAE (opening-aligned),prod_served_lin,6.409860136408718,6.248867642879486,6.579638576507568,212743.0,True,4504,54,clim,1.6592265982146728,1.5493705034255982,1.7680291056632995,1.3722036361694336,1.9411582231521607,208029.0,0.9951588444372157,False
D5,4,all,all,first-hour MAE (opening-aligned),snaive7,4.821125214601334,4.648078894615173,5.0076305866241455,177655.0,True,4147,54,clim,0.08041911983688799,-0.05396929979324341,0.22609655857086178,-0.18689523935317992,0.3540368676185608,174604.0,0.8352619820992054,False
D5,4,all,all,first-hour MAE (opening-aligned),wt_med,4.752517785104915,4.607898366451264,4.900653898715973,211694.0,True,4617,54,clim,0.04811241104812414,-0.016696512699127197,0.11333780288696288,-0.17742906808853148,0.26163502931594845,207275.0,0.991551896517908,False
D5,5,all,all,first-hour MAE (opening-aligned),clim,4.673466992430775,4.526744258403778,4.822516453266144,208740.0,True,4329,54,clim,,,,,,,,
D5,5,all,all,first-hour MAE (opening-aligned),h5,4.37225367693392,4.246278071403504,4.510330367088318,214241.0,True,4675,54,clim,-0.38208434429576954,-0.4580234050750732,-0.30841884613037107,-0.6622584342956543,-0.12842206954956056,208135.0,0.9971016575644343,True
D5,5,all,all,first-hour MAE (opening-aligned),lvlh5_cbd,4.433654296288501,4.290095496177673,4.587717449665069,182512.0,True,3760,54,clim,-0.3591262099037653,-0.44502805471420287,-0.27849096059799194,-0.651453161239624,-0.07430536746978768,177889.0,0.8522036983807607,True
D5,5,all,all,first-hour MAE (opening-aligned),lvlh5_naive,4.372451658245399,4.244607877731323,4.509614932537079,214199.0,True,4674,54,clim,-0.3827344763491345,-0.45968236923217776,-0.3049901366233826,-0.6617927312850952,-0.13112574815750133,208103.0,0.9969483568075117,True
D5,5,all,all,first-hour MAE (opening-aligned),lvlh5_tft,4.367826304158306,4.240845823287964,4.51060631275177,209975.0,True,4576,54,clim,-0.39988518978611776,-0.477595055103302,-0.3247078537940979,-0.6791898846626282,-0.1364447891712189,203986.0,0.977225256299703,True
D5,5,all,all,first-hour MAE (opening-aligned),oracle_level,4.332272497603763,4.20666595697403,4.4655706763267515,212783.0,True,4649,54,clim,-0.4105029913562124,-0.49009511470794676,-0.33573161363601683,-0.6929311156272888,-0.15027856230735792,206810.0,0.9907540480981125,True
D5,5,all,all,first-hour MAE (opening-aligned),oracle_shape,4.903984206189834,4.754544425010681,5.0818037509918215,211755.0,True,4602,54,clim,0.16477736689973366,0.004324114322662354,0.3372996330261229,-0.372298002243042,0.6352901399135589,206170.0,0.9876880329596628,False
D5,5,all,all,first-hour MAE (opening-aligned),prod_served,6.245452107766346,6.085075461864472,6.412006402015686,212571.0,True,4482,54,clim,1.4844499506844047,1.3816925406455993,1.5877005219459535,1.216076099872589,1.7459128141403195,207845.0,0.9957123694548242,False
D5,5,all,all,first-hour MAE (opening-aligned),prod_served_lin,6.407505609890342,6.249556124210358,6.578823828697205,212571.0,True,4482,54,clim,1.64860954076355,1.539356791973114,1.7607102990150452,1.3725982427597045,1.9178314328193664,207845.0,0.9957123694548242,False
D5,5,all,all,first-hour MAE (opening-aligned),snaive7,4.8203137316727105,4.646917521953583,5.007365047931671,177604.0,True,4146,54,clim,0.06864459748496188,-0.06510006189346314,0.21193119287490844,-0.19554426670074462,0.3344114065170288,174391.0,0.8354460093896714,False
D5,5,all,all,first-hour MAE (opening-aligned),wt_med,4.77704902517509,4.628669500350952,4.9275840520858765,211320.0,True,4608,54,clim,0.06137968364126678,-0.0010674715042114247,0.12613238096237178,-0.16599200963973998,0.27665680646896357,206917.0,0.991266647504072,False
D5,6,all,all,first-hour MAE (opening-aligned),clim,4.684452134016116,4.536577892303467,4.834336423873902,208363.0,True,4310,54,clim,,,,,,,,
D5,6,all,all,first-hour MAE (opening-aligned),h5,4.426638705258631,4.297515332698822,4.562931430339813,213896.0,True,4664,54,clim,-0.34320902815219867,-0.41631879806518557,-0.2716819286346436,-0.6179792404174804,-0.09593273401260377,207728.0,0.9969524339734022,True
D5,6,all,all,first-hour MAE (opening-aligned),lvlh5_cbd,4.486718077861084,4.335609579086304,4.6452115178108215,181791.0,True,3759,54,clim,-0.3342376894787158,-0.41967588663101196,-0.25477706193923955,-0.6176345586776734,-0.054187583923339916,177076.0,0.8498437822454082,True
D5,6,all,all,first-hour MAE (opening-aligned),lvlh5_naive,4.432823686255869,4.296977138519287,4.571732449531555,213853.0,True,4663,54,clim,-0.3378539934502722,-0.4165911555290222,-0.262450385093689,-0.6150099635124207,-0.09298455119132996,207696.0,0.9967988558429279,True
D5,6,all,all,first-hour MAE (opening-aligned),lvlh5_tft,4.410090701958928,4.2787907242774965,4.551378512382508,209667.0,True,4566,54,clim,-0.3707794203663948,-0.4496216416358948,-0.29611544609069823,-0.6580973625183105,-0.10881597399711612,203616.0,0.9772176442074648,True
D5,6,all,all,first-hour MAE (opening-aligned),oracle_level,4.373842891586466,4.244459795951843,4.510602974891663,212444.0,True,4638,54,clim,-0.38424624931424756,-0.46293480396270753,-0.30979791879653934,-0.6685604333877564,-0.12242318987846375,206421.0,0.9906797272068457,True
D5,6,all,all,first-hour MAE (opening-aligned),oracle_shape,4.903645308137546,4.754013562202454,5.08149778842926,211653.0,True,4598,54,clim,0.15026622245080645,-0.011658620834350587,0.3271789193153381,-0.3945316433906555,0.622927963733673,205865.0,0.9880113071898562,False
D5,6,all,all,first-hour MAE (opening-aligned),prod_served,6.238857794361525,6.085658180713653,6.4072124600410465,212256.0,True,4455,54,clim,1.4704307165754775,1.367610764503479,1.5750666975975036,1.2116101741790772,1.7417136669158935,207445.0,0.9955942273820207,False
D5,6,all,all,first-hour MAE (opening-aligned),prod_served_lin,6.4029744742198105,6.251805365085602,6.574174106121063,212256.0,True,4455,54,clim,1.6365367928848613,1.5280369758605956,1.74740309715271,1.372047448158264,1.9015312552452088,207445.0,0.9955942273820207,False
D5,6,all,all,first-hour MAE (opening-aligned),snaive7,4.818550045349813,4.646885967254638,5.0035805940628055,177509.0,True,4144,54,clim,0.05165996553704755,-0.08535604476928711,0.19642497301101683,-0.21259158849716187,0.3199253439903259,174100.0,0.8355610161113057,False
D5,6,all,all,first-hour MAE (opening-aligned),wt_med,4.820971206137128,4.674037563800812,4.973234701156616,210913.0,True,4597,54,clim,0.09113583200554043,0.027978551387786866,0.15601155757904053,-0.13508203029632568,0.3076311707496642,206483.0,0.9909772848346395,False
D5,7,all,all,first-hour MAE (opening-aligned),clim,4.701148486304661,4.551430892944336,4.8529522061347965,208100.0,True,4307,54,clim,,,,,,,,
D5,7,all,all,first-hour MAE (opening-aligned),h5,4.501095746524525,4.365209591388703,4.639894342422485,213496.0,True,4650,54,clim,-0.28662121146372677,-0.36251254081726075,-0.2150741815567017,-0.5763417243957519,-0.0375344753265381,207402.0,0.9966458433445459,True
D5,7,all,all,first-hour MAE (opening-aligned),lvlh5_cbd,4.572772884484713,4.41661239862442,4.730990028381347,181624.0,True,3744,54,clim,-0.26645713199041854,-0.35365780591964724,-0.19016109704971315,-0.5569066286087037,0.012127935886382927,176999.0,0.8505478135511774,False
D5,7,all,all,first-hour MAE (opening-aligned),lvlh5_naive,4.53134751793875,4.383619606494904,4.676551032066345,213422.0,True,4649,54,clim,-0.2567142118658037,-0.3431175708770752,-0.17695910930633546,-0.5499443173408508,-0.014698576927185144,207339.0,0.99634310427679,True
D5,7,all,all,first-hour MAE (opening-aligned),lvlh5_tft,4.479055368532437,4.342390346527099,4.61828384399414,208863.0,True,4539,54,clim,-0.3207256711329567,-0.39629623889923093,-0.24454687833786012,-0.606286096572876,-0.0633478522300721,202905.0,0.9750360403652091,True
D5,7,all,all,first-hour MAE (opening-aligned),oracle_level,4.44219758661369,4.311983406543732,4.577613973617554,212045.0,True,4625,54,clim,-0.33426934098070493,-0.41027700901031494,-0.26141874790191655,-0.6154988169670105,-0.07529472112655643,206099.0,0.9903844305622297,True
D5,7,all,all,first-hour MAE (opening-aligned),oracle_shape,5.49067855313057,5.31807050704956,5.686040151119232,210720.0,True,4540,54,clim,0.7339147972747337,0.5622230887413024,0.9163271903991699,0.17426582574844363,1.236192238330841,205475.0,0.987385872176838,False
D5,7,all,all,first-hour MAE (opening-aligned),prod_served,6.385661922530793,6.217198753356934,6.551901769638062,211981.0,True,4429,54,clim,1.6098052465188113,1.5048637747764588,1.718824028968811,1.3422471284866333,1.8965139865875242,207185.0,0.9956030754444979,False
D5,7,all,all,first-hour MAE (opening-aligned),prod_served_lin,6.5553829116760465,6.382829129695892,6.725961863994598,211981.0,True,4429,54,clim,1.781916523879624,1.6684004187583923,1.8992568016052247,1.5089012265205384,2.062555885314941,207185.0,0.9956030754444979,False
D5,7,all,all,first-hour MAE (opening-aligned),wt_med,4.890667775665399,4.7429871439933775,5.042637062072754,210400.0,True,4579,54,clim,0.14416265574661313,0.08229411840438842,0.20860447883605956,-0.08033945560455322,0.36902816295623775,206104.0,0.990408457472369,False
D5,10,all,all,first-hour MAE (opening-aligned),clim,4.6938731811532834,4.545053768157959,4.845797920227051,207824.0,True,4303,54,clim,,,,,,,,
D5,10,all,all,first-hour MAE (opening-aligned),h5,4.595131350157432,4.451895833015442,4.737111639976502,212790.0,True,4629,54,clim,-0.1801457799893713,-0.25332740545272825,-0.11075528860092165,-0.48656731843948364,0.06861420869827266,206990.0,0.9959869889906844,False
D5,10,all,all,first-hour MAE (opening-aligned),lvlh5_cbd,4.658079079445171,4.497644472122192,4.813440668582916,183550.0,True,3760,54,clim,-0.1482421762598758,-0.230685555934906,-0.06897135972976687,-0.467774486541748,0.12819095849990844,179017.0,0.861387520209408,False
D5,10,all,all,first-hour MAE (opening-aligned),lvlh5_naive,4.646884632312166,4.492121434211731,4.79296692609787,212721.0,True,4628,54,clim,-0.12780042077177445,-0.2123640775680542,-0.04794870615005496,-0.46962192058563235,0.18186051845550535,206932.0,0.9957079066902764,False
D5,10,all,all,first-hour MAE (opening-aligned),lvlh5_tft,4.60089196053798,4.454397809505463,4.7504897832870485,207641.0,True,4503,54,clim,-0.19277116423752005,-0.2697094798088074,-0.11488338708877564,-0.5012026906013489,0.06632752418518065,202035.0,0.9721446993609978,False
D5,10,all,all,first-hour MAE (opening-aligned),oracle_level,4.51762979317129,4.382065403461456,4.65981901884079,211361.0,True,4604,54,clim,-0.24574695401564473,-0.31913880109786985,-0.17466514110565187,-0.5315755128860473,0.010586309432983386,205695.0,0.989755754869505,False
D5,10,all,all,first-hour MAE (opening-aligned),oracle_shape,5.487211929148914,5.312843382358551,5.682772529125214,210568.0,True,4537,54,clim,0.7383465980953972,0.5667982935905457,0.922044289112091,0.1694707155227661,1.243711483478546,205266.0,0.9876915081992456,False
D5,10,all,all,first-hour MAE (opening-aligned),prod_served,6.50233989449203,6.328426158428192,6.675459885597229,211548.0,True,4384,54,clim,1.7495010703430411,1.636888897418976,1.8642479658126831,1.4539708852767945,2.057738208770752,206943.0,0.9957608360920779,False
D5,10,all,all,first-hour MAE (opening-aligned),prod_served_lin,6.67083652409855,6.4996173024177555,6.847083687782288,211548.0,True,4384,54,clim,1.9203367593975154,1.800926685333252,2.039785933494568,1.6351837754249572,2.221493494510651,206943.0,0.9957608360920779,False
D5,10,all,all,first-hour MAE (opening-aligned),wt_med,4.953092111857272,4.803305530548096,5.1075058579444885,209517.0,True,4551,54,clim,0.21583634913222838,0.15483990907669068,0.2781254410743713,-0.00799521207809448,0.4530526041984557,205584.0,0.9892216490876896,False
D5,14,all,all,first-hour MAE (opening-aligned),clim,4.687674373702756,4.538251614570617,4.840649700164795,207170.0,True,4269,54,clim,,,,,,,,
D5,14,all,all,first-hour MAE (opening-aligned),h5,4.669273929494801,4.528743004798889,4.8133934259414675,211956.0,True,4586,54,clim,-0.10051933550273784,-0.1727163314819336,-0.03183600902557373,-0.413361656665802,0.16344547867774956,206201.0,0.995322681855481,False
D5,14,all,all,first-hour MAE (opening-aligned),lvlh5_cbd,4.734100969311648,4.577116179466247,4.891359436511993,181239.0,True,3693,54,clim,-0.07047820026240093,-0.15326908826828003,0.007216632366180418,-0.4047280550003052,0.20551642179489135,176752.0,0.8531737220640054,False
D5,14,all,all,first-hour MAE (opening-aligned),lvlh5_naive,4.7360889324690945,4.580906593799591,4.886220574378967,211874.0,True,4585,54,clim,-0.031472675126847705,-0.11859127283096313,0.047560369968414305,-0.3766917586326599,0.32333382368087765,206132.0,0.9949896220495246,False
D5,14,all,all,first-hour MAE (opening-aligned),lvlh5_tft,4.683607398289965,4.533541750907898,4.834990584850312,207959.0,True,4489,54,clim,-0.09234346842743779,-0.17191087007522582,-0.013962912559509278,-0.42489742040634154,0.18274860382080077,202272.0,0.9763575807308008,False
D5,14,all,all,first-hour MAE (opening-aligned),oracle_level,4.592421415224812,4.453801012039184,4.734931683540344,210538.0,True,4561,54,clim,-0.1656221931335109,-0.24141958951950074,-0.0947213411331177,-0.4728794813156128,0.09773188829421982,204913.0,0.9891055654776271,False
D5,14,all,all,first-hour MAE (opening-aligned),oracle_shape,5.858976639792349,5.679480898380279,6.050628221035003,209265.0,True,4423,54,clim,1.1415830068050283,0.9547118782997132,1.335040771961212,0.5438744187355041,1.6699636220932006,204413.0,0.9866920886228701,False
D5,14,all,all,first-hour MAE (opening-aligned),prod_served,6.703431581945038,6.525794231891632,6.88060884475708,210690.0,True,4318,54,clim,1.975963520822722,1.8614948868751526,2.1059788942337034,1.664395821094513,2.3364581942558287,206145.0,0.9950523724477482,False
D5,14,all,all,first-hour MAE (opening-aligned),prod_served_lin,6.889933077032607,6.712470066547394,7.064662528038025,210690.0,True,4318,54,clim,2.1652944529336153,2.0478485345840456,2.296189248561859,1.8595086455345153,2.5212921380996702,206145.0,0.9950523724477482,False
D5,14,all,all,first-hour MAE (opening-aligned),wt_med,5.027988680783712,4.879080677032471,5.186365985870362,208495.0,True,4509,54,clim,0.29530288226673207,0.2340488910675049,0.35503277778625486,0.06751611232757568,0.5441195011138915,204700.0,0.9880774243375006,False
D5,21,all,all,first-hour MAE (opening-aligned),clim,4.75307300841652,4.603421473503113,4.910306847095489,204360.0,True,4186,54,clim,,,,,,,,
D5,21,all,all,first-hour MAE (opening-aligned),h5,4.713870090217768,4.5628916144371034,4.870144069194794,210269.0,True,4456,54,clim,-0.08588227765854839,-0.15816717147827147,-0.016408812999725346,-0.40045809745788574,0.17616285085678093,203156.0,0.9941084360931689,False
D5,21,all,all,first-hour MAE (opening-aligned),lvlh5_cbd,4.750348440544129,4.585940957069397,4.905834102630616,180031.0,True,3587,54,clim,-0.08930837414355608,-0.1755230665206909,-0.004619812965393105,-0.43173877000808714,0.18746099472045888,174250.0,0.8526619690741828,False
D5,21,all,all,first-hour MAE (opening-aligned),lvlh5_naive,4.784202813230649,4.622047078609467,4.945626306533813,210183.0,True,4454,54,clim,-0.012964219652307207,-0.099187171459198,0.07015349864959715,-0.3657122015953064,0.3281807899475097,203087.0,0.9937707966333921,False
D5,21,all,all,first-hour MAE (opening-aligned),lvlh5_tft,4.733263788387563,4.576678311824798,4.890105080604553,206819.0,True,4371,54,clim,-0.05981260308164238,-0.13867956399917603,0.01814095973968505,-0.39858254194259646,0.23707805871963494,199780.0,0.9775885691916226,False
D5,21,all,all,first-hour MAE (opening-aligned),oracle_level,4.634075857158857,4.487270843982697,4.781784868240356,208889.0,True,4434,54,clim,-0.15460370027168668,-0.23098959922790527,-0.08156604766845703,-0.4624855279922485,0.11485123634338376,201904.0,0.9879819925621453,False
D5,21,all,all,first-hour MAE (opening-aligned),oracle_shape,6.049679324890558,5.871822261810303,6.234764325618744,207716.0,True,4304,54,clim,1.2778853332684008,1.092450737953186,1.4604636669158935,0.6587788939476014,1.849800157546997,201535.0,0.9861763554511647,False
D5,21,all,all,first-hour MAE (opening-aligned),prod_served,6.869842042007669,6.679156720638275,7.058018100261688,209676.0,True,4249,54,clim,2.086868423896492,1.9639520168304443,2.2158480644226075,1.7691126108169555,2.448329484462738,203578.0,0.9961734194558622,False
D5,21,all,all,first-hour MAE (opening-aligned),prod_served_lin,7.075980918178523,6.887731397151947,7.269299006462097,209676.0,True,4249,54,clim,2.2968622591832126,2.16558837890625,2.4347207903862,1.971746063232422,2.6695469617843623,203578.0,0.9961734194558622,False
D5,21,all,all,first-hour MAE (opening-aligned),wt_med,5.06583841005724,4.915293025970459,5.228071212768555,206498.0,True,4383,54,clim,0.2983107840025392,0.234494411945343,0.35698293447494506,0.06420354843139649,0.5353619098663328,201632.0,0.9866510080250538,False
D5,30,all,all,first-hour MAE (opening-aligned),clim,4.867049058708132,4.7115471959114075,5.021163463592529,200841.0,True,4064,54,clim,,,,,,,,
D5,30,all,all,first-hour MAE (opening-aligned),h5,4.721219017196657,4.568010902404785,4.880758333206177,208180.0,True,4274,54,clim,-0.1412143390384193,-0.2152242422103882,-0.07553316354751587,-0.4275149703025818,0.12239239215850829,199588.0,0.9937612340109838,False
D5,30,all,all,first-hour MAE (opening-aligned),lvlh5_cbd,4.748958781348667,4.586694288253784,4.919121932983399,179532.0,True,3513,54,clim,-0.19079823816713315,-0.27364722490310667,-0.11712059974670411,-0.5028800845146179,0.06756221055984495,172094.0,0.8568668747915017,False
D5,30,all,all,first-hour MAE (opening-aligned),lvlh5_naive,4.801719191059039,4.635139548778534,4.959050726890564,208059.0,True,4265,54,clim,-0.05569757212035942,-0.13726199865341188,0.02435543537139892,-0.3806821584701538,0.2608495593070983,199508.0,0.9933629089677904,False
D5,30,all,all,first-hour MAE (opening-aligned),lvlh5_tft,4.788147808027344,4.620037508010864,4.950959432125091,204379.0,True,4183,54,clim,-0.07371234372490854,-0.15863393545150756,0.0045018315315246415,-0.3995825171470642,0.2334231972694394,195939.0,0.9755926329783261,False
D5,30,all,all,first-hour MAE (opening-aligned),oracle_level,4.603057005337083,4.462319874763489,4.7515488266944885,206832.0,True,4253,54,clim,-0.25144472238566173,-0.3314258217811584,-0.1782130837440491,-0.5396225452423096,-0.007310485839843787,198390.0,0.9877963164891631,True
D5,30,all,all,first-hour MAE (opening-aligned),oracle_shape,6.095436742654829,5.916708278656006,6.281610083580017,206258.0,True,4202,54,clim,1.2355543690726485,1.044311261177063,1.4239277720451355,0.5906806707382202,1.8367998123168945,198180.0,0.9867507132507805,False
D5,30,all,all,first-hour MAE (opening-aligned),prod_served,7.085759327882957,6.897863054275513,7.280152583122254,208059.0,True,4168,54,clim,2.206087360594796,2.079315447807312,2.3330987453460694,1.8907915949821472,2.587729477882385,200136.0,0.9964897605568585,False
D5,30,all,all,first-hour MAE (opening-aligned),prod_served_lin,7.305425984936965,7.1147305727005,7.5049295902252195,208059.0,True,4168,54,clim,2.4313291961466206,2.2978057146072386,2.5720621585845946,2.073979449272156,2.8409377098083497,200136.0,0.9964897605568585,False
D5,30,all,all,first-hour MAE (opening-aligned),wt_med,5.0211330693127465,4.86983689069748,5.179140198230743,204277.0,True,4213,54,clim,0.18290755793406355,0.12115914821624756,0.24250481128692628,-0.04118269681930541,0.399632716178894,198070.0,0.9862030163163896,False
D5,45,all,all,first-hour MAE (opening-aligned),clim,4.853288441322994,4.698944652080536,5.017091071605682,196917.0,True,3900,54,clim,,,,,,,,
D5,45,all,all,first-hour MAE (opening-aligned),h5,4.690342324411449,4.5368130803108215,4.840788006782532,204740.0,True,4113,54,clim,-0.16151733071288188,-0.21969151496887207,-0.10248370170593261,-0.3689963102340698,0.020316386222839343,195895.0,0.9948099960897231,False
D5,45,all,all,first-hour MAE (opening-aligned),lvlh5_cbd,4.289652127552662,4.061281526088715,4.5360489845275875,43612.0,True,1081,54,clim,-0.8539406691862705,-1.0052314043045043,-0.7237823009490967,-1.4496365666389466,-0.39258606433868426,41742.0,0.2119776352473377,True
D5,45,all,all,first-hour MAE (opening-aligned),lvlh5_naive,4.742355161991548,4.581858348846436,4.8921438455581665,204463.0,True,4099,54,clim,-0.10681965477254618,-0.16792715787887574,-0.04351929426193239,-0.3279648840427399,0.105704927444458,195697.0,0.9938044963106283,False
D5,45,all,all,first-hour MAE (opening-aligned),lvlh5_tft,4.748350065653382,4.5948794960975645,4.900235033035278,202479.0,True,4081,54,clim,-0.10115272521353269,-0.1678474187850952,-0.02988545894622803,-0.33509221076965334,0.11775916814804076,193774.0,0.9840389605772991,False
D5,45,all,all,first-hour MAE (opening-aligned),oracle_level,4.5943009998130595,4.447798025608063,4.747983968257904,203443.0,True,4102,54,clim,-0.2521752002392672,-0.3215907335281372,-0.1869557499885559,-0.47588452100753786,-0.054196345806121836,194765.0,0.9890715377544854,True
D5,45,all,all,first-hour MAE (opening-aligned),oracle_shape,6.021720510168835,5.850427258014679,6.197590458393097,201604.0,True,4037,54,clim,1.1355438574659296,0.9586548328399658,1.3129035115242005,0.530678391456604,1.7286776065826415,193570.0,0.9830029911079288,False
D5,45,all,all,first-hour MAE (opening-aligned),prod_served,6.951476688070833,6.769266605377197,7.13764990568161,200584.0,True,3958,54,clim,2.0796049782433847,1.950835359096527,2.2043360471725464,1.787117350101471,2.4042279601097105,193964.0,0.985003834102693,False
D5,45,all,all,first-hour MAE (opening-aligned),prod_served_lin,7.147595894986639,6.970460879802704,7.333173561096191,200584.0,True,3958,54,clim,2.279195495040317,2.1380833745002747,2.412400555610657,1.9629402160644531,2.6059238672256466,193964.0,0.985003834102693,False
D5,45,all,all,first-hour MAE (opening-aligned),wt_med,4.920695728315705,4.75883378982544,5.083233511447906,200998.0,True,4079,54,clim,0.07399721955748895,0.020851194858551025,0.12482373714447022,-0.1192628264427185,0.2601235151290893,194933.0,0.9899246890822021,False
D5,60,all,all,first-hour MAE (opening-aligned),clim,4.82073595746685,4.6602648258209225,4.975144231319428,191098.0,True,3794,54,clim,,,,,,,,
D5,60,all,all,first-hour MAE (opening-aligned),h5,4.663108047453491,4.505881214141846,4.809661507606506,201629.0,True,3968,54,clim,-0.13736691640378584,-0.19438571929931642,-0.08136997222900391,-0.389117169380188,0.04696006178855896,190200.0,0.995300840406493,False
D5,60,all,all,first-hour MAE (opening-aligned),lvlh5_naive,4.73397354533176,4.575885021686554,4.885170376300811,201373.0,True,3956,54,clim,-0.06344198375420174,-0.1257184863090515,-0.0017131328582763725,-0.3224350333213806,0.140922212600708,190003.0,0.9942699557295209,False
D5,60,all,all,first-hour MAE (opening-aligned),lvlh5_tft,1.3371019843101062,0.9216889441013336,1.8424615561962128,4334.0,True,168,54,clim,0.10417671166827391,0.024127548933029177,0.19987147152423854,-0.19099048376083375,1.0187019169330596,4148.0,0.021706140304974413,False
D5,60,all,all,first-hour MAE (opening-aligned),oracle_level,4.595070047551346,4.441911685466766,4.749730801582336,200389.0,True,3964,54,clim,-0.20325760821465888,-0.2674169898033142,-0.13762420415878296,-0.44590129852294924,-0.01634863615036019,189156.0,0.9898376749102554,True
D5,60,all,all,first-hour MAE (opening-aligned),oracle_shape,5.790362512701188,5.636017298698425,5.954013109207153,196518.0,True,3877,54,clim,0.9619155228745893,0.8103847861289978,1.1274139881134033,0.38434758186340334,1.5337131559848785,186626.0,0.9765983945410208,False
D5,60,all,all,first-hour MAE (opening-aligned),prod_served,1.890738060781476,1.3810787707567216,2.524463826417923,4146.0,True,163,54,clim,0.5862487852283769,0.3509483873844147,0.8808675110340118,0.19655664786696433,2.8243098974227903,4116.0,0.02153868695643073,False
D5,60,all,all,first-hour MAE (opening-aligned),prod_served_lin,1.9535395561987459,1.4350020289421082,2.597380256652832,4146.0,True,163,54,clim,0.6489006316812438,0.3999697506427765,0.92955764234066,0.2580095410346985,2.977517020702362,4116.0,0.02153868695643073,False
D5,60,all,all,first-hour MAE (opening-aligned),wt_med,4.823094995772002,4.66502081155777,4.976597952842712,197493.0,True,3939,54,clim,0.01758339659244257,-0.03571794033050537,0.07224099636077881,-0.21435883045196533,0.20164985656738277,189696.0,0.99266345016693,False
D5,90,all,all,first-hour MAE (opening-aligned),clim,4.958125755877817,4.786179101467132,5.1249207854270935,180254.0,True,3540,54,wt_med,0.24945922440514678,0.2005687475204468,0.3029125094413757,0.05591990947723389,0.519402289390564,179372.0,0.9492842211108465,False
D5,90,all,all,first-hour MAE (opening-aligned),h5,4.671316914985943,4.52037900686264,4.8290501713752745,192427.0,True,3703,54,wt_med,-0.0821683734222427,-0.11271201372146607,-0.054783880710601814,-0.1609039068222046,-0.02764078378677371,188955.0,1.0,True
D5,90,all,all,first-hour MAE (opening-aligned),lvlh5_naive,4.755799249451858,4.603254520893097,4.9210805058479306,192115.0,True,3692,54,wt_med,0.002756727591211039,-0.032818377017974854,0.04040536880493163,-0.07682989835739136,0.07997894287109372,188657.0,0.998422904924453,False
D5,90,all,all,first-hour MAE (opening-aligned),oracle_level,4.660735501553108,4.50974063873291,4.818184971809387,191305.0,True,3700,54,wt_med,-0.08637598390347279,-0.13580527305603027,-0.0384636163711548,-0.21208722591400145,0.031223356723785397,187912.0,0.9944801672355852,False
D5,90,all,all,first-hour MAE (opening-aligned),oracle_shape,5.5223157818030595,5.3642958998680115,5.6945040106773375,186955.0,True,3647,54,wt_med,0.7674547435339338,0.6273012399673462,0.9089005708694458,0.33782182931900023,1.1858587384223938,183525.0,0.9712629991267763,False
D5,90,all,all,first-hour MAE (opening-aligned),wt_med,4.743759096081077,4.586753523349762,4.8989199757575985,188955.0,True,3687,54,wt_med,,,,,,,,
UC3,0,all,all,"MAE, schedule known at origin",clim,8.36256354117248,8.163801074028015,8.567539095878601,2365002.0,True,4366,54,wt_med,0.3221967288271568,0.2432159185409546,0.4002549171447754,0.1394928574562073,0.5269269466400146,2355730.0,0.9344352682644327,False
UC3,0,all,all,"MAE, schedule known at origin",h5,8.019392643449816,7.842355668544769,8.197199869155884,2541028.0,True,4767,54,wt_med,-0.14577098257848142,-0.1601125955581665,-0.1326310634613037,-0.18122401237487792,-0.11163326501846314,2521020.0,1.0,True
UC3,0,all,all,"MAE, schedule known at origin",lvlh5_cbd,10.581710652267112,10.301012921333314,10.859332704544068,2125513.0,True,3686,54,wt_med,2.3312492402021885,2.1521800994873046,2.4954358100891114,1.8026916980743408,2.879568648338318,2111894.0,0.837714099848474,False
UC3,0,all,all,"MAE, schedule known at origin",lvlh5_naive,8.279903380203512,8.097483682632447,8.472527861595154,2460432.0,True,4700,54,wt_med,0.11694542907368266,0.05192408561706543,0.1827923536300659,-0.0041494131088256805,0.23249218463897706,2445500.0,0.9700438711315261,False
UC3,0,all,all,"MAE, schedule known at origin",lvlh5_tft,7.925008704220205,7.7520848393440245,8.10022509098053,2476135.0,True,4649,54,wt_med,-0.28635960232769886,-0.38997640609741213,-0.18454685211181646,-0.5023014545440674,-0.06279702186584474,2457256.0,0.9747070630141768,True
UC3,0,all,all,"MAE, schedule known at origin",oracle_level,5.408872925572878,5.302383458614349,5.522068083286285,2526131.0,True,4708,54,wt_med,-2.773885371220783,-2.897903120517731,-2.6506941676139832,-3.1691604375839235,-2.3846194744110107,2507556.0,0.994659304567199,True
UC3,0,all,all,"MAE, schedule known at origin",oracle_shape,7.140592297537239,6.959881234169006,7.339867532253265,2458758.0,True,4584,54,wt_med,-1.031074649688554,-1.1295510053634643,-0.9234803080558777,-1.328846538066864,-0.7375708818435669,2432738.0,0.964981634417815,True
UC3,0,all,all,"MAE, schedule known at origin",snaive7,8.634925068661717,8.409350848197937,8.874676847457886,2137290.0,True,4352,54,wt_med,0.6163518080670869,0.4524333357810974,0.7837344408035278,0.2777291536331177,0.9676936030387877,2127410.0,0.8438687515370763,False
UC3,0,all,all,"MAE, schedule known at origin",wt_med,8.1616803912702,7.98503485918045,8.347244334220886,2521020.0,True,4765,54,wt_med,,,,,,,,
UC3,1,all,all,"MAE, schedule known at origin",clim,8.4156860182439,8.214514207839965,8.62623155117035,2318364.0,True,4298,54,wt_med,0.25935112015005046,0.18085336685180664,0.33716182708740233,0.06479479074478149,0.4747293472290039,2308039.0,0.9362918520051032,False
UC3,1,all,all,"MAE, schedule known at origin",h5,8.132878716175856,7.949996614456177,8.315468072891235,2486057.0,True,4695,54,wt_med,-0.15352802236028218,-0.16856911182403564,-0.1403359651565552,-0.19056541919708253,-0.11740790605545046,2465085.0,1.0,True
UC3,1,all,all,"MAE, schedule known at origin",lvlh5_cbd,10.642129906191538,10.373052215576172,10.942997455596924,2049604.0,True,3596,54,wt_med,2.282564311124922,2.0965619564056395,2.4581724405288696,1.7479650735855103,2.8545998096466065,2036072.0,0.8259642162440646,False
UC3,1,all,all,"MAE, schedule known at origin",lvlh5_naive,8.317263618275593,8.129854726791383,8.517301273345947,2413350.0,True,4625,54,wt_med,0.029448306901436183,-0.03525199890136719,0.0962561845779419,-0.09702205657958984,0.1490401029586792,2397347.0,0.9725210286866376,False
UC3,1,all,all,"MAE, schedule known at origin",lvlh5_tft,8.072787759135979,7.892784464359283,8.271074533462524,2429301.0,True,4584,54,wt_med,-0.25713837476642887,-0.36618428230285643,-0.1514993667602539,-0.4851900815963745,-0.039226961135864255,2409546.0,0.977469742422675,True
UC3,1,all,all,"MAE, schedule known at origin",oracle_level,5.4304097773353215,5.327065539360047,5.546434557437896,2471227.0,True,4636,54,wt_med,-2.874473151656007,-2.999314856529236,-2.7548672795295714,-3.295974242687225,-2.449153459072113,2451747.0,0.9945892332313084,True
UC3,1,all,all,"MAE, schedule known at origin",oracle_shape,7.15023849318532,6.963652229309082,7.349289381504059,2413570.0,True,4519,54,wt_med,-1.1462644457307523,-1.2481179237365723,-1.0379501938819886,-1.4589821934700011,-0.8295481562614442,2385105.0,0.9675548713330372,True
UC3,1,all,all,"MAE, schedule known at origin",snaive7,8.64895049689971,8.42061116695404,8.89231343269348,2097707.0,True,4293,54,wt_med,0.5105273783770681,0.3399946212768555,0.6828226327896119,0.15978636741638183,0.8722452521324157,2085277.0,0.8459249883878244,False
UC3,1,all,all,"MAE, schedule known at origin",wt_med,8.282931217381956,8.099502420425415,8.466072583198548,2465085.0,True,4692,54,wt_med,,,,,,,,
UC3,2,all,all,"MAE, schedule known at origin",clim,8.421702688961282,8.222915291786194,8.629966878890992,2303157.0,True,4264,54,wt_med,0.23271832407104043,0.15384204387664796,0.30964045524597167,0.03355164527893067,0.4490108251571655,2292269.0,0.9381173065605666,False
UC3,2,all,all,"MAE, schedule known at origin",h5,8.166135090364929,7.983507037162781,8.347626781463623,2464839.0,True,4657,54,wt_med,-0.15558013004414128,-0.17049009799957277,-0.14203460216522218,-0.193375563621521,-0.11841082572937013,2443478.0,1.0,True
UC3,2,all,all,"MAE, schedule known at origin",lvlh5_cbd,10.671663237646278,10.394234108924866,10.954668331146241,2045931.0,True,3601,54,wt_med,2.3070889577923097,2.1269365549087524,2.4773897886276246,1.7560571789741517,2.8903229951858522,2032023.0,0.8316109250830169,False
UC3,2,all,all,"MAE, schedule known at origin",lvlh5_naive,8.32316350904381,8.137292885780335,8.525282430648804,2398540.0,True,4587,54,wt_med,0.0013858149497707473,-0.06578528881072998,0.06878261566162108,-0.12948583364486693,0.12503224611282346,2382006.0,0.9748424172429627,False
UC3,2,all,all,"MAE, schedule known at origin",lvlh5_tft,8.140292174891664,7.956370687484741,8.338317251205444,2410957.0,True,4553,54,wt_med,-0.2209333475224753,-0.32709674835205077,-0.11185419559478763,-0.4548448085784912,0.018791985511779637,2390961.0,0.9785072752854742,False
UC3,2,all,all,"MAE, schedule known at origin",oracle_level,5.430347266175774,5.325397574901581,5.547403037548065,2450208.0,True,4599,54,wt_med,-2.91041830724778,-3.035147547721863,-2.7889116764068604,-3.3432469844818113,-2.478079044818878,2430364.0,0.9946330599252378,True
UC3,2,all,all,"MAE, schedule known at origin",oracle_shape,7.1408056946750085,6.956979024410248,7.343006753921509,2399861.0,True,4487,54,wt_med,-1.1886391846930726,-1.2885449647903442,-1.077245557308197,-1.5056986451148986,-0.8747604489326477,2370252.0,0.9700320608575154,True
UC3,2,all,all,"MAE, schedule known at origin",snaive7,8.647800053492391,8.41511311531067,8.889057493209839,2086278.0,True,4262,54,wt_med,0.46765922872350707,0.29566421508789065,0.6430564880371094,0.1147953748703003,0.8304257631301878,2072616.0,0.848223720450931,False
UC3,2,all,all,"MAE, schedule known at origin",wt_med,8.319535105288445,8.136367011070252,8.501773977279663,2443478.0,True,4654,54,wt_med,,,,,,,,
UC3,3,all,all,"MAE, schedule known at origin",clim,8.407717265272481,8.213049840927123,8.613572573661804,2290656.0,True,4231,54,wt_med,0.19928513338883747,0.1219219207763672,0.2795687437057495,-0.0016529440879821747,0.4203794240951538,2279726.0,0.9392767029732505,False
UC3,3,all,all,"MAE, schedule known at origin",h5,8.183852236707452,8.005596041679382,8.370197415351868,2448778.0,True,4621,54,wt_med,-0.15831124943760244,-0.17364232540130614,-0.14438447952270508,-0.1971130132675171,-0.12057968378067017,2427108.0,1.0,True
UC3,3,all,all,"MAE, schedule known at origin",lvlh5_cbd,10.650062922156513,10.380576729774475,10.932789969444274,2081744.0,True,3664,54,wt_med,2.2521394462449145,2.071841669082642,2.4178706645965575,1.7021096229553223,2.8464176654815674,2066457.0,0.8514071067294904,False
UC3,3,all,all,"MAE, schedule known at origin",lvlh5_naive,8.318537327992084,8.139280915260315,8.518192195892334,2387909.0,True,4552,54,wt_med,-0.024990637132054516,-0.09254391193389892,0.04426963329315185,-0.16220033168792725,0.10095529556274413,2370973.0,0.9768716513645046,False
UC3,3,all,all,"MAE, schedule known at origin",lvlh5_tft,8.188876085219846,8.009715366363526,8.373625659942627,2398785.0,True,4522,54,wt_med,-0.1876109605835765,-0.29055291414260864,-0.08174104690551759,-0.4211906671524048,0.05271341800689693,2378576.0,0.9800041860518773,False
UC3,3,all,all,"MAE, schedule known at origin",oracle_level,5.425985915620501,5.322234845161438,5.542074167728424,2434265.0,True,4560,54,wt_med,-2.9355054119462567,-3.064469277858734,-2.8103567600250243,-3.369367229938507,-2.5024718046188354,2414150.0,0.9946611358044224,True
UC3,3,all,all,"MAE, schedule known at origin",oracle_shape,7.1228627308694925,6.938218510150909,7.324688601493835,2389688.0,True,4456,54,wt_med,-1.227967896522725,-1.3309725046157836,-1.1140680193901062,-1.550205683708191,-0.9114890098571778,2359467.0,0.9721310300159697,True
UC3,3,all,all,"MAE, schedule known at origin",prod_served,8.606792279787104,8.420122480392456,8.795874571800232,2350816.0,True,4324,54,wt_med,0.347223262892177,0.22352139949798583,0.4778208255767822,0.11188323497772217,0.598605179786682,2322222.0,0.9567856065737494,False
UC3,3,all,all,"MAE, schedule known at origin",prod_served_lin,8.578899730987027,8.392595505714416,8.766447114944459,2350816.0,True,4324,54,wt_med,0.3190785054142111,0.19557130336761475,0.4495846986770629,0.08029569387435913,0.5707892298698425,2322222.0,0.9567856065737494,False
UC3,3,all,all,"MAE, schedule known at origin",snaive7,8.639232246715446,8.403235363960267,8.880352067947388,2078897.0,True,4237,54,wt_med,0.42909407893366414,0.2519427061080933,0.6067675590515137,0.06789636611938477,0.7930765271186827,2064341.0,0.85053528726369,False
UC3,3,all,all,"MAE, schedule known at origin",wt_med,8.340716399929464,8.162783217430114,8.5277809381485,2427108.0,True,4618,54,wt_med,,,,,,,,
UC3,4,all,all,"MAE, schedule known at origin",clim,8.397336094075856,8.201653933525085,8.603804731369019,2279097.0,True,4202,54,wt_med,0.17431092740447163,0.09314465522766113,0.2570765972137451,-0.034765076637268064,0.40852284431457514,2267867.0,0.9401973701120758,False
UC3,4,all,all,"MAE, schedule known at origin",h5,8.196168848602019,8.019554138183594,8.382008814811707,2434154.0,True,4591,54,wt_med,-0.1595464805204383,-0.17519841194152833,-0.14551711082458496,-0.1986989736557007,-0.12142229080200197,2412118.0,1.0,True
UC3,4,all,all,"MAE, schedule known at origin",lvlh5_cbd,10.59560523566318,10.317255115509033,10.892120790481567,2092033.0,True,3684,54,wt_med,2.1923772321709674,2.008197855949402,2.3713974714279176,1.6315033674240111,2.787966513633728,2076028.0,0.8606660204849017,False
UC3,4,all,all,"MAE, schedule known at origin",lvlh5_naive,8.30054270559869,8.112914609909058,8.49390676021576,2377090.0,True,4522,54,wt_med,-0.056991160398141005,-0.12604682445526122,0.014579367637634264,-0.20061993598937988,0.0719762802124023,2359757.0,0.9782925213443123,False
UC3,4,all,all,"MAE, schedule known at origin",lvlh5_tft,8.257277190652616,8.071252369880677,8.452622413635254,2382412.0,True,4489,54,wt_med,-0.13276447759238508,-0.23241102695465088,-0.028813290596008345,-0.3788846254348755,0.1053877592086792,2361870.0,0.979168514973148,False
UC3,4,all,all,"MAE, schedule known at origin",oracle_level,5.39877419631272,5.299015176296234,5.506467115879059,2419662.0,True,4527,54,wt_med,-2.9771026645490384,-3.1027607798576353,-2.8547506809234617,-3.4082657217979433,-2.5429778814315798,2399213.0,0.9946499300614646,True
UC3,4,all,all,"MAE, schedule known at origin",oracle_shape,7.100894378577035,6.91556476354599,7.3005575299263,2379275.0,True,4428,54,wt_med,-1.2643507583174083,-1.3701038002967834,-1.1480597853660583,-1.5871872782707215,-0.9403890013694765,2348389.0,0.9735796507467711,True
UC3,4,all,all,"MAE, schedule known at origin",prod_served,8.702088033145477,8.51994755268097,8.88980929851532,2335643.0,True,4275,54,wt_med,0.4381889320009531,0.31263413429260256,0.5624837160110474,0.1769474983215332,0.688805329799652,2306650.0,0.9562757709199965,False
UC3,4,all,all,"MAE, schedule known at origin",prod_served_lin,8.673625153758515,8.49290053844452,8.862471103668213,2335643.0,True,4275,54,wt_med,0.4094285543970688,0.28484132289886477,0.5326974868774415,0.15053107738494875,0.6562885880470275,2306650.0,0.9562757709199965,False
UC3,4,all,all,"MAE, schedule known at origin",snaive7,8.61716620727088,8.379873085021973,8.861615562438965,2070836.0,True,4212,54,wt_med,0.38489917157793485,0.20791711807250976,0.5640418291091919,0.01688525676727295,0.7529654979705809,2054629.0,0.8517945639475349,False
UC3,4,all,all,"MAE, schedule known at origin",wt_med,8.355509349045112,8.175644755363464,8.543806266784667,2412118.0,True,4588,54,wt_med,,,,,,,,
UC3,5,all,all,"MAE, schedule known at origin",clim,8.378172454178056,8.18208076953888,8.585043621063232,2261853.0,True,4141,54,wt_med,0.16185754353187143,0.08233344554901123,0.24489548206329342,-0.061211466789245605,0.40354850292205807,2250133.0,0.9405813452360698,False
UC3,5,all,all,"MAE, schedule known at origin",h5,8.198148577428782,8.017407178878784,8.381164145469665,2414677.0,True,4543,54,wt_med,-0.15898848441172575,-0.17422564029693605,-0.14554362297058107,-0.198173451423645,-0.12072783708572388,2392279.0,1.0,True
UC3,5,all,all,"MAE, schedule known at origin",lvlh5_cbd,10.601848602724386,10.327422475814819,10.89284086227417,2080287.0,True,3653,54,wt_med,2.1452312044358006,1.9636327743530273,2.3155754089355467,1.57610023021698,2.7486832857131955,2063849.0,0.8627125013428618,False
UC3,5,all,all,"MAE, schedule known at origin",lvlh5_naive,8.26672143413567,8.086268377304076,8.455849361419677,2362365.0,True,4476,54,wt_med,-0.09090898169316475,-0.1587545394897461,-0.020359802246093767,-0.23841161727905275,0.04131592512130737,2344579.0,0.9800608541060637,False
UC3,5,all,all,"MAE, schedule known at origin",lvlh5_tft,8.253294404468974,8.07577097415924,8.444887685775758,2363993.0,True,4449,54,wt_med,-0.1341626622927965,-0.23168592453002929,-0.02603204250335695,-0.3742513179779053,0.10078103542327879,2343108.0,0.9794459592714729,False
UC3,5,all,all,"MAE, schedule known at origin",oracle_level,5.395251394507526,5.294554281234741,5.499998557567596,2400222.0,True,4483,54,wt_med,-2.982614762820872,-3.106369745731354,-2.8622971773147583,-3.409218943119049,-2.5608851671218873,2379485.0,0.9946519615814041,True
UC3,5,all,all,"MAE, schedule known at origin",oracle_shape,7.062954053103492,6.879973626136779,7.254006481170654,2365346.0,True,4388,54,wt_med,-1.3014922253699428,-1.408241331577301,-1.182814395427704,-1.631512200832367,-0.9741090297698977,2333430.0,0.9754004445133699,True
UC3,5,all,all,"MAE, schedule known at origin",prod_served,8.686303723146525,8.511192870140075,8.89487602710724,2315622.0,True,4204,54,wt_med,0.4294980265615802,0.2999929904937744,0.5682551622390747,0.1797313690185547,0.6953279733657837,2285858.0,0.9555148040843062,False
UC3,5,all,all,"MAE, schedule known at origin",prod_served_lin,8.658941528453262,8.484821963310242,8.866797947883606,2315622.0,True,4204,54,wt_med,0.401866552952983,0.2722758769989014,0.5416503190994262,0.151957368850708,0.6672946691513061,2285858.0,0.9555148040843062,False
UC3,5,all,all,"MAE, schedule known at origin",snaive7,8.58869814992484,8.363280963897704,8.825678038597108,2059592.0,True,4178,54,wt_med,0.3488644367966298,0.1786813259124756,0.5255104184150696,-0.025999581813812248,0.7214819312095639,2040089.0,0.8527805494258822,False
UC3,5,all,all,"MAE, schedule known at origin",wt_med,8.356398020465004,8.178998661041259,8.536271357536316,2392279.0,True,4540,54,wt_med,,,,,,,,
UC3,6,all,all,"MAE, schedule known at origin",clim,8.358200726329951,8.160527229309082,8.570282053947448,2246362.0,True,4085,54,clim,,,,,,,,
UC3,6,all,all,"MAE, schedule known at origin",h5,8.225225685810527,8.047075891494751,8.413308548927308,2394867.0,True,4498,54,clim,-0.2877362124029421,-0.3648656368255615,-0.21857278347015383,-0.5308590173721314,-0.05493185520172121,2239404.0,0.9969025473187314,True
UC3,6,all,all,"MAE, schedule known at origin",lvlh5_cbd,11.061607699463345,10.78119716644287,11.360946369171142,2063996.0,True,3622,54,clim,2.282981566591241,2.1151407957077026,2.4429867267608643,1.83891019821167,2.8118918180465697,1924215.0,0.8565916802367561,False
UC3,6,all,all,"MAE, schedule known at origin",lvlh5_naive,8.24113661211985,8.06726667881012,8.432775735855103,2347825.0,True,4431,54,clim,-0.3002448752469551,-0.39999797344207766,-0.1970311164855957,-0.521173894405365,-0.06863327026367201,2224538.0,0.9902847359419363,True
UC3,6,all,all,"MAE, schedule known at origin",lvlh5_tft,8.348454155792421,8.162949132919312,8.5354633808136,2343671.0,True,4406,54,clim,-0.35691911011890554,-0.47993528842926025,-0.24215513467788702,-0.5703841209411621,-0.13622298240661623,2191833.0,0.9757256399458324,True
UC3,6,all,all,"MAE, schedule known at origin",oracle_level,5.399057871720067,5.299536156654358,5.5067745566368105,2380554.0,True,4442,54,clim,-3.1182638490233057,-3.254443848133087,-2.9886729240417482,-3.5962913393974305,-2.652202391624451,2229340.0,0.9924224145529528,True
UC3,6,all,all,"MAE, schedule known at origin",oracle_shape,7.01239422675841,6.839739263057709,7.196093356609344,2352720.0,True,4351,54,clim,-1.512706352449471,-1.6603641986846924,-1.3519842505455018,-1.9144914150238037,-1.0888462901115419,2218461.0,0.9875794729433636,True
UC3,6,all,all,"MAE, schedule known at origin",prod_served,8.747053272958214,8.564666080474854,8.942567253112793,2296531.0,True,4132,54,clim,0.30397657186997584,0.15871376991271974,0.4468129396438598,0.10522022247314453,0.52786705493927,2225359.0,0.9906502157711001,False
UC3,6,all,all,"MAE, schedule known at origin",prod_served_lin,8.720635275552562,8.538368201255798,8.916519045829773,2296531.0,True,4132,54,clim,0.27720959854117844,0.13159101009368895,0.42130630016326903,0.0754544734954834,0.4987275123596191,2225359.0,0.9906502157711001,False
UC3,6,all,all,"MAE, schedule known at origin",snaive7,8.551994224164845,8.327959489822387,8.78601152896881,2049920.0,True,4141,54,clim,0.08126902679981818,-0.11079297065734862,0.26495602130889884,-0.2200977087020874,0.40102143287658687,1923931.0,0.8564652535967043,False
UC3,6,all,all,"MAE, schedule known at origin",wt_med,8.382921498206803,8.201373171806335,8.571646094322205,2371742.0,True,4495,54,clim,-0.12787308280234733,-0.2100658893585205,-0.05274333953857424,-0.3695331335067749,0.10557157993316645,2234055.0,0.9945213638763476,False
UC3,7,all,all,"MAE, schedule known at origin",clim,8.345719964389229,8.15197675228119,8.562457537651062,2231909.0,True,4045,54,clim,,,,,,,,
UC3,7,all,all,"MAE, schedule known at origin",h5,8.302530270534403,8.124043273925782,8.489468693733215,2371861.0,True,4449,54,clim,-0.21637099464116538,-0.2945170640945435,-0.148244047164917,-0.47111350297927856,0.02371144294738764,2224551.0,0.996703270608255,False
UC3,7,all,all,"MAE, schedule known at origin",lvlh5_cbd,11.12429572192924,10.844378781318664,11.428351998329163,2038057.0,True,3583,54,clim,2.4146287604733185,2.2440006732940674,2.5704526901245117,1.9842028141021728,2.9144503712654113,1906383.0,0.8541490714899218,False
UC3,7,all,all,"MAE, schedule known at origin",lvlh5_naive,8.61303151400862,8.434894633293151,8.807544136047364,2301973.0,True,4330,54,clim,0.11920716152043909,0.024008584022521973,0.21116094589233397,-0.11281051635742187,0.35458083152770997,2207837.0,0.9892146140366834,False
UC3,7,all,all,"MAE, schedule known at origin",lvlh5_tft,8.528389519507288,8.338687252998351,8.72592384815216,2314386.0,True,4341,54,clim,-0.14977948825696608,-0.2625109195709229,-0.03233480453491215,-0.3593631982803345,0.07578145265579221,2171590.0,0.972974256566912,False
UC3,7,all,all,"MAE, schedule known at origin",oracle_level,5.425037516105358,5.3222777366638185,5.534882521629333,2357525.0,True,4392,54,clim,-3.083191701558343,-3.2193192720413206,-2.956716001033783,-3.5627167344093325,-2.6192373275756835,2214508.0,0.9922035351799737,True
UC3,7,all,all,"MAE, schedule known at origin",oracle_shape,7.6064535460375975,7.410159409046173,7.8062263369560245,2305313.0,True,4226,54,clim,-0.8781903114719007,-1.0218827605247498,-0.7229005336761475,-1.3034053921699524,-0.4767982840538025,2201985.0,0.9865926433380573,True
UC3,7,all,all,"MAE, schedule known at origin",prod_served,8.95542183438104,8.769508409500123,9.163606023788452,2276877.0,True,4058,54,clim,0.5373093186391795,0.3916018962860107,0.6879121780395507,0.30096797943115233,0.7773966789245604,2209314.0,0.9898763793685137,False
UC3,7,all,all,"MAE, schedule known at origin",prod_served_lin,8.929130943393078,8.744752860069275,9.13673448562622,2276877.0,True,4058,54,clim,0.5108234954379505,0.36331117153167725,0.6622701168060302,0.2735799789428711,0.7526437520980834,2209314.0,0.9898763793685137,False
UC3,7,all,all,"MAE, schedule known at origin",wt_med,8.459918082119778,8.277230095863342,8.650940489768981,2347717.0,True,4445,54,clim,-0.054128924100263376,-0.13580071926116943,0.0178462266921997,-0.3030330777168274,0.1951885461807251,2218980.0,0.9942072011000449,False
UC3,10,all,all,"MAE, schedule known at origin",clim,8.219041569872779,8.03347635269165,8.439412379264832,2182903.0,True,3921,54,clim,,,,,,,,
UC3,10,all,all,"MAE, schedule known at origin",h5,8.317823146564331,8.138383793830872,8.509310626983643,2304558.0,True,4298,54,clim,-0.07365241026758795,-0.14732892513275148,-0.003955435752868655,-0.3372049808502197,0.18339747190475464,2174883.0,0.9963259934133583,False
UC3,10,all,all,"MAE, schedule known at origin",lvlh5_cbd,11.00290292449837,10.73112690448761,11.305145430564881,2010476.0,True,3514,54,clim,2.4259374784953796,2.26858913898468,2.580627918243408,2.0150262355804442,2.9410016536712646,1893235.0,0.8673014788105564,False
UC3,10,all,all,"MAE, schedule known at origin",lvlh5_naive,8.543753477311473,8.36727840900421,8.745865058898925,2249177.0,True,4183,54,clim,0.17764840332418252,0.08743209838867187,0.26965558528900146,-0.05908379554748535,0.4224528312683105,2159839.0,0.9894342533772688,False
UC3,10,all,all,"MAE, schedule known at origin",lvlh5_tft,8.576856594582535,8.39414348602295,8.776744174957276,2244949.0,True,4172,54,clim,0.040200451338071375,-0.07023398876190184,0.16187598705291745,-0.15610904693603514,0.25718165636062623,2120915.0,0.9716029525819516,False
UC3,10,all,all,"MAE, schedule known at origin",oracle_level,5.3961581653701955,5.295555603504181,5.506303489208221,2290582.0,True,4237,54,clim,-2.9745246440940276,-3.107973945140839,-2.8501506209373475,-3.4600359082221983,-2.5264990091323853,2165017.0,0.9918063239640057,True
UC3,10,all,all,"MAE, schedule known at origin",oracle_shape,7.510332716820088,7.328217601776123,7.714289450645447,2254540.0,True,4095,54,clim,-0.8463130213700945,-0.9886637091636657,-0.697094464302063,-1.2837178826332092,-0.4465628981590271,2154699.0,0.9870795908017901,True
UC3,10,all,all,"MAE, schedule known at origin",prod_served,9.043075606124908,8.844850993156433,9.250875353813171,2217241.0,True,3854,54,clim,0.8032243615963939,0.6566474676132202,0.9542679786682129,0.5575211524963379,1.0529539942741393,2161172.0,0.9900449080879911,False
UC3,10,all,all,"MAE, schedule known at origin",prod_served_lin,9.016205782321363,8.818591499328614,9.223635125160218,2217241.0,True,3854,54,clim,0.7759948652860587,0.6289852380752563,0.9263862371444702,0.5321203470230103,1.0256779789924622,2161172.0,0.9900449080879911,False
UC3,10,all,all,"MAE, schedule known at origin",wt_med,8.474398680973374,8.287179732322693,8.669014573097229,2279863.0,True,4294,54,clim,0.08914523534762608,0.007498407363891601,0.16318867206573484,-0.17214589118957518,0.3481352806091306,2168983.0,0.9936231706127117,False
UC3,14,all,all,"MAE, schedule known at origin",clim,8.092748445401162,7.9016065239906315,8.309877586364745,2109065.0,True,3732,54,clim,,,,,,,,
UC3,14,all,all,"MAE, schedule known at origin",h5,8.362590554169339,8.180854272842407,8.561483597755432,2209451.0,True,4074,54,clim,0.09855577878920485,0.023842620849609378,0.1678199529647827,-0.1745211362838745,0.38071966171264643,2100440.0,0.9959105101075595,False
UC3,14,all,all,"MAE, schedule known at origin",lvlh5_cbd,10.934043514657441,10.66954402923584,11.228975939750672,1910006.0,True,3302,54,clim,2.5107728704187053,2.3548468589782714,2.6712429761886596,2.0413859128952025,3.045552659034729,1814247.0,0.8602138862481716,False
UC3,14,all,all,"MAE, schedule known at origin",lvlh5_naive,8.657086127108178,8.473650288581847,8.869111609458923,2141390.0,True,3916,54,clim,0.5228714510584922,0.4242558002471924,0.6192036867141724,0.2521782398223877,0.7924608230590819,2080082.0,0.986257891530133,False
UC3,14,all,all,"MAE, schedule known at origin",lvlh5_tft,8.798163862502893,8.592376160621644,9.012830257415771,2166136.0,True,3975,54,clim,0.4455149693636873,0.3262341022491455,0.5607254266738891,0.24229860305786133,0.6711355686187744,2062208.0,0.9777830460417294,False
UC3,14,all,all,"MAE, schedule known at origin",oracle_level,5.388555812694899,5.287335288524628,5.505144858360291,2196185.0,True,4019,54,clim,-2.8458730645763337,-2.9782736778259276,-2.719050097465515,-3.3464924693107605,-2.393883526325226,2090968.0,0.9914194204540875,True
UC3,14,all,all,"MAE, schedule known at origin",oracle_shape,7.763664718253365,7.572515344619751,7.962911128997803,2145046.0,True,3767,54,clim,-0.3681495827070158,-0.5182900309562684,-0.21992367506027222,-0.8502014398574829,0.07413388490676878,2075508.0,0.9840891579918115,False
UC3,14,all,all,"MAE, schedule known at origin",prod_served,9.321247621884991,9.107250356674195,9.543042135238647,2131415.0,True,3595,54,clim,1.2616493364010442,1.1143590688705445,1.4150253176689147,0.9590004682540894,1.587152123451233,2083638.0,0.9879439467252076,False
UC3,14,all,all,"MAE, schedule known at origin",prod_served_lin,9.293770804840916,9.079045605659484,9.513021159172059,2131415.0,True,3595,54,clim,1.2337110620942795,1.0875840306282043,1.3868171334266663,0.9305311560630798,1.5532234668731688,2083638.0,0.9879439467252076,False
UC3,14,all,all,"MAE, schedule known at origin",wt_med,8.514155741552836,8.327312684059143,8.721557927131652,2183425.0,True,4070,54,clim,0.26118122606461647,0.18223707675933837,0.33561843633651733,-0.01125688552856445,0.5546683073043822,2094180.0,0.9929423701972201,False
UC3,21,all,all,"MAE, schedule known at origin",clim,8.127331450588994,7.928219258785248,8.351666688919067,1994252.0,True,3431,54,clim,,,,,,,,
UC3,21,all,all,"MAE, schedule known at origin",h5,8.367626674355503,8.18058431148529,8.574547958374023,2089610.0,True,3725,54,clim,0.13469706012918614,0.04736018180847169,0.20972542762756347,-0.14709651470184326,0.4381775379180908,1984577.0,0.995148556952682,False
UC3,21,all,all,"MAE, schedule known at origin",lvlh5_cbd,10.69237259907302,10.421527361869812,10.988569331169128,1812336.0,True,3027,54,clim,2.354689090660571,2.1988018274307253,2.5034430980682374,1.9012658953666688,2.8588756799697874,1720243.0,0.8626006141651106,False
UC3,21,all,all,"MAE, schedule known at origin",lvlh5_naive,8.73764260422512,8.551571273803711,8.951824927330017,2030567.0,True,3565,54,clim,0.6132402204294838,0.5040739297866821,0.7182742953300476,0.3317986726760864,0.9210274815559387,1964445.0,0.9850535438851259,False
UC3,21,all,all,"MAE, schedule known at origin",lvlh5_tft,8.778944463672762,8.57725887298584,8.992668628692627,2052228.0,True,3631,54,clim,0.48966485895186196,0.35733718872070314,0.6232607126235962,0.23552212715148926,0.7580848455429077,1951407.0,0.9785157542777944,False
UC3,21,all,all,"MAE, schedule known at origin",oracle_level,5.364089424728474,5.256450128555298,5.481808853149414,2077938.0,True,3681,54,clim,-2.8740332050849045,-3.0128725290298464,-2.7392187476158143,-3.411403012275696,-2.384151899814606,1975726.0,0.9907103014062415,True
UC3,21,all,all,"MAE, schedule known at origin",oracle_shape,7.911211790146302,7.704823100566864,8.118610262870789,2035267.0,True,3421,54,clim,-0.20685014397123425,-0.377735435962677,-0.04849231243133546,-0.7135270237922668,0.28498476743698115,1960819.0,0.983235318304808,False
UC3,21,all,all,"MAE, schedule known at origin",prod_served,9.411944226210268,9.187572145462036,9.638139772415162,2039094.0,True,3337,54,clim,1.3143112161159998,1.1445074796676635,1.488089144229889,0.9434315919876098,1.6837002754211423,1974088.0,0.989888940815905,False
UC3,21,all,all,"MAE, schedule known at origin",prod_served_lin,9.38347662000869,9.15896761417389,9.610148596763612,2039094.0,True,3337,54,clim,1.2850152830066346,1.1155808806419372,1.4602717876434326,0.9101922750473023,1.661914873123169,1974088.0,0.989888940815905,False
UC3,21,all,all,"MAE, schedule known at origin",wt_med,8.530064076465228,8.343064022064208,8.745131182670594,2063160.0,True,3716,54,clim,0.30175064041346467,0.20731970071792602,0.3882610321044922,0.018220520019531252,0.603572690486908,1978019.0,0.9918601059444845,False
UC3,30,all,all,"MAE, schedule known at origin",clim,8.275453906550759,8.063987159729004,8.527665615081787,1787152.0,True,2974,54,clim,,,,,,,,
UC3,30,all,all,"MAE, schedule known at origin",h5,8.294495739617677,8.085980558395386,8.533955764770507,1881756.0,True,3138,54,clim,0.03323791482613281,-0.06515014171600342,0.12152090072631834,-0.26948182582855223,0.3431018590927124,1780053.0,0.9960277581313732,False
UC3,30,all,all,"MAE, schedule known at origin",lvlh5_cbd,10.666448332913799,10.373444485664368,10.997215723991394,1648670.0,True,2583,54,clim,2.3118590629956977,2.1370962619781495,2.4813870191574097,1.8090455412864686,2.850743722915649,1557434.0,0.8714614089903937,False
UC3,30,all,all,"MAE, schedule known at origin",lvlh5_naive,8.764272882027516,8.563660144805908,8.987955451011658,1849157.0,True,3055,54,clim,0.5188157826528812,0.39235587120056153,0.6431890249252319,0.18434267044067384,0.8961232542991638,1767534.0,0.9890227579970814,False
UC3,30,all,all,"MAE, schedule known at origin",lvlh5_tft,8.850062519441003,8.632918238639832,9.071580862998962,1839620.0,True,3060,54,clim,0.5864040794257068,0.43367326259613037,0.7305803298950195,0.25858407020568847,0.9562473297119141,1740518.0,0.9739059688263785,False
UC3,30,all,all,"MAE, schedule known at origin",oracle_level,5.256307818303867,5.135491645336151,5.392890441417694,1872551.0,True,3110,54,clim,-3.062551912379708,-3.2141313672065737,-2.9298492670059204,-3.5906144976615906,-2.5404704332351686,1772545.0,0.9918266605190829,True
UC3,30,all,all,"MAE, schedule known at origin",oracle_shape,7.959691653077349,7.744585728645324,8.182984924316406,1854265.0,True,3003,54,clim,-0.27697507981378955,-0.46769702434539795,-0.09817335605621356,-0.8804192304611206,0.28524439334869384,1763690.0,0.9868718497363402,False
UC3,30,all,all,"MAE, schedule known at origin",prod_served,9.728154426876939,9.49161114692688,9.972600030899049,1861075.0,True,2985,54,clim,1.4968664515933021,1.2959919691085815,1.6868380546569823,1.0462644577026368,1.9802259206771848,1777378.0,0.9945309632308835,False
UC3,30,all,all,"MAE, schedule known at origin",prod_served_lin,9.697268849992613,9.460702061653137,9.940897035598756,1861075.0,True,2985,54,clim,1.4648987863020704,1.2665842056274415,1.6550097227096556,1.0130232572555542,1.9529253959655761,1777378.0,0.9945309632308835,False
UC3,30,all,all,"MAE, schedule known at origin",wt_med,8.462712984173738,8.258748507499694,8.700311040878296,1855713.0,True,3131,54,clim,0.1975223803188495,0.09513111114501953,0.28917155265808103,-0.11305439472198486,0.5181883811950683,1773880.0,0.9925736590955889,False
UC3,45,all,all,"MAE, schedule known at origin",clim,8.04998257349704,7.818912768363953,8.29885654449463,1635440.0,True,2677,54,clim,,,,,,,,
UC3,45,all,all,"MAE, schedule known at origin",h5,8.037984665371264,7.825624680519104,8.289972424507141,1710149.0,True,2710,54,clim,0.031599376637817755,-0.050929927825927736,0.11239763498306272,-0.2492586374282837,0.326652467250824,1626021.0,0.9942406936359635,False
UC3,45,all,all,"MAE, schedule known at origin",lvlh5_cbd,12.247063523984513,11.63253128528595,12.918132829666138,305130.0,True,648,54,clim,1.2940471260829227,0.8795477390289307,1.690944957733154,0.35500714778900144,2.1202211141586305,290743.0,0.17777662280487208,False
UC3,45,all,all,"MAE, schedule known at origin",lvlh5_naive,8.60947791504692,8.398733210563659,8.852517771720887,1677983.0,True,2701,54,clim,0.6083671234307868,0.4836671590805054,0.7194424867630005,0.24774522781372071,0.9959426641464232,1607680.0,0.9830259746612532,False
UC3,45,all,all,"MAE, schedule known at origin",lvlh5_tft,8.581599350601179,8.36514642238617,8.812931728363036,1687115.0,True,2687,54,clim,0.5802215637754067,0.442706298828125,0.7126851677894592,0.232840633392334,0.9371951341629027,1604731.0,0.9812227901971335,False
UC3,45,all,all,"MAE, schedule known at origin",oracle_level,5.153506967211064,5.025505268573761,5.292792797088623,1701526.0,True,2705,54,clim,-2.9352725416048226,-3.0874744057655334,-2.7925660490989683,-3.491822338104248,-2.3966002345085147,1618985.0,0.9899384875018343,True
UC3,45,all,all,"MAE, schedule known at origin",oracle_shape,7.939252630561315,7.712725269794464,8.179112100601197,1686732.0,True,2678,54,clim,-0.04968869494992845,-0.23005070686340331,0.12876591682434071,-0.6778417706489563,0.5444050192832945,1605380.0,0.9816196252996136,False
UC3,45,all,all,"MAE, schedule known at origin",prod_served,9.317283919681936,9.086076736450195,9.549573063850403,1676136.0,True,2652,54,clim,1.3416036111597496,1.1660168886184692,1.5262790799140928,0.888855242729187,1.83519252538681,1604803.0,0.9812668150467152,False
UC3,45,all,all,"MAE, schedule known at origin",prod_served_lin,9.29021257821561,9.060699963569641,9.523554968833924,1676136.0,True,2652,54,clim,1.313254259245527,1.1373133897781371,1.4980991244316102,0.8562813043594361,1.8081160902976987,1604803.0,0.9812668150467152,False
UC3,45,all,all,"MAE, schedule known at origin",wt_med,8.195901994020799,7.978758585453034,8.44754500389099,1677816.0,True,2706,54,clim,0.1640140629285778,0.07984304428100586,0.24664182662963866,-0.12055332660675049,0.4696406602859497,1618724.0,0.9897788974221005,False
UC3,60,all,all,"MAE, schedule known at origin",clim,7.738599789289663,7.498679339885712,7.99218909740448,1381992.0,True,2279,54,clim,,,,,,,,
UC3,60,all,all,"MAE, schedule known at origin",h5,7.8631139708397075,7.620070064067841,8.117253875732422,1476597.0,True,2323,54,clim,0.10606730365163664,0.022101306915283205,0.1903552770614624,-0.21994249820709227,0.4229009985923767,1375438.0,0.995257570231955,False
UC3,60,all,all,"MAE, schedule known at origin",lvlh5_naive,8.390578990838634,8.151043105125428,8.643710660934449,1432773.0,True,2312,54,clim,0.6890348740130054,0.5585138320922851,0.8160904884338379,0.2853567123413086,1.1006620764732358,1351850.0,0.97818945406341,False
UC3,60,all,all,"MAE, schedule known at origin",lvlh5_tft,3.300381505493184,2.320236712694168,4.527297937870025,37034.0,True,107,54,clim,0.18795269300853867,-0.349221408367157,0.7896380424499511,-1.6811292052268982,1.8349596023559567,35317.0,0.025555140695459888,False
UC3,60,all,all,"MAE, schedule known at origin",oracle_level,5.087758625499902,4.949582350254059,5.239122092723846,1468922.0,True,2323,54,clim,-2.741036393792352,-2.9042887687683105,-2.5858728289604187,-3.348683941364288,-2.1975904941558837,1369403.0,0.9908906853295822,True
UC3,60,all,all,"MAE, schedule known at origin",oracle_shape,7.777847184736608,7.544000041484833,8.032005047798156,1446527.0,True,2286,54,clim,0.09981945544127502,-0.08169367313385009,0.2855854511260986,-0.5023026466369629,0.6904751539230346,1347359.0,0.9749397970465821,False
UC3,60,all,all,"MAE, schedule known at origin",prod_served,3.4651950576148827,2.408383935689926,4.816666042804718,36015.0,True,106,54,clim,0.17932814326860003,-0.48128665089607237,0.8988134741783141,-2.2429765105247497,1.7129381656646727,35067.0,0.025374242397929944,False
UC3,60,all,all,"MAE, schedule known at origin",prod_served_lin,3.464903512425378,2.4069713354110718,4.8186627388000485,36015.0,True,106,54,clim,0.17902871645706808,-0.47881675958633424,0.8989774107933044,-2.233476614952087,1.7069622755050655,35067.0,0.025374242397929944,False
UC3,60,all,all,"MAE, schedule known at origin",wt_med,7.983935171429444,7.741079473495484,8.239984583854675,1440476.0,True,2323,54,clim,0.20104418637741794,0.12018462419509887,0.28990664482116696,-0.11321847438812256,0.5192489266395569,1370445.0,0.991644669433687,False
UC3,90,all,all,"MAE, schedule known at origin",clim,6.95650912417124,6.690906989574432,7.217129743099212,959868.0,True,1505,54,wt_med,0.3309878303301099,0.2494895339012146,0.4137230277061462,0.03971878290176392,0.6489175796508788,952532.0,0.9548714350157886,False
UC3,90,all,all,"MAE, schedule known at origin",h5,6.580316568133855,6.320354783535004,6.819172132015228,1025885.0,True,1530,54,wt_med,-0.052724738108365976,-0.06855337619781494,-0.03835487365722657,-0.09927191734313964,-0.013914108276367198,997550.0,1.0,True
UC3,90,all,all,"MAE, schedule known at origin",lvlh5_naive,7.17397606688115,6.899951922893524,7.443297815322876,995298.0,True,1528,54,wt_med,0.5834715508090964,0.5005251288414001,0.6838830947875977,0.4285499930381775,0.7301339030265808,970289.0,0.9726720465139592,False
UC3,90,all,all,"MAE, schedule known at origin",oracle_level,4.450757015903309,4.30088176727295,4.591964662075043,1021711.0,True,1530,54,wt_med,-2.2589334801371663,-2.410404825210571,-2.1039461851119996,-2.843053388595581,-1.7815914928913117,994021.0,0.9964623327151522,True
UC3,90,all,all,"MAE, schedule known at origin",oracle_shape,6.545589073712017,6.2790213346481325,6.815219581127167,1011551.0,True,1506,54,wt_med,-0.021442671416137316,-0.16537259817123412,0.13109667301177977,-0.37667887210845946,0.30134309530258174,965480.0,0.9678512355270412,False
UC3,90,all,all,"MAE, schedule known at origin",wt_med,6.6720329808029675,6.414453542232513,6.920468044281006,997550.0,True,1530,54,wt_med,,,,,,,,
D5,0,all,all,"first-hour MAE, schedule known at origin",clim,4.615064271634415,4.451431858539581,4.7802201271057125,180095.0,True,3787,54,clim,,,,,,,,
D5,0,all,all,"first-hour MAE, schedule known at origin",h5,4.224651897203894,4.083806204795837,4.373579466342926,186116.0,True,4129,54,clim,-0.48666715818291095,-0.5688003301620483,-0.4070711135864258,-0.8048487186431885,-0.23032056093215944,179716.0,0.9978955551236848,True
D5,0,all,all,"first-hour MAE, schedule known at origin",lvlh5_cbd,4.3729089536797865,4.215758538246154,4.54008378982544,153691.0,True,3232,54,clim,-0.4704609996848328,-0.5590721249580384,-0.38712438344955447,-0.8221259355545044,-0.17673286199569707,149127.0,0.828046308892529,True
D5,0,all,all,"first-hour MAE, schedule known at origin",lvlh5_naive,4.224651897203894,4.083806204795837,4.373579466342926,186116.0,True,4129,54,clim,-0.48666715818291095,-0.5688003301620483,-0.4070711135864258,-0.8048487186431885,-0.23032056093215944,179716.0,0.9978955551236848,True
D5,0,all,all,"first-hour MAE, schedule known at origin",lvlh5_tft,4.251787254213677,4.1051619291305546,4.405721187591553,180899.0,True,4026,54,clim,-0.5052211601241678,-0.5903116583824157,-0.42455464601516724,-0.8379862666130066,-0.23878266215324404,174602.0,0.9694994308559371,True
D5,0,all,all,"first-hour MAE, schedule known at origin",oracle_level,4.210653733378055,4.07444976568222,4.354250848293304,184846.0,True,4104,54,clim,-0.4907469896387573,-0.5733217477798462,-0.41083831787109376,-0.8108666658401489,-0.23437131047248846,178550.0,0.9914211943696383,True
D5,0,all,all,"first-hour MAE, schedule known at origin",oracle_shape,4.914861880030898,4.759002697467804,5.097064900398254,182604.0,True,4031,54,clim,0.2312301158373078,0.06294503211975097,0.4132291078567505,-0.36246931552886963,0.7332386434078212,177699.0,0.9866959104916849,False
D5,0,all,all,"first-hour MAE, schedule known at origin",snaive7,4.884303272230684,4.688201320171356,5.100407671928406,152312.0,True,3593,54,clim,0.19025326529656805,0.04808623790740967,0.34121915102004996,-0.09691177606582642,0.46082407236099243,149527.0,0.8302673588939171,False
D5,0,all,all,"first-hour MAE, schedule known at origin",wt_med,4.674802785485012,4.515200364589691,4.838287556171417,183810.0,True,4077,54,clim,0.01205752707419716,-0.059027326107025144,0.0845489263534546,-0.20589005947113037,0.22609738111495972,178768.0,0.9926316666203948,False
D5,1,all,all,"first-hour MAE, schedule known at origin",clim,4.656640576398864,4.497365915775299,4.821058249473571,176822.0,True,3727,54,clim,,,,,,,,
D5,1,all,all,"first-hour MAE, schedule known at origin",h5,4.284317552943755,4.142520642280578,4.4343170642852785,182505.0,True,4058,54,clim,-0.46962475406954685,-0.5544055342674256,-0.3920918345451355,-0.8039299130439759,-0.19613069891929627,176371.0,0.997449412403434,True
D5,1,all,all,"first-hour MAE, schedule known at origin",lvlh5_cbd,4.4456218805480185,4.2813536643981935,4.616163015365601,149265.0,True,3138,54,clim,-0.4415940616265823,-0.5386384844779968,-0.35739659070968627,-0.8029019474983216,-0.1292631804943085,144905.0,0.8194964427503365,True
D5,1,all,all,"first-hour MAE, schedule known at origin",lvlh5_naive,4.284317552943755,4.142520642280578,4.4343170642852785,182505.0,True,4058,54,clim,-0.46962475406954685,-0.5544055342674256,-0.3920918345451355,-0.8039299130439759,-0.19613069891929627,176371.0,0.997449412403434,True
D5,1,all,all,"first-hour MAE, schedule known at origin",lvlh5_tft,4.309338114259069,4.163759708404541,4.463690018653869,177999.0,True,3964,54,clim,-0.4828352926470503,-0.5682093501091003,-0.401396369934082,-0.8189946055412293,-0.20606703758239747,171999.0,0.9727239823098935,True
D5,1,all,all,"first-hour MAE, schedule known at origin",oracle_level,4.271040218470705,4.126369440555573,4.417954397201538,181260.0,True,4034,54,clim,-0.47247281988357503,-0.5573273062705993,-0.39358440637588504,-0.8057952404022217,-0.19947186112403875,175220.0,0.9909400413975636,True
D5,1,all,all,"first-hour MAE, schedule known at origin",oracle_shape,4.92520539368343,4.764233565330505,5.113599395751953,179476.0,True,3973,54,clim,0.20076921716076068,0.036872160434722905,0.38201080560684203,-0.4207491993904114,0.7386030912399291,174539.0,0.9870887106807976,False
D5,1,all,all,"first-hour MAE, schedule known at origin",snaive7,4.897183653570021,4.692681527137756,5.119466769695282,149733.0,True,3543,54,clim,0.1692006152254697,0.021436822414398194,0.32552413940429686,-0.1142783522605896,0.4538519501686094,146938.0,0.8309938808519302,False
D5,1,all,all,"first-hour MAE, schedule known at origin",wt_med,4.755000861020226,4.594091427326203,4.926068234443664,180019.0,True,4002,54,clim,0.05243044068492608,-0.019000375270843504,0.12101613283157349,-0.17731887102127075,0.27906494140625,175318.0,0.9914942710748662,False
D5,2,all,all,"first-hour MAE, schedule known at origin",clim,4.675721421906648,4.51615742444992,4.846015095710754,175764.0,True,3696,54,clim,,,,,,,,
D5,2,all,all,"first-hour MAE, schedule known at origin",h5,4.302933786110897,4.158887910842895,4.451180243492127,181178.0,True,4020,54,clim,-0.4674002966851143,-0.5535196661949158,-0.38692893981933596,-0.811585807800293,-0.18413244485855104,175270.0,0.9971894130766255,True
D5,2,all,all,"first-hour MAE, schedule known at origin",lvlh5_cbd,4.458253120354622,4.290199601650238,4.625499200820923,149342.0,True,3131,54,clim,-0.439042667245813,-0.5326980113983154,-0.34914822578430177,-0.8135864615440368,-0.11373869180679327,145041.0,0.8252031132655151,True
D5,2,all,all,"first-hour MAE, schedule known at origin",lvlh5_naive,4.302933786110897,4.158887910842895,4.451180243492127,181178.0,True,4020,54,clim,-0.4674002966851143,-0.5535196661949158,-0.38692893981933596,-0.811585807800293,-0.18413244485855104,175270.0,0.9971894130766255,True
D5,2,all,all,"first-hour MAE, schedule known at origin",lvlh5_tft,4.325872419971063,4.178670084476471,4.476926708221436,176936.0,True,3932,54,clim,-0.47757810537874334,-0.5669462561607361,-0.3949541926383972,-0.8182970881462097,-0.1932050943374634,171211.0,0.9740959468378052,True
D5,2,all,all,"first-hour MAE, schedule known at origin",oracle_level,4.289221625106286,4.145822608470917,4.434002041816711,179939.0,True,3997,54,clim,-0.47062797201993956,-0.5574326872825622,-0.3898186802864075,-0.8137339115142822,-0.18928859233856207,174124.0,0.9906693065701736,True
D5,2,all,all,"first-hour MAE, schedule known at origin",oracle_shape,4.923603258214568,4.765880930423736,5.109019112586975,178558.0,True,3944,54,clim,0.18061242572278413,0.01046900749206543,0.36596217155456545,-0.44701504707336426,0.721546697616577,173563.0,0.9874775266835074,False
D5,2,all,all,"first-hour MAE, schedule known at origin",snaive7,4.896856080437088,4.692977929115296,5.119230818748474,148986.0,True,3521,54,clim,0.15128936691366057,-0.002767264842987059,0.30641423463821404,-0.14322102069854736,0.4460944056510925,146157.0,0.8315525363555677,False
D5,2,all,all,"first-hour MAE, schedule known at origin",wt_med,4.780741881298992,4.618330764770508,4.952581417560578,178600.0,True,3960,54,clim,0.06130615760011526,-0.010606586933135985,0.13388904333114623,-0.17869502305984497,0.29953011274337765,174175.0,0.9909594683780524,False
D5,3,all,all,"first-hour MAE, schedule known at origin",clim,4.672854783120616,4.507165765762329,4.840147709846496,174959.0,True,3670,54,clim,,,,,,,,
D5,3,all,all,"first-hour MAE, schedule known at origin",h5,4.307590028853624,4.160693693161011,4.455128908157349,180220.0,True,3989,54,clim,-0.45299352287057193,-0.5393985748291016,-0.3730923175811768,-0.8038198590278626,-0.16398401856422432,174460.0,0.9971479032230408,True
D5,3,all,all,"first-hour MAE, schedule known at origin",lvlh5_cbd,4.444691607018099,4.288457942008972,4.613162994384766,151722.0,True,3178,54,clim,-0.42381059778738006,-0.5193802356719971,-0.33673599958419803,-0.7949305534362793,-0.10928283929824834,147427.0,0.8426374179093388,True
D5,3,all,all,"first-hour MAE, schedule known at origin",lvlh5_naive,4.307590028853624,4.160693693161011,4.455128908157349,180220.0,True,3989,54,clim,-0.45299352287057193,-0.5393985748291016,-0.3730923175811768,-0.8038198590278626,-0.16398401856422432,174460.0,0.9971479032230408,True
D5,3,all,all,"first-hour MAE, schedule known at origin",lvlh5_tft,4.330351267564088,4.179571342468262,4.483013761043549,176283.0,True,3905,54,clim,-0.45940326463903247,-0.5444641351699829,-0.3772936224937439,-0.8123210191726684,-0.16554923653602607,170708.0,0.9757028789602136,True
D5,3,all,all,"first-hour MAE, schedule known at origin",oracle_level,4.293768646501442,4.148292887210846,4.439627397060394,178988.0,True,3967,54,clim,-0.45648940957898,-0.5418737411499024,-0.3755812764167786,-0.8064454793930054,-0.16500580906867987,173317.0,0.9906149440726113,True
D5,3,all,all,"first-hour MAE, schedule known at origin",oracle_shape,4.919451882205137,4.757529973983765,5.106916189193726,177851.0,True,3917,54,clim,0.18442442099585765,0.009172439575195314,0.37189781665801996,-0.45117515325546265,0.7243081092834469,172797.0,0.9876428191747781,False
D5,3,all,all,"first-hour MAE, schedule known at origin",prod_served,6.36990994628178,6.191804718971253,6.559549796581268,178338.0,True,3836,54,clim,1.5864837199673358,1.4715538620948792,1.7022389769554138,1.2987133622169496,1.8710086703300475,173894.0,0.9939128595842455,False
D5,3,all,all,"first-hour MAE, schedule known at origin",prod_served_lin,6.520641282284202,6.341448593139648,6.714497303962707,178338.0,True,3836,54,clim,1.738845934879869,1.6227716565132142,1.859299612045288,1.4438627004623412,2.0376078605651857,173894.0,0.9939128595842455,False
D5,3,all,all,"first-hour MAE, schedule known at origin",snaive7,4.897310002963442,4.6938533067703245,5.120256924629212,148476.0,True,3503,54,clim,0.15158789027623243,4.854202270507924e-05,0.3085082650184631,-0.14888752698898314,0.4427416801452636,145602.0,0.8322064026429049,False
D5,3,all,all,"first-hour MAE, schedule known at origin",wt_med,4.7993860365561725,4.6385069489479065,4.970399105548859,177535.0,True,3925,54,clim,0.08738670651289748,0.01798825263977051,0.1601063013076782,-0.15111449956893921,0.3256613969802856,173333.0,0.9907063940694677,False
D5,4,all,all,"first-hour MAE, schedule known at origin",clim,4.663616328919956,4.4997095465660095,4.832696616649628,174243.0,True,3646,54,clim,,,,,,,,
D5,4,all,all,"first-hour MAE, schedule known at origin",h5,4.313876945069889,4.16571078300476,4.4626435279846195,179428.0,True,3960,54,clim,-0.43456569223331165,-0.5244857549667359,-0.3542311191558838,-0.7775431752204895,-0.1437229573726655,173742.0,0.9971247051531482,True
D5,4,all,all,"first-hour MAE, schedule known at origin",lvlh5_cbd,4.445292501870594,4.288667619228363,4.615240633487701,152358.0,True,3191,54,clim,-0.4207920583151008,-0.5170039534568787,-0.3348251819610596,-0.7888302803039551,-0.10963417291641236,148092.0,0.8499164959281004,True
D5,4,all,all,"first-hour MAE, schedule known at origin",lvlh5_naive,4.313876945069889,4.16571078300476,4.4626435279846195,179428.0,True,3960,54,clim,-0.43456569223331165,-0.5244857549667359,-0.3542311191558838,-0.7775431752204895,-0.1437229573726655,173742.0,0.9971247051531482,True
D5,4,all,all,"first-hour MAE, schedule known at origin",lvlh5_tft,4.334942896729462,4.183332014083862,4.486958074569702,175384.0,True,3874,54,clim,-0.4414985544112531,-0.5299723386764527,-0.35768340826034545,-0.7948466539382935,-0.14916197657585145,169827.0,0.9746560837451146,True
D5,4,all,all,"first-hour MAE, schedule known at origin",oracle_level,4.2999472496885485,4.149573230743409,4.445853662490845,178198.0,True,3938,54,clim,-0.43777954646844464,-0.5282168865203858,-0.35694719552993776,-0.780784261226654,-0.14759873151779185,172601.0,0.9905763789650086,True
D5,4,all,all,"first-hour MAE, schedule known at origin",oracle_shape,4.910631871825937,4.747127878665924,5.100374412536621,177202.0,True,3893,54,clim,0.1868778532646136,0.012077629566192634,0.3729945182800293,-0.45009024143218995,0.7365566253662106,172109.0,0.9877527361213937,False
D5,4,all,all,"first-hour MAE, schedule known at origin",prod_served,6.408342808253876,6.224607634544372,6.60104569196701,177662.0,True,3799,54,clim,1.644215119299096,1.5306158781051635,1.763674509525299,1.3528544187545777,1.9247371912002564,173262.0,0.9943699316471823,False
D5,4,all,all,"first-hour MAE, schedule known at origin",prod_served_lin,6.568443870945954,6.3840493083000185,6.7615139245986935,177662.0,True,3799,54,clim,1.8061815343237413,1.6820154547691346,1.9289900302886962,1.5026631951332092,2.094572281837463,173262.0,0.9943699316471823,False
D5,4,all,all,"first-hour MAE, schedule known at origin",snaive7,4.893796636747053,4.686264145374298,5.115920901298523,147952.0,True,3484,54,clim,0.16036337309522164,0.010481631755828866,0.315414822101593,-0.14710719585418702,0.45445408821105954,145030.0,0.8323433366046269,False
D5,4,all,all,"first-hour MAE, schedule known at origin",wt_med,4.806419391168031,4.640574753284454,4.976125466823578,176699.0,True,3895,54,clim,0.10257331425028582,0.033056652545928954,0.17539795637130737,-0.13966722488403321,0.335799467563629,172579.0,0.9904501185126519,False
D5,5,all,all,"first-hour MAE, schedule known at origin",clim,4.648170721139682,4.4875009775161745,4.81790132522583,173101.0,True,3602,54,clim,,,,,,,,
D5,5,all,all,"first-hour MAE, schedule known at origin",h5,4.3151326014745655,4.169803273677826,4.464083659648895,178222.0,True,3920,54,clim,-0.421987449153427,-0.507261085510254,-0.339031732082367,-0.7668400347232819,-0.12988598942756654,172578.0,0.9969786425266174,True
D5,5,all,all,"first-hour MAE, schedule known at origin",lvlh5_cbd,4.4581669875450824,4.296289765834809,4.627976822853088,151667.0,True,3161,54,clim,-0.40974295894129575,-0.5001898407936096,-0.3198056697845459,-0.7752341747283935,-0.09841787815093997,147350.0,0.8512371390113287,True
D5,5,all,all,"first-hour MAE, schedule known at origin",lvlh5_naive,4.3151326014745655,4.169803273677826,4.464083659648895,178222.0,True,3920,54,clim,-0.421987449153427,-0.507261085510254,-0.339031732082367,-0.7668400347232819,-0.12988598942756654,172578.0,0.9969786425266174,True
D5,5,all,all,"first-hour MAE, schedule known at origin",lvlh5_tft,4.328790845454285,4.177856385707855,4.479985237121582,174285.0,True,3839,54,clim,-0.4277113164382911,-0.5112324833869935,-0.34324423074722293,-0.7756172180175781,-0.13510385751724246,168728.0,0.9747372921011432,True
D5,5,all,all,"first-hour MAE, schedule known at origin",oracle_level,4.301711097237837,4.15595805644989,4.449640786647796,176999.0,True,3900,54,clim,-0.4249232270030969,-0.510196328163147,-0.3421957850456238,-0.771233069896698,-0.13286495208740237,171447.0,0.9904448847782509,True
D5,5,all,all,"first-hour MAE, schedule known at origin",oracle_shape,4.885382282444953,4.720288264751434,5.065728557109833,176224.0,True,3863,54,clim,0.1733160198253314,-0.0029231309890747053,0.36111873388290405,-0.461533796787262,0.7391895473003387,171016.0,0.9879550089254251,False
D5,5,all,all,"first-hour MAE, schedule known at origin",prod_served,6.378977645913075,6.207295477390289,6.580492305755615,176612.0,True,3749,54,clim,1.6296756439805167,1.5184346914291382,1.749479603767395,1.3529063224792481,1.8913882851600645,172249.0,0.9950780180357133,False
D5,5,all,all,"first-hour MAE, schedule known at origin",prod_served_lin,6.5393376441011934,6.359983634948731,6.741267824172974,176612.0,True,3749,54,clim,1.7922542365993417,1.6718024730682373,1.9237323522567749,1.5018142104148864,2.066667580604553,172249.0,0.9950780180357133,False
D5,5,all,all,"first-hour MAE, schedule known at origin",snaive7,4.864259697192096,4.6568379402160645,5.0856405138969425,147156.0,True,3457,54,clim,0.144161369125281,-0.001218557357788084,0.2984501719474792,-0.16563628911972045,0.43467744588851925,144092.0,0.8324157572746547,False
D5,5,all,all,"first-hour MAE, schedule known at origin",wt_med,4.797081252992271,4.630136024951935,4.961587023735047,175452.0,True,3856,54,clim,0.10618596401148217,0.034508490562438966,0.17897826433181763,-0.12665321826934814,0.3380261421203613,171388.0,0.9901040433041981,False
D5,6,all,all,"first-hour MAE, schedule known at origin",clim,4.62218557084202,4.456558477878571,4.788329911231995,172193.0,True,3566,54,clim,,,,,,,,
D5,6,all,all,"first-hour MAE, schedule known at origin",h5,4.32417308180357,4.17423814535141,4.4753442168235775,177315.0,True,3884,54,clim,-0.3892763096569727,-0.4739997863769531,-0.3093580603599549,-0.7278202533721924,-0.10539720654487612,171648.0,0.9968349468329142,True
D5,6,all,all,"first-hour MAE, schedule known at origin",lvlh5_cbd,4.470960430674781,4.307289469242096,4.642825698852539,150508.0,True,3144,54,clim,-0.3795731185665794,-0.46906543970108033,-0.2908715605735779,-0.735121899843216,-0.078888022899628,146112.0,0.8485362355031854,True
D5,6,all,all,"first-hour MAE, schedule known at origin",lvlh5_naive,4.32417308180357,4.17423814535141,4.4753442168235775,177315.0,True,3884,54,clim,-0.3892763096569727,-0.4739997863769531,-0.3093580603599549,-0.7278202533721924,-0.10539720654487612,171648.0,0.9968349468329142,True
D5,6,all,all,"first-hour MAE, schedule known at origin",lvlh5_tft,4.343455181878993,4.189378559589386,4.493153965473175,173412.0,True,3805,54,clim,-0.3873794159531432,-0.4700197219848633,-0.3067463874816895,-0.7285162091255188,-0.10657417774200441,167829.0,0.9746563449152985,True
D5,6,all,all,"first-hour MAE, schedule known at origin",oracle_level,4.312333900249292,4.163735675811767,4.458126640319824,176099.0,True,3866,54,clim,-0.3915482138249713,-0.47558596134185793,-0.3102098941802979,-0.7345262169837952,-0.10750901699066165,170532.0,0.9903538471366432,True
D5,6,all,all,"first-hour MAE, schedule known at origin",oracle_shape,4.857082685677873,4.694363164901733,5.035044240951538,175537.0,True,3836,54,clim,0.16833940719324492,-0.006250059604644774,0.3573197126388549,-0.47280861139297486,0.7367631316184997,170173.0,0.9882689772522693,False
D5,6,all,all,"first-hour MAE, schedule known at origin",prod_served,6.333646258271175,6.1592405319213865,6.523544049263,175761.0,True,3700,54,clim,1.6190205244022717,1.5059294819831848,1.7383463740348817,1.3503404617309571,1.8865490674972534,171357.0,0.9951449826648006,False
D5,6,all,all,"first-hour MAE, schedule known at origin",prod_served_lin,6.500269542162369,6.320142197608948,6.696193242073059,175761.0,True,3700,54,clim,1.78775232409531,1.6720305800437927,1.9089141964912415,1.51570166349411,2.066177189350128,171357.0,0.9951449826648006,False
D5,6,all,all,"first-hour MAE, schedule known at origin",snaive7,4.83747697345978,4.626534724235535,5.0627563953399655,146570.0,True,3436,54,clim,0.1451375468315046,-0.0019768714904785157,0.3009979367256164,-0.16410264372825623,0.4286747217178345,143333.0,0.8323973680695499,False
D5,6,all,all,"first-hour MAE, schedule known at origin",wt_med,4.791126328758488,4.622933876514435,4.955783355236053,174505.0,True,3822,54,clim,0.12434871385655288,0.055000269412994386,0.1926310896873474,-0.10873140096664428,0.3601407289505005,170432.0,0.9897731034362605,False
D5,7,all,all,"first-hour MAE, schedule known at origin",clim,4.60834603013374,4.437233698368073,4.777163565158844,171303.0,True,3536,54,clim,,,,,,,,
D5,7,all,all,"first-hour MAE, schedule known at origin",h5,4.358329432624114,4.208124601840973,4.511462736129761,176250.0,True,3839,54,clim,-0.34268598636187875,-0.4284395217895508,-0.26374115943908694,-0.6779002904891968,-0.0625986099243165,170698.0,0.9964682463237655,True
D5,7,all,all,"first-hour MAE, schedule known at origin",lvlh5_cbd,4.52591251835046,4.36136976480484,4.702859938144684,149860.0,True,3110,54,clim,-0.3116338291878522,-0.4020752668380737,-0.22785422801971436,-0.6828963041305542,-0.0042489171028138,145540.0,0.849605669486232,True
D5,7,all,all,"first-hour MAE, schedule known at origin",lvlh5_naive,4.358329432624114,4.208124601840973,4.511462736129761,176250.0,True,3839,54,clim,-0.34268598636187875,-0.4284395217895508,-0.26374115943908694,-0.6779002904891968,-0.0625986099243165,170698.0,0.9964682463237655,True
D5,7,all,all,"first-hour MAE, schedule known at origin",lvlh5_tft,4.378997853852597,4.223407948017121,4.533223831653595,171936.0,True,3747,54,clim,-0.33977683612425746,-0.42590445280075073,-0.260849666595459,-0.6803619623184204,-0.05977367162704472,166492.0,0.971915261262208,True
D5,7,all,all,"first-hour MAE, schedule known at origin",oracle_level,4.347686444163872,4.197419655323029,4.497663831710815,175039.0,True,3823,54,clim,-0.3445362944835919,-0.43126620054244996,-0.2651575565338135,-0.6826089501380921,-0.06411839723587048,169585.0,0.9899709870813704,True
D5,7,all,all,"first-hour MAE, schedule known at origin",oracle_shape,5.404871284576619,5.229531562328338,5.598597550392151,174051.0,True,3753,54,clim,0.745590171080706,0.5585278153419495,0.9331997752189636,0.0932461142539978,1.305122262239456,169241.0,0.9879628494538917,False
D5,7,all,all,"first-hour MAE, schedule known at origin",prod_served,6.4252039683720295,6.237436246871948,6.623246049880981,174782.0,True,3643,54,clim,1.733119584157138,1.6132394909858703,1.8513002514839172,1.435952079296112,2.0496985912323,170449.0,0.9950146815875962,False
D5,7,all,all,"first-hour MAE, schedule known at origin",prod_served_lin,6.592894291174148,6.397818493843078,6.790755891799927,174782.0,True,3643,54,clim,1.9033017207493153,1.7758585929870605,2.0324219465255737,1.587259256839752,2.2321179151535033,170449.0,0.9950146815875962,False
D5,7,all,all,"first-hour MAE, schedule known at origin",wt_med,4.816085489313836,4.648671782016754,4.98284283876419,173355.0,True,3774,54,clim,0.16378246935294438,0.09787613153457642,0.23282597064971922,-0.0646209955215454,0.4023194193840026,169429.0,0.9890603200177464,False
D5,10,all,all,"first-hour MAE, schedule known at origin",clim,4.494064735378693,4.3297482371330265,4.664630985260009,168316.0,True,3441,54,clim,,,,,,,,
D5,10,all,all,"first-hour MAE, schedule known at origin",h5,4.333345997533738,4.184425306320191,4.491481626033783,172731.0,True,3713,54,clim,-0.24523336058334966,-0.3262511134147644,-0.16637476682662966,-0.5844140768051147,0.035125434398651074,167584.0,0.9956510373345374,False
D5,10,all,all,"first-hour MAE, schedule known at origin",lvlh5_cbd,4.475624476461719,4.315274298191071,4.648539328575135,149225.0,True,3049,54,clim,-0.22229654989420933,-0.3074337601661682,-0.13784264326095583,-0.565027403831482,0.08423714637756344,145097.0,0.86205114189976,False
D5,10,all,all,"first-hour MAE, schedule known at origin",lvlh5_naive,4.333345997533738,4.184425306320191,4.491481626033783,172731.0,True,3713,54,clim,-0.24523336058334966,-0.3262511134147644,-0.16637476682662966,-0.5844140768051147,0.035125434398651074,167584.0,0.9956510373345374,False
D5,10,all,all,"first-hour MAE, schedule known at origin",lvlh5_tft,4.3531420582254094,4.200348138809204,4.511719620227813,168174.0,True,3617,54,clim,-0.24841030943627462,-0.3320357441902161,-0.16923936605453493,-0.5914782762527466,0.03958394527435302,163200.0,0.969604790988379,False
D5,10,all,all,"first-hour MAE, schedule known at origin",oracle_level,4.322478357817419,4.171944844722748,4.477385151386261,171540.0,True,3698,54,clim,-0.24754396977378423,-0.328090226650238,-0.169572925567627,-0.5883424758911133,0.031941282749176014,166478.0,0.9890800636897265,False
D5,10,all,all,"first-hour MAE, schedule known at origin",oracle_shape,5.337048032952343,5.156124317646027,5.536674654483795,171013.0,True,3646,54,clim,0.7957269257471564,0.6008899807929993,0.9906196594238281,0.1428650498390198,1.3414590954780579,166304.0,0.988046293875805,False
D5,10,all,all,"first-hour MAE, schedule known at origin",prod_served,6.403011096274614,6.216366791725159,6.604308879375457,171499.0,True,3496,54,clim,1.8476034962446422,1.729765033721924,1.9712559580802917,1.543918538093567,2.1714675307273863,167494.0,0.9951163288100953,False
D5,10,all,all,"first-hour MAE, schedule known at origin",prod_served_lin,6.594636120327232,6.408245062828064,6.797689294815063,171499.0,True,3496,54,clim,2.0425157020549998,1.9102467536926269,2.1766920924186706,1.7278141379356384,2.3910190820693966,167494.0,0.9951163288100953,False
D5,10,all,all,"first-hour MAE, schedule known at origin",wt_med,4.7494020054909445,4.591684937477112,4.915956604480743,169734.0,True,3642,54,clim,0.21606735692068924,0.14961130619049073,0.2804986238479614,-0.012804555892944335,0.45631843805313094,166219.0,0.9875412913804986,False
D5,14,all,all,"first-hour MAE, schedule known at origin",clim,4.403506744675417,4.241930532455444,4.569940769672393,164426.0,True,3304,54,clim,,,,,,,,
D5,14,all,all,"first-hour MAE, schedule known at origin",h5,4.278821833791494,4.132713341712952,4.435767686367035,168427.0,True,3548,54,clim,-0.21225915545476148,-0.29129250049591066,-0.13839763402938846,-0.5546986579895019,0.07190281748771665,163591.0,0.9949217277072969,False
D5,14,all,all,"first-hour MAE, schedule known at origin",lvlh5_cbd,4.4211895510249475,4.254196739196777,4.587129068374634,143861.0,True,2893,54,clim,-0.18419055679350915,-0.26899583339691163,-0.1049142479896546,-0.5608175277709961,0.11796283721923828,140016.0,0.8515441596827752,False
D5,14,all,all,"first-hour MAE, schedule known at origin",lvlh5_naive,4.278821833791494,4.132713341712952,4.435767686367035,168427.0,True,3548,54,clim,-0.21225915545476148,-0.29129250049591066,-0.13839763402938846,-0.5546986579895019,0.07190281748771665,163591.0,0.9949217277072969,False
D5,14,all,all,"first-hour MAE, schedule known at origin",lvlh5_tft,4.286013603054636,4.1325355768203735,4.44253830909729,165257.0,True,3478,54,clim,-0.21490788743979117,-0.297719395160675,-0.1418888568878174,-0.5581431210041046,0.06635700464248649,160483.0,0.9760196076046367,False
D5,14,all,all,"first-hour MAE, schedule known at origin",oracle_level,4.2672264837944,4.122453212738037,4.423282551765442,167257.0,True,3533,54,clim,-0.21523906006732219,-0.29383254051208496,-0.14270054101943971,-0.5593124508857727,0.06945393085479731,162501.0,0.9882926057922713,False
D5,14,all,all,"first-hour MAE, schedule known at origin",oracle_shape,5.613518838577022,5.4279183626174925,5.815437769889831,166288.0,True,3413,54,clim,1.198380719985897,0.9870622992515564,1.3940856456756592,0.4869637250900269,1.8093639016151426,162303.0,0.987088416673762,False
D5,14,all,all,"first-hour MAE, schedule known at origin",prod_served,6.510148307618706,6.326675438880921,6.700328469276428,167220.0,True,3310,54,clim,2.0752326278077353,1.9476900577545166,2.2140688419342043,1.7372648477554322,2.4674660563468933,163566.0,0.9947696836266771,False
D5,14,all,all,"first-hour MAE, schedule known at origin",prod_served_lin,6.735297811266595,6.554791402816773,6.931542432308197,167220.0,True,3310,54,clim,2.303975153760561,2.1642996311187743,2.44388233423233,1.9441642999649047,2.7347880840301513,163566.0,0.9947696836266771,False
D5,14,all,all,"first-hour MAE, schedule known at origin",wt_med,4.697611689356323,4.538452553749084,4.865024197101593,165347.0,True,3476,54,clim,0.25572975773424744,0.19295607805252074,0.31682671308517457,0.027168333530426025,0.4957950830459594,162136.0,0.9860727622152214,False
D5,21,all,all,"first-hour MAE, schedule known at origin",clim,4.4107149642201255,4.237349665164947,4.586720263957977,157910.0,True,3091,54,clim,,,,,,,,
D5,21,all,all,"first-hour MAE, schedule known at origin",h5,4.24345298887631,4.091754686832428,4.408007740974426,162536.0,True,3279,54,clim,-0.2164557254634385,-0.3019452691078186,-0.14012888669967652,-0.5666450619697571,0.06711508035659781,156817.0,0.9930783357608765,False
D5,21,all,all,"first-hour MAE, schedule known at origin",lvlh5_cbd,4.364605444323332,4.193524324893952,4.533709955215454,139448.0,True,2685,54,clim,-0.2162518643841409,-0.3080518484115601,-0.13380050659179688,-0.5997646689414978,0.08753029108047485,134763.0,0.8534165030713697,False
D5,21,all,all,"first-hour MAE, schedule known at origin",lvlh5_naive,4.24345298887631,4.091754686832428,4.408007740974426,162536.0,True,3279,54,clim,-0.2164557254634385,-0.3019452691078186,-0.14012888669967652,-0.5666450619697571,0.06711508035659781,156817.0,0.9930783357608765,False
D5,21,all,all,"first-hour MAE, schedule known at origin",lvlh5_tft,4.245033433927297,4.091127860546112,4.405453670024872,159718.0,True,3217,54,clim,-0.21524261808787593,-0.2992245554924011,-0.13494256734848023,-0.5724413871765136,0.07309674620628356,154059.0,0.9756126907732252,False
D5,21,all,all,"first-hour MAE, schedule known at origin",oracle_level,4.231885898349181,4.0779346346855165,4.390841519832611,161435.0,True,3268,54,clim,-0.2182310356338144,-0.3020606994628906,-0.14198081493377687,-0.5693328678607941,0.06878680586814875,155779.0,0.9865049711861187,False
D5,21,all,all,"first-hour MAE, schedule known at origin",oracle_shape,5.746273642862474,5.552641272544861,5.9480808019638065,160626.0,True,3156,54,clim,1.343535005805622,1.1400000214576722,1.5503678917884827,0.5802287578582763,2.0109493076801295,155746.0,0.9862959913874992,False
D5,21,all,all,"first-hour MAE, schedule known at origin",prod_served,6.56214457280816,6.364150357246399,6.765393412113189,161953.0,True,3100,54,clim,2.1276439417553545,1.9947976231575013,2.2742670297622682,1.7743667781352996,2.530936908721924,157199.0,0.995497435247926,False
D5,21,all,all,"first-hour MAE, schedule known at origin",prod_served_lin,6.800107129846314,6.59587277173996,7.008439695835113,161953.0,True,3100,54,clim,2.370160592624635,2.225356340408325,2.5277220010757446,1.9717419683933257,2.8167901396751405,157199.0,0.995497435247926,False
D5,21,all,all,"first-hour MAE, schedule known at origin",wt_med,4.658982357260762,4.494889008998871,4.828941345214844,159329.0,True,3213,54,clim,0.24506137476907952,0.17701621055603028,0.30677735805511475,0.003746736049652103,0.4914166212081909,155357.0,0.9838325628522576,False
D5,30,all,all,"first-hour MAE, schedule known at origin",clim,4.497668739666706,4.317837429046631,4.6802255511283875,144557.0,True,2748,54,clim,,,,,,,,
D5,30,all,all,"first-hour MAE, schedule known at origin",h5,4.1506861703893,3.992873227596283,4.31621949672699,150655.0,True,2845,54,clim,-0.3156883992587298,-0.40315340757369994,-0.23841831684112552,-0.6578904867172242,-0.04901549816131599,144077.0,0.9966795105045069,True
D5,30,all,all,"first-hour MAE, schedule known at origin",lvlh5_cbd,4.321728014203434,4.131321752071381,4.4965430974960325,130391.0,True,2372,54,clim,-0.3030947527247623,-0.39891049861907957,-0.21995513439178468,-0.6769583940505981,0.0005037128925323056,124598.0,0.8619298961655264,False
D5,30,all,all,"first-hour MAE, schedule known at origin",lvlh5_naive,4.1506861703893,3.992873227596283,4.31621949672699,150655.0,True,2845,54,clim,-0.3156883992587298,-0.40315340757369994,-0.23841831684112552,-0.6578904867172242,-0.04901549816131599,144077.0,0.9966795105045069,True
D5,30,all,all,"first-hour MAE, schedule known at origin",lvlh5_tft,4.147710519359037,3.990923023223877,4.318567490577697,147528.0,True,2783,54,clim,-0.3081603068045684,-0.3974622249603271,-0.22757713794708254,-0.6550212502479553,-0.03784542083740236,141067.0,0.9758572742931854,True
D5,30,all,all,"first-hour MAE, schedule known at origin",oracle_level,4.146865873381853,3.988598370552063,4.315596091747284,149631.0,True,2838,54,clim,-0.3180483553183162,-0.4049826502799988,-0.24033976793289188,-0.6627558827400207,-0.04923020601272586,143128.0,0.990114626064459,True
D5,30,all,all,"first-hour MAE, schedule known at origin",oracle_shape,5.709960868140701,5.515376770496369,5.923618066310882,148944.0,True,2807,54,clim,1.2542330291773967,1.0274928212165833,1.4725480794906616,0.42190980911254883,1.9603183150291443,142852.0,0.9882053446045505,False
D5,30,all,all,"first-hour MAE, schedule known at origin",prod_served,6.616865670646746,6.4040362477302555,6.828311169147492,149997.0,True,2789,54,clim,2.1120793811712755,1.9739094972610474,2.259341132640839,1.762084925174713,2.486870861053467,144014.0,0.9962436962582234,False
D5,30,all,all,"first-hour MAE, schedule known at origin",prod_served_lin,6.87432498649973,6.66093647480011,7.086929059028625,149997.0,True,2789,54,clim,2.376379206188288,2.2220525979995727,2.5401606917381288,1.9607737183570861,2.8058644652366636,144014.0,0.9962436962582234,False
D5,30,all,all,"first-hour MAE, schedule known at origin",wt_med,4.521835228811264,4.350028955936432,4.700206828117371,147720.0,True,2789,54,clim,0.08857715009907619,0.020561039447784424,0.14997029304504395,-0.14892348051071166,0.31090005040168756,142819.0,0.9879770609517353,False
D5,45,all,all,"first-hour MAE, schedule known at origin",clim,4.269625056849105,4.0867125511169435,4.44954743385315,134127.0,True,2491,54,wt_med,-0.032000330869359495,-0.08722540140151977,0.024703776836395252,-0.18572736978530885,0.12515580654144284,132983.0,0.9692779778130877,False
D5,45,all,all,"first-hour MAE, schedule known at origin",h5,3.988786916055128,3.8249589562416078,4.1543341755867,139675.0,True,2531,54,wt_med,-0.2767091174798466,-0.3332103192806244,-0.22014917731285097,-0.4834294855594635,-0.11181800365447998,137198.0,1.0,True
D5,45,all,all,"first-hour MAE, schedule known at origin",lvlh5_cbd,4.069048915862641,3.6706062614917756,4.488830089569092,19278.0,True,548,54,wt_med,-0.8430946897859659,-1.140064573287964,-0.5737867593765259,-1.451135766506195,-0.16971298456192016,18455.0,0.13451362264756045,True
D5,45,all,all,"first-hour MAE, schedule known at origin",lvlh5_naive,3.988786916055128,3.8249589562416078,4.1543341755867,139675.0,True,2531,54,wt_med,-0.2767091174798466,-0.3332103192806244,-0.22014917731285097,-0.4834294855594635,-0.11181800365447998,137198.0,1.0,True
D5,45,all,all,"first-hour MAE, schedule known at origin",lvlh5_tft,3.980825754114174,3.8154418110847472,4.150924587249756,137877.0,True,2509,54,wt_med,-0.27450275702728266,-0.3315954089164734,-0.21677860617637634,-0.48176286220550535,-0.11317809224128726,135472.0,0.9874196416857388,True
D5,45,all,all,"first-hour MAE, schedule known at origin",oracle_level,3.9876325884584047,3.8255508184432983,4.154320287704468,138681.0,True,2527,54,wt_med,-0.27354111162486916,-0.3289887309074402,-0.21687363982200625,-0.4808450758457184,-0.11014320850372317,136251.0,0.9930975670199274,True
D5,45,all,all,"first-hour MAE, schedule known at origin",oracle_shape,5.616766074628436,5.406860554218293,5.821514892578125,137246.0,True,2516,54,wt_med,1.3363152748771636,1.1495160460472107,1.5412131428718565,0.7028144955635071,1.9252525329589845,134746.0,0.9821280193588828,False
D5,45,all,all,"first-hour MAE, schedule known at origin",prod_served,6.190217431105317,5.980126261711121,6.397390699386596,136549.0,True,2487,54,wt_med,1.8899105497571638,1.7578972578048706,2.0225044012069704,1.5869045913219453,2.224485170841217,134041.0,0.9769894604877623,False
D5,45,all,all,"first-hour MAE, schedule known at origin",prod_served_lin,6.4019152465415345,6.193745279312134,6.6039310693740845,136549.0,True,2487,54,wt_med,2.1056906095896037,1.9649197340011597,2.253928065299988,1.7827930331230164,2.4636823177337646,134041.0,0.9769894604877623,False
D5,45,all,all,"first-hour MAE, schedule known at origin",wt_med,4.250280616335515,4.073587357997894,4.413769161701202,137198.0,True,2504,54,wt_med,,,,,,,,
D5,60,all,all,"first-hour MAE, schedule known at origin",clim,3.792865448651315,3.6286530792713165,3.9659889221191404,113518.0,True,2087,54,clim,,,,,,,,
D5,60,all,all,"first-hour MAE, schedule known at origin",h5,3.726748803552812,3.568637430667877,3.884910327196121,121819.0,True,2161,54,clim,-0.07120297182725466,-0.14061446189880372,-0.002161610126495366,-0.3186333358287811,0.08802890181541442,113230.0,0.997462957416445,False
D5,60,all,all,"first-hour MAE, schedule known at origin",lvlh5_naive,3.726748803552812,3.568637430667877,3.884910327196121,121819.0,True,2161,54,clim,-0.07120297182725466,-0.14061446189880372,-0.002161610126495366,-0.3186333358287811,0.08802890181541442,113230.0,0.997462957416445,False
D5,60,all,all,"first-hour MAE, schedule known at origin",lvlh5_tft,1.151627414659963,0.7819666236639022,1.618159532546997,3779.0,True,105,54,clim,0.13460210002763184,0.049429064989089964,0.24356415569782253,-0.22882778644561766,1.2560499668121337,3619.0,0.03188040663154742,False
D5,60,all,all,"first-hour MAE, schedule known at origin",oracle_level,3.7331509335670696,3.574812173843384,3.8921211123466493,120934.0,True,2161,54,clim,-0.0694475317423624,-0.13823822140693665,-0.00041907429695131745,-0.3170933425426483,0.08813945055007932,112468.0,0.990750365580789,False
D5,60,all,all,"first-hour MAE, schedule known at origin",oracle_shape,5.2471453973587545,5.055662488937378,5.4525799036026,117969.0,True,2139,54,clim,1.4992693320778887,1.302497035264969,1.702482533454895,0.9194221377372742,2.0492365658283234,110761.0,0.975713102767843,False
D5,60,all,all,"first-hour MAE, schedule known at origin",prod_served,1.6810225062517365,1.1708992719650269,2.3191269695758816,3599.0,True,104,54,clim,0.5924170616113744,0.3320352777838707,0.9331758722662924,0.12693249955773353,3.1875552415847777,3587.0,0.031598513011152414,False
D5,60,all,all,"first-hour MAE, schedule known at origin",prod_served_lin,1.7424979160878022,1.2378498435020446,2.3972548067569734,3599.0,True,104,54,clim,0.6540981321438528,0.38933596611022947,1.0071300625801087,0.22132127471268176,3.0845914483070374,3587.0,0.031598513011152414,False
D5,60,all,all,"first-hour MAE, schedule known at origin",wt_med,3.916366966926593,3.7458744287490844,4.09139084815979,119008.0,True,2144,54,clim,0.11922549236556756,0.05727320909500122,0.17994487881660462,-0.0189622163772583,0.2761790573596954,112975.0,0.9952166176289223,False
D5,90,all,all,"first-hour MAE, schedule known at origin",clim,3.722422300694558,3.5350848019123076,3.918142682313919,85522.0,True,1446,54,wt_med,0.09081529767627261,0.03378373384475708,0.14867146015167235,-0.06135959029197693,0.24419012665748593,85294.0,0.966285261130622,False
D5,90,all,all,"first-hour MAE, schedule known at origin",h5,3.56303526691609,3.3952356457710264,3.7462792575359343,90609.0,True,1489,54,wt_med,-0.12077645292851447,-0.1682862639427185,-0.07817414402961731,-0.28623493313789367,-0.021209406852722174,88270.0,1.0,True
D5,90,all,all,"first-hour MAE, schedule known at origin",lvlh5_naive,3.56303526691609,3.3952356457710264,3.7462792575359343,90609.0,True,1489,54,wt_med,-0.12077645292851447,-0.1682862639427185,-0.07817414402961731,-0.28623493313789367,-0.021209406852722174,88270.0,1.0,True
D5,90,all,all,"first-hour MAE, schedule known at origin",oracle_level,3.569888810575621,3.401563489437103,3.7549898266792296,90094.0,True,1489,54,wt_med,-0.11909660132803346,-0.16506773233413696,-0.07695696949958801,-0.2842962980270386,-0.01990261673927307,87799.0,0.9946640987878101,True
D5,90,all,all,"first-hour MAE, schedule known at origin",oracle_shape,4.639691756267742,4.429988956451416,4.873800492286682,87918.0,True,1467,54,wt_med,1.012598057429083,0.8423110246658325,1.2113720893859863,0.6276665389537811,1.4447315752506256,86032.0,0.9746459725841169,False
D5,90,all,all,"first-hour MAE, schedule known at origin",wt_med,3.6608927155318907,3.484844434261322,3.84673810005188,88270.0,True,1474,54,wt_med,,,,,,,,
UC3,0,all,all,"MAE, schedule projected at origin",clim,7.554824673070247,7.261821007728576,7.888212668895721,432050.0,True,638,54,wt_med,0.48250483045284476,0.2692654252052307,0.6829173445701598,-0.029894900321960433,0.8895292639732361,431119.0,0.9907820651299611,False
UC3,0,all,all,"MAE, schedule projected at origin",h5,7.034715864635604,6.723813223838806,7.361070811748505,435831.0,True,647,54,wt_med,-0.04657343782317991,-0.059711778163909913,-0.03383467197418213,-0.08046658039093017,-0.022072577476501473,435130.0,1.0,True
UC3,0,all,all,"MAE, schedule projected at origin",lvlh5_cbd,7.936069201946109,7.5694531321525576,8.342522835731506,393101.0,True,513,54,wt_med,1.1971830960599306,0.8861647367477417,1.4815593123435975,0.5802284240722656,1.9367288708686827,392630.0,0.902328039896123,False
UC3,0,all,all,"MAE, schedule projected at origin",lvlh5_naive,7.225791287061122,6.90426367521286,7.565313839912415,431499.0,True,645,54,wt_med,0.12158804303180748,-0.048036026954650875,0.26611877679824825,-0.09115546941757202,0.3304785013198852,431122.0,0.9907889596212626,False
UC3,0,all,all,"MAE, schedule projected at origin",lvlh5_tft,6.6605505034258865,6.374985074996948,6.962197458744049,432474.0,True,638,54,wt_med,-0.4299032352290526,-0.704185676574707,-0.20392494201660163,-1.4201465368270874,0.21724050045013427,431818.0,0.992388481603199,False
UC3,0,all,all,"MAE, schedule projected at origin",oracle_level,4.785906549610988,4.6185424566268924,4.951408207416534,433978.0,True,641,54,wt_med,-2.2973677627286024,-2.584716534614563,-2.0469688653945926,-3.4919448494911194,-1.568369770050049,433409.0,0.9960448601567348,True
UC3,0,all,all,"MAE, schedule projected at origin",oracle_shape,5.922786189763266,5.550520741939545,6.358532750606537,430268.0,True,639,54,wt_med,-1.1798752186455204,-1.4341992259025573,-0.9334509015083313,-1.5434540390968323,-0.7800656318664553,429514.0,0.9870935122836854,True
UC3,0,all,all,"MAE, schedule projected at origin",snaive7,7.388696753076317,7.0312899351119995,7.76798585653305,388614.0,True,620,54,wt_med,0.3104900725718567,-0.07226390838623047,0.6471990346908569,-0.6991771459579468,1.044171893596649,388167.0,0.8920713350033324,False
UC3,0,all,all,"MAE, schedule projected at origin",wt_med,7.083494587824329,6.774917769432068,7.409757673740387,435130.0,True,646,54,wt_med,,,,,,,,
UC3,1,all,all,"MAE, schedule projected at origin",clim,7.647551115056356,7.3590840101242065,7.966810548305512,476523.0,True,703,54,wt_med,0.45722831128021646,0.24484870433807374,0.6523694634437561,-0.05113263130187988,0.8380328297615052,475443.0,0.9898793264265965,False
UC3,1,all,all,"MAE, schedule projected at origin",h5,7.187402719187049,6.899907958507538,7.478908097743988,481210.0,True,716,54,wt_med,-0.04392023072887152,-0.05620018243789673,-0.03191677331924439,-0.07609784603118896,-0.022467827796936037,480304.0,1.0,True
UC3,1,all,all,"MAE, schedule projected at origin",lvlh5_cbd,8.142703154703353,7.768873178958893,8.509998607635499,430649.0,True,566,54,wt_med,1.3293458580479331,1.0279446840286255,1.5910951733589171,0.6712839484214783,2.005601930618286,430109.0,0.895493270928412,False
UC3,1,all,all,"MAE, schedule projected at origin",lvlh5_naive,7.312625637902183,7.01452511548996,7.639615142345429,476092.0,True,714,54,wt_med,0.0799519709834211,-0.08838527202606201,0.2257200121879577,-0.18379640579223633,0.3201852321624756,475590.0,0.9901853825910257,False
UC3,1,all,all,"MAE, schedule projected at origin",lvlh5_tft,6.747884566224847,6.4859732508659365,7.013178908824921,473327.0,True,699,54,wt_med,-0.42540577983183336,-0.6834089636802674,-0.21350606679916395,-1.4627961277961732,0.2908233046531677,472531.0,0.9838164995502848,False
UC3,1,all,all,"MAE, schedule projected at origin",oracle_level,4.861391998408037,4.705461812019348,5.022530567646027,479181.0,True,708,54,wt_med,-2.3662553717425467,-2.6444627404212953,-2.1338175892829896,-3.568759250640869,-1.6007497429847717,478441.0,0.9961212065691729,True
UC3,1,all,all,"MAE, schedule projected at origin",oracle_shape,5.981917772841256,5.646048319339752,6.38886114358902,474976.0,True,704,54,wt_med,-1.2511899359654715,-1.4911762595176696,-1.0197137832641603,-1.5560679197311402,-0.8746993064880372,473860.0,0.9865834971184916,True
UC3,1,all,all,"MAE, schedule projected at origin",snaive7,7.433866078809589,7.107904767990112,7.78497052192688,428222.0,True,679,54,wt_med,0.22120058195291037,-0.14652718305587767,0.5392402529716491,-0.8999788999557495,1.0178128480911253,427526.0,0.890115426896299,False
UC3,1,all,all,"MAE, schedule projected at origin",wt_med,7.230043888870382,6.945755910873413,7.518449497222901,480304.0,True,715,54,wt_med,,,,,,,,
UC3,2,all,all,"MAE, schedule projected at origin",clim,7.743056888783593,7.450783896446228,8.053131794929504,489622.0,True,734,54,wt_med,0.45438435567057756,0.25151275396347045,0.6513383030891418,-0.0835641860961914,0.8523114323616028,488407.0,0.9886080945681986,False
UC3,2,all,all,"MAE, schedule projected at origin",h5,7.29630399593661,7.008553898334503,7.602110242843628,495153.0,True,750,54,wt_med,-0.044885357312741014,-0.05661139488220215,-0.033585655689239505,-0.07500474452972412,-0.022740650177001952,494035.0,1.0,True
UC3,2,all,all,"MAE, schedule projected at origin",lvlh5_cbd,8.293270084363533,7.943397986888885,8.638653135299682,447427.0,True,596,54,wt_med,1.375761258640913,1.0855561733245849,1.6407176375389099,0.7226441502571106,2.030829489231109,446739.0,0.9042658920926655,False
UC3,2,all,all,"MAE, schedule projected at origin",lvlh5_naive,7.385086904314897,7.088627874851227,7.718134987354278,489457.0,True,747,54,wt_med,0.049244787565970505,-0.12152308225631714,0.19063278436660766,-0.21819047927856444,0.294409418106079,488852.0,0.9895088404667686,False
UC3,2,all,all,"MAE, schedule projected at origin",lvlh5_tft,6.951051714435439,6.698725259304046,7.222241699695587,486806.0,True,731,54,wt_med,-0.32900913268682697,-0.5866722583770752,-0.11322993040084846,-1.3379171371459961,0.3424440145492552,485851.0,0.9834343720586598,False
UC3,2,all,all,"MAE, schedule projected at origin",oracle_level,4.92149898241672,4.755273556709289,5.079683232307434,492878.0,True,741,54,wt_med,-2.4148582336716933,-2.6834200620651245,-2.1753366947174073,-3.6325012326240538,-1.664758443832398,491974.0,0.9958282307933648,True
UC3,2,all,all,"MAE, schedule projected at origin",oracle_shape,6.056094969453051,5.697586405277252,6.471048867702484,488315.0,True,736,54,wt_med,-1.2848696687302947,-1.526150155067444,-1.0567069888114928,-1.585522675514221,-0.9203264355659486,486987.0,0.9857338042851215,True
UC3,2,all,all,"MAE, schedule projected at origin",snaive7,7.469490638578611,7.141323375701904,7.822085845470428,439570.0,True,710,54,wt_med,0.1866176393482979,-0.17174820899963378,0.5088861823081969,-0.9196487426757812,0.9744081735610958,438667.0,0.8879269687370328,False
UC3,2,all,all,"MAE, schedule projected at origin",wt_med,7.3356715617314565,7.052904796600342,7.642639219760895,494035.0,True,749,54,wt_med,,,,,,,,
UC3,3,all,all,"MAE, schedule projected at origin",clim,7.851468594758352,7.566794264316559,8.155005955696106,499423.0,True,766,54,wt_med,0.43862598363520267,0.23962531089782715,0.6368143796920777,-0.1297379732131958,0.84357213973999,497898.0,0.9871466213041332,False
UC3,3,all,all,"MAE, schedule projected at origin",h5,7.439899663038664,7.153784286975861,7.750786685943604,505696.0,True,783,54,wt_med,-0.04524853235946669,-0.0575861930847168,-0.03375174999237061,-0.07338249683380127,-0.023861503601074224,504381.0,1.0,True
UC3,3,all,all,"MAE, schedule projected at origin",lvlh5_cbd,8.436371988417319,8.075882363319398,8.806904196739197,455799.0,True,616,54,wt_med,1.4244519142304979,1.1282188415527343,1.6960926294326781,0.7898841500282288,2.107815372943878,454995.0,0.9020859231414348,False
UC3,3,all,all,"MAE, schedule projected at origin",lvlh5_naive,7.4936235348594735,7.198874509334564,7.821792590618133,499192.0,True,779,54,wt_med,0.02652945131594464,-0.1484482407569885,0.17465370893478394,-0.25762832164764404,0.28141238689422604,498493.0,0.9883262850900411,False
UC3,3,all,all,"MAE, schedule projected at origin",lvlh5_tft,7.245410636593768,6.95585515499115,7.53841450214386,497148.0,True,762,54,wt_med,-0.17971480302885823,-0.4415541648864746,0.04343080520629876,-1.1053391218185424,0.47234020233154295,496027.0,0.9834371239202111,False
UC3,3,all,all,"MAE, schedule projected at origin",oracle_level,4.9841523761506625,4.8155023694038395,5.146332848072052,503303.0,True,774,54,wt_med,-2.4967139397888074,-2.758570110797882,-2.2626442313194275,-3.7138590455055236,-1.7397429347038271,502230.0,0.9957353667168272,True
UC3,3,all,all,"MAE, schedule projected at origin",oracle_shape,6.163391732314873,5.807437407970428,6.5719245910644535,498116.0,True,767,54,wt_med,-1.3104926250323965,-1.552955114841461,-1.0893882036209108,-1.5923733711242676,-0.9871465802192688,496571.0,0.9845156736673268,True
UC3,3,all,all,"MAE, schedule projected at origin",prod_served,8.088743826394614,7.757383954524994,8.417565894126891,499708.0,True,760,54,wt_med,0.6993257835556284,0.37791874408721926,1.0011186599731445,-0.47061617374420167,1.6296793341636657,497763.0,0.9868789664955658,False
UC3,3,all,all,"MAE, schedule projected at origin",prod_served_lin,8.074710881154594,7.743895936012268,8.402410364151,499708.0,True,760,54,wt_med,0.6855694878888157,0.3659080505371094,0.9844567537307739,-0.4816505670547485,1.6147557854652403,497763.0,0.9868789664955658,False
UC3,3,all,all,"MAE, schedule projected at origin",snaive7,7.5271767219680275,7.198923277854919,7.886883175373077,446945.0,True,735,54,wt_med,0.14960969823091563,-0.21085871458053587,0.4665908217430114,-0.9563581228256226,0.9679761290550231,445937.0,0.8841272768006725,False
UC3,3,all,all,"MAE, schedule projected at origin",wt_med,7.478401248262722,7.193106079101563,7.787376570701599,504381.0,True,782,54,wt_med,,,,,,,,
UC3,4,all,all,"MAE, schedule projected at origin",clim,7.9490943799063025,7.646650314331055,8.253048276901245,508657.0,True,793,54,wt_med,0.4088419906803944,0.20561131238937377,0.6108391880989075,-0.2033345103263855,0.8429742693901061,507103.0,0.9858816210278694,False
UC3,4,all,all,"MAE, schedule projected at origin",h5,7.584433965464764,7.2811833143234255,7.905151617527008,515821.0,True,812,54,wt_med,-0.04882439998833554,-0.06149215698242187,-0.03706911802291871,-0.07766880989074706,-0.02761948108673096,514365.0,1.0,True
UC3,4,all,all,"MAE, schedule projected at origin",lvlh5_cbd,8.587746553495068,8.237635064125062,8.975165224075317,465069.0,True,638,54,wt_med,1.4898558326472244,1.185329556465149,1.7646827578544617,0.846649706363678,2.2149030804634093,464192.0,0.9024564268564151,False
UC3,4,all,all,"MAE, schedule projected at origin",lvlh5_naive,7.62354921001749,7.3196453094482425,7.956691682338715,508821.0,True,808,54,wt_med,0.016135833068379846,-0.1574958086013794,0.16159660816192625,-0.25929646492004393,0.27227871417999266,508044.0,0.9877110612113966,False
UC3,4,all,all,"MAE, schedule projected at origin",lvlh5_tft,7.43876462194709,7.144518768787384,7.738656234741211,510354.0,True,792,54,wt_med,-0.16436263492368663,-0.4407374382019043,0.05091606378555296,-1.1246021747589112,0.5136154413223265,509123.0,0.9898087933665782,False
UC3,4,all,all,"MAE, schedule projected at origin",oracle_level,5.148544852796313,4.922243392467498,5.420389604568482,513329.0,True,803,54,wt_med,-2.477261132348655,-2.775187611579895,-2.2021804451942444,-3.719075071811676,-1.7042943477630614,512140.0,0.9956742779932538,True
UC3,4,all,all,"MAE, schedule projected at origin",oracle_shape,6.281464515111721,5.9269065141677855,6.703970098495484,507845.0,True,795,54,wt_med,-1.3335216319139782,-1.5680842876434327,-1.1092930436134338,-1.6099987745285034,-1.0213299989700317,506087.0,0.9839063699901821,True
UC3,4,all,all,"MAE, schedule projected at origin",prod_served,8.166335264113426,7.858319520950317,8.492234826087952,508948.0,True,785,54,wt_med,0.6533713528217744,0.3306498765945435,0.9423174381256103,-0.5812193751335144,1.6416639804840085,506933.0,0.9855511164251067,False
UC3,4,all,all,"MAE, schedule projected at origin",prod_served_lin,8.151133072533932,7.844052004814148,8.478018593788146,508948.0,True,785,54,wt_med,0.6383814527758114,0.3163665771484375,0.9263595700263977,-0.5965187072753906,1.6207231283187864,506933.0,0.9855511164251067,False
UC3,4,all,all,"MAE, schedule projected at origin",snaive7,7.645205000340952,7.31444149017334,8.014164900779724,454609.0,True,760,54,wt_med,0.14930521097283744,-0.22117754220962524,0.465499460697174,-0.9683287024497985,0.9645328760147094,453447.0,0.8815665918170948,False
UC3,4,all,all,"MAE, schedule projected at origin",wt_med,7.6234133348886495,7.325876903533936,7.946556639671326,514365.0,True,811,54,wt_med,,,,,,,,
UC3,5,all,all,"MAE, schedule projected at origin",clim,8.106536059198838,7.791442322731018,8.436504125595093,521767.0,True,828,54,snaive7,0.31489395893867744,-0.07386425733566283,0.6974356532096861,-0.24459999799728394,0.9647193670272826,460482.0,0.9888951644250118,False
UC3,5,all,all,"MAE, schedule projected at origin",h5,7.781894598094533,7.492293190956116,8.131997346878052,529739.0,True,856,54,snaive7,-0.165492969123596,-0.5126042008399964,0.20676360130310048,-0.9833500504493713,0.9480970263481139,464238.0,0.996961256557995,False
UC3,5,all,all,"MAE, schedule projected at origin",lvlh5_cbd,8.912348034433116,8.495799326896668,9.373677277565003,473586.0,True,667,54,snaive7,1.2274611638848034,0.833329725265503,1.6190249443054199,0.523913300037384,2.1170791029930114,421405.0,0.9049764524227268,False
UC3,5,all,all,"MAE, schedule projected at origin",lvlh5_naive,7.834686821001721,7.501777350902557,8.198018217086792,522333.0,True,851,54,snaive7,-0.11322710009651793,-0.3894770860671997,0.18266851902008055,-0.7020645141601562,0.7351126194000239,462350.0,0.9929067352728319,False
UC3,5,all,all,"MAE, schedule projected at origin",lvlh5_tft,7.596157981720942,7.30025281906128,7.926181590557098,523207.0,True,832,54,snaive7,-0.2845204417099003,-0.5594420433044434,-0.01919344663619998,-0.6008974790573121,0.07315890789031983,460227.0,0.9883475463488907,False
UC3,5,all,all,"MAE, schedule projected at origin",oracle_level,5.22674980482122,5.005789387226105,5.492160832881927,527164.0,True,844,54,snaive7,-2.6105368013523407,-2.9714001774787904,-2.27029584646225,-3.218150758743286,-2.196405589580536,463337.0,0.9950263393557005,True
UC3,5,all,all,"MAE, schedule projected at origin",oracle_shape,6.473652331041694,6.091273474693298,6.896624040603638,521591.0,True,835,54,snaive7,-1.5418248105529795,-1.8806563138961792,-1.175407135486603,-2.3627148151397703,-0.35096684694290164,461793.0,0.9917105655928341,True
UC3,5,all,all,"MAE, schedule projected at origin",prod_served,8.332812820331046,8.008573412895203,8.670300126075745,521921.0,True,823,54,snaive7,0.5823352838856044,0.26445951461791994,0.8868257761001587,0.20198159217834474,0.9895772695541382,461066.0,0.9901493171954223,False
UC3,5,all,all,"MAE, schedule projected at origin",prod_served_lin,8.316104352957632,7.993786358833313,8.655044984817504,521921.0,True,823,54,snaive7,0.5650972420434384,0.24764864444732665,0.8726203322410583,0.18610128164291384,0.969776451587677,461066.0,0.9901493171954223,False
UC3,5,all,all,"MAE, schedule projected at origin",snaive7,7.792295980053817,7.4350474119186405,8.195692110061646,465653.0,True,794,54,snaive7,,,,,,,,
UC3,5,all,all,"MAE, schedule projected at origin",wt_med,7.823061426959399,7.53557779788971,8.163597989082337,528172.0,True,855,54,snaive7,-0.12037001116412949,-0.46574941873550413,0.2504918456077574,-0.9495087623596191,1.018755054473877,463986.0,0.9964200810474753,False
UC3,6,all,all,"MAE, schedule projected at origin",clim,8.323401767443952,7.995792710781098,8.676842832565308,533652.0,True,860,54,snaive7,0.32344329057652477,-0.07918789386749267,0.7201600670814512,-0.2078825831413269,0.920197057723999,469243.0,0.9874725376476233,False
UC3,6,all,all,"MAE, schedule projected at origin",h5,8.073412535647725,7.730332064628601,8.442764496803283,542461.0,True,899,54,snaive7,-0.08621351928836063,-0.44385652542114257,0.2953308582305908,-0.9098189473152161,1.0180564880371092,473161.0,0.9957175565450888,False
UC3,6,all,all,"MAE, schedule projected at origin",lvlh5_cbd,9.503947689977414,8.99418261051178,10.065785932540894,482100.0,True,695,54,snaive7,1.5924519932294876,1.1583258032798767,2.075639533996582,0.6642195701599121,2.98046178817749,428080.0,0.9008493337486005,False
UC3,6,all,all,"MAE, schedule projected at origin",lvlh5_naive,8.11204283368287,7.740886652469635,8.506884002685547,534548.0,True,893,54,snaive7,-0.04757798968399918,-0.3351242899894714,0.24672081470489493,-0.6388220667839051,0.8125379085540768,471368.0,0.991944376636167,False
UC3,6,all,all,"MAE, schedule projected at origin",lvlh5_tft,7.94751340851317,7.585969364643097,8.32215075492859,535950.0,True,872,54,snaive7,-0.14334570865765972,-0.42426536083221433,0.13033316135406486,-0.48125970363616943,0.20302277803420996,468869.0,0.9866854939856397,False
UC3,6,all,all,"MAE, schedule projected at origin",oracle_level,5.351950928237812,5.115360581874848,5.625561130046845,539731.0,True,882,54,snaive7,-2.6844501559755933,-3.0553038001060484,-2.33756240606308,-3.420418620109558,-2.211087131500244,472242.0,0.9937836177072198,True
UC3,6,all,all,"MAE, schedule projected at origin",oracle_shape,6.713246570647292,6.304472053050995,7.16380660533905,534076.0,True,872,54,snaive7,-1.5129322114813624,-1.861836850643158,-1.1349810600280763,-2.328946852684021,-0.3519842863082889,470975.0,0.9911173494726386,True
UC3,6,all,all,"MAE, schedule projected at origin",prod_served,8.671719681442546,8.297957611083984,9.038782691955566,533279.0,True,861,54,snaive7,0.7150313463602442,0.4011726379394531,1.018596351146698,0.32174121141433715,1.1191743612289429,469592.0,0.9882069714391535,False
UC3,6,all,all,"MAE, schedule projected at origin",prod_served_lin,8.653309290258946,8.278943657875061,9.017424368858338,533279.0,True,861,54,snaive7,0.6958620462018095,0.38150677680969236,0.9984215378761292,0.30840612649917604,1.0991799116134644,469592.0,0.9882069714391535,False
UC3,6,all,all,"MAE, schedule projected at origin",snaive7,7.9665485399708755,7.576490890979767,8.413247418403625,475196.0,True,831,54,snaive7,,,,,,,,
UC3,6,all,all,"MAE, schedule projected at origin",wt_med,8.114817828740522,7.780228364467621,8.477387094497681,540700.0,True,898,54,snaive7,-0.03973242421294376,-0.39390931129455564,0.3424700021743774,-0.8804080486297607,1.073511803150177,472838.0,0.9950378370188301,False
UC3,7,all,all,"MAE, schedule projected at origin",clim,8.507598024861272,8.159530735015869,8.894361996650696,546392.0,True,898,54,wt_med,0.20847964385936635,0.011318683624267585,0.38817203044891346,-0.46393656730651855,0.6938096404075622,544504.0,0.9831466963263625,False
UC3,7,all,all,"MAE, schedule projected at origin",h5,8.373626631936009,8.020933246612548,8.7765949010849,555705.0,True,944,54,wt_med,-0.04779861168789523,-0.060929512977600096,-0.03477702140808105,-0.07885420322418213,-0.024618482589721682,553838.0,1.0,True
UC3,7,all,all,"MAE, schedule projected at origin",lvlh5_cbd,10.076570469153545,9.488011074066161,10.698234391212463,489917.0,True,723,54,wt_med,2.185494880951608,1.812040424346924,2.5759985566139223,1.2048322439193726,3.696666407585144,488867.0,0.8826895229290875,False
UC3,7,all,all,"MAE, schedule projected at origin",lvlh5_naive,8.80836162646864,8.420086121559143,9.219651532173156,545574.0,True,932,54,wt_med,0.4398243070370924,0.28161394596099854,0.5984763622283935,0.1958292603492737,0.738710856437683,544618.0,0.9833525326900646,False
UC3,7,all,all,"MAE, schedule projected at origin",lvlh5_tft,8.441196493149075,8.060763072967529,8.855342769622803,548975.0,True,914,54,wt_med,0.06975340122579965,-0.2080158472061157,0.29982954263687134,-0.7002272605895996,0.6328532814979553,547444.0,0.9884551078113094,False
UC3,7,all,all,"MAE, schedule projected at origin",oracle_level,5.4466288332932855,5.210570228099823,5.713600730895996,552900.0,True,925,54,wt_med,-2.968153261343912,-3.290501964092255,-2.6711047768592837,-4.420414137840271,-2.070012390613556,551340.0,0.9954896558199329,True
UC3,7,all,all,"MAE, schedule projected at origin",oracle_shape,7.537531676638162,7.102943146228791,8.01887288093567,544659.0,True,906,54,wt_med,-0.8394167720755901,-1.0728403806686402,-0.5854809880256653,-1.2403104782104493,-0.3484916448593141,542416.0,0.9793766408227677,True
UC3,7,all,all,"MAE, schedule projected at origin",prod_served,9.217951816494008,8.81157853603363,9.673510766029358,546162.0,True,903,54,wt_med,0.9596452528047497,0.6221239566802979,1.27269549369812,-0.032729125022888175,1.786443042755127,543542.0,0.9814097263098596,False
UC3,7,all,all,"MAE, schedule projected at origin",prod_served_lin,9.200186254261556,8.794395875930785,9.65251121520996,546162.0,True,903,54,wt_med,0.9421445352889002,0.6054073572158813,1.2584795475006103,-0.05027329921722412,1.7661116600036622,543542.0,0.9814097263098596,False
UC3,7,all,all,"MAE, schedule projected at origin",wt_med,8.41068597676577,8.057626700401306,8.816106390953063,553838.0,True,943,54,wt_med,,,,,,,,
UC3,10,all,all,"MAE, schedule projected at origin",clim,8.926768703066319,8.548053956031799,9.303151988983155,592991.0,True,1019,54,wt_med,0.1345700236553835,-0.05354211330413818,0.30998430252075193,-0.5019225239753723,0.6032762765884399,590986.0,0.9806275833345778,False
UC3,10,all,all,"MAE, schedule projected at origin",h5,8.881601598333898,8.515604519844056,9.273101925849915,605005.0,True,1083,54,wt_med,-0.04752837830886669,-0.06045176982879639,-0.03381772041320801,-0.07812180519104003,-0.025325202941894533,602661.0,1.0,True
UC3,10,all,all,"MAE, schedule projected at origin",lvlh5_cbd,11.151878114686756,10.517754769325256,11.84618420600891,531943.0,True,822,54,wt_med,2.771991278099156,2.316847562789917,3.2180755376815795,1.3798041343688965,4.832241487503048,530595.0,0.8804203358106797,False
UC3,10,all,all,"MAE, schedule projected at origin",lvlh5_naive,9.2716043345296,8.881986069679261,9.684578132629394,594097.0,True,1068,54,wt_med,0.3885590271598094,0.2373751401901245,0.5578925371170044,0.10721657276153565,0.6941887378692627,592813.0,0.9836591383879163,False
UC3,10,all,all,"MAE, schedule projected at origin",lvlh5_tft,9.00161839673951,8.589912462234498,9.421559500694276,593060.0,True,1047,54,wt_med,0.12433523452071782,-0.14626338481903076,0.35963873863220214,-0.7177958488464355,0.7782905101776122,591098.0,0.9808134257899549,False
UC3,10,all,all,"MAE, schedule projected at origin",oracle_level,5.648374776387601,5.413277292251587,5.898915076255799,601969.0,True,1063,54,wt_med,-3.2768309337629615,-3.6116430282592775,-2.9797680735588075,-4.770556771755219,-2.31837819814682,599955.0,0.9955099135334791,True
UC3,10,all,all,"MAE, schedule projected at origin",oracle_shape,7.910716846358184,7.474898612499237,8.399451160430909,593672.0,True,1037,54,wt_med,-0.9808298954860861,-1.2134419441223145,-0.7172613382339478,-1.3308063864707946,-0.5719463825225833,590487.0,0.9797995888235674,True
UC3,10,all,all,"MAE, schedule projected at origin",prod_served,9.878255318286529,9.44433753490448,10.316887164115906,592108.0,True,1030,54,wt_med,1.0920436274484828,0.7509321212768555,1.4121021986007687,-0.019728374481201155,2.0282952904701226,588987.0,0.9773106273676246,False
UC3,10,all,all,"MAE, schedule projected at origin",prod_served_lin,9.854350262114345,9.421827840805054,10.291889023780822,592108.0,True,1030,54,wt_med,1.0682283734615527,0.7271904945373535,1.3853227376937862,-0.030896782875061018,2.0152680873870845,588987.0,0.9773106273676246,False
UC3,10,all,all,"MAE, schedule projected at origin",wt_med,8.918138887367856,8.560944080352783,9.303589606285096,602661.0,True,1082,54,wt_med,,,,,,,,
UC3,14,all,all,"MAE, schedule projected at origin",clim,9.263750384745432,8.895938920974732,9.621804976463318,659527.0,True,1161,54,clim,,,,,,,,
UC3,14,all,all,"MAE, schedule projected at origin",h5,9.391361522184663,9.034118151664734,9.768065786361694,676278.0,True,1267,54,clim,-0.01142991821156869,-0.171256947517395,0.1487233161926269,-0.4887270927429199,0.6102133274078368,657917.0,0.9975588565744844,False
UC3,14,all,all,"MAE, schedule projected at origin",lvlh5_cbd,12.081357939915025,11.372509145736695,12.789788007736206,585782.0,True,943,54,clim,3.0859878327240953,2.636247968673706,3.535885238647461,1.4086061000823975,5.5315050125122065,576138.0,0.8735624167016665,False
UC3,14,all,all,"MAE, schedule projected at origin",lvlh5_naive,10.053924088649437,9.645393466949463,10.448189640045166,661521.0,True,1241,54,clim,0.697916236916976,0.45973422527313235,0.9412206649780273,0.06925241947174073,1.463745808601379,651309.0,0.9875395548628032,False
UC3,14,all,all,"MAE, schedule projected at origin",lvlh5_tft,9.532808962932485,9.147909927368165,9.930243444442748,662751.0,True,1231,54,clim,0.04417609879496176,-0.1925938844680786,0.2948348760604858,-0.3835570812225342,0.4265159368515014,645552.0,0.9788105718188944,False
UC3,14,all,all,"MAE, schedule projected at origin",oracle_level,5.830761060383503,5.598193526268005,6.067846310138703,672773.0,True,1239,54,clim,-3.5182224445872663,-3.8284275770187377,-3.223838222026825,-4.5499391794204715,-2.7867738366127015,655624.0,0.9940821224908154,True
UC3,14,all,all,"MAE, schedule projected at origin",oracle_shape,8.751523300935935,8.32775013446808,9.173749613761903,661465.0,True,1196,54,clim,-0.6343068797420894,-0.959988808631897,-0.2917139291763306,-1.4094213247299194,0.42983477115631047,649804.0,0.9852576164432996,False
UC3,14,all,all,"MAE, schedule projected at origin",prod_served,10.2930954006334,9.887748003005981,10.69615581035614,657721.0,True,1202,54,clim,0.9697586512182905,0.6561259031295776,1.3121762037277223,0.42113461494445803,1.5325813770294185,649475.0,0.984758774091129,False
UC3,14,all,all,"MAE, schedule projected at origin",prod_served_lin,10.266950006157627,9.864396095275879,10.670332455635071,657721.0,True,1202,54,clim,0.9438927595365492,0.6323664665222168,1.2881011009216308,0.39376938343048096,1.5103602886199947,649475.0,0.984758774091129,False
UC3,14,all,all,"MAE, schedule projected at origin",wt_med,9.439053521662398,9.084186244010926,9.815835523605347,673148.0,True,1266,54,clim,0.04242866814236734,-0.11724197864532471,0.2062588214874267,-0.4424609661102295,0.6664837598800659,657315.0,0.996646081206683,False
UC3,21,all,all,"MAE, schedule projected at origin",clim,9.446604028536264,9.09329195022583,9.776091957092286,730439.0,True,1320,54,clim,,,,,,,,
UC3,21,all,all,"MAE, schedule projected at origin",h5,9.655706083944088,9.302895712852479,10.011761569976807,751667.0,True,1450,54,clim,0.07408029848820519,-0.06485884189605713,0.2202538013458252,-0.37885751724243166,0.6157554864883422,728538.0,0.9973974555027867,False
UC3,21,all,all,"MAE, schedule projected at origin",lvlh5_cbd,12.583051857436113,11.928775310516357,13.264684176445007,643461.0,True,1076,54,clim,3.3024660046633283,2.879242277145386,3.7769704341888426,1.48626127243042,5.717984223365783,629259.0,0.8614805616896141,False
UC3,21,all,all,"MAE, schedule projected at origin",lvlh5_naive,10.350430501604844,9.967220544815063,10.717034673690796,733452.0,True,1417,54,clim,0.8194330472974016,0.6135341167449951,1.049031710624695,0.17861766815185548,1.5766499996185301,720709.0,0.9866792435781769,False
UC3,21,all,all,"MAE, schedule projected at origin",lvlh5_tft,9.970531406714631,9.600507926940917,10.3224538564682,739974.0,True,1422,54,clim,0.35602935227931276,0.12773783206939698,0.5902327537536621,0.028038382530212402,0.6542546987533568,717929.0,0.9828733131719418,False
UC3,21,all,all,"MAE, schedule projected at origin",oracle_level,5.942038186094827,5.731441998481751,6.156166517734528,747569.0,True,1419,54,clim,-3.605699022305288,-3.8700230002403258,-3.3482813954353334,-4.468574750423431,-2.955181062221527,725921.0,0.9938146785700106,True
UC3,21,all,all,"MAE, schedule projected at origin",oracle_shape,9.060143822804427,8.65966329574585,9.46715247631073,733438.0,True,1369,54,clim,-0.5083049582594636,-0.7831230163574219,-0.20455024242401132,-1.2841204047203063,0.5274530410766599,719133.0,0.9845216369881674,False
UC3,21,all,all,"MAE, schedule projected at origin",prod_served,10.888958879948293,10.489684653282165,11.279635238647462,730252.0,True,1366,54,clim,1.4099201903548177,1.1197144269943238,1.723751139640808,0.9905102252960205,1.8765917778015135,720339.0,0.986172698883822,False
UC3,21,all,all,"MAE, schedule projected at origin",prod_served_lin,10.862477268121141,10.462157320976257,11.25450291633606,730252.0,True,1366,54,clim,1.3839185439077983,1.093677020072937,1.696667194366455,0.964439845085144,1.8410443305969237,720339.0,0.986172698883822,False
UC3,21,all,all,"MAE, schedule projected at origin",wt_med,9.710304547685633,9.3569504737854,10.06994812488556,747699.0,True,1449,54,clim,0.13032289443999368,-0.010099363327026368,0.27612581253051754,-0.330047082901001,0.6794232606887816,727823.0,0.9964185921069384,False
UC3,30,all,all,"MAE, schedule projected at origin",clim,9.306813505493917,8.984457850456238,9.603023958206176,877243.0,True,1581,54,clim,,,,,,,,
UC3,30,all,all,"MAE, schedule projected at origin",h5,9.5471980084352,9.218452501296998,9.855597448348998,905017.0,True,1762,54,clim,0.09379759567303658,-0.019591498374938964,0.20993630886077877,-0.29859318733215334,0.5317292451858521,871928.0,0.9939412454701833,False
UC3,30,all,all,"MAE, schedule projected at origin",lvlh5_cbd,12.155645200469355,11.588655066490173,12.70870144367218,777224.0,True,1362,54,clim,2.8816185505164125,2.5231828451156617,3.2723659753799437,1.491503071784973,4.633416223526001,756314.0,0.8621488002754083,False
UC3,30,all,all,"MAE, schedule projected at origin",lvlh5_naive,10.240891112625008,9.901792931556702,10.561710500717163,882697.0,True,1720,54,clim,0.7928996820260661,0.6119665622711181,0.9788233041763306,0.2391744136810303,1.4033248662948608,860242.0,0.9806199650495929,False
UC3,30,all,all,"MAE, schedule projected at origin",lvlh5_tft,10.271552427696713,9.932241368293763,10.604896688461304,891911.0,True,1722,54,clim,0.7368913666555965,0.541529631614685,0.9439488410949707,0.3417768716812134,1.1641955375671387,860815.0,0.9812731478051121,False
UC3,30,all,all,"MAE, schedule projected at origin",oracle_level,6.028781535315905,5.826462602615356,6.22078001499176,899928.0,True,1724,54,clim,-3.3876303176136204,-3.631348431110382,-3.1544681429862975,-4.286620545387268,-2.604371690750122,868734.0,0.9903002930772887,True
UC3,30,all,all,"MAE, schedule projected at origin",oracle_shape,8.997955258973416,8.657105588912964,9.357952976226807,884265.0,True,1671,54,clim,-0.47208066976724794,-0.7232624769210816,-0.20166702270507814,-1.209864592552185,0.4197620391845702,860169.0,0.9805367497945268,False
UC3,30,all,all,"MAE, schedule projected at origin",prod_served,11.160683031627759,10.805680537223816,11.525354719161987,881599.0,True,1628,54,clim,1.805534813938058,1.5534727334976197,2.0938873052597047,1.3055529117584228,2.389322757720947,865142.0,0.9862056465540335,False
UC3,30,all,all,"MAE, schedule projected at origin",prod_served_lin,11.131256245753455,10.779576015472411,11.493619656562805,881599.0,True,1628,54,clim,1.7764718104080028,1.5223316192626952,2.065119743347168,1.2845908880233765,2.3584301233291622,865142.0,0.9862056465540335,False
UC3,30,all,all,"MAE, schedule projected at origin",wt_med,9.607849674597247,9.282623982429504,9.917054390907287,899808.0,True,1760,54,clim,0.14992421656939392,0.0352647066116333,0.26744189262390133,-0.23591179847717283,0.5891844034194946,870243.0,0.9920204549936562,False
UC3,45,all,all,"MAE, schedule projected at origin",clim,9.41320003016288,9.109516549110413,9.689373993873597,954816.0,True,1688,54,clim,,,,,,,,
UC3,45,all,all,"MAE, schedule projected at origin",h5,9.791790560234837,9.476198077201843,10.093770456314086,1013807.0,True,1957,54,clim,-0.029219392822424695,-0.12859833240509033,0.07613866329193116,-0.3655944108963013,0.37209331989288325,948454.0,0.993336936121724,False
UC3,45,all,all,"MAE, schedule projected at origin",lvlh5_cbd,9.949100263094302,9.547120761871337,10.397572922706605,411093.0,True,659,54,clim,0.832643877892977,0.40823893547058104,1.2558691024780269,0.19249374866485597,1.792831587791443,409236.0,0.42860195053287753,False
UC3,45,all,all,"MAE, schedule projected at origin",lvlh5_naive,10.285346213106514,9.970713305473328,10.597600150108338,979875.0,True,1873,54,clim,0.48454938859513597,0.3332891225814819,0.6335926532745361,0.03645131587982178,1.0398902416229248,936545.0,0.9808643759635365,False
UC3,45,all,all,"MAE, schedule projected at origin",lvlh5_tft,10.51514994555317,10.183773064613343,10.835725355148314,1004536.0,True,1941,54,clim,0.659070815433175,0.4805983066558838,0.8520439386367797,0.1657655477523804,1.1906298160552977,940652.0,0.9851657282659696,False
UC3,45,all,all,"MAE, schedule projected at origin",oracle_level,6.277769848258268,6.092623138427735,6.452802991867065,1008745.0,True,1926,54,clim,-3.3927490659023407,-3.6249237775802614,-3.182574784755707,-4.156310033798218,-2.6620445251464844,945444.0,0.9901844962799116,True
UC3,45,all,all,"MAE, schedule projected at origin",oracle_shape,8.939331408865739,8.615296769142152,9.238507509231567,981494.0,True,1818,54,clim,-0.8485956720149126,-1.0532323837280273,-0.6337144613265993,-1.5417609930038452,-0.024681544303894232,936355.0,0.9806653847442858,True
UC3,45,all,all,"MAE, schedule projected at origin",prod_served,11.440041837085142,11.091344499588013,11.785067105293274,960870.0,True,1722,54,clim,1.8301222435998614,1.5719425439834596,2.0847742080688474,1.1938878536224364,2.5128876686096193,937636.0,0.9820070044909176,False
UC3,45,all,all,"MAE, schedule projected at origin",prod_served_lin,11.405351530383923,11.056835341453553,11.749694395065308,960870.0,True,1722,54,clim,1.795610583424697,1.5378944873809814,2.047064995765686,1.1645528554916382,2.4784027576446532,937636.0,0.9820070044909176,False
UC3,45,all,all,"MAE, schedule projected at origin",wt_med,9.861865183876747,9.544833111763001,10.163977932929992,1006571.0,True,1956,54,clim,0.03079618450236765,-0.07030775547027587,0.1384512424468994,-0.2921512842178345,0.4462700605392456,946351.0,0.9911344175212816,False
UC3,60,all,all,"MAE, schedule projected at origin",clim,9.518748997053887,9.243464136123658,9.778515696525574,1127927.0,True,1994,54,clim,,,,,,,,
UC3,60,all,all,"MAE, schedule projected at origin",h5,9.609618076545464,9.29839289188385,9.894418621063233,1166235.0,True,2169,54,clim,-0.18558955591203308,-0.286944317817688,-0.08447635173797607,-0.5931339979171752,0.20804951190948484,1121467.0,0.9942726789942966,False
UC3,60,all,all,"MAE, schedule projected at origin",lvlh5_naive,9.956920798908246,9.667196941375732,10.226667308807373,1127218.0,True,2057,54,clim,0.28114336018383845,0.1338817834854126,0.4215192079544067,-0.1757979154586792,0.7587891340255737,1101552.0,0.9766163945007079,False
UC3,60,all,all,"MAE, schedule projected at origin",lvlh5_tft,10.980338093630666,5.4451407313346865,13.73296546936035,5275.0,True,66,54,clim,2.393431272106124,1.139512586593628,3.1829358339309692,0.0006834268569946289,5.8587446212768555,5059.0,0.00448521934486895,False
UC3,60,all,all,"MAE, schedule projected at origin",oracle_level,6.2200185066876585,6.052693104743957,6.383436155319214,1161056.0,True,2146,54,clim,-3.4671378219816864,-3.6772453665733336,-3.252171552181244,-4.211909246444702,-2.71579407453537,1118067.0,0.9912582995176106,True
UC3,60,all,all,"MAE, schedule projected at origin",oracle_shape,8.624027652194389,8.340544271469117,8.90403971672058,1127303.0,True,1992,54,clim,-1.0766694852034515,-1.2676965713500976,-0.8858415842056274,-1.7412551879882812,-0.305685567855835,1099531.0,0.9748246118764778,True
UC3,60,all,all,"MAE, schedule projected at origin",prod_served,10.076419634263715,4.850932848453522,12.584384536743164,5195.0,True,62,54,clim,1.4057182429758601,0.20982675552368163,2.454607534408569,-0.27397263050079346,8.431675910949707,5054.0,0.004480786433873824,False
UC3,60,all,all,"MAE, schedule projected at origin",prod_served_lin,10.087680461982675,4.860858166217804,12.602993583679199,5195.0,True,62,54,clim,1.4160565888405223,0.2087855339050293,2.4692418813705443,-0.24543380737304688,8.365683555603027,5054.0,0.004480786433873824,False
UC3,60,all,all,"MAE, schedule projected at origin",wt_med,9.649689087587333,9.348338890075684,9.933024644851685,1158204.0,True,2167,54,clim,-0.13572297953033896,-0.2347342014312744,-0.033436226844787656,-0.5294354677200317,0.2513768434524535,1119022.0,0.9921049855176798,False
UC3,90,all,all,"MAE, schedule projected at origin",clim,9.74243882753233,9.490375185012818,10.011392664909362,1350485.0,True,2455,54,wt_med,0.2710216674910164,0.18383207321166992,0.35741927623748776,-0.09950928688049317,0.7437673330307004,1342472.0,0.9338916162261922,False
UC3,90,all,all,"MAE, schedule projected at origin",h5,9.565534140153659,9.312364339828491,9.82507963180542,1445014.0,True,2600,54,wt_med,-0.06375734520206144,-0.07464280128479003,-0.05334787368774414,-0.09741001129150391,-0.03232951164245606,1437503.0,1.0,True
UC3,90,all,all,"MAE, schedule projected at origin",lvlh5_naive,10.18614700635596,9.92039065361023,10.464054036140443,1400427.0,True,2566,54,wt_med,0.5553797359859995,0.47227253913879397,0.6482928276062012,0.40637080669403075,0.7112496376037598,1395827.0,0.9710080605049172,False
UC3,90,all,all,"MAE, schedule projected at origin",oracle_level,6.171726104954698,6.03293125629425,6.320188367366791,1438723.0,True,2597,54,wt_med,-3.4709138442095107,-3.646589624881744,-3.294208359718323,-4.119658529758453,-2.820293116569519,1431903.0,0.9961043559561267,True
UC3,90,all,all,"MAE, schedule projected at origin",oracle_shape,8.872711916822709,8.613065433502197,9.144230604171753,1396317.0,True,2529,54,wt_med,-0.7703005030527148,-0.9073337078094482,-0.6164154767990112,-1.2097181320190429,-0.2902179956436158,1388934.0,0.9662129400773425,True
UC3,90,all,all,"MAE, schedule projected at origin",wt_med,9.631840072681587,9.379994988441467,9.894576907157898,1437503.0,True,2600,54,wt_med,,,,,,,,
D5,0,all,all,"first-hour MAE, schedule projected at origin",clim,4.497762901163965,4.253797233104706,4.761225700378418,29726.0,True,581,54,wt_med,0.2647703513859856,0.10680580139160156,0.43037877082824705,-0.11709553003311157,0.6126019358634949,29654.0,0.9928683831653664,False
D5,0,all,all,"first-hour MAE, schedule projected at origin",h5,4.218982858288502,3.98279949426651,4.484154772758484,29927.0,True,588,54,wt_med,-0.010682776977935404,-0.02647716999053955,0.003829109668731689,-0.03292305469512939,0.007548981904983516,29867.0,1.0,False
D5,0,all,all,"first-hour MAE, schedule projected at origin",lvlh5_cbd,3.989315640111567,3.7417882144451142,4.248658978939057,25697.0,True,473,54,wt_med,-0.001984665977180722,-0.028342193365097045,0.027084529399871826,-0.02495431303977966,0.026151394844055164,25670.0,0.8594770147654602,False
D5,0,all,all,"first-hour MAE, schedule projected at origin",lvlh5_naive,4.218185440789487,3.9826383173465727,4.494467508792877,29879.0,True,587,54,wt_med,-0.014730030959622553,-0.05614107847213745,0.026512801647186276,-0.0761483073234558,0.03997188210487363,29819.0,0.9983928750795192,False
D5,0,all,all,"first-hour MAE, schedule projected at origin",lvlh5_tft,4.156132229447173,3.930528062582016,4.403089261054992,29716.0,True,580,54,wt_med,-0.06810973979517332,-0.12412725687026978,-0.02233449220657349,-0.23372812271118165,0.011866444349288933,29657.0,0.9929688284728965,False
D5,0,all,all,"first-hour MAE, schedule projected at origin",oracle_level,4.110512657794709,3.88583904504776,4.35658084154129,29719.0,True,585,54,wt_med,-0.10558789732430718,-0.16803936958312987,-0.0524305820465088,-0.3391248822212219,-0.004377329349517824,29662.0,0.99313623731878,True
D5,0,all,all,"first-hour MAE, schedule projected at origin",oracle_shape,4.864285856423858,4.4061999917030334,5.358794832229614,29448.0,True,581,54,wt_med,0.6238963732943787,0.2576524972915649,1.0375025272369385,-0.18156168460845948,1.8023102998733518,29389.0,0.9839957143335454,False
D5,0,all,all,"first-hour MAE, schedule projected at origin",snaive7,4.452167766258247,4.191484904289245,4.710720491409302,25464.0,True,556,54,wt_med,0.20885727758566475,-0.05731595754623413,0.44255228042602535,-0.3896832585334778,0.7427586078643799,25448.0,0.8520440620082366,False
D5,0,all,all,"first-hour MAE, schedule projected at origin",wt_med,4.2265543911340275,3.9859924912452698,4.498022246360779,29867.0,True,587,54,wt_med,,,,,,,,
D5,1,all,all,"first-hour MAE, schedule projected at origin",clim,4.531141446767018,4.273452115058899,4.789838147163391,32818.0,True,637,54,wt_med,0.2727161662747015,0.10653980970382691,0.4365699172019958,-0.06309833526611326,0.5958435237407683,32741.0,0.9927230829871745,False
D5,1,all,all,"first-hour MAE, schedule projected at origin",h5,4.251194616664146,4.016738188266754,4.498721778392792,33065.0,True,650,54,wt_med,-0.010028501258299904,-0.024989497661590577,0.004007768630981443,-0.03176590204238892,0.00623003840446472,32981.0,1.0,False
D5,1,all,all,"first-hour MAE, schedule projected at origin",lvlh5_cbd,4.006772779954669,3.7705030500888825,4.268739128112793,28468.0,True,521,54,wt_med,-0.0036743663845815178,-0.029883050918579103,0.02148784399032593,-0.03011164665222168,0.024917644262313833,28433.0,0.8621024226069555,False
D5,1,all,all,"first-hour MAE, schedule projected at origin",lvlh5_naive,4.244179067288267,4.006268787384033,4.4996565818786625,33017.0,True,649,54,wt_med,-0.01959356310926097,-0.05716907978057861,0.020335733890533444,-0.08968356847763062,0.035078442096710204,32933.0,0.9985446165974349,False
D5,1,all,all,"first-hour MAE, schedule projected at origin",lvlh5_tft,4.195841930031554,3.973729759454727,4.439806509017944,32743.0,True,636,54,wt_med,-0.06856142028591616,-0.12375856637954712,-0.024018633365631103,-0.23204178810119627,0.007745653390884398,32661.0,0.9902974439828992,False
D5,1,all,all,"first-hour MAE, schedule projected at origin",oracle_level,4.143781267222631,3.917172795534134,4.392638885974884,32844.0,True,646,54,wt_med,-0.10053097749891471,-0.1594022274017334,-0.04894952774047852,-0.3272846817970276,-0.003402173519134526,32764.0,0.9934204542009035,True
D5,1,all,all,"first-hour MAE, schedule projected at origin",oracle_shape,4.813060072156174,4.396822965145111,5.288019812107086,32561.0,True,638,54,wt_med,0.5397293745501699,0.20974138975143433,0.9371502995491027,-0.21437017917633056,1.7167219460010528,32470.0,0.9845062308601922,False
D5,1,all,all,"first-hour MAE, schedule projected at origin",snaive7,4.423485767282585,4.174010336399078,4.681398010253906,28034.0,True,606,54,wt_med,0.12601306722839034,-0.13729584217071533,0.3623634934425354,-0.5941173791885376,0.7458391189575194,28009.0,0.849246535884297,False
D5,1,all,all,"first-hour MAE, schedule projected at origin",wt_med,4.258739880537279,4.016345858573914,4.507933473587036,32981.0,True,647,54,wt_med,,,,,,,,
D5,2,all,all,"first-hour MAE, schedule projected at origin",clim,4.567429232686488,4.311001777648926,4.8116226434707645,33702.0,True,664,54,wt_med,0.2501338727910989,0.08513780832290649,0.40959576368331907,-0.11980488300323486,0.5712985098361967,33614.0,0.9923830892772791,False
D5,2,all,all,"first-hour MAE, schedule projected at origin",h5,4.316122681778039,4.06910810470581,4.556258165836335,33970.0,True,679,54,wt_med,-0.009093056211620265,-0.024398577213287354,0.005234277248382567,-0.027954292297363282,0.0046488106250762926,33872.0,1.0,False
D5,2,all,all,"first-hour MAE, schedule projected at origin",lvlh5_cbd,4.028192929364089,3.7945760548114777,4.291026318073273,29291.0,True,548,54,wt_med,0.006061611432061298,-0.020728564262390135,0.031451064348220814,-0.019836682081222533,0.03803058862686154,29238.0,0.8631908360888049,False
D5,2,all,all,"first-hour MAE, schedule projected at origin",lvlh5_naive,4.309134278646211,4.072796511650085,4.553702807426452,33922.0,True,678,54,wt_med,-0.01828788961380301,-0.05548417568206787,0.01956684589385983,-0.09533606767654419,0.03979034423828123,33824.0,0.9985829003306566,False
D5,2,all,all,"first-hour MAE, schedule projected at origin",lvlh5_tft,4.267802466596697,4.032798957824707,4.505538928508758,33630.0,True,664,54,wt_med,-0.06359068392454681,-0.11909736394882202,-0.018578481674194347,-0.2070209503173828,0.011472040414810179,33536.0,0.9900803023145961,False
D5,2,all,all,"first-hour MAE, schedule projected at origin",oracle_level,4.195412228979309,3.965964138507843,4.435865914821624,33744.0,True,675,54,wt_med,-0.1137011866737021,-0.17487648725509644,-0.061291122436523474,-0.3502552092075348,-0.013144344091415407,33651.0,0.9934754369390647,True
D5,2,all,all,"first-hour MAE, schedule projected at origin",oracle_shape,4.819383820248061,4.42249481678009,5.287896907329559,33456.0,True,666,54,wt_med,0.474795368937019,0.1406139016151428,0.862298035621643,-0.2700480937957764,1.6153271794319153,33352.0,0.9846480869154464,False
D5,2,all,all,"first-hour MAE, schedule projected at origin",snaive7,4.437573861661453,4.19291101694107,4.694150328636169,28770.0,True,628,54,wt_med,0.08347829112162586,-0.18075209856033325,0.31387889385223383,-0.6266828060150146,0.6883856177330017,28744.0,0.848606518658479,False
D5,2,all,all,"first-hour MAE, schedule projected at origin",wt_med,4.321799716580066,4.077983736991882,4.56722491979599,33872.0,True,676,54,wt_med,,,,,,,,
D5,3,all,all,"first-hour MAE, schedule projected at origin",clim,4.600312017029714,4.353324341773987,4.84348326921463,34293.0,True,684,54,wt_med,0.25845276396607186,0.097622811794281,0.41932065486907955,-0.12325869798660277,0.5947584211826324,34190.0,0.9918482202431029,False
D5,3,all,all,"first-hour MAE, schedule projected at origin",h5,4.360773356851633,4.1274951815605165,4.603558909893036,34583.0,True,703,54,wt_med,-0.009879681471382185,-0.02477555274963379,0.004083204269409178,-0.03083149194717407,0.004611456394195553,34471.0,1.0,False
D5,3,all,all,"first-hour MAE, schedule projected at origin",lvlh5_cbd,4.060250340845394,3.8260957300662994,4.318074750900268,29705.0,True,560,54,wt_med,0.0020344465230524023,-0.02633114457130432,0.030144977569580074,-0.025210672616958616,0.03319549560546874,29647.0,0.8600562791912042,False
D5,3,all,all,"first-hour MAE, schedule projected at origin",lvlh5_naive,4.353616213793019,4.126817262172699,4.594978010654449,34539.0,True,702,54,wt_med,-0.019199238107791672,-0.05771760940551758,0.020730602741241447,-0.10456675291061401,0.04730321168899536,34427.0,0.9987235647355748,False
D5,3,all,all,"first-hour MAE, schedule projected at origin",lvlh5_tft,4.331561480439653,4.107034039497376,4.570806133747101,34235.0,True,687,54,wt_med,-0.04608550051578675,-0.09888579845428466,-0.002989602088928224,-0.18165451288223267,0.027128052711486817,34125.0,0.9899625772388384,False
D5,3,all,all,"first-hour MAE, schedule projected at origin",oracle_level,4.232862526112338,4.009004044532776,4.4677774667739865,34352.0,True,699,54,wt_med,-0.12188227502258897,-0.18663434982299804,-0.06760364770889284,-0.3604896008968353,-0.016714340448379522,34246.0,0.9934727742160077,True
D5,3,all,all,"first-hour MAE, schedule projected at origin",oracle_shape,4.834348995456268,4.443954992294311,5.292272663116455,34071.0,True,690,54,wt_med,0.44156396444401835,0.10931161642074586,0.8259265542030334,-0.28050795793533323,1.5436132431030274,33947.0,0.9847988163963912,False
D5,3,all,all,"first-hour MAE, schedule projected at origin",prod_served,5.378152233706825,5.130967378616333,5.618860721588135,34539.0,True,686,54,wt_med,1.0298338038827604,0.8064630150794982,1.2338820934295653,0.14844436645507814,1.7320046305656434,34357.0,0.9966928722694439,False
D5,3,all,all,"first-hour MAE, schedule projected at origin",prod_served_lin,5.593325660847158,5.347425019741058,5.844126760959625,34539.0,True,686,54,wt_med,1.246037925313618,1.0040098786354066,1.469572126865387,0.3041255116462708,1.9919343352317809,34357.0,0.9966928722694439,False
D5,3,all,all,"first-hour MAE, schedule projected at origin",snaive7,4.442291922919229,4.201381027698517,4.699234163761139,29268.0,True,646,54,wt_med,0.06395965122243119,-0.1992654800415039,0.28924421072006223,-0.6336763262748718,0.673423969745636,29245.0,0.8483943024571379,False
D5,3,all,all,"first-hour MAE, schedule projected at origin",wt_med,4.363900089930667,4.131892454624176,4.6061729192733765,34471.0,True,700,54,wt_med,,,,,,,,
D5,4,all,all,"first-hour MAE, schedule projected at origin",clim,4.675886545203747,4.432185173034668,4.928175711631774,34798.0,True,703,54,snaive7,0.3116250760803405,0.054744613170623777,0.5831125259399413,-0.1999921441078186,0.8431160628795623,29574.0,0.9956570043429956,False
D5,4,all,all,"first-hour MAE, schedule projected at origin",h5,4.469685916415191,4.228307521343231,4.749944972991943,35126.0,True,725,54,snaive7,0.02444800929668567,-0.2068323850631714,0.31307613849639887,-0.5755011558532714,0.7736622452735901,29688.0,0.9994950005049995,False
D5,4,all,all,"first-hour MAE, schedule projected at origin",lvlh5_cbd,4.105630951918338,3.8697323322296144,4.370671331882477,30214.0,True,576,54,snaive7,-0.18107613553634927,-0.40735492706298826,0.086870539188385,-0.8245359778404235,0.6382044315338135,25847.0,0.8701814631518702,False
D5,4,all,all,"first-hour MAE, schedule projected at origin",lvlh5_naive,4.44918041923746,4.216349875926971,4.717026162147522,35080.0,True,724,54,snaive7,-0.0019065700325757717,-0.22590179443359376,0.2766845226287842,-0.5947601437568665,0.7264476537704465,29670.0,0.9988890011109989,False
D5,4,all,all,"first-hour MAE, schedule projected at origin",lvlh5_tft,4.4374863344483,4.17743239402771,4.718573188781738,34853.0,True,709,54,snaive7,0.015419446103575929,-0.22745888233184813,0.33429363965988157,-0.5891945362091064,0.7473157048225403,29472.0,0.9922230077769922,False
D5,4,all,all,"first-hour MAE, schedule projected at origin",oracle_level,4.301170328972905,4.076582300662994,4.544091439247131,34895.0,True,721,54,snaive7,-0.1160493297001679,-0.3248190402984619,0.14395567178726196,-0.7049197912216186,0.5923224806785583,29579.0,0.9958253375079958,False
D5,4,all,all,"first-hour MAE, schedule projected at origin",oracle_shape,4.871422125999933,4.485429453849792,5.316811764240265,34614.0,True,711,54,snaive7,0.2650847360466093,-0.12133337259292601,0.7113226652145384,-0.7963094115257263,1.50183793902397,29460.0,0.9918190081809918,False
D5,4,all,all,"first-hour MAE, schedule projected at origin",prod_served,5.414611898178501,5.1535231351852415,5.707937073707581,35081.0,True,705,54,snaive7,1.033860578058075,0.7972926139831543,1.3065499424934388,0.7672763943672181,1.4459964394569396,29651.0,0.9982493350839983,False
D5,4,all,all,"first-hour MAE, schedule projected at origin",prod_served_lin,5.606738690459223,5.346447110176086,5.88895651102066,35081.0,True,705,54,snaive7,1.2276904657515768,0.9997549057006836,1.4971940040588378,0.9681273818016052,1.6166242241859434,29651.0,0.9982493350839983,False
D5,4,all,all,"first-hour MAE, schedule projected at origin",snaive7,4.459145540854459,4.22488579750061,4.706558299064636,29703.0,True,663,54,snaive7,,,,,,,,
D5,4,all,all,"first-hour MAE, schedule projected at origin",wt_med,4.480354336333762,4.2358704805374146,4.763339281082153,34995.0,True,722,54,snaive7,0.04373757455268379,-0.18993151187896729,0.3440322637557981,-0.5722063422203064,0.8115465760231018,29677.0,0.9991246675419991,False
D5,5,all,all,"first-hour MAE, schedule projected at origin",clim,4.796332669266814,4.537657785415649,5.062707781791687,35639.0,True,727,54,snaive7,0.2904881349219446,0.019466996192932132,0.5693821191787719,-0.21013956069946288,0.8277296423912046,30299.0,0.9951064109301103,False
D5,5,all,all,"first-hour MAE, schedule projected at origin",h5,4.654888739276493,4.375751709938049,4.950061190128326,36019.0,True,755,54,snaive7,0.06853652322561565,-0.1856667399406433,0.3622822523117065,-0.5340345978736878,0.8040003299713134,30419.0,0.9990475564897531,False
D5,5,all,all,"first-hour MAE, schedule projected at origin",lvlh5_cbd,4.313123696683641,4.041333639621735,4.619260418415069,30845.0,True,599,54,snaive7,-0.14492590839535335,-0.3770004391670227,0.13669459819793697,-0.7764137029647827,0.6822063565254209,26302.0,0.8638334209143458,False
D5,5,all,all,"first-hour MAE, schedule projected at origin",lvlh5_naive,4.656397427370441,4.372204744815827,4.961377429962158,35977.0,True,754,54,snaive7,0.07355261006708957,-0.17728651762008665,0.3610647559165954,-0.5236050963401794,0.7999130606651305,30401.0,0.9984563846558067,False
D5,5,all,all,"first-hour MAE, schedule projected at origin",lvlh5_tft,4.558448184803591,4.299489855766296,4.84050223827362,35690.0,True,737,54,snaive7,-0.0005621688298598215,-0.24630759954452514,0.2717416882514953,-0.5948065757751465,0.6945467829704285,30189.0,0.9914936941671045,False
D5,5,all,all,"first-hour MAE, schedule projected at origin",oracle_level,4.483438865348246,4.226283669471741,4.757897746562958,35784.0,True,749,54,snaive7,-0.08113287583999274,-0.31724934577941893,0.18439713716506956,-0.6708616852760315,0.6167943239212036,30307.0,0.9953691539674199,False
D5,5,all,all,"first-hour MAE, schedule projected at origin",oracle_shape,4.996244638207453,4.599259376525879,5.453531754016876,35531.0,True,739,54,snaive7,0.25174493533541487,-0.14155205488204955,0.6997191548347472,-0.7928156614303589,1.4755217313766473,30199.0,0.9918221229637415,False
D5,5,all,all,"first-hour MAE, schedule projected at origin",prod_served,5.589643760949971,5.30039724111557,5.879166221618652,35959.0,True,733,54,snaive7,1.0475532299996706,0.8046211242675781,1.2782844662666322,0.7807730317115784,1.4206025719642639,30387.0,0.997996584340515,False
D5,5,all,all,"first-hour MAE, schedule projected at origin",prod_served_lin,5.760014878055563,5.483132553100586,6.043807709217072,35959.0,True,733,54,snaive7,1.2237552242735381,0.9779014468193055,1.452776265144348,0.9676552772521972,1.5416555643081664,30387.0,0.997996584340515,False
D5,5,all,all,"first-hour MAE, schedule projected at origin",snaive7,4.607921702574882,4.346640884876251,4.899467182159424,30448.0,True,689,54,snaive7,,,,,,,,
D5,5,all,all,"first-hour MAE, schedule projected at origin",wt_med,4.679059328649492,4.3924360871315,4.985275650024414,35868.0,True,752,54,snaive7,0.10566298342541458,-0.1529947280883789,0.4181229948997497,-0.5180257022380829,0.8713953733444213,30408.0,0.9986862848134525,False
D5,6,all,all,"first-hour MAE, schedule projected at origin",clim,4.9808819463643905,4.693496191501618,5.288882112503051,36170.0,True,744,54,snaive7,0.38382032697370505,0.09012933969497681,0.6822224497795104,-0.10300921201705933,0.9149403810501099,30767.0,0.9944406735835031,False
D5,6,all,all,"first-hour MAE, schedule projected at origin",h5,4.923308889860857,4.6212148547172545,5.2690263271331785,36581.0,True,780,54,snaive7,0.23447668771248154,-0.02317308187484741,0.5667106628417968,-0.4410465955734253,1.0810725688934326,30885.0,0.9982546300785416,False
D5,6,all,all,"first-hour MAE, schedule projected at origin",lvlh5_cbd,4.562530882346461,4.267315292358399,4.900705695152283,31283.0,True,615,54,snaive7,-0.024875154137329325,-0.2905794262886047,0.28354530334472655,-0.7041523098945618,0.839575934410095,26745.0,0.8644429361000678,False
D5,6,all,all,"first-hour MAE, schedule projected at origin",lvlh5_naive,4.960093430863111,4.6350749969482425,5.354316568374633,36538.0,True,779,54,snaive7,0.2819971363304008,-0.011183047294616699,0.6308701276779174,-0.44488900899887085,1.1536917209625244,30871.0,0.997802126765571,False
D5,6,all,all,"first-hour MAE, schedule projected at origin",lvlh5_tft,4.728816362091368,4.479396593570709,5.031978476047516,36255.0,True,761,54,snaive7,0.0707446634474822,-0.16584669351577758,0.3504747748374939,-0.5308948874473571,0.7790750861167908,30647.0,0.9905620737580401,False
D5,6,all,all,"first-hour MAE, schedule projected at origin",oracle_level,4.67186660504045,4.404092276096344,4.972966003417969,36345.0,True,772,54,snaive7,-0.003178832738121251,-0.24242932796478273,0.26778041124343865,-0.6121605336666107,0.720522117614746,30770.0,0.9945376385791396,False
D5,6,all,all,"first-hour MAE, schedule projected at origin",oracle_shape,5.12995672298702,4.726153934001923,5.582930588722229,36116.0,True,762,54,snaive7,0.2775124348664253,-0.1298039674758911,0.7141736507415771,-0.7915412008762359,1.4463567137718185,30686.0,0.9918226187013155,False
D5,6,all,all,"first-hour MAE, schedule projected at origin",prod_served,5.782353747088642,5.49958633184433,6.088493239879608,36495.0,True,755,54,snaive7,1.1535794147195126,0.9048109173774719,1.4004640460014344,0.8564817547798157,1.5728268146514892,30857.0,0.9973496234526003,False
D5,6,all,all,"first-hour MAE, schedule projected at origin",prod_served_lin,5.934398547746267,5.657799482345581,6.228284335136413,36495.0,True,755,54,snaive7,1.3090465696600448,1.0605665445327759,1.5575265169143675,1.0450061917304994,1.6320761442184448,30857.0,0.9973496234526003,False
D5,6,all,all,"first-hour MAE, schedule projected at origin",snaive7,4.728885872200136,4.455136406421661,5.025491499900817,30939.0,True,708,54,snaive7,,,,,,,,
D5,6,all,all,"first-hour MAE, schedule projected at origin",wt_med,4.964018896945726,4.653735733032226,5.320083141326904,36408.0,True,775,54,snaive7,0.29678035824182913,0.015902125835418703,0.6557722210884094,-0.41274526119232174,1.1611622810363766,30873.0,0.9978667700959953,False
D5,7,all,all,"first-hour MAE, schedule projected at origin",clim,5.133176617659048,4.827716696262359,5.442428350448608,36797.0,True,771,54,clim,,,,,,,,
D5,7,all,all,"first-hour MAE, schedule projected at origin",h5,5.176673334049294,4.846597445011139,5.534529602527618,37246.0,True,811,54,clim,-0.025882737576285564,-0.18851568698883056,0.13503648042678826,-0.4681137681007385,0.4952170014381407,36704.0,0.9974726200505476,False
D5,7,all,all,"first-hour MAE, schedule projected at origin",lvlh5_cbd,4.793856327025923,4.477506411075592,5.144162583351135,31764.0,True,634,54,clim,-0.057454413845714036,-0.2566590905189514,0.1580184578895568,-0.48372271060943606,0.5074331045150755,31459.0,0.85493382612713,False
D5,7,all,all,"first-hour MAE, schedule projected at origin",lvlh5_naive,5.35170793805886,4.9586577892303465,5.788320052623749,37172.0,True,810,54,clim,0.14379914647406355,-0.10384272336959839,0.40191894769668574,-0.49599127769470214,0.9715953350067136,36641.0,0.9957605239557573,False
D5,7,all,all,"first-hour MAE, schedule projected at origin",lvlh5_tft,4.9449336918187345,4.6514673113822935,5.247200381755829,36927.0,True,792,54,clim,-0.23361758990560055,-0.4019502878189087,-0.05719615221023563,-0.6613946616649627,0.2617839217185974,36413.0,0.9895643666603255,False
D5,7,all,all,"first-hour MAE, schedule projected at origin",oracle_level,4.889236873844782,4.599169087409973,5.2006710290908815,37006.0,True,802,54,clim,-0.28658567691248127,-0.4873993396759033,-0.09177412986755375,-0.7830940008163452,0.23764663934707636,36514.0,0.9923091556376878,False
D5,7,all,all,"first-hour MAE, schedule projected at origin",oracle_shape,5.897966477510391,5.440299057960511,6.430250358581543,36669.0,True,787,54,clim,0.6793817085101308,0.25567092895507815,1.1612863421440123,-0.4171221852302551,1.9952945947647094,36234.0,0.984699839660842,False
D5,7,all,all,"first-hour MAE, schedule projected at origin",prod_served,6.1998709642732335,5.880043840408325,6.532708513736725,37199.0,True,786,54,clim,1.0376469947735192,0.8040785312652587,1.29180828332901,0.557689619064331,1.5335893869400024,36736.0,0.9983422561621871,False
D5,7,all,all,"first-hour MAE, schedule projected at origin",prod_served_lin,6.379133175623001,6.059079813957214,6.721042287349701,37199.0,True,786,54,clim,1.2187091681184672,0.9631528854370117,1.499889600276947,0.7438222765922546,1.6873558402061462,36736.0,0.9983422561621871,False
D5,7,all,all,"first-hour MAE, schedule projected at origin",wt_med,5.239681468484276,4.883898389339447,5.621033704280853,37045.0,True,805,54,clim,0.05352419904567096,-0.12310936450958251,0.23573375940322872,-0.43109755516052245,0.6456858992576598,36675.0,0.9966845123243743,False
D5,10,all,all,"first-hour MAE, schedule projected at origin",clim,5.545117444568189,5.214704310894012,5.887314081192017,39508.0,True,862,54,clim,,,,,,,,
D5,10,all,all,"first-hour MAE, schedule projected at origin",h5,5.723927519408872,5.376121604442597,6.117142784595489,40059.0,True,916,54,clim,0.09665564888595579,-0.06267857551574707,0.2592836618423461,-0.38522130250930786,0.6510043144226073,39406.0,0.9974182444061962,False
D5,10,all,all,"first-hour MAE, schedule projected at origin",lvlh5_cbd,5.451284851628875,5.068631947040558,5.889559936523438,34325.0,True,711,54,clim,0.1685345764294155,-0.0435150384902954,0.41323063373565666,-0.3904731869697571,0.8279087901115416,33920.0,0.8585602915865141,False
D5,10,all,all,"first-hour MAE, schedule projected at origin",lvlh5_naive,6.001169251564797,5.589162611961365,6.483801329135895,39990.0,True,915,54,clim,0.37234906040599824,0.11025792360305786,0.6584967136383056,-0.41925567388534546,1.4345036149024963,39348.0,0.9959501873038372,False
D5,10,all,all,"first-hour MAE, schedule projected at origin",lvlh5_tft,5.656586390606496,5.2975194454193115,6.0481649994850155,39467.0,True,886,54,clim,0.04104648727366467,-0.17176907062530516,0.2831179141998291,-0.4944554328918457,0.6443631410598755,38835.0,0.9829654753467653,False
D5,10,all,all,"first-hour MAE, schedule projected at origin",oracle_level,5.358298717121041,5.059532117843628,5.704498898983002,39821.0,True,906,54,clim,-0.23811853803830285,-0.4353092908859253,-0.04267446994781496,-0.7094270467758179,0.28602960109710684,39217.0,0.9926344031588539,False
D5,10,all,all,"first-hour MAE, schedule projected at origin",oracle_shape,6.136433984015906,5.71280015707016,6.655581521987915,39555.0,True,891,54,clim,0.4934264705403919,0.08701486587524414,0.9710930585861206,-0.5732135891914367,1.8625007748603812,38962.0,0.9861800141743444,False
D5,10,all,all,"first-hour MAE, schedule projected at origin",prod_served,6.927688581487677,6.5097692012786865,7.340152454376221,40049.0,True,888,54,clim,1.3329742198788308,1.0544950246810914,1.6409602642059327,0.6430105686187744,2.148603844642639,39449.0,0.99850663156829,False
D5,10,all,all,"first-hour MAE, schedule projected at origin",prod_served_lin,6.997144123448775,6.603323495388031,7.378490817546845,40049.0,True,888,54,clim,1.4015849577936068,1.1234983921051025,1.6933163404464722,0.8129712581634522,1.9938445687294004,39449.0,0.99850663156829,False
D5,10,all,all,"first-hour MAE, schedule projected at origin",wt_med,5.822135082824322,5.4565316319465635,6.251238894462586,39783.0,True,909,54,clim,0.21486091705830113,0.04013804197311401,0.4018060684204101,-0.3686003446578979,0.9088945388793944,39365.0,0.9963804799028045,False
D5,14,all,all,"first-hour MAE, schedule projected at origin",clim,5.780799644394535,5.448662555217743,6.103273916244507,42744.0,True,965,54,clim,,,,,,,,
D5,14,all,all,"first-hour MAE, schedule projected at origin",h5,6.180052378873854,5.814195835590363,6.554075634479522,43529.0,True,1038,54,clim,0.32847923022764647,0.16985098123550416,0.5057805776596068,-0.2465800166130066,0.9434150695800779,42610.0,0.9968650570840352,False
D5,14,all,all,"first-hour MAE, schedule projected at origin",lvlh5_cbd,5.938439070497986,5.531556689739228,6.353279387950897,37378.0,True,800,54,clim,0.3629263432932257,0.17105166912078856,0.5887972593307494,-0.2942784488201141,1.0213132739067077,36736.0,0.859442260902115,False
D5,14,all,all,"first-hour MAE, schedule projected at origin",lvlh5_naive,6.5087343539935345,6.086565327644348,6.988065028190613,43447.0,True,1037,54,clim,0.663739969223867,0.42061337232589724,0.9295042991638184,-0.22871025800704955,1.7756631970405574,42541.0,0.9952507954332772,False
D5,14,all,all,"first-hour MAE, schedule projected at origin",lvlh5_tft,6.222297806683124,5.835099279880524,6.630991876125336,42702.0,True,1011,54,clim,0.3783427326388571,0.170457661151886,0.6278607249259949,-0.2786972880363464,1.142427361011505,41789.0,0.9776576829496537,False
D5,14,all,all,"first-hour MAE, schedule projected at origin",oracle_level,5.849119011081107,5.511997163295746,6.2077653169631954,43281.0,True,1028,54,clim,0.024484156333890894,-0.15601528882980348,0.2240472674369811,-0.5422908902168274,0.6010046124458309,42412.0,0.9922328279992514,False
D5,14,all,all,"first-hour MAE, schedule projected at origin",oracle_shape,6.808709912205361,6.379442179203034,7.280470407009124,42977.0,True,1010,54,clim,0.9226697025448916,0.5203127503395081,1.4043062806129456,-0.19729434251785277,2.4809849977493275,42110.0,0.9851675088901366,False
D5,14,all,all,"first-hour MAE, schedule projected at origin",prod_served,7.446951920864964,7.0052649021148685,7.903521633148193,43470.0,True,1008,54,clim,1.594624110476996,1.3246868252754211,1.9043672919273376,0.9329003095626831,2.3589471936225888,42579.0,0.9961398090960135,False
D5,14,all,all,"first-hour MAE, schedule projected at origin",prod_served_lin,7.484782608695652,7.086740803718567,7.902765107154846,43470.0,True,1008,54,clim,1.6325565419573032,1.3676737666130065,1.9445231676101684,1.111678421497345,2.122377789020538,42579.0,0.9961398090960135,False
D5,14,all,all,"first-hour MAE, schedule projected at origin",wt_med,6.294022897932697,5.904644191265106,6.700953793525696,43148.0,True,1033,54,clim,0.44604595432760075,0.2701826333999634,0.6388867616653442,-0.22431200742721558,1.1676473855972287,42564.0,0.9957888826501965,False
D5,21,all,all,"first-hour MAE, schedule projected at origin",clim,5.916942949407965,5.6006174206733705,6.23091207742691,46450.0,True,1095,54,clim,,,,,,,,
D5,21,all,all,"first-hour MAE, schedule projected at origin",h5,6.315690926612616,5.970039200782776,6.678221416473389,47733.0,True,1177,54,clim,0.3559946805067007,0.20628560781478883,0.5111594080924987,-0.18248430490493775,0.8979134440422059,46339.0,0.9976103336921421,False
D5,21,all,all,"first-hour MAE, schedule projected at origin",lvlh5_cbd,6.075807113806277,5.678311812877655,6.491091251373291,40583.0,True,902,54,clim,0.34393004800276916,0.15233273506164552,0.5696035027503967,-0.2722738981246948,0.9482856631278991,39487.0,0.8500968783638321,False
D5,21,all,all,"first-hour MAE, schedule projected at origin",lvlh5_naive,6.628837595090085,6.210506319999695,7.080764424800873,47647.0,True,1175,54,clim,0.676703544920505,0.4471088647842407,0.9233230710029602,-0.13578574657440184,1.666281139850616,46270.0,0.9961248654467169,False
D5,21,all,all,"first-hour MAE, schedule projected at origin",lvlh5_tft,6.388837465245479,5.998790574073792,6.816225254535675,47101.0,True,1154,54,clim,0.4639159392040755,0.26189368963241577,0.6912842631340026,-0.2018567085266113,1.1883527278900143,45721.0,0.9843057050592035,False
D5,21,all,all,"first-hour MAE, schedule projected at origin",oracle_level,6.002296365449838,5.678415513038635,6.363598382472992,47454.0,True,1166,54,clim,0.06028633063079081,-0.11247649192810058,0.250115156173706,-0.4895733118057251,0.6101261019706723,46125.0,0.9930032292787944,False
D5,21,all,all,"first-hour MAE, schedule projected at origin",oracle_shape,7.084609056923749,6.6872902631759645,7.523546648025513,47090.0,True,1148,54,clim,1.0545855473158312,0.693117904663086,1.487654900550842,-0.0755325436592102,2.6629839301109315,45789.0,0.9857696447793326,False
D5,21,all,all,"first-hour MAE, schedule projected at origin",prod_served,7.9140456383714355,7.520409739017486,8.361944723129273,47723.0,True,1149,54,clim,1.9486621100066843,1.6807227373123168,2.241114270687103,1.2824401021003724,2.793603479862213,46379.0,0.9984714747039828,False
D5,21,all,all,"first-hour MAE, schedule projected at origin",prod_served_lin,8.012187519644616,7.631952631473541,8.440509295463562,47723.0,True,1149,54,clim,2.048421699476056,1.7723452568054199,2.339722788333893,1.5310910224914551,2.5979042530059813,46379.0,0.9984714747039828,False
D5,21,all,all,"first-hour MAE, schedule projected at origin",wt_med,6.440130170238928,6.081629228591919,6.817075157165527,47169.0,True,1170,54,clim,0.4770826580226908,0.3147747993469238,0.6576526045799255,-0.15416405200958253,1.1367442965507506,46275.0,0.996232508073197,False
D5,30,all,all,"first-hour MAE, schedule projected at origin",clim,5.815746926302324,5.538656449317932,6.110953950881958,56284.0,True,1316,54,clim,,,,,,,,
D5,30,all,all,"first-hour MAE, schedule projected at origin",h5,6.215415036940461,5.886785507202148,6.555097460746765,57525.0,True,1429,54,clim,0.31162742519500686,0.18630456924438477,0.44302107095718385,-0.14523639678955078,0.7725039362907409,55511.0,0.9862660791699239,False
D5,30,all,all,"first-hour MAE, schedule projected at origin",lvlh5_cbd,5.882575251482242,5.536991739273072,6.244676053524017,49141.0,True,1141,54,clim,0.10379332998284863,-0.054189229011535646,0.2701176643371582,-0.33131664991378784,0.5119132876396179,47496.0,0.8438632648710113,False
D5,30,all,all,"first-hour MAE, schedule projected at origin",lvlh5_naive,6.510334962242223,6.130493652820587,6.926799809932708,57404.0,True,1420,54,clim,0.6200740791508617,0.43523030281066893,0.8333014130592346,-0.06005817651748656,1.4254382610321044,55431.0,0.9848447160827233,False
D5,30,all,all,"first-hour MAE, schedule projected at origin",lvlh5_tft,6.450078685631221,6.072422933578491,6.843714737892151,56851.0,True,1400,54,clim,0.5290152916402766,0.34286956787109374,0.7246514916419982,-0.12406058311462402,1.3347937464714046,54872.0,0.974912941510909,False
D5,30,all,all,"first-hour MAE, schedule projected at origin",oracle_level,5.796398647364202,5.4972873568534855,6.13159019947052,57201.0,True,1415,54,clim,-0.07894201212571783,-0.22866605520248412,0.08541139364242545,-0.5357495188713074,0.32114905118942255,55262.0,0.981842086561012,False
D5,30,all,all,"first-hour MAE, schedule projected at origin",oracle_shape,7.097187076842498,6.733432340621948,7.471520173549652,57314.0,True,1395,54,clim,1.1873277215653575,0.8655841708183288,1.5467068552970886,0.19060589075088502,2.4946417689323415,55328.0,0.9830147111079526,False
D5,30,all,all,"first-hour MAE, schedule projected at origin",prod_served,8.297096207502324,7.928272223472595,8.716762280464172,58062.0,True,1379,54,clim,2.447320124015537,2.1901650071144103,2.7234973311424255,1.7650106787681579,3.3435683369636533,56122.0,0.9971217397484188,False
D5,30,all,all,"first-hour MAE, schedule projected at origin",prod_served_lin,8.419129551169439,8.06385555267334,8.822343945503235,58062.0,True,1379,54,clim,2.5723357150493573,2.3024667382240294,2.8566630363464354,1.9936850428581239,3.3277714133262633,56122.0,0.9971217397484188,False
D5,30,all,all,"first-hour MAE, schedule projected at origin",wt_med,6.3252382552115565,5.971469402313232,6.67697833776474,56557.0,True,1424,54,clim,0.42674340735914207,0.2898749947547913,0.5678409576416016,-0.09058812856674194,0.988397693634033,55251.0,0.9816466491365219,False
D5,45,all,all,"first-hour MAE, schedule projected at origin",clim,6.1000637044115305,5.808396565914154,6.381919372081756,62790.0,True,1409,54,clim,,,,,,,,
D5,45,all,all,"first-hour MAE, schedule projected at origin",h5,6.196370936755552,5.908503305912018,6.492916440963745,65065.0,True,1582,54,clim,0.033665140714757236,-0.06958816051483155,0.1352614045143127,-0.32812570333480834,0.38169825077056874,62147.0,0.9897595158464724,False
D5,45,all,all,"first-hour MAE, schedule projected at origin",lvlh5_cbd,4.464419478377032,4.1924370408058165,4.77008171081543,24334.0,True,533,54,clim,-0.6715197838546549,-0.8293262004852295,-0.5209202408790589,-1.4078008651733398,-0.18919946551322941,24182.0,0.3851250199076286,True
D5,45,all,all,"first-hour MAE, schedule projected at origin",lvlh5_naive,6.366956087335276,6.0686762690544125,6.685207772254944,64788.0,True,1568,54,clim,0.20707903307522368,0.08940818309783935,0.3319793462753296,-0.23452439308166503,0.6619745850563049,61949.0,0.9866061474757127,False
D5,45,all,all,"first-hour MAE, schedule projected at origin",lvlh5_tft,6.386440983923579,6.069416034221649,6.714949572086335,64602.0,True,1572,54,clim,0.2144788875038115,0.075797438621521,0.3630136728286743,-0.2477342367172241,0.7228718757629393,61749.0,0.9834209268991878,False
D5,45,all,all,"first-hour MAE, schedule projected at origin",oracle_level,5.893417487183354,5.61078040599823,6.21298588514328,64762.0,True,1575,54,clim,-0.25114808182363024,-0.3893561601638794,-0.10194841623306275,-0.6749670147895813,0.11351068019866939,61921.0,0.9861602165949992,False
D5,45,all,all,"first-hour MAE, schedule projected at origin",oracle_shape,6.885301983492704,6.601452314853669,7.187577402591705,64358.0,True,1521,54,clim,0.625964604002518,0.34106835126876833,0.9411550879478454,-0.2714934110641479,1.655695652961731,61678.0,0.9822901735945214,False
D5,45,all,all,"first-hour MAE, schedule projected at origin",prod_served,8.5747950339658,8.230914378166199,8.919440865516663,64035.0,True,1471,54,clim,2.406957798283539,2.1878904581069945,2.6535871267318725,1.7194311499595643,3.0631866455078125,61988.0,0.9872272654881351,False
D5,45,all,all,"first-hour MAE, schedule projected at origin",prod_served_lin,8.737694229718123,8.396848940849305,9.076741361618042,64035.0,True,1471,54,clim,2.5730080822094603,2.3455145955085754,2.8173500180244444,1.9754682660102845,3.2208196997642515,61988.0,0.9872272654881351,False
D5,45,all,all,"first-hour MAE, schedule projected at origin",wt_med,6.3623824451410655,6.051713287830353,6.661017799377442,63800.0,True,1575,54,clim,0.1641485068603714,0.05857625007629395,0.2743294835090637,-0.25496625900268555,0.610538041591644,61950.0,0.9866220735785953,False
D5,60,all,all,"first-hour MAE, schedule projected at origin",clim,6.3247550915184325,6.045229101181031,6.609920299053192,77580.0,True,1707,54,wt_med,0.13208899779721328,0.03573408126831055,0.22951612472534175,-0.233651864528656,0.5976578950881958,76721.0,0.9775243677135759,False
D5,60,all,all,"first-hour MAE, schedule projected at origin",h5,6.092331787996492,5.821963369846344,6.375009524822235,79810.0,True,1807,54,wt_med,-0.10251560807797677,-0.13776588439941406,-0.07085624933242798,-0.2296503782272339,-0.018405854701995853,78485.0,1.0,True
D5,60,all,all,"first-hour MAE, schedule projected at origin",lvlh5_naive,6.276310961662422,5.987474989891052,6.5521352052688595,79554.0,True,1795,54,wt_med,0.07605478894896578,0.022726666927337647,0.13005356788635253,-0.04524520635604858,0.2294136047363281,78253.0,0.9970440211505384,False
D5,60,all,all,"first-hour MAE, schedule projected at origin",lvlh5_tft,2.6,1.1891722202301025,3.6047686636447906,555.0,True,63,54,wt_med,0.0,0.0,0.0,0.0,0.0,547.0,0.006969484614894566,False
D5,60,all,all,"first-hour MAE, schedule projected at origin",oracle_level,5.906948798172132,5.641085886955262,6.191299068927765,79455.0,True,1803,54,wt_med,-0.2662146851420033,-0.3556217312812805,-0.16219418048858641,-0.5190307259559631,-0.05668032169342042,78165.0,0.9959227877938459,True
D5,60,all,all,"first-hour MAE, schedule projected at origin",oracle_shape,6.606194412277653,6.369813024997711,6.862250733375549,78549.0,True,1738,54,wt_med,0.33181345747135094,0.09122269153594971,0.5820701599121093,-0.5271374940872192,1.1821278929710388,76808.0,0.978632859782124,False
D5,60,all,all,"first-hour MAE, schedule projected at origin",prod_served,3.270566727605119,1.5224672257900238,4.394239008426666,547.0,True,59,54,wt_med,0.6571164510166358,0.19372358322143554,0.9623038828372955,0.0,2.205883026123047,541.0,0.006893036886029178,False
D5,60,all,all,"first-hour MAE, schedule projected at origin",prod_served_lin,3.34209323583181,1.5969136863946916,4.54798800945282,547.0,True,59,54,wt_med,0.7294362292051755,0.18429124355316162,1.1199354708194733,0.0,4.705883026123047,541.0,0.006893036886029178,False
D5,60,all,all,"first-hour MAE, schedule projected at origin",wt_med,6.19798050582914,5.916518890857697,6.479354202747345,78485.0,True,1795,54,wt_med,,,,,,,,
D5,90,all,all,"first-hour MAE, schedule projected at origin",clim,6.073692099818436,5.792674243450165,6.340956962108612,94732.0,True,2094,54,wt_med,0.39329067369629467,0.3120247840881348,0.4859257698059082,0.0391278624534607,0.8905875444412231,94078.0,0.9343795004221086,False
D5,90,all,all,"first-hour MAE, schedule projected at origin",h5,5.657589399713213,5.425309848785401,5.902599108219147,101818.0,True,2214,54,wt_med,-0.04832087699260068,-0.0844529151916504,-0.015025830268859872,-0.1132654070854187,-0.004916226863861088,100685.0,1.0,True
D5,90,all,all,"first-hour MAE, schedule projected at origin",lvlh5_naive,5.8205161301641635,5.575962376594544,6.062550508975983,101506.0,True,2203,54,wt_med,0.1113790974645621,0.057336199283599856,0.1721777081489563,0.0006760478019714362,0.22219437360763544,100387.0,0.9970402741222625,False
D5,90,all,all,"first-hour MAE, schedule projected at origin",oracle_level,5.631763767027471,5.388871824741363,5.878866863250733,101211.0,True,2211,54,wt_med,-0.05768003543265543,-0.14205265045166016,0.023074269294738766,-0.26568217277526857,0.12060635089874247,100113.0,0.9943189154293093,False
D5,90,all,all,"first-hour MAE, schedule projected at origin",oracle_shape,6.305846574103049,6.0675823330879215,6.527569603919983,99037.0,True,2180,54,wt_med,0.5511297809106965,0.34639891386032107,0.7556994318962097,-0.1600671648979187,1.284176218509674,97493.0,0.9682971644236976,False
D5,90,all,all,"first-hour MAE, schedule projected at origin",wt_med,5.693102249590306,5.45779994726181,5.935232710838318,100685.0,True,2213,54,wt_med,,,,,,,,
D2,w0-45,headliners,all,live-window MAE (headliners),clim,13.630474450447288,13.369417357444764,13.911786007881165,432943.0,True,4978,54,persistence,8.300968721308738,8.038528299331665,8.583773446083068,7.285547089576721,9.155639934539796,383392.0,0.9136538576109622,False
D2,w0-45,headliners,all,live-window MAE (headliners),h5,12.667448341708328,12.42755708694458,12.921792459487914,466866.0,True,5393,54,persistence,7.240415730701889,7.002060604095459,7.49062876701355,6.349044549465179,8.016892910003662,415792.0,0.9908656538576109,False
D2,w0-45,headliners,all,live-window MAE (headliners),lvlh5_naive,12.850586123510007,12.591452193260192,13.108903408050537,456291.0,True,5307,54,persistence,7.428229897330734,7.177940678596497,7.680007803440094,6.524383139610291,8.254361510276794,405406.0,0.9661149836163241,False
D2,w0-45,headliners,all,live-window MAE (headliners),lvlh5_tft,11.899464225913977,11.671639537811279,12.136949181556702,456922.0,True,5267,54,persistence,6.424464352575018,6.2082672953605655,6.653424692153931,5.746196162700653,7.066700422763825,406901.0,0.9696776884122729,False
D2,w0-45,headliners,all,live-window MAE (headliners),persistence,6.045473935061066,5.945990312099457,6.142765831947327,419625.0,True,5393,54,persistence,,,,,,,,
D2,w0-45,headliners,all,live-window MAE (headliners),snaive7,13.567760473418684,13.247070789337158,13.882113361358643,391873.0,True,4939,54,persistence,8.08054109946078,7.776092517375946,8.414395785331726,7.132777941226959,8.960992431640625,351063.0,0.8366112600536193,False
D2,w0-45,headliners,all,live-window MAE (headliners),wt_med,12.923526714303245,12.678787732124329,13.173644709587098,464489.0,True,5393,54,persistence,7.453986351832841,7.216920638084412,7.7069835543632506,6.546648871898651,8.231057286262512,413975.0,0.9865355972594578,False
D3,0,all,all,best-time hit rate (top-2),clim,0.8171364148816235,0.8121174708008766,0.8219308078289032,53220.0,False,4321,54,clim,,,,,,,,
D3,0,all,all,best-time hit rate (top-2),h5,0.8198018517617681,0.8148012742400169,0.8242434099316597,61671.0,False,4927,54,clim,0.01705426356589157,0.014052927494049072,0.020138970017433165,0.010937130451202393,0.024578294157981868,52890.0,0.9937993235625705,True
D3,0,all,all,best-time hit rate (top-2),lvlh5_cbd,0.7524395822215446,0.7470904245972634,0.7575653672218323,52468.0,False,3901,54,clim,-0.05142577516793445,-0.0561367318034172,-0.04680822640657425,-0.06301987171173096,-0.03884315490722657,44958.0,0.8447576099210823,False
D3,0,all,all,best-time hit rate (top-2),lvlh5_naive,0.8024164063019344,0.7975033536553383,0.8071478277444839,60172.0,False,4833,54,clim,-0.0046128438277113215,-0.008306463062763215,-0.001056724786758423,-0.01161133348941803,0.0035869777202606153,52679.0,0.9898346486283353,False
D3,0,all,all,best-time hit rate (top-2),lvlh5_tft,0.7902537801457286,0.7853065118193626,0.7951107203960419,60249.0,False,4812,54,clim,-0.013701815926665195,-0.01752423644065857,-0.009588420391082764,-0.02108379453420639,-0.0052018269896507265,51599.0,0.9695415257422022,False
D3,0,all,all,best-time hit rate (top-2),snaive7,0.8049570884227769,0.7979944586753845,0.8113637700676918,28081.0,False,3785,54,clim,-0.025769956002514194,-0.03048052042722702,-0.021111458539962772,-0.03394342064857483,-0.01798237264156342,25456.0,0.47831642239759486,False
D3,0,all,all,best-time hit rate (top-2),wt_med,0.8131400338502043,0.8076560705900192,0.8181436315178872,58493.0,False,4814,54,clim,0.007373130316238208,0.004709760844707489,0.009881281852722168,0.0027914077043533327,0.012254408001899718,52081.0,0.978598271326569,True
D3,1,all,all,best-time hit rate (top-2),clim,0.817625458996328,0.8126193165779114,0.8223215058445931,53105.0,False,4312,54,clim,,,,,,,,
D3,1,all,all,best-time hit rate (top-2),h5,0.8194942903752039,0.8144729927182197,0.8240200683474541,61300.0,False,4906,54,clim,0.016327846468937257,0.013129714131355285,0.019449329376220702,0.010039976239204407,0.02401439100503921,52732.0,0.9929761792674889,True
D3,1,all,all,best-time hit rate (top-2),lvlh5_cbd,0.7525801247789159,0.7474045246839524,0.7576725527644157,51451.0,False,3850,54,clim,-0.052214188883868085,-0.05719423145055771,-0.047293880581855775,-0.06423574537038804,-0.03928480595350266,44260.0,0.8334431786084173,False
D3,1,all,all,best-time hit rate (top-2),lvlh5_naive,0.8022807982793978,0.7972261339426041,0.806987863779068,59979.0,False,4817,54,clim,-0.005215669851905469,-0.0089315727353096,-0.0017922237515449542,-0.012373903393745422,0.003154930472373959,52534.0,0.9892477167874965,False
D3,1,all,all,best-time hit rate (top-2),lvlh5_tft,0.7894649052575393,0.7843719586730004,0.794659897685051,59952.0,False,4791,54,clim,-0.014993114417052977,-0.018995751440525056,-0.010686488449573516,-0.02272442728281021,-0.005779428780078889,51557.0,0.9708502024291498,False
D3,1,all,all,best-time hit rate (top-2),snaive7,0.8047990316494001,0.797945374250412,0.8112795680761338,28089.0,False,3785,54,clim,-0.025664203741550096,-0.030384132266044618,-0.021051396429538728,-0.0336070716381073,-0.017671953141689303,25444.0,0.47912625929761793,False
D3,1,all,all,best-time hit rate (top-2),wt_med,0.8116847263441231,0.8063349321484565,0.8166783854365349,57956.0,False,4782,54,clim,0.004725442166374161,0.002137283980846405,0.007200206816196442,0.0002506956458091736,0.0095791757106781,51847.0,0.9763110818190378,True
D3,2,all,all,best-time hit rate (top-2),clim,0.8179347313187747,0.8127596527338028,0.822719544172287,52981.0,False,4306,54,clim,,,,,,,,
D3,2,all,all,best-time hit rate (top-2),h5,0.8201035658101731,0.8151258513331413,0.8246337905526161,61024.0,False,4893,54,clim,0.016163998022287296,0.013067196309566497,0.01920824944972992,0.009819579124450684,0.023896384239196777,52586.0,0.9925444970838603,True
D3,2,all,all,best-time hit rate (top-2),lvlh5_cbd,0.7509300162752848,0.7456493020057678,0.7564077526330948,51612.0,False,3870,54,clim,-0.05344765505446036,-0.05811624526977539,-0.048389819264411923,-0.06539042592048645,-0.04095829576253891,44436.0,0.8387157660293313,False
D3,2,all,all,best-time hit rate (top-2),lvlh5_naive,0.8025155341751854,0.7973555356264115,0.8073386147618293,59868.0,False,4807,54,clim,-0.005171459649256693,-0.008808617293834687,-0.0015801534056663527,-0.012559174001216889,0.0033093318343162506,52403.0,0.9890904286442309,False
D3,2,all,all,best-time hit rate (top-2),lvlh5_tft,0.7907692822598189,0.7858044907450676,0.7956908792257309,59757.0,False,4785,54,clim,-0.014277677549516032,-0.018194516003131867,-0.010087509453296662,-0.02191421389579773,-0.004998227953910828,51549.0,0.9729714425926276,False
D3,2,all,all,best-time hit rate (top-2),snaive7,0.8048215939035681,0.7979744449257851,0.8113074630498887,28082.0,False,3784,54,clim,-0.02582575489153971,-0.03062010705471039,-0.021228574216365814,-0.03374030590057373,-0.01780284941196442,25401.0,0.4794360242351032,False
D3,2,all,all,best-time hit rate (top-2),wt_med,0.8116100576508994,0.8063069298863411,0.8165159597992897,57588.0,False,4757,54,clim,0.00431710386216233,0.0018834695219993591,0.006759904325008392,-0.00010693222284316997,0.00915422737598419,51655.0,0.9749721598308828,False
D3,3,all,all,best-time hit rate (top-2),clim,0.8185742686736722,0.8133594796061516,0.8234516218304634,52815.0,False,4299,54,clim,,,,,,,,
D3,3,all,all,best-time hit rate (top-2),h5,0.8203529779429906,0.8153878316283226,0.8250674962997436,60797.0,False,4879,54,clim,0.01564795908631189,0.012485745549201965,0.01868816614151001,0.00951923280954361,0.023450767993927,52403.0,0.9921991858373568,True
D3,3,all,all,best-time hit rate (top-2),lvlh5_cbd,0.7505562845894905,0.7453592136502266,0.7559934705495834,52581.0,False,3941,54,clim,-0.05451485762366581,-0.05923916846513748,-0.04957707673311234,-0.06595491766929626,-0.04185752123594284,45162.0,0.855097983527407,False
D3,3,all,all,best-time hit rate (top-2),lvlh5_naive,0.8023489259184903,0.7971999749541283,0.8071993499994278,59772.0,False,4799,54,clim,-0.005954318316708451,-0.009741082787513733,-0.002275678515434267,-0.013321493566036223,0.00241046845912933,52231.0,0.9889425352646029,False
D3,3,all,all,best-time hit rate (top-2),lvlh5_tft,0.7907382257767047,0.7855375155806541,0.7955646216869354,59643.0,False,4774,54,clim,-0.015367279933168776,-0.019336357712745667,-0.011424820125102998,-0.023206207156181335,-0.006557129323482515,51473.0,0.974590551926536,False
D3,3,all,all,best-time hit rate (top-2),prod_served,0.7518630512731539,0.745707505941391,0.7577897861599923,60519.0,False,4734,54,clim,-0.055323034776653235,-0.05934699326753616,-0.05129023939371109,-0.07133411020040512,-0.04042096436023712,52564.0,0.9952475622455742,False
D3,3,all,all,best-time hit rate (top-2),prod_served_lin,0.7729969100613031,0.7672172501683235,0.7784602046012878,60519.0,False,4734,54,clim,-0.03150445171600336,-0.03527428656816482,-0.027769356966018677,-0.045874735713005065,-0.01668131202459336,52564.0,0.9952475622455742,False
D3,3,all,all,best-time hit rate (top-2),snaive7,0.8048015957825746,0.7979303002357483,0.8112867549061775,28074.0,False,3782,54,clim,-0.025973000710507566,-0.030816978216171263,-0.02147288918495178,-0.03392663300037384,-0.01762831956148148,25334.0,0.4796743349427246,False
D3,3,all,all,best-time hit rate (top-2),wt_med,0.8119640206095537,0.8066216856241226,0.8168725460767746,57255.0,False,4738,54,clim,0.003964783394554194,0.0013906434178352356,0.006355798244476319,-0.00034241229295730593,0.008655710518360137,51453.0,0.9742118716273785,False
D3,4,all,all,best-time hit rate (top-2),clim,0.8188672794955557,0.813696525990963,0.8237465232610702,52652.0,False,4291,54,clim,,,,,,,,
D3,4,all,all,best-time hit rate (top-2),h5,0.8202896636004823,0.8153356567025185,0.8249191462993621,60553.0,False,4864,54,clim,0.015452073679776301,0.012259849905967712,0.018575389683246613,0.009290175139904022,0.023437330126762388,52226.0,0.9919091392539695,True
D3,4,all,all,best-time hit rate (top-2),lvlh5_cbd,0.7502264150943396,0.7450489953160286,0.7554950013756752,53000.0,False,3971,54,clim,-0.05460526315789482,-0.059639443457126615,-0.04966986477375031,-0.0660737007856369,-0.04232800453901291,45600.0,0.8660639671807339,False
D3,4,all,all,best-time hit rate (top-2),lvlh5_naive,0.8016674495068107,0.7966647788882255,0.8064857840538024,59612.0,False,4791,54,clim,-0.006627223481501354,-0.010380232334136963,-0.002987813949584961,-0.014095036685466767,0.0018552675843238817,52058.0,0.9887183772696194,False
D3,4,all,all,best-time hit rate (top-2),lvlh5_tft,0.7903277337772621,0.785323329269886,0.7954172044992447,59469.0,False,4761,54,clim,-0.015530613040258823,-0.019372139871120454,-0.011380182206630708,-0.02334446907043457,-0.006469783186912537,51318.0,0.9746638304337917,False
D3,4,all,all,best-time hit rate (top-2),prod_served,0.7522896203875763,0.7459284231066704,0.758246511220932,60272.0,False,4707,54,clim,-0.055040445665445636,-0.05886637419462204,-0.050924846529960634,-0.07096742391586304,-0.040356898307800294,52416.0,0.9955177391172225,False
D3,4,all,all,best-time hit rate (top-2),prod_served_lin,0.7733939474382798,0.7674894407391548,0.7787930727005005,60272.0,False,4707,54,clim,-0.031536172161172105,-0.03550733178853989,-0.027790093421936037,-0.04539932012557983,-0.01657570004463196,52416.0,0.9955177391172225,False
D3,4,all,all,best-time hit rate (top-2),snaive7,0.804661289171247,0.7978204146027565,0.8111498266458511,28018.0,False,3779,54,clim,-0.026082482387398076,-0.03080618381500244,-0.021598953008651736,-0.03394915014505386,-0.01759166270494461,25266.0,0.4798678112892198,False
D3,4,all,all,best-time hit rate (top-2),wt_med,0.8120981060472962,0.8067621856927871,0.8169846534729004,56918.0,False,4726,54,clim,0.004040128034975443,0.0013783171772956849,0.006553992629051208,-0.0003641709685325622,0.00876546651124954,51236.0,0.9731064347033351,False
D3,5,all,all,best-time hit rate (top-2),clim,0.8192424271307929,0.8141276478767395,0.8241596177220345,52457.0,False,4270,54,clim,,,,,,,,
D3,5,all,all,best-time hit rate (top-2),h5,0.8203249336870027,0.8154959082603455,0.8250204890966415,60320.0,False,4848,54,clim,0.01507112648981157,0.011785557866096497,0.01802600473165512,0.008830100297927856,0.023014985024929043,52020.0,0.9916693672913053,True
D3,5,all,all,best-time hit rate (top-2),lvlh5_cbd,0.7524550150422887,0.7473560109734535,0.7577498376369476,52851.0,False,3960,54,clim,-0.05269871992257957,-0.0576644703745842,-0.04756454825401306,-0.06459990739822388,-0.040409101545810705,45466.0,0.8667289398936272,False
D3,5,all,all,best-time hit rate (top-2),lvlh5_naive,0.8019197794439028,0.7969565778970719,0.8068764224648476,59486.0,False,4777,54,clim,-0.006632475995835496,-0.010343262553215027,-0.002937765419483185,-0.014133232831954955,0.0018476560711860636,51866.0,0.988733629448882,False
D3,5,all,all,best-time hit rate (top-2),lvlh5_tft,0.7920954083870315,0.7870379492640496,0.7971828535199166,59282.0,False,4749,54,clim,-0.013930465066228415,-0.017877869307994843,-0.009765036404132843,-0.022124095261096953,-0.0048205360770225535,51111.0,0.9743408887279105,False
D3,5,all,all,best-time hit rate (top-2),prod_served,0.7526104551434709,0.7464140459895134,0.7586547210812569,60047.0,False,4673,54,clim,-0.05565979934134946,-0.059716051816940306,-0.05160931646823883,-0.07143113613128663,-0.041314892470836646,52228.0,0.995634519701851,False
D3,5,all,all,best-time hit rate (top-2),prod_served_lin,0.7740436657951272,0.7680497020483017,0.7795785993337632,60047.0,False,4673,54,clim,-0.03153480891475835,-0.035617363452911374,-0.027693736553192138,-0.0450682982802391,-0.016801027953624727,52228.0,0.995634519701851,False
D3,5,all,all,best-time hit rate (top-2),snaive7,0.8049808839818487,0.7981265053153038,0.8114483267068863,27987.0,False,3775,54,clim,-0.026020975687271464,-0.030840177834033967,-0.02158014178276062,-0.03404888063669205,-0.017774008214473724,25172.0,0.47985969460701144,False
D3,5,all,all,best-time hit rate (top-2),wt_med,0.8132060152499294,0.8079385027289391,0.8179603755474091,56656.0,False,4708,54,clim,0.004059221492303089,0.0015522763133049011,0.006539881229400634,-0.00010360330343246452,0.008623802661895752,50995.0,0.9721295537297215,False
D3,6,all,all,best-time hit rate (top-2),clim,0.8197784537680078,0.8146785616874694,0.8246481373906136,52269.0,False,4254,54,clim,,,,,,,,
D3,6,all,all,best-time hit rate (top-2),h5,0.8201768261209811,0.8152167707681656,0.82495107203722,60059.0,False,4828,54,clim,0.01383608961617877,0.010631057620048522,0.016715787351131436,0.007534623146057129,0.021704991161823273,51821.0,0.9914289540645507,True
D3,6,all,all,best-time hit rate (top-2),lvlh5_cbd,0.7417397424435526,0.7364007472991944,0.7472751036286354,52571.0,False,3944,54,clim,-0.0641929991376069,-0.06901926845312119,-0.05909777134656906,-0.07777227163314819,-0.050382246077060704,45223.0,0.8651973445063039,False
D3,6,all,all,best-time hit rate (top-2),lvlh5_naive,0.8018139519201591,0.7968400582671166,0.8065573140978813,59318.0,False,4767,54,clim,-0.0073924991291558495,-0.01107071340084076,-0.0037182062864303594,-0.014502426981925965,0.0014114215970039367,51674.0,0.9886165796169814,False
D3,6,all,all,best-time hit rate (top-2),lvlh5_tft,0.7885254237288135,0.7834965571761131,0.7936745375394821,59000.0,False,4729,54,clim,-0.01893500422305594,-0.02284979820251465,-0.014723835885524752,-0.027430954575538635,-0.008960992097854616,50911.0,0.9740190170081693,False
D3,6,all,all,best-time hit rate (top-2),prod_served,0.7534225966601474,0.7473276451230049,0.759324811398983,59823.0,False,4640,54,clim,-0.05579893935900393,-0.059717172384262086,-0.051889581978321074,-0.07115149348974228,-0.04113769978284836,52044.0,0.9956953452333123,False
D3,6,all,all,best-time hit rate (top-2),prod_served_lin,0.7739498186316299,0.7681721016764641,0.7795332670211792,59823.0,False,4640,54,clim,-0.03256859580355087,-0.03676342815160751,-0.028862541913986208,-0.04612251222133636,-0.018127845227718355,52044.0,0.9956953452333123,False
D3,6,all,all,best-time hit rate (top-2),snaive7,0.8051144492131617,0.7982690393924713,0.8115882113575935,27960.0,False,3774,54,clim,-0.026159428958806852,-0.03088648021221161,-0.021604375541210176,-0.034062454104423524,-0.017873458564281464,25077.0,0.47976812259656776,False
D3,6,all,all,best-time hit rate (top-2),wt_med,0.8132871480593303,0.8081009075045585,0.8181392788887024,56295.0,False,4686,54,clim,0.0032316544494365163,0.0007391810417175293,0.005746664106845855,-0.0007389366626739502,0.0076328828930854785,50748.0,0.9709005337771911,False
D3,7,all,all,best-time hit rate (top-2),clim,0.8197186338022769,0.8144931718707085,0.8246777445077896,52174.0,False,4246,54,clim,,,,,,,,
D3,7,all,all,best-time hit rate (top-2),h5,0.8192415424095537,0.8141173645853996,0.8242499932646752,59621.0,False,4802,54,clim,0.012420677913635658,0.009425681829452515,0.015397913753986357,0.006244681775569916,0.020263738930225372,51688.0,0.9906850155249741,True
D3,7,all,all,best-time hit rate (top-2),lvlh5_cbd,0.7409313442041556,0.7354758903384209,0.7465604811906814,51882.0,False,3907,54,clim,-0.06544094733561856,-0.07036095261573791,-0.06019018143415451,-0.0805908977985382,-0.05164851248264313,44926.0,0.8610802315329474,False
D3,7,all,all,best-time hit rate (top-2),lvlh5_naive,0.8014894709809964,0.7966097503900528,0.8062528505921364,58410.0,False,4687,54,clim,-0.008700380641653127,-0.01246015727519989,-0.004975713789463044,-0.015856435894966124,-0.00022909045219421563,51492.0,0.9869283551194081,False
D3,7,all,all,best-time hit rate (top-2),lvlh5_tft,0.7862607177696771,0.7811124801635743,0.791450047492981,58431.0,False,4693,54,clim,-0.0206914252996111,-0.024851836264133453,-0.01677755564451218,-0.028722138702869417,-0.011108696460723879,50649.0,0.9707708820485299,False
D3,7,all,all,best-time hit rate (top-2),prod_served,0.753565316600114,0.7473128363490105,0.7596633970737457,59602.0,False,4610,54,clim,-0.05613197559144545,-0.059941533207893374,-0.05207460075616836,-0.07154343277215958,-0.04198930263519288,51949.0,0.995687507187488,False
D3,7,all,all,best-time hit rate (top-2),prod_served_lin,0.7743196537028959,0.76845373660326,0.7797927752137184,59602.0,False,4610,54,clim,-0.03285915032050668,-0.036799944937229156,-0.02900957465171814,-0.04598497748374939,-0.01865460127592087,51949.0,0.995687507187488,False
D3,7,all,all,best-time hit rate (top-2),wt_med,0.8129088921152157,0.8078341573476792,0.8178868070244789,55791.0,False,4655,54,clim,0.0022348357494610394,-0.0002674832940101623,0.004750055074691772,-0.0015686988830566405,0.006485705077648162,50563.0,0.9691225514624142,False
D3,10,all,all,best-time hit rate (top-2),clim,0.8208318111023516,0.8155984282493591,0.8256289005279541,52007.0,False,4238,54,clim,,,,,,,,
D3,10,all,all,best-time hit rate (top-2),h5,0.8192922977324224,0.8141467243432998,0.8241128638386727,58697.0,False,4752,54,clim,0.010768154252837725,0.007866321504116059,0.013619957864284514,0.004320074617862701,0.01869819164276123,51448.0,0.9892514469206068,True
D3,10,all,all,best-time hit rate (top-2),lvlh5_cbd,0.7409336457103026,0.7355153307318687,0.7465903803706169,51647.0,False,3911,54,clim,-0.06736576624410962,-0.07248991578817368,-0.0621586561203003,-0.08233978301286697,-0.05356024354696274,45201.0,0.8691330013267444,False
D3,10,all,all,best-time hit rate (top-2),lvlh5_naive,0.8008923013073251,0.7959303364157677,0.8058178946375847,57828.0,False,4661,54,clim,-0.010278113663845234,-0.013888724148273468,-0.006720566749572754,-0.017033176124095918,-0.00154961943626404,51274.0,0.9859057434576115,False
D3,10,all,all,best-time hit rate (top-2),lvlh5_tft,0.7881259715987494,0.7830221816897392,0.7931659132242203,57251.0,False,4628,54,clim,-0.020338713208223003,-0.02439243197441101,-0.01640842705965042,-0.028751373291015625,-0.010169014334678652,50249.0,0.9661968581152537,False
D3,10,all,all,best-time hit rate (top-2),prod_served,0.756085959398624,0.7499235421419144,0.7622224926948548,58865.0,False,4530,54,clim,-0.056770752821146964,-0.06080334782600403,-0.05254935622215271,-0.07230777442455291,-0.04207271039485932,51752.0,0.9950968138904378,False
D3,10,all,all,best-time hit rate (top-2),prod_served_lin,0.7765055635776777,0.7707572177052497,0.781960615515709,58865.0,False,4530,54,clim,-0.03402767042819599,-0.03808562457561493,-0.030192524194717407,-0.0479491114616394,-0.019171783328056337,51752.0,0.9950968138904378,False
D3,10,all,all,best-time hit rate (top-2),wt_med,0.8150352331227865,0.8097379863262176,0.8199728816747666,54778.0,False,4591,54,clim,0.0008361703398435116,-0.0015409201383590697,0.0033085927367210383,-0.0025373682379722594,0.0046674713492393495,50229.0,0.9658122944988174,False
D3,14,all,all,best-time hit rate (top-2),clim,0.8210107672907169,0.8157362595200539,0.8258900254964828,51545.0,False,4197,54,clim,,,,,,,,
D3,14,all,all,best-time hit rate (top-2),h5,0.8200733970364216,0.815071927011013,0.8247326567769051,57768.0,False,4679,54,clim,0.01058211445960544,0.007507716119289398,0.013257068395614623,0.004542060196399689,0.018198582530021667,50935.0,0.9881656804733728,True
D3,14,all,all,best-time hit rate (top-2),lvlh5_cbd,0.7385428673635677,0.7330120980739594,0.743948970735073,50318.0,False,3803,54,clim,-0.07086028533435507,-0.07598166316747665,-0.06566479802131653,-0.08726370334625244,-0.056012202799320225,44369.0,0.86078184110971,False
D3,14,all,all,best-time hit rate (top-2),lvlh5_naive,0.8018554514931967,0.7968129709362983,0.8066602379083634,56590.0,False,4515,54,clim,-0.011726152874289353,-0.015311515331268311,-0.008262889087200164,-0.018748728930950163,-0.0032050773501396197,50656.0,0.9827529343292268,False
D3,14,all,all,best-time hit rate (top-2),lvlh5_tft,0.7881084129277834,0.7828384071588517,0.7929086059331893,56746.0,False,4588,54,clim,-0.021523013221851017,-0.025688306987285615,-0.0176614448428154,-0.03016851544380188,-0.01149638593196869,49993.0,0.96989038704045,False
D3,14,all,all,best-time hit rate (top-2),prod_served,0.7563637613653942,0.7501308515667915,0.7621876195073127,58181.0,False,4440,54,clim,-0.05814293797436254,-0.06223666220903397,-0.054114440083503725,-0.07380103319883347,-0.04356764554977417,51253.0,0.9943350470462703,False
D3,14,all,all,best-time hit rate (top-2),prod_served_lin,0.7771953043089669,0.7711312711238861,0.7826802268624306,58181.0,False,4440,54,clim,-0.03445651961836382,-0.03849954754114151,-0.030616429448127747,-0.047971369326114656,-0.019307616353034972,51253.0,0.9943350470462703,False
D3,14,all,all,best-time hit rate (top-2),wt_med,0.8155366968199198,0.8103126421570778,0.820514053106308,53615.0,False,4503,54,clim,0.0001008186474169559,-0.002363225817680359,0.0024831384420394894,-0.0037197545170783997,0.0037356480956077572,49594.0,0.962149578038607,False
D3,21,all,all,best-time hit rate (top-2),clim,0.8192363362077753,0.8140204787254334,0.8245243266224861,49053.0,False,4067,54,clim,,,,,,,,
D3,21,all,all,best-time hit rate (top-2),h5,0.820445958171465,0.8152244493365288,0.8251766338944435,56373.0,False,4516,54,clim,0.010342331161443785,0.007304857671260834,0.013132128119468688,0.003997716307640076,0.01821000427007675,48345.0,0.9855666320102746,True
D3,21,all,all,best-time hit rate (top-2),lvlh5_cbd,0.7370008764599173,0.7311396911740303,0.7423151582479477,49061.0,False,3659,54,clim,-0.07146419665122905,-0.07673760503530502,-0.06637232452630996,-0.08893816769123078,-0.055745334923267366,42105.0,0.8583572870160846,False
D3,21,all,all,best-time hit rate (top-2),lvlh5_naive,0.7985227293299781,0.793197238445282,0.8033275187015534,55237.0,False,4366,54,clim,-0.014141708668305109,-0.017505963146686555,-0.01081085205078125,-0.021512737870216368,-0.005432149767875676,48014.0,0.9788188286139482,False
D3,21,all,all,best-time hit rate (top-2),lvlh5_tft,0.791509553105887,0.7860200673341751,0.7964940711855888,55427.0,False,4434,54,clim,-0.019233197256007806,-0.02335120290517807,-0.015169772505760194,-0.028512150049209595,-0.008055348694324496,47522.0,0.9687888610278678,False
D3,21,all,all,best-time hit rate (top-2),prod_served,0.7567242910116467,0.7504826813936234,0.7628791049122811,57441.0,False,4361,54,clim,-0.055464458473395095,-0.05974405854940414,-0.051236629486083984,-0.07179157286882401,-0.040493397414684294,48788.0,0.9945976800603429,False
D3,21,all,all,best-time hit rate (top-2),prod_served_lin,0.7756654654340976,0.7698728144168854,0.7813418686389924,57441.0,False,4361,54,clim,-0.032815446421251115,-0.0369647353887558,-0.028932586312294006,-0.04676419049501419,-0.017712134122848514,48788.0,0.9945976800603429,False
D3,21,all,all,best-time hit rate (top-2),wt_med,0.8147705821165774,0.8093417018651963,0.8196534663438797,51914.0,False,4339,54,clim,-0.0010210810695824302,-0.003508749604225159,0.0014601156115531917,-0.004985110461711883,0.0029339075088500965,47009.0,0.9583307850692109,False
D3,30,all,all,best-time hit rate (top-2),clim,0.8195538057742782,0.8138270378112793,0.8248820140957832,45720.0,False,3863,54,clim,,,,,,,,
D3,30,all,all,best-time hit rate (top-2),h5,0.8202991335062642,0.8147960618138314,0.8251620694994927,54357.0,False,4330,54,clim,0.01157098353360042,0.008430777490139008,0.014326456189155578,0.004758873581886291,0.019837838411331177,44940.0,0.9829396325459318,True
D3,30,all,all,best-time hit rate (top-2),lvlh5_cbd,0.7327656718609089,0.726569390296936,0.7386836424469948,47681.0,False,3568,54,clim,-0.0728828188464663,-0.07831058949232102,-0.06742205023765564,-0.09192432165145874,-0.05584549009799957,39392.0,0.8615923009623797,False
D3,30,all,all,best-time hit rate (top-2),lvlh5_naive,0.7948248823836905,0.7895869448781013,0.799864462018013,53564.0,False,4245,54,clim,-0.015463456116009522,-0.01925690621137619,-0.011759395897388458,-0.02351936399936676,-0.006554837524890901,44686.0,0.9773840769903762,False
D3,30,all,all,best-time hit rate (top-2),lvlh5_tft,0.7919987968115506,0.7864100724458695,0.7972988888621331,53192.0,False,4237,54,clim,-0.017444773400136615,-0.021701593697071076,-0.013054917752742768,-0.026963013410568237,-0.006487563252449039,43910.0,0.960411198600175,False
D3,30,all,all,best-time hit rate (top-2),prod_served,0.7563113729691127,0.749896551668644,0.7626660212874412,56010.0,False,4279,54,clim,-0.05205383213681969,-0.056373362243175504,-0.04763905107975006,-0.06813459396362305,-0.03693965673446656,45549.0,0.996259842519685,False
D3,30,all,all,best-time hit rate (top-2),prod_served_lin,0.7753972504909837,0.76934844404459,0.7814228504896163,56010.0,False,4279,54,clim,-0.02775033480427669,-0.03208757340908051,-0.023562709987163546,-0.041892093420028684,-0.012471197545528414,45549.0,0.996259842519685,False
D3,30,all,all,best-time hit rate (top-2),wt_med,0.8152211175865616,0.8098058670759201,0.8204195126891136,49589.0,False,4142,54,clim,0.0005954562110663808,-0.0020405083894729616,0.0030148968100547784,-0.0037501588463783263,0.004811663925647735,43664.0,0.9550306211723535,False
D3,45,all,all,best-time hit rate (top-2),clim,0.8214977932419494,0.8156772062182427,0.8268717721104621,42823.0,False,3668,54,clim,,,,,,,,
D3,45,all,all,best-time hit rate (top-2),h5,0.8201316878918109,0.8141857236623764,0.8254944249987602,50726.0,False,4109,54,clim,0.01317047518883252,0.010011561214923859,0.016525933146476747,0.005656030774116516,0.022338013350963592,41836.0,0.9769516381383836,True
D3,45,all,all,best-time hit rate (top-2),lvlh5_cbd,0.730583985550873,0.7194525331258774,0.7404909566044807,13288.0,False,1159,53,clim,-0.043937035115032,-0.05293476134538651,-0.03458715081214905,-0.06810578554868699,-0.017369677126407624,11562.0,0.2699950960932209,False
D3,45,all,all,best-time hit rate (top-2),lvlh5_naive,0.7900586911078952,0.784572996199131,0.7953492566943169,49752.0,False,4025,54,clim,-0.01814763936085606,-0.022497934103012086,-0.014030954241752625,-0.027826790511608124,-0.00789642333984375,41493.0,0.9689419237325736,False
D3,45,all,all,best-time hit rate (top-2),lvlh5_tft,0.7901047381546135,0.7840144649147988,0.7957235381007195,50125.0,False,4077,54,clim,-0.016180994598260723,-0.02077454924583435,-0.011870440840721131,-0.026889096200466155,-0.004360911250114443,41283.0,0.9640380169535063,False
D3,45,all,all,best-time hit rate (top-2),prod_served,0.7570267980902511,0.750311353802681,0.763432864844799,51944.0,False,4052,54,clim,-0.04950635698558137,-0.05388693213462829,-0.04498253166675568,-0.06631692200899124,-0.034688451886177064,42237.0,0.9863157648926979,False
D3,45,all,all,best-time hit rate (top-2),prod_served_lin,0.7758547666718004,0.7695128962397575,0.782084335386753,51944.0,False,4052,54,clim,-0.025285886781731604,-0.02985757291316986,-0.020495663583278655,-0.03977543413639069,-0.010782553255558016,42237.0,0.9863157648926979,False
D3,45,all,all,best-time hit rate (top-2),wt_med,0.8146730109549629,0.8088875755667686,0.8201686114072799,45185.0,False,3890,54,clim,-0.000293959139679556,-0.002979886531829834,0.0023479864001274098,-0.004767680168151855,0.003823181986808775,40822.0,0.9532727739766014,False
D3,60,all,all,best-time hit rate (top-2),clim,0.8282333223291602,0.8226488322019577,0.8336446046829223,39379.0,False,3506,54,clim,,,,,,,,
D3,60,all,all,best-time hit rate (top-2),h5,0.8219672061599813,0.8164196029305458,0.8271689012646675,47143.0,False,3856,54,clim,0.00242424242424244,-0.0007063373923301697,0.005437794327735901,-0.00370715856552124,0.008623705804347992,38775.0,0.9846618756189848,False
D3,60,all,all,best-time hit rate (top-2),lvlh5_naive,0.7888435789519593,0.7831222221255303,0.7939601600170135,45857.0,False,3749,54,clim,-0.030483018472970858,-0.034510102868080136,-0.02652062624692917,-0.038643813133239745,-0.02168286293745041,38218.0,0.9705172807841743,False
D3,60,all,all,best-time hit rate (top-2),lvlh5_tft,0.7966573816155988,0.7452767595648766,0.8446094393730164,359.0,False,79,48,clim,-0.049342105263157854,-0.08993018567562103,-0.012983885407447817,-0.10594344586133957,0.0,304.0,0.007719850681835496,False
D3,60,all,all,best-time hit rate (top-2),prod_served,0.7531806615776081,0.6621651440858841,0.8295729890465736,393.0,False,79,48,clim,-0.046052631578947345,-0.09230977743864059,-0.007487250864505771,-0.0810921087861061,0.027406787872314445,304.0,0.007719850681835496,False
D3,60,all,all,best-time hit rate (top-2),prod_served_lin,0.7480916030534351,0.6484523594379425,0.8292711675167084,393.0,False,79,48,clim,-0.046052631578947345,-0.09329226911067963,-0.006471946835517884,-0.09313503056764602,0.019817186892032608,304.0,0.007719850681835496,False
D3,60,all,all,best-time hit rate (top-2),wt_med,0.8175750035886885,0.811551333963871,0.8234135001897812,41798.0,False,3626,54,clim,-0.006480335080740751,-0.009224671125411987,-0.0037772655487060547,-0.010897934436798096,-0.0023975476622581497,37961.0,0.9639909596485436,False
D3,90,all,all,best-time hit rate (top-2),clim,0.8339909044363462,0.8279729872941971,0.8399547904729843,33203.0,False,3101,54,clim,,,,,,,,
D3,90,all,all,best-time hit rate (top-2),h5,0.8327104200926895,0.8266712352633476,0.8383814692497253,40134.0,False,3437,54,clim,0.005042833708001737,0.0018018797039985658,0.00826006680727005,-0.00031818151473999017,0.010609157383441925,32918.0,0.99141643827365,False
D3,90,all,all,best-time hit rate (top-2),lvlh5_naive,0.7964353199530156,0.7904935449361801,0.8025578498840332,39162.0,False,3377,54,clim,-0.02961121850931292,-0.03434128165245056,-0.02519644796848297,-0.03864548653364182,-0.020591385662555695,32589.0,0.9815076950877932,False
D3,90,all,all,best-time hit rate (top-2),wt_med,0.8293635406857586,0.8228062212467193,0.8351573958992958,36106.0,False,3275,54,clim,-0.0008929121251308736,-0.0035924389958381653,0.0019477710127830498,-0.006418938934803009,0.004524226486682891,32478.0,0.9781646236785833,False
D3,0,all,all,best-time hit rate (±30 min),clim,0.8247463359639233,0.8200238525867463,0.8294580861926079,53220.0,False,4321,54,clim,,,,,,,,
D3,0,all,all,best-time hit rate (±30 min),h5,0.8258987206304422,0.8211683094501495,0.8303184553980827,61671.0,False,4927,54,clim,0.015314804310833763,0.012133055925369262,0.018209940195083617,0.009261201322078704,0.023083291947841644,52890.0,0.9937993235625705,True
D3,0,all,all,best-time hit rate (±30 min),lvlh5_cbd,0.7805710147137302,0.775405740737915,0.7855455622076988,52468.0,False,3901,54,clim,-0.029827839316695637,-0.03452463150024414,-0.025050219893455506,-0.04211407601833343,-0.016289679706096655,44958.0,0.8447576099210823,False
D3,0,all,all,best-time hit rate (±30 min),lvlh5_naive,0.816476101841388,0.8119874820113182,0.8210506126284599,60172.0,False,4833,54,clim,0.0022399817764194863,-0.0012570157647132873,0.00546745955944061,-0.004669006168842316,0.011110249161720273,52679.0,0.9898346486283353,False
D3,0,all,all,best-time hit rate (±30 min),lvlh5_tft,0.806967750502083,0.8022082135081291,0.8116740792989731,60249.0,False,4812,54,clim,-0.0037210023450067187,-0.007304973900318146,-0.0002498850226402287,-0.010378549993038177,0.0050029367208480795,51599.0,0.9695415257422022,False
D3,0,all,all,best-time hit rate (±30 min),snaive7,0.8210889925572451,0.8144976943731308,0.8268721014261246,28081.0,False,3785,54,clim,-0.014495600251414165,-0.019274237751960754,-0.009621526300907138,-0.02203916758298874,-0.006955638527870179,25456.0,0.47831642239759486,False
D3,0,all,all,best-time hit rate (±30 min),wt_med,0.8192262321987246,0.8142621576786041,0.8240316465497017,58493.0,False,4814,54,clim,0.0054338434361859145,0.003057996928691864,0.007712161540985107,0.0015172272920608522,0.010034966468811034,52081.0,0.978598271326569,True
D3,1,all,all,best-time hit rate (±30 min),clim,0.8246304491102533,0.8198543325066566,0.829334506392479,53105.0,False,4312,54,clim,,,,,,,,
D3,1,all,all,best-time hit rate (±30 min),h5,0.8259706362153344,0.8212285354733467,0.8302790760993958,61300.0,False,4906,54,clim,0.015739968140787375,0.012803171575069428,0.018586167693138124,0.009648698568344116,0.023608285188674923,52732.0,0.9929761792674889,True
D3,1,all,all,best-time hit rate (±30 min),lvlh5_cbd,0.7814231015918058,0.7762633696198463,0.786401079595089,51451.0,False,3850,54,clim,-0.02934929959331234,-0.03418530374765396,-0.02464858889579773,-0.04208797961473465,-0.01569952815771103,44260.0,0.8334431786084173,False
D3,1,all,all,best-time hit rate (±30 min),lvlh5_naive,0.8164190800113373,0.8116619572043419,0.8209570407867431,59979.0,False,4817,54,clim,0.0024745878859405712,-0.0009681582450866699,0.005822962522506713,-0.004514124989509582,0.01155489832162857,52534.0,0.9892477167874965,False
D3,1,all,all,best-time hit rate (±30 min),lvlh5_tft,0.8074292767547371,0.8026828944683075,0.8123035877943039,59952.0,False,4791,54,clim,-0.0034912814942684722,-0.007023090124130249,1.9839406013488344e-05,-0.010184334218502044,0.005321326851844787,51557.0,0.9708502024291498,False
D3,1,all,all,best-time hit rate (±30 min),snaive7,0.8209975435223753,0.8143567830324173,0.826799476146698,28089.0,False,3785,54,clim,-0.013912906775664258,-0.018822714686393738,-0.009043247997760774,-0.021694520115852357,-0.006525777280330661,25444.0,0.47912625929761793,False
D3,1,all,all,best-time hit rate (±30 min),wt_med,0.8182931879356753,0.8133210524916649,0.8231784611940384,57956.0,False,4782,54,clim,0.004532566975909869,0.0020200014114379883,0.006858949363231659,0.0007045894861221314,0.008835537731647492,51847.0,0.9763110818190378,True
D3,2,all,all,best-time hit rate (±30 min),clim,0.8248806175798872,0.8201663225889206,0.8296927571296692,52981.0,False,4306,54,clim,,,,,,,,
D3,2,all,all,best-time hit rate (±30 min),h5,0.8262814630309386,0.8213515564799309,0.8305263578891754,61024.0,False,4893,54,clim,0.015156125204426996,0.012062492966651916,0.017889921367168427,0.009046116471290588,0.02335465848445892,52586.0,0.9925444970838603,True
D3,2,all,all,best-time hit rate (±30 min),lvlh5_cbd,0.7792567619933349,0.7743280857801438,0.7842970579862595,51612.0,False,3870,54,clim,-0.030470789449995483,-0.03505226671695709,-0.025865626335144044,-0.04281305074691773,-0.017456172406673437,44436.0,0.8387157660293313,False
D3,2,all,all,best-time hit rate (±30 min),lvlh5_naive,0.8161789269726732,0.8114407911896706,0.8208807140588761,59868.0,False,4807,54,clim,0.0017365418010418798,-0.0017535701394081117,0.004994195699691771,-0.005295658111572265,0.01075602620840072,52403.0,0.9890904286442309,False
D3,2,all,all,best-time hit rate (±30 min),lvlh5_tft,0.8085245243235102,0.8038508728146553,0.8132109344005585,59757.0,False,4785,54,clim,-0.00306504490872761,-0.006719022989273071,0.0004919841885566708,-0.009694066643714905,0.005787974596023558,51549.0,0.9729714425926276,False
D3,2,all,all,best-time hit rate (±30 min),snaive7,0.8210241435795171,0.814362421631813,0.8268045768141746,28082.0,False,3784,54,clim,-0.014054564780914158,-0.01898273974657059,-0.009390790760517121,-0.02149098664522171,-0.006567846238613129,25401.0,0.4794360242351032,False
D3,2,all,all,best-time hit rate (±30 min),wt_med,0.8180697367507119,0.813054621219635,0.8230303764343262,57588.0,False,4757,54,clim,0.0042783854418739775,0.0018129006028175354,0.006551007926464081,0.0004254996776580811,0.008584597706794737,51655.0,0.9749721598308828,True
D3,3,all,all,best-time hit rate (±30 min),clim,0.8252958439837167,0.8206043809652328,0.8299284905195237,52815.0,False,4299,54,clim,,,,,,,,
D3,3,all,all,best-time hit rate (±30 min),h5,0.8266361827063835,0.8218258559703827,0.8311023473739624,60797.0,False,4879,54,clim,0.014865561131996219,0.011721129715442657,0.017747998237609863,0.008611224591732025,0.02300533205270767,52403.0,0.9921991858373568,True
D3,3,all,all,best-time hit rate (±30 min),lvlh5_cbd,0.7793499553070501,0.7743784800171852,0.784239986538887,52581.0,False,3941,54,clim,-0.031176652938310956,-0.03592459261417389,-0.02666009068489075,-0.04370217323303223,-0.01782961636781693,45162.0,0.855097983527407,False
D3,3,all,all,best-time hit rate (±30 min),lvlh5_naive,0.8158502308773339,0.8112226828932763,0.8205564543604851,59772.0,False,4799,54,clim,0.0009764316210678636,-0.002567209303379059,0.004179906845092773,-0.005961830914020538,0.010411696135997772,52231.0,0.9889425352646029,False
D3,3,all,all,best-time hit rate (±30 min),lvlh5_tft,0.80810824405211,0.8032985717058182,0.8124813094735146,59643.0,False,4774,54,clim,-0.004274085442853459,-0.007799160480499267,-0.0008331671357154847,-0.011078934371471404,0.004854588210582731,51473.0,0.974590551926536,False
D3,3,all,all,best-time hit rate (±30 min),prod_served,0.7798542606454172,0.7742391541600228,0.7854384943842888,60519.0,False,4734,54,clim,-0.034510311239631664,-0.03823747932910919,-0.03099987804889679,-0.04752168655395508,-0.022896797955036165,52564.0,0.9952475622455742,False
D3,3,all,all,best-time hit rate (±30 min),prod_served_lin,0.7952874303937606,0.7899142563343048,0.8004087537527085,60519.0,False,4734,54,clim,-0.017331253329274765,-0.02087440937757492,-0.014033214747905733,-0.028255073726177214,-0.005042414367198945,52564.0,0.9952475622455742,False
D3,3,all,all,best-time hit rate (±30 min),snaive7,0.8210087625561018,0.8143195331096649,0.8267762392759324,28074.0,False,3782,54,clim,-0.013894371200757871,-0.01864713728427887,-0.009301140904426575,-0.02155095785856247,-0.006112511456012729,25334.0,0.4796743349427246,False
D3,3,all,all,best-time hit rate (±30 min),wt_med,0.8182691467994062,0.8132820397615432,0.8231520161032677,57255.0,False,4738,54,clim,0.003984218607272605,0.0015729635953903199,0.006176964938640594,0.0003020703792572021,0.008001521229743958,51453.0,0.9742118716273785,True
D3,4,all,all,best-time hit rate (±30 min),clim,0.8252298108333966,0.8203841850161553,0.8299708679318428,52652.0,False,4291,54,clim,,,,,,,,
D3,4,all,all,best-time hit rate (±30 min),h5,0.8271431638399419,0.8223368570208549,0.8314823001623154,60553.0,False,4864,54,clim,0.015509516332861017,0.012270493805408478,0.018459123373031617,0.009148287773132324,0.023793759942054748,52226.0,0.9919091392539695,True
D3,4,all,all,best-time hit rate (±30 min),lvlh5_cbd,0.779622641509434,0.7746483683586121,0.7846712023019791,53000.0,False,3971,54,clim,-0.030394736842105252,-0.03478102833032608,-0.02571510970592499,-0.043070757389068605,-0.01693965792655945,45600.0,0.8660639671807339,False
D3,4,all,all,best-time hit rate (±30 min),lvlh5_naive,0.8156579212239147,0.8108675241470337,0.8203983157873154,59612.0,False,4791,54,clim,0.0011525606054785253,-0.002358520030975342,0.0044367432594299315,-0.00627918541431427,0.010724511742591857,52058.0,0.9887183772696194,False
D3,4,all,all,best-time hit rate (±30 min),lvlh5_tft,0.8091947064857321,0.8044918641448021,0.8139245480298996,59469.0,False,4761,54,clim,-0.002942437351416638,-0.006573240458965302,0.0004602491855621337,-0.010006465017795563,0.006599700450897212,51318.0,0.9746638304337917,False
D3,4,all,all,best-time hit rate (±30 min),prod_served,0.7804121316697638,0.7746413812041283,0.7860209882259369,60272.0,False,4707,54,clim,-0.03399725274725274,-0.03789032846689224,-0.03056240975856781,-0.046721892058849336,-0.022716939449310303,52416.0,0.9955177391172225,False
D3,4,all,all,best-time hit rate (±30 min),prod_served_lin,0.7952282983806743,0.7898319840431214,0.800452584028244,60272.0,False,4707,54,clim,-0.017513736263736313,-0.021207652986049652,-0.014140208065509797,-0.028602129220962523,-0.005216458439826966,52416.0,0.9955177391172225,False
D3,4,all,all,best-time hit rate (±30 min),snaive7,0.8208651581126418,0.8142927289009094,0.8266548573970794,28018.0,False,3779,54,clim,-0.013931766009657176,-0.018721742928028105,-0.009442076086997988,-0.021525588631629945,-0.006054782867431644,25266.0,0.4798678112892198,False
D3,4,all,all,best-time hit rate (±30 min),wt_med,0.8184757018869251,0.813644003868103,0.8233205199241638,56918.0,False,4726,54,clim,0.004020610508236433,0.0016304075717926026,0.006302699446678161,0.0002233952283859253,0.00806627869606018,51236.0,0.9731064347033351,True
D3,5,all,all,best-time hit rate (±30 min),clim,0.8253807880740416,0.8206496596336365,0.8300285533070564,52457.0,False,4270,54,clim,,,,,,,,
D3,5,all,all,best-time hit rate (±30 min),h5,0.8264920424403183,0.8218875735998153,0.8309475436806679,60320.0,False,4848,54,clim,0.014686658977316469,0.011814846098423004,0.017564615607261656,0.008465346693992615,0.023163725435733792,52020.0,0.9916693672913053,True
D3,5,all,all,best-time hit rate (±30 min),lvlh5_cbd,0.7800041626459291,0.7750475138425827,0.7848959028720855,52851.0,False,3960,54,clim,-0.0303743456648925,-0.0347779780626297,-0.02567770630121231,-0.042866171896457674,-0.017378941178321842,45466.0,0.8667289398936272,False
D3,5,all,all,best-time hit rate (±30 min),lvlh5_naive,0.8153515112799651,0.8107854589819908,0.8201328635215759,59486.0,False,4777,54,clim,0.0009640226738132363,-0.0025374755263328553,0.004246844351291656,-0.006126533448696137,0.010579450428485867,51866.0,0.988733629448882,False
D3,5,all,all,best-time hit rate (±30 min),lvlh5_tft,0.8088964609830978,0.804280386865139,0.8132099986076355,59282.0,False,4749,54,clim,-0.003384789966934698,-0.006740672886371613,4.0347874164580436e-05,-0.010465505719184875,0.006473608314990995,51111.0,0.9743408887279105,False
D3,5,all,all,best-time hit rate (±30 min),prod_served,0.7810548403750396,0.7753175809979439,0.7867361202836036,60047.0,False,4673,54,clim,-0.03383242705062417,-0.03765370547771454,-0.03037596195936203,-0.046244606375694275,-0.022438786923885352,52228.0,0.995634519701851,False
D3,5,all,all,best-time hit rate (±30 min),prod_served_lin,0.7962429430279614,0.7906900480389595,0.8013673409819603,60047.0,False,4673,54,clim,-0.01694493375201045,-0.020618900656700134,-0.013732805848121643,-0.02804424613714218,-0.00508742481470108,52228.0,0.995634519701851,False
D3,5,all,all,best-time hit rate (±30 min),snaive7,0.8211669703791046,0.8146655723452568,0.8270602077245712,27987.0,False,3775,54,clim,-0.013665978070872331,-0.018367475271224974,-0.009199473261833192,-0.021357545256614686,-0.005856052041053776,25172.0,0.47985969460701144,False
D3,5,all,all,best-time hit rate (±30 min),wt_med,0.8193130471618187,0.81441221088171,0.8242523416876792,56656.0,False,4708,54,clim,0.004314148445926147,0.002035221457481384,0.006480833888053894,0.00045259296894073486,0.008407741785049437,50995.0,0.9721295537297215,True
D3,6,all,all,best-time hit rate (±30 min),clim,0.8257284432455184,0.8209845274686813,0.8303824260830879,52269.0,False,4254,54,clim,,,,,,,,
D3,6,all,all,best-time hit rate (±30 min),h5,0.8266204898516459,0.8219763979315757,0.8309984326362609,60059.0,False,4828,54,clim,0.013527334478300235,0.010605375468730926,0.016339701414108277,0.007353287935256958,0.02170271277427673,51821.0,0.9914289540645507,True
D3,6,all,all,best-time hit rate (±30 min),lvlh5_cbd,0.7719084666451085,0.767077511548996,0.7770106762647628,52571.0,False,3944,54,clim,-0.03936050239922162,-0.04423895180225372,-0.034551371634006504,-0.05428628921508789,-0.024396125972270966,45223.0,0.8651973445063039,False
D3,6,all,all,best-time hit rate (±30 min),lvlh5_naive,0.8153848747429111,0.8109015136957168,0.8198131293058395,59318.0,False,4767,54,clim,0.0001741688276502007,-0.003105229139328003,0.0033805385231971737,-0.006935688853263855,0.009326879680156707,51674.0,0.9886165796169814,False
D3,6,all,all,best-time hit rate (±30 min),lvlh5_tft,0.8066440677966101,0.8020718321204185,0.811210709810257,59000.0,False,4729,54,clim,-0.006796173714914255,-0.010380218923091888,-0.00332523435354233,-0.014331799745559693,0.003077672421932214,50911.0,0.9740190170081693,False
D3,6,all,all,best-time hit rate (±30 min),prod_served,0.7814887250722966,0.7758516550064087,0.7870685756206512,59823.0,False,4640,54,clim,-0.0339712550918454,-0.03766788989305496,-0.030615004897117614,-0.046177901327610016,-0.02309210300445557,52044.0,0.9956953452333123,False
D3,6,all,all,best-time hit rate (±30 min),prod_served_lin,0.7960149106530933,0.7906310647726059,0.8010642305016518,59823.0,False,4640,54,clim,-0.017792636999461986,-0.02151234298944473,-0.014492034912109375,-0.028537957370281218,-0.006101177632808686,52044.0,0.9956953452333123,False
D3,6,all,all,best-time hit rate (±30 min),snaive7,0.821316165951359,0.8147947579622269,0.8272267669439316,27960.0,False,3774,54,clim,-0.013518363440602865,-0.018140351772308348,-0.008806002140045167,-0.02129529118537903,-0.005730473995208741,25077.0,0.47976812259656776,False
D3,6,all,all,best-time hit rate (±30 min),wt_med,0.8194866329158895,0.8145929470658302,0.8241372138261795,56295.0,False,4686,54,clim,0.003448411760069381,0.0012149453163146974,0.005786898732185361,-0.00019083172082900993,0.007618024945259093,50748.0,0.9709005337771911,False
D3,7,all,all,best-time hit rate (±30 min),clim,0.8255836240272932,0.8209933429956436,0.8303381636738777,52174.0,False,4246,54,clim,,,,,,,,
D3,7,all,all,best-time hit rate (±30 min),h5,0.8253467737877593,0.8206312879920006,0.8296957477927208,59621.0,False,4802,54,clim,0.012536759015632226,0.00955769419670105,0.015195035934448242,0.006324663758277893,0.02099868655204773,51688.0,0.9906850155249741,True
D3,7,all,all,best-time hit rate (±30 min),lvlh5_cbd,0.7698816545237269,0.7649778172373771,0.7750222444534302,51882.0,False,3907,54,clim,-0.04173529804567511,-0.046746093034744265,-0.03702726811170578,-0.057693184912204744,-0.026604524254798898,44926.0,0.8610802315329474,False
D3,7,all,all,best-time hit rate (±30 min),lvlh5_naive,0.8163328197226503,0.8117992430925369,0.8206902936100959,58410.0,False,4687,54,clim,5.826147751109012e-05,-0.0033909514546394347,0.0030931815505027766,-0.006847076117992401,0.00970886796712875,51492.0,0.9869283551194081,False
D3,7,all,all,best-time hit rate (±30 min),lvlh5_tft,0.8049494275299071,0.8002499148249627,0.8095341444015502,58431.0,False,4693,54,clim,-0.007463128590890267,-0.01093941181898117,-0.0042000785470008885,-0.014950710535049438,0.002220492064952848,50649.0,0.9707708820485299,False
D3,7,all,all,best-time hit rate (±30 min),prod_served,0.7817355122311331,0.776160043478012,0.7873737290501595,59602.0,False,4610,54,clim,-0.034168126431692536,-0.037916892766952516,-0.030776363611221314,-0.04612996578216553,-0.023366159200668337,51949.0,0.995687507187488,False
D3,7,all,all,best-time hit rate (±30 min),prod_served_lin,0.7963826717224254,0.7909326389431953,0.8014116644859314,59602.0,False,4610,54,clim,-0.017882923636643566,-0.02148507386445999,-0.014448386430740357,-0.029052889347076415,-0.005860050022602082,51949.0,0.995687507187488,False
D3,7,all,all,best-time hit rate (±30 min),wt_med,0.8190568371242674,0.814334949851036,0.8238505259156227,55791.0,False,4655,54,clim,0.002630381899808243,0.00034092366695404053,0.005005776882171631,-0.0014769703149795533,0.007061295211315155,50563.0,0.9691225514624142,False
D3,10,all,all,best-time hit rate (±30 min),clim,0.82633107081739,0.8216525092720985,0.8310390293598175,52007.0,False,4238,54,clim,,,,,,,,
D3,10,all,all,best-time hit rate (±30 min),h5,0.8260047361875394,0.8212083294987679,0.8305014714598655,58697.0,False,4752,54,clim,0.011545638314414575,0.008394251763820647,0.014135831594467163,0.005426336824893951,0.019970202445983885,51448.0,0.9892514469206068,True
D3,10,all,all,best-time hit rate (±30 min),lvlh5_cbd,0.7701318566422057,0.7649963423609734,0.7752241849899292,51647.0,False,3911,54,clim,-0.04336187252494417,-0.04843258112668991,-0.03849248290061951,-0.059389042854309085,-0.027830043435096742,45201.0,0.8691330013267444,False
D3,10,all,all,best-time hit rate (±30 min),lvlh5_naive,0.8154181365428512,0.8107273489236831,0.819808840751648,57828.0,False,4661,54,clim,-0.0013067051527089202,-0.004668696224689484,0.0016681760549545287,-0.008043400943279266,0.007945170998573302,51274.0,0.9859057434576115,False
D3,10,all,all,best-time hit rate (±30 min),lvlh5_tft,0.8054357129133115,0.8006773710250854,0.8099830150604248,57251.0,False,4628,54,clim,-0.00879619494915318,-0.012615157663822174,-0.005356082320213321,-0.016359104216098784,0.0007730409502983064,50249.0,0.9661968581152537,False
D3,10,all,all,best-time hit rate (±30 min),prod_served,0.7842011381975708,0.7785550773143768,0.78968216329813,58865.0,False,4530,54,clim,-0.03435616014840004,-0.037974752485752106,-0.03092489540576935,-0.046640516817569734,-0.023439137637615202,51752.0,0.9950968138904378,False
D3,10,all,all,best-time hit rate (±30 min),prod_served_lin,0.7980803533508877,0.7927408546209336,0.803202985227108,58865.0,False,4530,54,clim,-0.018704591126912917,-0.022520041465759276,-0.015269201993942261,-0.029795648157596586,-0.0066686496138572745,51752.0,0.9950968138904378,False
D3,10,all,all,best-time hit rate (±30 min),wt_med,0.8206396728613677,0.8158316358923912,0.825498740375042,54778.0,False,4591,54,clim,0.0012144378745346796,-0.0009275853633880615,0.0036279261112213135,-0.002750881016254425,0.00546068549156189,50229.0,0.9658122944988174,False
D3,14,all,all,best-time hit rate (±30 min),clim,0.8265011155301193,0.8218275398015976,0.8311362862586975,51545.0,False,4197,54,clim,,,,,,,,
D3,14,all,all,best-time hit rate (±30 min),h5,0.8268245395374602,0.8220819130539894,0.8311350777745247,57768.0,False,4679,54,clim,0.011387061941690368,0.008506035804748536,0.013946533203125,0.0054267928004264835,0.01992475092411041,50935.0,0.9881656804733728,True
D3,14,all,all,best-time hit rate (±30 min),lvlh5_cbd,0.7679558011049724,0.7625537514686584,0.7731642767786979,50318.0,False,3803,54,clim,-0.04663165723816176,-0.05160905569791794,-0.04176204949617386,-0.06365953981876374,-0.029735997319221497,44369.0,0.86078184110971,False
D3,14,all,all,best-time hit rate (±30 min),lvlh5_naive,0.816716734405372,0.8119556739926338,0.8210206672549247,56590.0,False,4515,54,clim,-0.0026650347441565803,-0.005633939802646637,0.00041338950395583996,-0.009339636564254761,0.006618946790695184,50656.0,0.9827529343292268,False
D3,14,all,all,best-time hit rate (±30 min),lvlh5_tft,0.8067528988827406,0.8017191231250763,0.8113100066781044,56746.0,False,4588,54,clim,-0.008321164963094874,-0.012050566077232362,-0.004855981469154359,-0.015599435567855835,0.0010778233408927898,49993.0,0.96989038704045,False
D3,14,all,all,best-time hit rate (±30 min),prod_served,0.784293841632148,0.7784356623888016,0.7898621410131454,58181.0,False,4440,54,clim,-0.0360759370183209,-0.03985996842384339,-0.032548561692237854,-0.048846639692783356,-0.02509713172912598,51253.0,0.9943350470462703,False
D3,14,all,all,best-time hit rate (±30 min),prod_served_lin,0.7987831078874547,0.7933160677552223,0.8041400745511055,58181.0,False,4440,54,clim,-0.01939398669346193,-0.023023103177547456,-0.015788811445236205,-0.03066854029893875,-0.007379950582981116,51253.0,0.9943350470462703,False
D3,14,all,all,best-time hit rate (±30 min),wt_med,0.8203674344866175,0.8153823703527451,0.8252761006355286,53615.0,False,4503,54,clim,-0.0010485139331370963,-0.0032214850187301637,0.0011218592524528496,-0.004586502909660339,0.0025897830724716186,49594.0,0.962149578038607,False
D3,21,all,all,best-time hit rate (±30 min),clim,0.8245978839214727,0.8197560787200928,0.8295694425702095,49053.0,False,4067,54,clim,,,,,,,,
D3,21,all,all,best-time hit rate (±30 min),h5,0.8288187607542618,0.8237623423337936,0.8332992494106293,56373.0,False,4516,54,clim,0.011748888199400231,0.008588950335979461,0.014303171634674072,0.004984770715236664,0.020686422288417813,48345.0,0.9855666320102746,True
D3,21,all,all,best-time hit rate (±30 min),lvlh5_cbd,0.7681253949165325,0.7626124322414398,0.7734039157629014,49061.0,False,3659,54,clim,-0.047144044650279104,-0.0523934617638588,-0.04195437580347062,-0.06520149856805801,-0.028888806700706485,42105.0,0.8583572870160846,False
D3,21,all,all,best-time hit rate (±30 min),lvlh5_naive,0.8155222043195685,0.8104900345206261,0.8200779139995575,55237.0,False,4366,54,clim,-0.004102969967092918,-0.007443036139011383,-0.0008935242891311648,-0.01174180507659912,0.005750988423824309,48014.0,0.9788188286139482,False
D3,21,all,all,best-time hit rate (±30 min),lvlh5_tft,0.8099662619301062,0.8049611330032349,0.8146064594388008,55427.0,False,4434,54,clim,-0.00698623795294806,-0.01071629524230957,-0.0035586416721343998,-0.015375979244709015,0.0036106586456298765,47522.0,0.9687888610278678,False
D3,21,all,all,best-time hit rate (±30 min),prod_served,0.7844048676032799,0.7786365404725075,0.7902152210474014,57441.0,False,4361,54,clim,-0.03320488644748709,-0.03710495233535767,-0.029541696608066558,-0.04604712128639221,-0.02217754274606705,48788.0,0.9945976800603429,False
D3,21,all,all,best-time hit rate (±30 min),prod_served_lin,0.798158110060758,0.7927846714854241,0.8034169852733613,57441.0,False,4361,54,clim,-0.01719685168484053,-0.02115563750267029,-0.013564014434814453,-0.028939875960350036,-0.0038772553205490136,48788.0,0.9945976800603429,False
D3,21,all,all,best-time hit rate (±30 min),wt_med,0.8203182185922873,0.8152573481202126,0.8251803711056709,51914.0,False,4339,54,clim,-0.0013827139483929551,-0.003629840910434723,0.0007648438215255728,-0.005305264890193939,0.002097496390342712,47009.0,0.9583307850692109,False
D3,30,all,all,best-time hit rate (±30 min),clim,0.8254811898512686,0.8202374875545502,0.8305798903107643,45720.0,False,3863,54,clim,,,,,,,,
D3,30,all,all,best-time hit rate (±30 min),h5,0.8291296429162758,0.8239941820502281,0.8336699575185775,54357.0,False,4330,54,clim,0.012594570538495775,0.009365391731262208,0.01546349972486496,0.004670727252960205,0.02229824662208556,44940.0,0.9829396325459318,True
D3,30,all,all,best-time hit rate (±30 min),lvlh5_cbd,0.764979761330509,0.7598095491528511,0.7701421692967415,47681.0,False,3568,54,clim,-0.04825852965069044,-0.05392679125070572,-0.042906399071216586,-0.06811224073171615,-0.02864198684692383,39392.0,0.8615923009623797,False
D3,30,all,all,best-time hit rate (±30 min),lvlh5_naive,0.8126166828466881,0.8077248618006706,0.8171059399843216,53564.0,False,4245,54,clim,-0.005594593384952828,-0.00915604829788208,-0.002230547368526459,-0.014492775499820709,0.004874925315380087,44686.0,0.9773840769903762,False
D3,30,all,all,best-time hit rate (±30 min),lvlh5_tft,0.8099150248157617,0.8047481209039689,0.8145372748374939,53192.0,False,4237,54,clim,-0.00655887041676162,-0.01056046485900879,-0.002838170528411866,-0.01608733236789703,0.005486585199832915,43910.0,0.960411198600175,False
D3,30,all,all,best-time hit rate (±30 min),prod_served,0.7845206213176219,0.7786233454942704,0.7902135044336319,56010.0,False,4279,54,clim,-0.029374958835539755,-0.03314421772956848,-0.02548491060733795,-0.04177168905735016,-0.01863757371902466,45549.0,0.996259842519685,False
D3,30,all,all,best-time hit rate (±30 min),prod_served_lin,0.7974290305302625,0.7917482167482376,0.8031009122729301,56010.0,False,4279,54,clim,-0.013831258644536604,-0.017938366532325743,-0.009837767481803894,-0.02559159994125366,-0.0001244723796844516,45549.0,0.996259842519685,False
D3,30,all,all,best-time hit rate (±30 min),wt_med,0.8216539958458529,0.8167046427726745,0.8265395313501358,49589.0,False,4142,54,clim,0.00018321729571280088,-0.0021807387471199035,0.002682261168956756,-0.0036727443337440492,0.004245479404926299,43664.0,0.9550306211723535,False
D3,45,all,all,best-time hit rate (±30 min),clim,0.8285500782289891,0.8234307140111923,0.8337028652429581,42823.0,False,3668,54,clim,,,,,,,,
D3,45,all,all,best-time hit rate (±30 min),h5,0.8273074951701297,0.8221943125128746,0.8320572137832641,50726.0,False,4109,54,clim,0.011975332249737014,0.008841718733310699,0.01487278938293457,0.003739802539348602,0.022820031642913817,41836.0,0.9769516381383836,True
D3,45,all,all,best-time hit rate (±30 min),lvlh5_cbd,0.7700180614087899,0.7604317590594292,0.7791114106774331,13288.0,False,1159,53,clim,-0.02179553710430715,-0.029780545830726625,-0.014385516941547395,-0.04368854761123657,0.00038161724805830816,11562.0,0.2699950960932209,False
D3,45,all,all,best-time hit rate (±30 min),lvlh5_naive,0.8092940987296993,0.8039715558290481,0.8142116472125054,49752.0,False,4025,54,clim,-0.006675824837924504,-0.010343044996261597,-0.003023126721382141,-0.017211243510246277,0.005121335387229916,41493.0,0.9689419237325736,False
D3,45,all,all,best-time hit rate (±30 min),lvlh5_tft,0.8073815461346634,0.8019227102398873,0.8126050576567649,50125.0,False,4077,54,clim,-0.007557590291403238,-0.01170780211687088,-0.003957825899124148,-0.01836754083633423,0.004656745493412017,41283.0,0.9640380169535063,False
D3,45,all,all,best-time hit rate (±30 min),prod_served,0.7844409363930387,0.7785572826862335,0.7902403980493545,51944.0,False,4052,54,clim,-0.029097710538153798,-0.03343298435211182,-0.025316189229488372,-0.04249746948480606,-0.01794971525669098,42237.0,0.9863157648926979,False
D3,45,all,all,best-time hit rate (±30 min),prod_served_lin,0.7977437240104728,0.7919468536973,0.8031593352556229,51944.0,False,4052,54,clim,-0.012406184151336541,-0.016697074472904205,-0.008093479275703431,-0.024899214506149292,0.0012031599879264783,42237.0,0.9863157648926979,False
D3,45,all,all,best-time hit rate (±30 min),wt_med,0.8196525395595884,0.8139387041330337,0.8252312123775483,45185.0,False,3890,54,clim,-0.0025721424721963926,-0.004917465150356293,0.0,-0.006792622804641724,0.0012782171368598935,40822.0,0.9532727739766014,False
D3,60,all,all,best-time hit rate (±30 min),clim,0.8348612204474466,0.8294605121016503,0.8403312519192696,39379.0,False,3506,54,clim,,,,,,,,
D3,60,all,all,best-time hit rate (±30 min),h5,0.8276096133042021,0.8224892929196358,0.8325860619544982,47143.0,False,3856,54,clim,0.00043842682140549094,-0.0023359134793281555,0.0032568916678428644,-0.004641291499137878,0.005475696921348569,38775.0,0.9846618756189848,False
D3,60,all,all,best-time hit rate (±30 min),lvlh5_naive,0.8069651307324945,0.8016890704631805,0.8121232286095619,45857.0,False,3749,54,clim,-0.01975508922497249,-0.02344000041484833,-0.016074903309345245,-0.027890229225158693,-0.01176334321498871,38218.0,0.9705172807841743,False
D3,60,all,all,best-time hit rate (±30 min),lvlh5_tft,0.8189415041782729,0.7702200755476951,0.8660552993416786,359.0,False,79,48,clim,-0.019736842105263164,-0.05573865473270416,0.015057227015495283,-0.044118790328502654,0.021004021167755103,304.0,0.007719850681835496,False
D3,60,all,all,best-time hit rate (±30 min),prod_served,0.7684478371501272,0.6877085700631141,0.8387251242995262,393.0,False,79,48,clim,-0.0296052631578948,-0.08871230632066726,0.021851666271686547,-0.05557792484760284,0.027406787872314445,304.0,0.007719850681835496,False
D3,60,all,all,best-time hit rate (±30 min),prod_served_lin,0.7786259541984732,0.6953897297382354,0.8497771307826042,393.0,False,79,48,clim,-0.016447368421052655,-0.07566863000392914,0.032584525644779185,-0.04255318641662598,0.04293958693742744,304.0,0.007719850681835496,False
D3,60,all,all,best-time hit rate (±30 min),wt_med,0.8231015838078377,0.8175013035535812,0.8287004455924034,41798.0,False,3626,54,clim,-0.007797476357314093,-0.01032603085041046,-0.005218039453029633,-0.012800981104373933,-0.003044301271438599,37961.0,0.9639909596485436,False
D3,90,all,all,best-time hit rate (±30 min),clim,0.8409782248591995,0.8351632803678513,0.8467009201645851,33203.0,False,3101,54,clim,,,,,,,,
D3,90,all,all,best-time hit rate (±30 min),h5,0.8397867145064035,0.8341994628310203,0.8453469097614288,40134.0,False,3437,54,clim,0.0029467160823865024,-0.0001558572053909301,0.00597366690635681,-0.0013314113020896912,0.007577984035015105,32918.0,0.99141643827365,False
D3,90,all,all,best-time hit rate (±30 min),lvlh5_naive,0.8131607170216025,0.8076790228486062,0.8189907073974609,39162.0,False,3377,54,clim,-0.021663751572616463,-0.02591855078935623,-0.017134016752243044,-0.030039075016975402,-0.01295619159936905,32589.0,0.9815076950877932,False
D3,90,all,all,best-time hit rate (±30 min),wt_med,0.8372015731457375,0.8312806531786918,0.8427908822894097,36106.0,False,3275,54,clim,-0.0005542213190466994,-0.0031327798962593077,0.002095063030719757,-0.004907883703708649,0.0038914278149604796,32478.0,0.9781646236785833,False
D3,0,all,all,best-time regret (min),clim,3.151615933859451,3.0418170988559723,3.276905304193497,53220.0,True,4321,54,clim,,,,,,,,
D3,0,all,all,best-time regret (min),h5,2.9233675471453355,2.830921947956085,3.022095966339111,61671.0,True,4927,54,clim,-0.5393458120627717,-0.6079199850559235,-0.4710394859313965,-0.7801386892795563,-0.34804409742355347,52890.0,0.9937993235625705,True
D3,0,all,all,best-time regret (min),lvlh5_cbd,3.9502172752916063,3.844763916730881,4.064252936840058,52468.0,True,3901,54,clim,0.5290270919524889,0.4089010179042816,0.6428496658802032,0.21958814263343812,0.8182321429252624,44958.0,0.8447576099210823,False
D3,0,all,all,best-time regret (min),lvlh5_naive,3.178106095858539,3.0828964948654174,3.274696707725525,60172.0,True,4833,54,clim,-0.2371533248543063,-0.32383612394332884,-0.1521904826164246,-0.48650179505348207,-0.03106611371040345,52679.0,0.9898346486283353,True
D3,0,all,all,best-time regret (min),lvlh5_tft,3.3502298793340968,3.25493586063385,3.4473975360393525,60249.0,True,4812,54,clim,-0.11849066842380696,-0.21044780015945436,-0.023812484741210952,-0.3649207651615143,0.08129664063453666,51599.0,0.9695415257422022,False
D3,0,all,all,best-time regret (min),snaive7,3.527723371674798,3.3827792406082153,3.702285575866699,28081.0,True,3785,54,clim,0.4576917033312382,0.30580153465271,0.6053503036499023,0.25870823860168457,0.6606508076190948,25456.0,0.47831642239759486,False
D3,0,all,all,best-time regret (min),wt_med,3.2006735848734036,3.089669591188431,3.3105780839920045,58493.0,True,4814,54,clim,-0.16311130738657065,-0.23658059239387513,-0.09137951731681825,-0.30003095269203184,-0.050869131088256844,52081.0,0.978598271326569,True
D3,1,all,all,best-time regret (min),clim,3.1452782223896056,3.032240295410156,3.26994349360466,53105.0,True,4312,54,clim,,,,,,,,
D3,1,all,all,best-time regret (min),h5,2.931794453507341,2.8353296756744384,3.0277184009552003,61300.0,True,4906,54,clim,-0.5229462186148828,-0.5910672187805176,-0.4542670011520386,-0.7554273903369904,-0.3388924479484558,52732.0,0.9929761792674889,True
D3,1,all,all,best-time regret (min),lvlh5_cbd,3.944393694971915,3.841076123714447,4.056249630451203,51451.0,True,3850,54,clim,0.5470628106642565,0.43121822476387023,0.6596320927143097,0.21888819932937623,0.8423661768436431,44260.0,0.8334431786084173,False
D3,1,all,all,best-time regret (min),lvlh5_naive,3.1721602560896316,3.0799766004085543,3.2675929963588715,59979.0,True,4817,54,clim,-0.22842349716374155,-0.31317257285118105,-0.14383789896965027,-0.476617032289505,-0.026728421449661272,52534.0,0.9892477167874965,True
D3,1,all,all,best-time regret (min),lvlh5_tft,3.3611722711502536,3.269001603126526,3.4631233274936677,59952.0,True,4791,54,clim,-0.08778633357255083,-0.1778289020061493,0.002582216262817379,-0.3349873423576355,0.11680810451507564,51557.0,0.9708502024291498,False
D3,1,all,all,best-time regret (min),snaive7,3.5299939478087508,3.384123998880386,3.7043773233890533,28089.0,True,3785,54,clim,0.4562568778493947,0.30322868227958677,0.6097019076347351,0.2596201241016388,0.6590885877609253,25444.0,0.47912625929761793,False
D3,1,all,all,best-time regret (min),wt_med,3.1950962799365037,3.0904424130916595,3.301920646429062,57956.0,True,4782,54,clim,-0.13553339633922912,-0.2108519732952118,-0.06726393699645998,-0.2628636956214905,-0.03325446248054505,51847.0,0.9763110818190378,True
D3,2,all,all,best-time regret (min),clim,3.1307261093599594,3.017755317687988,3.250468146800995,52981.0,True,4306,54,clim,,,,,,,,
D3,2,all,all,best-time regret (min),h5,2.9238168589407447,2.828691375255585,3.0213096022605894,61024.0,True,4893,54,clim,-0.5024341079374741,-0.5697222769260406,-0.43281397819519046,-0.7363492667675018,-0.3192867696285248,52586.0,0.9925444970838603,True
D3,2,all,all,best-time regret (min),lvlh5_cbd,3.9640199953499184,3.8601161360740663,4.080426931381226,51612.0,True,3870,54,clim,0.5641371860653521,0.44256575107574464,0.6808376848697661,0.2505827367305756,0.8532412528991699,44436.0,0.8387157660293313,False
D3,2,all,all,best-time regret (min),lvlh5_naive,3.176538384445781,3.083702063560486,3.2741879284381867,59868.0,True,4807,54,clim,-0.20080911398202383,-0.2823230564594269,-0.12006598711013797,-0.4525534749031067,-0.0030734717845916993,52403.0,0.9890904286442309,True
D3,2,all,all,best-time regret (min),lvlh5_tft,3.346587010726777,3.253482109308243,3.443884825706482,59757.0,True,4785,54,clim,-0.0713107916739415,-0.16728649735450746,0.017685836553573607,-0.31883864402770995,0.1239884138107299,51549.0,0.9729714425926276,False
D3,2,all,all,best-time regret (min),snaive7,3.5301616693967666,3.38437505364418,3.7045891880989075,28082.0,True,3784,54,clim,0.4712019211842051,0.32200167775154115,0.6242361307144165,0.27313745617866514,0.6706335186958312,25401.0,0.4794360242351032,False
D3,2,all,all,best-time regret (min),wt_med,3.2023859137320274,3.089462858438492,3.3117021024227142,57588.0,True,4757,54,clim,-0.12018197657535579,-0.1977871060371399,-0.05133163928985598,-0.24734792709350586,-0.014022320508956914,51655.0,0.9749721598308828,True
D3,3,all,all,best-time regret (min),clim,3.1260626715895103,3.014345407485962,3.2485563099384307,52815.0,True,4299,54,clim,,,,,,,,
D3,3,all,all,best-time regret (min),h5,2.9222823494580323,2.8301242113113405,3.019021934270859,60797.0,True,4879,54,clim,-0.5008682709005212,-0.5764057219028473,-0.4313769996166229,-0.7386027276515961,-0.31110687851905827,52403.0,0.9921991858373568,True
D3,3,all,all,best-time regret (min),lvlh5_cbd,3.9569806584127347,3.8528671145439146,4.071530330181122,52581.0,True,3941,54,clim,0.5865993534387317,0.4737603008747101,0.6972639679908752,0.27478299736976625,0.8854089796543121,45162.0,0.855097983527407,False
D3,3,all,all,best-time regret (min),lvlh5_naive,3.1737602890985745,3.0828624427318574,3.2699922144412996,59772.0,True,4799,54,clim,-0.20131722540253882,-0.2871530532836914,-0.11839241385459903,-0.45808662176132203,0.0032060086727142313,52231.0,0.9889425352646029,False
D3,3,all,all,best-time regret (min),lvlh5_tft,3.3421357074593834,3.2440370082855225,3.4459992587566375,59643.0,True,4774,54,clim,-0.059448642977872,-0.14625540375709534,0.02568792700767517,-0.30415014624595643,0.13877686262130734,51473.0,0.974590551926536,False
D3,3,all,all,best-time regret (min),prod_served,4.498950742741949,4.358318412303925,4.646682226657868,60519.0,True,4734,54,clim,1.0218971158968113,0.9120125472545624,1.1276174783706665,0.6755612075328827,1.4555199027061463,52564.0,0.9952475622455742,False
D3,3,all,all,best-time regret (min),prod_served_lin,3.7853731885854027,3.664973145723343,3.9149438440799713,60519.0,True,4734,54,clim,0.2822844532379576,0.18899428844451904,0.384468674659729,-0.024691784381866446,0.584325075149536,52564.0,0.9952475622455742,False
D3,3,all,all,best-time regret (min),snaive7,3.530633326209304,3.384390580654144,3.7051162719726562,28074.0,True,3782,54,clim,0.47505328807136626,0.3246068298816681,0.6334744393825531,0.2714421570301056,0.6816956102848053,25334.0,0.4796743349427246,False
D3,3,all,all,best-time regret (min),wt_med,3.2053619771199022,3.0958728730678557,3.3199831426143644,57255.0,True,4738,54,clim,-0.10751559675820621,-0.1818023145198822,-0.03795537352561951,-0.2287683367729187,-0.007480233907699586,51453.0,0.9742118716273785,True
D3,4,all,all,best-time regret (min),clim,3.1155131808858165,3.006249648332596,3.2331210374832153,52652.0,True,4291,54,clim,,,,,,,,
D3,4,all,all,best-time regret (min),h5,2.923604115403035,2.8304193377494813,3.0215735733509064,60553.0,True,4864,54,clim,-0.49500248918163336,-0.5658198714256286,-0.4241922914981842,-0.7392731010913849,-0.2972114443778992,52226.0,0.9919091392539695,True
D3,4,all,all,best-time regret (min),lvlh5_cbd,3.9649245283018866,3.8567971646785737,4.074364912509918,53000.0,True,3971,54,clim,0.5782236842105264,0.4588783621788025,0.6907883942127228,0.27683798074722293,0.8719160914421081,45600.0,0.8660639671807339,False
D3,4,all,all,best-time regret (min),lvlh5_naive,3.1843924042139164,3.091866511106491,3.279478317499161,59612.0,True,4791,54,clim,-0.1907679895501171,-0.2789771735668182,-0.10408291816711426,-0.4514027416706085,0.016396570205688438,52058.0,0.9887183772696194,False
D3,4,all,all,best-time regret (min),lvlh5_tft,3.352418907329869,3.2589466094970705,3.4493878304958345,59469.0,True,4761,54,clim,-0.06108967613702809,-0.15181512236595154,0.028172773122787462,-0.30549101233482356,0.14140004515647886,51318.0,0.9746638304337917,False
D3,4,all,all,best-time regret (min),prod_served,4.483292407751526,4.343650937080383,4.634455668926239,60272.0,True,4707,54,clim,1.029723748473749,0.9231936931610107,1.1366878390312194,0.6957997798919677,1.4378286182880402,52416.0,0.9955177391172225,False
D3,4,all,all,best-time regret (min),prod_served_lin,3.7697106450756572,3.6510636687278746,3.90213406085968,60272.0,True,4707,54,clim,0.2914568070818073,0.1962151288986206,0.39933907389640805,-0.003513079881668063,0.5830468595027922,52416.0,0.9955177391172225,False
D3,4,all,all,best-time regret (min),snaive7,3.5330501820258404,3.386072665452957,3.7068736135959623,28018.0,True,3779,54,clim,0.47530277843742574,0.32644388675689695,0.6363203048706054,0.2701901435852051,0.6753732562065125,25266.0,0.4798678112892198,False
D3,4,all,all,best-time regret (min),wt_med,3.2197898731508485,3.1115679025650023,3.3349592268466948,56918.0,True,4726,54,clim,-0.0936646108205168,-0.16351247429847718,-0.026339936256408725,-0.20740897655487062,0.006406527757644648,51236.0,0.9731064347033351,False
D3,5,all,all,best-time regret (min),clim,3.109041691290009,3.0003360867500306,3.227996289730072,52457.0,True,4270,54,clim,,,,,,,,
D3,5,all,all,best-time regret (min),h5,2.936140583554377,2.8414064168930055,3.034227555990219,60320.0,True,4848,54,clim,-0.47191464821222606,-0.542653614282608,-0.4024110436439514,-0.7152044236660003,-0.2780394315719605,52020.0,0.9916693672913053,True
D3,5,all,all,best-time regret (min),lvlh5_cbd,3.9547406860797336,3.8509172081947325,4.06365692615509,52851.0,True,3960,54,clim,0.5775964456956846,0.45687042474746703,0.6893338263034821,0.267056930065155,0.890123963356018,45466.0,0.8667289398936272,False
D3,5,all,all,best-time regret (min),lvlh5_naive,3.191961133712134,3.097468411922455,3.2896700501441956,59486.0,True,4777,54,clim,-0.1772452088073111,-0.2625697433948517,-0.09530815482139592,-0.43229323625564575,0.030389648675918562,51866.0,0.988733629448882,False
D3,5,all,all,best-time regret (min),lvlh5_tft,3.371917276745049,3.2680734276771544,3.474095696210861,59282.0,True,4749,54,clim,-0.02496527166363416,-0.11624379754066468,0.06184991002082824,-0.2860172986984253,0.18311147689819335,51111.0,0.9743408887279105,False
D3,5,all,all,best-time regret (min),prod_served,4.456808833080753,4.31767954826355,4.6076278448104855,60047.0,True,4673,54,clim,1.0222294554645015,0.9195760309696197,1.127408230304718,0.6950815856456757,1.42295600771904,52228.0,0.995634519701851,False
D3,5,all,all,best-time regret (min),prod_served_lin,3.7428680866654456,3.627967643737793,3.870800119638443,60047.0,True,4673,54,clim,0.28318143524546224,0.18824465274810792,0.3924628853797912,-0.015664160251617425,0.5728778600692749,52228.0,0.995634519701851,False
D3,5,all,all,best-time regret (min),snaive7,3.5285668346017793,3.383614307641983,3.7004789888858793,27987.0,True,3775,54,clim,0.46599396154457295,0.3163404405117035,0.6192595601081848,0.2594245493412018,0.671646636724472,25172.0,0.47985969460701144,False
D3,5,all,all,best-time regret (min),wt_med,3.206121152216888,3.0968597292900086,3.3168439328670503,56656.0,True,4708,54,clim,-0.08853809196980089,-0.15844804644584656,-0.021896773576736455,-0.20680503845214843,0.0104729115962982,50995.0,0.9721295537297215,False
D3,6,all,all,best-time regret (min),clim,3.0959842353976543,2.9843900859355927,3.2121795654296874,52269.0,True,4254,54,clim,,,,,,,,
D3,6,all,all,best-time regret (min),h5,2.9603556502772275,2.863193428516388,3.057713383436203,60059.0,True,4828,54,clim,-0.42347696879643415,-0.4965931951999664,-0.3554207980632782,-0.6603098034858703,-0.22798452973365796,51821.0,0.9914289540645507,True
D3,6,all,all,best-time regret (min),lvlh5_cbd,4.1815069144585415,4.0774741768836975,4.295708107948303,52571.0,True,3944,54,clim,0.7993941136147535,0.6789821028709412,0.9225973308086395,0.4462949872016907,1.1665926277637482,45223.0,0.8651973445063039,False
D3,6,all,all,best-time regret (min),lvlh5_naive,3.221770794699754,3.124497538805008,3.315932112932205,59318.0,True,4767,54,clim,-0.12441459921817533,-0.2108377158641815,-0.04464856982231143,-0.37697534561157225,0.08782445192337035,51674.0,0.9886165796169814,False
D3,6,all,all,best-time regret (min),lvlh5_tft,3.439305084745763,3.340097451210022,3.5416226625442504,59000.0,True,4729,54,clim,0.05413368427255438,-0.0416996419429779,0.14789848327636715,-0.20401859283447266,0.2729816138744354,50911.0,0.9740190170081693,False
D3,6,all,all,best-time regret (min),prod_served,4.4720926733864905,4.331191766262054,4.624498701095581,59823.0,True,4640,54,clim,1.0480170624855893,0.9427383542060852,1.1541996836662292,0.7223208248615265,1.4306457459926603,52044.0,0.9956953452333123,False
D3,6,all,all,best-time regret (min),prod_served_lin,3.793123046319977,3.672876650094986,3.9277663588523866,59823.0,True,4640,54,clim,0.34588040888478977,0.24893883466720582,0.4522289514541626,0.04743731617927552,0.6349336206912993,52044.0,0.9956953452333123,False
D3,6,all,all,best-time regret (min),snaive7,3.526967095851216,3.380757284164429,3.700338125228882,27960.0,True,3774,54,clim,0.4685169677393626,0.31926103234291076,0.6252800822257996,0.2641467034816742,0.6727223575115202,25077.0,0.47976812259656776,False
D3,6,all,all,best-time regret (min),wt_med,3.21621813660183,3.1050720036029817,3.3270234942436216,56295.0,True,4686,54,clim,-0.05732245605738173,-0.12924212217330933,0.008756601810455322,-0.16428512334823608,0.03489018678665155,50748.0,0.9709005337771911,False
D3,7,all,all,best-time regret (min),clim,3.095162341396098,2.9858079493045806,3.212059646844864,52174.0,True,4246,54,clim,,,,,,,,
D3,7,all,all,best-time regret (min),h5,2.99800405897251,2.897275078296661,3.1045393884181975,59621.0,True,4802,54,clim,-0.3865694164989937,-0.4616607129573822,-0.32204951047897346,-0.6252882599830627,-0.1935014307498932,51688.0,0.9906850155249741,True
D3,7,all,all,best-time regret (min),lvlh5_cbd,4.2443236575305505,4.127802836894989,4.362901639938355,51882.0,True,3907,54,clim,0.8687174464675245,0.7489287674427032,0.9878984928131104,0.5047044694423676,1.2414411365985871,44926.0,0.8610802315329474,False
D3,7,all,all,best-time regret (min),lvlh5_naive,3.2551789077212807,3.152017343044281,3.355135756731033,58410.0,True,4687,54,clim,-0.07684688883710056,-0.15992410778999328,-0.0029156267642974913,-0.31979658603668215,0.12242190837860106,51492.0,0.9869283551194081,False
D3,7,all,all,best-time regret (min),lvlh5_tft,3.522821789803358,3.4207139134407045,3.6269339263439178,58431.0,True,4693,54,clim,0.12233212896602108,0.02557403445243836,0.21352374553680417,-0.12617440819740294,0.3409262537956237,50649.0,0.9707708820485299,False
D3,7,all,all,best-time regret (min),prod_served,4.4607563504580385,4.319961154460907,4.61484032869339,59602.0,True,4610,54,clim,1.0424454753700743,0.9371144890785217,1.1376336991786957,0.7196156263351441,1.419726365804672,51949.0,0.995687507187488,False
D3,7,all,all,best-time regret (min),prod_served_lin,3.779940270460723,3.665497487783432,3.9159116983413695,59602.0,True,4610,54,clim,0.33865906947198177,0.24689802527427673,0.43704956173896786,0.046211767196655276,0.6358460068702697,51949.0,0.995687507187488,False
D3,7,all,all,best-time regret (min),wt_med,3.243713143697012,3.13656108379364,3.359501975774765,55791.0,True,4655,54,clim,-0.009394221070743392,-0.07447235584259033,0.05370792150497435,-0.11631513237953185,0.07455356717109676,50563.0,0.9691225514624142,False
D3,10,all,all,best-time regret (min),clim,3.0843348010844696,2.9758786082267763,3.202947610616684,52007.0,True,4238,54,clim,,,,,,,,
D3,10,all,all,best-time regret (min),h5,2.9945142000442955,2.8929498136043548,3.0993390023708343,58697.0,True,4752,54,clim,-0.36563131705800034,-0.43854644894599915,-0.3005048632621765,-0.6077338218688965,-0.17576820850372316,51448.0,0.9892514469206068,True
D3,10,all,all,best-time regret (min),lvlh5_cbd,4.259008267663175,4.1439370036125185,4.380538022518158,51647.0,True,3911,54,clim,0.9248689188292301,0.80649733543396,1.0437375366687773,0.5469226956367492,1.31984526515007,45201.0,0.8691330013267444,False
D3,10,all,all,best-time regret (min),lvlh5_naive,3.2525420211662173,3.1467328488826753,3.3570309460163115,57828.0,True,4661,54,clim,-0.0696064282092288,-0.15277575254440307,0.005762630701065058,-0.3124949812889099,0.1361296474933624,51274.0,0.9859057434576115,False
D3,10,all,all,best-time regret (min),lvlh5_tft,3.5080609945677805,3.3942347943782805,3.6134548246860505,57251.0,True,4628,54,clim,0.15327668212302736,0.06098470687866211,0.2446615219116211,-0.10877656936645508,0.36806808710098265,50249.0,0.9661968581152537,False
D3,10,all,all,best-time regret (min),prod_served,4.445425974687845,4.30409482717514,4.5981299638748165,58865.0,True,4530,54,clim,1.0691953934147476,0.9564168453216553,1.1660815477371216,0.7529084146022796,1.4509836256504058,51752.0,0.9950968138904378,False
D3,10,all,all,best-time regret (min),prod_served_lin,3.7512273846937907,3.6307503819465636,3.890834057331085,58865.0,True,4530,54,clim,0.36504869377028903,0.2652056097984314,0.47427373528480526,0.06631452441215516,0.6503499150276184,51752.0,0.9950968138904378,False
D3,10,all,all,best-time regret (min),wt_med,3.215469714118807,3.1032666087150576,3.3285974264144897,54778.0,True,4591,54,clim,0.0008560791574585558,-0.0662954807281494,0.06094529032707214,-0.10797247886657715,0.09017285108566274,50229.0,0.9658122944988174,False
D3,14,all,all,best-time regret (min),clim,3.09145406925987,2.977196788787842,3.2089261412620544,51545.0,True,4197,54,clim,,,,,,,,
D3,14,all,all,best-time regret (min),h5,3.0025965932696304,2.8919943273067474,3.112177687883377,57768.0,True,4679,54,clim,-0.34066948071071,-0.41832629442214964,-0.27113745212554935,-0.5878444373607635,-0.14828417897224427,50935.0,0.9881656804733728,True
D3,14,all,all,best-time regret (min),lvlh5_cbd,4.3259072300170915,4.207231450080871,4.447026336193085,50318.0,True,3803,54,clim,1.0036737361671437,0.8749164164066314,1.132701402902603,0.6011309087276459,1.4161609470844267,44369.0,0.86078184110971,False
D3,14,all,all,best-time regret (min),lvlh5_naive,3.2687400600812864,3.1621090471744537,3.3819689035415648,56590.0,True,4515,54,clim,0.007047536323436798,-0.07929163575172424,0.08940272331237792,-0.24028167724609376,0.21192986965179442,50656.0,0.9827529343292268,False
D3,14,all,all,best-time regret (min),lvlh5_tft,3.4813026468826,3.371349000930786,3.599082553386688,56746.0,True,4588,54,clim,0.13779929190086637,0.039361786842346196,0.231389582157135,-0.11823586225509643,0.3522982120513915,49993.0,0.96989038704045,False
D3,14,all,all,best-time regret (min),prod_served,4.437582716006943,4.302875280380249,4.588608682155609,58181.0,True,4440,54,clim,1.0899264433301465,0.984760183095932,1.1846407532691954,0.7872048854827881,1.4529498279094697,51253.0,0.9943350470462703,False
D3,14,all,all,best-time regret (min),prod_served_lin,3.756380949107097,3.6337036192417145,3.88809654712677,58181.0,True,4440,54,clim,0.38518720855364563,0.2928408682346344,0.48384100794792173,0.09385870695114136,0.6661854982376099,51253.0,0.9943350470462703,False
D3,14,all,all,best-time regret (min),wt_med,3.235307283409494,3.1152259767055512,3.3524019181728364,53615.0,True,4503,54,clim,0.03996451183610894,-0.015909218788146974,0.09085447788238525,-0.055619525909423824,0.13390083909034728,49594.0,0.962149578038607,False
D3,21,all,all,best-time regret (min),clim,3.1089026155382955,2.9956073462963104,3.2214175879955294,49053.0,True,4067,54,clim,,,,,,,,
D3,21,all,all,best-time regret (min),h5,2.99858088091817,2.8911248981952666,3.1097151339054108,56373.0,True,4516,54,clim,-0.33196814562002297,-0.4082916915416718,-0.2630750000476837,-0.5893570780754089,-0.12706402540206913,48345.0,0.9855666320102746,True
D3,21,all,all,best-time regret (min),lvlh5_cbd,4.3462628156784415,4.222100043296814,4.471214115619659,49061.0,True,3659,54,clim,1.0491390571191066,0.9293170809745789,1.1720335066318512,0.6285804212093353,1.5058520019054413,42105.0,0.8583572870160846,False
D3,21,all,all,best-time regret (min),lvlh5_naive,3.327678910874957,3.2052563607692717,3.4450651824474336,55237.0,True,4366,54,clim,0.03765568375890371,-0.04472480416297912,0.11691492795944211,-0.22352745532989501,0.25528794527053833,48014.0,0.9788188286139482,False
D3,21,all,all,best-time regret (min),lvlh5_tft,3.4702401356739494,3.35538427233696,3.5913723707199097,55427.0,True,4434,54,clim,0.12716215647489593,0.03175373673439026,0.21873201727867125,-0.15222671031951904,0.3538171231746673,47522.0,0.9687888610278678,False
D3,21,all,all,best-time regret (min),prod_served,4.461325534026218,4.316744005680084,4.621954727172851,57441.0,True,4361,54,clim,1.0605886693449205,0.955173236131668,1.1616986870765686,0.7207065701484681,1.4486774981021882,48788.0,0.9945976800603429,False
D3,21,all,all,best-time regret (min),prod_served_lin,3.80553959715186,3.679983353614807,3.9409625053405763,57441.0,True,4361,54,clim,0.3543084365007787,0.2569650590419769,0.453582239151001,0.04310995936393738,0.6639020323753356,48788.0,0.9945976800603429,False
D3,21,all,all,best-time regret (min),wt_med,3.2580806718804176,3.142361217737198,3.375808435678482,51914.0,True,4339,54,clim,0.08053776936331358,0.025733530521392826,0.1376897633075714,-0.026110726594924926,0.18249011635780335,47009.0,0.9583307850692109,False
D3,30,all,all,best-time regret (min),clim,3.100459317585302,2.9833457469940186,3.2094711303710937,45720.0,True,3863,54,clim,,,,,,,,
D3,30,all,all,best-time regret (min),h5,3.0047463988078813,2.899900513887405,3.118413996696472,54357.0,True,4330,54,clim,-0.3240097908322208,-0.39774322509765625,-0.24785619378089904,-0.5960040330886841,-0.10102085471153269,44940.0,0.9829396325459318,True
D3,30,all,all,best-time regret (min),lvlh5_cbd,4.44845955412009,4.322895324230194,4.579748630523682,47681.0,True,3568,54,clim,1.0659524776604385,0.9410731434822083,1.1941899538040162,0.6171982824802399,1.5490789771080018,39392.0,0.8615923009623797,False
D3,30,all,all,best-time regret (min),lvlh5_naive,3.4037786573071465,3.2928455114364623,3.520238626003265,53564.0,True,4245,54,clim,0.10233630219755652,0.017181003093719484,0.18776785731315612,-0.1715369701385498,0.3358225405216217,44686.0,0.9773840769903762,False
D3,30,all,all,best-time regret (min),lvlh5_tft,3.4518912618438864,3.3472556114196776,3.571243929862976,53192.0,True,4237,54,clim,0.12917330904122082,0.04036582708358765,0.22315809726715088,-0.15922236442565918,0.37879555225372313,43910.0,0.960411198600175,False
D3,30,all,all,best-time regret (min),prod_served,4.482342438850205,4.329476618766785,4.636783087253571,56010.0,True,4279,54,clim,1.0264330720762254,0.921746426820755,1.12849622964859,0.6566064655780792,1.4347849249839781,45549.0,0.996259842519685,False
D3,30,all,all,best-time regret (min),prod_served_lin,3.8164970540974825,3.6869933664798737,3.9517523288726806,56010.0,True,4279,54,clim,0.26942413664405374,0.1678563117980957,0.37140113711357114,-0.06606138944625854,0.5839570581912994,45549.0,0.996259842519685,False
D3,30,all,all,best-time regret (min),wt_med,3.2677811611446086,3.1390057861804963,3.3873935461044313,49589.0,True,4142,54,clim,0.10122755588127497,0.0384272038936615,0.16444905400276183,-0.031391775608062736,0.22840490937232968,43664.0,0.9550306211723535,False
D3,45,all,all,best-time regret (min),clim,3.0772015038647456,2.9514290750026704,3.1843293607234955,42823.0,True,3668,54,clim,,,,,,,,
D3,45,all,all,best-time regret (min),h5,3.0216457043725113,2.908662796020508,3.1460337042808533,50726.0,True,4109,54,clim,-0.34967492112056586,-0.4274864554405212,-0.26896833777427676,-0.6317289054393769,-0.11820703744888307,41836.0,0.9769516381383836,True
D3,45,all,all,best-time regret (min),lvlh5_cbd,4.498570138470801,4.271938002109527,4.735752260684967,13288.0,True,1159,53,clim,0.6578446635530186,0.44281073808670046,0.8876839339733124,0.1953613877296448,1.098069334030151,11562.0,0.2699950960932209,False
D3,45,all,all,best-time regret (min),lvlh5_naive,3.529466152114488,3.4123234927654265,3.6549056470394135,49752.0,True,4025,54,clim,0.15771334923963076,0.06447173953056336,0.2506264269351959,-0.15258389115333557,0.4331897616386412,41493.0,0.9689419237325736,False
D3,45,all,all,best-time regret (min),lvlh5_tft,3.52231421446384,3.4002168118953704,3.6526053726673124,50125.0,True,4077,54,clim,0.13765956931424528,0.04608036875724793,0.23601862788200376,-0.1925813853740692,0.4103887498378754,41283.0,0.9640380169535063,False
D3,45,all,all,best-time regret (min),prod_served,4.412270907130756,4.257470560073853,4.562344288825988,51944.0,True,4052,54,clim,0.9376849681558825,0.8354852795600891,1.0354966342449188,0.609956043958664,1.298638266324997,42237.0,0.9863157648926979,False
D3,45,all,all,best-time regret (min),prod_served_lin,3.7511165870937933,3.6190649926662446,3.8864768266677854,51944.0,True,4052,54,clim,0.1774747259511802,0.08041061758995056,0.27122496962547304,-0.16526877880096436,0.5103396356105804,42237.0,0.9863157648926979,False
D3,45,all,all,best-time regret (min),wt_med,3.3440743609604957,3.213427710533142,3.4785988330841064,45185.0,True,3890,54,clim,0.12101317916809595,0.05348060131072998,0.18765563964843748,-0.02540205121040344,0.28466267585754396,40822.0,0.9532727739766014,False
D3,60,all,all,best-time regret (min),clim,2.9437517458543896,2.818463164567947,3.053453630208969,39379.0,True,3506,54,clim,,,,,,,,
D3,60,all,all,best-time regret (min),h5,3.023736291708207,2.9093882024288176,3.1305879652500153,47143.0,True,3856,54,clim,-0.07713733075435236,-0.14833460450172425,-0.004527425765991219,-0.27478631138801574,0.11585456728935241,38775.0,0.9846618756189848,False
D3,60,all,all,best-time regret (min),lvlh5_naive,3.577054757179929,3.459118849039078,3.6979908406734467,45857.0,True,3749,54,clim,0.44617719399235956,0.353522402048111,0.5416434824466705,0.20469319224357604,0.6993461787700653,38218.0,0.9705172807841743,False
D3,60,all,all,best-time regret (min),lvlh5_tft,2.264623955431755,1.6913486897945404,2.8571967661380766,359.0,True,79,48,clim,0.16776315789473673,-0.3836456030607224,0.7852382451295852,-0.9169892847537994,0.9563391506671906,304.0,0.007719850681835496,False
D3,60,all,all,best-time regret (min),prod_served,3.3842239185750635,2.2224006235599516,4.619081604480743,393.0,True,79,48,clim,0.4901315789473686,-0.10219808518886565,1.157930368185043,-0.6161006391048431,1.056657361984253,304.0,0.007719850681835496,False
D3,60,all,all,best-time regret (min),prod_served_lin,3.7989821882951653,2.4912874162197114,5.415897572040557,393.0,True,79,48,clim,0.6578947368421053,0.12358912229537966,1.3053713053464888,-0.317074179649353,1.2042430877685546,304.0,0.007719850681835496,False
D3,60,all,all,best-time regret (min),wt_med,3.2171395760562707,3.0935705423355104,3.333068722486496,41798.0,True,3626,54,clim,0.21082163272832677,0.14509028792381287,0.27494152188301085,0.05710457563400269,0.3788207292556763,37961.0,0.9639909596485436,False
D3,90,all,all,best-time regret (min),clim,2.892509712977743,2.758868080377579,3.0163965702056883,33203.0,True,3101,54,clim,,,,,,,,
D3,90,all,all,best-time regret (min),h5,2.8258334579159814,2.715154820680618,2.9374421000480653,40134.0,True,3437,54,clim,-0.1385564129047938,-0.21430275440216065,-0.06389740705490113,-0.29838993549346926,-0.001164221763610849,32918.0,0.99141643827365,True
D3,90,all,all,best-time regret (min),lvlh5_naive,3.448955620244114,3.3220300018787383,3.5821603715419768,39162.0,True,3377,54,clim,0.4392893307557766,0.332521790266037,0.5490470170974731,0.22204241156578064,0.658187597990036,32589.0,0.9815076950877932,False
D3,90,all,all,best-time regret (min),wt_med,2.926244945438431,2.80871542096138,3.043479597568512,36106.0,True,3275,54,clim,0.022292013054991067,-0.038631248474121097,0.08592639565467831,-0.0744505524635315,0.1235435307025909,32478.0,0.9781646236785833,False
UC2/UC3,0,all,all,Spearman of slots within ride-day,clim,0.42808142271453137,0.42231654524803164,0.43377890437841415,47559.0,False,4278,54,wt_med,-0.013694879897257317,-0.016655998677015303,-0.010898854583501816,-0.020359932631254195,-0.006029418855905534,45746.0,0.8516270757316255,False
UC2/UC3,0,all,all,Spearman of slots within ride-day,h5,0.45290038877932365,0.44750421568751336,0.4581086128950119,55398.0,False,4868,54,wt_med,0.016405621178288365,0.01482323333621025,0.018043092638254165,0.01320831999182701,0.019559580832719803,52286.0,0.973378509196515,True
UC2/UC3,0,all,all,Spearman of slots within ride-day,lvlh5_cbd,0.413895241592332,0.4085004270076752,0.4191739872097969,50129.0,False,3876,54,wt_med,-0.017341151993301385,-0.019430463016033173,-0.015108586102724076,-0.02367376536130905,-0.010975149273872378,45522.0,0.8474569960533175,False
UC2/UC3,0,all,all,Spearman of slots within ride-day,lvlh5_naive,0.434333282392444,0.42904807031154635,0.43943948969244956,56532.0,False,4801,54,wt_med,0.007936326081925016,0.006167202442884445,0.009818648546934127,0.004441504180431366,0.011541848629713058,52040.0,0.9687988681212302,True
UC2/UC3,0,all,all,Spearman of slots within ride-day,lvlh5_tft,0.4147362270993284,0.4091707140207291,0.420011680573225,58346.0,False,4778,54,wt_med,0.0024071593204284536,0.00030965507030487064,0.004529983550310135,-0.0016053251922130585,0.006655040383338928,51936.0,0.9668627596991586,False
UC2/UC3,0,all,all,Spearman of slots within ride-day,snaive7,0.3858986614302243,0.37910978868603706,0.3927601307630539,25847.0,False,3650,54,wt_med,-0.06696436344671991,-0.07190829887986183,-0.06198106110095978,-0.07607384622097016,-0.05629383251070977,23962.0,0.44608682701615904,False
UC2/UC3,0,all,all,Spearman of slots within ride-day,wt_med,0.4343123213284836,0.42907641977071764,0.4393669210374355,53716.0,False,4768,54,wt_med,,,,,,,,
UC2/UC3,1,all,all,Spearman of slots within ride-day,clim,0.42746278367119067,0.42176071628928186,0.4330820120871067,47472.0,False,4270,54,wt_med,-0.011403499993649813,-0.014382051676511765,-0.008586764335632324,-0.018031194806098938,-0.0032509483397007003,45555.0,0.856538497696719,False
UC2/UC3,1,all,all,Spearman of slots within ride-day,h5,0.4507669177146474,0.4453781969845295,0.4561282441020012,54994.0,False,4846,54,wt_med,0.01643329152385714,0.014805891364812852,0.01799004152417183,0.013120822608470917,0.019716770946979524,51741.0,0.9728494876374918,True
UC2/UC3,1,all,all,Spearman of slots within ride-day,lvlh5_cbd,0.4107883913913854,0.4053366661071777,0.4160791225731373,49145.0,False,3823,54,wt_med,-0.017920794657395434,-0.02018604427576065,-0.01571755260229111,-0.02460716515779495,-0.011521446704864501,44503.0,0.8367584845351133,False
UC2/UC3,1,all,all,Spearman of slots within ride-day,lvlh5_naive,0.43197461968263295,0.4266203217208385,0.4374522343277931,56355.0,False,4787,54,wt_med,0.00833218444292061,0.006534045189619064,0.010211792588233948,0.004640025645494461,0.01207522451877594,51658.0,0.971288897245464,True
UC2/UC3,1,all,all,Spearman of slots within ride-day,lvlh5_tft,0.4117048706967034,0.40628078803420065,0.4173397846519947,58078.0,False,4756,54,wt_med,0.0017331859480049228,-0.0005661346018314361,0.0038995958864688866,-0.0025629602372646333,0.006273642927408217,51502.0,0.9683557394002068,False
UC2/UC3,1,all,all,Spearman of slots within ride-day,snaive7,0.3859332905208985,0.3790879987180233,0.39280026108026506,25855.0,False,3650,54,wt_med,-0.06397543634257763,-0.06897935122251511,-0.059032246470451355,-0.07341939136385918,-0.052776848524808885,23886.0,0.4491115916141769,False
UC2/UC3,1,all,all,Spearman of slots within ride-day,wt_med,0.4316916187696549,0.4265502355992794,0.43672085627913476,53185.0,False,4741,54,wt_med,,,,,,,,
UC2/UC3,2,all,all,Spearman of slots within ride-day,clim,0.42786725368207523,0.42217713594436646,0.4335101045668125,47373.0,False,4266,54,wt_med,-0.010054285932734053,-0.013036651164293289,-0.007179395109415055,-0.016722837835550307,-0.0020920567214489003,45390.0,0.8593661251845962,False
UC2/UC3,2,all,all,Spearman of slots within ride-day,h5,0.4504674960051738,0.4451163999736309,0.45571771413087847,54744.0,False,4834,54,wt_med,0.016664243219183694,0.015114025771617889,0.018256406486034393,0.013281413167715073,0.020118647068738938,51393.0,0.9730205611723276,True
UC2/UC3,2,all,all,Spearman of slots within ride-day,lvlh5_cbd,0.40912472590453264,0.4032338187098503,0.41453373059630394,49293.0,False,3841,54,wt_med,-0.017739698852818397,-0.019972239434719086,-0.015424055606126785,-0.024442336708307266,-0.0114144966006279,44529.0,0.8430648642508236,False
UC2/UC3,2,all,all,Spearman of slots within ride-day,lvlh5_naive,0.4314369755953744,0.42610815092921256,0.4368383325636387,56249.0,False,4777,54,wt_med,0.008604525023760468,0.00671464279294014,0.010487284511327744,0.004954283684492111,0.012581612169742584,51409.0,0.9733234882047787,True
UC2/UC3,2,all,all,Spearman of slots within ride-day,lvlh5_tft,0.41130505501770653,0.4057425022125244,0.4168089859187603,57893.0,False,4751,54,wt_med,0.0019088995980742207,-0.0002960465848445892,0.004083111882209777,-0.0024332523345947264,0.006394263356924056,51250.0,0.9703131508197963,False
UC2/UC3,2,all,all,Spearman of slots within ride-day,snaive7,0.3859279657775736,0.3790842056274414,0.3928085133433342,25848.0,False,3649,54,wt_med,-0.06253327654188884,-0.06755108535289764,-0.05765374526381493,-0.07258717939257622,-0.050792445987463,23835.0,0.451266613654436,False
UC2/UC3,2,all,all,Spearman of slots within ride-day,wt_med,0.4309386287015738,0.4256321504712105,0.4359513856470585,52818.0,False,4720,54,wt_med,,,,,,,,
UC2/UC3,3,all,all,Spearman of slots within ride-day,clim,0.4281942409677777,0.4225215367972851,0.43379379659891126,47163.0,False,4259,54,wt_med,-0.00916804236080243,-0.012149476259946824,-0.00644199773669243,-0.015923629701137542,-0.0010980568826198616,45173.0,0.8603397706928732,False
UC2/UC3,3,all,all,Spearman of slots within ride-day,h5,0.45037917366010083,0.44490473717451096,0.45569040849804876,54530.0,False,4820,54,wt_med,0.016625303005421588,0.015105960518121719,0.01818648725748062,0.013322290778160096,0.020096199959516524,51094.0,0.9731078352950139,True
UC2/UC3,3,all,all,Spearman of slots within ride-day,lvlh5_cbd,0.40786403667985555,0.4022384978830814,0.41306227222085,50233.0,False,3914,54,wt_med,-0.01690790497738115,-0.019094839692115784,-0.01474866569042206,-0.0232866995036602,-0.010735111683607102,45164.0,0.8601683617110425,False
UC2/UC3,3,all,all,Spearman of slots within ride-day,lvlh5_naive,0.4304345005644767,0.42505989596247673,0.4356379896402359,56172.0,False,4768,54,wt_med,0.008394889595300048,0.006548147648572922,0.01031050533056259,0.00466703474521637,0.012194709479808805,51216.0,0.9754313792709405,True
UC2/UC3,3,all,all,Spearman of slots within ride-day,lvlh5_tft,0.4115929113675135,0.40596081763505937,0.4170133747160435,57775.0,False,4742,54,wt_med,0.0023882365619768975,0.0002054743468761444,0.004475385695695876,-0.001989569514989853,0.007047841697931289,51046.0,0.9721936540585838,False
UC2/UC3,3,all,all,Spearman of slots within ride-day,prod_served,0.4257178631617132,0.4206269972026348,0.4313300810754299,53041.0,False,4662,54,wt_med,-0.013832186566577642,-0.016838300973176956,-0.01058303490281105,-0.02082238718867302,-0.006479752808809281,47353.0,0.9018588351807413,False
UC2/UC3,3,all,all,Spearman of slots within ride-day,prod_served_lin,0.43758214293224723,0.4321694426238537,0.44329499527812005,53795.0,False,4678,54,wt_med,0.0010641814140981976,-0.0021441154181957244,0.004348473250865936,-0.006655513495206833,0.008957627415657043,47968.0,0.9135717822725022,False
UC2/UC3,3,all,all,Spearman of slots within ride-day,snaive7,0.3859274929264585,0.3790873572230339,0.39280867353081705,25840.0,False,3647,54,wt_med,-0.06133774130401676,-0.06644945666193962,-0.056458064913749696,-0.07109951302409172,-0.04982418864965439,23790.0,0.4530910753056793,False
UC2/UC3,3,all,all,Spearman of slots within ride-day,wt_med,0.43038125903164176,0.42502405643463137,0.4354373410344124,52506.0,False,4699,54,wt_med,,,,,,,,
UC2/UC3,4,all,all,Spearman of slots within ride-day,clim,0.4285957690198723,0.42299152314662936,0.43407019302248956,46951.0,False,4253,54,wt_med,-0.008622942579248394,-0.01170557290315628,-0.00575864315032959,-0.015402588993310928,-0.0005160599946975716,44921.0,0.8613145683936035,False
UC2/UC3,4,all,all,Spearman of slots within ride-day,h5,0.45025070245635684,0.4447235308587551,0.4553581528365612,54297.0,False,4804,54,wt_med,0.016912906902063596,0.01536228209733963,0.018535809218883516,0.013628532737493515,0.020456313341856002,50775.0,0.9735590750469763,True
UC2/UC3,4,all,all,Spearman of slots within ride-day,lvlh5_cbd,0.40746646455611796,0.4018873549997807,0.41275385171175005,50627.0,False,3944,54,wt_med,-0.016778816488118353,-0.018934761732816698,-0.014555675536394119,-0.023141632974147796,-0.010525213927030565,45396.0,0.8704222111439199,False
UC2/UC3,4,all,all,Spearman of slots within ride-day,lvlh5_naive,0.43017561913642993,0.42471841648221015,0.4354562804102898,56027.0,False,4761,54,wt_med,0.008615468894664136,0.006738405674695969,0.010601117461919784,0.004684514552354813,0.012671047449111938,50962.0,0.9771446101928903,True
UC2/UC3,4,all,all,Spearman of slots within ride-day,lvlh5_tft,0.41161292338450006,0.4061823531985283,0.4168547712266445,57613.0,False,4729,54,wt_med,0.00279031623414866,0.0007982775568962097,0.004874002933502197,-0.001601116359233856,0.007457438111305237,50777.0,0.9735974230164512,False
UC2/UC3,4,all,all,Spearman of slots within ride-day,prod_served,0.42485409420258086,0.4195918031036854,0.4301851637661457,52899.0,False,4634,54,wt_med,-0.01372910184957099,-0.016908606886863707,-0.010638348013162612,-0.020969608426094057,-0.0063015528023242975,47109.0,0.9032672469992714,False
UC2/UC3,4,all,all,Spearman of slots within ride-day,prod_served_lin,0.4364384967355805,0.43081099838018416,0.4420046918094158,53654.0,False,4648,54,wt_med,0.0010186293136570934,-0.00230693519115448,0.00425678268074989,-0.006822725385427475,0.009098724275827405,47715.0,0.9148866817502014,False
UC2/UC3,4,all,all,Spearman of slots within ride-day,snaive7,0.38553251517009157,0.37889165580272677,0.3923991687595844,25784.0,False,3644,54,wt_med,-0.06160259321596734,-0.06687422841787338,-0.05676955431699753,-0.07126817926764488,-0.050407225638628005,23645.0,0.4533688691183802,False
UC2/UC3,4,all,all,Spearman of slots within ride-day,wt_med,0.4301188469331605,0.4248170182108879,0.4351547472178936,52154.0,False,4684,54,wt_med,,,,,,,,
UC2/UC3,5,all,all,Spearman of slots within ride-day,clim,0.4288425603084569,0.4230994783341885,0.4343399181962013,46809.0,False,4236,54,wt_med,-0.007280685722290681,-0.010274102538824081,-0.004534027725458145,-0.0142210952937603,0.0009913615882396671,44725.0,0.8612887074410722,False
UC2/UC3,5,all,all,Spearman of slots within ride-day,h5,0.44906825866245154,0.44365676417946814,0.45427006483078003,54071.0,False,4790,54,wt_med,0.016611040245775754,0.015095359832048415,0.018139902502298355,0.01356927827000618,0.019901689141988754,50531.0,0.9730973655831151,True
UC2/UC3,5,all,all,Spearman of slots within ride-day,lvlh5_cbd,0.4064231888198064,0.40074934661388395,0.4115024782717228,50471.0,False,3934,54,wt_med,-0.016799783312743843,-0.018987907469272612,-0.014617843180894851,-0.02311880961060524,-0.010277903825044631,45187.0,0.8701856416576799,False
UC2/UC3,5,all,all,Spearman of slots within ride-day,lvlh5_naive,0.42906133368566285,0.4236003540456295,0.434266509115696,55905.0,False,4745,54,wt_med,0.008235193565143406,0.006353960931301117,0.010140781849622726,0.004508186876773834,0.012068110704421996,50782.0,0.9779309813588045,True
UC2/UC3,5,all,all,Spearman of slots within ride-day,lvlh5_tft,0.40983779279779786,0.4043629452586174,0.41525132954120636,57435.0,False,4718,54,wt_med,0.0017672580918863257,-0.00047907233238220215,0.003834505379199981,-0.0028041303157806396,0.006481043249368666,50585.0,0.9741372669850562,False
UC2/UC3,5,all,all,Spearman of slots within ride-day,prod_served,0.4249504048981345,0.41980264335870743,0.43039572089910505,52642.0,False,4605,54,wt_med,-0.013409913674148788,-0.016483303904533387,-0.0102360799908638,-0.02065369263291359,-0.006086103618144989,46801.0,0.9012671391156987,False
UC2/UC3,5,all,all,Spearman of slots within ride-day,prod_served_lin,0.43697049026570556,0.4315188340842724,0.44245437532663345,53408.0,False,4617,54,wt_med,0.001957947873226229,-0.001357056200504303,0.005345471203327179,-0.006053059548139572,0.010130138695240017,47418.0,0.9131489755045448,False
UC2/UC3,5,all,all,Spearman of slots within ride-day,snaive7,0.3852629290115215,0.37857265025377274,0.39206366837024687,25754.0,False,3640,54,wt_med,-0.06071548351217465,-0.06598709598183632,-0.05579403862357139,-0.07042421847581863,-0.04946849793195725,23537.0,0.4532622092127561,False
UC2/UC3,5,all,all,Spearman of slots within ride-day,wt_med,0.428944009852664,0.4234796307981014,0.43399752080440523,51928.0,False,4671,54,wt_med,,,,,,,,
UC2/UC3,6,all,all,Spearman of slots within ride-day,clim,0.42869245462335087,0.4228387661278248,0.4341547779738903,46647.0,False,4221,54,clim,,,,,,,,
UC2/UC3,6,all,all,Spearman of slots within ride-day,h5,0.4473538781932139,0.4419201649725437,0.4525642037391663,53768.0,False,4771,54,clim,0.022223076056792856,0.01899663656949997,0.025364352762699126,0.013310568034648895,0.02975043579936027,44844.0,0.9613479966557334,True
UC2/UC3,6,all,all,Spearman of slots within ride-day,lvlh5_cbd,0.3995832999460536,0.3941978454589844,0.4046647548675537,50183.0,False,3916,54,clim,-0.01933924226055922,-0.023381785303354264,-0.015540048480033875,-0.03171962946653366,-0.008906029909849168,39955.0,0.8565395416639869,False
UC2/UC3,6,all,all,Spearman of slots within ride-day,lvlh5_naive,0.4270647376695689,0.4215286262333393,0.43250305503606795,55721.0,False,4734,54,clim,0.012239682145138153,0.00868193432688713,0.015775707364082337,0.002841528505086899,0.020385580509901045,45368.0,0.9725813021201792,True
UC2/UC3,6,all,all,Spearman of slots within ride-day,lvlh5_tft,0.4071163100457214,0.40162939131259917,0.4126980185508728,57149.0,False,4699,54,clim,0.005026871056419802,0.0009704381227493286,0.00873318463563919,-0.005173733085393905,0.013905921578407286,44951.0,0.9636418204814886,False
UC2/UC3,6,all,all,Spearman of slots within ride-day,prod_served,0.4235498454787468,0.41840957552194596,0.4287248097360134,52400.0,False,4574,54,clim,-0.007009004876961045,-0.009846532344818115,-0.004386188834905625,-0.01538635641336441,0.0008200965821743001,43468.0,0.9318498510086394,False
UC2/UC3,6,all,all,Spearman of slots within ride-day,prod_served_lin,0.43547311254489707,0.429866536706686,0.44089621901512144,53134.0,False,4591,54,clim,0.00759661918907667,0.004610183835029602,0.010410446673631666,-0.0014104336500167845,0.015966413915157317,43988.0,0.9429974060496924,False
UC2/UC3,6,all,all,Spearman of slots within ride-day,snaive7,0.3852363891265581,0.37853750959038734,0.3920849494636059,25727.0,False,3639,54,clim,-0.05716174608306979,-0.06288660243153572,-0.05134037584066391,-0.0685070924460888,-0.04577515870332718,20900.0,0.4480459622269385,False
UC2/UC3,6,all,all,Spearman of slots within ride-day,wt_med,0.42679755239242817,0.4214801423251629,0.4318032257258892,51540.0,False,4647,54,clim,0.005339962150332667,0.002517560124397278,0.008240095525979995,-0.003350507467985153,0.012122230976819989,44504.0,0.9540592106673527,False
UC2/UC3,7,all,all,Spearman of slots within ride-day,clim,0.4287398120945106,0.42284309342503545,0.43421733379364014,46579.0,False,4215,54,clim,,,,,,,,
UC2/UC3,7,all,all,Spearman of slots within ride-day,h5,0.4439403480989796,0.4383929371833801,0.4492969810962677,53286.0,False,4750,54,clim,0.0194452015998694,0.016436569392681122,0.022338590025901793,0.010235397517681122,0.027441050857305527,44721.0,0.9601107795358423,True
UC2/UC3,7,all,all,Spearman of slots within ride-day,lvlh5_cbd,0.39422625887492047,0.3888793267309666,0.39952078461647034,49524.0,False,3881,54,clim,-0.02376925704035382,-0.02758582904934883,-0.0200858935713768,-0.03729686513543129,-0.013122335076332096,39675.0,0.8517786985551429,False
UC2/UC3,7,all,all,Spearman of slots within ride-day,lvlh5_naive,0.4256579926224125,0.4201835207641125,0.43103730157017706,54697.0,False,4659,54,clim,0.010740321697215505,0.007519199699163437,0.013969235122203827,0.0007733531296253205,0.018999858945608135,45218.0,0.97078082397647,True
UC2/UC3,7,all,all,Spearman of slots within ride-day,lvlh5_tft,0.40374933985116473,0.3982717379927635,0.4094008646905422,56595.0,False,4666,54,clim,0.0021303370493153118,-0.0016202017664909362,0.005570736527442932,-0.008228924870491029,0.010465736687183378,44749.0,0.960711908800103,False
UC2/UC3,7,all,all,Spearman of slots within ride-day,prod_served,0.42198977868952037,0.4166429899632931,0.4274103604257107,52082.0,False,4549,54,clim,-0.008632964319017555,-0.011305516213178634,-0.005949722975492478,-0.017073459178209304,-0.001226481050252915,43382.0,0.9313639193628029,False
UC2/UC3,7,all,all,Spearman of slots within ride-day,prod_served_lin,0.43390363591668907,0.428305297344923,0.4395093724131584,52869.0,False,4566,54,clim,0.0063675635266928765,0.0034540578722953796,0.00918445885181427,-0.0025477096438407897,0.014349871873855589,43933.0,0.9431932845273621,False
UC2/UC3,7,all,all,Spearman of slots within ride-day,wt_med,0.4228736035156539,0.41729829385876654,0.42800678610801696,51047.0,False,4615,54,clim,0.0015821286337321938,-0.0012959249317646027,0.004395374655723571,-0.006816642731428146,0.008280380815267562,44372.0,0.9526181326348784,False
UC2/UC3,10,all,all,Spearman of slots within ride-day,clim,0.42885781841079723,0.42291797548532484,0.4345301516354084,46407.0,False,4207,54,clim,,,,,,,,
UC2/UC3,10,all,all,Spearman of slots within ride-day,h5,0.4409209605758483,0.43556505143642427,0.4463684670627117,52301.0,False,4706,54,clim,0.01674257996406131,0.013719213008880616,0.019716514647006987,0.007070329040288925,0.025051859021186826,44476.0,0.9583898980757213,True
UC2/UC3,10,all,all,Spearman of slots within ride-day,lvlh5_cbd,0.3908018404470658,0.3853490464389324,0.396168103069067,49261.0,False,3890,54,clim,-0.02583795807990591,-0.029434777051210403,-0.021896541863679887,-0.04007018059492111,-0.01435162425041199,39870.0,0.8591376300989075,False
UC2/UC3,10,all,all,Spearman of slots within ride-day,lvlh5_naive,0.42167712273074104,0.4163130961358547,0.42700618878006935,54137.0,False,4632,54,clim,0.007975229324879263,0.004660859704017639,0.011194466054439543,-0.002533432841300964,0.01672452986240387,45016.0,0.9700260736526817,False
UC2/UC3,10,all,all,Spearman of slots within ride-day,lvlh5_tft,0.40070647227752587,0.39513771533966063,0.4060729555785656,55488.0,False,4608,54,clim,0.0007419368605082743,-0.0029718197882175443,0.004198860377073287,-0.01006324142217636,0.009620434045791626,44444.0,0.9577003469304199,False
UC2/UC3,10,all,all,Spearman of slots within ride-day,prod_served,0.4210074043556779,0.4157393857836723,0.4263004928827286,51616.0,False,4473,54,clim,-0.008279168555317795,-0.01097271740436554,-0.005545840412378312,-0.01677664965391159,-0.0009965889155864724,43401.0,0.9352252892882539,False
UC2/UC3,10,all,all,Spearman of slots within ride-day,prod_served_lin,0.433266033878298,0.4277263395488262,0.43891330659389494,52335.0,False,4488,54,clim,0.006511921114151276,0.0035900726914405824,0.00934881940484047,-0.002463994175195694,0.014723891764879225,43901.0,0.9459995259335876,False
UC2/UC3,10,all,all,Spearman of slots within ride-day,wt_med,0.4206374643463065,0.41528417989611627,0.4256831929087639,49975.0,False,4550,54,clim,-0.001171548834946301,-0.0039849385619163515,0.001574091613292693,-0.009692929685115814,0.0055632106959819785,44060.0,0.9494257331868037,False
UC2/UC3,14,all,all,Spearman of slots within ride-day,clim,0.42851686597703176,0.42258823961019515,0.4342261403799057,45929.0,False,4167,54,clim,,,,,,,,
UC2/UC3,14,all,all,Spearman of slots within ride-day,h5,0.43612759482070645,0.430693780630827,0.441714346408844,51164.0,False,4637,54,clim,0.012250334979048982,0.009279268980026244,0.015200062096118927,0.0022182181477546693,0.020992229878902435,43895.0,0.9557142546103768,True
UC2/UC3,14,all,all,Spearman of slots within ride-day,lvlh5_cbd,0.3854299027598345,0.3799165926873684,0.39086541831493377,47864.0,False,3787,54,clim,-0.031080584340564266,-0.034908436983823773,-0.027236587554216384,-0.04605009779334068,-0.01919551864266396,39019.0,0.849550392997888,False
UC2/UC3,14,all,all,Spearman of slots within ride-day,lvlh5_naive,0.4175643800066987,0.41201149448752405,0.42324167117476463,52718.0,False,4493,54,clim,0.0037890382838151604,0.0006212361156940461,0.006768221408128736,-0.0068905301392078394,0.01268359124660492,44401.0,0.9667312591173333,False
UC2/UC3,14,all,all,Spearman of slots within ride-day,lvlh5_tft,0.3958004709594783,0.39014117792248726,0.40167260617017747,54909.0,False,4567,54,clim,-0.0035565537100156197,-0.007448688894510269,1.661106944083928e-05,-0.01519334465265274,0.006279191374778747,44143.0,0.9611138931829563,False
UC2/UC3,14,all,all,Spearman of slots within ride-day,prod_served,0.41825934103750717,0.4128910586237907,0.4235659442842007,50984.0,False,4380,54,clim,-0.009383719543922753,-0.012211452424526214,-0.006836347281932832,-0.017853569984436036,-0.0016944512724876419,42964.0,0.9354438372270243,False
UC2/UC3,14,all,all,Spearman of slots within ride-day,prod_served_lin,0.4307231188176229,0.4250613212585449,0.43637473732233045,51694.0,False,4396,54,clim,0.005568317464646977,0.002578990161418915,0.008305295556783675,-0.00342378094792366,0.014000413566827772,43447.0,0.9459600688018464,False
UC2/UC3,14,all,all,Spearman of slots within ride-day,wt_med,0.414400995473373,0.4090929441154003,0.4195202961564064,48728.0,False,4467,54,clim,-0.006850427694885031,-0.009528615325689316,-0.004166688024997711,-0.015564977377653121,1.4380365610122287e-05,43490.0,0.9468962964575758,False
UC2/UC3,21,all,all,Spearman of slots within ride-day,clim,0.41691808835347494,0.4109432227909565,0.4227286085486412,43820.0,False,4033,54,clim,,,,,,,,
UC2/UC3,21,all,all,Spearman of slots within ride-day,h5,0.43098585598218575,0.42552482932806013,0.4367314375936985,49638.0,False,4472,54,clim,0.014384758531701125,0.010748232156038285,0.018093645572662354,0.00244574099779129,0.02431764379143715,41612.0,0.9496120492925605,True
UC2/UC3,21,all,all,Spearman of slots within ride-day,lvlh5_cbd,0.3815505816759114,0.3756491869688034,0.387167289853096,46572.0,False,3644,54,clim,-0.0264397650449672,-0.030783165991306306,-0.021969405561685564,-0.04312155023217201,-0.012900312989950187,37154.0,0.8478776814240073,False
UC2/UC3,21,all,all,Spearman of slots within ride-day,lvlh5_naive,0.4122691156353094,0.4065748117864132,0.41786465495824815,51235.0,False,4342,54,clim,0.006351391853660293,0.0025166146457195285,0.01012175977230072,-0.0060050256550312035,0.0165289469063282,42147.0,0.9618210862619808,False
UC2/UC3,21,all,all,Spearman of slots within ride-day,lvlh5_tft,0.3937612341130559,0.3879841729998589,0.39931308701634405,53631.0,False,4412,54,clim,0.0019164691430844094,-0.002227286249399185,0.006226416677236556,-0.011007706820964813,0.013140778243541715,42101.0,0.9607713372889092,False
UC2/UC3,21,all,all,Spearman of slots within ride-day,prod_served,0.41783290722357996,0.4125025622546673,0.42321024015545844,50285.0,False,4311,54,clim,0.0009788416938801836,-0.002462063729763031,0.00451551154255867,-0.009047484397888184,0.010546302795410155,41072.0,0.9372889091738932,False
UC2/UC3,21,all,all,Spearman of slots within ride-day,prod_served_lin,0.42985895369609267,0.4243332378566265,0.4355884246528149,50969.0,False,4319,54,clim,0.01525696168387447,0.011606258153915406,0.019072377681732176,0.0044523924589157104,0.02625780329108238,41538.0,0.947923322683706,True
UC2/UC3,21,all,all,Spearman of slots within ride-day,wt_med,0.40798108960039603,0.40223288387060163,0.4134183906018734,46886.0,False,4299,54,clim,-0.005390378288624265,-0.00847535878419876,-0.00222553163766861,-0.016240891069173813,0.002575259655714035,41205.0,0.9403240529438612,False
UC2/UC3,30,all,all,Spearman of slots within ride-day,clim,0.4043664721118667,0.39801865816116333,0.4105201855301857,40941.0,False,3835,54,clim,,,,,,,,
UC2/UC3,30,all,all,Spearman of slots within ride-day,h5,0.42555869026519183,0.419724340736866,0.43124687001109124,47567.0,False,4291,54,clim,0.019660045637551304,0.01591901108622551,0.02368880659341812,0.005625100433826447,0.03143056258559227,38498.0,0.94032876578491,True
UC2/UC3,30,all,all,Spearman of slots within ride-day,lvlh5_cbd,0.3784368220465408,0.37247381880879404,0.38394610956311226,45177.0,False,3544,54,clim,-0.018506452604085455,-0.02350888028740883,-0.013678869605064392,-0.03722575381398201,-0.0027870520949363764,34794.0,0.8498571114530666,False
UC2/UC3,30,all,all,Spearman of slots within ride-day,lvlh5_naive,0.40608294864182676,0.40004958435893057,0.41160673946142196,49486.0,False,4218,54,clim,0.011047626656242315,0.007126146554946899,0.015078768879175187,-0.0032160833477973935,0.023263141512870785,39170.0,0.9567426296377715,False
UC2/UC3,30,all,all,Spearman of slots within ride-day,lvlh5_tft,0.38968315028371264,0.3836981408298016,0.39549480825662614,51455.0,False,4212,54,clim,0.00866170644690989,0.004245683550834656,0.01341767981648445,-0.00687582865357399,0.02229456007480621,38961.0,0.9516377225763905,False
UC2/UC3,30,all,all,Spearman of slots within ride-day,prod_served,0.414663640793561,0.4090224653482437,0.4203083194792271,49265.0,False,4234,54,clim,0.011292702001251709,0.00746423676609993,0.015697273612022396,-0.0010564737021923063,0.023558584600687014,38598.0,0.9427713050487286,False
UC2/UC3,30,all,all,Spearman of slots within ride-day,prod_served_lin,0.4269322838981905,0.4210782997310162,0.4329498015344143,49875.0,False,4246,54,clim,0.02533438248652564,0.02099269926548004,0.029780223220586776,0.012085425108671189,0.039281024038791655,39017.0,0.9530055445641289,True
UC2/UC3,30,all,all,Spearman of slots within ride-day,wt_med,0.40177898888036273,0.3958727426826954,0.4072950854897499,44594.0,False,4108,54,clim,-0.00251989720815049,-0.005843327194452286,0.0007650151848793028,-0.014730476588010789,0.007372918725013732,38180.0,0.9325614909259666,False
UC2/UC3,45,all,all,Spearman of slots within ride-day,clim,0.397232799433399,0.3906502343714237,0.4036270059645176,38392.0,False,3638,54,clim,,,,,,,,
UC2/UC3,45,all,all,Spearman of slots within ride-day,h5,0.41668849968044863,0.41043113321065905,0.42264044880867,44185.0,False,4077,54,clim,0.018555747659532162,0.014924120903015137,0.022328729927539825,0.007207544893026352,0.028833382576704026,35714.0,0.9302458845592831,True
UC2/UC3,45,all,all,Spearman of slots within ride-day,lvlh5_cbd,0.33890261020844503,0.32737826406955717,0.35003468319773673,12774.0,False,1154,53,clim,-0.022242369293574038,-0.02813103124499321,-0.016454899311065675,-0.03873013108968735,-0.004012025147676473,10913.0,0.2842519274848927,False
UC2/UC3,45,all,all,Spearman of slots within ride-day,lvlh5_naive,0.3965169973589622,0.3902063094079494,0.40212740153074267,45690.0,False,4005,54,clim,0.008024663313083658,0.004043807834386825,0.011716146022081373,-0.004055994749069214,0.01831551268696785,36329.0,0.9462648468430923,False
UC2/UC3,45,all,all,Spearman of slots within ride-day,lvlh5_tft,0.3811471202830705,0.3750098541378975,0.38704514130949974,48538.0,False,4060,54,clim,0.008781842960904396,0.004077237099409103,0.012929794937372207,-0.005146860331296921,0.020736449211835862,36611.0,0.9536101271098145,False
UC2/UC3,45,all,all,Spearman of slots within ride-day,prod_served,0.4077427397267535,0.4019404277205467,0.4135586149990559,45348.0,False,4017,54,clim,0.011790475462659933,0.007569018006324768,0.01619380488991737,-0.0011591695249080658,0.025247031450271604,35672.0,0.9291519066472181,False
UC2/UC3,45,all,all,Spearman of slots within ride-day,prod_served_lin,0.4203321131005529,0.4141199380159378,0.4264253668487072,45863.0,False,4023,54,clim,0.025699422120424142,0.021257497370243073,0.03050811290740967,0.01178891360759735,0.04029842540621757,36003.0,0.9377734944780163,True
UC2/UC3,45,all,all,Spearman of slots within ride-day,wt_med,0.39470657664818326,0.3882386788725853,0.40032444074749945,40557.0,False,3848,54,clim,-0.003999508412033614,-0.007118137925863266,-0.0008457586169242865,-0.013838379830121993,0.0038759350776672347,35600.0,0.9272765159408211,False
UC2/UC3,60,all,all,Spearman of slots within ride-day,clim,0.4106406312631021,0.4037917509675026,0.41750704646110537,35393.0,False,3474,54,clim,,,,,,,,
UC2/UC3,60,all,all,Spearman of slots within ride-day,h5,0.41053791470240664,0.4040841609239578,0.4164699353277683,40926.0,False,3807,54,clim,0.005594104527716914,0.0024699412286281587,0.008708193898200987,-0.0018049165606498717,0.012959882616996763,33001.0,0.9324160144661374,False
UC2/UC3,60,all,all,Spearman of slots within ride-day,lvlh5_naive,0.3883613418911974,0.3816437877714634,0.3942657098174095,42051.0,False,3724,54,clim,-0.007460794430823703,-0.010998982936143875,-0.0039774589240551,-0.01655014082789421,0.0007611319422721849,33485.0,0.9460910349504139,False
UC2/UC3,60,all,all,Spearman of slots within ride-day,lvlh5_tft,0.31416800626329444,0.2615092471241951,0.3629244573414325,355.0,False,77,48,clim,0.00781050160283725,-0.025981492549180984,0.04349055290222167,-0.019863227754831313,0.13841356001794336,249.0,0.007035289464018308,False
UC2/UC3,60,all,all,Spearman of slots within ride-day,prod_served,0.35562394373037187,0.3197521284222603,0.394734850525856,313.0,False,71,48,clim,-0.033358670643206134,-0.06480419859290122,0.0020085893571376583,-0.05424634367227554,0.032703690230846336,231.0,0.006526714322041082,False
UC2/UC3,60,all,all,Spearman of slots within ride-day,prod_served_lin,0.3674012215419094,0.3265076816082001,0.4104058474302292,315.0,False,71,48,clim,-0.02066492781518131,-0.05164818912744522,0.011153316497802726,-0.04807599037885666,0.04910575151443479,233.0,0.0065832226711496624,False
UC2/UC3,60,all,all,Spearman of slots within ride-day,wt_med,0.3904308524964989,0.38351407200098037,0.39690384566783904,37436.0,False,3575,54,clim,-0.016013268143475867,-0.01898038387298584,-0.013072239607572556,-0.023673051595687868,-0.008956167846918106,33007.0,0.9325855395134631,False
UC2/UC3,90,all,all,Spearman of slots within ride-day,clim,0.41084042568196366,0.40366805270314216,0.4176019124686718,30068.0,False,3065,54,clim,,,,,,,,
UC2/UC3,90,all,all,Spearman of slots within ride-day,h5,0.4249679575011963,0.4179338164627552,0.43225437998771665,35018.0,False,3385,54,clim,0.015264367585939409,0.01226712167263031,0.018301276862621306,0.00860002338886261,0.02217850387096405,28334.0,0.9423307170413728,True
UC2/UC3,90,all,all,Spearman of slots within ride-day,lvlh5_naive,0.3997546268682515,0.3926647059619427,0.4065983936190605,36178.0,False,3340,54,clim,0.00018463773258192706,-0.003095521032810211,0.003493209928274154,-0.007909416407346725,0.008243462443351746,28826.0,0.9586936277770387,False
UC2/UC3,90,all,all,Spearman of slots within ride-day,wt_med,0.4029642380781339,0.39587791711091996,0.4101759433746338,32486.0,False,3232,54,clim,-0.003980460523103413,-0.0066458798944950105,-0.001423740386962891,-0.00948006883263588,0.00170682743191719,28496.0,0.9477185047226288,False
UC3,0,all,all,dayPeak abs error (min),clim,9.37403110589866,9.156859731674194,9.614456129074096,75034.0,True,4571,54,snaive7,0.4664882934305812,0.20883753299713137,0.7279152870178223,0.019511485099792485,0.9233218789100647,37842.0,0.9144113667117727,False
UC3,0,all,all,dayPeak abs error (min),h5,9.323212625106072,9.112395167350769,9.54149079322815,86027.0,True,5234,54,snaive7,0.11621179836844142,-0.12120220661163329,0.3406242609024048,-0.32655608654022217,0.5560733914375304,41065.0,0.9922917069398801,False
UC3,0,all,all,dayPeak abs error (min),lvlh5_cbd,13.137283440643541,12.797521615028382,13.474999737739562,70817.0,True,4091,54,snaive7,3.863333462025828,3.493185353279114,4.225927114486694,3.135242390632629,4.685927283763885,34104.0,0.8240866035182679,False
UC3,0,all,all,dayPeak abs error (min),lvlh5_naive,9.381620447791434,9.161525845527649,9.62179720401764,83627.0,True,5124,54,snaive7,0.05109001153893722,-0.136159610748291,0.24126582145690917,-0.2719409942626953,0.37193936109542824,40596.0,0.9809588246665378,False
UC3,0,all,all,dayPeak abs error (min),lvlh5_tft,8.725388592111422,8.52720353603363,8.943376493453979,84021.0,True,5116,54,snaive7,-0.6819964333644029,-0.902288293838501,-0.45745611190795904,-0.9460927486419678,-0.41497232913970955,40238.0,0.9723081384109801,True
UC3,0,all,all,dayPeak abs error (min),snaive7,8.303578677749854,8.026694345474244,8.613860058784486,41384.0,True,4121,54,snaive7,,,,,,,,
UC3,0,all,all,dayPeak abs error (min),wt_med,9.154778859425194,8.945388388633727,9.374152612686157,81871.0,True,5124,54,snaive7,0.10616512232190978,-0.13417966365814207,0.328944730758667,-0.350964879989624,0.5628248929977416,40794.0,0.9857432824279915,False
UC3,1,all,all,dayPeak abs error (min),clim,9.429279923063564,9.210658860206603,9.671819043159484,74867.0,True,4562,54,snaive7,0.5231756649569039,0.2575690269470215,0.7798144578933714,0.06717225313186646,0.9980260848999023,37822.0,0.9137073005749625,False
UC3,1,all,all,dayPeak abs error (min),h5,9.447793700672317,9.236010456085205,9.667714381217957,85525.0,True,5213,54,snaive7,0.2429381829934627,0.0010576248168945382,0.46962220668792726,-0.21493616104125976,0.6827354431152343,40996.0,0.9903850799632797,False
UC3,1,all,all,dayPeak abs error (min),lvlh5_cbd,13.142780654398736,12.818166708946228,13.48436405658722,69802.0,True,4042,54,snaive7,3.93288566812085,3.560037088394165,4.281974124908447,3.1863515377044678,4.768246912956238,33754.0,0.8154321882398415,False
UC3,1,all,all,dayPeak abs error (min),lvlh5_naive,9.387822973815362,9.165020060539245,9.624170732498168,83379.0,True,5109,54,snaive7,0.06710460525417083,-0.12245349884033203,0.25681755542755125,-0.25661100149154664,0.39367527961730947,40543.0,0.9794414649466107,False
UC3,1,all,all,dayPeak abs error (min),lvlh5_tft,8.918173024520113,8.714631581306458,9.145232534408569,83622.0,True,5094,54,snaive7,-0.42689814972631535,-0.6425224661827087,-0.21189762353897096,-0.6953700423240662,-0.13106428384780888,40151.0,0.9699714934531575,True
UC3,1,all,all,dayPeak abs error (min),snaive7,8.302055853505339,8.024916863441467,8.613225960731507,41394.0,True,4120,54,snaive7,,,,,,,,
UC3,1,all,all,dayPeak abs error (min),wt_med,9.2752208137773,9.066298818588256,9.490849161148072,81177.0,True,5092,54,snaive7,0.239415260689114,4.9090385437016186e-05,0.46213724613189694,-0.23140466213226318,0.7053003787994384,40719.0,0.9836932888824468,False
UC3,2,all,all,dayPeak abs error (min),clim,9.427762460517158,9.209283590316772,9.669393014907836,74716.0,True,4556,54,snaive7,0.5362709800391823,0.2698885679244995,0.7985172271728516,0.08242979049682618,1.0081121921539307,37774.0,0.912724109602281,False
UC3,2,all,all,dayPeak abs error (min),h5,9.486890492713801,9.27200381755829,9.713376259803772,85161.0,True,5201,54,snaive7,0.295432616019335,0.047638320922851564,0.5193038940429687,-0.16564513444900514,0.7393425941467283,40963.0,0.9897791523703668,False
UC3,2,all,all,dayPeak abs error (min),lvlh5_cbd,13.15897440564249,12.82949709892273,13.49200382232666,70194.0,True,4071,54,snaive7,3.8826922973824445,3.5353925943374636,4.22273074388504,3.137841522693634,4.707339572906494,34096.0,0.8238534770212149,False
UC3,2,all,all,dayPeak abs error (min),lvlh5_naive,9.385489894981179,9.163819718360902,9.625243782997131,83244.0,True,5098,54,snaive7,0.07499304115516026,-0.11231567859649658,0.2618836641311645,-0.24737734794616698,0.4021051168441771,40528.0,0.9792683516164886,False
UC3,2,all,all,dayPeak abs error (min),lvlh5_tft,9.01012410150134,8.795039987564087,9.226795482635499,83366.0,True,5087,54,snaive7,-0.38283131204897636,-0.6126567244529724,-0.16922062635421753,-0.6413220405578614,-0.10043799877166756,40162.0,0.9704247813270188,True
UC3,2,all,all,dayPeak abs error (min),snaive7,8.296822597013483,8.02310652732849,8.603836703300477,41386.0,True,4119,54,snaive7,,,,,,,,
UC3,2,all,all,dayPeak abs error (min),wt_med,9.31027540666774,9.096198081970215,9.529478192329407,80717.0,True,5067,54,snaive7,0.28984753473502956,0.04354465007781983,0.5176374197006225,-0.1839890956878662,0.7585259437561035,40665.0,0.9825786497849515,False
UC3,3,all,all,dayPeak abs error (min),clim,9.431146330989318,9.213677167892456,9.671262669563294,74516.0,True,4548,54,snaive7,0.5455057968323018,0.2822460174560547,0.8077394366264343,0.09090631008148194,1.019425630569458,37693.0,0.9109650288807791,False
UC3,3,all,all,dayPeak abs error (min),h5,9.53152427135856,9.318514323234558,9.751644039154053,84884.0,True,5184,54,snaive7,0.34295664972883344,0.09772837162017822,0.5732359886169434,-0.1269601345062256,0.7966871500015258,40934.0,0.9892935688909298,False
UC3,3,all,all,dayPeak abs error (min),lvlh5_cbd,13.169448979993813,12.850444316864014,13.500127053260803,71456.0,True,4141,54,snaive7,3.8694894572775205,3.513917827606201,4.231089091300964,3.133991312980652,4.691913270950317,34680.0,0.8381467965294729,False
UC3,3,all,all,dayPeak abs error (min),lvlh5_naive,9.389026233497425,9.16867790222168,9.628799748420715,83136.0,True,5089,54,snaive7,0.0864992416943835,-0.10104541778564453,0.27804017066955566,-0.2385032057762146,0.4141761422157287,40511.0,0.9790704981028108,False
UC3,3,all,all,dayPeak abs error (min),lvlh5_tft,9.109530677578517,8.895604419708253,9.338849830627442,83229.0,True,5074,54,snaive7,-0.2560296552153378,-0.47947678565979,-0.030315315723419202,-0.5413011312484741,0.0414849281311035,40176.0,0.9709742127268772,False
UC3,3,all,all,dayPeak abs error (min),prod_served,8.92884665513401,8.714478635787964,9.162293362617493,84398.0,True,4996,54,snaive7,-0.3094015179793468,-0.5450406908988953,-0.09573724269866943,-0.5757722020149231,-0.019741976261138917,40185.0,0.9711917248713053,True
UC3,3,all,all,dayPeak abs error (min),prod_served_lin,8.894755059361596,8.679254913330078,9.127552890777588,84398.0,True,4996,54,snaive7,-0.34664831404753205,-0.5778378486633301,-0.13366521596908573,-0.6116902589797973,-0.060730957984924346,40185.0,0.9711917248713053,True
UC3,3,all,all,dayPeak abs error (min),snaive7,8.29498030306692,8.022547817230224,8.602019357681275,41377.0,True,4117,54,snaive7,,,,,,,,
UC3,3,all,all,dayPeak abs error (min),wt_med,9.346083204662051,9.129236650466918,9.559210991859436,80308.0,True,5047,54,snaive7,0.3375862068965514,0.09634368419647218,0.5661488533020019,-0.14709413051605225,0.820961308479309,40600.0,0.9812214515310438,False
UC3,4,all,all,dayPeak abs error (min),clim,9.440238076012058,9.221718668937683,9.678297400474548,74304.0,True,4540,54,snaive7,0.5650898744947863,0.30219111442565916,0.8263646125793457,0.10748332738876343,1.0358258724212646,37608.0,0.9102526866105141,False
UC3,4,all,all,dayPeak abs error (min),h5,9.573314306153337,9.355225324630737,9.79585862159729,84572.0,True,5171,54,snaive7,0.38848902579428213,0.1425095319747925,0.6155789852142334,-0.08935799598693847,0.8578879356384277,40823.0,0.9880675767257237,False
UC3,4,all,all,dayPeak abs error (min),lvlh5_cbd,13.135259480193735,12.816490316390992,13.46668095588684,71870.0,True,4170,54,snaive7,3.844886867915031,3.4853280067443846,4.197168231010437,3.0934748530387877,4.689948344230651,34827.0,0.8429422015683996,False
UC3,4,all,all,dayPeak abs error (min),lvlh5_naive,9.388300089619538,9.167759895324707,9.629135084152221,82946.0,True,5082,54,snaive7,0.09092461631856708,-0.0942847728729248,0.2829360008239746,-0.23672932386398315,0.41841816902160633,40414.0,0.9781682641107561,False
UC3,4,all,all,dayPeak abs error (min),lvlh5_tft,9.199693260012321,8.982797360420227,9.423791122436523,82951.0,True,5062,54,snaive7,-0.13106438062251335,-0.34069913625717163,0.07373695373535154,-0.3759158253669739,0.14052991867065429,40092.0,0.9703746732500727,False
UC3,4,all,all,dayPeak abs error (min),prod_served,9.028770624316486,8.819916462898254,9.249766302108764,84124.0,True,4969,54,snaive7,-0.2041408900419066,-0.4109452724456787,-0.011134982109069831,-0.4543822050094604,0.08589302301406852,40088.0,0.9702778584567722,False
UC3,4,all,all,dayPeak abs error (min),prod_served_lin,8.987705945984498,8.776899218559265,9.21000554561615,84124.0,True,4969,54,snaive7,-0.24770442526441716,-0.45533289909362795,-0.053397250175476085,-0.4998206257820129,0.04395858049392699,40088.0,0.9702778584567722,False
UC3,4,all,all,dayPeak abs error (min),snaive7,8.28982960596379,8.018189573287964,8.597137451171875,41316.0,True,4114,54,snaive7,,,,,,,,
UC3,4,all,all,dayPeak abs error (min),wt_med,9.388427357274287,9.17355637550354,9.599888682365417,79891.0,True,5032,54,snaive7,0.38306906446346467,0.1338186502456665,0.6117672324180603,-0.11606581211090088,0.8728605747222898,40426.0,0.9784587084906574,False
UC3,5,all,all,dayPeak abs error (min),clim,9.448642222162176,9.230758428573608,9.689363956451416,74018.0,True,4514,54,snaive7,0.5829864724245581,0.3167591094970703,0.8441755294799804,0.11927282810211183,1.0672696590423585,37479.0,0.9077895654701351,False
UC3,5,all,all,dayPeak abs error (min),h5,9.602142081464075,9.381723880767822,9.823802590370178,84258.0,True,5154,54,snaive7,0.4364931135225376,0.19524872303009033,0.6629766941070556,-0.04525861740112304,0.9117863655090331,40732.0,0.9865814077411229,False
UC3,5,all,all,dayPeak abs error (min),lvlh5_cbd,13.13656296480227,12.809647369384766,13.469268107414246,71614.0,True,4155,54,snaive7,3.8039133533402723,3.4402764558792116,4.155162119865418,3.0353941679000855,4.646024775505066,34624.0,0.838637794894153,False
UC3,5,all,all,dayPeak abs error (min),lvlh5_naive,9.371686397261255,9.15756983757019,9.604286527633667,82789.0,True,5069,54,snaive7,0.09716410505217077,-0.09608118534088135,0.29031107425689695,-0.22625582218170165,0.42617539167404167,40368.0,0.977764859758756,False
UC3,5,all,all,dayPeak abs error (min),lvlh5_tft,9.215032180074441,8.99607002735138,9.44082350730896,82659.0,True,5049,54,snaive7,-0.07836314173910708,-0.28076772689819335,0.12972974777221674,-0.3372415542602539,0.20114929676055904,39953.0,0.967713026207431,False
UC3,5,all,all,dayPeak abs error (min),prod_served,9.040136395068794,8.836020946502686,9.271777868270874,83874.0,True,4933,54,snaive7,-0.15790460945901952,-0.3570038557052612,0.042904555797576883,-0.4107387185096741,0.12754991054534898,39983.0,0.9684396647774064,False
UC3,5,all,all,dayPeak abs error (min),prod_served_lin,9.003034760474044,8.797124457359313,9.23372266292572,83874.0,True,4933,54,snaive7,-0.19242928244503776,-0.38850122690200806,0.01292229890823358,-0.4462939023971558,0.08940522670745847,39983.0,0.9684396647774064,False
UC3,5,all,all,dayPeak abs error (min),snaive7,8.2725645497263,7.989524829387665,8.572482633590699,41286.0,True,4110,54,snaive7,,,,,,,,
UC3,5,all,all,dayPeak abs error (min),wt_med,9.399184027559501,9.187772631645203,9.613090252876281,79537.0,True,5011,54,snaive7,0.4274044190665336,0.1741757869720459,0.6568877220153808,-0.08086889982223511,0.9254045486450193,40280.0,0.9756333866201617,False
UC3,6,all,all,dayPeak abs error (min),clim,9.468649766149259,9.25241379737854,9.707660031318664,73765.0,True,4496,54,snaive7,0.6343208653511478,0.3597877025604248,0.8921840667724608,0.15880624055862427,1.1341789960861206,37349.0,0.9053425122412372,False
UC3,6,all,all,dayPeak abs error (min),h5,9.702481688856574,9.480068469047547,9.92543659210205,83897.0,True,5131,54,snaive7,0.5400903926256397,0.2982964515686035,0.7713882923126221,0.0338329553604126,1.0343083500862122,40573.0,0.9834925098172298,False
UC3,6,all,all,dayPeak abs error (min),lvlh5_cbd,13.812699554407288,13.468536114692688,14.144208288192749,71269.0,True,4139,54,snaive7,4.474515791278952,4.107119369506836,4.8293447375297545,3.6371061205863953,5.348945116996765,34512.0,0.8365734231832065,False
UC3,6,all,all,dayPeak abs error (min),lvlh5_naive,9.381162236027418,9.16700301170349,9.609216475486756,82574.0,True,5058,54,snaive7,0.12052712369998098,-0.0716675043106079,0.31446118354797353,-0.20686485767364501,0.45292370319366443,40293.0,0.9767052891840792,False
UC3,6,all,all,dayPeak abs error (min),lvlh5_tft,9.405960112986886,9.18242781162262,9.633976602554322,82286.0,True,5026,54,snaive7,0.14892219142261176,-0.07645225524902344,0.3594751119613647,-0.11716084480285645,0.42549917697906486,39852.0,0.9660154166868667,False
UC3,6,all,all,dayPeak abs error (min),prod_served,9.243184836845316,9.026968741416932,9.469453740119935,83571.0,True,4897,54,snaive7,0.08655443209473823,-0.13441078662872313,0.28704113960266114,-0.18146965503692628,0.37724599838256834,39857.0,0.9661366170553158,False
UC3,6,all,all,dayPeak abs error (min),prod_served_lin,9.208311346041093,8.991536378860474,9.432314372062683,83571.0,True,4897,54,snaive7,0.05676104573851681,-0.16664177179336548,0.2571608304977417,-0.20964534282684327,0.34412060976028436,39857.0,0.9661366170553158,False
UC3,6,all,all,dayPeak abs error (min),snaive7,8.26972172395404,7.985205543041229,8.570163130760193,41254.0,True,4109,54,snaive7,,,,,,,,
UC3,6,all,all,dayPeak abs error (min),wt_med,9.489450011386927,9.280289578437806,9.704147171974181,79038.0,True,4988,54,snaive7,0.5257382172771603,0.27128307819366454,0.7591920614242553,-0.0018579244613647454,1.0357056617736815,39995.0,0.9694817472245115,False
UC3,7,all,all,dayPeak abs error (min),clim,9.500241083312961,9.281419157981873,9.743583726882935,73626.0,True,4488,54,clim,,,,,,,,
UC3,7,all,all,dayPeak abs error (min),h5,9.855628736135785,9.63254692554474,10.08226454257965,83308.0,True,5105,54,clim,0.021149449517386287,-0.07783386707305907,0.11688337326049804,-0.2028874635696411,0.25922093391418455,72936.0,0.9906283106511287,False
UC3,7,all,all,dayPeak abs error (min),lvlh5_cbd,13.951546747727525,13.62003035545349,14.28340528011322,70501.0,True,4107,54,clim,3.900344863570888,3.7002702951431274,4.1089783906936646,3.236951231956482,4.645520949363709,61917.0,0.8409665063971966,False
UC3,7,all,all,dayPeak abs error (min),lvlh5_naive,10.076174565241493,9.843964290618896,10.308604454994201,81412.0,True,4969,54,clim,0.21542508759874757,0.07542214393615723,0.34661364555358887,-0.05401341915130615,0.469213604927063,72529.0,0.9851003721511422,False
UC3,7,all,all,dayPeak abs error (min),lvlh5_tft,9.762989795606813,9.520152759552001,10.015936374664307,81572.0,True,4989,54,clim,-0.2724790192756963,-0.4406905651092529,-0.11102135181427006,-0.5596134424209595,0.004045796394348069,71385.0,0.9695623828538832,False
UC3,7,all,all,dayPeak abs error (min),prod_served,9.711241431469764,9.478800225257874,9.95436451435089,83299.0,True,4864,54,clim,-0.18398839194264127,-0.3617542266845703,-0.00404634475708027,-0.5078544378280639,0.13257305622100823,73225.0,0.9945535544508733,False
UC3,7,all,all,dayPeak abs error (min),prod_served_lin,9.67361868089653,9.440669178962708,9.922463297843933,83299.0,True,4864,54,clim,-0.2210768180266296,-0.3969660758972168,-0.04321544170379651,-0.5466723918914795,0.09358820915222153,73225.0,0.9945535544508733,False
UC3,7,all,all,dayPeak abs error (min),wt_med,9.62461286290117,9.412803220748902,9.847177410125733,78396.0,True,4956,54,clim,0.042913226315715036,-0.06572048664093018,0.1436001539230346,-0.2037751793861389,0.30520558357238764,71577.0,0.9721701572813951,False
UC3,10,all,all,dayPeak abs error (min),clim,9.485409259940338,9.271614289283752,9.72733097076416,73413.0,True,4478,54,clim,,,,,,,,
UC3,10,all,all,dayPeak abs error (min),h5,9.992518460172255,9.762076091766357,10.223864603042603,82204.0,True,5048,54,clim,0.19555893875134167,0.09570932388305664,0.2905670404434204,-0.04056146144866943,0.44019036293029784,72622.0,0.989225341560759,False
UC3,10,all,all,dayPeak abs error (min),lvlh5_cbd,13.953673954535414,13.613358545303345,14.305124020576477,70396.0,True,4107,54,clim,4.000839636379704,3.7912387371063234,4.209986424446106,3.283819389343262,4.785248589515685,62330.0,0.849032187759661,False
UC3,10,all,all,dayPeak abs error (min),lvlh5_naive,10.094338098247714,9.865021562576294,10.329280662536622,80759.0,True,4942,54,clim,0.2685863581747814,0.12875034809112548,0.4007096767425537,-0.008280944824218742,0.5358804941177367,72249.0,0.9841444975685505,False
UC3,10,all,all,dayPeak abs error (min),lvlh5_tft,9.874053210938474,9.638098406791688,10.107255291938781,80288.0,True,4918,54,clim,-0.11097414627232105,-0.272175669670105,0.049002265930175745,-0.3872264623641968,0.16783640384674067,71020.0,0.9674035933690218,False
UC3,10,all,all,dayPeak abs error (min),prod_served,9.898280250145433,9.674072551727296,10.130638074874877,82512.0,True,4774,54,clim,0.0608323518939482,-0.12980375289916993,0.24972996711730946,-0.2557497262954712,0.4129539489746093,73022.0,0.9946739678258619,False
UC3,10,all,all,dayPeak abs error (min),prod_served_lin,9.85678901250727,9.628910613059997,10.08909614086151,82512.0,True,4774,54,clim,0.01918651228396584,-0.17164859771728516,0.2111026048660278,-0.2974081516265869,0.36578221321105947,73022.0,0.9946739678258619,False
UC3,10,all,all,dayPeak abs error (min),wt_med,9.75897193232644,9.532410502433777,9.986403155326844,77135.0,True,4886,54,clim,0.2223210771912072,0.1164257287979126,0.3219958066940308,-0.035500836372375486,0.492100977897644,71148.0,0.9691471537738547,False
UC3,14,all,all,dayPeak abs error (min),clim,9.483389867750663,9.268331909179688,9.728740763664245,72817.0,True,4424,54,clim,,,,,,,,
UC3,14,all,all,dayPeak abs error (min),h5,10.199609890686112,9.965085911750794,10.436003637313842,81051.0,True,4963,54,clim,0.42023240018899166,0.32516367435455323,0.5124300718307495,0.15953071117401124,0.6900262117385864,71961.0,0.9882445033439994,False
UC3,14,all,all,dayPeak abs error (min),lvlh5_cbd,14.103434246029723,13.762459254264831,14.45801248550415,68659.0,True,3989,54,clim,4.205173060952093,3.9857606410980226,4.429518461227417,3.4506439924240113,5.08477942943573,61177.0,0.8401472183693368,False
UC3,14,all,all,dayPeak abs error (min),lvlh5_naive,10.563071305466208,10.335915088653564,10.796056079864503,79271.0,True,4776,54,clim,0.8260197075092055,0.6879833698272705,0.9540188074111938,0.5335384130477905,1.1171210289001465,71473.0,0.9815427716055317,False
UC3,14,all,all,dayPeak abs error (min),lvlh5_tft,10.208964820389097,9.972044134140015,10.449316883087159,79631.0,True,4869,54,clim,0.2606131828254128,0.10752296447753906,0.42185349464416505,-0.031820917129516596,0.5688316345214843,70646.0,0.9701855335979236,False
UC3,14,all,all,dayPeak abs error (min),prod_served,10.282268930207492,10.043765592575074,10.539290690422058,81642.0,True,4674,54,clim,0.4802473659467381,0.29055466651916506,0.6717788457870483,0.09115884304046631,0.8736716032028198,72322.0,0.9932021368636444,False
UC3,14,all,all,dayPeak abs error (min),prod_served_lin,10.238206131647926,10.00038571357727,10.494333028793335,81642.0,True,4674,54,clim,0.4369818312546663,0.24917871952056886,0.6232788801193238,0.056202387809753424,0.8264816761016845,72322.0,0.9932021368636444,False
UC3,14,all,all,dayPeak abs error (min),wt_med,9.978080987079625,9.751773643493653,10.212693476676941,75617.0,True,4789,54,clim,0.438383156038455,0.33488495349884034,0.5394470453262329,0.15675833225250244,0.7349659919738769,70316.0,0.9656536248403532,False
UC3,21,all,all,dayPeak abs error (min),clim,9.46273142824287,9.236768770217896,9.695156860351563,69568.0,True,4283,54,clim,,,,,,,,
UC3,21,all,all,dayPeak abs error (min),h5,10.409612042317494,10.18093557357788,10.644204115867614,79258.0,True,4791,54,clim,0.6061913008604343,0.5040655374526978,0.7041902542114258,0.34040725231170654,0.884605860710144,68570.0,0.9856543238270469,False
UC3,21,all,all,dayPeak abs error (min),lvlh5_cbd,14.095861256256992,13.748605251312256,14.44296474456787,67246.0,True,3847,54,clim,4.2174190336493265,3.9935276031494142,4.451339864730835,3.4041590690612793,5.137383842468261,58274.0,0.8376552437902484,False
UC3,21,all,all,dayPeak abs error (min),lvlh5_naive,10.887831798003349,10.63143973350525,11.124700593948365,77565.0,True,4614,54,clim,1.1680303667872316,1.0254127025604247,1.3019397020339967,0.8704456806182861,1.4972474336624144,68020.0,0.9777483900643974,False
UC3,21,all,all,dayPeak abs error (min),lvlh5_tft,10.40407176161579,10.160020995140076,10.655047678947449,77957.0,True,4705,54,clim,0.5620314245817379,0.3986887693405151,0.7262511491775512,0.25321450233459475,0.8824055910110472,67425.0,0.969195607175713,False
UC3,21,all,all,dayPeak abs error (min),prod_served,10.586613031189568,10.326346063613892,10.839698314666748,80668.0,True,4582,54,clim,0.8674598466213261,0.6652749300003051,1.0597289800643919,0.45428431034088135,1.2930032968521117,69110.0,0.9934165133394665,False
UC3,21,all,all,dayPeak abs error (min),prod_served_lin,10.534216789805127,10.276015138626098,10.783397340774536,80668.0,True,4582,54,clim,0.8132339748227455,0.6106691598892212,1.0044322729110717,0.4049072027206421,1.2220309019088742,69110.0,0.9934165133394665,False
UC3,21,all,all,dayPeak abs error (min),wt_med,10.16771830102778,9.930729794502259,10.40055718421936,73362.0,True,4615,54,clim,0.628266557033939,0.5187838315963745,0.7339570999145507,0.3401802539825439,0.9314999103546142,66890.0,0.9615052897884084,False
UC3,30,all,all,dayPeak abs error (min),clim,9.393140658937257,9.163484573364258,9.629477906227113,65378.0,True,4063,54,clim,,,,,,,,
UC3,30,all,all,dayPeak abs error (min),h5,10.436847832456506,10.193623876571655,10.672594738006591,76792.0,True,4585,54,clim,0.6243501618274045,0.5227255582809448,0.7249573230743408,0.35537455081939695,0.9104660034179687,64266.0,0.9829912202881703,False
UC3,30,all,all,dayPeak abs error (min),lvlh5_cbd,14.094450542581773,13.730873656272887,14.449796462059021,65860.0,True,3761,54,clim,4.079833805372145,3.850921368598938,4.301731729507446,3.2832451105117797,4.969146585464477,54978.0,0.8409250818318089,False
UC3,30,all,all,dayPeak abs error (min),lvlh5_naive,10.985826482380116,10.739660549163819,11.217485618591308,75481.0,True,4477,54,clim,1.2869795120349892,1.134433674812317,1.4350762605667113,0.9528145074844361,1.6539568662643434,63800.0,0.9758634403010187,False
UC3,30,all,all,dayPeak abs error (min),lvlh5_tft,10.653484079541796,10.414558124542236,10.877348351478577,75244.0,True,4490,54,clim,0.9460928975820568,0.7685469388961792,1.127080249786377,0.5286624431610107,1.371536087989807,62897.0,0.9620514546177613,False
UC3,30,all,all,dayPeak abs error (min),prod_served,11.008119717685222,10.76836006641388,11.252174305915833,78919.0,True,4490,54,clim,1.432304333789416,1.2124725103378295,1.6455936431884766,0.9059451818466187,1.9886275291442872,65047.0,0.9949371348159931,False
UC3,30,all,all,dayPeak abs error (min),prod_served_lin,10.943790943879169,10.70867829322815,11.182323384284974,78919.0,True,4490,54,clim,1.3614017556536044,1.1473676919937135,1.573722505569458,0.8486688137054443,1.8944817543029784,65047.0,0.9949371348159931,False
UC3,30,all,all,dayPeak abs error (min),wt_med,10.213953819637338,9.977747106552124,10.453879261016846,70203.0,True,4395,54,clim,0.6565669638577329,0.5458765983581543,0.7605449676513671,0.3798821449279785,0.9514168262481689,62586.0,0.957294502737924,False
UC3,45,all,all,dayPeak abs error (min),clim,9.206091711901482,8.97931249141693,9.437776041030883,61715.0,True,3855,54,clim,,,,,,,,
UC3,45,all,all,dayPeak abs error (min),h5,10.187556075121655,9.94349172115326,10.423469758033752,72336.0,True,4337,54,clim,0.46911213113395256,0.37028467655181885,0.5644782304763794,0.20484938621520996,0.7278108119964599,60320.0,0.9773960949526047,False
UC3,45,all,all,dayPeak abs error (min),lvlh5_cbd,15.112769543267865,14.544428324699402,15.76668405532837,17868.0,True,1242,53,clim,3.572052775231475,3.1082723140716553,4.04771203994751,2.432195448875427,4.7449784755706785,15493.0,0.25104107591347324,False
UC3,45,all,all,dayPeak abs error (min),lvlh5_naive,10.87648490202792,10.636639404296876,11.112533783912658,70816.0,True,4237,54,clim,1.2662058309319182,1.1161297082901,1.419821834564209,0.9149107694625854,1.6435503005981444,59766.0,0.9684193469982987,False
UC3,45,all,all,dayPeak abs error (min),lvlh5_tft,10.663253774357702,10.422829103469848,10.904158425331115,71455.0,True,4305,54,clim,1.0637467662144502,0.9024584770202637,1.2281657695770263,0.6923404693603515,1.45526282787323,59549.0,0.964903183990926,False
UC3,45,all,all,dayPeak abs error (min),prod_served,10.941267798355303,10.706403398513794,11.190301084518433,73813.0,True,4241,54,clim,1.5010960007893175,1.3003724813461304,1.704620099067688,1.011765193939209,2.0422959327697754,60812.0,0.9853682249048044,False
UC3,45,all,all,dayPeak abs error (min),prod_served_lin,10.878787103897688,10.64775583744049,11.130017685890198,73813.0,True,4241,54,clim,1.431206217522858,1.2344888210296632,1.6299075841903685,0.957425570487976,1.9582490921020506,60812.0,0.9853682249048044,False
UC3,45,all,all,dayPeak abs error (min),wt_med,9.951700100689335,9.710444521903991,10.185126066207886,64555.0,True,4118,54,clim,0.4938804497593008,0.3862642765045166,0.5988425254821776,0.2333740472793579,0.765906000137329,58787.0,0.9525561046747144,False
UC3,60,all,all,dayPeak abs error (min),clim,8.920449618907769,8.688876223564147,9.1516544342041,57204.0,True,3688,54,clim,,,,,,,,
UC3,60,all,all,dayPeak abs error (min),h5,9.816244583081527,9.580194997787476,10.053831672668457,67843.0,True,4064,54,clim,0.30338847266852476,0.2038414478302002,0.4058608055114746,-0.01994533538818359,0.6075402975082398,56327.0,0.9846689042724285,False
UC3,60,all,all,dayPeak abs error (min),lvlh5_naive,10.401988668288352,10.158425951004029,10.644847893714905,65960.0,True,3936,54,clim,1.0497457728924857,0.9053722143173217,1.202210021018982,0.6632368087768554,1.4525172710418701,55558.0,0.9712257884064052,False
UC3,60,all,all,dayPeak abs error (min),lvlh5_tft,2.976732254804204,2.154817122220993,3.8902953207492827,1103.0,True,148,48,clim,-0.12919899905503174,-0.6830884337425231,0.4145141959190368,-1.5824848055839538,0.22111957073211666,955.0,0.0166946367386896,False
UC3,60,all,all,dayPeak abs error (min),prod_served,3.4766666666666666,2.3777846932411193,4.956888008117676,1110.0,True,150,48,clim,-0.1608535300316123,-0.8217356204986572,0.5218159139156336,-1.6527648210525512,0.43856473565101595,949.0,0.016589748968603595,False
UC3,60,all,all,dayPeak abs error (min),prod_served_lin,3.466948198198198,2.3694582998752596,4.962970089912414,1110.0,True,150,48,clim,-0.18677555321390926,-0.8288914382457733,0.4834486782550809,-1.7815677165985107,0.2930321037769303,949.0,0.016589748968603595,False
UC3,60,all,all,dayPeak abs error (min),wt_med,9.476301010235277,9.252112650871277,9.717575812339783,60184.0,True,3831,54,clim,0.30091501127846954,0.1970377206802368,0.39994785785675047,-0.004085326194763181,0.6048791885375976,54972.0,0.9609817495280051,False
UC3,90,all,all,dayPeak abs error (min),clim,8.756676066194633,8.520477032661438,8.996530604362487,48584.0,True,3316,54,wt_med,0.2413643832153678,0.14960567951202391,0.3408720731735229,-0.06313830614089964,0.547937536239624,47472.0,0.9029214850882532,False
UC3,90,all,all,dayPeak abs error (min),h5,8.85542742808537,8.617435598373413,9.0755615234375,58194.0,True,3634,54,wt_med,0.009843131847230069,-0.026675868034362792,0.04257307052612303,-0.07355759143829346,0.0936195135116577,52576.0,1.0,False
UC3,90,all,all,dayPeak abs error (min),lvlh5_naive,9.533410393346823,9.280348825454713,9.776375985145568,56597.0,True,3558,54,wt_med,0.7255178731698315,0.6211209297180176,0.834487771987915,0.549306046962738,0.918726110458374,51492.0,0.9793822276323798,False
UC3,90,all,all,dayPeak abs error (min),wt_med,8.665867506086428,8.431043362617492,8.902152061462402,52576.0,True,3471,54,wt_med,,,,,,,,
D5,0,all,all,rope-drop worth agreement,clim,0.9194365221099768,0.915639990568161,0.9231951430439949,75034.0,False,4571,54,clim,,,,,,,,
D5,0,all,all,rope-drop worth agreement,h5,0.9142711009334279,0.9106994360685349,0.9179827705025673,86027.0,False,5234,54,clim,-0.0018373970655293226,-0.0029313474893569945,-0.0006757661700248726,-0.004893079400062561,0.001019471883773803,74562.0,0.9937095183516805,False
D5,0,all,all,rope-drop worth agreement,lvlh5_cbd,0.9029611533953712,0.8984317660331727,0.9075325697660446,70817.0,False,4091,54,clim,-0.009065063764113424,-0.010659366846084595,-0.007366266846656799,-0.0150575652718544,-0.004170817136764528,61555.0,0.8203614361489459,False
D5,0,all,all,rope-drop worth agreement,lvlh5_naive,0.9120499360254464,0.9084258660674095,0.9156585827469825,83627.0,False,5124,54,clim,-0.00213182216825214,-0.0034817516803741454,-0.0008554890751838684,-0.004609817266464233,0.00024774372577667203,74115.0,0.9877522189940561,False
D5,0,all,all,rope-drop worth agreement,lvlh5_tft,0.9141762178502993,0.9103414669632912,0.9177741587162018,84021.0,False,5116,54,clim,-0.0016088445196155154,-0.0030142664909362793,-0.00021535158157348644,-0.004633858799934387,0.0013362824916839592,72723.0,0.9692006290481648,False
D5,0,all,all,rope-drop worth agreement,prod_ropedrop_hist,0.9076473965140281,0.9043334200978279,0.9109014928340912,81871.0,False,5124,54,clim,-0.012359611671606818,-0.015121030807495116,-0.00944836735725403,-0.01918608248233795,-0.006895272433757783,73546.0,0.9801689900578404,False
D5,0,all,all,rope-drop worth agreement,snaive7,0.9187850376957278,0.9147436648607254,0.9229742258787155,41384.0,False,4121,54,clim,-0.009936049891654752,-0.013338105380535125,-0.006433375179767609,-0.015123178064823151,-0.004611891508102418,37842.0,0.5043313697790335,False
D5,0,all,all,rope-drop worth agreement,wt_med,0.9173944375908442,0.9140363290905953,0.9209017112851143,81871.0,False,5124,54,clim,-0.0007750251543251485,-0.001840198040008545,0.0004346743226051329,-0.002560925483703613,0.0008741065859794617,73546.0,0.9801689900578404,False
D5,1,all,all,rope-drop worth agreement,clim,0.9193369575380341,0.915617710351944,0.9230680704116822,74867.0,False,4562,54,clim,,,,,,,,
D5,1,all,all,rope-drop worth agreement,h5,0.9138146740719088,0.9102361485362053,0.9174530312418938,85525.0,False,5213,54,clim,-0.0020312352869960026,-0.0031180962920188903,-0.0008988216519355774,-0.005151873826980591,0.0008737996220588678,74339.0,0.9929474935552379,False
D5,1,all,all,rope-drop worth agreement,lvlh5_cbd,0.9039425804418212,0.8992268010973931,0.9084063783288002,69802.0,False,4042,54,clim,-0.00904435179409735,-0.010665838420391083,-0.007363574206829071,-0.015171672403812408,-0.004085621237754822,60922.0,0.8137363591435479,False
D5,1,all,all,rope-drop worth agreement,lvlh5_naive,0.911848307127694,0.9082411140203476,0.915553680062294,83379.0,False,5109,54,clim,-0.0022458532889574334,-0.003645072877407074,-0.001030227541923524,-0.00462823361158371,7.78168439865112e-05,73914.0,0.9872707601479958,False
D5,1,all,all,rope-drop worth agreement,lvlh5_tft,0.9140656764966157,0.9103884398937225,0.9177262127399445,83622.0,False,5094,54,clim,-0.0015963449205956826,-0.002993719279766083,-0.00017712414264678958,-0.00413876622915268,0.0012420088052749632,72666.0,0.9706011994603764,False
D5,1,all,all,rope-drop worth agreement,prod_ropedrop_hist,0.9070549539894305,0.9036407142877578,0.9102582275867462,81177.0,False,5092,54,clim,-0.012984175962208022,-0.015773628652095795,-0.010045771300792695,-0.020188744366168975,-0.007397592067718508,73243.0,0.9783081998744441,False
D5,1,all,all,rope-drop worth agreement,snaive7,0.9187321834082234,0.9147007763385773,0.9229376450181007,41394.0,False,4120,54,clim,-0.009835545449738303,-0.013154776394367218,-0.006394925713539125,-0.015066996216773987,-0.004337650537490845,37822.0,0.5051892021852085,False
D5,1,all,all,rope-drop worth agreement,wt_med,0.9169099621814061,0.9135515168309212,0.9204193592071533,81177.0,False,5092,54,clim,-0.0014608904605218909,-0.0025244846940040587,-0.0002151444554328923,-0.0033474594354629514,0.00031791776418685835,73243.0,0.9783081998744441,False
D5,2,all,all,rope-drop worth agreement,clim,0.9194683869586167,0.9158212527632713,0.9232834860682487,74716.0,False,4556,54,clim,,,,,,,,
D5,2,all,all,rope-drop worth agreement,h5,0.9137046300536631,0.9100367367267609,0.9174139454960824,85161.0,False,5201,54,clim,-0.0021441575079226283,-0.003269338607788086,-0.0010134398937225344,-0.0052245318889617915,0.0007239043712615959,74155.0,0.9924915680710958,False
D5,2,all,all,rope-drop worth agreement,lvlh5_cbd,0.9047069550103998,0.9001173913478852,0.9092629477381706,70194.0,False,4071,54,clim,-0.008518137758848576,-0.010066591203212738,-0.006931611895561219,-0.014697690308094025,-0.00362968146800995,61281.0,0.8201857701161732,False
D5,2,all,all,rope-drop worth agreement,lvlh5_naive,0.911969631444909,0.908295975625515,0.9155701577663422,83244.0,False,5098,54,clim,-0.00215596143676533,-0.0035868555307388304,-0.0009009316563606264,-0.004514163732528687,5.111247301101633e-05,73749.0,0.9870576583328872,False
D5,2,all,all,rope-drop worth agreement,lvlh5_tft,0.9138257802941248,0.9102057203650474,0.9175818294286728,83366.0,False,5087,54,clim,-0.0016516867851293915,-0.003046134114265442,-0.00020347237586975126,-0.004286229610443115,0.0009785249829292288,72653.0,0.9723887788425505,False
D5,2,all,all,rope-drop worth agreement,prod_ropedrop_hist,0.9067234907144716,0.9032729879021645,0.9099330887198448,80717.0,False,5067,54,clim,-0.013640659024610757,-0.016431534290313722,-0.01064150631427765,-0.020818062126636505,-0.007984936237335205,73017.0,0.9772605599871513,False
D5,2,all,all,rope-drop worth agreement,snaive7,0.9187889624510704,0.9147272929549217,0.9229525849223137,41386.0,False,4119,54,clim,-0.009768623921215691,-0.013143070042133331,-0.006334011256694795,-0.015081746876239777,-0.004256635904312137,37774.0,0.5055677498795439,False
D5,2,all,all,rope-drop worth agreement,wt_med,0.9169815528327366,0.9136238291859626,0.9205004632472992,80717.0,False,5067,54,clim,-0.0015201939274415155,-0.002605585753917694,-0.0002978637814521795,-0.0034955963492393494,0.0002759084105491636,73017.0,0.9772605599871513,False
D5,3,all,all,rope-drop worth agreement,clim,0.919507219925922,0.915818065404892,0.9233350262045861,74516.0,False,4548,54,clim,,,,,,,,
D5,3,all,all,rope-drop worth agreement,h5,0.913658640026389,0.9100386187434196,0.9173153817653656,84884.0,False,5184,54,clim,-0.002123458125946831,-0.003274276852607727,-0.0009983241558074952,-0.005245605111122131,0.0007065087556838981,73936.0,0.9922164367384186,False
D5,3,all,all,rope-drop worth agreement,lvlh5_cbd,0.9045286609941783,0.9001043647527694,0.9089603364467621,71456.0,False,4141,54,clim,-0.008415507660681554,-0.00993780791759491,-0.006822238862514497,-0.01449744701385498,-0.0035127848386764526,62266.0,0.8356057759407376,False
D5,3,all,all,rope-drop worth agreement,lvlh5_naive,0.9121559853733642,0.9084840640425682,0.9157826051115989,83136.0,False,5089,54,clim,-0.0020532205648395863,-0.003479984402656555,-0.0007912755012512208,-0.004508613049983979,0.00014084577560424615,73543.0,0.9869424016318643,False
D5,3,all,all,rope-drop worth agreement,lvlh5_tft,0.9140443835682274,0.9104866430163383,0.9176805049180985,83229.0,False,5074,54,clim,-0.0014469586307637172,-0.0028796672821044924,5.489438772201511e-05,-0.004135210812091827,0.0014081239700317377,72566.0,0.973831123517097,False
D5,3,all,all,rope-drop worth agreement,prod_ropedrop_hist,0.9063107037904069,0.9029833406209946,0.9095964297652245,80308.0,False,5047,54,clim,-0.01418088877895951,-0.016834135353565215,-0.011189559102058412,-0.021648411452770234,-0.008436067402362826,72774.0,0.9766224703419399,False
D5,3,all,all,rope-drop worth agreement,prod_served,0.907177895210787,0.9032567933201789,0.911002516746521,84398.0,False,4996,54,clim,-0.0060969029891011495,-0.008002267777919769,-0.004168221354484559,-0.014460845291614533,-0.0002890437841415406,74136.0,0.9949004240699983,False
D5,3,all,all,rope-drop worth agreement,prod_served_lin,0.905815303680182,0.9018433824181556,0.9097760528326034,84398.0,False,4996,54,clim,-0.007445775331822557,-0.009350882470607757,-0.005461402237415314,-0.0161617711186409,-0.0010099396109581012,74136.0,0.9949004240699983,False
D5,3,all,all,rope-drop worth agreement,snaive7,0.9187954660801895,0.9147290721535682,0.9229594737291336,41377.0,False,4117,54,clim,-0.010001857108747014,-0.013358098268508912,-0.006569291651248932,-0.015134841203689575,-0.00455215871334076,37693.0,0.505837672446186,False
D5,3,all,all,rope-drop worth agreement,wt_med,0.9171190914977337,0.9137195587158203,0.9206606328487397,80308.0,False,5047,54,clim,-0.0015115288427185458,-0.0025761738419532777,-0.0003165170550346377,-0.0036637008190155028,0.0005183830857276913,72774.0,0.9766224703419399,False
D5,4,all,all,rope-drop worth agreement,clim,0.9197351421188631,0.9160205870866776,0.923481921851635,74304.0,False,4540,54,clim,,,,,,,,
D5,4,all,all,rope-drop worth agreement,h5,0.9135765974554226,0.9099817737936974,0.9171730428934097,84572.0,False,5171,54,clim,-0.0023742978861965858,-0.003449895977973938,-0.001241941750049591,-0.005661690235137939,0.0005682125687599167,73706.0,0.9919519810508183,False
D5,4,all,all,rope-drop worth agreement,lvlh5_cbd,0.9046751078335884,0.9003474459052085,0.9091086819767952,71870.0,False,4170,54,clim,-0.0080848349545527,-0.009582242369651795,-0.006564117968082428,-0.013834761083126068,-0.0034468412399292006,62710.0,0.8439653316106804,False
D5,4,all,all,rope-drop worth agreement,lvlh5_naive,0.9124008391001375,0.9088077902793884,0.9160125583410264,82946.0,False,5082,54,clim,-0.0021140495642330004,-0.003479620814323425,-0.0008409351110458382,-0.004714390635490417,0.00022114515304565385,73319.0,0.9867436477174849,False
D5,4,all,all,rope-drop worth agreement,lvlh5_tft,0.9129365529047269,0.9094020664691925,0.916561196744442,82951.0,False,5062,54,clim,-0.002475761054480663,-0.003852097690105438,-0.001097171008586884,-0.0051405981183052065,0.00018557906150817868,72301.0,0.9730431739879414,False
D5,4,all,all,rope-drop worth agreement,prod_ropedrop_hist,0.906109574294977,0.9027531206607818,0.9093262642621994,79891.0,False,5032,54,clim,-0.014729409168643515,-0.017425759136676787,-0.011742667853832245,-0.02253863215446472,-0.008956879377365112,72508.0,0.9758290267011197,False
D5,4,all,all,rope-drop worth agreement,prod_served,0.9072202938519328,0.9031869232654571,0.9111589446663857,84124.0,False,4969,54,clim,-0.006558751538263907,-0.008348770439624786,-0.004585535824298859,-0.015285146236419678,-0.000471033155918122,73947.0,0.9951954134366925,False
D5,4,all,all,rope-drop worth agreement,prod_served_lin,0.9061504445818078,0.9020457491278648,0.9102233082056046,84124.0,False,4969,54,clim,-0.00749185227257354,-0.009361395239830017,-0.005543221533298492,-0.016600269079208373,-0.0009653210639953634,73947.0,0.9951954134366925,False
D5,4,all,all,rope-drop worth agreement,snaive7,0.9189660180075515,0.9149313405156135,0.9231475993990899,41316.0,False,4114,54,clim,-0.010184003403531094,-0.013514186441898345,-0.006787103414535523,-0.01547045111656189,-0.004627193510532379,37608.0,0.5061369509043928,False
D5,4,all,all,rope-drop worth agreement,wt_med,0.916811655881138,0.9133843719959259,0.9203823626041412,79891.0,False,5032,54,clim,-0.0021652783141170584,-0.003221352398395538,-0.0008959412574768068,-0.004399457573890686,-5.317479372024557e-05,72508.0,0.9758290267011197,False
D5,5,all,all,rope-drop worth agreement,clim,0.9198978626820503,0.9160800591111183,0.9236444249749184,74018.0,False,4514,54,clim,,,,,,,,
D5,5,all,all,rope-drop worth agreement,h5,0.9135631038002326,0.9099431723356247,0.9171521484851837,84258.0,False,5154,54,clim,-0.0026566757493187154,-0.0037650346755981447,-0.0015247300267219545,-0.005935093760490417,0.0001436799764633168,73400.0,0.9916506795644303,False
D5,5,all,all,rope-drop worth agreement,lvlh5_cbd,0.9044600217834502,0.8998286128044128,0.9092042684555054,71614.0,False,4155,54,clim,-0.008357883950301015,-0.0098690927028656,-0.006749343872070313,-0.014306378364562989,-0.0036733090877532973,62456.0,0.8437947526277392,False
D5,5,all,all,rope-drop worth agreement,lvlh5_naive,0.9127299520467695,0.909126091003418,0.9163769125938416,82789.0,False,5069,54,clim,-0.002327810488840232,-0.0036907941102981567,-0.000996412336826325,-0.004991479218006134,-2.832859754562485e-05,73030.0,0.9866518954848821,False
D5,5,all,all,rope-drop worth agreement,lvlh5_tft,0.913971860293495,0.9102381095290184,0.9177003115415573,82659.0,False,5049,54,clim,-0.0017093541976458404,-0.0031804978847503663,-0.00021010786294937178,-0.004586850106716156,0.0009623125195503229,71957.0,0.9721554216541922,False
D5,5,all,all,rope-drop worth agreement,prod_ropedrop_hist,0.9062448923142689,0.9029324054718018,0.9094460785388947,79537.0,False,5011,54,clim,-0.01491234148707643,-0.017747557163238524,-0.011976814270019533,-0.02296404242515564,-0.00899544805288315,72155.0,0.9748304466481126,False
D5,5,all,all,rope-drop worth agreement,prod_served,0.907539881250447,0.9036311760544777,0.9113885909318924,83874.0,False,4933,54,clim,-0.00659815088857818,-0.008350750803947449,-0.004602345824241639,-0.014943194389343262,-0.00054285079240799,73657.0,0.99512280796563,False
D5,5,all,all,rope-drop worth agreement,prod_served_lin,0.9064310751842048,0.9025027066469192,0.9103828370571136,83874.0,False,4933,54,clim,-0.0076706898190259665,-0.009435248374938966,-0.0055765494704246524,-0.01646369993686676,-0.0011545047163963322,73657.0,0.99512280796563,False
D5,5,all,all,rope-drop worth agreement,snaive7,0.9193188974470765,0.9153036653995514,0.9237019300460816,41286.0,False,4110,54,clim,-0.010272419221430629,-0.013690979778766632,-0.0068088844418525704,-0.015666015446186066,-0.004767090082168581,37479.0,0.5063498068037504,False
D5,5,all,all,rope-drop worth agreement,wt_med,0.9171454794623886,0.9138368755578995,0.9206902429461479,79537.0,False,5011,54,clim,-0.002356039082530681,-0.0034237638115882873,-0.0011432215571403504,-0.004723052680492401,-0.000210513174533844,72155.0,0.9748304466481126,False
D5,6,all,all,rope-drop worth agreement,clim,0.9200569375720192,0.9161888659000397,0.9238374575972557,73765.0,False,4496,54,clim,,,,,,,,
D5,6,all,all,rope-drop worth agreement,h5,0.9130362229877111,0.9093924894928932,0.9167723968625069,83897.0,False,5131,54,clim,-0.0032955912919812036,-0.004296909272670746,-0.002192704379558563,-0.006552059948444366,-0.0007985368371009836,73128.0,0.991364468243747,False
D5,6,all,all,rope-drop worth agreement,lvlh5_cbd,0.9035906214483156,0.8989637151360512,0.9081764474511147,71269.0,False,4139,54,clim,-0.008929146019692302,-0.010467463731765747,-0.0073265179991722105,-0.015028566122055054,-0.004018697142601013,62156.0,0.8426218396258388,False
D5,6,all,all,rope-drop worth agreement,lvlh5_naive,0.9126117179741807,0.9090603545308114,0.9161933958530426,82574.0,False,5058,54,clim,-0.0025010993843447293,-0.00380869060754776,-0.0012611672282218933,-0.005151137709617615,-0.0001778796315193181,72768.0,0.9864841049278112,False
D5,6,all,all,rope-drop worth agreement,lvlh5_tft,0.91313224606859,0.9096353515982628,0.9168307960033417,82286.0,False,5026,54,clim,-0.002552408050546018,-0.00389738529920578,-0.0011709168553352357,-0.004977987706661224,-0.00038067847490310714,71697.0,0.9719650240629024,False
D5,6,all,all,rope-drop worth agreement,prod_ropedrop_hist,0.9053619777828387,0.9021186888217926,0.9087025806307792,79038.0,False,4988,54,clim,-0.015969814683318706,-0.01873323917388916,-0.013020703196525573,-0.024160084128379822,-0.010012696683406831,71823.0,0.97367315122348,False
D5,6,all,all,rope-drop worth agreement,prod_served,0.9071328570915749,0.9033299684524536,0.911237470805645,83571.0,False,4897,54,clim,-0.007101382111604826,-0.008811359107494355,-0.005192720890045166,-0.01524484008550644,-0.0011022388935089135,73366.0,0.9945909306581712,False
D5,6,all,all,rope-drop worth agreement,prod_served_lin,0.9060559284919409,0.9021798864006996,0.9101539641618729,83571.0,False,4897,54,clim,-0.008096393424747217,-0.009835608303546906,-0.006129492819309235,-0.016932909190654755,-0.0015026077628135688,73366.0,0.9945909306581712,False
D5,6,all,all,rope-drop worth agreement,snaive7,0.9193047946865759,0.9152925714850426,0.9237129732966423,41254.0,False,4109,54,clim,-0.010549144555409784,-0.013915932178497315,-0.007115608453750611,-0.015895502269268037,-0.005146287381649018,37349.0,0.5063241374635667,False
D5,6,all,all,rope-drop worth agreement,wt_med,0.9171537741339609,0.9138582572340965,0.9207244843244553,79038.0,False,4988,54,clim,-0.0024783147459728205,-0.0035070508718490602,-0.0012830719351768496,-0.004791687428951264,-0.0002761691808700566,71823.0,0.97367315122348,False
D5,7,all,all,rope-drop worth agreement,clim,0.9201640724743976,0.9162655994296074,0.9239100724458694,73626.0,False,4488,54,clim,,,,,,,,
D5,7,all,all,rope-drop worth agreement,h5,0.9127934892207231,0.9089689627289772,0.9164507985115051,83308.0,False,5105,54,clim,-0.0035236371613468487,-0.0045308321714401245,-0.0024507448077201845,-0.006620189547538758,-0.000994847714900971,72936.0,0.9906283106511287,False
D5,7,all,all,rope-drop worth agreement,lvlh5_cbd,0.9038027829392491,0.8992023393511772,0.9082755506038666,70501.0,False,4107,54,clim,-0.009205872377537672,-0.010830743610858918,-0.007607492804527283,-0.015282376110553742,-0.004229910671710968,61917.0,0.8409665063971966,False
D5,7,all,all,rope-drop worth agreement,lvlh5_naive,0.9109222227681423,0.9071668192744256,0.9146700590848923,81412.0,False,4969,54,clim,-0.00435687793847972,-0.005550618469715119,-0.003132401406764984,-0.007124169170856476,-0.002055767178535462,72529.0,0.9851003721511422,False
D5,7,all,all,rope-drop worth agreement,lvlh5_tft,0.9128009611141078,0.909018611907959,0.916517187654972,81572.0,False,4989,54,clim,-0.003292008124956225,-0.004551614820957184,-0.001957237720489502,-0.005614060163497925,-0.0013339206576347357,71385.0,0.9695623828538832,False
D5,7,all,all,rope-drop worth agreement,prod_ropedrop_hist,0.9047145262513393,0.9014850437641144,0.9082092255353927,78396.0,False,4956,54,clim,-0.01714237813822883,-0.02003135085105896,-0.014242845773696899,-0.02557564675807953,-0.010966934263706209,71577.0,0.9721701572813951,False
D5,7,all,all,rope-drop worth agreement,prod_served,0.9067575841246593,0.9028604850172997,0.9106459259986878,83299.0,False,4864,54,clim,-0.007688630932058738,-0.009430019557476044,-0.00594175010919571,-0.015402388572692872,-0.001968008279800417,73225.0,0.9945535544508733,False
D5,7,all,all,rope-drop worth agreement,prod_served_lin,0.9057971884416379,0.9017676591873169,0.9098616898059845,83299.0,False,4864,54,clim,-0.008576305906452752,-0.010194621980190277,-0.006768548488616944,-0.01717478483915329,-0.002355314791202545,73225.0,0.9945535544508733,False
D5,7,all,all,rope-drop worth agreement,wt_med,0.9173554773202715,0.9139006167650223,0.9208687901496887,78396.0,False,4956,54,clim,-0.0028500775388742294,-0.0039264515042304994,-0.00170682966709137,-0.0053761303424835205,-0.0006167232990264898,71577.0,0.9721701572813951,False
D5,10,all,all,rope-drop worth agreement,clim,0.9202184899132306,0.9163303673267365,0.9239360734820365,73413.0,False,4478,54,clim,,,,,,,,
D5,10,all,all,rope-drop worth agreement,h5,0.9126319887110116,0.9088511720299721,0.9162851825356484,82204.0,False,5048,54,clim,-0.004130979592960826,-0.005149811506271362,-0.0030716836452484133,-0.0074412614107131955,-0.0015260353684425356,72622.0,0.989225341560759,False
D5,10,all,all,rope-drop worth agreement,lvlh5_cbd,0.904596852093869,0.8999012410640717,0.9093142464756966,70396.0,False,4107,54,clim,-0.009032568586555434,-0.010630246996879578,-0.007363261282444,-0.015218819677829742,-0.004173929989337922,62330.0,0.849032187759661,False
D5,10,all,all,rope-drop worth agreement,lvlh5_naive,0.9110811178939808,0.9072976648807526,0.9146952852606773,80759.0,False,4942,54,clim,-0.004761311575246729,-0.0060018405318260195,-0.0034797534346580504,-0.007481531798839569,-0.0024521782994270333,72249.0,0.9841444975685505,False
D5,10,all,all,rope-drop worth agreement,lvlh5_tft,0.913274711040255,0.9096351027488708,0.9167566761374474,80288.0,False,4918,54,clim,-0.003745423824274785,-0.005155599117279053,-0.0022911816835403448,-0.006249628961086273,-0.0015758231282234194,71020.0,0.9674035933690218,False
D5,10,all,all,rope-drop worth agreement,prod_ropedrop_hist,0.9038179814610747,0.9004355326294899,0.9074246615171433,77135.0,False,4886,54,clim,-0.018299881936245543,-0.021062347292900085,-0.01542409062385559,-0.026942746341228486,-0.011750826239585878,71148.0,0.9691471537738547,False
D5,10,all,all,rope-drop worth agreement,prod_served,0.9067650765949196,0.9027851909399033,0.9105979084968567,82512.0,False,4774,54,clim,-0.008723398427871065,-0.010621115565299988,-0.006772810220718384,-0.01618998497724533,-0.003051242232322695,73022.0,0.9946739678258619,False
D5,10,all,all,rope-drop worth agreement,prod_served_lin,0.9058924762458794,0.9019118040800095,0.9097609743475914,82512.0,False,4774,54,clim,-0.009586152118539637,-0.011493216454982757,-0.007611334323883057,-0.017796060442924498,-0.003423911333084108,73022.0,0.9946739678258619,False
D5,10,all,all,rope-drop worth agreement,wt_med,0.9176768004148571,0.9140779912471771,0.9212073341012001,77135.0,False,4886,54,clim,-0.0034716365885196776,-0.004577124118804931,-0.002324327826499939,-0.00609360784292221,-0.0013002812862396242,71148.0,0.9691471537738547,False
D5,14,all,all,rope-drop worth agreement,clim,0.9202109397530797,0.9163942918181419,0.9240276455879212,72817.0,False,4424,54,clim,,,,,,,,
D5,14,all,all,rope-drop worth agreement,h5,0.9127586334530111,0.9088102653622627,0.9163409546017647,81051.0,False,4963,54,clim,-0.0042661997470851976,-0.005301882326602936,-0.0031919494271278387,-0.007531292736530304,-0.0016746848821640034,71961.0,0.9882445033439994,False
D5,14,all,all,rope-drop worth agreement,lvlh5_cbd,0.9053583652543731,0.9007956340909005,0.9100216299295425,68659.0,False,3989,54,clim,-0.008973960802262204,-0.010655738413333893,-0.007320363819599152,-0.015248487889766692,-0.00391838550567627,61177.0,0.8401472183693368,False
D5,14,all,all,rope-drop worth agreement,lvlh5_naive,0.9114177946537826,0.9075806438922882,0.9151517525315285,79271.0,False,4776,54,clim,-0.005400640801421552,-0.006654320657253266,-0.004042708873748779,-0.008489564061164856,-0.0027503162622451783,71473.0,0.9815427716055317,False
D5,14,all,all,rope-drop worth agreement,lvlh5_tft,0.9118810513493488,0.9082002758979797,0.9156832158565521,79631.0,False,4869,54,clim,-0.005237380743424946,-0.006698915362358093,-0.003799034655094147,-0.008369071781635285,-0.0027660280466079716,70646.0,0.9701855335979236,False
D5,14,all,all,rope-drop worth agreement,prod_ropedrop_hist,0.9025351442136028,0.8991553872823715,0.9061590820550919,75617.0,False,4789,54,clim,-0.02008077820126286,-0.02296685427427292,-0.017055495083332064,-0.0297211155295372,-0.013099074363708501,70316.0,0.9656536248403532,False
D5,14,all,all,rope-drop worth agreement,prod_served,0.9059797653168712,0.9018066167831421,0.9099967494606972,81642.0,False,4674,54,clim,-0.00990016869002519,-0.011760389804840088,-0.007873767614364624,-0.01772597134113312,-0.004225902259349824,72322.0,0.9932021368636444,False
D5,14,all,all,rope-drop worth agreement,prod_served_lin,0.9056490531834105,0.9014099732041359,0.9097897693514824,81642.0,False,4674,54,clim,-0.010093747407427967,-0.011957487463951111,-0.008180138468742371,-0.01793883889913559,-0.004086953401565553,72322.0,0.9932021368636444,False
D5,14,all,all,rope-drop worth agreement,wt_med,0.9175185474165862,0.9139791816473007,0.9211841523647308,75617.0,False,4789,54,clim,-0.004166903691905088,-0.0052971974015235904,-0.002986070513725281,-0.0069073960185050964,-0.001901842653751374,70316.0,0.9656536248403532,False
D5,21,all,all,rope-drop worth agreement,clim,0.9201931922723091,0.9162630870938301,0.9241240099072456,69568.0,False,4283,54,clim,,,,,,,,
D5,21,all,all,rope-drop worth agreement,h5,0.9114915844457342,0.9073668092489242,0.915206940472126,79258.0,False,4791,54,clim,-0.004943852996937448,-0.006089630722999573,-0.0037528961896896363,-0.008180664479732513,-0.0023551061749458326,68570.0,0.9856543238270469,False
D5,21,all,all,rope-drop worth agreement,lvlh5_cbd,0.905317788418642,0.9006746768951416,0.9098891407251358,67246.0,False,3847,54,clim,-0.008940522359886072,-0.010707974433898926,-0.0071406632661819465,-0.015286412835121155,-0.003763778507709503,58274.0,0.8376552437902484,False
D5,21,all,all,rope-drop worth agreement,lvlh5_naive,0.9101398826790433,0.906288543343544,0.9139203786849975,77565.0,False,4614,54,clim,-0.00632167009703033,-0.007659856975078583,-0.004871006309986115,-0.00942697525024414,-0.003749792277812958,68020.0,0.9777483900643974,False
D5,21,all,all,rope-drop worth agreement,lvlh5_tft,0.9103223571969162,0.9062426790595055,0.9142285466194153,77957.0,False,4705,54,clim,-0.006955876900259561,-0.008534952998161316,-0.005284179747104645,-0.01031789779663086,-0.0040038198232650755,67425.0,0.969195607175713,False
D5,21,all,all,rope-drop worth agreement,prod_ropedrop_hist,0.8999754641367466,0.896374537050724,0.9038412421941757,73362.0,False,4615,54,clim,-0.02260427567648382,-0.025556400418281555,-0.01951926946640015,-0.033142049610614774,-0.014560724794864656,66890.0,0.9615052897884084,False
D5,21,all,all,rope-drop worth agreement,prod_served,0.9048073585560569,0.9005789563059807,0.9088500946760177,80668.0,False,4582,54,clim,-0.01091014324989148,-0.012813155353069306,-0.008971305191516876,-0.018584102392196655,-0.005011132359504701,69110.0,0.9934165133394665,False
D5,21,all,all,rope-drop worth agreement,prod_served_lin,0.9045098428125155,0.9002660125494003,0.9085992336273193,80668.0,False,4582,54,clim,-0.011170597598032184,-0.013038575649261475,-0.009209023416042328,-0.019345152378082275,-0.004691459238529207,69110.0,0.9934165133394665,False
D5,21,all,all,rope-drop worth agreement,wt_med,0.9168097925356452,0.9130421608686448,0.9205178990960121,73362.0,False,4615,54,clim,-0.004888623112572876,-0.006111910939216614,-0.0035622045397758484,-0.00757753849029541,-0.002273724973201752,66890.0,0.9615052897884084,False
D5,30,all,all,rope-drop worth agreement,clim,0.9208143412156995,0.9167676240205764,0.9245651930570602,65378.0,False,4063,54,clim,,,,,,,,
D5,30,all,all,rope-drop worth agreement,h5,0.9127643504531722,0.9088524922728538,0.916510209441185,76792.0,False,4585,54,clim,-0.004076805775993564,-0.00533483624458313,-0.0027161225676536564,-0.007313321530818939,-0.0014533251523971584,64266.0,0.9829912202881703,False
D5,30,all,all,rope-drop worth agreement,lvlh5_cbd,0.9058305496507744,0.9010308310389519,0.910686494410038,65860.0,False,3761,54,clim,-0.008748954127105413,-0.010650783777236938,-0.006913533806800843,-0.01522781103849411,-0.003649342060089112,54978.0,0.8409250818318089,False
D5,30,all,all,rope-drop worth agreement,lvlh5_naive,0.910917979359044,0.9069622442126274,0.9147289603948593,75481.0,False,4477,54,clim,-0.0057210031347962875,-0.007180644571781159,-0.004129426181316375,-0.009203693270683289,-0.002827413380146027,63800.0,0.9758634403010187,False
D5,30,all,all,rope-drop worth agreement,lvlh5_tft,0.9110095157088938,0.9070070311427116,0.9149389490485191,75244.0,False,4490,54,clim,-0.0068365740814346765,-0.00858057737350464,-0.005142189562320709,-0.010220110416412354,-0.003967462480068207,62897.0,0.9620514546177613,False
D5,30,all,all,rope-drop worth agreement,prod_ropedrop_hist,0.899947295699614,0.8963446527719497,0.9039626345038414,70203.0,False,4395,54,clim,-0.023104208608954013,-0.02622239738702774,-0.01976083517074585,-0.03382232338190079,-0.014981660246849061,62586.0,0.957294502737924,False
D5,30,all,all,rope-drop worth agreement,prod_served,0.9051305769206401,0.9010126546025277,0.9093207985162735,78919.0,False,4490,54,clim,-0.011161160391716662,-0.01314653903245926,-0.008980752527713775,-0.01796870827674866,-0.005530636012554169,65047.0,0.9949371348159931,False
D5,30,all,all,rope-drop worth agreement,prod_served_lin,0.9046490705660234,0.900433075428009,0.9088439598679543,78919.0,False,4490,54,clim,-0.011391762879148892,-0.013353388011455535,-0.009330320358276366,-0.018691287934780122,-0.005127066373825075,65047.0,0.9949371348159931,False
D5,30,all,all,rope-drop worth agreement,wt_med,0.9172257595829238,0.9135797068476676,0.9208401754498482,70203.0,False,4395,54,clim,-0.004234173776882955,-0.005570720136165619,-0.0028114363551139834,-0.007161252200603485,-0.0014967396855354311,62586.0,0.957294502737924,False
D5,45,all,all,rope-drop worth agreement,clim,0.9225795997731507,0.918294657766819,0.9264466106891632,61715.0,False,3855,54,clim,,,,,,,,
D5,45,all,all,rope-drop worth agreement,h5,0.915947799159478,0.911725464463234,0.9197385460138321,72336.0,False,4337,54,clim,-0.001773872679045052,-0.002998654544353485,-0.0005252197384834291,-0.004613034427165985,0.000773994624614715,60320.0,0.9773960949526047,False
D5,45,all,all,rope-drop worth agreement,lvlh5_cbd,0.8755316767405418,0.8660768687725067,0.8843369528651237,17868.0,False,1242,53,clim,-0.002388175304976481,-0.006228616833686829,0.0013873323798179625,-0.009171175956726074,0.003737658262252807,15493.0,0.25104107591347324,False
D5,45,all,all,rope-drop worth agreement,lvlh5_naive,0.9127315860822413,0.9085563898086548,0.9165953114628792,70816.0,False,4237,54,clim,-0.004735133688050119,-0.006309445202350617,-0.0031385228037834174,-0.008162985742092132,-0.001412904262542725,59766.0,0.9684193469982987,False
D5,45,all,all,rope-drop worth agreement,lvlh5_tft,0.913232104121475,0.909241971373558,0.9173251524567604,71455.0,False,4305,54,clim,-0.004517288283598431,-0.006115809082984924,-0.0028900355100631714,-0.007393243908882141,-0.0019013166427612309,59549.0,0.964903183990926,False
D5,45,all,all,rope-drop worth agreement,prod_ropedrop_hist,0.9006413235430802,0.8968704655766487,0.9045590162277222,64554.0,False,4118,54,clim,-0.021739870037083664,-0.024968838691711424,-0.018638482689857485,-0.03158169835805893,-0.013130721449851994,58786.0,0.9525399011585514,False
D5,45,all,all,rope-drop worth agreement,prod_served,0.9083765732323574,0.9042160451412201,0.9125502526760101,73813.0,False,4241,54,clim,-0.009011379333026426,-0.010789339244365693,-0.00707678645849228,-0.014744621515274049,-0.004253397881984712,60812.0,0.9853682249048044,False
D5,45,all,all,rope-drop worth agreement,prod_served_lin,0.9082410957419425,0.9040010541677475,0.9125334277749062,73813.0,False,4241,54,clim,-0.009011379333026426,-0.010801693797111512,-0.0071233496069908146,-0.015517909824848176,-0.003857763111591342,60812.0,0.9853682249048044,False
D5,45,all,all,rope-drop worth agreement,wt_med,0.9181937882425838,0.9142474859952927,0.9219403311610221,64555.0,False,4118,54,clim,-0.002398489461955866,-0.0037324443459510804,-0.0010514602065086365,-0.005401177704334259,0.0004594400525093067,58787.0,0.9525561046747144,False
D5,60,all,all,rope-drop worth agreement,clim,0.9237116285574435,0.9192208826541901,0.9280197784304619,57204.0,False,3688,54,clim,,,,,,,,
D5,60,all,all,rope-drop worth agreement,h5,0.9173975207464292,0.9131477639079094,0.9214907959103584,67843.0,False,4064,54,clim,-0.0006568785839827784,-0.0018894940614700318,0.0006359890103340146,-0.0035037487745285035,0.0019880414009094236,56327.0,0.9846689042724285,False
D5,60,all,all,rope-drop worth agreement,lvlh5_naive,0.9153729533050333,0.9111605226993561,0.9193093597888946,65960.0,False,3936,54,clim,-0.003221858238237507,-0.004879030585289002,-0.0016454041004180914,-0.006587605178356171,0.00026214122772216737,55558.0,0.9712257884064052,False
D5,60,all,all,rope-drop worth agreement,lvlh5_tft,0.9936536718041704,0.9876520246267319,0.998136131465435,1103.0,False,148,48,clim,-0.0010471204188481353,-0.0036951661109924316,0.0,-0.015043334662914276,0.0,955.0,0.0166946367386896,False
D5,60,all,all,rope-drop worth agreement,prod_ropedrop_hist,0.9038068493378308,0.8999246671795845,0.9078734546899796,60181.0,False,3831,54,clim,-0.01802801528106246,-0.021057188510894775,-0.015098196268081666,-0.027841751277446748,-0.009264785051345826,54970.0,0.9609467869379764,False
D5,60,all,all,rope-drop worth agreement,prod_served,0.9945945945945946,0.9900092974305152,0.9983819052577019,1110.0,False,150,48,clim,0.0010537407797681642,0.0,0.0037213146686553952,0.0,0.01504333615303039,949.0,0.016589748968603595,False
D5,60,all,all,rope-drop worth agreement,prod_served_lin,0.9945945945945946,0.9900092974305152,0.9983819052577019,1110.0,False,150,48,clim,0.0010537407797681642,0.0,0.0037213146686553952,0.0,0.01504333615303039,949.0,0.016589748968603595,False
D5,60,all,all,rope-drop worth agreement,wt_med,0.920659976073375,0.9165158942341805,0.9246509298682213,60184.0,False,3831,54,clim,-3.638215818968504e-05,-0.001297566294670105,0.0011967718601226807,-0.002591647207736969,0.0028219535946846,54972.0,0.9609817495280051,False
D5,90,all,all,rope-drop worth agreement,clim,0.9250576321422691,0.9201431185007095,0.9295843780040741,48584.0,False,3316,54,clim,,,,,,,,
D5,90,all,all,rope-drop worth agreement,h5,0.9234628999553218,0.9190013200044632,0.9278619334101676,58194.0,False,3634,54,clim,0.0007056430691322335,-0.0005427762866020202,0.0018266677856445311,-0.0021351590752601624,0.0033342391252517696,48183.0,0.9917462539107526,False
D5,90,all,all,rope-drop worth agreement,lvlh5_naive,0.9208791985440924,0.916341806948185,0.9254841148853302,56597.0,False,3558,54,clim,-0.0013232514177693444,-0.0027495443820953367,8.334666490554808e-05,-0.003919176757335663,0.0012139797210693355,47610.0,0.9799522476535485,False
D5,90,all,all,rope-drop worth agreement,prod_ropedrop_hist,0.910870185449358,0.9066722214221954,0.9150947570800781,52575.0,False,3471,54,clim,-0.014240273008784277,-0.017226411402225493,-0.011016450822353363,-0.025997290015220643,-0.004133717715740206,47471.0,0.9770912234480488,False
D5,90,all,all,rope-drop worth agreement,wt_med,0.9245092818015824,0.9199005976319313,0.9289708852767944,52576.0,False,3471,54,clim,0.0006951466127401718,-0.0003824055194854736,0.0017250448465347288,-0.001694725453853607,0.0028640866279602047,47472.0,0.9771118063560019,False
D4,0,all,all,dayPeak pairwise ordering (headliners),clim,0.7142172663123966,0.708886481821537,0.7195884883403778,91832.0,False,3980,54,wt_med,-0.011014154646806773,-0.014754608273506165,-0.007233317196369174,-0.020402395725250246,-0.0021736577153205886,89158.0,0.8850834872039232,False
D4,0,all,all,dayPeak pairwise ordering (headliners),h5,0.7486521537748958,0.7438752263784408,0.7535142347216606,107950.0,False,4635,54,wt_med,0.02588004050271009,0.023989187180995943,0.027789479494094847,0.021943730115890504,0.029814088344573976,100734.0,1.0,True
D4,0,all,all,dayPeak pairwise ordering (headliners),lvlh5_cbd,0.7313641364136414,0.7260171517729759,0.7368297189474106,90900.0,False,3682,54,wt_med,-0.0008093936585766848,-0.0062344029545784,0.004836027324199676,-0.016207899153232574,0.014101892709732056,85249.0,0.8462783171521036,False
D4,0,all,all,dayPeak pairwise ordering (headliners),lvlh5_naive,0.7536274214215724,0.7489851042628288,0.757993170619011,106136.0,False,4517,54,wt_med,0.03170020120724337,0.028262744843959808,0.03515285104513168,0.024959994852542876,0.03891521394252777,99400.0,0.9867572021363195,True
D4,0,all,all,dayPeak pairwise ordering (headliners),lvlh5_tft,0.7685718072015448,0.7641084104776382,0.7733484238386155,105644.0,False,4526,54,wt_med,0.04780427364315887,0.04400989711284638,0.05141831189393997,0.039828167855739595,0.056774772703647614,98464.0,0.9774654039351163,True
D4,0,all,all,dayPeak pairwise ordering (headliners),snaive7,0.731061779383927,0.722782102227211,0.7406051188707352,29055.0,False,2952,54,wt_med,-0.0010104881703195678,-0.009365537762641906,0.007349091768264765,-0.01520165503025055,0.013233323395252223,28699.0,0.2848988424960788,False
D4,0,all,all,dayPeak pairwise ordering (headliners),wt_med,0.7239859431770802,0.7186538815498352,0.729360194504261,100734.0,False,4464,54,wt_med,,,,,,,,
D4,1,all,all,dayPeak pairwise ordering (headliners),clim,0.7132595358179953,0.7077265530824661,0.7187576219439507,91602.0,False,3970,54,wt_med,-0.00872692832418176,-0.012470871210098267,-0.004891780018806458,-0.018288791179656982,5.3165853023527374e-05,88691.0,0.8894716784338896,False
D4,1,all,all,dayPeak pairwise ordering (headliners),h5,0.7451312920479323,0.7403736367821694,0.7501168236136436,107318.0,False,4609,54,wt_med,0.025493421052631637,0.023531213402748108,0.027449695765972136,0.0215802863240242,0.02935056686401367,99712.0,1.0,True
D4,1,all,all,dayPeak pairwise ordering (headliners),lvlh5_cbd,0.7278084673361215,0.7226409643888474,0.7333223909139633,89426.0,False,3628,54,wt_med,-0.0019239272014626163,-0.007493031024932861,0.00400622934103012,-0.018356068432331084,0.013837143778800963,83683.0,0.8392470314505777,False
D4,1,all,all,dayPeak pairwise ordering (headliners),lvlh5_naive,0.7538974130831921,0.7489792704582214,0.7582862094044686,105647.0,False,4500,54,wt_med,0.03470995512781461,0.03115435689687729,0.038196486234664914,0.027682496607303618,0.04228704422712326,98502.0,0.9878650513478819,True
D4,1,all,all,dayPeak pairwise ordering (headliners),lvlh5_tft,0.7667113761974068,0.762149827182293,0.7711577951908112,105123.0,False,4502,54,wt_med,0.0487237314197847,0.044827993214130404,0.05230980962514877,0.04036546945571899,0.05821409672498703,97550.0,0.9783175545571245,True
D4,1,all,all,dayPeak pairwise ordering (headliners),snaive7,0.7310166867366248,0.72265605032444,0.7405240282416343,29065.0,False,2952,54,wt_med,0.001919519771053646,-0.006561064720153808,0.010174681246280669,-0.01269569844007492,0.0162341833114624,28653.0,0.28735758985879334,False
D4,1,all,all,dayPeak pairwise ordering (headliners),wt_med,0.7213474807445442,0.7159742042422295,0.7264399945735931,99712.0,False,4428,54,wt_med,,,,,,,,
D4,2,all,all,dayPeak pairwise ordering (headliners),clim,0.7125083436374977,0.7069300562143326,0.7179948657751083,91387.0,False,3958,54,wt_med,-0.008932412543869672,-0.012577793002128601,-0.005150753259658814,-0.018326379358768463,-0.00039020776748657283,88330.0,0.8922041978949921,False
D4,2,all,all,dayPeak pairwise ordering (headliners),h5,0.7437916810864909,0.7389788225293159,0.7488321259617805,106913.0,False,4591,54,wt_med,0.024443950627260014,0.022359636425971986,0.026334087550640106,0.02069273442029953,0.02860712856054306,99002.0,1.0,True
D4,2,all,all,dayPeak pairwise ordering (headliners),lvlh5_cbd,0.7248571142083626,0.7194609999656677,0.7301749259233474,89757.0,False,3644,54,wt_med,-0.003033342887169166,-0.008734822273254395,0.0024936124682426405,-0.019466905295848845,0.013347007334232327,83736.0,0.8458010949273752,False
D4,2,all,all,dayPeak pairwise ordering (headliners),lvlh5_naive,0.7539742762833402,0.7492920219898224,0.7584986329078675,105428.0,False,4492,54,wt_med,0.03514161775963254,0.03153763711452484,0.03847545832395553,0.027718546986579894,0.043214230239391326,97975.0,0.989626472192481,True
D4,2,all,all,dayPeak pairwise ordering (headliners),lvlh5_tft,0.7641048634828567,0.7597292840480805,0.7686022013425827,104822.0,False,4490,54,wt_med,0.0463912743167596,0.04273727238178253,0.05026369988918304,0.03811337798833847,0.05474324226379394,97001.0,0.979788287105311,True
D4,2,all,all,dayPeak pairwise ordering (headliners),snaive7,0.7310551311170762,0.7226807326078415,0.7405883014202118,29058.0,False,2951,54,wt_med,0.0015377088138672779,-0.006919459998607635,0.009899911284446715,-0.013207267224788665,0.016184094548225402,28614.0,0.28902446415223937,False
D4,2,all,all,dayPeak pairwise ordering (headliners),wt_med,0.7211975515646148,0.715706604719162,0.7262248948216439,99002.0,False,4401,54,wt_med,,,,,,,,
D4,3,all,all,dayPeak pairwise ordering (headliners),clim,0.7116703800858294,0.7058768153190613,0.7170535683631897,91111.0,False,3947,54,wt_med,-0.008944198204341447,-0.012518665194511414,-0.005141635239124299,-0.018374477326869965,-3.539174795150888e-05,87990.0,0.8938802876996221,False
D4,3,all,all,dayPeak pairwise ordering (headliners),h5,0.7427782836864785,0.7379796907305718,0.7478935897350312,106519.0,False,4585,54,wt_med,0.024726725994554832,0.022650410234928132,0.0266249880194664,0.021130198240280153,0.02860056161880493,98436.0,1.0,True
D4,3,all,all,dayPeak pairwise ordering (headliners),lvlh5_cbd,0.7219779135183744,0.7166262477636337,0.727718897163868,91187.0,False,3716,54,wt_med,-0.00391990176631718,-0.009561599791049957,0.0018156647682189926,-0.0202228844165802,0.013015019893646236,84696.0,0.8604169206387907,False
D4,3,all,all,dayPeak pairwise ordering (headliners),lvlh5_naive,0.7536131289696878,0.7489928305149078,0.7582589149475097,105172.0,False,4488,54,wt_med,0.03556631250769171,0.03210019916296005,0.038969241082668304,0.028425867855548858,0.04360484480857849,97508.0,0.99057255475639,True
D4,3,all,all,dayPeak pairwise ordering (headliners),lvlh5_tft,0.7607279821734265,0.7560665041208268,0.7654889538884163,104563.0,False,4489,54,wt_med,0.04478168153868445,0.04092183709144592,0.048478446900844574,0.03696095198392868,0.05344889760017395,96602.0,0.9813686049819171,True
D4,3,all,all,dayPeak pairwise ordering (headliners),prod_served,0.7088579324976969,0.7038771569728851,0.7144278585910797,107463.0,False,4461,54,wt_med,-0.007820035470187392,-0.012405307590961456,-0.0036391481757164037,-0.019288310408592226,0.0034682393074035546,96419.0,0.9795095290340932,False
D4,3,all,all,dayPeak pairwise ordering (headliners),prod_served_lin,0.7393707601686161,0.7346911609172821,0.7446333214640617,107463.0,False,4461,54,wt_med,0.02229850962984481,0.018028466403484343,0.02636924535036087,0.011210623383522033,0.03394252061843872,96419.0,0.9795095290340932,True
D4,3,all,all,dayPeak pairwise ordering (headliners),snaive7,0.7310181042197288,0.7226582929491997,0.740553630888462,29054.0,False,2949,54,wt_med,0.0026977787120734398,-0.005801539123058318,0.010877969861030578,-0.011700809001922607,0.017058506608009335,28542.0,0.2899548945507741,False
D4,3,all,all,dayPeak pairwise ordering (headliners),wt_med,0.7205595513836401,0.7151900976896286,0.7258350566029549,98436.0,False,4377,54,wt_med,,,,,,,,
D4,4,all,all,dayPeak pairwise ordering (headliners),clim,0.7104034531360113,0.7045941799879074,0.7155984610319137,90816.0,False,3936,54,wt_med,-0.008837230544391672,-0.012619629502296448,-0.00509600341320038,-0.018569618463516235,0.0002767503261566117,87584.0,0.8958625274893878,False
D4,4,all,all,dayPeak pairwise ordering (headliners),h5,0.7419300082043738,0.7367812514305114,0.7469173729419708,106041.0,False,4563,54,wt_med,0.025387408581803328,0.023441363871097565,0.02734536826610565,0.021685625612735748,0.029233662784099577,97765.0,1.0,True
D4,4,all,all,dayPeak pairwise ordering (headliners),lvlh5_cbd,0.7213458139687111,0.7160195112228394,0.7272254943847656,91662.0,False,3737,54,wt_med,-0.0025601698914581306,-0.00838465839624405,0.003075584769248957,-0.019385972619056703,0.013930852711200712,84760.0,0.8669769344857566,False
D4,4,all,all,dayPeak pairwise ordering (headliners),lvlh5_naive,0.7533471385901461,0.7485173687338829,0.758090341091156,104791.0,False,4476,54,wt_med,0.03719980193117112,0.0335616335272789,0.040882982313632965,0.0296803817152977,0.04552712887525558,96936.0,0.9915204827903646,True
D4,4,all,all,dayPeak pairwise ordering (headliners),lvlh5_tft,0.7598633056232841,0.7552824720740319,0.7642050668597221,104174.0,False,4470,54,wt_med,0.04601124765673814,0.04235759079456329,0.0496119499206543,0.038429653644561766,0.054663087427616115,96020.0,0.9821510765611415,True
D4,4,all,all,dayPeak pairwise ordering (headliners),prod_served,0.7088993390237746,0.7037196591496467,0.7142292588949204,106963.0,False,4432,54,wt_med,-0.00573416055649556,-0.0098571315407753,-0.0016045838594436655,-0.016372446715831757,0.0050810471177101125,95742.0,0.9793075231422288,False
D4,4,all,all,dayPeak pairwise ordering (headliners),prod_served_lin,0.7403681646924638,0.7354325845837593,0.7457740277051925,106963.0,False,4432,54,wt_med,0.02562093960853129,0.021322397887706755,0.02976885735988617,0.014756177365779877,0.03673068284988403,95742.0,0.9793075231422288,True
D4,4,all,all,dayPeak pairwise ordering (headliners),snaive7,0.7306111168687601,0.7223185315728188,0.740139690041542,28947.0,False,2943,54,wt_med,0.0050449814782148605,-0.0033437788486480715,0.013328845798969265,-0.00995742529630661,0.01984116584062576,28345.0,0.28992993402546924,False
D4,4,all,all,dayPeak pairwise ordering (headliners),wt_med,0.7190610136551936,0.7135983318090439,0.7243411242961884,97765.0,False,4358,54,wt_med,,,,,,,,
D4,5,all,all,dayPeak pairwise ordering (headliners),clim,0.7105062409481376,0.7047609001398086,0.7154877319931984,90451.0,False,3922,54,wt_med,-0.008216379973147614,-0.012059028446674346,-0.0043832287192344666,-0.01809340566396713,0.0008130133152008049,87143.0,0.8960996226104662,False
D4,5,all,all,dayPeak pairwise ordering (headliners),h5,0.7407161803713528,0.7356784731149674,0.7456301406025887,105560.0,False,4545,54,wt_med,0.025388958014128993,0.023476997017860414,0.02715386301279068,0.02161206156015396,0.02939046025276184,97247.0,1.0,True
D4,5,all,all,dayPeak pairwise ordering (headliners),lvlh5_cbd,0.7182194571622599,0.7125074878334999,0.7238008752465248,91298.0,False,3721,54,wt_med,-0.003678782916206824,-0.009863758087158203,0.002487187087535858,-0.02003680020570755,0.013195084035396574,84267.0,0.8665254455150287,False
D4,5,all,all,dayPeak pairwise ordering (headliners),lvlh5_naive,0.752356141291855,0.7476626142859459,0.7570741206407547,104408.0,False,4465,54,wt_med,0.03733261473404914,0.033603808283805846,0.04074585139751434,0.029773737490177154,0.0455479696393013,96484.0,0.9921539996092424,True
D4,5,all,all,dayPeak pairwise ordering (headliners),lvlh5_tft,0.7594286430271896,0.7549261018633843,0.764186380803585,103753.0,False,4459,54,wt_med,0.046082226174286034,0.04240972697734833,0.04965578764677048,0.037937068939208986,0.05484361946582794,95590.0,0.9829609139613561,True
D4,5,all,all,dayPeak pairwise ordering (headliners),prod_served,0.7078107397671799,0.7023640975356102,0.7131595611572266,106520.0,False,4402,54,wt_med,-0.005916102727922423,-0.010125638544559478,-0.0017668768763542178,-0.016629128158092497,0.0049947589635848996,95164.0,0.9785803161022962,False
D4,5,all,all,dayPeak pairwise ordering (headliners),prod_served_lin,0.7390818625610214,0.7337138518691063,0.7441928386688232,106520.0,False,4402,54,wt_med,0.025072506409986928,0.02065531015396118,0.02917383462190628,0.0146880641579628,0.03580024093389511,95164.0,0.9785803161022962,True
D4,5,all,all,dayPeak pairwise ordering (headliners),snaive7,0.7306520836217638,0.7222117200493813,0.7401388958096504,28892.0,False,2941,54,wt_med,0.00506732813607369,-0.0031910926103591915,0.01317222863435745,-0.010305039584636688,0.020225335657596585,28220.0,0.290188900428805,False
D4,5,all,all,dayPeak pairwise ordering (headliners),wt_med,0.7180272913303238,0.7123438820242882,0.7234010621905327,97247.0,False,4335,54,wt_med,,,,,,,,
D4,6,all,all,dayPeak pairwise ordering (headliners),clim,0.7102680256700642,0.7045497491955757,0.715470378100872,90066.0,False,3906,54,wt_med,-0.006277478392319291,-0.010236823558807373,-0.0026887342333793644,-0.016040916740894317,0.0026361346244812,86659.0,0.8972025510415372,False
D4,6,all,all,dayPeak pairwise ordering (headliners),h5,0.7393695468082475,0.7345782682299614,0.7444223433732986,105099.0,False,4528,54,wt_med,0.026504327659750637,0.0245955690741539,0.028374861180782317,0.022711096704006194,0.03040532320737838,96588.0,1.0,True
D4,6,all,all,dayPeak pairwise ordering (headliners),lvlh5_cbd,0.7105312352236114,0.7048670098185539,0.7159517094492912,90939.0,False,3716,54,wt_med,-0.0091496553948327,-0.015285928547382355,-0.002751600742340088,-0.026811225712299346,0.008826142549514766,83719.0,0.8667639872447923,False
D4,6,all,all,dayPeak pairwise ordering (headliners),lvlh5_naive,0.7536063352330062,0.748798868060112,0.7584197491407394,104053.0,False,4453,54,wt_med,0.04084292625959296,0.03710352182388306,0.04431422799825668,0.03267593234777451,0.049497847259044644,95904.0,0.9929183749534104,True
D4,6,all,all,dayPeak pairwise ordering (headliners),lvlh5_tft,0.7578606912179109,0.7530127048492432,0.7623148620128631,103267.0,False,4442,54,wt_med,0.04697505898213683,0.043250763416290285,0.050688980519771575,0.03832942545413971,0.05617891252040863,94944.0,0.9829792520810039,True
D4,6,all,all,dayPeak pairwise ordering (headliners),prod_served,0.7033466218062899,0.6978889808058739,0.7086942031979561,106107.0,False,4371,54,wt_med,-0.007415478356535332,-0.01172553449869156,-0.0032661736011505137,-0.01867165118455887,0.004055038094520563,94532.0,0.9787137118482627,False
D4,6,all,all,dayPeak pairwise ordering (headliners),prod_served_lin,0.7351070146173202,0.7300055161118507,0.740205280482769,106107.0,False,4371,54,wt_med,0.02421402276477813,0.02021433562040329,0.028546021878719328,0.013552862405776977,0.035168135166168214,94532.0,0.9787137118482627,True
D4,6,all,all,dayPeak pairwise ordering (headliners),snaive7,0.7310493099382759,0.7227727144956588,0.7405318826436996,28838.0,False,2938,54,wt_med,0.008337508051241671,-0.0007148981094360352,0.01672561168670654,-0.00743725448846817,0.023633465170860287,27946.0,0.28933200811695037,False
D4,6,all,all,dayPeak pairwise ordering (headliners),wt_med,0.7153269557294902,0.7098532646894455,0.7208796560764312,96588.0,False,4304,54,wt_med,,,,,,,,
D4,7,all,all,dayPeak pairwise ordering (headliners),clim,0.7100694444444444,0.7044600561261177,0.7150350451469422,89856.0,False,3897,54,wt_med,-0.00360671707565996,-0.007746179401874542,4.7850608825682846e-05,-0.013216657936573029,0.005253604054450987,86228.0,0.9024857397038045,False
D4,7,all,all,dayPeak pairwise ordering (headliners),h5,0.735459878081509,0.7304987803101539,0.7405917167663574,104332.0,False,4495,54,wt_med,0.025359778115024323,0.023234817385673522,0.02738994508981705,0.021255587041378022,0.029519683122634886,95545.0,1.0,True
D4,7,all,all,dayPeak pairwise ordering (headliners),lvlh5_cbd,0.7092964964072856,0.7035117894411087,0.7151044055819511,89765.0,False,3674,54,wt_med,-0.00911515151515152,-0.016052873432636262,-0.0026894867420196584,-0.02885369658470154,0.010315412282943725,82500.0,0.8634674760584018,False
D4,7,all,all,dayPeak pairwise ordering (headliners),lvlh5_naive,0.7415716108670453,0.7366786748170853,0.7462879747152329,102659.0,False,4368,54,wt_med,0.03203076988281173,0.02841397821903229,0.035379056632518766,0.02404760867357254,0.040036486089229585,94378.0,0.9877858600659375,True
D4,7,all,all,dayPeak pairwise ordering (headliners),lvlh5_tft,0.7528507442251647,0.7482382848858833,0.7575704589486122,102254.0,False,4399,54,wt_med,0.045098332301253374,0.04131234437227249,0.04880228340625763,0.035878905653953554,0.05500325560569763,93662.0,0.9802920090009943,True
D4,7,all,all,dayPeak pairwise ordering (headliners),prod_served,0.6991584388045855,0.6938500344753266,0.704635988175869,105637.0,False,4345,54,wt_med,-0.008841799151101726,-0.013389433920383453,-0.0043776586651802065,-0.021569694578647613,0.0036604464054107583,93533.0,0.9789418598566121,False
D4,7,all,all,dayPeak pairwise ordering (headliners),prod_served_lin,0.7305773545254031,0.7251438081264496,0.7358917564153671,105637.0,False,4345,54,wt_med,0.022441277410111926,0.01773904412984848,0.026895759999752043,0.010747508704662323,0.03418792188167572,93533.0,0.9789418598566121,True
D4,7,all,all,dayPeak pairwise ordering (headliners),wt_med,0.7124077659741483,0.7070334553718567,0.7177269741892814,95545.0,False,4267,54,wt_med,,,,,,,,
D4,10,all,all,dayPeak pairwise ordering (headliners),clim,0.7100536193029491,0.7044026330113411,0.7150196805596352,89520.0,False,3885,54,clim,,,,,,,,
D4,10,all,all,dayPeak pairwise ordering (headliners),h5,0.7309061741920339,0.7258816450834275,0.7361635401844978,102232.0,False,4422,54,clim,0.025960327991562115,0.02247956246137619,0.029994171857833863,0.017483241856098175,0.03544541746377945,88173.0,0.9849530831099196,True
D4,10,all,all,dayPeak pairwise ordering (headliners),lvlh5_cbd,0.7054233848235427,0.6999438300728797,0.7113062143325806,88690.0,False,3647,54,clim,-0.007981054807604249,-0.01378394514322281,-0.0021411016583442704,-0.025305606424808502,0.008884221315383911,76431.0,0.8537868632707775,False
D4,10,all,all,dayPeak pairwise ordering (headliners),lvlh5_naive,0.7404351310438989,0.7356846615672111,0.7452681213617325,101073.0,False,4327,54,clim,0.03517930869758079,0.030808059871196745,0.039668260514736174,0.025258418917655946,0.04608985781669617,87921.0,0.9821380697050939,True
D4,10,all,all,dayPeak pairwise ordering (headliners),lvlh5_tft,0.7469169813967,0.7420116111636161,0.7515894889831543,99821.0,False,4307,54,clim,0.043706841524981166,0.03944363743066788,0.048156152665615085,0.033786816895008086,0.05498979985713959,86165.0,0.9625223413762288,True
D4,10,all,all,dayPeak pairwise ordering (headliners),prod_served,0.6943840962836214,0.6886264622211457,0.6998857960104943,104026.0,False,4259,54,clim,-0.008087402272548894,-0.012288589775562287,-0.003592975437641147,-0.01965794861316681,0.003630638122558592,89151.0,0.9958780160857909,False
D4,10,all,all,dayPeak pairwise ordering (headliners),prod_served_lin,0.7260588698979101,0.7205682277679444,0.7310093581676483,104026.0,False,4259,54,clim,0.02318538210451926,0.019137416779994965,0.02780698388814926,0.01214948296546936,0.03427875339984893,89151.0,0.9958780160857909,True
D4,10,all,all,dayPeak pairwise ordering (headliners),wt_med,0.7084287334431772,0.7031797662377357,0.713681024312973,93466.0,False,4188,54,clim,0.0010876938551145354,-0.0026530057191848752,0.005151595175266266,-0.007515276968479157,0.010354956984519957,85502.0,0.9551161751563896,False
D4,14,all,all,dayPeak pairwise ordering (headliners),clim,0.7099439096233932,0.7044244945049286,0.7149209797382354,88607.0,False,3846,54,clim,,,,,,,,
D4,14,all,all,dayPeak pairwise ordering (headliners),h5,0.7260744185118293,0.7211067467927933,0.7314784288406372,100217.0,False,4336,54,clim,0.02212475745433251,0.01836417019367218,0.025864343345165252,0.012893138825893402,0.03145734816789627,87097.0,0.9829584570067827,True
D4,14,all,all,dayPeak pairwise ordering (headliners),lvlh5_cbd,0.702506259853473,0.6967932313680649,0.7085731446743011,86264.0,False,3532,54,clim,-0.011608535138809217,-0.017387720942497253,-0.005472497642040257,-0.028832876682281496,0.005245055258274074,75031.0,0.8467841141219091,False
D4,14,all,all,dayPeak pairwise ordering (headliners),lvlh5_naive,0.7324531628382965,0.7276412323117256,0.7374691158533097,98693.0,False,4202,54,clim,0.02735667431377753,0.022697789967060088,0.03217398226261139,0.017175719141960144,0.03809755146503448,86743.0,0.9789632873249292,True
D4,14,all,all,dayPeak pairwise ordering (headliners),lvlh5_tft,0.7418752600018264,0.737095519900322,0.7463666439056397,98557.0,False,4254,54,clim,0.03985176872179752,0.03564656525850296,0.04441491067409516,0.02877795845270157,0.05258526057004929,85542.0,0.9654090534607875,True
D4,14,all,all,dayPeak pairwise ordering (headliners),prod_served,0.6918506272488574,0.6861087933182717,0.696932677924633,102830.0,False,4173,54,clim,-0.009587597320912522,-0.01426682323217392,-0.004978168010711672,-0.02157168984413147,0.0027499541640281676,88239.0,0.9958468292572822,False
D4,14,all,all,dayPeak pairwise ordering (headliners),prod_served_lin,0.7227171059029466,0.717351856827736,0.72790557295084,102830.0,False,4173,54,clim,0.020920454674236977,0.016565221548080444,0.025588805973529815,0.009851695597171783,0.032694631814956666,88239.0,0.9958468292572822,True
D4,14,all,all,dayPeak pairwise ordering (headliners),wt_med,0.702941628095729,0.697424228489399,0.7083506107330322,91174.0,False,4066,54,clim,-0.004154549231408455,-0.007790511846542359,-0.00039613097906112933,-0.01289190798997879,0.005192646384239195,84245.0,0.9507713837507195,False
D4,21,all,all,dayPeak pairwise ordering (headliners),clim,0.7104550347160616,0.70462586581707,0.7154623284935951,84543.0,False,3694,54,clim,,,,,,,,
D4,21,all,all,dayPeak pairwise ordering (headliners),h5,0.7202706431863942,0.7149767264723778,0.7256821811199188,97841.0,False,4194,54,clim,0.016746151524298147,0.013002166152000427,0.02070339024066925,0.006704576313495636,0.026821750402450557,82825.0,0.9796789799273742,True
D4,21,all,all,dayPeak pairwise ordering (headliners),lvlh5_cbd,0.6989875944674177,0.6928617119789123,0.704679074883461,84156.0,False,3413,54,clim,-0.015390453702142093,-0.021322870254516603,-0.009623889625072483,-0.03287414312362671,0.0023237392306327746,71148.0,0.8415599162556332,False
D4,21,all,all,dayPeak pairwise ordering (headliners),lvlh5_naive,0.7248698064956982,0.7198508247733116,0.7300284534692765,96587.0,False,4070,54,clim,0.01957977484472051,0.014742298424243927,0.024199309945106506,0.010195484757423401,0.029318006336688993,82432.0,0.9750304578735082,True
D4,21,all,all,dayPeak pairwise ordering (headliners),lvlh5_tft,0.7347500779382728,0.7297818139195442,0.7395846009254455,96230.0,False,4119,54,clim,0.0314775923264925,0.02732208967208862,0.03575721979141235,0.020534875988960265,0.04400074332952499,81423.0,0.9630957027784678,True
D4,21,all,all,dayPeak pairwise ordering (headliners),prod_served,0.689394982784063,0.6839554101228714,0.6947041690349579,101650.0,False,4095,54,clim,-0.013142741811015268,-0.017296503484249114,-0.008435061573982239,-0.025768519937992097,-0.0004773959517479,84229.0,0.9962859136770638,False
D4,21,all,all,dayPeak pairwise ordering (headliners),prod_served_lin,0.7208362026561731,0.7155261009931564,0.726189249753952,101650.0,False,4095,54,clim,0.017060632323783964,0.012592042982578277,0.02151685655117035,0.005777330696582795,0.028618864715099335,84229.0,0.9962859136770638,True
D4,21,all,all,dayPeak pairwise ordering (headliners),wt_med,0.6997648288476613,0.6941392168402671,0.7053637027740478,88021.0,False,3951,54,clim,-0.0068712208285443,-0.010731491446495055,-0.0029228180646896362,-0.015766508877277374,0.0015424162149429287,80044.0,0.9467844765385661,False
D4,30,all,all,dayPeak pairwise ordering (headliners),clim,0.7094815152205268,0.7035831272602081,0.7147877931594848,79038.0,False,3470,54,clim,,,,,,,,
D4,30,all,all,dayPeak pairwise ordering (headliners),h5,0.7175580551142162,0.7124606490135192,0.7227476581931114,95039.0,False,3999,54,clim,0.015928928488176286,0.012010543048381806,0.019854074716567992,0.00518302470445633,0.026175522804260252,77218.0,0.9769731015460917,True
D4,30,all,all,dayPeak pairwise ordering (headliners),lvlh5_cbd,0.6921552656852138,0.6860729336738587,0.6981845691800117,82259.0,False,3302,54,clim,-0.023271875563029232,-0.029332663118839263,-0.017483097314834595,-0.04147049337625504,-0.006615726649761202,66604.0,0.8426832662769806,False
D4,30,all,all,dayPeak pairwise ordering (headliners),lvlh5_naive,0.7182913239586097,0.7131057664752006,0.7236056134104729,94225.0,False,3937,54,clim,0.014845945664619609,0.010289740562438966,0.019351717829704282,0.00373234897851944,0.025594311952590938,76856.0,0.9723930261393254,True
D4,30,all,all,dayPeak pairwise ordering (headliners),lvlh5_tft,0.7273607019203888,0.7224135771393776,0.7325864568352699,93002.0,False,3917,54,clim,0.026765217160524934,0.022333022952079774,0.03173666894435882,0.014567403495311737,0.03865330815315247,75359.0,0.9534527695538855,True
D4,30,all,all,dayPeak pairwise ordering (headliners),prod_served,0.6853025357770525,0.6801743268966675,0.690601359307766,99575.0,False,3990,54,clim,-0.013693762294561762,-0.018367587029933928,-0.008619821071624756,-0.02635617256164551,-0.0015983775258064273,78795.0,0.996925529492143,False
D4,30,all,all,dayPeak pairwise ordering (headliners),prod_served_lin,0.7169269394928446,0.711736848950386,0.7219387426972389,99575.0,False,3990,54,clim,0.016968081731074336,0.012255974113941193,0.022100949287414552,0.004892173409461975,0.028039945662021632,78795.0,0.996925529492143,True
D4,30,all,all,dayPeak pairwise ordering (headliners),wt_med,0.6997860454059194,0.6939087152481079,0.7052586391568184,84130.0,False,3754,54,clim,-0.006730704641633611,-0.010625100135803223,-0.0027784943580627447,-0.017164529860019685,0.0026431024074554392,74435.0,0.9417621903388244,False
D4,45,all,all,dayPeak pairwise ordering (headliners),clim,0.7114160457130447,0.7052633330225945,0.7170998379588127,73677.0,False,3243,54,clim,,,,,,,,
D4,45,all,all,dayPeak pairwise ordering (headliners),h5,0.7126245286204762,0.7067813023924827,0.7177507668733597,88835.0,False,3764,54,clim,0.012998799251626503,0.008833077549934388,0.01700185090303421,0.0022604405879974366,0.023445995151996614,71622.0,0.9721079848528035,True
D4,45,all,all,dayPeak pairwise ordering (headliners),lvlh5_cbd,0.6837240013205679,0.6724978804588317,0.6942126274108886,27261.0,False,1061,53,clim,-0.03607044345427535,-0.04624153822660446,-0.026623845100402836,-0.057005397975444794,-0.017451183497905733,23565.0,0.319842013111283,False
D4,45,all,all,dayPeak pairwise ordering (headliners),lvlh5_naive,0.7127064890024641,0.7070078343153,0.7180367991328239,87656.0,False,3697,54,clim,0.011698208711790947,0.006793801486492157,0.016527326405048372,-0.0004453510046005245,0.02382075041532516,71122.0,0.9653216064714905,False
D4,45,all,all,dayPeak pairwise ordering (headliners),lvlh5_tft,0.7280469125077159,0.7224888354539871,0.7329419925808907,87482.0,False,3732,54,clim,0.02916417825555273,0.024766068160533904,0.034028516709804536,0.018413068354129793,0.04126178920269012,70326.0,0.9545176920884401,True
D4,45,all,all,dayPeak pairwise ordering (headliners),prod_served,0.6832026997605051,0.6774482682347298,0.6884945437312127,91860.0,False,3745,54,clim,-0.013428381962864666,-0.0178103968501091,-0.008675239980220795,-0.024241837859153747,-0.0022101402282714852,72384.0,0.9824504255059245,False
D4,45,all,all,dayPeak pairwise ordering (headliners),prod_served_lin,0.715033747006314,0.7096970155835152,0.7199147433042526,91860.0,False,3745,54,clim,0.018194628647214883,0.01377856731414795,0.02294965237379074,0.0072684139013290405,0.029199422895908354,72384.0,0.9824504255059245,True
D4,45,all,all,dayPeak pairwise ordering (headliners),wt_med,0.7001130031562951,0.6940432325005531,0.7053448170423507,76989.0,False,3478,54,clim,-0.01008823613945331,-0.014216835796833038,-0.005823463201522827,-0.02033911645412445,9.054988622665051e-05,69586.0,0.9444738520840968,False
D4,60,all,all,dayPeak pairwise ordering (headliners),clim,0.7026360620460863,0.6956709370017051,0.7086784064769744,66918.0,False,3039,54,clim,,,,,,,,
D4,60,all,all,dayPeak pairwise ordering (headliners),h5,0.7127284540324619,0.7067835345864296,0.7186003923416138,83113.0,False,3472,54,clim,0.02175429021890729,0.017050246894359588,0.026583944261074067,0.008749832212924958,0.03442452400922775,65964.0,0.9857437460772887,True
D4,60,all,all,dayPeak pairwise ordering (headliners),lvlh5_naive,0.7148426450875014,0.7091918140649796,0.72020725607872,81313.0,False,3398,54,clim,0.021494480524465343,0.016034528613090515,0.027459481358528135,0.00579972416162491,0.0376669943332672,65133.0,0.9733255626288891,True
D4,60,all,all,dayPeak pairwise ordering (headliners),lvlh5_tft,0.7520215633423181,0.6721977412700653,0.848893067240715,371.0,False,35,26,clim,0.09765625,0.03619339615106583,0.16918543726205826,0.0350877046585083,0.13636362552642822,256.0,0.0038255775725514808,True
D4,60,all,all,dayPeak pairwise ordering (headliners),prod_served,0.6503496503496503,0.583890987932682,0.7293079242110252,429.0,False,38,27,clim,0.015625,-0.04956782311201095,0.0882424920797348,-0.035087764263153076,0.05195816308259963,256.0,0.0038255775725514808,False
D4,60,all,all,dayPeak pairwise ordering (headliners),prod_served_lin,0.7062937062937062,0.64767457395792,0.7798619896173477,429.0,False,38,27,clim,0.0625,-0.019084583222866058,0.14838539361953731,-0.019897596538066862,0.13438887596130367,256.0,0.0038255775725514808,False
D4,60,all,all,dayPeak pairwise ordering (headliners),wt_med,0.7006179268208013,0.6936678051948547,0.706514473259449,72015.0,False,3177,54,clim,-0.0002022339068479262,-0.005144126713275909,0.0050203114748001085,-0.013235650956630707,0.012196508049964904,64282.0,0.9606085059326339,False
D4,90,all,all,dayPeak pairwise ordering (headliners),clim,0.7002440687699651,0.6931078478693962,0.7073332443833351,55722.0,False,2612,54,wt_med,-0.013365468886941234,-0.017841188609600066,-0.008895972371101379,-0.025844877958297728,-0.0013034254312515264,54768.0,0.8882113491510031,False
D4,90,all,all,dayPeak pairwise ordering (headliners),h5,0.7295378259746966,0.7228226467967034,0.7356894388794899,69714.0,False,2977,54,wt_med,0.02228312871993643,0.01974591314792633,0.024780824780464172,0.017475071549415588,0.027090539038181302,61661.0,1.0,True
D4,90,all,all,dayPeak pairwise ordering (headliners),lvlh5_naive,0.7251936392442202,0.7187704652547836,0.7312537148594856,68168.0,False,2927,54,wt_med,0.01849255184018217,0.013783338665962219,0.02324622720479965,0.009182347357273102,0.02900653779506683,60619.0,0.9831011498353903,True
D4,90,all,all,dayPeak pairwise ordering (headliners),wt_med,0.7119735327030051,0.7050800710916519,0.7184325084090233,61661.0,False,2787,54,wt_med,,,,,,,,
UC3,0,all,all,dayPeak Spearman across rides,clim,0.7409264475291175,0.7330248966813088,0.7491814032196998,3825.0,False,3825,54,snaive7,-0.0005217350088074779,-0.008656656742095946,0.008036492764949797,-0.011767487227916717,0.01008399873971939,2470.0,0.906754772393539,False
UC3,0,all,all,dayPeak Spearman across rides,h5,0.7508997083382339,0.7439108297228814,0.7578264310956001,4401.0,False,4401,54,snaive7,0.005388325628288615,-0.0019355818629264831,0.012533682584762573,-0.004888339340686798,0.01603298336267471,2689.0,0.987151248164464,False
UC3,0,all,all,dayPeak Spearman across rides,lvlh5_cbd,0.6334815464891278,0.6243889808654786,0.642490066587925,3569.0,False,3569,54,snaive7,-0.12426440749110923,-0.13514729142189025,-0.11393057852983475,-0.15241681933403015,-0.09756881743669511,2228.0,0.8179148311306902,False
UC3,0,all,all,dayPeak Spearman across rides,lvlh5_naive,0.7281680747135267,0.7206898674368858,0.7352201789617538,4264.0,False,4264,54,snaive7,-0.00965308533346787,-0.016759759187698363,-0.003019782900810242,-0.017496088147163393,-0.0013136923313140892,2669.0,0.9798091042584435,False
UC3,0,all,all,dayPeak Spearman across rides,lvlh5_tft,0.7209032616220166,0.7130835682153702,0.7287929832935334,4319.0,False,4319,54,snaive7,-0.022649264459340235,-0.030415764451026915,-0.014155352115631103,-0.036765940487384796,-0.008892978727817536,2639.0,0.9687958883994127,False
UC3,0,all,all,dayPeak Spearman across rides,snaive7,0.774064132000129,0.7649507775902749,0.7829359740018844,2724.0,False,2724,54,snaive7,,,,,,,,
UC3,0,all,all,dayPeak Spearman across rides,wt_med,0.7514122893947284,0.7443465977907181,0.758937631547451,4225.0,False,4225,54,snaive7,0.007257522015944096,-4.8208236694335704e-05,0.01448543220758438,-0.003458309173583984,0.017840485274791717,2671.0,0.9805433186490455,False
UC3,1,all,all,dayPeak Spearman across rides,clim,0.7391225965939445,0.7309775859117508,0.7475701197981834,3817.0,False,3817,54,snaive7,-0.001433300531072268,-0.009779018163681031,0.006956371665000915,-0.01246790736913681,0.009196338057517996,2470.0,0.906754772393539,False
UC3,1,all,all,dayPeak Spearman across rides,h5,0.7482622212540865,0.7409729719161987,0.7553528398275375,4375.0,False,4375,54,snaive7,0.00266384799602859,-0.004532516002655029,0.009694120287895198,-0.00824490785598755,0.013376328349113462,2684.0,0.9853157121879589,False
UC3,1,all,all,dayPeak Spearman across rides,lvlh5_cbd,0.6295148285191599,0.6204595848917961,0.638478684425354,3520.0,False,3520,54,snaive7,-0.12036333361637008,-0.13133737891912461,-0.11025377660989763,-0.14742361307144164,-0.09390333741903306,2201.0,0.8080029368575624,False
UC3,1,all,all,dayPeak Spearman across rides,lvlh5_naive,0.7291179173021511,0.7212315618991851,0.7364533677697181,4248.0,False,4248,54,snaive7,-0.0089460355932649,-0.015737712383270264,-0.0022875234484672547,-0.016847077012062072,-0.0010634854435920718,2663.0,0.9776064610866373,False
UC3,1,all,all,dayPeak Spearman across rides,lvlh5_tft,0.7182925441545441,0.7104246869683266,0.7258178368210793,4293.0,False,4293,54,snaive7,-0.023758875161998483,-0.03139883577823639,-0.015598003566265107,-0.037405095994472504,-0.010601006448268892,2636.0,0.9676945668135095,False
UC3,1,all,all,dayPeak Spearman across rides,snaive7,0.7740515201581202,0.7649198845028877,0.7829995274543762,2724.0,False,2724,54,snaive7,,,,,,,,
UC3,1,all,all,dayPeak Spearman across rides,wt_med,0.7469518194299634,0.7396712228655815,0.7542766436934472,4192.0,False,4192,54,snaive7,0.0034977938810519804,-0.003521633148193359,0.010745075345039361,-0.007727795839309692,0.014467152953147887,2669.0,0.9798091042584435,False
UC3,2,all,all,dayPeak Spearman across rides,clim,0.7388214730249184,0.7307702109217644,0.7469592288136482,3811.0,False,3811,54,snaive7,-0.0022707683753067087,-0.010632707178592682,0.00631294548511505,-0.01438763588666916,0.009114301204681393,2467.0,0.9059860448035255,False
UC3,2,all,all,dayPeak Spearman across rides,h5,0.7484098932843555,0.7407093524932862,0.7556222200393676,4357.0,False,4357,54,snaive7,0.0017183090973634796,-0.0051782593131065365,0.008771896362304686,-0.009334520995616912,0.012838436663150786,2683.0,0.9853103195005508,False
UC3,2,all,all,dayPeak Spearman across rides,lvlh5_cbd,0.625856710047047,0.6166137054562568,0.6348624885082245,3537.0,False,3537,54,snaive7,-0.1186404138632784,-0.12951862066984177,-0.1080551266670227,-0.14529169648885726,-0.09183735400438309,2222.0,0.8160117517443995,False
UC3,2,all,all,dayPeak Spearman across rides,lvlh5_naive,0.7283528152949502,0.7206516563892365,0.7354400873184204,4243.0,False,4243,54,snaive7,-0.009471959284335196,-0.01652817875146866,-0.00283278226852417,-0.017275847494602203,-0.0016251593828201297,2662.0,0.97759823723834,False
UC3,2,all,all,dayPeak Spearman across rides,lvlh5_tft,0.7178269672415897,0.7101677268743515,0.7259777739644051,4278.0,False,4278,54,snaive7,-0.02618267100139937,-0.03364291489124298,-0.01799178123474121,-0.038605257868766785,-0.013133761286735535,2642.0,0.9702533969886155,False
UC3,2,all,all,dayPeak Spearman across rides,snaive7,0.7741834786698815,0.7651152402162552,0.783037930727005,2723.0,False,2723,54,snaive7,,,,,,,,
UC3,2,all,all,dayPeak Spearman across rides,wt_med,0.7461453023172281,0.7388735428452492,0.7535259991884231,4168.0,False,4168,54,snaive7,0.002945718113821605,-0.004231174290180206,0.00984416157007217,-0.007975806295871734,0.01386435031890869,2667.0,0.9794344473007712,False
UC3,3,all,all,dayPeak Spearman across rides,clim,0.7382122191850392,0.729970172047615,0.7465543046593666,3803.0,False,3803,54,snaive7,-0.003241302574524263,-0.011726486682891845,0.005029113590717312,-0.015381562709808349,0.008221799135208126,2459.0,0.9033798677443057,False
UC3,3,all,all,dayPeak Spearman across rides,h5,0.7471866404399374,0.7398551315069198,0.7546350225806236,4339.0,False,4339,54,snaive7,0.0009612325102144048,-0.0058975949883461,0.007914890348911284,-0.01027422696352005,0.012124660611152643,2679.0,0.9842027920646583,False
UC3,3,all,all,dayPeak Spearman across rides,lvlh5_cbd,0.6251527293501807,0.6160154715180397,0.6338927626609803,3593.0,False,3593,54,snaive7,-0.11807068864795689,-0.1288185641169548,-0.10832575410604478,-0.14182423502206803,-0.09416575580835343,2258.0,0.8295371050698016,False
UC3,3,all,all,dayPeak Spearman across rides,lvlh5_naive,0.7273009922045298,0.7196186050772667,0.7345033571124077,4239.0,False,4239,54,snaive7,-0.009336931355694245,-0.01656143069267273,-0.002837088704109194,-0.01744809001684189,-0.0013150244951248178,2659.0,0.9768552534900808,False
UC3,3,all,all,dayPeak Spearman across rides,lvlh5_tft,0.7131208721223578,0.705458228290081,0.7210323467850686,4267.0,False,4267,54,snaive7,-0.028272379639312617,-0.035206401348114015,-0.020232009887695315,-0.04103209972381592,-0.015936543047428132,2644.0,0.9713445995591476,False
UC3,3,all,all,dayPeak Spearman across rides,prod_served,0.7401876689267864,0.7325134262442589,0.7476110056042671,4208.0,False,4208,54,snaive7,0.004158344467247055,-0.002748724818229675,0.01142948567867279,-0.005578596889972687,0.01304884999990463,2639.0,0.9695077149155034,False
UC3,3,all,all,dayPeak Spearman across rides,prod_served_lin,0.7421643024545381,0.7344765722751617,0.7495008304715156,4211.0,False,4211,54,snaive7,0.006032098641361561,-0.0012175738811492918,0.013245743513107297,-0.0037611469626426695,0.014874449372291564,2641.0,0.970242468772961,False
UC3,3,all,all,dayPeak Spearman across rides,snaive7,0.7742107319684376,0.765116474032402,0.7830836147069931,2722.0,False,2722,54,snaive7,,,,,,,,
UC3,3,all,all,dayPeak Spearman across rides,wt_med,0.7455535213290032,0.7382012888789177,0.7531300246715545,4137.0,False,4137,54,snaive7,0.00202434878251212,-0.005475886166095734,0.009166999161243437,-0.009022733569145203,0.013082888722419733,2660.0,0.9772226304188097,False
UC3,4,all,all,dayPeak Spearman across rides,clim,0.7377207266098293,0.729651628434658,0.7460486546158791,3794.0,False,3794,54,snaive7,-0.0040361438045412035,-0.01252034455537796,0.004554073512554168,-0.01653285026550293,0.0076607331633567755,2453.0,0.902834008097166,False
UC3,4,all,all,dayPeak Spearman across rides,h5,0.7459800393707592,0.7386367306113243,0.7531573489308357,4324.0,False,4324,54,snaive7,-0.00019405295353080998,-0.007379873096942902,0.006818006932735442,-0.011369767785072326,0.01129110753536224,2672.0,0.9834376150165623,False
UC3,4,all,all,dayPeak Spearman across rides,lvlh5_cbd,0.6221554706638291,0.612734591960907,0.6310616925358772,3616.0,False,3616,54,snaive7,-0.11893461692702556,-0.12888875603675842,-0.10864346325397492,-0.14266133159399033,-0.0958633229136467,2268.0,0.8347442031652558,False
UC3,4,all,all,dayPeak Spearman across rides,lvlh5_naive,0.7270642831791667,0.7191911488771439,0.7346637770533562,4228.0,False,4228,54,snaive7,-0.008923047170393827,-0.01623287796974182,-0.002121424674987795,-0.016961708664894104,-0.00023842751979827955,2652.0,0.9760765550239234,False
UC3,4,all,all,dayPeak Spearman across rides,lvlh5_tft,0.7129981607776849,0.7051092281937599,0.7211126521229744,4255.0,False,4255,54,snaive7,-0.031855451147484226,-0.03927196115255356,-0.023985075950622558,-0.046730564534664155,-0.018348596990108493,2641.0,0.972027972027972,False
UC3,4,all,all,dayPeak Spearman across rides,prod_served,0.738765960976803,0.7306774571537972,0.7464572623372078,4186.0,False,4186,54,snaive7,0.0007022090362868161,-0.006592722237110138,0.008309902250766754,-0.011039499938488007,0.011106029152870173,2623.0,0.9654030180345969,False
UC3,4,all,all,dayPeak Spearman across rides,prod_served_lin,0.7406558119982752,0.7327280282974243,0.7484925478696823,4189.0,False,4189,54,snaive7,0.0020988505696366566,-0.004947453737258911,0.009539178013801573,-0.009748618304729461,0.01266049742698669,2625.0,0.9661391240338609,False
UC3,4,all,all,dayPeak Spearman across rides,snaive7,0.7740128161497791,0.7649560675024987,0.7828598469495773,2717.0,False,2717,54,snaive7,,,,,,,,
UC3,4,all,all,dayPeak Spearman across rides,wt_med,0.7438505167485714,0.7364911735057831,0.7517806321382523,4120.0,False,4120,54,snaive7,-0.00014024319741123836,-0.007642531394958496,0.007024696469306945,-0.01172139197587967,0.011720131337642669,2650.0,0.9753404490246596,False
UC3,5,all,all,dayPeak Spearman across rides,clim,0.737231785226862,0.7291028082370759,0.7455419450998306,3786.0,False,3786,54,snaive7,-0.004102839742491149,-0.012616512179374694,0.004453687369823454,-0.016301755607128144,0.007722273468971247,2447.0,0.9016212232866617,False
UC3,5,all,all,dayPeak Spearman across rides,h5,0.7444682579196397,0.7368620425462723,0.75154949426651,4309.0,False,4309,54,snaive7,-0.0011245242316157977,-0.008448195457458497,0.006155551970005034,-0.013077668845653534,0.01127960383892059,2666.0,0.9823139277818718,False
UC3,5,all,all,dayPeak Spearman across rides,lvlh5_cbd,0.6151996432372699,0.605954821407795,0.624555291235447,3604.0,False,3604,54,snaive7,-0.12281929267743241,-0.13294922113418578,-0.11278368532657623,-0.14693764001131057,-0.09933568090200424,2260.0,0.8327192336035372,False
UC3,5,all,all,dayPeak Spearman across rides,lvlh5_naive,0.7264991965714386,0.7186558529734611,0.7340007409453392,4222.0,False,4222,54,snaive7,-0.009462135767481117,-0.01657809317111969,-0.002844811975955968,-0.017515128850936888,-0.001148881018161776,2647.0,0.975313190862196,False
UC3,5,all,all,dayPeak Spearman across rides,lvlh5_tft,0.7094769618369939,0.7012742549180985,0.7172559410333633,4243.0,False,4243,54,snaive7,-0.02981281910787359,-0.03775015771389008,-0.02151485085487366,-0.0442219004034996,-0.016483433544635773,2633.0,0.9701547531319086,False
UC3,5,all,all,dayPeak Spearman across rides,prod_served,0.7383118292089734,0.7301336392760277,0.7459939554333687,4168.0,False,4168,54,snaive7,0.00417558129798179,-0.0030193611979484557,0.011841502785682675,-0.006327389180660248,0.014212040603160859,2613.0,0.9627855563743551,False
UC3,5,all,all,dayPeak Spearman across rides,prod_served_lin,0.7399263503361466,0.7317364856600761,0.7476536557078362,4170.0,False,4170,54,snaive7,0.00430981980945655,-0.002949066460132599,0.01187274158000946,-0.006637760996818542,0.015028139948844907,2614.0,0.9631540162122328,False
UC3,5,all,all,dayPeak Spearman across rides,snaive7,0.7740784551388586,0.764991557598114,0.7829287052154541,2714.0,False,2714,54,snaive7,,,,,,,,
UC3,5,all,all,dayPeak Spearman across rides,wt_med,0.7428661089365669,0.7352888613939286,0.7503698900341987,4101.0,False,4101,54,snaive7,-0.0004220509176037224,-0.007896555960178376,0.0068808913230895994,-0.012619708478450774,0.011856178939342498,2641.0,0.97310243183493,False
UC3,6,all,all,dayPeak Spearman across rides,clim,0.7360546066128242,0.7280175223946571,0.7443285286426544,3780.0,False,3780,54,snaive7,-0.005659588668037396,-0.014490596950054169,0.0030345275998115537,-0.01904611736536026,0.007032974064350127,2442.0,0.9007746219107341,False
UC3,6,all,all,dayPeak Spearman across rides,h5,0.7420314697500376,0.7347153663635254,0.7490823775529861,4289.0,False,4289,54,snaive7,-0.002433699548104129,-0.010261367261409759,0.004919768869876861,-0.014907532930374145,0.009832227230072016,2657.0,0.9800811508668388,False
UC3,6,all,all,dayPeak Spearman across rides,lvlh5_cbd,0.5820272392635705,0.5723187506198884,0.592048528790474,3589.0,False,3589,54,snaive7,-0.16732264435702549,-0.1792398914694786,-0.15655502825975418,-0.20524381399154662,-0.13162625432014466,2250.0,0.8299520472150498,False
UC3,6,all,all,dayPeak Spearman across rides,lvlh5_naive,0.7274586921391404,0.7195077106356621,0.7351739585399628,4209.0,False,4209,54,snaive7,-0.008153088371213868,-0.015302057564258575,-0.001478473842144017,-0.016079945862293242,-0.0001491725444793702,2641.0,0.9741792696421985,False
UC3,6,all,all,dayPeak Spearman across rides,lvlh5_tft,0.7086406815251047,0.7005899116396904,0.7163222476840019,4222.0,False,4222,54,snaive7,-0.03396055440276646,-0.041868430376052854,-0.025680679082870483,-0.047991470992565156,-0.02008865475654602,2624.0,0.9679085208410181,False
UC3,6,all,all,dayPeak Spearman across rides,prod_served,0.7355400123744329,0.7277703449130059,0.7433096632361412,4153.0,False,4153,54,snaive7,-0.0007134639950886479,-0.008041569590568542,0.007139638066291809,-0.01081448346376419,0.008704575896263122,2601.0,0.9594245665805976,False
UC3,6,all,all,dayPeak Spearman across rides,prod_served_lin,0.7371434902937027,0.7293513417243958,0.7448238506913185,4158.0,False,4158,54,snaive7,0.0006378453044957322,-0.006358399987220764,0.008335216343402863,-0.009730222821235656,0.010134558379650115,2605.0,0.9609000368867576,False
UC3,6,all,all,dayPeak Spearman across rides,snaive7,0.774126724312806,0.7650820970535278,0.7830080956220626,2711.0,False,2711,54,snaive7,,,,,,,,
UC3,6,all,all,dayPeak Spearman across rides,wt_med,0.7417455662067716,0.7340859830379486,0.7493926435709,4073.0,False,4073,54,snaive7,-0.0020390576997578735,-0.009956513345241546,0.005539754033088682,-0.01469976305961609,0.010317148268222798,2622.0,0.967170785687938,False
UC3,7,all,all,dayPeak Spearman across rides,clim,0.7352685837435963,0.7272919595241547,0.743662491440773,3775.0,False,3775,54,wt_med,-0.005068808148677162,-0.009187890589237213,-0.001517294347286225,-0.013794459402561188,0.0027776136994361873,3694.0,0.9141301658005444,False
UC3,7,all,all,dayPeak Spearman across rides,h5,0.7378644733822843,0.7300110563635827,0.7455149754881859,4259.0,False,4259,54,wt_med,0.00015361297742177982,-0.0016653358936309815,0.002027030289173126,-0.002231024205684662,0.0025078967213630673,4041.0,1.0,False
UC3,7,all,all,dayPeak Spearman across rides,lvlh5_cbd,0.57378579437512,0.5637442335486412,0.5830477833747864,3541.0,False,3541,54,wt_med,-0.1719782165978858,-0.18079224824905396,-0.16301529109477997,-0.20411855727434158,-0.14126330763101577,3380.0,0.8364266270725068,False
UC3,7,all,all,dayPeak Spearman across rides,lvlh5_naive,0.7175539528937795,0.7095616102218628,0.7251132473349571,4146.0,False,4146,54,wt_med,-0.019166911862148472,-0.02357272207736969,-0.014647346735000611,-0.027757929265499116,-0.011807304620742799,3941.0,0.9752536500866122,False
UC3,7,all,all,dayPeak Spearman across rides,lvlh5_tft,0.7019618390202613,0.6933125704526901,0.7099646523594856,4181.0,False,4181,54,wt_med,-0.03119328942645183,-0.03682488352060318,-0.026097850501537324,-0.042086610198020936,-0.020577295124530794,3958.0,0.9794605295718881,False
UC3,7,all,all,dayPeak Spearman across rides,prod_served,0.7282919996718081,0.7203664869070053,0.736392143368721,4133.0,False,4133,54,wt_med,-0.010311229512016795,-0.01562546044588089,-0.005031917989253998,-0.02007569670677185,-0.0006825521588325527,3875.0,0.9589210591437763,False
UC3,7,all,all,dayPeak Spearman across rides,prod_served_lin,0.7295309553491854,0.7214541882276535,0.7376611903309822,4139.0,False,4139,54,wt_med,-0.008949629642541423,-0.014198800921440125,-0.003786420822143555,-0.01911115050315857,0.0006891265511512742,3879.0,0.9599109131403119,False
UC3,7,all,all,dayPeak Spearman across rides,wt_med,0.7387358987966177,0.7309660360217094,0.7468953594565392,4041.0,False,4041,54,wt_med,,,,,,,,
UC3,10,all,all,dayPeak Spearman across rides,clim,0.7347428478765404,0.7267626270651817,0.7432977959513665,3767.0,False,3767,54,wt_med,-0.0011808735849609953,-0.005021253228187561,0.002264192700386047,-0.009555444121360779,0.0060763254761695825,3682.0,0.9297979797979798,False
UC3,10,all,all,dayPeak Spearman across rides,h5,0.7339838537509277,0.7263535633683205,0.7415581285953522,4176.0,False,4176,54,wt_med,-0.0002284336151258115,-0.002209208905696869,0.0016370803117752074,-0.0025011584162712096,0.0020307242870330807,3960.0,1.0,False
UC3,10,all,all,dayPeak Spearman across rides,lvlh5_cbd,0.5718439928061841,0.5620900213718414,0.5813868135213852,3500.0,False,3500,54,wt_med,-0.1702037448974172,-0.17942311465740204,-0.1611570805311203,-0.203218075633049,-0.13945691734552385,3331.0,0.8411616161616161,False
UC3,10,all,all,dayPeak Spearman across rides,lvlh5_naive,0.7153167296236317,0.7073800697922706,0.7229870408773422,4107.0,False,4107,54,wt_med,-0.016266575808049133,-0.02056133896112442,-0.011661547422409059,-0.024522309005260468,-0.008571283519268036,3901.0,0.9851010101010101,False
UC3,10,all,all,dayPeak Spearman across rides,lvlh5_tft,0.7018797570598369,0.6939514145255089,0.7099743559956551,4084.0,False,4084,54,wt_med,-0.027784649791876337,-0.03280918002128601,-0.022724694013595583,-0.03722284436225891,-0.018311771750450137,3861.0,0.975,False
UC3,10,all,all,dayPeak Spearman across rides,prod_served,0.7266143323650814,0.7188142880797386,0.7347087681293487,4081.0,False,4081,54,wt_med,-0.009015505824108039,-0.013932102918624878,-0.004165211319923403,-0.018043877184391023,-0.0008443474769592287,3817.0,0.9638888888888889,False
UC3,10,all,all,dayPeak Spearman across rides,prod_served_lin,0.7295281996084412,0.7215900912880897,0.7373826965689659,4081.0,False,4081,54,wt_med,-0.0061089672560245,-0.011103533208370209,-0.0011829137802124028,-0.014629708230495453,0.0016645148396491984,3817.0,0.9638888888888889,False
UC3,10,all,all,dayPeak Spearman across rides,wt_med,0.7354714996277617,0.7277905002236367,0.7430799260735512,3960.0,False,3960,54,wt_med,,,,,,,,
UC3,14,all,all,dayPeak Spearman across rides,clim,0.7335418106770355,0.7253446921706199,0.7423067256808281,3746.0,False,3746,54,clim,,,,,,,,
UC3,14,all,all,dayPeak Spearman across rides,h5,0.7273288614765672,0.7190813407301903,0.7353238821029663,4107.0,False,4107,54,clim,-0.003841160689899703,-0.007378584146499634,-9.104758501052952e-05,-0.011751757562160492,0.004650475084781646,3727.0,0.9949279231179925,False
UC3,14,all,all,dayPeak Spearman across rides,lvlh5_cbd,0.5657446569743086,0.5555703729391098,0.5756879031658173,3392.0,False,3392,54,clim,-0.1751269535896307,-0.18443238735198975,-0.16605825275182723,-0.21068107038736344,-0.14347678869962693,3090.0,0.8248798718633209,False
UC3,14,all,all,dayPeak Spearman across rides,lvlh5_naive,0.7051055038519105,0.6969617858529091,0.7132490456104279,4027.0,False,4027,54,clim,-0.02645579009183896,-0.031437167525291444,-0.02157055735588074,-0.03604445606470108,-0.016943752765655525,3710.0,0.99038974906567,False
UC3,14,all,all,dayPeak Spearman across rides,lvlh5_tft,0.6935699089355969,0.6851274102926255,0.7016940444707871,4048.0,False,4048,54,clim,-0.029551695823485713,-0.03467220067977905,-0.02377988696098328,-0.03920729756355286,-0.019524286687374118,3662.0,0.9775760811532301,False
UC3,14,all,all,dayPeak Spearman across rides,prod_served,0.7199228828482471,0.711389635503292,0.7274275928735733,4037.0,False,4037,54,clim,-0.010639656868159486,-0.01558903306722641,-0.006104499101638794,-0.02092909812927246,-0.0018320173025131257,3705.0,0.9890549919914575,False
UC3,14,all,all,dayPeak Spearman across rides,prod_served_lin,0.7214842133275098,0.7129960849881172,0.7289372831583023,4040.0,False,4040,54,clim,-0.008946831971239244,-0.013937141001224517,-0.004410097002983095,-0.0190666064620018,-0.00017648339271545557,3709.0,0.9901227976508276,False
UC3,14,all,all,dayPeak Spearman across rides,wt_med,0.7279837241230501,0.7199965655803681,0.7364304140210152,3881.0,False,3881,54,clim,-0.003535807668973656,-0.0069277316331863405,0.0001490533351898193,-0.010993099212646485,0.005328726768493651,3653.0,0.9751735184196476,False
UC3,21,all,all,dayPeak Spearman across rides,clim,0.7284341857404326,0.7196826651692391,0.7373519331216812,3610.0,False,3610,54,clim,,,,,,,,
UC3,21,all,all,dayPeak Spearman across rides,h5,0.719631939966668,0.7109102755784988,0.7273228317499161,4013.0,False,4013,54,clim,-0.009184190499327949,-0.012792135775089263,-0.00526479333639145,-0.017095501720905303,-0.0013832628726959258,3588.0,0.9939058171745152,False
UC3,21,all,all,dayPeak Spearman across rides,lvlh5_cbd,0.5654224200127648,0.5550687670707702,0.5749431788921356,3304.0,False,3304,54,clim,-0.1681132071935787,-0.17730778455734253,-0.15884943008422853,-0.20320786386728287,-0.13753355741500856,2970.0,0.8227146814404432,False
UC3,21,all,all,dayPeak Spearman across rides,lvlh5_naive,0.700786874865247,0.6921293795108795,0.7089677825570107,3932.0,False,3932,54,clim,-0.030618998388414198,-0.0352497860789299,-0.025533105432987212,-0.03907874673604965,-0.022278791666030886,3563.0,0.9869806094182826,False
UC3,21,all,all,dayPeak Spearman across rides,lvlh5_tft,0.6922978125636733,0.6832127466797828,0.7006691321730614,3952.0,False,3952,54,clim,-0.03158785502646466,-0.036707183718681334,-0.026454903185367584,-0.04051279425621033,-0.022646383941173555,3532.0,0.978393351800554,False
UC3,21,all,all,dayPeak Spearman across rides,prod_served,0.7196273283060166,0.7104884356260299,0.7277981966733933,4001.0,False,4001,54,clim,-0.009749782492006198,-0.014803242683410645,-0.004443335533142091,-0.021107561886310577,0.0002389371395111069,3577.0,0.9908587257617728,False
UC3,21,all,all,dayPeak Spearman across rides,prod_served_lin,0.7211603750907053,0.7118980273604393,0.7294434800744056,4001.0,False,4001,54,clim,-0.008980159132972898,-0.014242707192897797,-0.0036551237106323253,-0.021493922173976897,0.0014754131436347927,3577.0,0.9908587257617728,False
UC3,21,all,all,dayPeak Spearman across rides,wt_med,0.7211408432699385,0.7124609857797622,0.729595497250557,3793.0,False,3793,54,clim,-0.007828876639259241,-0.011334620416164398,-0.004293988645076753,-0.014728982746601105,-0.0005562230944633497,3521.0,0.9753462603878116,False
UC3,30,all,all,dayPeak Spearman across rides,clim,0.7208062443936308,0.7116097405552864,0.7294744089245796,3418.0,False,3418,54,clim,,,,,,,,
UC3,30,all,all,dayPeak Spearman across rides,h5,0.7120833469141613,0.7033698484301567,0.720696122944355,3915.0,False,3915,54,clim,-0.0094570042744484,-0.013231757283210754,-0.005126491189002991,-0.01879754364490509,-0.00018683969974517988,3402.0,0.9953188999414863,False
UC3,30,all,all,dayPeak Spearman across rides,lvlh5_cbd,0.5556893841182654,0.5442715167999268,0.5664731368422509,3269.0,False,3269,54,clim,-0.17011316494100848,-0.17942947000265122,-0.16073989123106003,-0.20471734255552293,-0.14060075730085375,2840.0,0.8308952603861908,False
UC3,30,all,all,dayPeak Spearman across rides,lvlh5_naive,0.6931457374784433,0.6844682455062866,0.7016576603055,3860.0,False,3860,54,clim,-0.03160292923992747,-0.03627279847860336,-0.02618030905723572,-0.041031424701213834,-0.021453595161437987,3379.0,0.9885898186073727,False
UC3,30,all,all,dayPeak Spearman across rides,lvlh5_tft,0.6851757393536725,0.6765456199645996,0.693822804093361,3837.0,False,3837,54,clim,-0.03194811949192178,-0.03701636642217636,-0.026143287122249604,-0.04376406669616699,-0.020227314531803132,3328.0,0.9736688121708601,False
UC3,30,all,all,dayPeak Spearman across rides,prod_served,0.7125497640384452,0.7041023045778274,0.7207589283585548,3929.0,False,3929,54,clim,-0.011842521064384104,-0.016676127910614014,-0.006542839109897614,-0.025531552731990814,0.00032309442758559964,3395.0,0.9932709186658865,False
UC3,30,all,all,dayPeak Spearman across rides,prod_served_lin,0.7143220648196543,0.7059577539563179,0.7225392296910286,3929.0,False,3929,54,clim,-0.01025566554568913,-0.01536596119403839,-0.00507824718952179,-0.024777905642986296,0.0021677166223525984,3395.0,0.9932709186658865,False
UC3,30,all,all,dayPeak Spearman across rides,wt_med,0.713489829583081,0.7044576928019524,0.7225514769554138,3677.0,False,3677,54,clim,-0.009783357922348856,-0.013628906011581421,-0.005410975217819216,-0.0178236648440361,-0.0020327225327491784,3334.0,0.9754242246928028,False
UC3,45,all,all,dayPeak Spearman across rides,clim,0.7203370718473671,0.7111261084675788,0.7293685525655746,3228.0,False,3228,54,clim,,,,,,,,
UC3,45,all,all,dayPeak Spearman across rides,h5,0.7020003573809454,0.6919672772288322,0.7117709070444107,3705.0,False,3705,54,clim,-0.013967589992502916,-0.018497399985790253,-0.00922079086303711,-0.023809510469436645,-0.004664324223995213,3203.0,0.9922552664188352,False
UC3,45,all,all,dayPeak Spearman across rides,lvlh5_cbd,0.5457929508647162,0.5279057949781418,0.563369271159172,1077.0,False,1077,53,clim,-0.16764513477824683,-0.1831531673669815,-0.15337673723697662,-0.2096620664000511,-0.1320623740553856,1000.0,0.3097893432465923,False
UC3,45,all,all,dayPeak Spearman across rides,lvlh5_naive,0.6771698459969483,0.6678115218877793,0.686099436879158,3648.0,False,3648,54,clim,-0.038225072435102425,-0.043899616599082945,-0.032388466596603396,-0.049057021737098694,-0.027755321562290193,3189.0,0.9879182156133829,False
UC3,45,all,all,dayPeak Spearman across rides,lvlh5_tft,0.6808994727281189,0.6719240829348564,0.6901375845074653,3673.0,False,3673,54,clim,-0.03194578523691438,-0.03747480064630508,-0.026524837315082553,-0.04559599906206131,-0.01865311264991761,3176.0,0.9838909541511772,False
UC3,45,all,all,dayPeak Spearman across rides,prod_served,0.7124278663982093,0.7039300009608269,0.7208066210150719,3699.0,False,3699,54,clim,-0.00537602182071395,-0.010742051899433136,3.229081630706604e-05,-0.01918564736843109,0.006318968534469603,3199.0,0.9910161090458488,False
UC3,45,all,all,dayPeak Spearman across rides,prod_served_lin,0.7134447864430074,0.7049389898777008,0.7220693543553353,3699.0,False,3699,54,clim,-0.004971716850777574,-0.01021842509508133,0.0008279040455818171,-0.01931420564651489,0.00733480751514434,3199.0,0.9910161090458488,False
UC3,45,all,all,dayPeak Spearman across rides,wt_med,0.7070299466019211,0.6970250740647316,0.7163920477032661,3420.0,False,3420,54,clim,-0.012332132340784563,-0.01683505028486252,-0.007581734657287599,-0.021199220418930055,-0.0030873522162437454,3138.0,0.9721189591078067,False
UC3,60,all,all,dayPeak Spearman across rides,clim,0.7229688821622506,0.7132185533642769,0.7319129407405853,3022.0,False,3022,54,clim,,,,,,,,
UC3,60,all,all,dayPeak Spearman across rides,h5,0.706813781102061,0.697106122970581,0.715891395509243,3450.0,False,3450,54,clim,-0.015163808414253022,-0.020474720001220702,-0.00996004343032837,-0.027468053996562956,-0.0024876147508621238,3008.0,0.9953673064195897,False
UC3,60,all,all,dayPeak Spearman across rides,lvlh5_naive,0.6770632717058503,0.6671698778867722,0.6867606088519096,3396.0,False,3396,54,clim,-0.04352817340798809,-0.04990949779748917,-0.03714505136013031,-0.05824765264987945,-0.029050014913082123,2986.0,0.9880873593646592,False
UC3,60,all,all,dayPeak Spearman across rides,lvlh5_tft,0.5853291214003008,0.5031706526875496,0.6612182959914207,53.0,False,53,37,clim,-0.1842275530472408,-0.2564628556370735,-0.11515928655862809,-0.32005482017993925,0.04234366118907909,45.0,0.014890800794176042,False
UC3,60,all,all,dayPeak Spearman across rides,prod_served,0.8251044684868565,0.7619348853826523,0.8793509647250175,53.0,False,53,37,clim,0.029884288109280677,-0.001685164868831634,0.061605204641819,0.00577734112739563,0.16449935063719748,45.0,0.014890800794176042,True
UC3,60,all,all,dayPeak Spearman across rides,prod_served_lin,0.8336263073524166,0.774534261226654,0.8864007651805877,53.0,False,53,37,clim,0.03179062496583418,-0.0009010642766952514,0.06442304551601408,0.00580441951751709,0.17058050632476807,45.0,0.014890800794176042,True
UC3,60,all,all,dayPeak Spearman across rides,wt_med,0.7147266134232094,0.7047569647431373,0.7236497834324837,3165.0,False,3165,54,clim,-0.010309954766928087,-0.014977429807186127,-0.0054814621806144725,-0.021027369797229765,0.0003152698278427099,2951.0,0.9765056254136334,False
UC3,90,all,all,dayPeak Spearman across rides,clim,0.725010647879173,0.7148615300655365,0.7348822101950645,2610.0,False,2610,54,clim,,,,,,,,
UC3,90,all,all,dayPeak Spearman across rides,h5,0.7245673630738199,0.7145497217774391,0.7337014868855476,2993.0,False,2993,54,clim,0.0022334164147490565,-0.0027311518788337708,0.007137690484523771,-0.00755770206451416,0.011578950285911556,2603.0,0.9973180076628353,False
UC3,90,all,all,dayPeak Spearman across rides,lvlh5_naive,0.6928881497593147,0.682215292751789,0.7032569244503974,2939.0,False,2939,54,clim,-0.030855959220855045,-0.03779974728822708,-0.023732426762580874,-0.04424234628677368,-0.018090775609016424,2591.0,0.9927203065134099,False
UC3,90,all,all,dayPeak Spearman across rides,wt_med,0.7236454703238382,0.7126009643077851,0.7329898744821548,2794.0,False,2794,54,clim,0.0030931383202589258,-0.0018344759941101073,0.00793333500623703,-0.006634034216403961,0.012479214370250702,2570.0,0.9846743295019157,False
D4,1,all,all,optimiser regret (min per park-day),clim,30.40886524822695,29.14165515899658,31.693630409240722,2820.0,True,2820,54,wt_med,0.5081647142350043,-0.368500804901123,1.4020883560180655,-0.9051997184753418,1.9529482364654538,2817.0,0.9260355029585798,False
D4,1,all,all,optimiser regret (min per park-day),h5,28.151981657386177,27.21158585548401,29.088399171829224,3053.0,True,3053,54,wt_med,-1.347304404996713,-2.043613004684448,-0.5980975151062012,-2.674014616012573,-0.1392810344696047,3042.0,1.0,True
D4,1,all,all,optimiser regret (min per park-day),lvlh5_cbd,29.0432224025974,27.91053228378296,30.34138102531433,2464.0,True,2464,54,wt_med,-1.1628664495114016,-2.1606988430023195,-0.15571775436401436,-2.75567455291748,0.4593526840209958,2456.0,0.8073635765943459,False
D4,1,all,all,optimiser regret (min per park-day),lvlh5_naive,28.59161595672752,27.626953649520875,29.665838766098023,2958.0,True,2958,54,wt_med,-1.0956006768189503,-1.8529083251953125,-0.3630344390869143,-2.4363762378692626,0.16999883651733388,2955.0,0.9714003944773175,False
D4,1,all,all,optimiser regret (min per park-day),lvlh5_tft,28.269024472008045,27.29969096183777,29.34591407775879,2983.0,True,2983,54,wt_med,-1.148721399730821,-1.9454840183258055,-0.31856093406677255,-2.503062868118286,0.08514957427978508,2972.0,0.9769888231426693,False
D4,1,all,all,optimiser regret (min per park-day),snaive7,33.72373778501629,32.39615001678467,35.00512542724609,2456.0,True,2456,54,wt_med,3.4830543078807708,2.3377795219421387,4.553144454956055,1.814685010910034,5.148450469970703,2449.0,0.8050624589086127,False
D4,1,all,all,optimiser regret (min per park-day),wt_med,29.491781722550954,28.49122009277344,30.615039443969728,3042.0,True,3042,54,wt_med,,,,,,,,
D4,3,all,all,optimiser regret (min per park-day),clim,30.38526912181303,29.16483645439148,31.689811801910402,2824.0,True,2824,54,wt_med,0.3817795108117714,-0.4458020210266113,1.2811522960662838,-0.9675898551940918,1.8289053440093992,2821.0,0.9291831357048749,False
D4,3,all,all,optimiser regret (min per park-day),h5,28.17781055391675,27.257637691497802,29.13504695892334,3051.0,True,3051,54,wt_med,-1.467061923583664,-2.190175437927246,-0.7854526042938232,-2.688977766036987,-0.31197500228881836,3036.0,1.0,True
D4,3,all,all,optimiser regret (min per park-day),lvlh5_cbd,29.01001964636542,27.917263555526734,30.169381427764893,2545.0,True,2545,54,wt_med,-1.1839715752072664,-2.1759430885314943,-0.19839324951171936,-2.9446452617645265,0.5556999206542963,2533.0,0.8343214756258235,False
D4,3,all,all,optimiser regret (min per park-day),lvlh5_naive,28.483620398514017,27.47254595756531,29.525539779663085,2961.0,True,2961,54,wt_med,-1.3086691500169323,-2.0516243457794188,-0.5612560272216799,-2.616092395782471,-0.17666234970092784,2953.0,0.9726613965744401,True
D4,3,all,all,optimiser regret (min per park-day),lvlh5_tft,27.603350083752094,26.643323373794555,28.6164532661438,2985.0,True,2985,54,wt_med,-1.9624579124579142,-2.751491737365723,-1.1717673301696778,-3.419941520690918,-0.6800695896148684,2970.0,0.9782608695652174,True
D4,3,all,all,optimiser regret (min per park-day),prod_served,34.81200138744364,33.71588869094849,35.92996387481689,2883.0,True,2883,54,wt_med,4.967640918580379,3.97996129989624,5.9948601722717285,3.222113752365112,6.62446961402893,2874.0,0.9466403162055336,False
D4,3,all,all,optimiser regret (min per park-day),prod_served_lin,34.908113730929266,33.835096740722655,36.02026815414429,2884.0,True,2884,54,wt_med,5.064869565217389,4.0762511730194095,6.107784223556519,3.4816102981567383,6.60256414413452,2875.0,0.946969696969697,False
D4,3,all,all,optimiser regret (min per park-day),snaive7,33.28432168968318,32.06883974075318,34.50497064590454,2462.0,True,2462,54,wt_med,2.9087204563977167,1.752460527420044,3.958602714538574,1.2738709449768066,4.519912815093994,2454.0,0.808300395256917,False
D4,3,all,all,optimiser regret (min per park-day),wt_med,29.64739789196311,28.665345907211304,30.718005180358887,3036.0,True,3036,54,wt_med,,,,,,,,
D4,7,all,all,optimiser regret (min per park-day),clim,30.462851048702454,29.269616842269897,31.710846519470216,2813.0,True,2813,54,wt_med,-0.1909252669039141,-1.1086618423461914,0.6686251163482663,-1.7013561725616455,1.4893006801605222,2810.0,0.9394851220327649,False
D4,7,all,all,optimiser regret (min per park-day),h5,29.123543123543122,28.11185727119446,30.22727460861206,3003.0,True,3003,54,wt_med,-1.1594784353059175,-1.877723217010498,-0.44236316680908205,-2.1798983573913575,-0.07320919036865262,2991.0,1.0,True
D4,7,all,all,optimiser regret (min per park-day),lvlh5_cbd,29.47401824672749,28.329421186447142,30.55809392929077,2521.0,True,2521,54,wt_med,-1.4109561752988036,-2.455245113372803,-0.40545907020568894,-2.9913118839263917,0.1395670890808104,2510.0,0.8391842193246406,False
D4,7,all,all,optimiser regret (min per park-day),lvlh5_naive,29.67629858961128,28.641308498382568,30.75914740562439,2907.0,True,2907,54,wt_med,-0.7688598002066804,-1.547041940689087,0.019367361068725338,-1.912645196914673,0.3352703571319579,2903.0,0.9705784018722835,False
D4,7,all,all,optimiser regret (min per park-day),lvlh5_tft,28.801980198019802,27.775208950042725,29.920455741882325,2929.0,True,2929,54,wt_med,-1.2706547823105936,-2.0333165168762206,-0.4603529930114748,-2.671420097351074,-0.05619211196899417,2917.0,0.9752591106653293,True
D4,7,all,all,optimiser regret (min per park-day),prod_served,35.721851981760786,34.64417343139648,36.87701301574707,2851.0,True,2851,54,wt_med,5.317158931082982,4.291058158874511,6.3465968608856205,3.7732332229614256,6.893670225143433,2844.0,0.950852557673019,False
D4,7,all,all,optimiser regret (min per park-day),prod_served_lin,35.376359172220276,34.320886325836184,36.585998153686525,2851.0,True,2851,54,wt_med,4.974331926863574,4.027430438995362,5.956186151504516,3.5562244415283204,6.41558346748352,2844.0,0.950852557673019,False
D4,7,all,all,optimiser regret (min per park-day),wt_med,30.262788365095286,29.219112730026247,31.446973609924317,2991.0,True,2991,54,wt_med,,,,,,,,
D4,14,all,all,optimiser regret (min per park-day),clim,30.620304748405385,29.46296682357788,31.893778371810914,2822.0,True,2822,54,clim,,,,,,,,
D4,14,all,all,optimiser regret (min per park-day),h5,29.94905213270142,28.922406578063963,31.017506217956544,2954.0,True,2954,54,clim,-0.511879432624113,-1.4836196422576904,0.44337759017944317,-2.471246671676636,1.2646049499511711,2820.0,0.9992912827781715,False
D4,14,all,all,optimiser regret (min per park-day),lvlh5_cbd,30.657310177705977,29.517534494400024,32.00521936416626,2476.0,True,2476,54,clim,-0.08665254237288167,-1.2542947292327882,1.001482582092285,-2.1398722648620607,1.838953113555907,2360.0,0.8362863217576187,False
D4,14,all,all,optimiser regret (min per park-day),lvlh5_naive,30.91937172774869,29.850234031677246,32.042013835906985,2865.0,True,2865,54,clim,0.39967982924225964,-0.5499130249023437,1.3798139095306396,-1.5129668235778808,2.2329179286956773,2811.0,0.9961020552799433,False
D4,14,all,all,optimiser regret (min per park-day),lvlh5_tft,30.395710826703564,29.345618534088135,31.557838487625123,2891.0,True,2891,54,clim,-0.24329710144927574,-1.2154595375061035,0.693572187423706,-1.9604193687438964,1.4198269844055171,2760.0,0.9780297661233168,False
D4,14,all,all,optimiser regret (min per park-day),prod_served,36.07780928748671,35.00911598205566,37.179177856445314,2821.0,True,2821,54,clim,5.425474740236474,4.3541491508483885,6.43718900680542,3.6002346992492678,7.361024379730223,2791.0,0.9890148830616584,False
D4,14,all,all,optimiser regret (min per park-day),prod_served_lin,36.15561857497342,35.0078200340271,37.2340292930603,2821.0,True,2821,54,clim,5.519347903977071,4.402541160583496,6.488490152359008,3.7181675910949705,7.330341529846191,2791.0,0.9890148830616584,False
D4,14,all,all,optimiser regret (min per park-day),wt_med,30.85653650254669,29.80662908554077,32.06321249008179,2945.0,True,2945,54,clim,0.5203973040085117,-0.34795331954956055,1.397629404067993,-0.9874382495880127,1.93339467048645,2819.0,0.9989369241672572,False
D4,30,all,all,optimiser regret (min per park-day),clim,30.202485380116958,29.112317276000976,31.48498315811157,2736.0,True,2736,54,clim,,,,,,,,
D4,30,all,all,optimiser regret (min per park-day),h5,30.03614245416079,29.049275064468382,31.078552436828613,2836.0,True,2836,54,clim,0.0570592538405279,-0.8844386100769043,0.8893568038940426,-1.5865347385406494,1.534684753417968,2734.0,0.9992690058479532,False
D4,30,all,all,optimiser regret (min per park-day),lvlh5_cbd,30.923348566680517,29.76963381767273,32.1354302406311,2407.0,True,2407,54,clim,0.3891752577319565,-0.7235863208770752,1.537083053588867,-1.4958273887634277,2.198329639434814,2328.0,0.8508771929824561,False
D4,30,all,all,optimiser regret (min per park-day),lvlh5_naive,31.231554441260744,30.146215629577636,32.40293846130371,2792.0,True,2792,54,clim,1.1092946362968412,0.16724853515625002,1.999685573577881,-0.7254936695098877,2.793344020843506,2722.0,0.9948830409356725,False
D4,30,all,all,optimiser regret (min per park-day),lvlh5_tft,30.569444444444443,29.559248447418213,31.749229431152344,2772.0,True,2772,54,clim,0.39379207180254383,-0.5846301555633545,1.2559155464172362,-1.406986665725708,2.057930278778076,2674.0,0.9773391812865497,False
D4,30,all,all,optimiser regret (min per park-day),prod_served,38.1436036036036,37.03559312820435,39.37375621795654,2775.0,True,2775,54,clim,7.869060773480658,6.76474666595459,8.876836585998534,5.922025537490844,9.63556399345398,2715.0,0.9923245614035088,False
D4,30,all,all,optimiser regret (min per park-day),prod_served_lin,38.217038904899134,37.09640235900879,39.47531633377075,2776.0,True,2776,54,clim,8.054675994108983,6.940954208374023,9.031944704055785,6.212117624282837,9.933136081695556,2716.0,0.9926900584795322,False
D4,30,all,all,optimiser regret (min per park-day),wt_med,31.33133168491699,30.300885725021363,32.53221549987793,2831.0,True,2831,54,clim,1.4462129527991223,0.5831562995910645,2.2835827827453614,0.04948234558105469,2.701694011688232,2733.0,0.9989035087719298,False
D1,0-120,all,all,next-best precision,clim,0.3311665645337698,0.3222307816147804,0.3399756833910942,128917.0,False,5534,54,snaive7,-0.051213611694987116,-0.05930659100413323,-0.043671196699142455,-0.07621050998568535,-0.02914800718426705,103596.0,0.9014219894593788,False
D1,0-120,all,all,next-best precision,h5,0.2953170344412199,0.2871540687978268,0.30339408218860625,146104.0,False,6089,54,snaive7,-0.07543112950939773,-0.08282696753740311,-0.06811694577336311,-0.09392579719424247,-0.05388089194893837,111814.0,0.9877771885047565,False
D1,0-120,all,all,next-best precision,lvlh5_naive,0.3378788138351635,0.32906578928232194,0.3467214062809944,116746.0,False,5839,54,snaive7,-0.0410846396199131,-0.04816571995615959,-0.033942704647779466,-0.05687006264925003,-0.023676743358373643,95079.0,0.9873960025191422,False
D1,0-120,all,all,next-best precision,lvlh5_tft,0.3127519661621836,0.3039978131651878,0.32158202975988387,121048.0,False,5775,54,snaive7,-0.050409949692015954,-0.05859117433428764,-0.0424204595386982,-0.07261741012334824,-0.025122654438018806,90682.0,0.9541499552520799,False
D1,0-120,all,all,next-best precision,snaive7,0.4327123868872021,0.4238930344581604,0.44058277234435084,120676.0,False,4901,54,snaive7,,,,,,,,
D1,0-120,all,all,next-best precision,wt_med,0.3109094035570404,0.30274731367826463,0.3188708916306496,162832.0,False,6181,54,snaive7,-0.06679214909926784,-0.07364522516727448,-0.060274484753608706,-0.0823836050927639,-0.049148319661617285,129049.0,0.9955169213431005,False
D1,0-60,all,all,next-best precision,clim,0.262134278967814,0.25452236607670786,0.2698006987571716,118157.0,False,5446,54,snaive7,-0.046012453000404185,-0.05361398085951805,-0.039095678180456166,-0.06745317541062831,-0.02640737891197205,94132.0,0.8896668505869594,False
D1,0-60,all,all,next-best precision,h5,0.22844191205383307,0.22123219221830367,0.23546180538833142,134787.0,False,6024,54,snaive7,-0.06976353842822541,-0.0763204775750637,-0.06345536410808564,-0.08517702482640743,-0.050750368088483815,101543.0,0.9818109172548944,False
D1,0-60,all,all,next-best precision,lvlh5_naive,0.26315449554827697,0.25523230209946635,0.27092321440577505,108385.0,False,5778,54,snaive7,-0.041244566669484506,-0.047257135063409804,-0.034984761476516725,-0.054571404308080676,-0.025354915857315065,86868.0,0.9837706196845449,False
D1,0-60,all,all,next-best precision,lvlh5_tft,0.24441930212093457,0.23646019101142884,0.252223614603281,111366.0,False,5696,54,snaive7,-0.046376350370561925,-0.05307202786207199,-0.03876031935214996,-0.06576747447252274,-0.024766029417514806,81892.0,0.9478681101238609,False
D1,0-60,all,all,next-best precision,snaive7,0.3505298807054929,0.34230985641479494,0.3580131471157074,105118.0,False,4838,54,snaive7,,,,,,,,
D1,0-60,all,all,next-best precision,wt_med,0.2448091767300503,0.23763010874390603,0.25200438424944877,148724.0,False,6143,54,snaive7,-0.059049613530807565,-0.06519529446959496,-0.05321960672736168,-0.07301259189844131,-0.04270507320761681,116504.0,0.9924941494320668,False
D1,0-120,all,all,next-best precision (top-3),clim,0.404198967657123,0.3953408047556877,0.41327035874128343,51727.0,False,5534,54,snaive7,-0.03267558817218491,-0.03881848454475403,-0.026521416008472444,-0.044846161454916,-0.020015163719654092,40690.0,0.8810435862925768,False
D1,0-120,all,all,next-best precision (top-3),h5,0.3809644114328062,0.37268356382846834,0.38869607970118525,59373.0,False,6089,54,snaive7,-0.05045285856032228,-0.05639485344290733,-0.044641181081533435,-0.06272919699549676,-0.035958555340766904,46360.0,0.9829174862822239,False
D1,0-120,all,all,next-best precision (top-3),lvlh5_naive,0.40571676376868976,0.39714380353689194,0.4140788741409779,53037.0,False,5839,54,snaive7,-0.033895474365987555,-0.039999867975711825,-0.028283024579286577,-0.04460605978965759,-0.02127771005034447,43203.0,0.9789005072988922,False
D1,0-120,all,all,next-best precision (top-3),lvlh5_tft,0.38757303743571786,0.3791400626301765,0.39588942751288414,54253.0,False,5775,54,snaive7,-0.04343620426748823,-0.04982647523283958,-0.03693601340055466,-0.05712015777826309,-0.02760383114218712,42118.0,0.9478206853711564,False
D1,0-120,all,all,next-best precision (top-3),snaive7,0.5010042447458329,0.49300454184412956,0.5086920827627182,48295.0,False,4901,54,snaive7,,,,,,,,
D1,0-120,all,all,next-best precision (top-3),wt_med,0.3951575772009209,0.38693185448646544,0.4034645788371563,62985.0,False,6181,54,snaive7,-0.03933629190892385,-0.04465008601546287,-0.034071090072393416,-0.049991358816623685,-0.027454702556133272,49929.0,0.9924629878869449,False
D1,0-60,all,all,next-best precision (top-3),clim,0.3326524007928482,0.3244868882000446,0.34076456129550936,49442.0,False,5446,54,snaive7,-0.022788714969124768,-0.029402021318674088,-0.017142947763204575,-0.034692966192960736,-0.009746355563402179,38514.0,0.8686817873624811,False
D1,0-60,all,all,next-best precision (top-3),h5,0.3080649957147605,0.30027524679899215,0.3151475876569748,57173.0,False,6024,54,snaive7,-0.04238215034971471,-0.04799172654747963,-0.036655135452747345,-0.054637149721384046,-0.028043663501739504,44106.0,0.9757879311476126,False
D1,0-60,all,all,next-best precision (top-3),lvlh5_naive,0.3279183241559052,0.3199959687888622,0.33561751767992976,51031.0,False,5778,54,snaive7,-0.029775324029149286,-0.035581725835800174,-0.024386166781187057,-0.04105944707989693,-0.017327825725078582,41065.0,0.974388136742416,False
D1,0-60,all,all,next-best precision (top-3),lvlh5_tft,0.3132701512908745,0.3054279267787933,0.3208336152136326,52019.0,False,5696,54,snaive7,-0.03604717136594443,-0.04188845679163933,-0.03031448945403099,-0.049418363720178604,-0.020148119330406198,39844.0,0.9399619430896087,False
D1,0-60,all,all,next-best precision (top-3),snaive7,0.411583298703003,0.40394062772393224,0.4190549522638321,45721.0,False,4838,54,snaive7,,,,,,,,
D1,0-60,all,all,next-best precision (top-3),wt_med,0.3226642028674663,0.3147700078785419,0.33038667887449263,60611.0,False,6143,54,snaive7,-0.030929020917479788,-0.03606421202421188,-0.02593306005001068,-0.041255050152540204,-0.019424258917570117,47606.0,0.9884954397322894,False
D1,0-120,all,all,next-best recall,clim,0.46188549420114244,0.4509782537817955,0.47266428619623185,92432.0,False,5051,54,snaive7,-0.10304872771334606,-0.11526911854743957,-0.09116744026541711,-0.13274889215826988,-0.07313436418771745,92432.0,1.0,False
D1,0-120,all,all,next-best recall,h5,0.466797213086377,0.4563999123871326,0.4769212119281292,92432.0,False,5051,54,snaive7,-0.0981370088281115,-0.10971599519252777,-0.08633294403553009,-0.12924360632896423,-0.06336006596684457,92432.0,1.0,False
D1,0-120,all,all,next-best recall,lvlh5_naive,0.4267569672840575,0.41716590970754625,0.4358097240328789,92432.0,False,5051,54,snaive7,-0.138177254630431,-0.14760267585515977,-0.12864580005407333,-0.16305514052510262,-0.1100698672235012,92432.0,1.0,False
D1,0-120,all,all,next-best recall,lvlh5_tft,0.4095767699498009,0.3997673787176609,0.41941561475396155,92432.0,False,5051,54,snaive7,-0.1553574519646876,-0.16759495362639426,-0.1437935210764408,-0.18970212936401368,-0.11690713912248613,92432.0,1.0,False
D1,0-120,all,all,next-best recall,snaive7,0.5649342219144885,0.5543379589915276,0.5751267731189728,92432.0,False,5051,54,snaive7,,,,,,,,
D1,0-120,all,all,next-best recall,wt_med,0.5477107495239744,0.5373683720827103,0.5577240347862243,92432.0,False,5051,54,snaive7,-0.01722347239051414,-0.028133338689804076,-0.005694983899593356,-0.04578119814395905,0.014290101826190945,92432.0,1.0,False
D1,0-60,all,all,next-best recall,clim,0.43821448783248446,0.4268403246998787,0.44942637234926225,70680.0,False,4922,54,snaive7,-0.08310696095076403,-0.09538177624344826,-0.07152567878365516,-0.11627461314201355,-0.050416072458028795,70680.0,1.0,False
D1,0-60,all,all,next-best recall,h5,0.43563950198075835,0.42547217309474944,0.4456828944385052,70680.0,False,4922,54,snaive7,-0.08568194680249014,-0.09692934229969978,-0.07414528727531433,-0.11454261988401412,-0.052128474414348605,70680.0,1.0,False
D1,0-60,all,all,next-best recall,lvlh5_naive,0.4035370684776457,0.39412711188197136,0.4129779011011124,70680.0,False,4922,54,snaive7,-0.11778438030560279,-0.12709506154060363,-0.1083885334432125,-0.1406918004155159,-0.09015682488679885,70680.0,1.0,False
D1,0-60,all,all,next-best recall,lvlh5_tft,0.3851160158460668,0.3751194879412651,0.3952887624502182,70680.0,False,4922,54,snaive7,-0.13620543293718168,-0.14784095734357833,-0.12459268718957901,-0.1686413660645485,-0.099559136480093,70680.0,1.0,False
D1,0-60,all,all,next-best recall,snaive7,0.5213214487832485,0.5100534319877624,0.5318526729941369,70680.0,False,4922,54,snaive7,,,,,,,,
D1,0-60,all,all,next-best recall,wt_med,0.5151245048104132,0.5042254254221916,0.5254978239536285,70680.0,False,4922,54,snaive7,-0.006196943972835323,-0.017127253115177155,0.004861603677272796,-0.03084612637758255,0.021203520894050597,70680.0,1.0,False
UC4,1,all,all,UC4 Spearman within park-month,lvl_cbd,0.1775556890722065,0.13296850584447384,0.22463185638189315,141.0,False,141,3,lvl_snaive7,-0.15198647214215097,-0.20305470526218414,-0.10303244739770893,-0.20226782225072384,-0.09976232647895814,138.0,0.7540983606557377,False
UC4,1,all,all,UC4 Spearman within park-month,lvl_clim,0.19927186054450616,0.14160790704190732,0.2573060803115368,195.0,False,195,3,lvl_snaive7,-0.13670387020023778,-0.20334767401218415,-0.070949137955904,-0.19683299474418164,-0.07680170685052873,180.0,0.9836065573770492,False
UC4,1,all,all,UC4 Spearman within park-month,lvl_naive4,0.2596446784432001,0.21417503096163273,0.30235875546932217,196.0,False,196,3,lvl_snaive7,-0.05944442114858972,-0.09870047494769096,-0.02382961884140969,-0.0970242377370596,-0.021080115437507648,183.0,1.0,False
UC4,1,all,all,UC4 Spearman within park-month,lvl_snaive7,0.3272526494022961,0.2805452562868595,0.3734357312321663,183.0,False,183,3,lvl_snaive7,,,,,,,,
UC4,1,all,all,UC4 Spearman within park-month,lvl_tft,0.28993024619019536,0.25242151543498037,0.3272816240787506,194.0,False,194,3,lvl_snaive7,-0.04534214419382504,-0.09051893427968025,-0.00027688667178154603,-0.09293285235762597,-0.001125643402338036,182.0,0.994535519125683,False
UC4,1,all,all,UC4 Spearman within park-month,lvl_wt56,0.15642489089193976,0.10492852795869112,0.2068946700543165,196.0,False,196,3,lvl_snaive7,-0.1647124379102068,-0.22097342908382417,-0.1107452180236578,-0.22410623878240585,-0.1122277118265629,183.0,1.0,False
UC4,2,all,all,UC4 Spearman within park-month,lvl_cbd,0.14834989313577082,0.10155989006161689,0.19613573513925073,144.0,False,144,3,lvl_snaive7,-0.18470033923721332,-0.23273359909653663,-0.13854560814797878,-0.23264481462538242,-0.1367912828922272,141.0,0.7704918032786885,False
UC4,2,all,all,UC4 Spearman within park-month,lvl_clim,0.1978461290761839,0.14121781662106514,0.25439953356981276,195.0,False,195,3,lvl_snaive7,-0.13840499309108925,-0.202466506883502,-0.07250793501734737,-0.1994102757424116,-0.07820212878286839,180.0,0.9836065573770492,False
UC4,2,all,all,UC4 Spearman within park-month,lvl_naive4,0.2596741917605117,0.21483879536390305,0.3022991240024567,196.0,False,196,3,lvl_snaive7,-0.05963290485981121,-0.09876719973981381,-0.023821891099214555,-0.097458690777421,-0.021379041671752953,183.0,1.0,False
UC4,2,all,all,UC4 Spearman within park-month,lvl_snaive7,0.3277422962994909,0.28181114569306376,0.37453734651207926,183.0,False,183,3,lvl_snaive7,,,,,,,,
UC4,2,all,all,UC4 Spearman within park-month,lvl_tft,0.29437371274836843,0.2514330521225929,0.33729025050997735,195.0,False,195,3,lvl_snaive7,-0.029518787163796967,-0.08015046343207359,0.018972351402044296,-0.07887633219361305,0.01774674132466316,182.0,0.994535519125683,False
UC4,2,all,all,UC4 Spearman within park-month,lvl_wt56,0.15625971421295118,0.1044898359104991,0.205160129442811,196.0,False,196,3,lvl_snaive7,-0.16605778255076104,-0.2251811895519495,-0.11409254930913448,-0.22469373755156993,-0.11267813555896282,183.0,1.0,False
UC4,3,all,all,UC4 Spearman within park-month,lvl_cbd,0.15577682560797296,0.10989531278610229,0.20438673682510852,152.0,False,152,3,lvl_snaive7,-0.1749417628787417,-0.2253075957298279,-0.1259699195623398,-0.22580138444900513,-0.12348848395049572,149.0,0.8142076502732241,False
UC4,3,all,all,UC4 Spearman within park-month,lvl_clim,0.19872219214865783,0.1409330304712057,0.2538905255496502,195.0,False,195,3,lvl_snaive7,-0.13862911403907197,-0.20319075621664523,-0.07454940751194956,-0.19854049012064934,-0.07816896103322507,180.0,0.9836065573770492,False
UC4,3,all,all,UC4 Spearman within park-month,lvl_naive4,0.259920579129523,0.2156994566321373,0.3027188964188099,196.0,False,196,3,lvl_snaive7,-0.060257902067675506,-0.09958367869257927,-0.02451742812991143,-0.098492843657732,-0.022191560268402116,183.0,1.0,False
UC4,3,all,all,UC4 Spearman within park-month,lvl_snaive7,0.32830635838696576,0.28276671692728994,0.37504231855273246,183.0,False,183,3,lvl_snaive7,,,,,,,,
UC4,3,all,all,UC4 Spearman within park-month,lvl_tft,0.2792474118095902,0.2397643018513918,0.3210311755537987,195.0,False,195,3,lvl_snaive7,-0.03678147808870069,-0.08384188823401928,0.009741780161857604,-0.08274879083037376,0.006784314662218079,182.0,0.994535519125683,False
UC4,3,all,all,UC4 Spearman within park-month,lvl_wt56,0.14981696366159844,0.10002203546464443,0.1999520547688007,196.0,False,196,3,lvl_snaive7,-0.17324573836609042,-0.22932303063571452,-0.12148251421749592,-0.2309807177633047,-0.11895165331661704,183.0,1.0,False
UC4,4,all,all,UC4 Spearman within park-month,lvl_cbd,0.20454019507109572,0.15456971749663354,0.25394547283649443,152.0,False,152,3,lvl_snaive7,-0.12194120926232374,-0.1713183384388685,-0.07512245289981365,-0.17028108164668082,-0.07469335310161114,149.0,0.8142076502732241,False
UC4,4,all,all,UC4 Spearman within park-month,lvl_clim,0.19624271628143775,0.14073674082756044,0.25009691938757894,195.0,False,195,3,lvl_snaive7,-0.14125235088165447,-0.20528935194015502,-0.07744994945824146,-0.2009530670940876,-0.08285138346254828,180.0,0.9836065573770492,False
UC4,4,all,all,UC4 Spearman within park-month,lvl_naive4,0.25960250236226246,0.21572931483387947,0.3020891033113003,196.0,False,196,3,lvl_snaive7,-0.06007400535893359,-0.0991385668516159,-0.02442175745964051,-0.09813527092337608,-0.021740807592868807,183.0,1.0,False
UC4,4,all,all,UC4 Spearman within park-month,lvl_snaive7,0.32886432516094616,0.28296777084469793,0.3751887887716293,183.0,False,183,3,lvl_snaive7,,,,,,,,
UC4,4,all,all,UC4 Spearman within park-month,lvl_tft,0.271276169382058,0.2270546078681946,0.3129964120686054,194.0,False,194,3,lvl_snaive7,-0.040086765759519805,-0.08384483642876148,0.0031012728810310168,-0.08499128073453903,0.0036652468144893636,182.0,0.994535519125683,False
UC4,4,all,all,UC4 Spearman within park-month,lvl_wt56,0.1389759819637149,0.09069099761545658,0.18855556808412074,196.0,False,196,3,lvl_snaive7,-0.18620364163644262,-0.24263448044657707,-0.1349570345133543,-0.2457553084939718,-0.1328930448740721,183.0,1.0,False
UC4,5,all,all,UC4 Spearman within park-month,lvl_cbd,0.2405357371376794,0.1929386105388403,0.2932533577084541,153.0,False,153,3,lvl_snaive7,-0.07844642514151434,-0.11774177476763725,-0.03838957846164705,-0.11754335202276707,-0.040362717956304556,150.0,0.8241758241758241,False
UC4,5,all,all,UC4 Spearman within park-month,lvl_clim,0.1940185384658999,0.13924347832798958,0.24676340743899342,192.0,False,192,3,lvl_snaive7,-0.13071127434498606,-0.1933399349451065,-0.07019447907805446,-0.1920377042144537,-0.07484056018292905,182.0,1.0,False
UC4,5,all,all,UC4 Spearman within park-month,lvl_naive4,0.262433273431274,0.21710141748189926,0.30649203956127163,192.0,False,192,3,lvl_snaive7,-0.06035033600462575,-0.09978055208921432,-0.024589919298887254,-0.09848776161670685,-0.022098965197801607,182.0,1.0,False
UC4,5,all,all,UC4 Spearman within park-month,lvl_snaive7,0.33295419439399254,0.28758513927459717,0.37865538224577905,182.0,False,182,3,lvl_snaive7,,,,,,,,
UC4,5,all,all,UC4 Spearman within park-month,lvl_tft,0.2844266581762671,0.2466716181486845,0.3261147566139698,190.0,False,190,3,lvl_snaive7,-0.03822018368213387,-0.08124280273914337,0.005902373790740945,-0.0826476439833641,0.004621016979217526,181.0,0.9945054945054945,False
UC4,5,all,all,UC4 Spearman within park-month,lvl_wt56,0.1314194709325924,0.08154462575912476,0.1823099512606859,192.0,False,192,3,lvl_snaive7,-0.18674051218712737,-0.2434582907706499,-0.13705299906432628,-0.24539092257618905,-0.13031571842730047,182.0,1.0,False
UC4,6,all,all,UC4 Spearman within park-month,lvl_cbd,0.12245303850592133,0.07214947938919067,0.17101947031915188,152.0,False,152,3,lvl_snaive7,-0.19032179920905395,-0.24143655449151993,-0.13824269808828832,-0.2420926086604595,-0.13855055570602418,149.0,0.8186813186813187,False
UC4,6,all,all,UC4 Spearman within park-month,lvl_clim,0.18905872731589135,0.13557654060423374,0.24307477585971354,190.0,False,190,3,lvl_snaive7,-0.13225414478857558,-0.1946431200951338,-0.06968992389738561,-0.1920380752533674,-0.07661256343126299,182.0,1.0,False
UC4,6,all,all,UC4 Spearman within park-month,lvl_naive4,0.2603082902601422,0.21364861875772476,0.3044154100120068,190.0,False,190,3,lvl_snaive7,-0.06027442992124826,-0.09978984594345093,-0.02433788403868676,-0.09838768877089024,-0.021828343719244015,182.0,1.0,False
UC4,6,all,all,UC4 Spearman within park-month,lvl_snaive7,0.332502005972272,0.28684503883123397,0.378174053132534,182.0,False,182,3,lvl_snaive7,,,,,,,,
UC4,6,all,all,UC4 Spearman within park-month,lvl_tft,0.2791713363638785,0.23610168434679507,0.32196208611130717,190.0,False,190,3,lvl_snaive7,-0.04533893968347008,-0.0865579940378666,-0.0027731508016586312,-0.08648761659860611,-0.00567462146282197,181.0,0.9945054945054945,False
UC4,6,all,all,UC4 Spearman within park-month,lvl_wt56,0.11770457077856808,0.06559021398425102,0.1709541544318199,190.0,False,190,3,lvl_snaive7,-0.2008989784706846,-0.2600403316318989,-0.14929111190140248,-0.26041789799928666,-0.14315138794481755,182.0,1.0,False
UC4,7,all,all,UC4 Spearman within park-month,lvl_cbd,0.060883662159300675,0.013338665221817793,0.10827290285378692,146.0,False,146,3,lvl_naive4,-0.11805366089763625,-0.16807330660521985,-0.06622563377022743,-0.17098346687853336,-0.0652084905654192,146.0,0.7684210526315789,False
UC4,7,all,all,UC4 Spearman within park-month,lvl_clim,0.1923066947871433,0.13857387863099574,0.24474073909223076,190.0,False,190,3,lvl_naive4,-0.003329053636476953,-0.05796741731464863,0.04746933095157146,-0.05440173931419849,0.04311298020184039,190.0,1.0,False
UC4,7,all,all,UC4 Spearman within park-month,lvl_naive4,0.195702410817028,0.14960177317261697,0.2395302053540945,190.0,False,190,3,lvl_naive4,,,,,,,,
UC4,7,all,all,UC4 Spearman within park-month,lvl_tft,0.2191236656774288,0.17523268051445484,0.2618615925312042,189.0,False,189,3,lvl_naive4,0.01910498374683095,-0.027680492773652074,0.06380593888461589,-0.021219949424266814,0.05987040810286998,189.0,0.9947368421052631,False
UC4,7,all,all,UC4 Spearman within park-month,lvl_wt56,0.10792995631399739,0.05358234699815512,0.15954346694052218,190.0,False,190,3,lvl_naive4,-0.08759667298991211,-0.13083631731569767,-0.04668405763804913,-0.13333660364151,-0.04378948509693146,190.0,1.0,False
UC4,10,all,all,UC4 Spearman within park-month,lvl_cbd,0.0915395984765156,0.044896643888205294,0.13901399970054623,151.0,False,151,3,lvl_naive4,-0.08703933903120603,-0.141222457960248,-0.03383740466088057,-0.14574898295104505,-0.03041655030101538,151.0,0.7947368421052632,False
UC4,10,all,all,UC4 Spearman within park-month,lvl_clim,0.1958675387694105,0.1419656913727522,0.24759227819740773,190.0,False,190,3,lvl_naive4,-0.00010404311575296088,-0.054089770838618274,0.05153073891997337,-0.049496836587786676,0.046129643172025676,190.0,1.0,False
UC4,10,all,all,UC4 Spearman within park-month,lvl_naive4,0.19600599106231292,0.14954474270343782,0.2400777157396078,190.0,False,190,3,lvl_naive4,,,,,,,,
UC4,10,all,all,UC4 Spearman within park-month,lvl_tft,0.21801058650605748,0.1730285044759512,0.2633956722915173,187.0,False,187,3,lvl_naive4,0.015968081810404766,-0.03434574268758297,0.06305331774055958,-0.028683263435959814,0.059342709928750986,187.0,0.9842105263157894,False
UC4,10,all,all,UC4 Spearman within park-month,lvl_wt56,0.0983270862189117,0.04007198605686426,0.15532882809638976,190.0,False,190,3,lvl_naive4,-0.0975047204157554,-0.14065744914114475,-0.05828044824302197,-0.1429464615881443,-0.05366930849850178,190.0,1.0,False
UC4,14,all,all,UC4 Spearman within park-month,lvl_cbd,0.029261036393402894,-0.019287069886922838,0.07530370876193045,143.0,False,143,3,lvl_clim,-0.1407951358529427,-0.20692886002361774,-0.07349516190588475,-0.20577046722173692,-0.0805534413084388,143.0,0.7606382978723404,False
UC4,14,all,all,UC4 Spearman within park-month,lvl_clim,0.20388401894087868,0.15066326707601546,0.2559939384460449,188.0,False,188,3,lvl_clim,,,,,,,,
UC4,14,all,all,UC4 Spearman within park-month,lvl_naive4,0.15001606902299824,0.10374819319695235,0.19461414143443106,188.0,False,188,3,lvl_clim,-0.05547966749169539,-0.1008462255820632,-0.0058281399309635185,-0.1000081354752183,-0.007937413081526784,188.0,1.0,False
UC4,14,all,all,UC4 Spearman within park-month,lvl_tft,0.1683301378424855,0.12650497108697892,0.21408642418682575,186.0,False,186,3,lvl_clim,-0.03253953853751729,-0.09153913035988807,0.028865576535463313,-0.08621039986610413,0.02262755967676639,186.0,0.9893617021276596,False
UC4,14,all,all,UC4 Spearman within park-month,lvl_wt56,0.052763701122750514,-0.009109734394587576,0.11570475753396747,188.0,False,188,3,lvl_clim,-0.15112031781812818,-0.19702855534851552,-0.10549047235399486,-0.19645877555012703,-0.10552475024014712,188.0,1.0,False
UC4,21,all,all,UC4 Spearman within park-month,lvl_cbd,0.004010432412269965,-0.045703702326864,0.054452306870371094,145.0,False,145,3,lvl_clim,-0.1478009625595122,-0.21689774543046952,-0.0788797650486231,-0.21466169990599154,-0.08854662068188193,145.0,0.7837837837837838,False
UC4,21,all,all,UC4 Spearman within park-month,lvl_clim,0.1873762673954039,0.1296961147338152,0.2415003813803196,185.0,False,185,3,lvl_clim,,,,,,,,
UC4,21,all,all,UC4 Spearman within park-month,lvl_naive4,0.13921320572401288,0.09150556158274412,0.18780362755060195,185.0,False,185,3,lvl_clim,-0.04761574388128498,-0.09974052142351866,0.0017052605748176428,-0.10110320448875428,0.00033710524439810785,185.0,1.0,False
UC4,21,all,all,UC4 Spearman within park-month,lvl_tft,0.15220175679455863,0.10571885034441948,0.2034674499183893,184.0,False,184,3,lvl_clim,-0.03771325973414272,-0.089909178763628,0.02024218067526817,-0.09438338335603476,0.018620927631855008,184.0,0.9945945945945946,False
UC4,21,all,all,UC4 Spearman within park-month,lvl_wt56,0.037086914122807346,-0.0235070179682225,0.09860629905015231,185.0,False,185,3,lvl_clim,-0.15028935327259654,-0.19737815521657467,-0.10186375807970764,-0.19639074467122555,-0.10757419001311067,185.0,1.0,False
UC4,30,all,all,UC4 Spearman within park-month,lvl_cbd,0.036838702009213214,-0.013649045187048613,0.09090554490685461,146.0,False,146,3,lvl_clim,-0.1170179971601677,-0.19157706573605537,-0.044178980588912974,-0.1857186909765005,-0.05381489796563984,145.0,0.8238636363636364,False
UC4,30,all,all,UC4 Spearman within park-month,lvl_clim,0.21147696721600803,0.15055850222706796,0.26687057986855506,176.0,False,176,3,lvl_clim,,,,,,,,
UC4,30,all,all,UC4 Spearman within park-month,lvl_naive4,0.1652634174729197,0.11497066747397185,0.2159995626658201,177.0,False,177,3,lvl_clim,-0.04710677209668282,-0.1113532368093729,0.015360517054796215,-0.10808269269764423,0.008885252848267538,176.0,1.0,False
UC4,30,all,all,UC4 Spearman within park-month,lvl_tft,0.13037454076246183,0.08286780714988709,0.18302526921033857,175.0,False,175,3,lvl_clim,-0.082631585180445,-0.14194528348743915,-0.018035895749926586,-0.14591962583363055,-0.014848776161670697,175.0,0.9943181818181818,False
UC4,30,all,all,UC4 Spearman within park-month,lvl_wt56,0.09513886476450115,0.03720324207097292,0.15516637377440928,177.0,False,177,3,lvl_clim,-0.11552029638098459,-0.17386310696601867,-0.05500826407223941,-0.1732850432395935,-0.05615111906081439,176.0,1.0,False
UC4,45,all,all,UC4 Spearman within park-month,lvl_cbd,0.09529661726735711,0.011291028442792596,0.1780427362769842,54.0,False,54,3,lvl_clim,-0.09958190967509875,-0.18949143327772616,0.0042466120794415006,-0.21631325669586657,0.016565255075693126,54.0,0.30857142857142855,False
UC4,45,all,all,UC4 Spearman within park-month,lvl_clim,0.20383099612840105,0.14603474028408528,0.2582257717847824,175.0,False,175,3,lvl_clim,,,,,,,,
UC4,45,all,all,UC4 Spearman within park-month,lvl_naive4,0.1867512253021841,0.13490453585982323,0.24032676853239535,175.0,False,175,3,lvl_clim,-0.016100441176869207,-0.0765596691519022,0.046262275055050844,-0.07532321959733963,0.04409915953874588,175.0,1.0,False
UC4,45,all,all,UC4 Spearman within park-month,lvl_tft,0.16606918881241978,0.12093716654926538,0.20746449902653694,175.0,False,175,3,lvl_clim,-0.03889441549694592,-0.09038080535829067,0.01675726324319839,-0.09737969115376473,0.016852729022502892,175.0,1.0,False
UC4,45,all,all,UC4 Spearman within park-month,lvl_wt56,0.13077562745810667,0.07460977099835872,0.1869363151490688,175.0,False,175,3,lvl_clim,-0.07305536867029433,-0.1287472192198038,-0.013262562453746799,-0.13322952054440976,-0.012923102453351046,175.0,1.0,False
UC4,60,all,all,UC4 Spearman within park-month,lvl_clim,0.2547260861302861,0.19965236708521844,0.30846181884407997,167.0,False,167,3,lvl_clim,,,,,,,,
UC4,60,all,all,UC4 Spearman within park-month,lvl_naive4,0.19809806959369092,0.1439826164394617,0.25053256824612613,167.0,False,167,3,lvl_clim,-0.058860057760581064,-0.11842039972543716,0.002223449945449826,-0.11914987601339817,0.003187764808535575,167.0,1.0,False
UC4,60,all,all,UC4 Spearman within park-month,lvl_tft,0.1393908291074418,0.13939082622528076,0.13939082622528076,1.0,False,1,3,lvl_clim,0.010146588264140555,0.01014658808708191,0.01014658808708191,0.01014658808708191,0.01014658808708191,1.0,0.005988023952095809,True
UC4,60,all,all,UC4 Spearman within park-month,lvl_wt56,0.1926345162788822,0.13682138696312904,0.2494783330708742,167.0,False,167,3,lvl_clim,-0.06209156985140388,-0.11695394925773143,-0.0028817262500524634,-0.12102506328374148,-0.0002339489758014765,167.0,1.0,False
UC4,90,all,all,UC4 Spearman within park-month,lvl_clim,0.2429546518873752,0.17547809705138206,0.30716150999069214,146.0,False,146,3,lvl_wt56,-0.036540886598345035,-0.10229369327425956,0.027259946614503826,-0.09380029961466789,0.019666706025600434,146.0,1.0,False
UC4,90,all,all,UC4 Spearman within park-month,lvl_naive4,0.2078455374751792,0.1509487170726061,0.2646549127995968,146.0,False,146,3,lvl_wt56,-0.07108119945031377,-0.12355230897665023,-0.013718490302562733,-0.12843825444579124,-0.01359967812895775,146.0,1.0,False
UC4,90,all,all,UC4 Spearman within park-month,lvl_wt56,0.27949553848572023,0.21727372072637083,0.33904287368059155,146.0,False,146,3,lvl_wt56,,,,,,,,
UC4,120,all,all,UC4 Spearman within park-month,lvl_clim,0.18693619435022255,0.10640814490616321,0.26843912824988364,112.0,False,112,3,lvl_naive4,-0.09000758025790684,-0.17187667191028594,-0.005961893498897553,-0.17153871543705462,-0.013469068706035621,111.0,0.9910714285714286,False
UC4,120,all,all,UC4 Spearman within park-month,lvl_naive4,0.2820478150971076,0.22067379727959632,0.3504499994218349,112.0,False,112,3,lvl_naive4,,,,,,,,
UC4,120,all,all,UC4 Spearman within park-month,lvl_wt56,0.17172036015706887,0.09830661918967962,0.2461579993367195,112.0,False,112,3,lvl_naive4,-0.11020417957428777,-0.18052885942161084,-0.04618421457707882,-0.18039002120494843,-0.03033601120114327,112.0,1.0,False
UC4,180,all,all,UC4 Spearman within park-month,lvl_clim,0.2488100559321619,0.15381534174084663,0.3439486943185329,61.0,False,61,3,lvl_naive4,-0.08353875385278911,-0.16831489838659763,-0.009350683540105823,-0.17130300514400004,-0.012211275845766091,61.0,1.0,False
UC4,180,all,all,UC4 Spearman within park-month,lvl_naive4,0.32832003863361364,0.2608294777572155,0.40165836885571476,61.0,False,61,3,lvl_naive4,,,,,,,,
UC4,180,all,all,UC4 Spearman within park-month,lvl_wt56,0.30605876336204413,0.21005941033363343,0.4013190448284149,61.0,False,61,3,lvl_naive4,-0.021704123139723086,-0.09728934057056904,0.04781570360064506,-0.1047085978090763,0.055665153264999385,61.0,1.0,False
D6,1,all,all,crowd bucket exact,lvl_cbd,0.2319380733944954,0.2163432940840721,0.24645246379077435,3488.0,False,3488,54,lvl_snaive7,-0.20364741641337386,-0.2274984810501337,-0.1805164825171232,-0.24541998319327832,-0.16664978787302973,3290.0,0.7644052044609665,False
D6,1,all,all,crowd bucket exact,lvl_clim,0.24766456658700847,0.23409816920757293,0.26032798290252684,4603.0,False,4603,54,lvl_snaive7,-0.1823884758364312,-0.2023481760174036,-0.16226640194654465,-0.2183020830154419,-0.14825559481978418,4304.0,1.0,False
D6,1,all,all,crowd bucket exact,lvl_naive4,0.3575005443065534,0.34359338209033014,0.3713193766772747,4593.0,False,4593,54,lvl_snaive7,-0.06485355648535562,-0.08150629922747613,-0.046712576597929004,-0.08755089044570923,-0.042573083937168126,4302.0,0.9995353159851301,False
D6,1,all,all,crowd bucket exact,lvl_snaive7,0.4340148698884758,0.41985931172966956,0.44903341233730315,4304.0,False,4304,54,lvl_snaive7,,,,,,,,
D6,1,all,all,crowd bucket exact,lvl_tft,0.41461248056850986,0.4001340255141258,0.42899482548236845,4503.0,False,4503,54,lvl_snaive7,-0.010201660735468576,-0.02942192256450653,0.007374677807092666,-0.030270178616046906,0.01162995472550392,4215.0,0.97932156133829,False
D6,1,all,all,crowd bucket exact,lvl_wt56,0.3058874646969368,0.2919160820543766,0.3192445710301399,4603.0,False,4603,54,lvl_snaive7,-0.11965613382899626,-0.13752069547772408,-0.10008775219321252,-0.14874589145183564,-0.09021988362073899,4304.0,1.0,False
D6,2,all,all,crowd bucket exact,lvl_cbd,0.2375674907644217,0.2237474326044321,0.2526953659951687,3519.0,False,3519,54,lvl_snaive7,-0.2010820559062218,-0.22153709307312966,-0.17580738700926304,-0.243833901360631,-0.163774723559618,3327.0,0.7735410369681469,False
D6,2,all,all,crowd bucket exact,lvl_clim,0.24401913875598086,0.23129486255347728,0.2562562018632889,4598.0,False,4598,54,lvl_snaive7,-0.1869332713322483,-0.20630728937685489,-0.16642279848456384,-0.22346940487623215,-0.15116264969110488,4301.0,1.0,False
D6,2,all,all,crowd bucket exact,lvl_naive4,0.35854402789886664,0.34444611668586733,0.37149117365479467,4588.0,False,4588,54,lvl_snaive7,-0.06443358920679226,-0.08221785053610801,-0.04837082847952843,-0.08743315413594246,-0.04134511873126031,4299.0,0.9995349918623576,False
D6,2,all,all,crowd bucket exact,lvl_snaive7,0.43478260869565216,0.4196448899805546,0.4493436813354492,4301.0,False,4301,54,lvl_snaive7,,,,,,,,
D6,2,all,all,crowd bucket exact,lvl_tft,0.3947602131438721,0.3805964045226574,0.4082274571061134,4504.0,False,4504,54,lvl_snaive7,-0.031309297912713474,-0.04813592359423637,-0.014292003959417343,-0.051645216345787046,-0.011594653874635699,4216.0,0.9802371541501976,False
D6,2,all,all,crowd bucket exact,lvl_wt56,0.3044802087864289,0.2905386693775654,0.317816636711359,4598.0,False,4598,54,lvl_snaive7,-0.12159962799348989,-0.14003340899944305,-0.10314966961741448,-0.15069270953536035,-0.09114061817526818,4301.0,1.0,False
D6,3,all,all,crowd bucket exact,lvl_cbd,0.23331479421579532,0.21919344402849675,0.24684747867286205,3596.0,False,3596,54,lvl_snaive7,-0.2054433713784021,-0.22668595090508462,-0.18362824730575086,-0.2438106581568718,-0.1699766617268324,3417.0,0.7953910614525139,False
D6,3,all,all,crowd bucket exact,lvl_clim,0.24303135888501742,0.23106500878930092,0.25565973222255706,4592.0,False,4592,54,lvl_snaive7,-0.18971135940409686,-0.20803273729979993,-0.16978004649281503,-0.22565912827849388,-0.1531654678285122,4296.0,1.0,False
D6,3,all,all,crowd bucket exact,lvl_naive4,0.3585770405936272,0.3447525933384895,0.3728500172495842,4582.0,False,4582,54,lvl_snaive7,-0.06590591523055428,-0.0824962541460991,-0.04964796900749207,-0.08858318775892257,-0.043026494234800344,4294.0,0.999534450651769,False
D6,3,all,all,crowd bucket exact,lvl_snaive7,0.436219739292365,0.421526787430048,0.45098733752965925,4296.0,False,4296,54,lvl_snaive7,,,,,,,,
D6,3,all,all,crowd bucket exact,lvl_tft,0.3965785381026439,0.38233003243803976,0.4118217140436172,4501.0,False,4501,54,lvl_snaive7,-0.03345195729537365,-0.04975944012403488,-0.015925762057304397,-0.05452669933438301,-0.012511644512414936,4215.0,0.9811452513966481,False
D6,3,all,all,crowd bucket exact,lvl_wt56,0.30270034843205573,0.28977168500423434,0.3164140373468399,4592.0,False,4592,54,lvl_snaive7,-0.125,-0.1436281606554985,-0.10634251460433006,-0.15522423014044762,-0.09444580525159836,4296.0,1.0,False
D6,4,all,all,crowd bucket exact,lvl_cbd,0.2334983498349835,0.21977783143520355,0.24716280363500118,3636.0,False,3636,54,lvl_snaive7,-0.2053286996814364,-0.22516565658152105,-0.18358921557664873,-0.24478857666254045,-0.16747584715485572,3453.0,0.8047075273828944,False
D6,4,all,all,crowd bucket exact,lvl_clim,0.2440567066521265,0.2314633034169674,0.2564220860600471,4585.0,False,4585,54,lvl_snaive7,-0.19063155441621998,-0.21060322523117064,-0.17260836884379388,-0.2273258686065674,-0.15220177546143532,4291.0,1.0,False
D6,4,all,all,crowd bucket exact,lvl_naive4,0.3586885245901639,0.34446389973163605,0.37222293168306353,4575.0,False,4575,54,lvl_snaive7,-0.06738167404989509,-0.08370882272720337,-0.05036567226052285,-0.09002257436513901,-0.0444263257086277,4289.0,0.9995339081799114,False
D6,4,all,all,crowd bucket exact,lvl_snaive7,0.438126310883244,0.42406762987375257,0.4519402854144573,4291.0,False,4291,54,lvl_snaive7,,,,,,,,
D6,4,all,all,crowd bucket exact,lvl_tft,0.3844097995545657,0.37100331783294677,0.3988016963005066,4490.0,False,4490,54,lvl_snaive7,-0.048705155618911866,-0.06444243788719177,-0.032028894126415255,-0.07148992866277695,-0.027689275890588772,4209.0,0.9808902353763691,False
D6,4,all,all,crowd bucket exact,lvl_wt56,0.3018538713195202,0.2890915937721729,0.31456646621227263,4585.0,False,4585,54,lvl_snaive7,-0.12770915870426475,-0.14556458443403245,-0.10952777490019798,-0.15827875658869744,-0.09738964214921,4291.0,1.0,False
D6,5,all,all,crowd bucket exact,lvl_cbd,0.2371900826446281,0.22410845160484313,0.2519898533821106,3630.0,False,3630,54,lvl_snaive7,-0.19982573337205925,-0.22186114713549615,-0.17698087356984615,-0.2392673756927252,-0.16289409659802917,3443.0,0.8059456928838952,False
D6,5,all,all,crowd bucket exact,lvl_clim,0.24123575810692374,0.2283643152564764,0.2536280624568462,4564.0,False,4564,54,lvl_snaive7,-0.19452247191011235,-0.2140019204467535,-0.1753683902323246,-0.2333560086786747,-0.15460075810551643,4272.0,1.0,False
D6,5,all,all,crowd bucket exact,lvl_naive4,0.3620992534036012,0.3479816153645515,0.3776847876608372,4554.0,False,4554,54,lvl_snaive7,-0.06440281030444961,-0.0813142865896225,-0.04736878648400307,-0.08672409877181053,-0.04156497642397881,4270.0,0.9995318352059925,False
D6,5,all,all,crowd bucket exact,lvl_snaive7,0.43890449438202245,0.4243695802986622,0.4542026616632938,4272.0,False,4272,54,lvl_snaive7,,,,,,,,
D6,5,all,all,crowd bucket exact,lvl_tft,0.38526975598835905,0.3708864726126194,0.3986502826213837,4467.0,False,4467,54,lvl_snaive7,-0.04632282712511937,-0.06473818868398666,-0.027386233955621724,-0.06866730228066445,-0.024740792810916904,4188.0,0.9803370786516854,False
D6,5,all,all,crowd bucket exact,lvl_wt56,0.30192813321647677,0.288779553771019,0.31536365747451783,4564.0,False,4564,54,lvl_snaive7,-0.12827715355805241,-0.1465430073440075,-0.10946529656648636,-0.15952767953276634,-0.09684629738330842,4272.0,1.0,False
D6,6,all,all,crowd bucket exact,lvl_cbd,0.21225503726193762,0.19886919297277927,0.22666704282164574,3623.0,False,3623,54,lvl_snaive7,-0.22584400465657745,-0.24644649289548398,-0.20455117970705033,-0.26825169920921327,-0.18725632801651954,3436.0,0.8067621507396102,False
D6,6,all,all,crowd bucket exact,lvl_clim,0.23614775725593667,0.22414758168160914,0.24799236692488194,4548.0,False,4548,54,lvl_snaive7,-0.1998121624794553,-0.21913799941539763,-0.17965510785579683,-0.24006509631872178,-0.15975467562675477,4259.0,1.0,False
D6,6,all,all,crowd bucket exact,lvl_naive4,0.3629352137505509,0.34842812195420264,0.37680083364248274,4538.0,False,4538,54,lvl_snaive7,-0.0641296687808316,-0.0814574383199215,-0.0471510261297226,-0.08645938709378242,-0.04146112874150277,4257.0,0.9995304061986382,False
D6,6,all,all,crowd bucket exact,lvl_snaive7,0.4393050011739845,0.42457230016589165,0.4531258255243301,4259.0,False,4259,54,lvl_snaive7,,,,,,,,
D6,6,all,all,crowd bucket exact,lvl_tft,0.38198966988547045,0.36837725788354875,0.396513619273901,4453.0,False,4453,54,lvl_snaive7,-0.05294681360804987,-0.06985836327075959,-0.035111771523952486,-0.07511024326086044,-0.03280260339379311,4174.0,0.9800422634421225,False
D6,6,all,all,crowd bucket exact,lvl_wt56,0.29771328056288476,0.2832298971712589,0.31120218262076377,4548.0,False,4548,54,lvl_snaive7,-0.13359943648743838,-0.15204561203718187,-0.11565521359443666,-0.16594742462038994,-0.1018468476831913,4259.0,1.0,False
D6,7,all,all,crowd bucket exact,lvl_cbd,0.20641947980077477,0.19294732101261616,0.2201983869075775,3614.0,False,3614,54,lvl_naive4,-0.1260737046273206,-0.14627145156264304,-0.10570836663246155,-0.167131881788373,-0.08505011424422264,3609.0,0.7963371579876434,False
D6,7,all,all,crowd bucket exact,lvl_clim,0.23139586085424924,0.21909594982862474,0.24445035494863987,4542.0,False,4542,54,lvl_naive4,-0.09090909090909091,-0.10773536339402198,-0.0741246022284031,-0.11806972324848175,-0.06321601793169976,4532.0,1.0,False
D6,7,all,all,crowd bucket exact,lvl_naive4,0.32171226831421007,0.3088422425091267,0.33564098477363585,4532.0,False,4532,54,lvl_naive4,,,,,,,,
D6,7,all,all,crowd bucket exact,lvl_tft,0.3545045045045045,0.3405888095498085,0.3687804609537125,4440.0,False,4440,54,lvl_naive4,0.03407808621078762,0.01796015501022339,0.04979566410183907,0.015604109317064286,0.05445424541831016,4431.0,0.9777140335392762,True
D6,7,all,all,crowd bucket exact,lvl_wt56,0.2884191985909291,0.2750980854034424,0.30314464643597605,4542.0,False,4542,54,lvl_naive4,-0.03331862312444839,-0.0463186651468277,-0.019395901262760164,-0.04848347008228302,-0.016776954382658006,4532.0,1.0,False
D6,10,all,all,crowd bucket exact,lvl_cbd,0.20585819874076103,0.19364374466240405,0.22013684920966625,3653.0,False,3653,54,lvl_naive4,-0.12414360098657165,-0.14465819522738457,-0.10164328292012215,-0.16428623348474503,-0.08644960522651672,3649.0,0.8069438301636445,False
D6,10,all,all,crowd bucket exact,lvl_clim,0.23058252427184467,0.21772317513823508,0.24349646754562854,4532.0,False,4532,54,lvl_naive4,-0.0926581158779301,-0.10970750786364078,-0.07498496361076833,-0.11968518234789371,-0.06496810466051102,4522.0,1.0,False
D6,10,all,all,crowd bucket exact,lvl_naive4,0.32264484741264926,0.3087226428091526,0.3362191841006279,4522.0,False,4522,54,lvl_naive4,,,,,,,,
D6,10,all,all,crowd bucket exact,lvl_tft,0.3451627486437613,0.33083696737885476,0.3592126928269863,4424.0,False,4424,54,lvl_naive4,0.023103057757644374,0.00787678211927414,0.03968094885349273,0.005156292021274567,0.04203874990344047,4415.0,0.9763379035824856,True
D6,10,all,all,crowd bucket exact,lvl_wt56,0.28133274492497795,0.2670788116753101,0.2938631847500801,4532.0,False,4532,54,lvl_naive4,-0.041574524546660774,-0.056585530191659926,-0.0275410108268261,-0.05780134275555611,-0.02454933077096941,4522.0,1.0,False
D6,14,all,all,crowd bucket exact,lvl_cbd,0.19704570791527312,0.18470554761588573,0.20933813974261284,3588.0,False,3588,54,lvl_naive4,-0.09882747068676717,-0.11900340020656586,-0.079170623421669,-0.14166938625276088,-0.061091871932148954,3582.0,0.8011630507716394,False
D6,14,all,all,crowd bucket exact,lvl_clim,0.23232998885172798,0.2202610183507204,0.24407040514051914,4485.0,False,4485,54,lvl_naive4,-0.05882352941176472,-0.07404400929808616,-0.04310263879597187,-0.0833692878484726,-0.031292976438999184,4471.0,1.0,False
D6,14,all,all,crowd bucket exact,lvl_naive4,0.2905390292999329,0.2773041643202305,0.30297037661075593,4471.0,False,4471,54,lvl_naive4,,,,,,,,
D6,14,all,all,crowd bucket exact,lvl_tft,0.3264425261244889,0.3126837581396103,0.33978009298443795,4402.0,False,4402,54,lvl_naive4,0.03736614262930055,0.020738175511360167,0.053396877646446225,0.01621793732047081,0.058101402968168236,4389.0,0.9816595839856855,True
D6,14,all,all,crowd bucket exact,lvl_wt56,0.2693422519509476,0.25583904832601545,0.28266549333930013,4485.0,False,4485,54,lvl_naive4,-0.02169537016327444,-0.03371240869164467,-0.008235852420330049,-0.03605929613113403,-0.005945565551519401,4471.0,1.0,False
D6,21,all,all,crowd bucket exact,lvl_cbd,0.19312094727939103,0.17981308624148368,0.2059026136994362,3547.0,False,3547,54,lvl_naive4,-0.08811070319118894,-0.10797621533274651,-0.06804462224245071,-0.12713130936026573,-0.052783078700304034,3541.0,0.8044070876874148,False
D6,21,all,all,crowd bucket exact,lvl_clim,0.23143115942028986,0.2183602314442396,0.2439146313816309,4416.0,False,4416,54,lvl_naive4,-0.03930031803725581,-0.05429485663771629,-0.024373148009181025,-0.06727024689316749,-0.010774800926446917,4402.0,1.0,False
D6,21,all,all,crowd bucket exact,lvl_naive4,0.2701044979554748,0.25662498399615286,0.2826807238161564,4402.0,False,4402,54,lvl_naive4,,,,,,,,
D6,21,all,all,crowd bucket exact,lvl_tft,0.2998849252013809,0.28701385781168937,0.3128937803208828,4345.0,False,4345,54,lvl_naive4,0.03047794966520434,0.01457578018307686,0.04597172066569328,0.008562853932380677,0.05298502594232559,4331.0,0.9838709677419355,True
D6,21,all,all,crowd bucket exact,lvl_wt56,0.25339673913043476,0.24005835503339767,0.26596935018897055,4416.0,False,4416,54,lvl_naive4,-0.01703771013175831,-0.02929479107260704,-0.0048561938107013715,-0.034047653526067735,0.0004131790250539704,4402.0,1.0,False
D6,30,all,all,crowd bucket exact,lvl_cbd,0.18515358361774745,0.17328902669250965,0.19864209480583667,3516.0,False,3516,54,lvl_naive4,-0.07799601480216337,-0.09753994345664978,-0.057430666312575346,-0.11532572954893112,-0.04174199290573597,3513.0,0.8258110014104373,False
D6,30,all,all,crowd bucket exact,lvl_clim,0.2256626788646493,0.2129936497658491,0.2374056540429592,4263.0,False,4263,54,lvl_naive4,-0.029619181946403367,-0.046111276373267174,-0.014333527907729151,-0.06104531958699226,0.0013789311051368629,4254.0,1.0,False
D6,30,all,all,crowd bucket exact,lvl_naive4,0.2552891396332863,0.2426470085978508,0.2689124383032322,4254.0,False,4254,54,lvl_naive4,,,,,,,,
D6,30,all,all,crowd bucket exact,lvl_tft,0.26955273857928724,0.25629991218447684,0.2829505391418934,4181.0,False,4181,54,lvl_naive4,0.013422818791946345,-0.002647809684276581,0.029629083722829817,-0.010767071694135665,0.035101660341024396,4172.0,0.9807240244475788,False
D6,30,all,all,crowd bucket exact,lvl_wt56,0.2437250762373915,0.23101567961275576,0.25602409839630125,4263.0,False,4263,54,lvl_naive4,-0.011753643629525135,-0.02458207421004772,0.002079898118972777,-0.029877641052007676,0.007464053854346269,4254.0,1.0,False
D6,45,all,all,crowd bucket exact,lvl_cbd,0.24194815396700706,0.22037781104445459,0.26567456498742104,1273.0,False,1273,54,lvl_naive4,-0.0432050274941084,-0.07622987404465675,-0.009983117878437043,-0.11217489913105964,0.017430972680449484,1273.0,0.31572420634920634,False
D6,45,all,all,crowd bucket exact,lvl_clim,0.22615803814713897,0.21293272562325,0.2397061340510845,4037.0,False,4037,54,lvl_naive4,-0.024801587301587297,-0.040364916995167734,-0.008896159008145338,-0.057824091613292695,0.003191724419593808,4032.0,1.0,False
D6,45,all,all,crowd bucket exact,lvl_naive4,0.25124007936507936,0.23820132240653039,0.2644652031362057,4032.0,False,4032,54,lvl_naive4,,,,,,,,
D6,45,all,all,crowd bucket exact,lvl_tft,0.2565510356875468,0.24264858178794385,0.2689913295209408,4007.0,False,4007,54,lvl_naive4,0.005246065450911774,-0.011190709471702575,0.020609801262617102,-0.02308572381734848,0.0275716133415699,4003.0,0.9928075396825397,False
D6,45,all,all,crowd bucket exact,lvl_wt56,0.23606638593014614,0.22283431962132455,0.24987290427088737,4037.0,False,4037,54,lvl_naive4,-0.015128968253968256,-0.029664577543735506,-0.0009657099843025261,-0.032706175744533536,0.002825609967112535,4032.0,1.0,False
D6,60,all,all,crowd bucket exact,lvl_clim,0.21842306710895637,0.20523677133023738,0.232371848449111,3919.0,False,3919,54,lvl_naive4,-0.03792926704254229,-0.054719822481274605,-0.022011223807930948,-0.06770553588867187,-0.00983853563666344,3902.0,1.0,False
D6,60,all,all,crowd bucket exact,lvl_naive4,0.256791389031266,0.24349360540509224,0.27066692933440206,3902.0,False,3902,54,lvl_naive4,,,,,,,,
D6,60,all,all,crowd bucket exact,lvl_tft,0.20634920634920634,0.10445188079029322,0.3115316487848758,63.0,False,63,54,lvl_naive4,0.047619047619047616,-0.07145446166396141,0.18333332277834416,-0.06678571756929158,0.13961794674396508,63.0,0.016145566376217325,False
D6,60,all,all,crowd bucket exact,lvl_wt56,0.239601939270222,0.22622127793729305,0.25286165326833726,3919.0,False,3919,54,lvl_naive4,-0.016145566376217335,-0.030972772836685182,-0.0018087688833475113,-0.036613354459404945,0.003236863762140269,3902.0,1.0,False
D6,90,all,all,crowd bucket exact,lvl_clim,0.21507760532150777,0.20132575556635857,0.22878906428813933,3608.0,False,3608,54,lvl_naive4,-0.06405594405594403,-0.08223062120378018,-0.04722998067736626,-0.09705067500472069,-0.03140078000724316,3575.0,1.0,False
D6,90,all,all,crowd bucket exact,lvl_naive4,0.28027972027972026,0.2667368806898594,0.29517466723918917,3575.0,False,3575,54,lvl_naive4,,,,,,,,
D6,90,all,all,crowd bucket exact,lvl_wt56,0.26331853496115426,0.24916834942996502,0.27723211273550985,3604.0,False,3604,54,lvl_naive4,-0.015664335664335616,-0.0332050047814846,-0.000555209815502167,-0.03412315845489502,0.004803390428423881,3575.0,1.0,False
D6,120,all,all,crowd bucket exact,lvl_clim,0.20321931589537223,0.18877026438713074,0.21719946041703223,2982.0,False,2982,54,lvl_naive4,-0.08449270444519855,-0.10537461712956428,-0.06351121254265309,-0.12123515903949737,-0.04861486069858078,2947.0,1.0,False
D6,120,all,all,crowd bucket exact,lvl_naive4,0.28876823888700376,0.27251413017511367,0.30599105060100557,2947.0,False,2947,54,lvl_naive4,,,,,,,,
D6,120,all,all,crowd bucket exact,lvl_wt56,0.238544474393531,0.2231772281229496,0.2525228813290596,2968.0,False,2968,54,lvl_naive4,-0.049541907024092335,-0.06724822670221328,-0.03176397196948529,-0.07791738323867321,-0.022462186217308052,2947.0,1.0,False
D6,180,all,all,crowd bucket exact,lvl_clim,0.21034678794769757,0.19026710018515586,0.23025757707655428,1759.0,False,1759,51,lvl_naive4,-0.049246813441483184,-0.07324287332594395,-0.025173750519752503,-0.10767592303454876,0.007908206060528748,1726.0,1.0,False
D6,180,all,all,crowd bucket exact,lvl_naive4,0.26187717265353416,0.2427982311695814,0.28269196823239323,1726.0,False,1726,51,lvl_naive4,,,,,,,,
D6,180,all,all,crowd bucket exact,lvl_wt56,0.2382035247299602,0.21832345016300678,0.2582818657159805,1759.0,False,1759,51,lvl_naive4,-0.022595596755504044,-0.04428880959749222,0.0011501070111989968,-0.062126164510846134,0.016141100600361804,1726.0,1.0,False
D7,d1-7,all,all,day comparison winner accuracy,lvl_cbd,0.22486284026165856,0.21661983840167523,0.23297482654452323,37912.0,False,4359,58,lvl_snaive7,-0.28149397779434265,-0.2925286844372749,-0.27088717818260194,-0.3071186885237694,-0.25540522411465644,25489.0,0.7916576078516632,False
D7,d1-7,all,all,day comparison winner accuracy,lvl_clim,0.26897234016241395,0.26026464328169824,0.27756783887743947,48518.0,False,5502,58,lvl_snaive7,-0.25555175948069697,-0.26685691252350807,-0.2442547708749771,-0.3036235928535461,-0.208718079328537,32197.0,1.0,False
D7,d1-7,all,all,day comparison winner accuracy,lvl_naive4,0.4315907022913392,0.4228763170540333,0.440566162019968,48356.0,False,5497,58,lvl_snaive7,-0.07934089849214987,-0.08844776526093483,-0.06959587261080742,-0.10190713703632355,-0.05684338063001633,32165.0,0.9990061185824767,False
D7,d1-7,all,all,day comparison winner accuracy,lvl_snaive7,0.5187439823586049,0.508623406291008,0.5283668264746666,32197.0,False,4810,58,lvl_snaive7,,,,,,,,
D7,d1-7,all,all,day comparison winner accuracy,lvl_tft,0.44962330276384543,0.4405353404581547,0.458098866045475,47651.0,False,5375,58,lvl_snaive7,-0.06738238080202086,-0.07824147269129753,-0.057788914442062383,-0.09099160581827163,-0.043066067993640905,31670.0,0.983632015405162,False
D7,d1-7,all,all,day comparison winner accuracy,lvl_wt56,0.2559462467537821,0.24747499600052833,0.2648210793733597,48518.0,False,5502,58,lvl_snaive7,-0.2649004565642762,-0.27649540454149246,-0.25432555079460145,-0.3027064472436905,-0.2232925422489643,32197.0,1.0,False
D7,d8-30,all,all,day comparison winner accuracy,lvl_cbd,0.15382646210287765,0.1488837044686079,0.15901031121611595,636737.0,False,6572,75,lvl_naive4,-0.1570443408591572,-0.16353097036480904,-0.15015753656625747,-0.1846937954425812,-0.1290526032447815,636298.0,0.7815872547935783,False
D7,d8-30,all,all,day comparison winner accuracy,lvl_clim,0.2664986147346204,0.2590213805437088,0.27397100254893303,816811.0,False,7634,75,lvl_naive4,-0.06688039699794868,-0.0740224689245224,-0.05994105264544487,-0.10164007619023323,-0.03208171427249908,814110.0,1.0,False
D7,d8-30,all,all,day comparison winner accuracy,lvl_naive4,0.3331355713601356,0.3274655625224113,0.33901274800300596,814110.0,False,7629,75,lvl_naive4,,,,,,,,
D7,d8-30,all,all,day comparison winner accuracy,lvl_tft,0.404561483901817,0.39917233735322954,0.4109413042664528,803072.0,False,7474,75,lvl_naive4,0.07119860776051085,0.06385802626609802,0.0781294472515583,0.04357667341828346,0.09869715720415115,800437.0,0.9832049723010404,True
D7,d8-30,all,all,day comparison winner accuracy,lvl_wt56,0.21042566762690512,0.2039855092763901,0.21710899695754052,816811.0,False,7634,75,lvl_naive4,-0.12310744248320252,-0.12833238132297992,-0.11766186133027078,-0.14542081095278264,-0.09960238710045816,814110.0,1.0,False
D7,d31-90,all,all,day comparison winner accuracy,lvl_cbd,0.13418202674629767,0.1291504018008709,0.13938441835343837,650333.0,False,5348,112,lvl_naive4,-0.15384118190212373,-0.16085100546479225,-0.14700454026460646,-0.18347205333411692,-0.1271114300936461,649800.0,0.17967697961282902,False
D7,d31-90,all,all,day comparison winner accuracy,lvl_clim,0.2865930811572839,0.28136526942253115,0.2926516130566597,3634683.0,False,9831,112,lvl_naive4,-0.04472679310602268,-0.05009735301136971,-0.0387627586722374,-0.07918038964271545,-0.011576438695192372,3616490.0,1.0,False
D7,d31-90,all,all,day comparison winner accuracy,lvl_naive4,0.3321911577247552,0.3274181134998798,0.33680072203278544,3616490.0,False,9818,112,lvl_naive4,,,,,,,,
D7,d31-90,all,all,day comparison winner accuracy,lvl_tft,0.36943119767656496,0.3638102479279041,0.37538744881749153,1711948.0,False,7136,112,lvl_naive4,0.05798067603444318,0.05039291009306908,0.06484018564224243,0.02698323205113411,0.08717666119337081,1708552.0,0.472433768654137,True
D7,d31-90,all,all,day comparison winner accuracy,lvl_wt56,0.23893809205439953,0.23393323682248593,0.2442999344319105,3634590.0,False,9826,112,lvl_naive4,-0.09315302959499402,-0.0971986148506403,-0.08934154994785785,-0.11017510741949081,-0.0751289188861847,3616490.0,1.0,False
