uc,lead,segment,region,metric,model,value,lo,hi,n,lower,n_park_days,n_origin_days,ref,diff_vs_ref,diff_lo,diff_hi,diff_lo_park,diff_hi_park,n_paired,paired_share,wins
UC2,0,all,all,MAE,clim,8.237795185788466,8.061521339416505,8.418463516235352,2797052.0,True,5004,54,wt_med,0.34699601593053586,0.27658953666687014,0.41692950725555417,0.1684049129486084,0.5229383349418639,2786849.0,0.9427292255129137,False
UC2,0,all,all,MAE,h5,7.875229730397039,7.713174211978912,8.035677528381347,2976859.0,True,5414,54,wt_med,-0.13116961673122063,-0.1433170795440674,-0.11986384391784669,-0.16082096099853516,-0.10173617601394654,2956150.0,1.0,True
UC2,0,all,all,MAE,lvlh5_cbd,10.168783423337773,9.923654556274414,10.415186214447022,2518614.0,True,4199,54,wt_med,2.1534636050177856,2.0029423236846924,2.3099871039390565,1.688375759124756,2.637420034408569,2504524.0,0.8472249378414491,False
UC2,0,all,all,MAE,lvlh5_naive,8.12262151072639,7.958869051933289,8.302327942848205,2891931.0,True,5345,54,wt_med,0.11764122192198112,0.0572622537612915,0.17907174825668334,0.004416155815124512,0.21973145008087158,2876622.0,0.9730974409282344,False
UC2,0,all,all,MAE,lvlh5_tft,7.736999488842572,7.578589415550232,7.895098173618317,2908609.0,True,5287,54,wt_med,-0.30781447834409636,-0.4065534472465515,-0.2117783546447754,-0.5406120538711547,-0.07615231275558476,2889074.0,0.977309676437258,True
UC2,0,all,all,MAE,oracle_level,5.317540578721059,5.223718512058258,5.4147456884384155,2960109.0,True,5349,54,wt_med,-2.7036611352373594,-2.8147112488746644,-2.5918294906616213,-3.0884119510650634,-2.3318974018096923,2940965.0,0.9948632511882008,True
UC2,0,all,all,MAE,oracle_shape,6.95922217543391,6.788785076141357,7.137610375881195,2889026.0,True,5223,54,wt_med,-1.0534038951830045,-1.1479068994522095,-0.9578521013259887,-1.3075299859046936,-0.7981753110885621,2862252.0,0.9682363885459128,True
UC2,0,all,all,MAE,snaive7,8.44319103180485,8.2506493806839,8.653764009475708,2525904.0,True,4972,54,wt_med,0.5691557046355573,0.4119211196899414,0.7130027770996092,0.23415873050689698,0.8886261105537414,2515577.0,0.8509639226696886,False
UC2,0,all,all,MAE,wt_med,8.002977014021615,7.839554154872895,8.172811937332153,2956150.0,True,5411,54,wt_med,,,,,,,,
UC2,0,busy,all,MAE,clim,16.03137737577284,15.734026002883912,16.370462894439697,873400.0,True,4462,54,wt_med,0.649407215814314,0.4843947172164917,0.8228662490844726,0.22365069389343262,1.0803802728652954,871059.0,0.9079981820418256,False
UC2,0,busy,all,MAE,h5,14.90408487835779,14.647896122932433,15.1983402967453,966112.0,True,4808,54,wt_med,-0.30095709921006275,-0.3315157890319824,-0.27462139129638674,-0.36740272045135497,-0.23292059898376466,959318.0,1.0,True
UC2,0,busy,all,MAE,lvlh5_cbd,18.123958320373735,17.671418476104737,18.59006576538086,820748.0,True,3800,54,wt_med,3.181858056827741,2.797728085517883,3.55785698890686,1.9738580465316773,4.440705370903015,816144.0,0.8507543900979654,False
UC2,0,busy,all,MAE,lvlh5_naive,15.105732353033993,14.800684809684753,15.402076649665833,935463.0,True,4736,54,wt_med,-0.18579782695076474,-0.3270380973815918,-0.04723813533782962,-0.4357729434967041,0.056188488006591764,930112.0,0.9695554550211712,False
UC2,0,busy,all,MAE,lvlh5_tft,13.898622944998635,13.629180932044983,14.180391550064087,945988.0,True,4696,54,wt_med,-1.3605972928039858,-1.5904354572296142,-1.1384348392486574,-1.8823851585388183,-0.8473484516143799,939420.0,0.9792581813329887,True
UC2,0,busy,all,MAE,oracle_level,9.148761075546393,9.014788484573364,9.286000752449036,962542.0,True,4725,54,wt_med,-6.079379122945122,-6.336436676979065,-5.8566941022872925,-6.717062282562256,-5.376997065544129,956029.0,0.9965715226859081,True
UC2,0,busy,all,MAE,oracle_shape,12.319149326187839,11.996889138221741,12.646071982383727,935434.0,True,4631,54,wt_med,-2.9656298155946494,-3.1529672384262084,-2.7750638484954835,-3.3055922269821165,-2.5935891389846804,926964.0,0.9662739571237067,True
UC2,0,busy,all,MAE,snaive7,15.943858947297803,15.555401611328126,16.320309162139893,804919.0,True,4388,54,wt_med,0.8406390787694491,0.4800301551818848,1.2001222372055054,0.05069758892059326,1.6120200395584106,802405.0,0.8364327574380966,False
UC2,0,busy,all,MAE,wt_med,15.213086275875153,14.962866616249084,15.4987961769104,959318.0,True,4806,54,wt_med,,,,,,,,
UC3,1,all,all,MAE,clim,8.284720455603393,8.109121513366699,8.464374351501466,2794887.0,True,5001,54,wt_med,0.2931502700574322,0.21845370531082153,0.364191460609436,0.10780851840972902,0.4818609952926636,2783482.0,0.9450303508297206,False
UC3,1,all,all,MAE,h5,7.979548225690509,7.817153775691986,8.147102117538452,2967267.0,True,5411,54,wt_med,-0.1356543015201046,-0.14855601787567138,-0.12389065027236938,-0.16603617668151854,-0.10540045499801637,2945389.0,1.0,True
UC3,1,all,all,MAE,lvlh5_cbd,10.208151747067596,9.9730295419693,10.470968103408813,2480253.0,True,4162,54,wt_med,2.1163202943092507,1.9526363134384155,2.2703181505203247,1.6464721441268921,2.631477880477905,2466181.0,0.8373023054000677,False
UC3,1,all,all,MAE,lvlh5_naive,8.15172989053441,7.9876761674880985,8.329992723464965,2889442.0,True,5339,54,wt_med,0.037808753928555205,-0.025124287605285643,0.10027260780334471,-0.07978750467300415,0.14300622940063473,2872937.0,0.9754015513740291,False
UC3,1,all,all,MAE,lvlh5_tft,7.856737871382176,7.695970129966736,8.0209712266922,2902628.0,True,5283,54,wt_med,-0.2847266609860428,-0.38352553844451903,-0.18794262409210205,-0.5163216829299927,-0.05153362751007089,2882077.0,0.978504706848569,True
UC3,1,all,all,MAE,oracle_level,5.337994589902209,5.242543649673462,5.438685250282288,2950408.0,True,5344,54,wt_med,-2.7914913693131753,-2.9079851627349855,-2.677015471458435,-3.1850571632385254,-2.408758544921875,2930188.0,0.9948390518196408,True
UC3,1,all,all,MAE,oracle_shape,6.958126509347726,6.786658799648285,7.136986196041107,2888546.0,True,5223,54,wt_med,-1.1636553521610953,-1.2594787716865539,-1.0657932043075562,-1.4232898235321045,-0.9002745509147644,2858965.0,0.9706578655654652,True
UC3,1,all,all,MAE,snaive7,8.44295663100586,8.250432515144348,8.653621530532837,2525929.0,True,4972,54,wt_med,0.46130158233653873,0.3025499939918518,0.6091176390647888,0.12309261560440064,0.7764394879341124,2512803.0,0.8531311144300464,False
UC3,1,all,all,MAE,wt_med,8.111237089566098,7.947451949119568,8.278419613838196,2945389.0,True,5407,54,wt_med,,,,,,,,
UC3,1,busy,all,MAE,clim,16.0982944483784,15.811113357543945,16.437143325805664,871331.0,True,4450,54,wt_med,0.538035808429278,0.36392405033111574,0.7159028053283691,0.08526964187622071,0.9850742578506468,868734.0,0.9118221559808763,False
UC3,1,busy,all,MAE,h5,15.095798574537756,14.833935236930847,15.391797041893005,959829.0,True,4790,54,wt_med,-0.3128491227978092,-0.34337286949157714,-0.2860240459442139,-0.3812181234359741,-0.24339036941528322,952745.0,1.0,True
UC3,1,busy,all,MAE,lvlh5_cbd,18.19117444961456,17.731551313400267,18.67312345504761,806689.0,True,3758,54,wt_med,3.091652732438483,2.6836878299713134,3.494971179962158,1.873985552787781,4.366314220428467,802104.0,0.8418873885457284,False
UC3,1,busy,all,MAE,lvlh5_naive,15.124195525638708,14.822910261154174,15.41873996257782,932577.0,True,4719,54,wt_med,-0.3592558839324962,-0.5016459226608276,-0.2175771474838257,-0.6242370367050171,-0.10835466384887696,926823.0,0.9727923001432702,True
UC3,1,busy,all,MAE,lvlh5_tft,14.106792110718352,13.831112670898438,14.411457872390747,940386.0,True,4677,54,wt_med,-1.33579208307696,-1.5809977293014525,-1.1189093589782715,-1.8605736255645753,-0.8181383371353151,933566.0,0.979869744790054,True
UC3,1,busy,all,MAE,oracle_level,9.160386652034372,9.025636959075928,9.29566855430603,956174.0,True,4705,54,wt_med,-6.272557719068322,-6.531142663955689,-6.040258741378784,-6.934031414985657,-5.554801177978516,949418.0,0.9965079848228015,True
UC3,1,busy,all,MAE,oracle_shape,12.28308534891326,11.962021207809448,12.614520931243897,932831.0,True,4618,54,wt_med,-3.1898603356675306,-3.374762511253357,-2.998979353904724,-3.54059841632843,-2.818518328666687,923730.0,0.9695458910831335,True
UC3,1,busy,all,MAE,snaive7,15.923732578673645,15.54725160598755,16.297156715393065,803541.0,True,4376,54,wt_med,0.6204869185774076,0.25941283702850343,0.987118649482727,-0.1787243127822876,1.4115630388259888,800257.0,0.8399487795790059,False
UC3,1,busy,all,MAE,wt_med,15.417910878566667,15.154253554344177,15.710430479049682,952745.0,True,4788,54,wt_med,,,,,,,,
UC3,2,all,all,MAE,clim,8.302724454745613,8.123456740379334,8.48751003742218,2792779.0,True,4998,54,wt_med,0.27165246868027815,0.19531222581863403,0.342289936542511,0.08235292434692383,0.46399953365325924,2780676.0,0.9466089171350051,False
UC3,2,all,all,MAE,h5,8.020628117407075,7.860465168952942,8.18790843486786,2959992.0,True,5407,54,wt_med,-0.13696333003462513,-0.1496816396713257,-0.1254903793334961,-0.16738827228546144,-0.10626152753829958,2937513.0,1.0,True
UC3,2,all,all,MAE,lvlh5_cbd,10.244866398446357,9.997845149040222,10.495331025123596,2493358.0,True,4197,54,wt_med,2.139238875779112,1.9813907384872436,2.285451054573059,1.6557427048683167,2.644250440597534,2478762.0,0.8438301379432193,False
UC3,2,all,all,MAE,lvlh5_naive,8.16417852369902,7.999769556522369,8.343942451477051,2887997.0,True,5334,54,wt_med,0.00953527914527541,-0.054814505577087405,0.07283358573913573,-0.11407039165496825,0.11797083616256714,2870858.0,0.9773090365897955,False
UC3,2,all,all,MAE,lvlh5_tft,7.940507240239363,7.77895073890686,8.10925543308258,2897763.0,True,5284,54,wt_med,-0.23918574924281089,-0.33727116584777833,-0.14303944110870365,-0.4749666929244995,-0.0032312273979187146,2876812.0,0.9793359212367742,True
UC3,2,all,all,MAE,oracle_level,5.345130549979716,5.249958229064942,5.444648396968842,2943086.0,True,5340,54,wt_med,-2.8269910405737955,-2.945809304714203,-2.7118028163909913,-3.2204078435897827,-2.435065448284149,2922338.0,0.9948340654151999,True
UC3,2,all,all,MAE,oracle_shape,6.957409489669926,6.787192332744598,7.135886704921722,2888176.0,True,5223,54,wt_med,-1.2050406809381649,-1.3008933544158936,-1.1083347916603088,-1.4655115127563476,-0.9406719207763672,2857239.0,0.9726728017884516,True
UC3,2,all,all,MAE,snaive7,8.44274041826745,8.25027630329132,8.653335475921631,2525848.0,True,4972,54,wt_med,0.41856732196251833,0.2566468954086304,0.566179382801056,0.08048241138458252,0.7384239673614502,2511283.0,0.8549010676718707,False
UC3,2,all,all,MAE,wt_med,8.154067573488186,7.987564790248871,8.320420813560485,2937513.0,True,5403,54,wt_med,,,,,,,,
UC3,2,busy,all,MAE,clim,16.110892050317013,15.810684037208556,16.445467710494995,869368.0,True,4437,54,wt_med,0.47564864063295254,0.3001795768737793,0.6521259069442749,-0.0007030963897705072,0.9289827585220332,866543.0,0.9140710376749466,False
UC3,2,busy,all,MAE,h5,15.174497328786408,14.913927221298218,15.469771528244019,955371.0,True,4778,54,wt_med,-0.3173331810836242,-0.3482863187789917,-0.2903977632522583,-0.3865551233291626,-0.24571375846862795,948004.0,1.0,True
UC3,2,busy,all,MAE,lvlh5_cbd,18.339863827635092,17.861689138412476,18.82497892379761,805262.0,True,3772,54,wt_med,3.1613589059159466,2.771639823913574,3.5380297899246216,1.892694878578186,4.463703966140747,800311.0,0.8442063535596896,False
UC3,2,busy,all,MAE,lvlh5_naive,15.13647446635306,14.83421082496643,15.43101863861084,931077.0,True,4701,54,wt_med,-0.42307718363041324,-0.566062045097351,-0.2796739339828491,-0.6958250999450684,-0.16204438209533698,925037.0,0.9757733089733799,True
UC3,2,busy,all,MAE,lvlh5_tft,14.29539942494377,14.029562854766846,14.593226766586303,936816.0,True,4672,54,wt_med,-1.2229126335650253,-1.4584410429000854,-1.0048197269439698,-1.7738967180252074,-0.7030391216278076,929792.0,0.98078911059447,True
UC3,2,busy,all,MAE,oracle_level,9.161477228129922,9.02992012500763,9.297974634170533,951674.0,True,4694,54,wt_med,-6.355644339843439,-6.614421391487122,-6.119000792503357,-7.0235885858535765,-5.630040240287781,944685.0,0.9964989599200004,True
UC3,2,busy,all,MAE,oracle_shape,12.275644809976095,11.955659532546997,12.607842874526977,931544.0,True,4609,54,wt_med,-3.272516450785675,-3.4547451972961425,-3.0789129972457885,-3.6283045768737794,-2.8985464811325077,922030.0,0.9726013814287704,True
UC3,2,busy,all,MAE,snaive7,15.91577996961319,15.52825994491577,16.29584617614746,802980.0,True,4371,54,wt_med,0.533536520506221,0.1678480625152588,0.8951430797576904,-0.2767967462539673,1.329949331283569,799099.0,0.8429278779414433,False
UC3,2,busy,all,MAE,wt_med,15.503355998497897,15.238194394111634,15.794701528549194,948004.0,True,4776,54,wt_med,,,,,,,,
UC3,3,all,all,MAE,clim,8.308148980727786,8.131614327430725,8.490890264511108,2790079.0,True,4997,54,wt_med,0.24218774751370198,0.1673419952392578,0.3138359546661377,0.04534473419189453,0.4410292267799377,2777624.0,0.9475130215395657,False
UC3,3,all,all,MAE,h5,8.056515241799387,7.896267056465149,8.224069976806641,2954474.0,True,5404,54,wt_med,-0.13885810248648411,-0.15176379680633545,-0.12711424827575685,-0.1704967975616455,-0.10734409093856813,2931489.0,1.0,True
UC3,3,all,all,MAE,lvlh5_cbd,10.25243493559337,10.019287395477296,10.505104088783265,2537543.0,True,4280,54,wt_med,2.1027835637498704,1.9501723766326904,2.2497327089309693,1.6222640752792359,2.604815697669983,2521452.0,0.8601267137621871,False
UC3,3,all,all,MAE,lvlh5_naive,8.17590623672737,8.012866854667664,8.35458037853241,2887101.0,True,5331,54,wt_med,-0.016040399195553334,-0.08147528171539306,0.047015380859375,-0.14272828102111818,0.09525191783905027,2869466.0,0.9788424926718129,False
UC3,3,all,all,MAE,lvlh5_tft,8.026910335026884,7.863518691062927,8.19605188369751,2895933.0,True,5284,54,wt_med,-0.1862484394481747,-0.28065154552459715,-0.08815474510192871,-0.417615270614624,0.044893670082092274,2874603.0,0.9805948444630016,False
UC3,3,all,all,MAE,oracle_level,5.35028515025412,5.256641912460327,5.45076174736023,2937568.0,True,5334,54,wt_med,-2.8599411024044157,-2.979111409187317,-2.74346741437912,-3.2576302886009216,-2.4644362688064576,2916380.0,0.9948459639452851,True
UC3,3,all,all,MAE,oracle_shape,6.957364014226662,6.787314558029175,7.135897469520569,2887804.0,True,5223,54,wt_med,-1.2423162304597293,-1.3374430656433105,-1.1443346381187438,-1.5062044620513917,-0.9751878023147584,2856038.0,0.9742618853422271,True
UC3,3,all,all,MAE,prod_served,8.515976360837517,8.35321397781372,8.684096384048463,2850524.0,True,5084,54,wt_med,0.4093738087259329,0.2870590925216675,0.5209155559539795,0.12965972423553468,0.7000497817993163,2819985.0,0.9619633571881048,False
UC3,3,all,all,MAE,prod_served_lin,8.490513454719203,8.329177594184875,8.658336663246155,2850524.0,True,5084,54,wt_med,0.3837687966425367,0.26037571430206297,0.49535036087036133,0.10412695407867432,0.6721743941307066,2819985.0,0.9619633571881048,False
UC3,3,all,all,MAE,snaive7,8.442455228791033,8.249880456924439,8.652493095397949,2525842.0,True,4972,54,wt_med,0.3794452247918354,0.21674857139587403,0.526691722869873,0.036285579204559326,0.7053243994712829,2510278.0,0.85631499896469,False
UC3,3,all,all,MAE,wt_med,8.192349689867504,8.026722645759582,8.359617781639098,2931489.0,True,5400,54,wt_med,,,,,,,,
UC3,3,busy,all,MAE,clim,16.098777569800465,15.803932738304137,16.43075590133667,867616.0,True,4428,54,wt_med,0.39304337870235173,0.21735551357269287,0.5722280263900756,-0.08727567195892334,0.8637624740600585,864687.0,0.9160324509400941,False
UC3,3,busy,all,MAE,h5,15.249805582412039,14.986766266822816,15.548771739006042,951560.0,True,4767,54,wt_med,-0.32213579296741024,-0.3543099880218506,-0.2951884508132935,-0.39473273754119875,-0.2501070261001587,943948.0,1.0,True
UC3,3,busy,all,MAE,lvlh5_cbd,18.424594923390096,17.95265293121338,18.908855867385864,812844.0,True,3836,54,wt_med,3.1252586756946332,2.7291691303253174,3.4910526037216187,1.8319316864013673,4.424740052223205,807435.0,0.8553808048748448,False
UC3,3,busy,all,MAE,lvlh5_naive,15.148575224515948,14.84895703792572,15.441618299484253,929995.0,True,4691,54,wt_med,-0.48085491392404656,-0.6294804096221924,-0.3349707841873169,-0.7605815410614014,-0.21414251327514655,923658.0,0.978505171895062,True
UC3,3,busy,all,MAE,lvlh5_tft,14.504155149725145,14.230892157554626,14.785611438751221,933592.0,True,4664,54,wt_med,-1.0910361697265252,-1.3151610374450684,-0.8837415933609009,-1.64059636592865,-0.5796715497970583,926357.0,0.9813644395665863,True
UC3,3,busy,all,MAE,oracle_level,9.170200651628338,9.040744709968568,9.308865666389465,947878.0,True,4682,54,wt_med,-6.429034531255063,-6.694921469688415,-6.191288161277771,-7.096722269058228,-5.694291663169861,940646.0,0.9965019259535483,True
UC3,3,busy,all,MAE,oracle_shape,12.261883228823871,11.94223370552063,12.6000262260437,930627.0,True,4603,54,wt_med,-3.3555804423189084,-3.5373021841049193,-3.1617399215698243,-3.7230547428131104,-2.9734354972839356,920685.0,0.9753556339967879,True
UC3,3,busy,all,MAE,prod_served,15.678302225015601,15.396951007843018,15.978259062767028,903724.0,True,4512,54,wt_med,0.039638303484411,-0.2326594114303589,0.29000713825225827,-0.5985159873962402,0.668626832962036,894728.0,0.9478572972239996,False
UC3,3,busy,all,MAE,prod_served_lin,15.62081550893857,15.340431189537048,15.920345997810363,903724.0,True,4512,54,wt_med,-0.018239202305059266,-0.28941047191619873,0.23179140090942382,-0.6471458435058594,0.6121591567993163,894728.0,0.9478572972239996,False
UC3,3,busy,all,MAE,snaive7,15.911884990554611,15.526350283622742,16.291844511032103,802508.0,True,4366,54,wt_med,0.4478527876365064,0.08124780654907227,0.8118532657623291,-0.3709465265274048,1.2588575601577756,798221.0,0.8456196739650913,False
UC3,3,busy,all,MAE,wt_med,15.585771673863391,15.314642286300659,15.878385925292969,943948.0,True,4764,54,wt_med,,,,,,,,
UC3,4,all,all,MAE,clim,8.31554936339433,8.14164707660675,8.494969177246094,2787754.0,True,4995,54,wt_med,0.21716955498617985,0.14245190620422363,0.2885747194290161,0.008083605766296388,0.4312463045120239,2774970.0,0.9482269331480825,False
UC3,4,all,all,MAE,h5,8.089203298333036,7.928077495098114,8.259906792640686,2949975.0,True,5403,54,wt_med,-0.14008572747560777,-0.1527925491333008,-0.12865028381347657,-0.17188212871551514,-0.10897092819213869,2926483.0,1.0,True
UC3,4,all,all,MAE,lvlh5_cbd,10.230429020769432,9.994054484367371,10.478327345848083,2557102.0,True,4322,54,wt_med,2.064000629558702,1.9077488660812378,2.214739537239075,1.5784085273742676,2.5654905080795287,2540220.0,0.8680111929575535,False
UC3,4,all,all,MAE,lvlh5_naive,8.181180567467916,8.016725730895995,8.3601642370224,2885911.0,True,5330,54,wt_med,-0.044036380666666375,-0.1094468116760254,0.02028157711029052,-0.1747997522354126,0.07020040750503538,2867801.0,0.9799479443413818,False
UC3,4,all,all,MAE,lvlh5_tft,8.112871744968748,7.947084307670593,8.279496693611145,2892766.0,True,5281,54,wt_med,-0.13836788681525292,-0.2336707592010498,-0.041218543052673355,-0.3753421545028687,0.09464342594146725,2870993.0,0.9810386733837169,False
UC3,4,all,all,MAE,oracle_level,5.354979319793176,5.261847639083863,5.454972267150879,2932991.0,True,5330,54,wt_med,-2.8891748721098844,-3.0087395787239073,-2.772230589389801,-3.2964293479919435,-2.4907809972763064,2911353.0,0.994829971675899,True
UC3,4,all,all,MAE,oracle_shape,6.956756497570516,6.787188923358917,7.135475218296051,2887120.0,True,5223,54,wt_med,-1.2766144732359663,-1.3725709676742555,-1.1775630116462708,-1.5440491557121276,-1.006122171878815,2854476.0,0.9753946973209822,True
UC3,4,all,all,MAE,prod_served,8.606232319514476,8.4393976688385,8.778651976585389,2844591.0,True,5060,54,wt_med,0.47695909450689733,0.35684177875518797,0.5934215188026428,0.198137629032135,0.7655349016189574,2813583.0,0.9614212691479841,False
UC3,4,all,all,MAE,prod_served_lin,8.580142013386107,8.413645458221435,8.751278376579284,2844591.0,True,5060,54,wt_med,0.45067979156826077,0.3306769371032715,0.5657740116119384,0.17400264739990234,0.7378948211669921,2813583.0,0.9614212691479841,False
UC3,4,all,all,MAE,snaive7,8.442202067358426,8.2494530916214,8.65268633365631,2525445.0,True,4972,54,wt_med,0.342305017870272,0.17985923290252687,0.49022943973541255,-0.00631732940673828,0.6731493473052979,2508076.0,0.8570273601452665,False
UC3,4,all,all,MAE,wt_med,8.226834565586064,8.06123344898224,8.395835137367248,2926483.0,True,5399,54,wt_med,,,,,,,,
UC3,4,busy,all,MAE,clim,16.109842498763925,15.819159173965454,16.44413619041443,865644.0,True,4419,54,wt_med,0.3324752844834773,0.15460193157196045,0.5080615282058715,-0.16442627906799315,0.8289643287658689,862616.0,0.9175233498234869,False
UC3,4,busy,all,MAE,h5,15.330303587723046,15.067124605178833,15.626692748069763,947955.0,True,4755,54,wt_med,-0.32399036809809445,-0.3554680347442627,-0.2962415456771851,-0.3970794200897217,-0.25255527496337893,940157.0,1.0,True
UC3,4,busy,all,MAE,lvlh5_cbd,18.362405351040724,17.89241771697998,18.81607632637024,814913.0,True,3865,54,wt_med,3.0429048395092835,2.642845869064331,3.437011480331421,1.691095495223999,4.360822057723999,809221.0,0.8607296440913592,False
UC3,4,busy,all,MAE,lvlh5_naive,15.165344757701348,14.866219520568848,15.457063007354737,928319.0,True,4686,54,wt_med,-0.5379161424333194,-0.686448049545288,-0.38952255249023443,-0.8298816204071044,-0.26425199508667,921763.0,0.9804351826343898,True
UC3,4,busy,all,MAE,lvlh5_tft,14.688507510059594,14.421654677391052,14.972587990760804,929951.0,True,4650,54,wt_med,-0.9897981142990986,-1.213969087600708,-0.7657684803009034,-1.5496760845184325,-0.4652750253677369,922562.0,0.9812850406900124,True
UC3,4,busy,all,MAE,oracle_level,9.182836113616125,9.05443263053894,9.321291041374206,944271.0,True,4669,54,wt_med,-6.498625283567678,-6.761841654777527,-6.258281660079956,-7.170448803901673,-5.749789309501648,936870.0,0.9965037754332521,True
UC3,4,busy,all,MAE,oracle_shape,12.270009599783004,11.95494523048401,12.600785899162293,929276.0,True,4596,54,wt_med,-3.421973748262232,-3.60748405456543,-3.2250760555267335,-3.788464403152466,-3.0423849821090703,918827.0,0.9773122999669204,True
UC3,4,busy,all,MAE,prod_served,15.846940229711013,15.581583905220032,16.139312648773192,898172.0,True,4486,54,wt_med,0.136215782121333,-0.1340404987335205,0.3823717355728149,-0.5096787929534912,0.729192042350769,889082.0,0.9456739672203686,False
UC3,4,busy,all,MAE,prod_served_lin,15.788889962056265,15.524268007278442,16.079774188995362,898172.0,True,4486,54,wt_med,0.07768377944891469,-0.19340291023254394,0.32398955821990966,-0.5708988904953003,0.6704662084579468,889082.0,0.9456739672203686,False
UC3,4,busy,all,MAE,snaive7,15.919335049918685,15.536738562583924,16.30047435760498,801203.0,True,4359,54,wt_med,0.3725461507643981,0.014948892593383797,0.7444295167922974,-0.45538508892059326,1.19705011844635,796249.0,0.8469319486000743,False
UC3,4,busy,all,MAE,wt_med,15.669509986098067,15.39640257358551,15.961239790916443,940157.0,True,4754,54,wt_med,,,,,,,,
UC3,5,all,all,MAE,clim,8.327256414309424,8.155054688453674,8.500883769989013,2783620.0,True,4969,54,wt_med,0.20268470742309397,0.12784082889556886,0.27541179656982423,-0.01743577718734741,0.4225002288818359,2770246.0,0.9485678753041911,False
UC3,5,all,all,MAE,h5,8.123259035068415,7.962927401065826,8.294436240196228,2944416.0,True,5399,54,wt_med,-0.13949181136749012,-0.15183075666427612,-0.12827374935150146,-0.17131792306900023,-0.10810049772262573,2920451.0,1.0,True
UC3,5,all,all,MAE,lvlh5_cbd,10.288550401860526,10.056242322921753,10.544761347770692,2553873.0,True,4320,54,wt_med,2.0458046625766375,1.8886838912963868,2.1932574033737184,1.5495196342468263,2.5428839206695555,2536505.0,0.8685319493461797,False
UC3,5,all,all,MAE,lvlh5_naive,8.188492816934806,8.024993562698365,8.366075444221497,2884698.0,True,5327,54,wt_med,-0.0686691918955713,-0.1342855215072632,-0.004101395606994637,-0.20270857810974122,0.047102046012878415,2866073.0,0.981380273115351,False
UC3,5,all,all,MAE,lvlh5_tft,8.134210732975234,7.970091104507446,8.30942153930664,2887200.0,True,5281,54,wt_med,-0.1443280569104921,-0.23491718769073486,-0.050718665122985854,-0.3844552516937256,0.08760930299758911,2865012.0,0.981016973063407,False
UC3,5,all,all,MAE,oracle_level,5.364907609292528,5.271852648258209,5.465883731842041,2927386.0,True,5327,54,wt_med,-2.9134032637808627,-3.0328086495399473,-2.7975908398628233,-3.3226229667663576,-2.512966275215149,2905351.0,0.9948295657074884,True
UC3,5,all,all,MAE,oracle_shape,6.956483259140224,6.787205755710602,7.135331797599792,2886937.0,True,5223,54,wt_med,-1.3087630850093355,-1.40742107629776,-1.2062771558761596,-1.5784239530563355,-1.0327492237091065,2852928.0,0.9768792559779295,True
UC3,5,all,all,MAE,prod_served,8.621284681853279,8.45855791568756,8.807305788993835,2837543.0,True,5027,54,wt_med,0.4697078191133883,0.34608290195465086,0.5923803567886352,0.19164795875549318,0.7579605102539062,2805625.0,0.9606821001276857,False
UC3,5,all,all,MAE,prod_served_lin,8.595882071214428,8.434697008132934,8.779905104637146,2837543.0,True,5027,54,wt_med,0.44414279349521024,0.3204780578613281,0.5668314456939697,0.16800724267959596,0.7318178415298462,2805625.0,0.9606821001276857,False
UC3,5,all,all,MAE,snaive7,8.441842276689984,8.249185514450073,8.652129650115967,2525245.0,True,4972,54,wt_med,0.306526162355361,0.14345617294311525,0.45590022802352903,-0.0432636260986328,0.6379925251007079,2504075.0,0.8574275000676266,False
UC3,5,all,all,MAE,wt_med,8.259942556817423,8.095145750045777,8.432796049118043,2920451.0,True,5395,54,wt_med,,,,,,,,
UC3,5,busy,all,MAE,clim,16.129295150098333,15.852375292778015,16.471823835372923,862368.0,True,4394,54,wt_med,0.2986751128609715,0.11729257106781006,0.4780335664749145,-0.23828403949737548,0.8209692478179931,859243.0,0.917748552471506,False
UC3,5,busy,all,MAE,h5,15.396944762146822,15.131560158729553,15.692363572120666,944280.0,True,4747,54,wt_med,-0.3249112684525848,-0.35444059371948244,-0.2986254930496216,-0.396071195602417,-0.25428295135498047,936251.0,1.0,True
UC3,5,busy,all,MAE,lvlh5_cbd,18.509226154927937,18.048839950561522,18.981867599487305,812259.0,True,3860,54,wt_med,3.0401932389770145,2.6334544897079466,3.446074867248535,1.6653538942337036,4.366561532020568,806340.0,0.8612434058815425,False
UC3,5,busy,all,MAE,lvlh5_naive,15.171366758525744,14.871748518943786,15.46511743068695,926080.0,True,4681,54,wt_med,-0.5921196136147024,-0.7437858343124389,-0.4410720348358154,-0.8908416986465454,-0.31383905410766605,919263.0,0.9818552930784586,True
UC3,5,busy,all,MAE,lvlh5_tft,14.785860685687483,14.507794666290284,15.082201385498047,925767.0,True,4643,54,wt_med,-0.9528208575813455,-1.1688984870910644,-0.7265238285064698,-1.5126357793807983,-0.42751793861389165,918176.0,0.9806942796322781,True
UC3,5,busy,all,MAE,oracle_level,9.19304128135936,9.061818099021911,9.331612038612366,940572.0,True,4661,54,wt_med,-6.557098997179596,-6.814878320693969,-6.3199700832366945,-7.2372008800506595,-5.815078163146973,932971.0,0.9964966659581672,True
UC3,5,busy,all,MAE,oracle_shape,12.273393242247476,11.957071828842164,12.606382966041565,927315.0,True,4591,54,wt_med,-3.4788940878250116,-3.665779161453247,-3.2815541982650758,-3.85023832321167,-3.0877806901931764,916363.0,0.9787578331024479,True
UC3,5,busy,all,MAE,prod_served,16.00643346793863,15.730539679527283,16.321792316436767,891743.0,True,4453,54,wt_med,0.22446206859822304,-0.051160788536071776,0.49489502906799304,-0.4108355283737183,0.844955015182495,882501.0,0.9425901814791119,False
UC3,5,busy,all,MAE,prod_served_lin,15.948197658966764,15.673893547058105,16.2646915435791,891743.0,True,4453,54,wt_med,0.1657672342580927,-0.10937776565551757,0.43808152675628653,-0.47126083374023436,0.7894162893295288,882501.0,0.9425901814791119,False
UC3,5,busy,all,MAE,snaive7,15.909104440275172,15.52765965461731,16.27931046485901,799500.0,True,4352,54,wt_med,0.29356499096971334,-0.06646137237548827,0.6679702043533324,-0.5505204677581788,1.1285730123519897,793441.0,0.8474661175261762,False
UC3,5,busy,all,MAE,wt_med,15.737240334055718,15.464127922058106,16.031788110733032,936251.0,True,4746,54,wt_med,,,,,,,,
UC3,6,all,all,MAE,clim,8.3515207117662,8.181508898735046,8.526099753379821,2780014.0,True,4945,54,wt_med,0.16384641498915187,0.08615877628326415,0.23586001396179196,-0.06070907115936278,0.3832570910453796,2765947.0,0.9497002858769377,False
UC3,6,all,all,MAE,h5,8.197189077964735,8.033473467826843,8.369136571884155,2937328.0,True,5397,54,wt_med,-0.13881269996106305,-0.1513131856918335,-0.12667481899261473,-0.17124338150024415,-0.10737476348876954,2912442.0,1.0,True
UC3,6,all,all,MAE,lvlh5_cbd,10.76666678184941,10.52920241355896,11.025308012962341,2546096.0,True,4317,54,wt_med,2.436711921533698,2.281401801109314,2.588782811164856,1.9272841215133667,2.9618088722229,2528126.0,0.868043380778055,False
UC3,6,all,all,MAE,lvlh5_naive,8.21719563672356,8.054976296424865,8.390540361404419,2882373.0,True,5324,54,wt_med,-0.11249062960744105,-0.18235630989074708,-0.04400620460510254,-0.25167300701141354,0.008182477951049804,2862678.0,0.9829133078014944,False
UC3,6,all,all,MAE,lvlh5_tft,8.273831768504541,8.11049485206604,8.444698405265807,2879621.0,True,5278,54,wt_med,-0.07775467084489662,-0.17321457862854003,0.020875525474548327,-0.33131587505340576,0.17046539783477782,2856626.0,0.9808353265060729,False
UC3,6,all,all,MAE,oracle_level,5.3903515030907645,5.294568181037903,5.49172488451004,2920285.0,True,5324,54,wt_med,-2.961757504214914,-3.08425555229187,-2.8488551020622253,-3.381231951713562,-2.5537862539291383,2897393.0,0.9948328584740915,True
UC3,6,all,all,MAE,oracle_shape,6.9570499684231475,6.78699494600296,7.136020386219025,2886796.0,True,5223,54,wt_med,-1.381979845263503,-1.485057532787323,-1.2774322867393493,-1.660299336910248,-1.1005720019340515,2849753.0,0.9784754511849506,True
UC3,6,all,all,MAE,prod_served,8.732856622882808,8.568270611763001,8.914007568359375,2829810.0,True,4993,54,wt_med,0.5254109717616142,0.4006293773651123,0.6439312696456909,0.23932192325592042,0.830117917060852,2796725.0,0.960268049973184,False
UC3,6,all,all,MAE,prod_served_lin,8.707947662563917,8.543799471855163,8.889036154747009,2829810.0,True,4993,54,wt_med,0.5003653827244356,0.37608513832092283,0.6186972856521606,0.21248846054077147,0.8050572633743285,2796725.0,0.960268049973184,False
UC3,6,all,all,MAE,snaive7,8.441820494583219,8.249294590950011,8.652221274375915,2525116.0,True,4972,54,wt_med,0.2288061147680125,0.05913207530975342,0.3837473154067993,-0.12684111595153807,0.5721168518066405,2497560.0,0.8575484078309542,False
UC3,6,all,all,MAE,wt_med,8.33314757856122,8.16838035583496,8.508042097091675,2912442.0,True,5393,54,wt_med,,,,,,,,
UC3,6,busy,all,MAE,clim,16.173005411421734,15.888574314117431,16.50462884902954,858924.0,True,4370,54,wt_med,0.2204006338714546,0.041738057136535646,0.400569725036621,-0.3507306337356567,0.7762754678726195,855694.0,0.9196096279730079,False
UC3,6,busy,all,MAE,h5,15.545325070861512,15.283158802986145,15.8496164560318,938803.0,True,4738,54,wt_med,-0.3250074959940772,-0.3562053442001343,-0.2981644630432129,-0.39658398628234864,-0.25414931774139404,930497.0,1.0,True
UC3,6,busy,all,MAE,lvlh5_cbd,19.370060691962482,18.893576860427856,19.853767824172973,809899.0,True,3850,54,wt_med,3.7409572182832758,3.346133756637573,4.15448260307312,2.348502254486084,5.029911684989929,803740.0,0.8637749503759818,False
UC3,6,busy,all,MAE,lvlh5_naive,15.227538772535418,14.941925501823425,15.517257237434388,921821.0,True,4671,54,wt_med,-0.6811939163007263,-0.8395444869995117,-0.5197508573532105,-0.9977621793746948,-0.38976392745971683,914714.0,0.9830380968450194,True
UC3,6,busy,all,MAE,lvlh5_tft,15.031161356767127,14.744783782958985,15.340122056007385,919751.0,True,4632,54,wt_med,-0.8585516054585867,-1.095777654647827,-0.6195484399795532,-1.429548692703247,-0.3114281177520753,911927.0,0.9800429232979795,True
UC3,6,busy,all,MAE,oracle_level,9.237279925066764,9.102755045890808,9.378610920906066,935123.0,True,4651,54,wt_med,-6.663412036679254,-6.928399181365966,-6.420677137374878,-7.353732919692993,-5.892623543739319,927253.0,0.9965136910704709,True
UC3,6,busy,all,MAE,oracle_shape,12.274832974037544,11.964434838294983,12.604909324645996,923846.0,True,4585,54,wt_med,-3.6223839064882544,-3.820156192779541,-3.4183316230773926,-4.002533793449402,-3.231810021400452,911882.0,0.9799945620458744,True
UC3,6,busy,all,MAE,prod_served,16.173233292697944,15.884313130378723,16.4940767288208,885107.0,True,4416,54,wt_med,0.263177730623136,-0.018980455398559557,0.5228976011276245,-0.3943643569946289,0.8747068166732788,875606.0,0.9410089446822505,False
UC3,6,busy,all,MAE,prod_served_lin,16.115618224689218,15.830132246017456,16.439476203918456,885107.0,True,4416,54,wt_med,0.20515377350086617,-0.07712559700012206,0.46327240467071534,-0.45035457611083984,0.8077599763870239,875606.0,0.9410089446822505,False
UC3,6,busy,all,MAE,snaive7,15.916603133254371,15.535454940795898,16.304281759262086,796169.0,True,4343,54,wt_med,0.1377548820968233,-0.23366858959197997,0.5104882955551148,-0.7403048515319824,0.991534972190857,788698.0,0.8476093958389979,False
UC3,6,busy,all,MAE,wt_med,15.887978682360073,15.614451026916504,16.191137409210206,930497.0,True,4737,54,wt_med,,,,,,,,
UC3,7,all,all,MAE,clim,8.377555563634035,8.204346013069152,8.55304491519928,2778301.0,True,4943,54,clim,,,,,,,,
UC3,7,all,all,MAE,h5,8.316025646390209,8.148005390167237,8.48777379989624,2927566.0,True,5393,54,clim,-0.224630787462047,-0.29453001022338865,-0.15489878654479983,-0.4508547306060791,0.0070969581604003774,2769543.0,0.9968477137646353,False
UC3,7,all,all,MAE,lvlh5_cbd,10.92124837545174,10.669464492797852,11.187219262123108,2527974.0,True,4306,54,clim,2.317116710810568,2.164532256126404,2.4779248952865602,1.8483839750289917,2.843357467651367,2391696.0,0.8608484105933807,False
UC3,7,all,all,MAE,lvlh5_naive,8.650455665664506,8.48012068271637,8.835073971748352,2847547.0,True,5262,54,clim,0.14027039339705816,0.05145578384399414,0.2373416185379028,-0.08281893730163574,0.3810662269592285,2748400.0,0.9892376671930075,False
UC3,7,all,all,MAE,lvlh5_tft,8.5116725244637,8.339951324462891,8.686447644233704,2863361.0,True,5255,54,clim,-0.15240288579546757,-0.2590118408203125,-0.04200000762939455,-0.34693050384521484,0.056444227695464845,2711156.0,0.9758323522181362,False
UC3,7,all,all,MAE,oracle_level,5.429139267318052,5.3319300532341005,5.53231817483902,2910425.0,True,5317,54,clim,-3.093568150247669,-3.2203500390052797,-2.973694622516632,-3.5154860615730286,-2.6751027584075926,2757481.0,0.9925062115299962,True
UC3,7,all,all,MAE,oracle_shape,7.5932818669947055,7.417523229122162,7.784991538524627,2849972.0,True,5132,54,clim,-0.9141383906409573,-1.0480011820793151,-0.7725928068161011,-1.2727745652198792,-0.5307697653770448,2741117.0,0.9866162809573189,True
UC3,7,all,all,MAE,prod_served,9.006212454025608,8.840047073364257,9.18278169631958,2823039.0,True,4961,54,clim,0.5775801104892082,0.44960219860076905,0.716736078262329,0.36960639953613283,0.7940258026123047,2751762.0,0.9904477592600658,False
UC3,7,all,all,MAE,prod_served_lin,8.981570924099879,8.81682255268097,9.158356833457947,2823039.0,True,4961,54,clim,0.552916731170793,0.4258382558822632,0.6905406475067137,0.3452270746231079,0.7672840356826782,2751762.0,0.9904477592600658,False
UC3,7,all,all,MAE,wt_med,8.4505208414109,8.27783465385437,8.623040008544923,2901555.0,True,5388,54,clim,-0.08454147011526203,-0.15548558235168458,-0.010147786140441933,-0.31518378257751467,0.15787675380706787,2763484.0,0.994666884545627,False
UC3,7,busy,all,MAE,clim,16.2172116515457,15.931167197227477,16.550760126113893,857088.0,True,4364,54,wt_med,0.07171655646205366,-0.10364317893981934,0.24486455917358396,-0.5225566864013672,0.6403616666793821,853715.0,0.9244121959195342,False
UC3,7,busy,all,MAE,h5,15.77693275082142,15.507030272483826,16.08597183227539,932227.0,True,4719,54,wt_med,-0.3257398713836821,-0.35656912326812745,-0.29910969734191895,-0.4000718116760254,-0.25209209918975833,923522.0,1.0,True
UC3,7,busy,all,MAE,lvlh5_cbd,19.66240591203513,19.174900197982787,20.156811571121217,802570.0,True,3834,54,wt_med,3.8390269096603173,3.412053871154785,4.269114375114441,2.3982303619384764,5.164982032775879,796475.0,0.862432080665106,False
UC3,7,busy,all,MAE,lvlh5_naive,16.22269593087435,15.91728663444519,16.540041160583495,901795.0,True,4608,54,wt_med,0.07926607591172896,-0.06722536087036132,0.21403400897979732,-0.1752452850341797,0.33654932975769036,894709.0,0.9688009598038813,False
UC3,7,busy,all,MAE,lvlh5_tft,15.477375198693446,15.177546072006226,15.798676204681396,911032.0,True,4599,54,wt_med,-0.6519929495650469,-0.8860549449920654,-0.4214305400848389,-1.183202290534973,-0.146637535095215,902897.0,0.9776670182193818,True
UC3,7,busy,all,MAE,oracle_level,9.304183485950007,9.16683599948883,9.447677540779114,928591.0,True,4632,54,wt_med,-6.830259807457713,-7.094782423973084,-6.579043936729431,-7.537785339355469,-6.045650219917297,920346.0,0.9965609915085942,True
UC3,7,busy,all,MAE,oracle_shape,13.455987023647559,13.120603895187378,13.809427261352539,902784.0,True,4493,54,wt_med,-2.6796359316124114,-2.8862958192825316,-2.4896564245224,-3.0625585079193116,-2.2559235811233522,891749.0,0.9655958385398506,True
UC3,7,busy,all,MAE,prod_served,16.726465180326826,16.415238475799562,17.062525844573976,879431.0,True,4381,54,wt_med,0.6004469934342822,0.32782888412475586,0.8790105104446411,0.012653398513793969,1.187624430656433,869364.0,0.9413571089806199,False
UC3,7,busy,all,MAE,prod_served_lin,16.668549323369316,16.35738515853882,17.006227827072145,879431.0,True,4381,54,wt_med,0.5420150535333867,0.27004237174987794,0.8223239183425902,-0.050194168090820286,1.1303201913833616,869364.0,0.9413571089806199,False
UC3,7,busy,all,MAE,wt_med,16.11927869612202,15.845619297027588,16.427828216552733,923522.0,True,4716,54,wt_med,,,,,,,,
UC3,10,all,all,MAE,clim,8.370227393409115,8.196913599967957,8.544741010665893,2775894.0,True,4940,54,clim,,,,,,,,
UC3,10,all,all,MAE,h5,8.435053391179363,8.267796182632447,8.60973289012909,2909563.0,True,5381,54,clim,-0.09694545919868602,-0.16543593406677246,-0.02804119586944581,-0.32555471658706664,0.1450933814048767,2766406.0,0.9965820020505106,False
UC3,10,all,all,MAE,lvlh5_cbd,11.03407257418805,10.780706477165221,11.294865989685059,2542419.0,True,4336,54,clim,2.4589927561135774,2.3030871868133547,2.6248792886734007,1.9438519954681397,3.0780587673187254,2419108.0,0.8714698760111157,False
UC3,10,all,all,MAE,lvlh5_naive,8.695836607787367,8.525325822830201,8.878567862510682,2843274.0,True,5251,54,clim,0.19211161876942207,0.10041804313659668,0.2886660099029541,-0.03603956699371338,0.4468067407608031,2746200.0,0.9893029056585013,False
UC3,10,all,all,MAE,lvlh5_tft,8.665619256852885,8.501701879501343,8.851360511779784,2838009.0,True,5219,54,clim,0.02136011645463043,-0.08438723087310791,0.12406265735626218,-0.15368683338165284,0.2137701511383056,2702058.0,0.9734010016232608,False
UC3,10,all,all,MAE,oracle_level,5.4486469827212245,5.349110460281372,5.551321542263031,2892551.0,True,5300,54,clim,-3.0564490223666922,-3.1812792301177977,-2.9380467772483825,-3.4753753781318664,-2.6429526567459107,2754393.0,0.9922543872352475,True
UC3,10,all,all,MAE,oracle_shape,7.593787476139669,7.417235743999481,7.784801387786866,2848212.0,True,5132,54,clim,-0.9082621427185424,-1.0434334993362426,-0.764894425868988,-1.2738470196723939,-0.5188954710960388,2739629.0,0.9869357403416701,True
UC3,10,all,all,MAE,prod_served,9.219100937619356,9.037103939056397,9.404559135437012,2809349.0,True,4884,54,clim,0.8325034570596799,0.6920374870300293,0.9641024827957153,0.6011970996856689,1.0658334255218505,2748000.0,0.9899513454043994,False
UC3,10,all,all,MAE,prod_served_lin,9.192855978377908,9.012026596069337,9.377997303009034,2809349.0,True,4884,54,clim,0.8060220614992719,0.6646483182907105,0.9378953695297241,0.5760190725326538,1.039526605606079,2748000.0,0.9899513454043994,False
UC3,10,all,all,MAE,wt_med,8.567173248167231,8.394689798355103,8.74252233505249,2882524.0,True,5376,54,clim,0.04124158640912334,-0.029701828956604004,0.11262137889862059,-0.19570488929748536,0.2974692940711975,2759969.0,0.9942631094703184,False
UC3,10,busy,all,MAE,clim,16.182307929419018,15.89910967350006,16.51051859855652,849974.0,True,4352,54,clim,,,,,,,,
UC3,10,busy,all,MAE,h5,16.044557602405916,15.761216711997985,16.361200714111327,915743.0,True,4680,54,clim,-0.13433635306781966,-0.3004955768585205,0.030755901336669906,-0.7123798847198486,0.4725826501846313,848143.0,0.9978458164602682,False
UC3,10,busy,all,MAE,lvlh5_cbd,20.093367809419515,19.58118929862976,20.60090355873108,789780.0,True,3837,54,clim,3.9741643857543245,3.5539246559143067,4.3984521389007565,2.5575137615203856,5.50255937576294,729778.0,0.8585886156517729,False
UC3,10,busy,all,MAE,lvlh5_naive,16.302502684895256,15.994286847114562,16.628436756134032,892575.0,True,4585,54,clim,0.07681577840192944,-0.13123161792755128,0.3003347873687744,-0.48844671249389643,0.7246424198150634,844187.0,0.993191556447609,False
UC3,10,busy,all,MAE,lvlh5_tft,15.844155460835594,15.554517602920532,16.172023677825926,894577.0,True,4553,54,clim,-0.5912535076065399,-0.8335255861282349,-0.349887228012085,-0.9984101772308349,-0.14517343044281011,829656.0,0.9760957393990874,True
UC3,10,busy,all,MAE,oracle_level,9.34359136236976,9.206112289428711,9.487997794151307,912162.0,True,4598,54,clim,-6.932373034094246,-7.205087304115295,-6.687340664863586,-7.604538130760193,-6.164327359199524,845813.0,0.9951045561393642,True
UC3,10,busy,all,MAE,oracle_shape,13.473403111169931,13.138491821289062,13.824150896072387,894207.0,True,4480,54,clim,-2.7667668269336794,-3.0567002058029176,-2.4759931802749633,-3.417196583747864,-2.023789381980896,842853.0,0.9916220966758983,True
UC3,10,busy,all,MAE,prod_served,17.312804921162414,16.993125104904173,17.636406230926514,862723.0,True,4307,54,clim,1.0837600615777525,0.800361967086792,1.3768423557281493,0.576878547668457,1.6198496103286741,837965.0,0.9858713325348776,False
UC3,10,busy,all,MAE,prod_served_lin,17.249292646654837,16.92992835044861,17.572614431381226,862723.0,True,4307,54,clim,1.0193813285757791,0.7364977359771728,1.3152384757995605,0.513245964050293,1.5609473943710326,837965.0,0.9858713325348776,False
UC3,10,busy,all,MAE,wt_med,16.389953493398973,16.101963233947753,16.71100878715515,906753.0,True,4678,54,clim,0.2005305603970342,0.029403829574584962,0.37712798118591306,-0.39716620445251466,0.8391523838043212,846275.0,0.9956481021772431,False
UC3,14,all,all,MAE,clim,8.371701572496056,8.19685719013214,8.550264811515808,2768592.0,True,4893,54,clim,,,,,,,,
UC3,14,all,all,MAE,h5,8.603685671800783,8.430650329589843,8.781227803230285,2885729.0,True,5341,54,clim,0.07232224200855697,0.004224324226379395,0.13879699707031248,-0.16747090816497803,0.34349535703659057,2758357.0,0.9963031750434878,False
UC3,14,all,all,MAE,lvlh5_cbd,11.20332766004809,10.932961297035217,11.495843839645385,2495788.0,True,4245,54,clim,2.64941296310365,2.4937137365341187,2.818364119529724,2.0806727170944215,3.319993948936462,2390385.0,0.8633937394892421,False
UC3,14,all,all,MAE,lvlh5_naive,8.986756832013448,8.810403943061829,9.164919519424439,2802911.0,True,5157,54,clim,0.5646114452346112,0.475836968421936,0.660074782371521,0.305584979057312,0.8457644224166868,2731391.0,0.9865632061351041,False
UC3,14,all,all,MAE,lvlh5_tft,8.970276348775696,8.793223905563355,9.158628296852111,2828887.0,True,5206,54,clim,0.3498325194518088,0.2542712688446045,0.4537646293640137,0.15115606784820557,0.5571517467498779,2707760.0,0.9780278206395164,False
UC3,14,all,all,MAE,oracle_level,5.492253305339687,5.391002762317657,5.596223855018616,2868958.0,True,5258,54,clim,-3.006365918964712,-3.133899521827698,-2.891078507900238,-3.4330108404159545,-2.586642837524414,2746592.0,0.9920537226142385,True
UC3,14,all,all,MAE,oracle_shape,7.996492552312852,7.817291557788849,8.184576845169067,2806511.0,True,4963,54,clim,-0.43161023464065806,-0.5703062415122986,-0.2876543283462525,-0.844101071357727,-0.002975094318389989,2725312.0,0.9843675052156475,True
UC3,14,all,all,MAE,prod_served,9.550424217392052,9.362516260147094,9.748499631881714,2789136.0,True,4797,54,clim,1.1922867806782964,1.0621317148208618,1.3298360347747802,0.9140546798706055,1.489227223396301,2733113.0,0.9871851829377531,False
UC3,14,all,all,MAE,prod_served_lin,9.523261370187758,9.337526297569275,9.72148962020874,2789136.0,True,4797,54,clim,1.1648409707172735,1.0352442502975463,1.302022099494934,0.8839404582977295,1.458089756965637,2733113.0,0.9871851829377531,False
UC3,14,all,all,MAE,wt_med,8.732106793700003,8.554960370063782,8.908333492279052,2856573.0,True,5336,54,clim,0.20892260389351947,0.13927741050720216,0.2790043592453003,-0.03806939125061035,0.48719481229782097,2751495.0,0.9938246588879835,False
UC3,14,busy,all,MAE,clim,16.159958722792535,15.864214229583741,16.494461250305175,838235.0,True,4292,54,clim,,,,,,,,
UC3,14,busy,all,MAE,h5,16.420080569468837,16.114030838012695,16.741605949401855,892832.0,True,4615,54,clim,0.21375853341799456,0.047275018692016606,0.38399391174316405,-0.4141844749450683,0.8990374565124511,836271.0,0.9976569816340286,False
UC3,14,busy,all,MAE,lvlh5_cbd,20.53630596701534,20.00125985145569,21.067196559906005,761022.0,True,3745,54,clim,4.432846389839463,3.994517374038696,4.852577185630798,2.9326167821884157,6.053593730926513,712799.0,0.8503570001252632,False
UC3,14,busy,all,MAE,lvlh5_naive,17.02187110568011,16.702248287200927,17.357908296585084,860878.0,True,4476,54,clim,0.8848694631150273,0.678232479095459,1.1110745906829833,0.18973908424377442,1.63989200592041,829060.0,0.9890543821243446,False
UC3,14,busy,all,MAE,lvlh5_tft,16.50919613172988,16.18158574104309,16.847112321853636,875426.0,True,4512,54,clim,0.09269712038513589,-0.14756741523742675,0.3461503028869629,-0.37546074390411377,0.6046618938446044,821422.0,0.9799423789271505,False
UC3,14,busy,all,MAE,oracle_level,9.436072922594338,9.281048512458801,9.58842830657959,889232.0,True,4531,54,clim,-6.824746582487574,-7.104015564918518,-6.585091638565063,-7.484398365020752,-6.076347708702087,834011.0,0.9949608403371369,True
UC3,14,busy,all,MAE,oracle_shape,14.249316038911324,13.918284392356872,14.626581048965454,861876.0,True,4319,54,clim,-1.9063284205436837,-2.1857408046722413,-1.6174206495285035,-2.69870285987854,-1.013589072227478,827806.0,0.9875583815994321,True
UC3,14,busy,all,MAE,prod_served,18.032770120369864,17.69537220001221,18.383618068695068,842902.0,True,4211,54,clim,1.8554669368968746,1.5544684410095215,2.1610626459121702,1.23998064994812,2.49417462348938,823002.0,0.9818272918692252,False
UC3,14,busy,all,MAE,prod_served_lin,17.967364978372338,17.629209423065184,18.317179679870605,842902.0,True,4211,54,clim,1.7891463204220663,1.4902483940124511,2.0934632062911986,1.1678289890289306,2.441017007827759,823002.0,0.9818272918692252,False
UC3,14,busy,all,MAE,wt_med,16.763640820226705,16.456857109069823,17.09214358329773,883268.0,True,4612,54,clim,0.5452527848466922,0.37479443550109864,0.7198341369628906,-0.09003806114196776,1.2341927051544186,834247.0,0.9952423842955734,False
UC3,21,all,all,MAE,clim,8.48100390099281,8.296039056777953,8.66333110332489,2724691.0,True,4751,54,clim,,,,,,,,
UC3,21,all,all,MAE,h5,8.708391332488878,8.53485128879547,8.88440260887146,2841277.0,True,5175,54,clim,0.11841997114018454,0.04558155536651611,0.1895317792892456,-0.12347996234893799,0.395305836200714,2713115.0,0.9957514448427363,False
UC3,21,all,all,MAE,lvlh5_cbd,11.187763043098148,10.920831274986266,11.46292507648468,2455797.0,True,4103,54,clim,2.6085289057058283,2.450044107437134,2.7761311769485473,2.0171023488044737,3.330511689186096,2349502.0,0.8623003489202996,False
UC3,21,all,all,MAE,lvlh5_naive,9.165607284970424,8.979723691940308,9.3422208070755,2764019.0,True,4982,54,clim,0.6685834246029323,0.5663827657699585,0.7683159828186035,0.388957142829895,0.9770957112312316,2685154.0,0.985489363748036,False
UC3,21,all,all,MAE,lvlh5_tft,9.094732274364992,8.91062660217285,9.283022928237916,2792202.0,True,5053,54,clim,0.45372303459182994,0.3417334079742432,0.5669986248016358,0.2444838285446167,0.6837780594825744,2669336.0,0.9796839348021482,False
UC3,21,all,all,MAE,oracle_level,5.517002363038619,5.415599763393402,5.61961030960083,2825507.0,True,5100,54,clim,-3.07062868247423,-3.1962489247322083,-2.950879383087158,-3.511509966850281,-2.6313976049423218,2701647.0,0.9915425272076723,True
UC3,21,all,all,MAE,oracle_shape,8.215567224245893,8.025048851966858,8.401876950263977,2768705.0,True,4790,54,clim,-0.2877419304523112,-0.4348026752471924,-0.13957803249359133,-0.735587227344513,0.17592389583587634,2679952.0,0.9835801564287473,False
UC3,21,all,all,MAE,prod_served,9.80141990202741,9.596206450462342,10.001754903793335,2769346.0,True,4703,54,clim,1.339871705561146,1.1914080142974854,1.4891085863113402,1.0314708948135376,1.6563444614410399,2694427.0,0.9888926854457992,False
UC3,21,all,all,MAE,prod_served_lin,9.773475984943738,9.569966411590576,9.973920845985413,2769346.0,True,4703,54,clim,1.3114564803574194,1.1625312566757202,1.4612299919128418,1.0013680934906006,1.6302864789962768,2694427.0,0.9888926854457992,False
UC3,21,all,all,MAE,wt_med,8.844012453132654,8.670510244369506,9.018051838874817,2810859.0,True,5165,54,clim,0.25563964932172745,0.17996513843536377,0.3300424814224243,-0.0013424396514892538,0.526794409751892,2705842.0,0.9930821513338577,False
UC3,21,busy,all,MAE,clim,16.33804712976066,16.049853563308716,16.68493857383728,812650.0,True,4140,54,clim,,,,,,,,
UC3,21,busy,all,MAE,h5,16.727424793045294,16.421948194503784,17.052233695983887,857434.0,True,4453,54,clim,0.3297631332863702,0.14683151245117188,0.5101883888244627,-0.3256294012069702,1.0436034679412838,810593.0,0.9974687749953854,False
UC3,21,busy,all,MAE,lvlh5_cbd,20.72290523515678,20.148195838928224,21.265659236907958,726307.0,True,3592,54,clim,4.4233869026070565,3.9812764644622805,4.843348026275635,2.83992018699646,6.183005809783935,687182.0,0.8456063495969974,False
UC3,21,busy,all,MAE,lvlh5_naive,17.465232882656082,17.1297429561615,17.799841356277465,828792.0,True,4294,54,clim,1.1490672751310278,0.9072094440460206,1.3945645332336425,0.398470401763916,2.004534149169922,804464.0,0.9899267827478004,False
UC3,21,busy,all,MAE,lvlh5_tft,16.89085872420526,16.57234377861023,17.22531976699829,842123.0,True,4356,54,clim,0.34702513843934213,0.0924344539642334,0.5964720249176023,-0.19251766204833984,0.9637257575988769,797516.0,0.9813769765581739,False
UC3,21,busy,all,MAE,oracle_level,9.49899674731157,9.348325085639953,9.659967017173766,854054.0,True,4374,54,clim,-6.951115490874386,-7.229033780097962,-6.701521587371826,-7.640856766700745,-6.175546097755433,808416.0,0.994789884944318,True
UC3,21,busy,all,MAE,oracle_shape,14.707546328271485,14.359621620178222,15.090939378738403,829475.0,True,4146,54,clim,-1.6185691955281847,-1.9057421207427978,-1.3054338693618774,-2.4967507123947144,-0.6507483482360841,803319.0,0.9885178120962284,True
UC3,21,busy,all,MAE,prod_served,18.699140610893405,18.35379762649536,19.065509510040282,819652.0,True,4099,54,clim,2.2962557872828455,1.9661240100860595,2.6090464115142824,1.5889909267425537,3.0322859287261963,800462.0,0.9850021534485941,False
UC3,21,busy,all,MAE,prod_served_lin,18.62977397724888,18.281657028198243,18.99470109939575,819652.0,True,4099,54,clim,2.225947640237763,1.897099494934082,2.542544889450073,1.5124691486358643,2.9609309434890747,800462.0,0.9850021534485941,False
UC3,21,busy,all,MAE,wt_med,17.08970122400826,16.78070197105408,17.41483974456787,847625.0,True,4447,54,clim,0.6694530501190386,0.4766347408294678,0.8574158668518066,0.00023937225341797347,1.4103729248046875,808575.0,0.9949855411308681,False
UC3,30,all,all,MAE,clim,8.615025549890312,8.426213312149049,8.79327929019928,2664395.0,True,4555,54,clim,,,,,,,,
UC3,30,all,all,MAE,h5,8.701316406108427,8.514976096153259,8.88662130832672,2786773.0,True,4900,54,clim,0.05314894789970204,-0.020059895515441895,0.12498440742492674,-0.18963398933410644,0.3198100090026855,2651981.0,0.9953407809277528,False
UC3,30,all,all,MAE,lvlh5_cbd,11.14356709663101,10.875214958190918,11.415342259407044,2425894.0,True,3945,54,clim,2.4981010725165014,2.3316601276397706,2.667468452453613,1.9191197395324706,3.1668026447296143,2313748.0,0.8683952642157038,False
UC3,30,all,all,MAE,lvlh5_naive,9.241387135678595,9.049338912963867,9.425315523147583,2731854.0,True,4775,54,clim,0.6085412698194386,0.5001635789871216,0.7130108118057251,0.3107548952102661,0.9385802745819092,2627776.0,0.9862561669722395,False
UC3,30,all,all,MAE,lvlh5_tft,9.314213387786358,9.126710557937622,9.502922892570496,2731531.0,True,4782,54,clim,0.6362022844831898,0.5234346628189087,0.7527424812316894,0.3624222755432129,0.9409912347793579,2601333.0,0.976331587471077,False
UC3,30,all,all,MAE,oracle_level,5.507047581239208,5.40246444940567,5.612667798995972,2772479.0,True,4834,54,clim,-3.1694723336197503,-3.3021450996398927,-3.0527860641479494,-3.610001862049103,-2.7234047174453737,2641279.0,0.9913241092255465,True
UC3,30,all,all,MAE,oracle_shape,8.29494456886344,8.110072588920593,8.487101507186889,2738530.0,True,4674,54,clim,-0.34093575003451093,-0.4922659158706665,-0.1878339529037476,-0.8156607151031494,0.1450215935707092,2623859.0,0.9847860396074907,False
UC3,30,all,all,MAE,prod_served,10.188623219529553,9.988136291503906,10.389640974998475,2742674.0,True,4613,54,clim,1.5979222484598026,1.4423038721084596,1.753532075881958,1.2195196628570557,2.010657215118408,2642520.0,0.9917898810048811,False
UC3,30,all,all,MAE,prod_served_lin,10.158206553166726,9.957394766807557,10.358253836631775,2742674.0,True,4613,54,clim,1.566905548491592,1.4110889911651612,1.7243196487426757,1.1919479370117188,1.981060266494751,2642520.0,0.9917898810048811,False
UC3,30,all,all,MAE,wt_med,8.836654302398712,8.65099139213562,9.022266244888305,2755521.0,True,4891,54,clim,0.1818567063635097,0.10807557106018066,0.25893905162811276,-0.06822466850280762,0.44662685394287105,2644123.0,0.9923915185248433,False
UC3,30,busy,all,MAE,clim,16.645093241889498,16.342178106307983,16.98821439743042,778620.0,True,3926,54,clim,,,,,,,,
UC3,30,busy,all,MAE,h5,16.855969872710553,16.551695156097413,17.187758207321167,817664.0,True,4192,54,clim,0.21517216813720452,0.036989593505859376,0.3946975708007812,-0.44012243747711177,0.9273884773254394,776247.0,0.9969523002234723,False
UC3,30,busy,all,MAE,lvlh5_cbd,20.76351379828219,20.167605447769166,21.34037504196167,699722.0,True,3420,54,clim,4.162304496060322,3.675544261932373,4.6037157535552975,2.664005160331726,5.889461040496826,666665.0,0.8562135573193599,False
UC3,30,busy,all,MAE,lvlh5_naive,17.68518125104372,17.327749300003052,18.04740176200867,802051.0,True,4094,54,clim,1.0352787323495498,0.7698480606079101,1.2830559730529782,0.23361148834228515,1.9284729957580566,772350.0,0.9919472913616398,False
UC3,30,busy,all,MAE,lvlh5_tft,17.544480002202505,17.205284452438356,17.907874965667723,802709.0,True,4102,54,clim,0.8328918564940118,0.550283670425415,1.119859981536865,0.1224545478820801,1.7031384468078612,763059.0,0.9800146412884334,False
UC3,30,busy,all,MAE,oracle_level,9.512801028863686,9.355590891838073,9.673056697845459,814818.0,True,4124,54,clim,-7.176710997697155,-7.456128859519959,-6.925499439239502,-7.940477418899536,-6.358789563179016,774393.0,0.9945711643677275,True
UC3,30,busy,all,MAE,oracle_shape,14.928376501708291,14.551928567886353,15.29785566329956,803022.0,True,4005,54,clim,-1.7377370164664985,-2.0562919855117796,-1.4123783826828002,-2.6664199590682984,-0.7384443521499643,771643.0,0.9910392746140608,True
UC3,30,busy,all,MAE,prod_served,19.641179745552943,19.279540729522704,20.04030375480652,797494.0,True,3979,54,clim,2.9451236580599343,2.5975844860076904,3.3033339977264404,2.023419952392578,3.900918555259704,771644.0,0.9910405589376076,False
UC3,30,busy,all,MAE,prod_served_lin,19.564984031227823,19.203076076507568,19.962915563583373,797494.0,True,3979,54,clim,2.867768524086234,2.5202141761779786,3.2230246543884276,1.958565092086792,3.834002757072448,771644.0,0.9910405589376076,False
UC3,30,busy,all,MAE,wt_med,17.207002750201568,16.903526163101198,17.540111207962035,808668.0,True,4189,54,clim,0.5418083503052387,0.35413413047790526,0.7221264362335205,-0.13945331573486328,1.274771451950073,774319.0,0.9944761244252652,False
UC3,45,all,all,MAE,clim,8.552489599483604,8.375108337402343,8.729827189445496,2590256.0,True,4365,54,clim,,,,,,,,
UC3,45,all,all,MAE,h5,8.690719398551225,8.50223641395569,8.877880907058715,2723956.0,True,4667,54,clim,0.009193330679071465,-0.056410789489746094,0.07519261837005616,-0.21670397520065307,0.2451862573623657,2574475.0,0.9939075519948607,False
UC3,45,all,all,MAE,lvlh5_cbd,10.928093579136135,10.557502126693725,11.347611618041991,716223.0,True,1307,54,clim,1.024292148181786,0.7302154302597046,1.3099139690399169,0.3819223642349243,1.760980343818664,699979.0,0.2702354516310357,False
UC3,45,all,all,MAE,lvlh5_naive,9.227321851239578,9.042171049118043,9.41667618751526,2657858.0,True,4574,54,clim,0.5627890474069854,0.4624069929122925,0.6560725927352905,0.2819200038909912,0.8827723979949951,2544225.0,0.9822291696264771,False
UC3,45,all,all,MAE,lvlh5_tft,9.303208942799682,9.117660903930664,9.494187378883362,2691651.0,True,4628,54,clim,0.6093604816790723,0.4991779804229736,0.7208028078079224,0.32772557735443114,0.9147506475448608,2545383.0,0.9826762296854056,False
UC3,45,all,all,MAE,oracle_level,5.571950200357109,5.46374204158783,5.67723126411438,2710271.0,True,4631,54,clim,-3.1039332590736786,-3.235047972202301,-2.9851075291633604,-3.5505125403404234,-2.6465096831321717,2564429.0,0.9900291708618763,True
UC3,45,all,all,MAE,oracle_shape,8.307126761325772,8.122213172912598,8.49838228225708,2668226.0,True,4496,54,clim,-0.34399968429763206,-0.4890747547149658,-0.2056263685226441,-0.8232050061225891,0.17691205739974963,2541735.0,0.9812678746811127,False
UC3,45,all,all,MAE,prod_served,10.0907726413971,9.893176388740539,10.296589636802674,2637006.0,True,4374,54,clim,1.5217663039309883,1.3761277675628663,1.6759299755096435,1.159620499610901,1.9095719814300536,2542439.0,0.9815396624889586,False
UC3,45,all,all,MAE,prod_served_lin,10.060925107868545,9.862861442565919,10.266640090942383,2637006.0,True,4374,54,clim,1.491144330306449,1.3452872037887573,1.6461220741271974,1.1301926851272583,1.8769144296646119,2542439.0,0.9815396624889586,False
UC3,45,all,all,MAE,wt_med,8.820592187341095,8.627412056922912,9.004499864578246,2684387.0,True,4662,54,clim,0.11486506242507488,0.04573509693145752,0.18106920719146727,-0.1160569429397583,0.35397598743438713,2565075.0,0.9902785670605531,False
UC3,45,busy,all,MAE,clim,16.822039950867325,16.49336996078491,17.172321844100953,719684.0,True,3667,54,clim,,,,,,,,
UC3,45,busy,all,MAE,h5,16.973058189778477,16.664795112609863,17.319601154327394,769044.0,True,3909,54,clim,0.0606596754962716,-0.10686955451965331,0.23260169029235828,-0.5610903739929199,0.7254045486450195,717095.0,0.9964025878024244,False
UC3,45,busy,all,MAE,lvlh5_cbd,17.116182256413293,16.561445665359496,17.751604795455933,274567.0,True,1183,54,clim,0.9557294896651563,0.4031698703765869,1.5101625442504882,-0.4257207870483398,2.3161394119262693,269448.0,0.3743976523029552,False
UC3,45,busy,all,MAE,lvlh5_naive,17.754540840776166,17.406129312515258,18.115655946731568,753654.0,True,3829,54,clim,0.8246040766514611,0.5690526485443115,1.0600653171539307,0.061564350128173836,1.7656060218811034,712993.0,0.9907028640347708,False
UC3,45,busy,all,MAE,lvlh5_tft,17.612990595643975,17.25881419181824,17.9708562374115,759653.0,True,3873,54,clim,0.6917088070629163,0.4205063343048096,0.9746972560882567,-0.019290924072265618,1.569482684135437,708106.0,0.9839123837684317,False
UC3,45,busy,all,MAE,oracle_level,9.754623852394893,9.600497889518739,9.91651611328125,766763.0,True,3863,54,clim,-7.194591513362878,-7.497419977188111,-6.926375102996826,-8.078391742706298,-6.302832841873169,715524.0,0.9942196853063289,True
UC3,45,busy,all,MAE,oracle_shape,14.977203570725836,14.605143094062806,15.359359455108642,755165.0,True,3762,54,clim,-1.9506838481589384,-2.2909130811691285,-1.6218497037887574,-2.911966347694397,-0.8174237012863161,712563.0,0.9901053795832615,True
UC3,45,busy,all,MAE,prod_served,19.665095871940586,19.291175079345702,20.057016849517822,735721.0,True,3685,54,clim,2.8220675199710534,2.461638069152832,3.189158535003662,1.9091251850128175,3.840671682357787,707524.0,0.9831036955108076,False
UC3,45,busy,all,MAE,prod_served_lin,19.586263338955934,19.21317677497864,19.97754759788513,735721.0,True,3685,54,clim,2.7411806878635936,2.3796510219573976,3.1086161136627197,1.8232761383056642,3.7713793039321892,707524.0,0.9831036955108076,False
UC3,45,busy,all,MAE,wt_med,17.27642548326478,16.96570553779602,17.62594666481018,760970.0,True,3905,54,clim,0.3416015414861242,0.17034101486206055,0.513831090927124,-0.28779048919677735,0.9910917043685907,715673.0,0.9944267206162705,False
UC3,60,all,all,MAE,clim,8.538577141334043,8.357065916061401,8.72136836051941,2509919.0,True,4273,54,clim,,,,,,,,
UC3,60,all,all,MAE,h5,8.633815330486387,8.445947408676147,8.814687991142273,2642832.0,True,4492,54,clim,-0.024928286218337092,-0.08942770957946777,0.04343979358673095,-0.3019378423690796,0.2416386485099792,2496905.0,0.9948149721166301,False
UC3,60,all,all,MAE,lvlh5_naive,9.080272306248183,8.882801151275634,9.261248064041137,2559991.0,True,4369,54,clim,0.5058958234858011,0.4062163829803467,0.6041001558303832,0.16990892887115477,0.8393534183502197,2453402.0,0.977482540273212,False
UC3,60,all,all,MAE,lvlh5_tft,4.257902860344993,3.064535766839981,5.7153558254241945,42309.0,True,173,54,clim,0.464292997438267,-0.05332400202751157,1.0583271861076353,-0.34029913544654844,2.076550531387329,40376.0,0.016086574905405313,False
UC3,60,all,all,MAE,oracle_level,5.58761722835222,5.480319190025329,5.702804911136627,2629978.0,True,4469,54,clim,-3.067404167277606,-3.201065790653229,-2.9410268545150755,-3.565595638751984,-2.607493090629578,2487470.0,0.9910558866640716,True
UC3,60,all,all,MAE,oracle_shape,8.148462874003792,7.965425217151642,8.335928201675415,2573830.0,True,4278,54,clim,-0.42884593670795823,-0.5602516531944275,-0.28366727828979493,-0.9562062978744507,0.07821300029754623,2446890.0,0.9748880342353677,False
UC3,60,all,all,MAE,prod_served,4.298616840572676,3.134992265701294,5.670267593860626,41210.0,True,168,54,clim,0.3338152089927968,-0.30564895272254944,0.996814715862274,-0.8183600544929504,1.604089760780334,40121.0,0.015984978001282114,False
UC3,60,all,all,MAE,prod_served_lin,4.299781606406212,3.1365667402744295,5.674652576446533,41210.0,True,168,54,clim,0.33485581117120766,-0.30543158650398256,0.9987598419189452,-0.8158909797668457,1.6057009339332577,40121.0,0.015984978001282114,False
UC3,60,all,all,MAE,wt_med,8.72634395154463,8.537103748321533,8.905327296257019,2598680.0,True,4490,54,clim,0.04966645470697095,-0.012452673912048339,0.11692333221435544,-0.23212175369262694,0.3171108841896057,2489467.0,0.9918515298700874,False
UC3,60,busy,all,MAE,clim,17.21449268183957,16.88154535293579,17.57990460395813,686443.0,True,3486,54,clim,,,,,,,,
UC3,60,busy,all,MAE,h5,17.17178946769412,16.853405237197876,17.529806184768677,720488.0,True,3622,54,clim,-0.22424045579963092,-0.3774505615234375,-0.05003929138183598,-0.9600752353668213,0.5647399902343748,683897.0,0.9962910248920887,False
UC3,60,busy,all,MAE,lvlh5_naive,17.77059849840254,17.430667877197266,18.116807794570924,701417.0,True,3548,54,clim,0.4920152845591126,0.23471283912658691,0.746265697479248,-0.3953710079193115,1.4651213645935057,675589.0,0.9841880534873252,False
UC3,60,busy,all,MAE,lvlh5_tft,19.63661521393139,14.559262490272522,24.04637928009033,1807.0,True,18,54,clim,6.87658408041376,4.347219562530517,8.90145914554596,5.483640193939209,10.771408081054688,1683.0,0.0024517694841377944,False
UC3,60,busy,all,MAE,oracle_level,10.045111751183784,9.869817924499511,10.221219158172607,718661.0,True,3591,54,clim,-7.341379451805604,-7.635197877883911,-7.064519023895263,-8.415015697479248,-6.3798812389373785,682494.0,0.9942471552627093,True
UC3,60,busy,all,MAE,oracle_shape,15.010076128100023,14.63844165802002,15.3939213514328,703906.0,True,3461,54,clim,-2.2450888621950433,-2.5894423007965086,-1.903966736793518,-3.3611358404159546,-0.9666551589965824,674374.0,0.9824180594747124,True
UC3,60,busy,all,MAE,prod_served,20.740308019118427,16.670103073120117,24.001960372924803,1883.0,True,18,54,clim,8.030897207367797,5.593745517730713,10.32784538269043,4.623392105102539,9.508197784423828,1683.0,0.0024517694841377944,False
UC3,60,busy,all,MAE,prod_served_lin,20.71408656399363,16.64971718788147,23.989821672439575,1883.0,True,18,54,clim,7.998588829471181,5.551297664642334,10.290299940109252,4.647493362426758,9.354509353637695,1683.0,0.0024517694841377944,False
UC3,60,busy,all,MAE,wt_med,17.374327313662025,17.061530685424806,17.721802377700804,712442.0,True,3621,54,clim,-0.02888536076676118,-0.18312397003173828,0.15217781066894526,-0.7629360675811767,0.7622981071472167,682768.0,0.9946463144062945,False
UC3,90,all,all,MAE,clim,8.584985930721409,8.400042510032653,8.773906803131103,2310353.0,True,3960,54,wt_med,0.29591037749825233,0.23214056491851806,0.3544143199920654,0.03573198318481446,0.602697205543518,2295004.0,0.9424862621059993,False
UC3,90,all,all,MAE,h5,8.326110784981498,8.135078930854798,8.50622546672821,2470899.0,True,4130,54,wt_med,-0.05923769934370959,-0.06838746070861816,-0.05104000568389893,-0.08404824733734131,-0.036210942268371585,2435053.0,1.0,True
UC3,90,all,all,MAE,lvlh5_naive,8.934748072122106,8.746737313270568,9.131511306762695,2395725.0,True,4094,54,wt_med,0.5668995342177379,0.5026397943496704,0.633697772026062,0.4574020028114319,0.6806017637252807,2366116.0,0.9716897332419459,False
UC3,90,all,all,MAE,oracle_level,5.457082652237093,5.3562848448753355,5.568421411514282,2460434.0,True,4127,54,wt_med,-2.974305568980955,-3.0963871479034424,-2.8548104047775267,-3.4411807298660277,-2.540593445301056,2425924.0,0.9962510056249289,True
UC3,90,all,all,MAE,oracle_shape,7.895082146805638,7.708292078971863,8.084087467193603,2407868.0,True,4035,54,wt_med,-0.46321463825218157,-0.5651387810707093,-0.3482855319976807,-0.7862154960632324,-0.14241831302642827,2354414.0,0.9668840883545451,True
UC3,90,all,all,MAE,wt_med,8.419317977883848,8.226719784736634,8.600227236747742,2435053.0,True,4130,54,wt_med,,,,,,,,
UC3,90,busy,all,MAE,clim,17.133679000530837,16.789253282546998,17.504006385803223,668755.0,True,3243,54,wt_med,0.6552402892583729,0.49112939834594727,0.8001467704772949,-0.08852367401123046,1.4606961727142334,665011.0,0.9379523076771185,False
UC3,90,busy,all,MAE,h5,16.55103684605183,16.211781072616578,16.911135482788087,714812.0,True,3398,54,wt_med,-0.14299816079762806,-0.16545491218566893,-0.12033119201660157,-0.2046192169189453,-0.08866801261901856,709003.0,1.0,True
UC3,90,busy,all,MAE,lvlh5_naive,17.45856310702084,17.09326066970825,17.822944688796998,697080.0,True,3360,54,wt_med,0.8563388729816523,0.6929235935211182,1.0230411052703856,0.6223966598510742,1.094197416305542,692292.0,0.9764302830876597,False
UC3,90,busy,all,MAE,oracle_level,9.860358821343553,9.696578431129456,10.034181118011475,713302.0,True,3377,54,wt_med,-6.871882782625537,-7.141828465461731,-6.601454854011536,-7.79808828830719,-5.9386920690536495,707581.0,0.9979943667375173,True
UC3,90,busy,all,MAE,oracle_shape,14.768349176251444,14.389206552505494,15.192963600158691,697591.0,True,3294,54,wt_med,-1.8249706775267622,-2.056613874435425,-1.5545676708221436,-2.4315356731414797,-1.1585867881774903,689962.0,0.9731439782342247,True
UC3,90,busy,all,MAE,wt_med,16.71618526296786,16.377231073379516,17.075502347946166,709003.0,True,3398,54,wt_med,,,,,,,,
UC2,1,all,all,MAE,clim,8.284720455603393,8.109121513366699,8.464374351501466,2794887.0,True,5001,54,wt_med,0.2931502700574322,0.21845370531082153,0.364191460609436,0.10780851840972902,0.4818609952926636,2783482.0,0.9450303508297206,False
UC2,1,all,all,MAE,h5,7.979548225690509,7.817153775691986,8.147102117538452,2967267.0,True,5411,54,wt_med,-0.1356543015201046,-0.14855601787567138,-0.12389065027236938,-0.16603617668151854,-0.10540045499801637,2945389.0,1.0,True
UC2,1,all,all,MAE,lvlh5_cbd,10.208151747067596,9.9730295419693,10.470968103408813,2480253.0,True,4162,54,wt_med,2.1163202943092507,1.9526363134384155,2.2703181505203247,1.6464721441268921,2.631477880477905,2466181.0,0.8373023054000677,False
UC2,1,all,all,MAE,lvlh5_naive,8.15172989053441,7.9876761674880985,8.329992723464965,2889442.0,True,5339,54,wt_med,0.037808753928555205,-0.025124287605285643,0.10027260780334471,-0.07978750467300415,0.14300622940063473,2872937.0,0.9754015513740291,False
UC2,1,all,all,MAE,lvlh5_tft,7.856737871382176,7.695970129966736,8.0209712266922,2902628.0,True,5283,54,wt_med,-0.2847266609860428,-0.38352553844451903,-0.18794262409210205,-0.5163216829299927,-0.05153362751007089,2882077.0,0.978504706848569,True
UC2,1,all,all,MAE,oracle_level,5.337994589902209,5.242543649673462,5.438685250282288,2950408.0,True,5344,54,wt_med,-2.7914913693131753,-2.9079851627349855,-2.677015471458435,-3.1850571632385254,-2.408758544921875,2930188.0,0.9948390518196408,True
UC2,1,all,all,MAE,oracle_shape,6.958126509347726,6.786658799648285,7.136986196041107,2888546.0,True,5223,54,wt_med,-1.1636553521610953,-1.2594787716865539,-1.0657932043075562,-1.4232898235321045,-0.9002745509147644,2858965.0,0.9706578655654652,True
UC2,1,all,all,MAE,snaive7,8.44295663100586,8.250432515144348,8.653621530532837,2525929.0,True,4972,54,wt_med,0.46130158233653873,0.3025499939918518,0.6091176390647888,0.12309261560440064,0.7764394879341124,2512803.0,0.8531311144300464,False
UC2,1,all,all,MAE,wt_med,8.111237089566098,7.947451949119568,8.278419613838196,2945389.0,True,5407,54,wt_med,,,,,,,,
UC2,1,busy,all,MAE,clim,16.0982944483784,15.811113357543945,16.437143325805664,871331.0,True,4450,54,wt_med,0.538035808429278,0.36392405033111574,0.7159028053283691,0.08526964187622071,0.9850742578506468,868734.0,0.9118221559808763,False
UC2,1,busy,all,MAE,h5,15.095798574537756,14.833935236930847,15.391797041893005,959829.0,True,4790,54,wt_med,-0.3128491227978092,-0.34337286949157714,-0.2860240459442139,-0.3812181234359741,-0.24339036941528322,952745.0,1.0,True
UC2,1,busy,all,MAE,lvlh5_cbd,18.19117444961456,17.731551313400267,18.67312345504761,806689.0,True,3758,54,wt_med,3.091652732438483,2.6836878299713134,3.494971179962158,1.873985552787781,4.366314220428467,802104.0,0.8418873885457284,False
UC2,1,busy,all,MAE,lvlh5_naive,15.124195525638708,14.822910261154174,15.41873996257782,932577.0,True,4719,54,wt_med,-0.3592558839324962,-0.5016459226608276,-0.2175771474838257,-0.6242370367050171,-0.10835466384887696,926823.0,0.9727923001432702,True
UC2,1,busy,all,MAE,lvlh5_tft,14.106792110718352,13.831112670898438,14.411457872390747,940386.0,True,4677,54,wt_med,-1.33579208307696,-1.5809977293014525,-1.1189093589782715,-1.8605736255645753,-0.8181383371353151,933566.0,0.979869744790054,True
UC2,1,busy,all,MAE,oracle_level,9.160386652034372,9.025636959075928,9.29566855430603,956174.0,True,4705,54,wt_med,-6.272557719068322,-6.531142663955689,-6.040258741378784,-6.934031414985657,-5.554801177978516,949418.0,0.9965079848228015,True
UC2,1,busy,all,MAE,oracle_shape,12.28308534891326,11.962021207809448,12.614520931243897,932831.0,True,4618,54,wt_med,-3.1898603356675306,-3.374762511253357,-2.998979353904724,-3.54059841632843,-2.818518328666687,923730.0,0.9695458910831335,True
UC2,1,busy,all,MAE,snaive7,15.923732578673645,15.54725160598755,16.297156715393065,803541.0,True,4376,54,wt_med,0.6204869185774076,0.25941283702850343,0.987118649482727,-0.1787243127822876,1.4115630388259888,800257.0,0.8399487795790059,False
UC2,1,busy,all,MAE,wt_med,15.417910878566667,15.154253554344177,15.710430479049682,952745.0,True,4788,54,wt_med,,,,,,,,
UC1,m015,all,all,MAE,clim,8.096993254528725,7.918496215343476,8.282503581047058,341266.0,True,4941,54,persistence,6.208473192563392,6.040261781215667,6.3886706829071045,5.523009514808654,6.848261845111846,307452.0,0.9214667845529064,False
UC1,m015,all,all,MAE,h5,7.730475363569684,7.569551157951355,7.898067212104797,362654.0,True,5376,54,persistence,5.775546918658446,5.616411674022674,5.939703893661499,5.157484769821167,6.3516381740570065,327471.0,0.9814658854205691,False
UC1,m015,all,all,MAE,lvlh5_naive,7.955464154145995,7.788877677917481,8.137678289413453,352274.0,True,5273,54,persistence,6.020748100382988,5.86143684387207,6.199048912525177,5.386707210540772,6.621542143821716,317301.0,0.9509852991862853,False
UC1,m015,all,all,MAE,lvlh5_tft,7.5645099046297934,7.403780567646026,7.723388946056366,354528.0,True,5251,54,persistence,5.598505474268492,5.448230588436127,5.74376757144928,5.045375311374665,6.1450374007225035,319987.0,0.9590355307128621,False
UC1,m015,all,all,MAE,persistence,2.462903298317124,2.408364123106003,2.519074982404709,333655.0,True,5390,54,persistence,,,,,,,,
UC1,m015,all,all,MAE,snaive7,8.318296689824274,8.121852207183839,8.536068320274353,305875.0,True,4919,54,persistence,6.320130662646277,6.126129245758056,6.518500542640686,5.611084365844727,7.023229050636291,278580.0,0.8349342884116827,False
UC1,m015,all,all,MAE,wt_med,7.8530856727305025,7.691186392307282,8.022950172424316,360278.0,True,5373,54,persistence,5.888633879445863,5.7304239153862,6.052784931659699,5.256784021854401,6.475742125511169,325696.0,0.9761460190915766,False
UC1,m015,busy,all,MAE,clim,15.906389954458701,15.603570914268493,16.260455465316774,105838.0,True,4391,54,persistence,12.067392308877137,11.748227190971374,12.436620807647705,10.919398164749145,13.111749815940858,97385.0,0.8896532193232478,False
UC1,m015,busy,all,MAE,h5,14.720445951482663,14.456151151657105,15.033301424980163,117154.0,True,4756,54,persistence,10.876316160300124,10.581165099143982,11.19953715801239,9.816781044006348,11.7878347158432,108222.0,0.988653803990353,False
UC1,m015,busy,all,MAE,lvlh5_naive,14.924074999414461,14.624835419654847,15.241170954704284,113413.0,True,4670,54,persistence,11.062981760071855,10.745590567588806,11.407190942764283,9.967892980575561,12.04532618522644,104545.0,0.9550628517138054,False
UC1,m015,busy,all,MAE,lvlh5_tft,13.699332725715799,13.408242511749268,13.986754727363586,114719.0,True,4649,54,persistence,9.81500027982331,9.5190181016922,10.114915657043458,8.970705509185791,10.635236597061157,105964.0,0.9680260176861799,False
UC1,m015,busy,all,MAE,persistence,4.423865380399035,4.334735548496246,4.517901027202607,109464.0,True,4770,54,persistence,,,,,,,,
UC1,m015,busy,all,MAE,snaive7,15.877636521236637,15.483535122871398,16.267629957199098,96908.0,True,4335,54,persistence,11.88144089789943,11.480852365493774,12.298090195655822,10.689241933822633,13.006422662734986,90166.0,0.8237045969451143,False
UC1,m015,busy,all,MAE,wt_med,15.037628033271465,14.76420967578888,15.342587876319886,116376.0,True,4756,54,persistence,11.142285751449382,10.845200109481812,11.463054704666138,10.069210648536682,12.035444784164428,107632.0,0.9832639041145947,False
UC1,m030,all,all,MAE,clim,8.107160742544648,7.930242609977722,8.291583728790282,349447.0,True,4956,54,persistence,4.700352439918321,4.547408258914947,4.876820981502533,4.118748807907105,5.235982000827789,305584.0,0.9200263738645841,False
UC1,m030,all,all,MAE,h5,7.740888288263999,7.5765410423278805,7.909540367126465,370910.0,True,5382,54,persistence,4.215225269734501,4.072967755794525,4.364852726459503,3.6844424962997437,4.695792126655578,325876.0,0.9811198053873736,False
UC1,m030,all,all,MAE,lvlh5_naive,7.9853155936241444,7.820100045204162,8.165135192871094,360372.0,True,5289,54,persistence,4.485844583974172,4.334239721298218,4.650047254562378,3.9211084246635437,5.007780659198761,315619.0,0.9502389002459755,False
UC1,m030,all,all,MAE,lvlh5_tft,7.615942399008397,7.456543290615082,7.775533187389374,362564.0,True,5256,54,persistence,4.082725240675823,3.9387777209281922,4.222484529018402,3.6304262936115266,4.536210143566132,318411.0,0.958644816903359,False
UC1,m030,all,all,MAE,persistence,4.059043134515742,3.976649510860443,4.145922076702118,332147.0,True,5388,54,persistence,,,,,,,,
UC1,m030,all,all,MAE,snaive7,8.324952561669829,8.132611441612244,8.538434052467347,314092.0,True,4921,54,persistence,4.818700171561207,4.6376677513122555,5.01785579919815,4.206151604652405,5.395003569126129,277452.0,0.8353289356820925,False
UC1,m030,all,all,MAE,wt_med,7.890736934582074,7.724546432495117,8.0591961145401,368798.0,True,5382,54,persistence,4.356301574815295,4.207646274566651,4.5107682824134825,3.8005612671375273,4.852527379989624,324165.0,0.9759684717911046,False
UC1,m030,busy,all,MAE,clim,15.891195844711786,15.604014492034912,16.2315890789032,108392.0,True,4405,54,persistence,9.20477775259134,8.858333921432495,9.578041219711304,8.053370237350464,10.265165281295776,97054.0,0.8878541436059755,False
UC1,m030,busy,all,MAE,h5,14.769529847818283,14.516560983657836,15.06468732357025,119791.0,True,4761,54,persistence,8.053649449227066,7.7511461734771725,8.372483944892883,7.024013555049896,8.971426463127136,108030.0,0.9882630611180738,False
UC1,m030,busy,all,MAE,lvlh5_naive,14.978247831580777,14.674587726593018,15.278457069396973,115970.0,True,4681,54,persistence,8.233690026539348,7.90555739402771,8.583125329017639,7.168667197227478,9.193366479873657,104302.0,0.9541591576482211,False
UC1,m030,busy,all,MAE,lvlh5_tft,13.79681709108657,13.528808832168579,14.101357889175414,117314.0,True,4653,54,persistence,7.035911880219902,6.754912972450256,7.3184844017028805,6.23340072631836,7.875862240791321,105785.0,0.967725705085397,False
UC1,m030,busy,all,MAE,persistence,7.2551938012862145,7.125908672809601,7.383015561103821,109313.0,True,4761,54,persistence,,,,,,,,
UC1,m030,busy,all,MAE,snaive7,15.851715044889085,15.453953099250793,16.247066020965576,99356.0,True,4324,54,persistence,9.059617072818392,8.678303766250611,9.475919818878173,7.9444639682769775,10.096421766281127,89991.0,0.8232415174773358,False
UC1,m030,busy,all,MAE,wt_med,15.090784679193323,14.819793081283569,15.382161283493042,119106.0,True,4759,54,persistence,8.322556488897572,8.014069819450379,8.636446046829224,7.270771908760071,9.261634421348571,107499.0,0.983405450403886,False
UC1,m045,all,all,MAE,clim,8.175049422949835,7.994999289512634,8.354707479476929,352569.0,True,4969,54,persistence,3.8726463045153734,3.7224482178688048,4.0408284902572635,3.3246039509773255,4.354413533210755,301016.0,0.9181824005075662,False
UC1,m045,all,all,MAE,h5,7.806509998316017,7.641118228435516,7.973980104923248,374113.0,True,5386,54,persistence,3.3394181050574945,3.1980851531028747,3.484943222999573,2.857818591594696,3.7637114048004148,321424.0,0.9804324683762456,False
UC1,m045,all,all,MAE,lvlh5_naive,8.047070036117072,7.883431398868561,8.225664186477662,363521.0,True,5279,54,persistence,3.6369965429338054,3.4985626220703123,3.799411690235138,3.1321332097053527,4.087424862384796,311186.0,0.9492037249991612,False
UC1,m045,all,all,MAE,lvlh5_tft,7.684389414637715,7.526748752593994,7.842418313026428,365652.0,True,5261,54,persistence,3.21397584202355,3.083548390865326,3.3509862780570985,2.8257675647735594,3.614967739582062,313971.0,0.9576987484710483,False
UC1,m045,all,all,MAE,persistence,4.987963604086152,4.890536057949066,5.087001097202301,327839.0,True,5390,54,persistence,,,,,,,,
UC1,m045,all,all,MAE,snaive7,8.371035800787164,8.16903896331787,8.58436713218689,317088.0,True,4929,54,persistence,3.9582109210646665,3.778607702255249,4.146942186355591,3.4398422122001646,4.4407248258590695,273325.0,0.8337171599474132,False
UC1,m045,all,all,MAE,wt_med,7.951125313781667,7.78615380525589,8.123161721229554,372074.0,True,5385,54,persistence,3.4644692758401705,3.3221524238586424,3.6128461241722105,2.9804165720939637,3.9157969117164613,319667.0,0.9750731304085237,False
UC1,m045,busy,all,MAE,clim,15.965904129525196,15.669035029411315,16.31403832435608,109940.0,True,4418,54,persistence,7.681636507837121,7.347802758216858,8.027664399147033,6.514788937568665,8.674588847160338,95826.0,0.8856458932152792,False
UC1,m045,busy,all,MAE,h5,14.855127008268006,14.603513956069946,15.133142828941345,121311.0,True,4765,54,persistence,6.47887963309622,6.184880590438842,6.780502200126648,5.446417880058289,7.383593440055847,106840.0,0.9874398099797596,False
UC1,m045,busy,all,MAE,lvlh5_naive,15.072897748153379,14.778289628028869,15.36382966041565,117423.0,True,4671,54,persistence,6.701341897930378,6.4069689273834225,7.035432767868042,5.663308453559876,7.665661478042603,103069.0,0.9525873621752512,False
UC1,m045,busy,all,MAE,lvlh5_tft,13.91045234149556,13.649517059326172,14.19063618183136,118804.0,True,4657,54,persistence,5.483718154004036,5.206448054313659,5.774234318733216,4.7597695112228395,6.2517777442932125,104593.0,0.9666725200787438,False
UC1,m045,busy,all,MAE,persistence,8.889749443155667,8.746985697746277,9.034362244606019,108199.0,True,4759,54,persistence,,,,,,,,
UC1,m045,busy,all,MAE,snaive7,15.915405606549243,15.540300679206847,16.30306706428528,100775.0,True,4333,54,persistence,7.5117787947959656,7.1374842643737795,7.92187340259552,6.530872631072998,8.423020625114441,88931.0,0.8219207201545301,False
UC1,m045,busy,all,MAE,wt_med,15.172722904342928,14.907951474189758,15.453547620773316,120702.0,True,4762,54,persistence,6.716273274402859,6.416208362579345,7.021939039230347,5.689255428314209,7.638810849189758,106340.0,0.9828186951820257,False
UC1,m060,all,all,MAE,clim,8.241898961836114,8.066028189659118,8.420530152320861,354183.0,True,4966,54,persistence,3.272113418792264,3.12577303647995,3.4381516933441163,2.750294899940491,3.726170921325683,298857.0,0.9163176452552506,False
UC1,m060,all,all,MAE,h5,7.87110887890492,7.704246795177459,8.03623960018158,375936.0,True,5389,54,persistence,2.691870829018299,2.5571468114852904,2.838434433937073,2.23663991689682,3.09170663356781,319619.0,0.979975471408861,False
UC1,m060,all,all,MAE,lvlh5_naive,8.088997837433316,7.922706842422485,8.264464330673217,365264.0,True,5284,54,persistence,2.9733393527214185,2.836490046977997,3.135929787158966,2.4987664341926576,3.406942820549011,309341.0,0.948462363942971,False
UC1,m060,all,all,MAE,lvlh5_tft,7.727940739882085,7.5774265170097355,7.887397730350495,367507.0,True,5264,54,persistence,2.5390668077532954,2.410739505290985,2.6693996310234067,2.1898254275321962,2.9126553297042848,312259.0,0.9574091675609382,False
UC1,m060,all,all,MAE,persistence,5.631516173539782,5.5227444767951965,5.744890141487121,326150.0,True,5389,54,persistence,,,,,,,,
UC1,m060,all,all,MAE,snaive7,8.41802032287091,8.223457431793213,8.628776741027831,318951.0,True,4939,54,persistence,3.303624504167387,3.130311441421509,3.4973323225975035,2.8197596311569213,3.749581742286682,271513.0,0.8324789207419899,False
UC1,m060,all,all,MAE,wt_med,8.010167996471672,7.843582963943481,8.18175687789917,374115.0,True,5388,54,persistence,2.8089424119986806,2.671827161312103,2.9593910336494447,2.343113136291504,3.23017441034317,318035.0,0.9751188103633297,False
UC1,m060,busy,all,MAE,clim,16.02816914136987,15.728653264045715,16.3700927734375,110653.0,True,4412,54,persistence,6.552083770732732,6.220890831947327,6.899574971199035,5.447275280952454,7.546386551856994,95260.0,0.8836242880730201,False
UC1,m060,busy,all,MAE,h5,14.918065928036818,14.659635019302367,15.218364453315735,122118.0,True,4771,54,persistence,5.271208032868573,4.981810998916626,5.576743459701538,4.295356488227844,6.163952493667602,106363.0,0.9866148451848691,False
UC1,m060,busy,all,MAE,lvlh5_naive,15.109111128067656,14.816941809654235,15.402771615982056,118209.0,True,4675,54,persistence,5.475010511344374,5.177875232696533,5.816052031517029,4.4617996454238895,6.40137882232666,102585.0,0.9515704135205832,False
UC1,m060,busy,all,MAE,lvlh5_tft,13.963186668712147,13.708532452583313,14.239397025108337,119623.0,True,4663,54,persistence,4.25141491817995,3.9853026628494264,4.54777421951294,3.537593626976013,4.979169487953186,104139.0,0.9659851956291857,False
UC1,m060,busy,all,MAE,persistence,10.058354822551621,9.901699590682984,10.212235832214356,107806.0,True,4764,54,persistence,,,,,,,,
UC1,m060,busy,all,MAE,snaive7,15.92026617317006,15.544847130775452,16.29963574409485,101588.0,True,4335,54,persistence,6.248929850122543,5.887068223953247,6.670185112953186,5.360924196243286,7.081335687637329,88539.0,0.8212808192493924,False
UC1,m060,busy,all,MAE,wt_med,15.244167783634435,14.984574961662293,15.539839100837707,121609.0,True,4769,54,persistence,5.528113113160353,5.225042486190796,5.838285493850708,4.500205731391906,6.41616129875183,105947.0,0.9827560618147413,False
UC1,m075,all,all,MAE,clim,8.274990780469816,8.097079229354858,8.459278249740601,341666.0,True,4953,54,persistence,2.84232327928627,2.6953054428100587,3.004451096057892,2.3255060076713563,3.272220993041992,273157.0,0.9159303756509259,False
UC1,m075,all,all,MAE,h5,7.953022071237049,7.791260659694672,8.122966504096985,362508.0,True,5379,54,persistence,2.18566441788084,2.044257164001465,2.3388758540153503,1.7480697989463807,2.5843034982681274,292380.0,0.9803875545302435,False
UC1,m075,all,all,MAE,lvlh5_naive,8.199536542482733,8.031551098823547,8.377258133888244,352321.0,True,5260,54,persistence,2.501041874586238,2.3612573623657225,2.669871413707733,2.041394281387329,2.905054032802582,283341.0,0.9500786308507891,False
UC1,m075,all,all,MAE,lvlh5_tft,7.791025086784269,7.630639398097992,7.953312075138092,354454.0,True,5255,54,persistence,2.013799501185801,1.886848545074463,2.1542479038238525,1.669117558002472,2.348139882087707,285683.0,0.9579316565458088,False
UC1,m075,all,all,MAE,persistence,6.244419556783545,6.123438787460327,6.358796548843384,298229.0,True,5377,54,persistence,,,,,,,,
UC1,m075,all,all,MAE,snaive7,8.516384690529431,8.31169090270996,8.72933280467987,308123.0,True,4930,54,persistence,2.8979699055135786,2.722429037094116,3.0889583110809324,2.4010996580123902,3.344835269451141,249348.0,0.8360957519221806,False
UC1,m075,all,all,MAE,wt_med,8.04980466040322,7.886659586429596,8.216936421394347,360398.0,True,5375,54,persistence,2.2995922324756224,2.157028555870056,2.4513043642044066,1.8373538374900817,2.7111756682395933,290852.0,0.9752639749990779,False
UC1,m075,busy,all,MAE,clim,15.983309738469563,15.688634991645813,16.327766990661623,107368.0,True,4401,54,persistence,5.769294329618877,5.433246159553528,6.126307773590088,4.644040441513061,6.7366664648056025,87137.0,0.8842176829330167,False
UC1,m075,busy,all,MAE,h5,14.96106916800122,14.70362229347229,15.250963592529297,118017.0,True,4761,54,persistence,4.350547333628054,4.0474656343460085,4.6678916931152346,3.38630793094635,5.2114835500717165,97267.0,0.9870112738084366,False
UC1,m075,busy,all,MAE,lvlh5_naive,15.134584444882515,14.828977394104005,15.42881441116333,114329.0,True,4662,54,persistence,4.6339802475447005,4.343260741233825,4.976065635681152,3.6520269870758058,5.508689022064209,93839.0,0.9522258414766558,False
UC1,m075,busy,all,MAE,lvlh5_tft,13.901167063049238,13.614233613014221,14.188215517997742,115634.0,True,4651,54,persistence,3.3481788869798113,3.070849585533142,3.6373353004455566,2.6864727258682253,3.9744445085525513,95256.0,0.96660476726841,False
UC1,m075,busy,all,MAE,persistence,11.057140247800541,10.882593655586243,11.21944580078125,98547.0,True,4750,54,persistence,,,,,,,,
UC1,m075,busy,all,MAE,snaive7,16.019009443988946,15.615122532844543,16.407386779785156,98793.0,True,4332,54,persistence,5.578001155117541,5.206691265106201,5.991537117958069,4.620633912086487,6.443406701087952,81377.0,0.8257684150709813,False
UC1,m075,busy,all,MAE,wt_med,15.23073908079276,14.968116188049317,15.516417384147644,117362.0,True,4757,54,persistence,4.602915650700499,4.289553141593933,4.9255290746688845,3.624870491027832,5.481284189224243,96788.0,0.9821506489289374,False
UC1,m090,all,all,MAE,clim,8.337344976247993,8.15459475517273,8.523727178573608,346076.0,True,4941,54,persistence,2.3365876815620883,2.1896466851234435,2.5007028460502623,1.8494122743606567,2.7621771454811097,271739.0,0.9157570508564823,False
UC1,m090,all,all,MAE,h5,7.965540152130204,7.806184840202332,8.134424257278443,367054.0,True,5377,54,persistence,1.6099277218192451,1.473711407184601,1.761010980606079,1.171718168258667,2.021771454811096,290890.0,0.9802956827089307,False
UC1,m090,all,all,MAE,lvlh5_naive,8.240404285451104,8.073036050796508,8.42356779575348,356689.0,True,5260,54,persistence,1.9720266653031553,1.8374026536941528,2.1317540526390077,1.5228739261627198,2.362858700752258,281819.0,0.9497265255091208,False
UC1,m090,all,all,MAE,lvlh5_tft,7.837888512214178,7.67431811094284,8.00040831565857,358834.0,True,5251,54,persistence,1.4943124862860246,1.365671956539154,1.622933316230774,1.1565834641456605,1.8125368356704712,284204.0,0.9577639458510399,False
UC1,m090,all,all,MAE,persistence,6.777277521845944,6.64565749168396,6.900450885295868,296737.0,True,5372,54,persistence,,,,,,,,
UC1,m090,all,all,MAE,snaive7,8.526539766519063,8.329258227348328,8.73743245601654,313002.0,True,4926,54,persistence,2.362384103830103,2.1920282006263734,2.5455753326416017,1.9139121055603028,2.781841456890106,248714.0,0.8381630871782083,False
UC1,m090,all,all,MAE,wt_med,8.088208301828901,7.920426607131958,8.25718595981598,365028.0,True,5374,54,persistence,1.7487932887158237,1.6114144802093506,1.906064760684967,1.2923715472221375,2.174130618572235,289423.0,0.9753519109514486,False
UC1,m090,busy,all,MAE,clim,16.106373709023536,15.799945092201233,16.4547167301178,109026.0,True,4395,54,persistence,4.887610934841588,4.551029944419861,5.234911155700684,3.8383442878723146,5.847836518287658,86988.0,0.8841052535292863,False
UC1,m090,busy,all,MAE,h5,14.993358579323472,14.728130841255188,15.28999741077423,119788.0,True,4761,54,persistence,3.350914791162383,3.041782188415527,3.6768051862716673,2.372793102264404,4.2314613342285154,97085.0,0.9867264282302243,False
UC1,m090,busy,all,MAE,lvlh5_naive,15.219469892600904,14.912825775146484,15.526278805732726,116002.0,True,4668,54,persistence,3.698557021982868,3.397058916091919,4.03857614994049,2.684628629684448,4.546924519538879,93596.0,0.951265867813113,False
UC1,m090,busy,all,MAE,lvlh5_tft,13.982662503378334,13.703080821037293,14.271797060966492,117327.0,True,4650,54,persistence,2.411489935468998,2.1335369110107423,2.693841648101807,1.7628943204879761,2.998564338684082,95048.0,0.9660233151406125,False
UC1,m090,busy,all,MAE,persistence,11.973950869490096,11.8040301322937,12.153772497177124,98391.0,True,4747,54,persistence,,,,,,,,
UC1,m090,busy,all,MAE,snaive7,15.972495890820342,15.584665036201477,16.366932964324953,100385.0,True,4326,54,persistence,4.580482699174977,4.2093973636627195,5.011994576454162,3.7291325330734253,5.3665870189666744,81210.0,0.8253803701558069,False
UC1,m090,busy,all,MAE,wt_med,15.280423524672033,15.017607808113098,15.585289478302002,119143.0,True,4756,54,persistence,3.6315950126752536,3.3135272741317747,3.958952713012695,2.651056408882141,4.5238626241683955,96645.0,0.9822544744946184,False
UC1,m105,all,all,MAE,clim,8.40128356379072,8.224784588813781,8.58481330871582,345834.0,True,4931,54,persistence,1.9721046707934713,1.8251068711280822,2.1322420597076417,1.4825505495071412,2.3970470786094666,266550.0,0.9150548929947063,False
UC1,m105,all,all,MAE,h5,8.004930522825783,7.842485404014587,8.164763975143433,367063.0,True,5374,54,persistence,1.1727098401517964,1.033952796459198,1.3219175577163695,0.7401913642883301,1.571212327480316,285646.0,0.980610654527728,False
UC1,m105,all,all,MAE,lvlh5_naive,8.278023061847534,8.111520695686341,8.455261301994323,356489.0,True,5251,54,persistence,1.5568948872599293,1.4217267036437988,1.7138777136802672,1.0966015100479125,1.9427816629409786,276600.0,0.9495561185606295,False
UC1,m105,all,all,MAE,lvlh5_tft,7.863819963438867,7.704441821575164,8.027533340454102,358503.0,True,5248,54,persistence,1.0666011259623396,0.940576148033142,1.1901374816894532,0.729572856426239,1.3848804712295533,279010.0,0.9578295467809155,False
UC1,m105,all,all,MAE,persistence,7.213269068363921,7.075289726257324,7.3473775625228885,291294.0,True,5363,54,persistence,,,,,,,,
UC1,m105,all,all,MAE,snaive7,8.579221534127747,8.381824588775634,8.796797156333923,313103.0,True,4922,54,persistence,1.9630948818946052,1.7830637335777282,2.142068219184875,1.5125485897064208,2.369832456111908,243977.0,0.8375627373032057,False
UC1,m105,all,all,MAE,wt_med,8.136853259440988,7.971536934375763,8.30041995048523,365216.0,True,5371,54,persistence,1.326151199484955,1.1840728282928468,1.4823139309883118,0.8746081471443177,1.7188655853271484,284247.0,0.9758079466106407,False
UC1,m105,busy,all,MAE,clim,16.187739270602457,15.882445335388184,16.541520023345946,109186.0,True,4381,54,persistence,4.286627484955629,3.9727307558059692,4.648661780357361,3.2720513343811035,5.1811216354370115,85414.0,0.88188407293452,False
UC1,m105,busy,all,MAE,h5,15.014578149575174,14.746125435829162,15.319465970993042,120167.0,True,4755,54,persistence,2.592984344269155,2.28141393661499,2.9093435049057,1.5976784467697143,3.443625736236572,95588.0,0.9869287793999215,False
UC1,m105,busy,all,MAE,lvlh5_naive,15.227798313214038,14.916141462326049,15.549523377418518,116371.0,True,4659,54,persistence,2.9656037563735786,2.6640169620513916,3.3082488059997557,1.993018674850464,3.849017596244812,92125.0,0.9511739318974952,False
UC1,m105,busy,all,MAE,lvlh5_tft,13.962206639289752,13.67871334552765,14.25698471069336,117590.0,True,4643,54,persistence,1.6549080535937595,1.3896790027618409,1.9431954860687255,0.984270429611206,2.263169455528259,93549.0,0.9658764738678837,False
UC1,m105,busy,all,MAE,persistence,12.711906581039504,12.527990126609803,12.910339283943177,96854.0,True,4739,54,persistence,,,,,,,,
UC1,m105,busy,all,MAE,snaive7,16.00882035221946,15.620895481109619,16.39699296951294,100903.0,True,4325,54,persistence,3.8947598580638694,3.5163148641586304,4.33040976524353,2.9763731002807616,4.726168894767761,80036.0,0.8263571974311851,False
UC1,m105,busy,all,MAE,wt_med,15.308357999297646,15.045578002929688,15.604290223121643,119598.0,True,4751,54,persistence,2.9095435684647306,2.592664051055908,3.234410524368286,1.9150120258331298,3.7623637199401854,95195.0,0.9828711256117455,False
UC1,m120,all,all,MAE,clim,8.464452963026327,8.287240052223206,8.641221523284912,344867.0,True,4932,54,persistence,1.594369061193463,1.450621521472931,1.7533814787864683,1.1414290189743042,1.9885257005691528,263100.0,0.913211895704329,False
UC1,m120,all,all,MAE,h5,8.042096068737074,7.883732795715332,8.213937640190125,366498.0,True,5375,54,persistence,0.7626341416351563,0.6243965983390808,0.9125028491020202,0.3380682706832886,1.1525583386421203,282444.0,0.9803543164968206,False
UC1,m120,all,all,MAE,lvlh5_naive,8.281015937939209,8.112450861930848,8.45808789730072,355796.0,True,5262,54,persistence,1.1258739912375724,0.9882877469062805,1.286061906814575,0.6730739951133728,1.5088822364807128,273387.0,0.9489177519229167,False
UC1,m120,all,all,MAE,lvlh5_tft,7.863427438418555,7.701247560977936,8.026763224601746,357898.0,True,5250,54,persistence,0.6358830536403364,0.5114631175994873,0.7672003626823425,0.3003892540931702,0.95795978307724,275823.0,0.9573730319606809,False
UC1,m120,all,all,MAE,persistence,7.583167883819732,7.441274523735046,7.724500894546509,288104.0,True,5359,54,persistence,,,,,,,,
UC1,m120,all,all,MAE,snaive7,8.61399925079483,8.420481896400451,8.830271935462951,312331.0,True,4922,54,persistence,1.583855034293098,1.4111536026000977,1.767519187927246,1.1455312728881837,1.9738287448883056,240719.0,0.8355281426151667,False
UC1,m120,all,all,MAE,wt_med,8.180902442768177,8.018685984611512,8.347802186012268,364832.0,True,5369,54,persistence,0.9147579709835574,0.7734599590301514,1.075509238243103,0.47905534505844116,1.3078116416931151,281082.0,0.975626856968317,False
UC1,m120,busy,all,MAE,clim,16.29589519090751,15.980327367782593,16.65176968574524,109189.0,True,4383,54,persistence,3.581082359060442,3.2556466579437258,3.941185474395752,2.572627902030945,4.476502084732056,84593.0,0.8811495474099768,False
UC1,m120,busy,all,MAE,h5,15.036387847476226,14.76925835609436,15.347215485572814,120296.0,True,4758,54,persistence,1.8142203347792591,1.513475203514099,2.147663617134094,0.8487364768981933,2.657951998710632,94749.0,0.9869379081903691,False
UC1,m120,busy,all,MAE,lvlh5_naive,15.2070960717758,14.892775917053223,15.517731785774231,116473.0,True,4666,54,persistence,2.1434321525602744,1.8491547346115111,2.498707842826843,1.216320061683655,2.993375730514526,91286.0,0.9508661187671219,False
UC1,m120,busy,all,MAE,lvlh5_tft,13.946353212965237,13.670724081993104,14.240170240402222,117704.0,True,4648,54,persistence,0.8577582879809267,0.5956658124923706,1.1514607667922971,0.2245306730270386,1.4669537305831908,92718.0,0.9657823193025218,False
UC1,m120,busy,all,MAE,persistence,13.414070393633532,13.218402290344239,13.618865203857421,96003.0,True,4732,54,persistence,,,,,,,,
UC1,m120,busy,all,MAE,snaive7,16.043698945197875,15.635977196693421,16.420082521438598,100872.0,True,4334,54,persistence,3.1738625314121904,2.7840786218643188,3.6030845642089844,2.2730913162231445,3.965761470794677,79189.0,0.8248596398029229,False
UC1,m120,busy,all,MAE,wt_med,15.36982557169087,15.105557990074157,15.672768807411193,119820.0,True,4752,54,persistence,2.1541872390922006,1.8495531797409057,2.4874343156814573,1.1885641098022461,2.993186831474304,94382.0,0.983115110986115,False
UC2-intraday,h2-4,all,all,MAE,clim,8.291013767301006,8.11228358745575,8.471312308311463,2720940.0,True,5004,54,wt_med,0.3407982501237319,0.2679519772529602,0.41173468828201293,0.1615334391593933,0.5183610558509826,2711506.0,0.9417999158060872,False
UC2-intraday,h2-4,all,all,MAE,h5,7.935179128088616,7.774316048622131,8.099845433235169,2898345.0,True,5414,54,wt_med,-0.12912857129459976,-0.14075525999069213,-0.11787314414978027,-0.15681874752044678,-0.10359497070312501,2879068.0,1.0,True
UC2-intraday,h2-4,all,all,MAE,lvlh5_naive,8.188709935706767,8.024916100502015,8.367519736289978,2813564.0,True,5344,54,wt_med,0.12419122965563112,0.06263742446899415,0.18623701333999632,0.005250263214111328,0.2264153003692627,2799659.0,0.9724185048772728,False
UC2-intraday,h2-4,all,all,MAE,lvlh5_tft,7.792071683193568,7.631388604640961,7.949196898937226,2831145.0,True,5287,54,wt_med,-0.3116364089032144,-0.4128340005874634,-0.21245788335800173,-0.5487622261047364,-0.07895839214324951,2813041.0,0.9770665368098287,True
UC2-intraday,h2-4,all,all,MAE,persistence,8.879231735928526,8.711803889274597,9.04918839931488,1865192.0,True,5385,54,wt_med,0.22202171153880101,0.0639721155166626,0.3685807704925537,-0.19892468452453613,0.6674852371215819,1808992.0,0.6283255553533296,False
UC2-intraday,h2-4,all,all,MAE,snaive7,8.490996875217395,8.296767425537109,8.702813696861266,2458091.0,True,4972,54,wt_med,0.5625557326109147,0.4080971598625183,0.7068578600883484,0.22866802215576174,0.8870644092559814,2448073.0,0.850300513916309,False
UC2-intraday,h2-4,all,all,MAE,wt_med,8.060628995216508,7.896280670166016,8.226603436470032,2879068.0,True,5411,54,wt_med,,,,,,,,
UC2-intraday,h2-4,busy,all,MAE,clim,16.145399896010655,15.853712058067321,16.483007144927978,842394.0,True,4462,54,wt_med,0.6319580207397539,0.4638848066329956,0.8027657270431519,0.20410773754119874,1.0620853662490843,840415.0,0.9059505573695563,False
UC2-intraday,h2-4,busy,all,MAE,h5,15.026661872229498,14.768627524375916,15.315768027305603,933721.0,True,4808,54,wt_med,-0.2933254308416551,-0.3230097770690918,-0.26658675670623777,-0.352235746383667,-0.24033150672912598,927661.0,1.0,True
UC2-intraday,h2-4,busy,all,MAE,lvlh5_naive,15.237754190131959,14.9386705160141,15.528115248680114,903128.0,True,4735,54,wt_med,-0.17512961152590023,-0.32159740924835206,-0.03402974605560304,-0.4389898061752319,0.08083121776580808,898503.0,0.9685682593102437,False
UC2-intraday,h2-4,busy,all,MAE,lvlh5_tft,13.99120088371853,13.723124670982362,14.27257866859436,914041.0,True,4696,54,wt_med,-1.3836020262642315,-1.6172261714935303,-1.156407356262207,-1.9212860345840455,-0.8591504096984863,908207.0,0.9790289771802415,True
UC2-intraday,h2-4,busy,all,MAE,persistence,15.51480148393717,15.277358293533325,15.74996039867401,633450.0,True,4770,54,wt_med,-0.052605389816511305,-0.3972395658493042,0.26549694538116453,-0.9831993818283081,0.897856307029724,619984.0,0.6683303491253809,False
UC2-intraday,h2-4,busy,all,MAE,snaive7,16.0282896260648,15.641760110855103,16.408038759231566,777140.0,True,4388,54,wt_med,0.8168177916604815,0.4534721612930298,1.180025339126587,0.008407497406005862,1.6067731618881225,774745.0,0.835159611107937,False
UC2-intraday,h2-4,busy,all,MAE,wt_med,15.325706804533121,15.072398662567139,15.609412026405334,927661.0,True,4806,54,wt_med,,,,,,,,
UC2-intraday,h4-8,all,all,MAE,clim,8.67610253290818,8.486369800567626,8.862465524673462,3892877.0,True,4970,54,wt_med,0.3471396816777652,0.2736090660095215,0.4175729751586914,0.17695879936218262,0.519668459892273,3878397.0,0.9344924704916859,False
UC2-intraday,h4-8,all,all,MAE,h5,8.295139677540131,8.122489142417908,8.471727561950683,4182598.0,True,5401,54,wt_med,-0.13973281804971194,-0.15294311046600342,-0.1271690845489502,-0.16946241855621338,-0.11484071016311646,4150271.0,1.0,True
UC2-intraday,h4-8,all,all,MAE,lvlh5_naive,8.573006620572153,8.401751518249512,8.758371090888977,4044767.0,True,5275,54,wt_med,0.12715794652017287,0.060525155067443846,0.1931380033493042,0.004534602165222171,0.23284428119659423,4021067.0,0.968868538946011,False
UC2-intraday,h4-8,all,all,MAE,lvlh5_tft,8.176162929476908,8.00800426006317,8.347808027267456,4082893.0,True,5275,54,wt_med,-0.30076899480907926,-0.40700201988220214,-0.19746372699737552,-0.5520327806472778,-0.06373219490051271,4052430.0,0.9764253948718048,True
UC2-intraday,h4-8,all,all,MAE,persistence,11.961742834185356,11.714764475822449,12.213209795951844,1865559.0,True,5092,54,wt_med,3.0221574109639207,2.821017360687256,3.205024003982544,2.426022505760193,3.6990150213241577,1791184.0,0.43158241955766263,False
UC2-intraday,h4-8,all,all,MAE,snaive7,8.887499571076642,8.682939529418945,9.103256273269654,3526271.0,True,4962,54,wt_med,0.6178761129559014,0.4568211793899536,0.7657690048217773,0.2712464094161987,0.9485549569129943,3507776.0,0.8451920368573522,False
UC2-intraday,h4-8,all,all,MAE,wt_med,8.432493805826173,8.261202573776245,8.610785913467407,4150271.0,True,5398,54,wt_med,,,,,,,,
UC2-intraday,h4-8,busy,all,MAE,clim,16.55291712462475,16.235798120498657,16.89931607246399,1219180.0,True,4426,54,wt_med,0.6298410346398438,0.45695579051971436,0.7996817350387573,0.21781573295593262,1.0232143402099607,1216114.0,0.8962490041587656,False
UC2-intraday,h4-8,busy,all,MAE,h5,15.378805652842884,15.097762417793273,15.67609145641327,1366799.0,True,4787,54,wt_med,-0.30034359746862904,-0.3308537483215332,-0.2722105741500854,-0.36226184368133546,-0.2423403263092041,1356893.0,1.0,True
UC2-intraday,h4-8,busy,all,MAE,lvlh5_naive,15.633075072809515,15.327479219436645,15.934976172447204,1316242.0,True,4685,54,wt_med,-0.16533390376888413,-0.3201573848724365,-0.013352274894714357,-0.435886812210083,0.09552822113037109,1308496.0,0.9643324860545378,False
UC2-intraday,h4-8,busy,all,MAE,lvlh5_tft,14.390996539208338,14.099328541755677,14.69241189956665,1337644.0,True,4678,54,wt_med,-1.3364669889609697,-1.5779802083969117,-1.1017239570617676,-1.8819971561431885,-0.8154406070709228,1328086.0,0.9787698808970199,True
UC2-intraday,h4-8,busy,all,MAE,persistence,20.049840260220087,19.71205277442932,20.37183494567871,690185.0,True,4521,54,wt_med,4.751683658075093,4.367490482330322,5.113810467720032,3.739750051498413,5.796950697898865,672791.0,0.49583202212702104,False
UC2-intraday,h4-8,busy,all,MAE,snaive7,16.44725628500405,16.066945028305053,16.838222455978393,1128798.0,True,4376,54,wt_med,0.910037734775134,0.5437209129333496,1.2797179460525512,0.08169097900390627,1.695701217651367,1124427.0,0.8286777218247865,False
UC2-intraday,h4-8,busy,all,MAE,wt_med,15.68477359673902,15.414386534690857,15.979105162620545,1356893.0,True,4785,54,wt_med,,,,,,,,
UC2-intraday,h8+,all,all,MAE,clim,8.589142140181496,8.363533186912537,8.82823338508606,1708799.0,True,4744,54,wt_med,0.2909632115885703,0.2121302604675293,0.3629783868789673,0.15374702215194702,0.4255581140518188,1698225.0,0.9036418646823944,False
UC2-intraday,h8+,all,all,MAE,h5,8.262415386278898,8.058541893959045,8.4859388589859,1919015.0,True,5181,54,wt_med,-0.1814387060264604,-0.204398250579834,-0.15697767734527587,-0.23471693992614745,-0.13975994586944582,1879312.0,1.0,True
UC2-intraday,h8+,all,all,MAE,lvlh5_naive,8.666049739125793,8.465204501152039,8.889269828796387,1845307.0,True,5050,54,wt_med,0.20857395907953347,0.13670060634613038,0.2788594484329224,0.09233655929565429,0.32411980628967285,1811346.0,0.9638346373566496,False
UC2-intraday,h8+,all,all,MAE,lvlh5_tft,8.514458448621767,8.300344610214234,8.742256331443787,1866209.0,True,5059,54,wt_med,0.018554803956471133,-0.09606149196624755,0.13391644954681395,-0.2036027193069458,0.2179071426391601,1827845.0,0.9726139140281124,False
UC2-intraday,h8+,all,all,MAE,persistence,16.350265405491697,15.796004748344421,16.929040813446044,400896.0,True,2408,54,wt_med,7.65575947645487,7.240649724006653,8.112330532073974,5.939007568359375,9.773542141914367,374982.0,0.19953153068782617,False
UC2-intraday,h8+,all,all,MAE,snaive7,9.132427168802433,8.898091268539428,9.37097942829132,1561968.0,True,4720,54,wt_med,0.9294440755288207,0.743379282951355,1.1037127256393433,0.6200086116790772,1.2289908289909361,1540551.0,0.8197420119703381,False
UC2-intraday,h8+,all,all,MAE,wt_med,8.425248175928212,8.226247143745422,8.639782691001892,1879312.0,True,5175,54,wt_med,,,,,,,,
UC2-intraday,h8+,busy,all,MAE,clim,15.909782708839767,15.54827401638031,16.29472146034241,564404.0,True,4234,54,wt_med,0.5454258270849994,0.35819635391235355,0.7123104333877563,0.2376948356628418,0.869519829750061,561883.0,0.8613464636817811,False
UC2-intraday,h8+,busy,all,MAE,h5,14.7261177777711,14.415469694137574,15.069056081771851,665584.0,True,4591,54,wt_med,-0.3966040629680343,-0.4514962911605835,-0.3412177562713623,-0.5055137872695923,-0.29948780536651615,652331.0,1.0,True
UC2-intraday,h8+,busy,all,MAE,lvlh5_naive,15.21764358002999,14.887128949165344,15.57837073802948,636482.0,True,4502,54,wt_med,-0.04666199541567728,-0.195770788192749,0.10534186363220213,-0.29004905223846433,0.2214710712432861,624531.0,0.9573835982039792,False
UC2-intraday,h8+,busy,all,MAE,lvlh5_tft,14.453821363939811,14.12118375301361,14.798927402496338,650762.0,True,4489,54,wt_med,-0.7024125596358086,-0.9550107717514038,-0.4583400487899781,-1.110787558555603,-0.2925107955932618,637732.0,0.9776202572007155,True
UC2-intraday,h8+,busy,all,MAE,persistence,26.333037541854495,25.686691188812254,27.013519620895387,169038.0,True,2237,54,wt_med,12.36472051145971,11.719311547279357,13.016540765762329,9.980009198188782,14.72814745903015,162046.0,0.24841069947618616,False
UC2-intraday,h8+,busy,all,MAE,snaive7,16.387825403037503,15.978323292732238,16.81802682876587,528921.0,True,4162,54,wt_med,1.4751347259314223,1.083656334877014,1.8594733715057372,0.8021355628967285,2.125526785850525,523099.0,0.8018919842840521,False
UC2-intraday,h8+,busy,all,MAE,wt_med,15.118375487290962,14.82765347957611,15.466297888755799,652331.0,True,4587,54,wt_med,,,,,,,,
