uc,lead,segment,region,metric,model,value,lo,hi,n,lower,n_park_days,n_origin_days,ref,diff_vs_ref,diff_lo,diff_hi,diff_lo_park,diff_hi_park,n_paired,paired_share,wins
D5,0,all,all,first-hour MAE (opening-aligned),clim,4.539297548129452,4.4637034177780155,4.60999344587326,785278.0,True,15849,231,wt_med,0.27946368812315203,0.2538464903831482,0.30408668518066406,0.1918375611305237,0.3789648175239563,781411.0,0.9125498952462588,False
D5,0,all,all,first-hour MAE (opening-aligned),driver_level,4.100338104423869,4.036844623088837,4.161840295791626,829188.0,True,16606,231,wt_med,-0.16835767686767333,-0.19029181003570556,-0.14563939571380616,-0.30458428859710696,-0.07176960706710817,819730.0,0.9572997124819279,True
D5,0,all,all,first-hour MAE (opening-aligned),h5,4.111407718140102,4.046455574035645,4.170748662948609,869510.0,True,17486,231,wt_med,-0.16025067033051776,-0.18274835348129273,-0.13771592378616335,-0.2903969168663025,-0.06927048563957215,856294.0,1.0,True
D5,0,all,all,first-hour MAE (opening-aligned),lvlh5_cbd,3.954341525166088,3.8754766047000886,4.034278225898743,462162.0,True,9165,231,wt_med,-0.16455198027949125,-0.19758293628692628,-0.131136953830719,-0.33971846103668213,-0.04087435603141785,456085.0,0.5326266445870227,True
D5,0,all,all,first-hour MAE (opening-aligned),lvlh5_naive,4.110102073405321,4.045420086383819,4.17005821466446,869342.0,True,17482,231,wt_med,-0.16014980047400051,-0.18222506046295167,-0.13724604845046998,-0.28938156366348267,-0.06951657533645632,856128.0,0.999806141348649,True
D5,0,all,all,first-hour MAE (opening-aligned),lvlh5_tft,3.874581819115971,3.8040043234825136,3.9415388464927674,579566.0,True,11933,231,wt_med,-0.20744922620110762,-0.23709216117858886,-0.17770879268646242,-0.3878777503967285,-0.08093063831329346,571904.0,0.6678827598932142,True
D5,0,all,all,first-hour MAE (opening-aligned),oracle_level,4.103359123369422,4.037566065788269,4.164422106742859,864824.0,True,17428,231,wt_med,-0.16824227912257328,-0.19058703184127807,-0.14465364217758178,-0.2968312680721283,-0.0720196306705475,852040.0,0.995032080103329,True
D5,0,all,all,first-hour MAE (opening-aligned),oracle_shape,4.505981989744096,4.437679672241211,4.576475977897644,828129.0,True,16627,231,wt_med,0.2300836383965832,0.16734893321990968,0.2922800421714783,-0.10499253273010253,0.5816740393638611,816296.0,0.9532894076100031,False
D5,0,all,all,first-hour MAE (opening-aligned),snaive7,5.012244834365421,4.928338897228241,5.098845529556274,706012.0,True,15703,231,wt_med,0.6931192869161853,0.6371181845664978,0.7500683665275574,0.5117057204246521,0.875015103816986,703648.0,0.8217364596738971,False
D5,0,all,all,first-hour MAE (opening-aligned),wt_med,4.259762418048007,4.189569711685181,4.324163401126862,856294.0,True,17304,231,wt_med,,,,,,,,
D5,1,all,all,first-hour MAE (opening-aligned),clim,4.553964480797206,4.477916121482849,4.625558316707611,779522.0,True,15751,230,wt_med,0.23373437411326492,0.2090044856071472,0.25771918296813967,0.1451849579811096,0.3327860593795776,775316.0,0.9128269973638882,False
D5,1,all,all,first-hour MAE (opening-aligned),driver_level,4.155668693271958,4.0896553039550785,4.219210636615753,826963.0,True,16561,230,wt_med,-0.17826215353338792,-0.20064115524291992,-0.15574709177017212,-0.3212718963623047,-0.07698384523391726,816556.0,0.9613813743808551,True
D5,1,all,all,first-hour MAE (opening-aligned),driver_level_x_h5,4.155668693271958,4.0896553039550785,4.219210636615753,826963.0,True,16561,230,wt_med,-0.17826215353338792,-0.20064115524291992,-0.15574709177017212,-0.3212718963623047,-0.07698384523391726,816556.0,0.9613813743808551,True
D5,1,all,all,first-hour MAE (opening-aligned),h5,4.1747487373167065,4.108930993080139,4.236906409263611,863439.0,True,17365,230,wt_med,-0.1701709351897973,-0.1922295093536377,-0.14809360504150393,-0.3088916063308716,-0.07475370764732361,849357.0,1.0,True
D5,1,all,all,first-hour MAE (opening-aligned),lvlh5_cbd,4.018948784571655,3.941047006845474,4.099924802780151,455893.0,True,9027,230,wt_med,-0.1809917245323316,-0.21551594138145447,-0.14692624807357788,-0.3696961224079132,-0.05002811551094056,449278.0,0.5289624975128244,True
D5,1,all,all,first-hour MAE (opening-aligned),lvlh5_naive,4.173018822760144,4.106889832019806,4.235187804698944,863181.0,True,17360,230,wt_med,-0.17089912782031025,-0.1928608536720276,-0.14832662343978884,-0.30813671350479127,-0.07524936199188234,849103.0,0.9997009502482466,True
D5,1,all,all,first-hour MAE (opening-aligned),lvlh5_tft,3.9224553440940433,3.851484566926956,3.9904029071331024,574601.0,True,11813,230,wt_med,-0.2154880871205478,-0.24579840898513794,-0.1842645823955536,-0.4059560179710388,-0.0819021046161652,566332.0,0.6667773386220399,True
D5,1,all,all,first-hour MAE (opening-aligned),oracle_level,4.164871693880971,4.0982583403587345,4.227905571460724,858832.0,True,17306,230,wt_med,-0.18023123667507424,-0.2030143141746521,-0.15695430040359498,-0.3169446587562561,-0.080034738779068,845164.0,0.9950633243736144,True
D5,1,all,all,first-hour MAE (opening-aligned),oracle_shape,4.5028522577722185,4.435279679298401,4.572456431388855,826201.0,True,16588,230,wt_med,0.1606822061094597,0.09690052270889282,0.2236066699028015,-0.18521902561187745,0.5137604176998138,813132.0,0.9573500895383213,False
D5,1,all,all,first-hour MAE (opening-aligned),snaive7,5.009658154947623,4.92498859167099,5.095580506324768,704793.0,True,15677,230,wt_med,0.6236313198773482,0.567359185218811,0.6810842990875244,0.44322178363800047,0.798807668685913,701497.0,0.8259153689202537,False
D5,1,all,all,first-hour MAE (opening-aligned),wt_med,4.331458974259352,4.259643399715424,4.397292184829712,849357.0,True,17167,230,wt_med,,,,,,,,
D5,2,all,all,first-hour MAE (opening-aligned),clim,4.565761792528977,4.489326059818268,4.637948906421661,774325.0,True,15658,229,wt_med,0.2193448759092993,0.19449150562286377,0.24428277015686034,0.12803924679756165,0.31941510438919063,769961.0,0.9123884933688511,False
D5,2,all,all,first-hour MAE (opening-aligned),driver_level,4.179121309799066,4.112229895591736,4.243735218048096,824839.0,True,16512,229,wt_med,-0.18259905404185162,-0.205147123336792,-0.15969761610031127,-0.32713130712509153,-0.07913655638694764,813815.0,0.9643546124166958,True
D5,2,all,all,first-hour MAE (opening-aligned),driver_level_x_h5,4.179121309799066,4.112229895591736,4.243735218048096,824839.0,True,16512,229,wt_med,-0.18259905404185162,-0.205147123336792,-0.15969761610031127,-0.32713130712509153,-0.07913655638694764,813815.0,0.9643546124166958,True
D5,2,all,all,first-hour MAE (opening-aligned),h5,4.198224210174396,4.131443440914154,4.260489356517792,858449.0,True,17258,229,wt_med,-0.17447669795804188,-0.19655208587646483,-0.15243499279022216,-0.3138685703277588,-0.07759488821029664,843896.0,1.0,True
D5,2,all,all,first-hour MAE (opening-aligned),lvlh5_cbd,4.036369942358858,3.9538031339645388,4.120135748386383,452527.0,True,8961,229,wt_med,-0.18827395153392423,-0.2236320734024048,-0.15292336344718935,-0.38164170980453493,-0.05633688569068912,445443.0,0.5278411083830234,True
D5,2,all,all,first-hour MAE (opening-aligned),lvlh5_naive,4.1960143894504895,4.129039454460144,4.258173704147339,858180.0,True,17252,229,wt_med,-0.1752480110994581,-0.1973055601119995,-0.15311821699142455,-0.3138496994972229,-0.07827661037445069,843637.0,0.9996930901438091,True
D5,2,all,all,first-hour MAE (opening-aligned),lvlh5_tft,3.9445647768023764,3.8739632606506347,4.01314389705658,569999.0,True,11708,229,wt_med,-0.21931536236263316,-0.25067652463912965,-0.1869777798652649,-0.41391624212265016,-0.0834204971790314,561334.0,0.6651696417568042,True
D5,2,all,all,first-hour MAE (opening-aligned),oracle_level,4.187024534070257,4.119597458839417,4.250438177585602,853871.0,True,17204,229,wt_med,-0.1858274732103551,-0.20834380388259888,-0.16233015060424805,-0.32394282817840575,-0.08413885831832886,839730.0,0.9950633727378729,True
D5,2,all,all,first-hour MAE (opening-aligned),oracle_shape,4.501526557456395,4.434178566932678,4.570194029808045,824278.0,True,16545,229,wt_med,0.13035983029046694,0.06557925939559936,0.19471131563186644,-0.2195359706878662,0.48820396065711974,810392.0,0.9602984253983903,False
D5,2,all,all,first-hour MAE (opening-aligned),snaive7,5.008401473882931,4.924747729301453,5.094127345085144,703448.0,True,15642,229,wt_med,0.5948830994369336,0.5379864335060119,0.6512844800949097,0.4132234573364258,0.7692805886268616,699740.0,0.8291780029766701,False
D5,2,all,all,first-hour MAE (opening-aligned),wt_med,4.359888540768057,4.28984135389328,4.42662113904953,843896.0,True,17051,229,wt_med,,,,,,,,
D5,3,all,all,first-hour MAE (opening-aligned),clim,4.571419754289538,4.492101669311523,4.641242551803589,769605.0,True,15563,228,wt_med,0.2069191069708607,0.18207632303237914,0.2326261520385742,0.1137879490852356,0.3077622652053833,765171.0,0.9123776614010989,False
D5,3,all,all,first-hour MAE (opening-aligned),driver_level,4.195679530977555,4.127632248401642,4.2587755680084225,822171.0,True,16460,228,wt_med,-0.18639191966083946,-0.20933992862701417,-0.16391501426696778,-0.33089335560798644,-0.08338973522186283,810782.0,0.9667634882478633,True
D5,3,all,all,first-hour MAE (opening-aligned),driver_level_x_h5,4.195679530977556,4.127632248401642,4.2587755680084225,822171.0,True,16460,228,wt_med,-0.18639191966083946,-0.20933992862701417,-0.16391501426696778,-0.3308933675289154,-0.08338973522186283,810782.0,0.9667634882478633,True
D5,3,all,all,first-hour MAE (opening-aligned),h5,4.214608255498256,4.146112453937531,4.277103877067566,853407.0,True,17150,228,wt_med,-0.178097157833486,-0.19996774196624756,-0.15600415468215942,-0.3185397326946259,-0.08159165978431702,838656.0,1.0,True
D5,3,all,all,first-hour MAE (opening-aligned),lvlh5_cbd,4.053005744551765,3.9710768163204193,4.1373881816864015,451673.0,True,8935,228,wt_med,-0.20062982984342792,-0.23744629621505736,-0.16491526961326602,-0.4002508521080017,-0.06428970098495487,444239.0,0.5297034779456654,True
D5,3,all,all,first-hour MAE (opening-aligned),lvlh5_naive,4.212119161849043,4.142302644252777,4.274488615989685,853146.0,True,17144,228,wt_med,-0.17909486837944755,-0.20143746137619017,-0.1571844220161438,-0.31717079877853394,-0.08227380514144898,838405.0,0.9997007116147741,True
D5,3,all,all,first-hour MAE (opening-aligned),lvlh5_tft,3.962474713936266,3.888841670751572,4.032074534893036,565437.0,True,11603,228,wt_med,-0.22256475795652664,-0.25332955121994016,-0.19054894447326662,-0.41662750244140623,-0.08620083928108216,556494.0,0.6635545444139194,True
D5,3,all,all,first-hour MAE (opening-aligned),oracle_level,4.202742860148642,4.134243321418762,4.264480423927307,848864.0,True,17098,228,wt_med,-0.19011995036501617,-0.21250951290130615,-0.1667899012565613,-0.33301148414611814,-0.08793370723724366,834536.0,0.9950873778998779,True
D5,3,all,all,first-hour MAE (opening-aligned),oracle_shape,4.499903887492174,4.43268791437149,4.568796622753143,821737.0,True,16497,228,wt_med,0.1085602987303913,0.04447000026702881,0.17321839332580566,-0.2442888379096985,0.46657693386077875,807375.0,0.9627010359432234,False
D5,3,all,all,first-hour MAE (opening-aligned),prod_served,5.79619558469294,5.704852056503296,5.884871089458466,563766.0,True,11305,228,wt_med,1.6132397640552458,1.5558762550354004,1.6711750149726867,1.3858878552913665,1.873201024532318,554028.0,0.6606141254578755,False
D5,3,all,all,first-hour MAE (opening-aligned),prod_served_lin,5.945482921992458,5.8518365859985355,6.03498797416687,563766.0,True,11305,228,wt_med,1.7648038546788252,1.7049408555030823,1.8283982872962952,1.5366803586483002,2.0114091873168944,554028.0,0.6606141254578755,False
D5,3,all,all,first-hour MAE (opening-aligned),snaive7,5.008406380124621,4.923704206943512,5.095364463329315,701491.0,True,15603,228,wt_med,0.5712584899841495,0.5149900317192078,0.6309202075004577,0.3912412405014038,0.7452032804489135,697145.0,0.8312645470848596,False
D5,3,all,all,first-hour MAE (opening-aligned),wt_med,4.3793718759539075,4.307729482650757,4.4466636896133425,838656.0,True,16940,228,wt_med,,,,,,,,
D5,4,all,all,first-hour MAE (opening-aligned),clim,4.5753788616568345,4.500849866867066,4.646368300914764,764989.0,True,15469,227,wt_med,0.19882187421929398,0.173317289352417,0.22424172163009642,0.10114781856536866,0.30523167848587035,760530.0,0.9126122720809259,False
D5,4,all,all,first-hour MAE (opening-aligned),driver_level,4.210810272468127,4.1407550573349,4.27331509590149,819570.0,True,16404,227,wt_med,-0.18903144059376675,-0.21153234243392943,-0.16663074493408203,-0.3326169788837433,-0.08556517362594605,807739.0,0.9692615991984208,True
D5,4,all,all,first-hour MAE (opening-aligned),driver_level_x_h5,4.210810272468127,4.1407550573349,4.27331509590149,819570.0,True,16404,227,wt_med,-0.18903144059376675,-0.21153234243392943,-0.16663074493408203,-0.3326169788837433,-0.08556517362594605,807739.0,0.9692615991984208,True
D5,4,all,all,first-hour MAE (opening-aligned),h5,4.228421282611565,4.160478127002716,4.292698752880097,848472.0,True,17036,227,wt_med,-0.17965077907974347,-0.20120058059692383,-0.15754626989364626,-0.317526763677597,-0.0834854006767273,833355.0,1.0,True
D5,4,all,all,first-hour MAE (opening-aligned),lvlh5_cbd,4.070161473741331,3.991024023294449,4.15448272228241,449630.0,True,8888,227,wt_med,-0.20457645435291827,-0.24094278812408448,-0.16765464544296266,-0.39916070699691775,-0.06825333833694465,441952.0,0.5303286114561021,True
D5,4,all,all,first-hour MAE (opening-aligned),lvlh5_naive,4.224823090607944,4.1561439514160154,4.2880812048912045,848287.0,True,17031,227,wt_med,-0.18142212768000476,-0.2027725100517273,-0.15926456451416016,-0.3192309677600861,-0.08429034352302552,833174.0,0.9997828056470531,True
D5,4,all,all,first-hour MAE (opening-aligned),lvlh5_tft,3.9788655590959183,3.9052901446819304,4.0500627040863035,560406.0,True,11497,227,wt_med,-0.22187940820183627,-0.25307236313819886,-0.1895206928253174,-0.4150131106376648,-0.08934128284454348,551235.0,0.6614648019151502,True
D5,4,all,all,first-hour MAE (opening-aligned),oracle_level,4.214465452817285,4.145451772212982,4.275644850730896,843984.0,True,16986,227,wt_med,-0.193691907464153,-0.21595776081085205,-0.17050158977508545,-0.33740774393081663,-0.09040491580963135,829287.0,0.9951185269183002,True
D5,4,all,all,first-hour MAE (opening-aligned),oracle_shape,4.496202358064368,4.428374516963959,4.564278960227966,819329.0,True,16446,227,wt_med,0.0863063429315627,0.022816240787506104,0.15008280277252195,-0.27150235176086424,0.44746685028076166,804347.0,0.9651913050260693,False
D5,4,all,all,first-hour MAE (opening-aligned),prod_served,5.81149655604258,5.717893207073212,5.902588355541229,558950.0,True,11196,227,wt_med,1.6151592983223129,1.557137632369995,1.6706029176712036,1.39648380279541,1.8604369759559631,548970.0,0.6587468725813129,False
D5,4,all,all,first-hour MAE (opening-aligned),prod_served_lin,5.962789381876733,5.869139397144318,6.05491578578949,558950.0,True,11196,227,wt_med,1.768737362697415,1.7070356130599975,1.830076849460602,1.55010929107666,1.995209765434265,548970.0,0.6587468725813129,False
D5,4,all,all,first-hour MAE (opening-aligned),snaive7,4.99958542111922,4.915087544918061,5.0861053466796875,699505.0,True,15558,227,wt_med,0.5435559457242656,0.4871491551399231,0.6010910868644714,0.367008638381958,0.715632426738739,693717.0,0.8324387565923286,False
D5,4,all,all,first-hour MAE (opening-aligned),wt_med,4.396411493301174,4.325454771518707,4.465347182750702,833355.0,True,16835,227,wt_med,,,,,,,,
D5,5,all,all,first-hour MAE (opening-aligned),clim,4.58500071008158,4.505600273609161,4.658056151866913,760476.0,True,15367,226,wt_med,0.189272357083607,0.16285767555236816,0.2152825832366943,0.08814131617546082,0.29936096668243406,755879.0,0.9126449327420315,False
D5,5,all,all,first-hour MAE (opening-aligned),driver_level,4.231821157362135,4.162586915493011,4.296180057525635,817496.0,True,16360,226,wt_med,-0.18914138487969367,-0.2116803526878357,-0.16673526763916016,-0.3287314295768738,-0.08811768293380737,805018.0,0.9719751421406398,True
D5,5,all,all,first-hour MAE (opening-aligned),driver_level_x_h5,4.231821157362134,4.162586915493011,4.296180057525635,817496.0,True,16360,226,wt_med,-0.18914138487969367,-0.2116803526878357,-0.16673526763916016,-0.3287314295768738,-0.08811768293380737,805018.0,0.9719751421406398,True
D5,5,all,all,first-hour MAE (opening-aligned),h5,4.250664252209631,4.182205307483673,4.314868402481079,843806.0,True,16929,226,wt_med,-0.17986684540145248,-0.2011062264442444,-0.15851635932922364,-0.3166555047035217,-0.08562608361244203,828229.0,1.0,True
D5,5,all,all,first-hour MAE (opening-aligned),lvlh5_cbd,4.105026011293488,4.023918414115906,4.190632605552674,445321.0,True,8794,226,wt_med,-0.2039659447153115,-0.24050257205963135,-0.16580790281295776,-0.39063960313796997,-0.07040222287178041,437200.0,0.527873329719196,True
D5,5,all,all,first-hour MAE (opening-aligned),lvlh5_naive,4.248114482317525,4.178771448135376,4.311171448230743,843625.0,True,16924,226,wt_med,-0.18061550000926552,-0.20273206233978272,-0.1591435432434082,-0.3139304518699646,-0.08609220981597901,828052.0,0.9997862909895693,True
D5,5,all,all,first-hour MAE (opening-aligned),lvlh5_tft,3.994403378356019,3.9204426229000093,4.066039478778839,555945.0,True,11395,226,wt_med,-0.2251942212066358,-0.2562912583351135,-0.19441840648651124,-0.41874133348464965,-0.09184121489524842,546377.0,0.6596931524976788,True
D5,5,all,all,first-hour MAE (opening-aligned),oracle_level,4.2366372317680785,4.1666826725006105,4.299730563163758,839355.0,True,16880,226,wt_med,-0.1939990523138011,-0.21651861667633057,-0.1705447793006897,-0.33356680870056155,-0.0938650012016297,824206.0,0.9951426477459736,True
D5,5,all,all,first-hour MAE (opening-aligned),oracle_shape,4.495032017817795,4.427480316162109,4.563068604469299,817457.0,True,16408,226,wt_med,0.06409558744252841,0.000677299499511719,0.12673461437225342,-0.2985344290733337,0.42525969147682186,801639.0,0.9678953526138302,False
D5,5,all,all,first-hour MAE (opening-aligned),prod_served,5.83742264380186,5.7460389018058775,5.923341166973114,554739.0,True,11098,226,wt_med,1.6258209829933659,1.5681254029273988,1.68523690700531,1.4021260142326355,1.8762316823005676,544317.0,0.6572059176870165,False
D5,5,all,all,first-hour MAE (opening-aligned),prod_served_lin,5.99073280407543,5.897286379337311,6.079050624370575,554739.0,True,11098,226,wt_med,1.7817374801815848,1.7213208079338074,1.843018686771393,1.5613210558891297,2.01909818649292,544317.0,0.6572059176870165,False
D5,5,all,all,first-hour MAE (opening-aligned),snaive7,4.994444484248386,4.910743296146393,5.080865275859833,697865.0,True,15525,226,wt_med,0.5166522431785596,0.4601594567298889,0.5743767619132996,0.33868910670280455,0.6852333426475524,689847.0,0.8329181905004533,False
D5,5,all,all,first-hour MAE (opening-aligned),wt_med,4.419083369454583,4.34721223115921,4.488000679016113,828229.0,True,16731,226,wt_med,,,,,,,,
D5,6,all,all,first-hour MAE (opening-aligned),clim,4.5932912007135025,4.514211583137512,4.666834664344788,755709.0,True,15265,225,wt_med,0.16124704550750657,0.13426798582077026,0.18779605627059937,0.056899321079254155,0.27398748397827144,750975.0,0.9126467149700919,False
D5,6,all,all,first-hour MAE (opening-aligned),driver_level,4.2719010152557155,4.1969282746315,4.3355870842933655,815047.0,True,16312,225,wt_med,-0.18685312179887514,-0.20979704856872558,-0.16446040868759154,-0.32359262704849245,-0.09123346209526062,801833.0,0.9744535482600801,True
D5,6,all,all,first-hour MAE (opening-aligned),driver_level_x_h5,4.271901015255716,4.1969282746315,4.3355870842933655,815047.0,True,16312,225,wt_med,-0.18685312179887514,-0.20979704856872558,-0.16446040868759154,-0.32359262704849245,-0.09123346209526062,801833.0,0.9744535482600801,True
D5,6,all,all,first-hour MAE (opening-aligned),h5,4.291384937831936,4.219848084449768,4.356097614765167,839016.0,True,16828,225,wt_med,-0.17657764925491026,-0.1972862958908081,-0.15624361038208007,-0.30717483162879944,-0.08715986013412476,822854.0,1.0,True
D5,6,all,all,first-hour MAE (opening-aligned),lvlh5_cbd,4.160153022724038,4.079336965084076,4.245059585571289,440329.0,True,8707,225,wt_med,-0.2011677586541083,-0.23766790628433226,-0.16305181980133057,-0.3821043252944946,-0.07183831930160524,432027.0,0.5250348178413181,True
D5,6,all,all,first-hour MAE (opening-aligned),lvlh5_naive,4.28990969535858,4.216605722904205,4.354749488830566,838834.0,True,16823,225,wt_med,-0.17625061291349287,-0.19784207344055177,-0.15535387992858887,-0.3036279797554016,-0.0879770576953888,822677.0,0.9997848950117518,True
D5,6,all,all,first-hour MAE (opening-aligned),lvlh5_tft,4.034915743950869,3.960852700471878,4.107384383678436,550383.0,True,11276,225,wt_med,-0.22397558440030352,-0.25557332634925845,-0.19444499015808106,-0.41436819434165956,-0.0917492926120758,540533.0,0.6569002520495738,True
D5,6,all,all,first-hour MAE (opening-aligned),oracle_level,4.2732605539963835,4.203041207790375,4.33570145368576,834605.0,True,16779,225,wt_med,-0.19481808204557982,-0.2170519709587097,-0.1713821530342102,-0.33342119455337527,-0.09572012424468994,818864.0,0.9951510231462689,True
D5,6,all,all,first-hour MAE (opening-aligned),oracle_shape,4.494838212797278,4.426501834392548,4.563834571838379,815453.0,True,16368,225,wt_med,0.024901731539593186,-0.03905067443847656,0.08768024444580078,-0.34626814126968386,0.3932684540748595,798461.0,0.9703556159415887,False
D5,6,all,all,first-hour MAE (opening-aligned),prod_served,5.8129533461840195,5.721953809261322,5.901188695430756,549387.0,True,10981,225,wt_med,1.5645672800193102,1.505437421798706,1.6235394954681397,1.3535251319408417,1.8038168430328367,538570.0,0.6545146526601316,False
D5,6,all,all,first-hour MAE (opening-aligned),prod_served_lin,5.960583113542913,5.867654252052307,6.053613150119782,549387.0,True,10981,225,wt_med,1.7149915517017282,1.6517245888710022,1.7760959029197694,1.490926629304886,1.9563997030258178,538570.0,0.6545146526601316,False
D5,6,all,all,first-hour MAE (opening-aligned),snaive7,4.988491052267171,4.9046842694282535,5.073726260662079,696154.0,True,15492,225,wt_med,0.47139433735502134,0.41563762426376344,0.5303031206130981,0.2901076912879944,0.63689546585083,685616.0,0.833217071315203,False
D5,6,all,all,first-hour MAE (opening-aligned),wt_med,4.456182384724386,4.383873867988586,4.525481808185577,822854.0,True,16621,225,wt_med,,,,,,,,
D5,7,all,all,first-hour MAE (opening-aligned),clim,4.610108093990603,4.5290615320205685,4.682950472831726,750458.0,True,15170,224,wt_med,0.11587171913105809,0.08952679634094238,0.14171762466430662,0.010369181632995605,0.22695292234420775,745458.0,0.9132470549032675,False
D5,7,all,all,first-hour MAE (opening-aligned),driver_level,4.315803658619196,4.242587423324585,4.3796227931976315,791652.0,True,15804,224,wt_med,-0.18606893878406883,-0.2088153123855591,-0.16531031131744386,-0.3246443152427673,-0.09373973011970523,778918.0,0.9542382931179803,True
D5,7,all,all,first-hour MAE (opening-aligned),driver_level_x_h5,4.3158036586191955,4.242587423324585,4.3796227931976315,791652.0,True,15804,224,wt_med,-0.18606893878406883,-0.2088153123855591,-0.16531031131744386,-0.3246443152427673,-0.09373973011970523,778918.0,0.9542382931179803,True
D5,7,all,all,first-hour MAE (opening-aligned),h5,4.356701660654325,4.28494164943695,4.419767355918884,833286.0,True,16714,224,wt_med,-0.17959240302252244,-0.20019153356552125,-0.15915049314498902,-0.310243022441864,-0.09156028032302857,816272.0,1.0,True
D5,7,all,all,first-hour MAE (opening-aligned),lvlh5_cbd,4.230153456833505,4.144550728797912,4.314702463150025,435271.0,True,8595,224,wt_med,-0.1983233516182823,-0.2350243091583252,-0.1610443949699402,-0.3786639213562012,-0.07401539683341983,426545.0,0.5225525315091049,True
D5,7,all,all,first-hour MAE (opening-aligned),lvlh5_naive,4.359121518620235,4.286685597896576,4.422936654090881,832864.0,True,16704,224,wt_med,-0.17129929858420478,-0.19237016439437865,-0.1500580906867981,-0.2950091600418091,-0.08726295828819276,815860.0,0.9994952662837877,True
D5,7,all,all,first-hour MAE (opening-aligned),lvlh5_tft,4.093515727127207,4.018401372432709,4.169565153121948,544567.0,True,11149,224,wt_med,-0.22710332324860083,-0.25551029443740847,-0.19689775705337526,-0.40896155834198,-0.09942234754562379,534227.0,0.6544717937158202,True
D5,7,all,all,first-hour MAE (opening-aligned),oracle_level,4.335942168406021,4.266575014591217,4.39911960363388,828913.0,True,16666,224,wt_med,-0.20071219969847043,-0.22371398210525512,-0.17802165746688844,-0.3390283823013306,-0.10116817951202393,812324.0,0.9951633769135778,True
D5,7,all,all,first-hour MAE (opening-aligned),oracle_shape,4.867950302838759,4.796125984191894,4.941467201709747,791417.0,True,15829,224,wt_med,0.36139010436474894,0.2938994288444519,0.42963812351226804,-0.023078858852386475,0.7386744678020477,775695.0,0.9502898543622714,False
D5,7,all,all,first-hour MAE (opening-aligned),prod_served,5.903128331434033,5.808431553840637,5.998920977115631,544060.0,True,10861,224,wt_med,1.5978012323011592,1.5389393806457519,1.6573810338974,1.3867571115493775,1.8418331384658813,532662.0,0.652554540643315,False
D5,7,all,all,first-hour MAE (opening-aligned),prod_served_lin,6.05487009704812,5.959630024433136,6.154494726657868,544060.0,True,10861,224,wt_med,1.7524954849416705,1.690921950340271,1.8153652906417848,1.5308797240257264,1.9884038329124452,532662.0,0.652554540643315,False
D5,7,all,all,first-hour MAE (opening-aligned),wt_med,4.5263711115902545,4.452117776870727,4.5935522556304935,816272.0,True,16486,224,wt_med,,,,,,,,
D5,10,all,all,first-hour MAE (opening-aligned),clim,4.627915007470631,4.548404467105866,4.70135395526886,735547.0,True,14899,221,wt_med,0.07063060102555685,0.044580817222595215,0.09900146722793579,-0.03437076807022094,0.18099555969238282,730335.0,0.9115377702780287,False
D5,10,all,all,first-hour MAE (opening-aligned),driver_level,4.390094229354421,4.315661692619324,4.455361378192902,785300.0,True,15678,221,wt_med,-0.17882014539001823,-0.19950307607650758,-0.15945183038711547,-0.30139797925949097,-0.09527611732482914,771064.0,0.9623720064102884,True
D5,10,all,all,first-hour MAE (opening-aligned),driver_level_x_h5,4.390094229354421,4.315661692619324,4.455361378192902,785300.0,True,15678,221,wt_med,-0.17882014539001911,-0.19950307607650758,-0.15945183038711547,-0.30139797925949097,-0.09527611732482914,771064.0,0.9623720064102884,True
D5,10,all,all,first-hour MAE (opening-aligned),h5,4.4150775498174974,4.341243326663971,4.4794904589653015,819441.0,True,16421,221,wt_med,-0.17473878636365914,-0.1943601131439209,-0.15631906986236574,-0.29359118938446044,-0.09122653007507325,801212.0,1.0,True
D5,10,all,all,first-hour MAE (opening-aligned),lvlh5_cbd,4.32186918717117,4.231293869018555,4.415830671787262,424376.0,True,8353,221,wt_med,-0.1910182573419288,-0.2287898063659668,-0.15383467674255372,-0.35364887714385984,-0.08053553104400635,414639.0,0.5175147152064622,True
D5,10,all,all,first-hour MAE (opening-aligned),lvlh5_naive,4.424009362222832,4.349764943122864,4.489914917945862,819041.0,True,16408,221,wt_med,-0.1604150010054397,-0.18107556104660033,-0.1404207944869995,-0.27352926731109617,-0.07729713916778568,800820.0,0.999510741227041,True
D5,10,all,all,first-hour MAE (opening-aligned),lvlh5_tft,4.179163461438001,4.098712599277496,4.25963568687439,531578.0,True,10843,221,wt_med,-0.21012459645453418,-0.23945183753967286,-0.17845157384872437,-0.36845693588256834,-0.0961959719657898,520245.0,0.6493225263725456,True
D5,10,all,all,first-hour MAE (opening-aligned),oracle_level,4.3889393883000904,4.318713068962097,4.454026126861573,815168.0,True,16375,221,wt_med,-0.20125235360091587,-0.22443450689315797,-0.17930015325546264,-0.3324810266494751,-0.10870109796524048,797354.0,0.9951847950355212,True
D5,10,all,all,first-hour MAE (opening-aligned),oracle_shape,4.866115452704472,4.7924734354019165,4.941139030456543,785576.0,True,15713,221,wt_med,0.28963725129029605,0.22232848405838013,0.35910402536392205,-0.10145436525344849,0.6655360937118527,767863.0,0.9583768091341618,False
D5,10,all,all,first-hour MAE (opening-aligned),prod_served,5.981128020270882,5.884929740428925,6.07924268245697,530416.0,True,10554,221,wt_med,1.6048334327390217,1.5397183299064636,1.6667802214622498,1.3762939631938935,1.8579504251480101,518079.0,0.6466191220301244,False
D5,10,all,all,first-hour MAE (opening-aligned),prod_served_lin,6.135028449368043,6.036855804920196,6.2351349830627445,530416.0,True,10554,221,wt_med,1.7621393165907122,1.6947597980499267,1.828759753704071,1.5205973982810974,2.021855127811432,518079.0,0.6466191220301244,False
D5,10,all,all,first-hour MAE (opening-aligned),wt_med,4.583256366604594,4.50823142528534,4.653207135200501,801212.0,True,16175,221,wt_med,,,,,,,,
D5,14,all,all,first-hour MAE (opening-aligned),clim,4.677321267069216,4.601155173778534,4.7495717883110045,717593.0,True,14521,217,wt_med,0.04014734413875676,0.013282322883605957,0.06822723150253295,-0.07184557914733887,0.15758824348449704,711803.0,0.9107138287691213,False
D5,14,all,all,first-hour MAE (opening-aligned),driver_level,4.459616426337448,4.385436022281647,4.526691353321075,757022.0,True,15030,217,wt_med,-0.17604922900157405,-0.1965643048286438,-0.1571346640586853,-0.2921497941017151,-0.09395844936370852,743281.0,0.9509882444459229,True
D5,14,all,all,first-hour MAE (opening-aligned),driver_level_x_h5,4.459616426337448,4.385436022281647,4.526691353321075,757022.0,True,15030,217,wt_med,-0.17604922900157405,-0.1965643048286438,-0.1571346640586853,-0.2921497941017151,-0.09395844936370852,743281.0,0.9509882444459229,True
D5,14,all,all,first-hour MAE (opening-aligned),h5,4.491542881891788,4.416151547431946,4.558928108215332,801189.0,True,16003,217,wt_med,-0.17420783072411528,-0.19325785636901854,-0.15588173866271973,-0.2898719906806946,-0.0932109951972962,781588.0,1.0,True
D5,14,all,all,first-hour MAE (opening-aligned),lvlh5_cbd,4.42393213502302,4.329232907295227,4.520455551147461,405159.0,True,7932,217,wt_med,-0.18724351769912584,-0.22568508386611938,-0.15126835107803346,-0.3441270351409912,-0.07817504405975345,394373.0,0.5045791388813544,True
D5,14,all,all,first-hour MAE (opening-aligned),lvlh5_naive,4.504059922879236,4.426483380794525,4.573640406131744,800753.0,True,15989,217,wt_med,-0.1549734189317542,-0.17546240091323853,-0.13606061935424804,-0.26594866514205934,-0.07031221389770512,781164.0,0.9994575147008399,True
D5,14,all,all,first-hour MAE (opening-aligned),lvlh5_tft,4.273771773681582,4.1948333263397215,4.3573259830474855,511987.0,True,10411,217,wt_med,-0.20702445756657983,-0.23840708732604982,-0.17492461204528809,-0.35487483739852904,-0.09722011089324951,499524.0,0.6391142136266166,True
D5,14,all,all,first-hour MAE (opening-aligned),oracle_level,4.464561866954955,4.390991520881653,4.531685960292816,797077.0,True,15956,217,wt_med,-0.20167694512809398,-0.22467929124832153,-0.18015795946121216,-0.32412567138671877,-0.1105784296989441,777853.0,0.9952212674708414,True
D5,14,all,all,first-hour MAE (opening-aligned),oracle_shape,5.107822439962353,5.02907783985138,5.187947845458984,757310.0,True,15061,217,wt_med,0.4663304329842175,0.38815033435821533,0.5366865873336791,0.055842459201812744,0.8626685023307799,740210.0,0.9470590643663925,False
D5,14,all,all,first-hour MAE (opening-aligned),prod_served,6.108499928483117,6.006028938293457,6.210630381107331,510369.0,True,10121,217,wt_med,1.638951570209005,1.5767319679260254,1.701052725315094,1.3965187907218932,1.8999197959899903,496781.0,0.6356046919860592,False
D5,14,all,all,first-hour MAE (opening-aligned),prod_served_lin,6.2700563219944785,6.168611454963684,6.370318198204041,510369.0,True,10121,217,wt_med,1.8042970645012586,1.7386564016342163,1.8705992698669434,1.5414888978004455,2.083561623096466,496781.0,0.6356046919860592,False
D5,14,all,all,first-hour MAE (opening-aligned),wt_med,4.65840442790831,4.580025565624237,4.727432215213776,781588.0,True,15744,217,wt_med,,,,,,,,
D5,21,all,all,first-hour MAE (opening-aligned),clim,4.740032599528341,4.656974637508393,4.81715145111084,686513.0,True,13889,210,wt_med,0.01178577359616284,-0.017655396461486814,0.038356101512908934,-0.10661094188690186,0.13249976634979246,680439.0,0.9083492859374124,False
D5,21,all,all,first-hour MAE (opening-aligned),driver_level,4.5571672062790425,4.480571937561035,4.629672002792359,723670.0,True,14291,210,wt_med,-0.17077058079812346,-0.1926616311073303,-0.15019162893295288,-0.2814320206642151,-0.0905505657196045,708396.0,0.9456703698067265,True
D5,21,all,all,first-hour MAE (opening-aligned),driver_level_x_h5,4.5571672062790425,4.480571937561035,4.629672002792359,723670.0,True,14291,210,wt_med,-0.17077058079812346,-0.1926616311073303,-0.15019162893295288,-0.2814320206642151,-0.0905505657196045,708396.0,0.9456703698067265,True
D5,21,all,all,first-hour MAE (opening-aligned),h5,4.558144253445055,4.4816412925720215,4.629266440868378,771323.0,True,15280,210,wt_med,-0.17305062849255215,-0.19318511486053466,-0.15493146181106568,-0.28923156261444094,-0.09355952739715578,749094.0,1.0,True
D5,21,all,all,first-hour MAE (opening-aligned),lvlh5_cbd,4.5614335575749445,4.462593150138855,4.663056170940399,375225.0,True,7258,210,wt_med,-0.2011525498276372,-0.24247575998306276,-0.16181817054748535,-0.35663663148880004,-0.08477336168289185,363672.0,0.4854824628150806,True
D5,21,all,all,first-hour MAE (opening-aligned),lvlh5_naive,4.576114546349085,4.498854005336762,4.648752343654633,770915.0,True,15267,210,wt_med,-0.148891850540239,-0.1704714059829712,-0.1304012417793274,-0.2575653314590454,-0.06448512077331543,748694.0,0.9994660216207846,True
D5,21,all,all,first-hour MAE (opening-aligned),lvlh5_tft,4.399840293076277,4.313976466655731,4.4865739107131954,478954.0,True,9630,210,wt_med,-0.1943707566129138,-0.22540770769119262,-0.16110378503799438,-0.33512765169143677,-0.09001759290695194,464715.0,0.6203694062427413,True
D5,21,all,all,first-hour MAE (opening-aligned),oracle_level,4.529448464647066,4.455326700210572,4.597952914237976,767427.0,True,15238,210,wt_med,-0.20154738930837812,-0.2260983943939209,-0.17868438959121705,-0.3224067330360413,-0.11137567758560182,745535.0,0.9952489273709307,True
D5,21,all,all,first-hour MAE (opening-aligned),oracle_shape,5.302203804321737,5.21527373790741,5.386071181297302,724353.0,True,14322,210,wt_med,0.5574313224629002,0.47536364793777464,0.6289850115776061,0.14424490928649902,0.9516564846038819,705462.0,0.9417536383951813,False
D5,21,all,all,first-hour MAE (opening-aligned),prod_served,6.236098076020648,6.131541681289673,6.3479996681213375,477344.0,True,9421,210,wt_med,1.6341859815452047,1.563549017906189,1.7003104925155639,1.4042630910873413,1.8922071933746338,461777.0,0.6164473350474039,False
D5,21,all,all,first-hour MAE (opening-aligned),prod_served_lin,6.408518804049072,6.303164613246918,6.518513929843903,477344.0,True,9421,210,wt_med,1.811906775348274,1.7354543566703797,1.8817576050758362,1.563200628757477,2.0732545256614685,461777.0,0.6164473350474039,False
D5,21,all,all,first-hour MAE (opening-aligned),wt_med,4.727092995004632,4.647989296913147,4.800533020496369,749094.0,True,14988,210,wt_med,,,,,,,,
D5,30,all,all,first-hour MAE (opening-aligned),clim,4.803820084248042,4.719257318973542,4.882821273803711,643101.0,True,13020,201,wt_med,-0.002549049171677531,-0.03271979093551636,0.025545251369476312,-0.12103120088577271,0.11933294534683225,636708.0,0.9019919505986052,False
D5,30,all,all,first-hour MAE (opening-aligned),driver_level,4.627156331170236,4.5479928135871885,4.700572037696839,686313.0,True,13465,201,wt_med,-0.1586743301240876,-0.18008679151535034,-0.13909161090850833,-0.26288203001022337,-0.08312956094741823,669227.0,0.9480599695987058,True
D5,30,all,all,first-hour MAE (opening-aligned),driver_level_x_h5,4.627156331170236,4.5479928135871885,4.700572037696839,686313.0,True,13465,201,wt_med,-0.1586743301240876,-0.18008679151535034,-0.13909161090850833,-0.26288203001022337,-0.08312956094741823,669227.0,0.9480599695987058,True
D5,30,all,all,first-hour MAE (opening-aligned),h5,4.616989174463033,4.538608503341675,4.684390389919281,731003.0,True,14358,201,wt_med,-0.1604667009495797,-0.18111251592636107,-0.14156796932220458,-0.27432177066802976,-0.08545278310775757,705891.0,1.0,True
D5,30,all,all,first-hour MAE (opening-aligned),lvlh5_cbd,4.698645914317502,4.588252782821655,4.814527761936188,338312.0,True,6511,201,wt_med,-0.22909697204543367,-0.2746994972229004,-0.18930479288101199,-0.40994011163711547,-0.09991366863250732,326022.0,0.4618588422291827,True
D5,30,all,all,first-hour MAE (opening-aligned),lvlh5_naive,4.640367849144323,4.562239694595337,4.712158417701721,730460.0,True,14331,201,wt_med,-0.12989693327466778,-0.15045244693756105,-0.11015473604202271,-0.23655630350112916,-0.04811768531799318,705364.0,0.9992534258122004,True
D5,30,all,all,first-hour MAE (opening-aligned),lvlh5_tft,4.627216390434618,4.523653733730316,4.742095935344696,363465.0,True,7218,201,wt_med,-0.16648656412247842,-0.205361008644104,-0.12902215719223023,-0.31233811378479004,-0.04786751866340638,351859.0,0.4984608105217378,True
D5,30,all,all,first-hour MAE (opening-aligned),oracle_level,4.576266376872642,4.50039165019989,4.644970440864563,727383.0,True,14317,201,wt_med,-0.2018557128978129,-0.22700486183166504,-0.1777843475341797,-0.32249141931533815,-0.11287559270858764,702610.0,0.9953519736049901,True
D5,30,all,all,first-hour MAE (opening-aligned),oracle_shape,5.3951158668971315,5.307618975639343,5.486572706699372,687554.0,True,13488,201,wt_med,0.5871530543433172,0.5032480478286743,0.6637588262557983,0.16309205293655396,0.9909108877182006,666480.0,0.9441684339366843,False
D5,30,all,all,first-hour MAE (opening-aligned),prod_served,6.562432519339009,6.440639090538025,6.689471805095673,382517.0,True,7539,201,wt_med,1.7251970492854074,1.6458240509033204,1.799267327785492,1.4900269985198975,1.9820699453353883,368182.0,0.5215847772531453,False
D5,30,all,all,first-hour MAE (opening-aligned),prod_served_lin,6.715749561457399,6.596150290966034,6.836281108856201,382517.0,True,7539,201,wt_med,1.8844046558495524,1.7981833338737487,1.965097141265869,1.628342294692993,2.1469334602355956,368182.0,0.5215847772531453,False
D5,30,all,all,first-hour MAE (opening-aligned),wt_med,4.784079978353598,4.704564082622528,4.856451773643494,705891.0,True,14056,201,wt_med,,,,,,,,
D5,45,all,all,first-hour MAE (opening-aligned),clim,4.82559021349149,4.7385879278182985,4.905949056148529,573606.0,True,11629,186,wt_med,-0.0262061713915962,-0.05514295101165771,0.004648125171661372,-0.1533879518508911,0.10804419517517085,568721.0,0.8948077264982008,False
D5,45,all,all,first-hour MAE (opening-aligned),driver_level,4.667356472207177,4.583988726139069,4.7437824487686155,618874.0,True,12097,186,wt_med,-0.14238743755969896,-0.16338204145431517,-0.12287378311157227,-0.23815906047821045,-0.07072757482528688,601518.0,0.9464094943350866,True
D5,45,all,all,first-hour MAE (opening-aligned),driver_level_x_h5,4.667356472207177,4.583988726139069,4.7437824487686155,618874.0,True,12097,186,wt_med,-0.14238743755969896,-0.16338204145431517,-0.12287378311157227,-0.23815906047821045,-0.07072757482528688,601518.0,0.9464094943350866,True
D5,45,all,all,first-hour MAE (opening-aligned),h5,4.664874146140918,4.586719083786011,4.742335379123688,664044.0,True,13007,186,wt_med,-0.13664833561209555,-0.15452088117599488,-0.11876844167709351,-0.23094772100448607,-0.06858659982681274,635579.0,1.0,True
D5,45,all,all,first-hour MAE (opening-aligned),lvlh5_cbd,4.418631040988928,4.254653716087342,4.600851929187774,74110.0,True,1855,186,wt_med,-0.2503694295195844,-0.34554879665374755,-0.17436308860778812,-0.5340564012527466,-0.0355473279953003,68944.0,0.10847432026545874,True
D5,45,all,all,first-hour MAE (opening-aligned),lvlh5_naive,4.68402196552014,4.605891978740692,4.762475228309631,663375.0,True,12970,186,wt_med,-0.11286459971050977,-0.13155351877212523,-0.09327373504638672,-0.1984924554824829,-0.047779023647308384,634952.0,0.9990134979286603,True
D5,45,all,all,first-hour MAE (opening-aligned),lvlh5_tft,4.790364607088152,4.6572978615760805,4.934788429737091,248035.0,True,4957,186,wt_med,-0.15478579124399872,-0.1953603744506836,-0.11544880867004398,-0.29111809730529786,-0.04946578741073611,242236.0,0.38112650040356905,True
D5,45,all,all,first-hour MAE (opening-aligned),oracle_level,4.6272843346326,4.547301077842713,4.702245998382568,660814.0,True,12983,186,wt_med,-0.17528617549593406,-0.1996880888938904,-0.1531963348388672,-0.2754638671875,-0.09600061178207397,632674.0,0.995429364406313,True
D5,45,all,all,first-hour MAE (opening-aligned),oracle_shape,5.483780461790948,5.394938576221466,5.574460732936859,620411.0,True,12135,186,wt_med,0.654052137718522,0.5688247442245483,0.7310820579528808,0.22963874340057372,1.0668778181076046,599142.0,0.9426711706963257,False
D5,45,all,all,first-hour MAE (opening-aligned),prod_served,6.802165167197755,6.645473730564118,6.96681535243988,262982.0,True,5285,186,wt_med,1.8422450592885378,1.7490746140480042,1.9376885175704956,1.6166629195213318,2.1225459218025207,253000.0,0.3980622393125009,False
D5,45,all,all,first-hour MAE (opening-aligned),prod_served_lin,6.9595057836658025,6.806053364276886,7.12219899892807,262982.0,True,5285,186,wt_med,2.006262845849803,1.905811858177185,2.1080610513687135,1.7237476110458374,2.3235374450683595,253000.0,0.3980622393125009,False
D5,45,all,all,first-hour MAE (opening-aligned),wt_med,4.817711881607164,4.7333858728408815,4.896357667446137,635579.0,True,12671,186,wt_med,,,,,,,,
D5,60,all,all,first-hour MAE (opening-aligned),clim,4.86271467324291,4.766521871089935,4.952620017528534,506875.0,True,10272,171,clim,,,,,,,,
D5,60,all,all,first-hour MAE (opening-aligned),driver_level,4.771760611303963,4.681449782848358,4.85282621383667,545518.0,True,10699,171,clim,-0.08637898193189653,-0.12284610271453858,-0.050522017478942874,-0.2873906850814819,0.0743818879127502,489693.0,0.9661020961775586,False
D5,60,all,all,first-hour MAE (opening-aligned),driver_level_x_h5,4.771760611303963,4.681449782848358,4.85282621383667,545518.0,True,10699,171,clim,-0.08637898193189653,-0.12284610271453858,-0.050522017478942874,-0.2873906850814819,0.0743818879127502,489693.0,0.9661020961775586,False
D5,60,all,all,first-hour MAE (opening-aligned),h5,4.761509108865747,4.674570894241333,4.8396944284439085,587779.0,True,11587,171,clim,-0.07255589593955847,-0.10704600811004639,-0.03950464725494385,-0.263617479801178,0.08301486968994137,504822.0,0.9959496917385944,False
D5,60,all,all,first-hour MAE (opening-aligned),lvlh5_naive,4.78194863855898,4.697611165046692,4.862185609340668,587045.0,True,11539,171,clim,-0.04509566867093362,-0.07940202951431274,-0.009501612186431889,-0.2365647315979004,0.11555211544036864,504552.0,0.9954170160295931,False
D5,60,all,all,first-hour MAE (opening-aligned),lvlh5_tft,1.3371019843101062,0.9349738404154777,1.815367421507835,4334.0,True,168,171,clim,0.10417671166827391,0.026106464862823486,0.20056006610393523,-0.16139313578605652,0.9325273871421811,4148.0,0.00818347718865598,False
D5,60,all,all,first-hour MAE (opening-aligned),oracle_level,4.726031668108978,4.643894171714782,4.8058682680130005,584912.0,True,11569,171,clim,-0.1112885586683019,-0.14657015800476075,-0.0761372447013855,-0.3069684743881226,0.04755653142929076,502823.0,0.9920059186189889,False
D5,60,all,all,first-hour MAE (opening-aligned),oracle_shape,5.594161697407844,5.497855162620544,5.6911365509033205,547409.0,True,10743,171,clim,0.6883704753073232,0.5915132999420166,0.7847374320030213,0.15931345224380494,1.2054561674594877,488532.0,0.9638115906288532,False
D5,60,all,all,first-hour MAE (opening-aligned),prod_served,1.890738060781476,1.3671438157558442,2.484095400571823,4146.0,True,163,171,clim,0.5862487852283769,0.35961776971817017,0.8586714118719101,0.1906502924859524,2.794969105720519,4116.0,0.008120345252774353,False
D5,60,all,all,first-hour MAE (opening-aligned),prod_served_lin,1.9535395561987459,1.4218759417533875,2.5470020473003387,4146.0,True,163,171,clim,0.6489006316812438,0.41830250024795534,0.9182955771684647,0.251118503138423,2.896375608444213,4116.0,0.008120345252774353,False
D5,60,all,all,first-hour MAE (opening-aligned),wt_med,4.882811696122227,4.793121421337128,4.968079543113708,563674.0,True,11289,171,clim,0.052439171989055566,0.022122502326965332,0.0818707823753357,-0.11084159612655639,0.19950332641601562,504003.0,0.9943339087546239,False
D5,90,all,all,first-hour MAE (opening-aligned),clim,5.042091541060122,4.935824608802795,5.146382224559784,383937.0,True,7768,141,wt_med,0.021753018088896958,-0.016860866546630857,0.05846977233886719,-0.1466192126274109,0.22477706670761108,381947.0,0.8701854071073484,False
D5,90,all,all,first-hour MAE (opening-aligned),driver_level,4.980956732863254,4.879387760162354,5.076192140579224,419997.0,True,8214,141,wt_med,-0.06001083218958936,-0.08148139715194702,-0.03891544342041016,-0.13102885484695434,0.009808814525604214,412639.0,0.9401106336831265,False
D5,90,all,all,first-hour MAE (opening-aligned),driver_level_x_h5,4.980956732863254,4.879387760162354,5.076192140579224,419997.0,True,8214,141,wt_med,-0.060010832189590246,-0.08148139715194702,-0.03891544342041016,-0.13102884292602537,0.009808814525604214,412639.0,0.9401106336831265,False
D5,90,all,all,first-hour MAE (opening-aligned),h5,4.900238926552188,4.806780195236206,4.991301226615906,456678.0,True,8940,141,wt_med,-0.08673927951408622,-0.1029705286026001,-0.07124775648117067,-0.14434970617294313,-0.03915274143218994,438926.0,1.0,True
D5,90,all,all,first-hour MAE (opening-aligned),lvlh5_naive,4.948466236618843,4.852027547359467,5.041927468776703,454560.0,True,8871,141,wt_med,-0.041952740557555934,-0.06143431663513184,-0.021926093101501468,-0.10332705974578857,0.019562149047851557,436872.0,0.9953203956931237,False
D5,90,all,all,first-hour MAE (opening-aligned),oracle_level,4.894869366132042,4.795752477645874,4.990193128585815,454552.0,True,8928,141,wt_med,-0.09287563423070022,-0.12179900407791137,-0.06163549423217775,-0.1841491937637329,0.0006623387336730814,437002.0,0.9956165731809007,False
D5,90,all,all,first-hour MAE (opening-aligned),oracle_shape,5.589196527352577,5.481613993644714,5.6964900374412535,422235.0,True,8240,141,wt_med,0.5596984603222142,0.4499768853187561,0.6644517421722411,0.09633895158767701,1.0904486656188965,411086.0,0.9365724518483753,False
D5,90,all,all,first-hour MAE (opening-aligned),wt_med,4.9871288098677224,4.885654008388519,5.084197270870209,438926.0,True,8725,141,wt_med,,,,,,,,
UC3,0,all,all,"MAE, schedule known at origin",clim,8.13676429498217,8.03307065963745,8.232030510902405,8879357.0,True,15312,231,wt_med,0.6211780348183451,0.5866428971290588,0.6549139499664307,0.5165848731994629,0.7344961166381836,8840282.0,0.9106995855521913,False
UC3,0,all,all,"MAE, schedule known at origin",driver_level,7.8340521449942155,7.743287467956543,7.9224095940589905,9212231.0,True,15347,231,wt_med,0.27850453159268973,0.23204535245895386,0.32307387590408326,0.1519652485847473,0.41208103895187376,9155215.0,0.943143047488893,False
UC3,0,all,all,"MAE, schedule known at origin",h5,7.520493877246424,7.427750372886658,7.604343342781067,9795511.0,True,16466,231,wt_med,-0.07037362370537181,-0.07613587379455566,-0.06504437923431397,-0.0903647780418396,-0.05283867120742798,9707133.0,1.0,True
UC3,0,all,all,"MAE, schedule known at origin",lvlh5_cbd,10.14636277129106,10.000975155830384,10.30309100151062,5591428.0,True,9026,231,wt_med,2.728058405030919,2.631868541240692,2.818346154689789,2.299176478385925,3.228308343887329,5549602.0,0.5717035091617679,False
UC3,0,all,all,"MAE, schedule known at origin",lvlh5_naive,7.887963575330241,7.795806145668029,7.97554726600647,9247547.0,True,16075,231,wt_med,0.3460307258748001,0.3129487633705139,0.379327130317688,0.28490424156188965,0.4090884327888488,9187162.0,0.9464341325085378,False
UC3,0,all,all,"MAE, schedule known at origin",lvlh5_tft,7.437004438296145,7.339917027950287,7.533575010299683,6929649.0,True,11729,231,wt_med,0.053629876090019124,0.0033260822296142596,0.10612344741821288,-0.07513091564178467,0.17862720489501951,6874739.0,0.7082151856784078,False
UC3,0,all,all,"MAE, schedule known at origin",oracle_level,5.395442908447324,5.344054400920868,5.452749013900757,9749383.0,True,16320,231,wt_med,-2.218068158123696,-2.271467697620392,-2.16246497631073,-2.5355836033821104,-1.9408300042152407,9666220.0,0.995785264299974,True
UC3,0,all,all,"MAE, schedule known at origin",oracle_shape,6.696360980756982,6.604508006572724,6.778789854049682,9216395.0,True,15268,231,wt_med,-0.86005897445916,-0.9173615574836731,-0.8054058790206909,-1.0826066255569458,-0.6357846975326539,9126186.0,0.9401525661593387,True
UC3,0,all,all,"MAE, schedule known at origin",snaive7,8.728264032215515,8.618886375427246,8.8400235414505,8248448.0,True,15412,231,wt_med,1.166179150627709,1.0895525217056274,1.2431493282318116,0.9742387413978577,1.3576739072799682,8205542.0,0.8453105566803298,False
UC3,0,all,all,"MAE, schedule known at origin",wt_med,7.594438955353759,7.500104260444641,7.678081417083741,9707133.0,True,16456,231,wt_med,,,,,,,,
UC3,1,all,all,"MAE, schedule known at origin",clim,8.172324842057032,8.0631915807724,8.272647190093995,8721186.0,True,15095,230,wt_med,0.5488324452468314,0.5134178757667541,0.5827769875526428,0.4458139896392822,0.6657253980636597,8676895.0,0.9117846838074875,False
UC3,1,all,all,"MAE, schedule known at origin",driver_level,7.871763598845878,7.7794990062713625,7.9607374429702755,9084071.0,True,15167,230,wt_med,0.20466244898171393,0.1563452124595642,0.24936518669128416,0.06845519542694092,0.34040452241897584,9020393.0,0.947880109108647,False
UC3,1,all,all,"MAE, schedule known at origin",driver_level_x_h5,7.871763598845878,7.7794990062713625,7.9607374429702755,9084071.0,True,15167,230,wt_med,0.20466244898171393,0.1563452124595642,0.24936518669128416,0.06845612525939941,0.3404049873352051,9020393.0,0.947880109108647,False
UC3,1,all,all,"MAE, schedule known at origin",h5,7.632536220635629,7.537853622436524,7.717439615726471,9611648.0,True,16180,230,wt_med,-0.07612575430420776,-0.08193082809448242,-0.07046036720275879,-0.09697835445404053,-0.0579184889793396,9516386.0,1.0,True
UC3,1,all,all,"MAE, schedule known at origin",lvlh5_cbd,10.242932129070862,10.086391043663024,10.402991223335267,5423983.0,True,8781,230,wt_med,2.718813530857818,2.6195507049560547,2.8116877913475036,2.2694223642349245,3.2266173243522642,5379856.0,0.5653255342942163,False
UC3,1,all,all,"MAE, schedule known at origin",lvlh5_naive,7.919776973571641,7.826755034923553,8.006800889968872,9115811.0,True,15822,230,wt_med,0.26474276894986914,0.22986104488372802,0.2984776496887207,0.2005669116973877,0.3302034020423889,9048826.0,0.9508679030043548,False
UC3,1,all,all,"MAE, schedule known at origin",lvlh5_tft,7.583880039505096,7.486243331432343,7.6825167536735535,6780037.0,True,11493,230,wt_med,0.1082392965153618,0.05789813995361328,0.16409063339233398,-0.027945733070373534,0.24116193056106566,6722101.0,0.7063712001593883,False
UC3,1,all,all,"MAE, schedule known at origin",oracle_level,5.427888470527459,5.375837707519532,5.483772122859955,9566076.0,True,16042,230,wt_med,-2.3049899647100016,-2.3601270079612733,-2.2470094084739687,-2.6347519755363464,-2.0142523288726806,9476148.0,0.9957717141780503,True
UC3,1,all,all,"MAE, schedule known at origin",oracle_shape,6.699999090408174,6.607752168178559,6.78288516998291,9093391.0,True,15090,230,wt_med,-0.9679998589073513,-1.0290552973747253,-0.9119209766387939,-1.2054405808448792,-0.7421522974967957,8991688.0,0.94486373293391,True
UC3,1,all,all,"MAE, schedule known at origin",snaive7,8.739011536153145,8.625449061393738,8.85125391483307,8139195.0,True,15235,230,wt_med,1.0634182859017853,0.9860735654830932,1.14358252286911,0.872475779056549,1.2644343376159668,8082314.0,0.8493049777510076,False
UC3,1,all,all,"MAE, schedule known at origin",wt_med,7.712678163748297,7.6140711307525635,7.798398160934449,9516386.0,True,16170,230,wt_med,,,,,,,,
UC3,2,all,all,"MAE, schedule known at origin",clim,8.191587571558564,8.085113883018494,8.292134785652161,8633488.0,True,14950,229,wt_med,0.527284996073222,0.49135924577713014,0.560466980934143,0.4237356424331665,0.6472455382347106,8587192.0,0.9119397290026776,False
UC3,2,all,all,"MAE, schedule known at origin",driver_level,7.9062932526631355,7.811903393268585,7.995346510410309,9030796.0,True,15063,229,wt_med,0.19963313904106528,0.15030791759490966,0.2467453122138977,0.05865592956542969,0.34448208808898917,8962434.0,0.9517895527623446,False
UC3,2,all,all,"MAE, schedule known at origin",driver_level_x_h5,7.9062932526631355,7.811903393268585,7.995346510410309,9030796.0,True,15063,229,wt_med,0.19963313904106617,0.15030791759490966,0.2467453122138977,0.058655440807342536,0.34448301792144764,8962434.0,0.9517895527623446,False
UC3,2,all,all,"MAE, schedule known at origin",h5,7.666758386133934,7.571886599063873,7.751101291179657,9515201.0,True,16000,229,wt_med,-0.07955192656898813,-0.08513277769088745,-0.07385431528091431,-0.10087555646896362,-0.06090819835662842,9416403.0,1.0,True
UC3,2,all,all,"MAE, schedule known at origin",lvlh5_cbd,10.255648207257508,10.108714294433593,10.415260648727417,5368532.0,True,8699,229,wt_med,2.705845318947377,2.6044660925865175,2.80460205078125,2.2627018690109253,3.218856370449066,5322063.0,0.5651906571968086,False
UC3,2,all,all,"MAE, schedule known at origin",lvlh5_naive,7.925099753565774,7.833449828624725,8.011768627166749,9059712.0,True,15656,229,wt_med,0.2301411263733124,0.19406007528305053,0.26384583711624143,0.1629938006401062,0.2977011442184448,8988231.0,0.9545291338953951,False
UC3,2,all,all,"MAE, schedule known at origin",lvlh5_tft,7.637473957501771,7.5400306224823,7.734301888942719,6691443.0,True,11332,229,wt_med,0.1311738375820184,0.07836195230484008,0.18771058320999143,0.0035509943962097174,0.25911029577255246,6631533.0,0.7042533120130904,False
UC3,2,all,all,"MAE, schedule known at origin",oracle_level,5.432443303891252,5.378900492191315,5.489809048175812,9470273.0,True,15869,229,wt_med,-2.3402277133125837,-2.3947950124740602,-2.2828155636787417,-2.675113570690155,-2.047010266780853,9376774.0,0.9957914927812669,True
UC3,2,all,all,"MAE, schedule known at origin",oracle_shape,6.692240000238389,6.602182400226593,6.7747045993804935,9043423.0,True,14987,229,wt_med,-1.0142975281200135,-1.0739590525627136,-0.9595044374465942,-1.254832911491394,-0.7850158810615541,8933988.0,0.9487686540178877,True
UC3,2,all,all,"MAE, schedule known at origin",snaive7,8.732609064842656,8.620446419715881,8.845948624610902,8096445.0,True,15128,229,wt_med,1.0155995257197459,0.9389695048332214,1.0947459816932679,0.8166847944259643,1.2175169467926026,8033225.0,0.8531097277803424,False
UC3,2,all,all,"MAE, schedule known at origin",wt_med,7.752367650365007,7.654429376125336,7.838170266151428,9416403.0,True,15992,229,wt_med,,,,,,,,
UC3,3,all,all,"MAE, schedule known at origin",clim,8.204335390939525,8.102135133743285,8.305381512641906,8551847.0,True,14794,228,wt_med,0.508587617617394,0.47225695848464966,0.5433400988578796,0.40326887369155884,0.6251813411712647,8504163.0,0.9117946700061328,False
UC3,3,all,all,"MAE, schedule known at origin",driver_level,7.907507510465041,7.812831699848175,8.00224859714508,8978853.0,True,14960,228,wt_med,0.1721961523310549,0.1196886420249939,0.21942555904388428,0.032588303089141846,0.31618285179138184,8906763.0,0.9549604153175137,False
UC3,3,all,all,"MAE, schedule known at origin",driver_level_x_h5,7.907507510465041,7.812831699848175,8.00224859714508,8978853.0,True,14960,228,wt_med,0.172196152331054,0.1196886420249939,0.21942555904388428,0.03258829116821289,0.31618287563323977,8906763.0,0.9549604153175137,False
UC3,3,all,all,"MAE, schedule known at origin",h5,7.688907314532813,7.595777201652527,7.775125646591187,9428285.0,True,15826,228,wt_med,-0.08258693458877797,-0.08808122873306275,-0.07692757844924927,-0.1041366457939148,-0.06409789323806764,9326840.0,1.0,True
UC3,3,all,all,"MAE, schedule known at origin",lvlh5_cbd,10.262337692018603,10.111174058914184,10.430206990242004,5349595.0,True,8665,228,wt_med,2.66643706692249,2.565127635002136,2.7618179321289062,2.2243956685066224,3.1886711716651917,5300141.0,0.5682676018887426,False
UC3,3,all,all,"MAE, schedule known at origin",lvlh5_naive,7.925463058627278,7.832150757312775,8.011560034751891,9005679.0,True,15506,228,wt_med,0.20107765480850404,0.16494821310043334,0.2357474327087402,0.1303369879722595,0.27206106185913087,8930630.0,0.9575193741931887,False
UC3,3,all,all,"MAE, schedule known at origin",lvlh5_tft,7.707827113851325,7.613605487346649,7.812819993495941,6614481.0,True,11177,228,wt_med,0.1802990190782463,0.1255083680152893,0.2379583477973938,0.05356048345565796,0.3103014469146728,6552385.0,0.7025300101642142,False
UC3,3,all,all,"MAE, schedule known at origin",oracle_level,5.434028988950069,5.379570364952087,5.49056191444397,9383973.0,True,15701,228,wt_med,-2.3640280884566156,-2.421565592288971,-2.3036407351493837,-2.69772390127182,-2.0684647083282472,9287810.0,0.9958153029321828,True
UC3,3,all,all,"MAE, schedule known at origin",oracle_shape,6.680648224983725,6.588284873962403,6.763552749156952,8993824.0,True,14884,228,wt_med,-1.0539905902502875,-1.1151489973068238,-0.9968378067016601,-1.2976189374923706,-0.82168345451355,8878471.0,0.9519270192262331,True
UC3,3,all,all,"MAE, schedule known at origin",prod_served,8.086424930490477,7.988005578517914,8.19973132610321,6443002.0,True,10503,228,wt_med,0.6594096313774696,0.5918715715408325,0.7327152132987976,0.5006915211677552,0.82297385931015,6364261.0,0.6823598346278054,False
UC3,3,all,all,"MAE, schedule known at origin",prod_served_lin,8.063678293907095,7.965473806858062,8.177099776268005,6443002.0,True,10503,228,wt_med,0.6364775501821818,0.5692686438560486,0.7090931296348572,0.4725710988044739,0.7968990921974182,6364261.0,0.6823598346278054,False
UC3,3,all,all,"MAE, schedule known at origin",snaive7,8.727121319809813,8.61454529762268,8.8391263961792,8053524.0,True,15026,228,wt_med,0.9782007244668289,0.8990699410438537,1.0602599859237671,0.7745734691619873,1.1819960594177246,7982146.0,0.8558253384854891,False
UC3,3,all,all,"MAE, schedule known at origin",wt_med,7.779065310437404,7.6835167646408085,7.864424240589142,9326840.0,True,15819,228,wt_med,,,,,,,,
UC3,4,all,all,"MAE, schedule known at origin",clim,8.2057304420707,8.104803347587586,8.31042547225952,8473622.0,True,14628,227,wt_med,0.49353233594657375,0.4563807249069214,0.5294661283493042,0.38876134157180786,0.6161984443664551,8425685.0,0.9123814663772262,False
UC3,4,all,all,"MAE, schedule known at origin",driver_level,7.907389290169928,7.810405814647675,7.998800981044769,8923218.0,True,14846,227,wt_med,0.1556819513903438,0.10516083240509033,0.20160424709320068,0.0009250640869140633,0.311101734638214,8848381.0,0.9581534120779956,False
UC3,4,all,all,"MAE, schedule known at origin",driver_level_x_h5,7.9073892901699265,7.810405814647675,7.998800981044769,8923218.0,True,14846,227,wt_med,0.1556819513903438,0.10516083240509033,0.20160424709320068,0.0009250640869140633,0.311101734638214,8848381.0,0.9581534120779956,False
UC3,4,all,all,"MAE, schedule known at origin",h5,7.700190233527685,7.60654901266098,7.787677955627442,9337865.0,True,15642,227,wt_med,-0.08351417276143902,-0.0890665054321289,-0.07794519662857055,-0.10513112545013428,-0.06480993032455444,9234827.0,1.0,True
UC3,4,all,all,"MAE, schedule known at origin",lvlh5_cbd,10.256591027855427,10.098821091651917,10.419967031478881,5310316.0,True,8587,227,wt_med,2.6382124763535835,2.5342378854751586,2.736129379272461,2.177681636810303,3.167286920547485,5258959.0,0.569470223968462,False
UC3,4,all,all,"MAE, schedule known at origin",lvlh5_naive,7.91360245251483,7.818396854400635,8.001007461547852,8947897.0,True,15338,227,wt_med,0.1720923145008335,0.13638840913772582,0.20737775564193725,0.09861841201782226,0.2454743981361389,8870201.0,0.9605162067464826,False
UC3,4,all,all,"MAE, schedule known at origin",lvlh5_tft,7.740271369001654,7.637940096855163,7.845278120040893,6530326.0,True,11014,227,wt_med,0.1906001526087433,0.13538475036621095,0.25153849124908445,0.06200541257858276,0.32042293548583983,6466592.0,0.7002396471531086,False
UC3,4,all,all,"MAE, schedule known at origin",oracle_level,5.428881570495491,5.37457914352417,5.484930610656738,9293972.0,True,15520,227,wt_med,-2.3818706874679467,-2.4417791843414305,-2.322257626056671,-2.7151838660240175,-2.0877763390541078,9196344.0,0.995832840182063,True
UC3,4,all,all,"MAE, schedule known at origin",oracle_shape,6.6612274275005126,6.5694422125816345,6.7443016290664675,8940711.0,True,14771,227,wt_med,-1.0905802501280961,-1.1525753498077393,-1.0329607725143433,-1.341511106491089,-0.8535504579544068,8820274.0,0.9551098250135059,True
UC3,4,all,all,"MAE, schedule known at origin",prod_served,8.147510699206522,8.04703221321106,8.260850620269775,6364257.0,True,10345,227,wt_med,0.7023200618016823,0.6315942645072937,0.7754283905029297,0.5390586614608764,0.8690991163253784,6283324.0,0.6803943376524542,False
UC3,4,all,all,"MAE, schedule known at origin",prod_served_lin,8.124770161701516,8.025090956687928,8.237169909477235,6364257.0,True,10345,227,wt_med,0.6793481244958883,0.6088866472244263,0.7532056331634521,0.5146266698837281,0.8442804098129273,6283324.0,0.6803943376524542,False
UC3,4,all,all,"MAE, schedule known at origin",snaive7,8.709167261939632,8.596950030326843,8.824545454978942,8006131.0,True,14908,227,wt_med,0.9428002691835271,0.8625970840454101,1.0251446485519409,0.7340724468231201,1.1463165998458862,7915789.0,0.8571670048610548,False
UC3,4,all,all,"MAE, schedule known at origin",wt_med,7.792659082839343,7.6978951573371885,7.881313514709473,9234827.0,True,15634,227,wt_med,,,,,,,,
UC3,5,all,all,"MAE, schedule known at origin",clim,8.198985023934338,8.092866802215577,8.303409075737,8367685.0,True,14417,226,wt_med,0.4863235407776223,0.45218420028686523,0.5200425505638122,0.3785735249519348,0.6109925150871277,8319551.0,0.9120691569910311,False
UC3,5,all,all,"MAE, schedule known at origin",driver_level,7.90728526803718,7.808147513866425,7.99636617898941,8847028.0,True,14703,226,wt_med,0.15073275514606976,0.09976530075073242,0.20040578842163084,-0.004292941093444824,0.3087253093719482,8768670.0,0.9613058991804418,False
UC3,5,all,all,"MAE, schedule known at origin",driver_level_x_h5,7.90728526803718,7.808147513866425,7.99636617898941,8847028.0,True,14703,226,wt_med,0.15073275514607154,0.09976530075073242,0.20040578842163084,-0.004292941093444824,0.3087262392044067,8768670.0,0.9613058991804418,False
UC3,5,all,all,"MAE, schedule known at origin",h5,7.701342425494069,7.607639396190644,7.7897714376449585,9226648.0,True,15429,226,wt_med,-0.08515972842771546,-0.09092632532119752,-0.0793830156326294,-0.10706501007080078,-0.06649051904678345,9121623.0,1.0,True
UC3,5,all,all,"MAE, schedule known at origin",lvlh5_cbd,10.26007312046831,10.110291385650635,10.42120943069458,5237726.0,True,8439,226,wt_med,2.597415513965224,2.496051001548767,2.692646884918213,2.143030881881714,3.124156177043915,5184236.0,0.5683457867092293,False
UC3,5,all,all,"MAE, schedule known at origin",lvlh5_naive,7.890249043595243,7.797032737731934,7.976676404476166,8869422.0,True,15141,226,wt_med,0.14348898792414655,0.10702594518661498,0.17744332551956177,0.06550754308700561,0.22034409046173095,8788362.0,0.9634647255208859,False
UC3,5,all,all,"MAE, schedule known at origin",lvlh5_tft,7.809317137350764,7.706701493263244,7.915960681438446,6434781.0,True,10817,226,wt_med,0.246312436304855,0.18739989995956421,0.3025475978851318,0.11110401153564453,0.3833709478378296,6369215.0,0.6982545759674567,False
UC3,5,all,all,"MAE, schedule known at origin",oracle_level,5.4254256226127255,5.36976672410965,5.481458532810211,9183142.0,True,15313,226,wt_med,-2.3894497945769793,-2.4470217704772947,-2.3297809600830077,-2.7271291494369505,-2.0957554459571837,9083639.0,0.9958358287774007,True
UC3,5,all,all,"MAE, schedule known at origin",oracle_shape,6.632909737922436,6.541066586971283,6.716175282001496,8867885.0,True,14633,226,wt_med,-1.123214359774975,-1.1850085377693176,-1.067058765888214,-1.3807368397712707,-0.8840815305709839,8740769.0,0.9582471233463606,True
UC3,5,all,all,"MAE, schedule known at origin",prod_served,8.217590113955199,8.111223554611206,8.32871491909027,6272114.0,True,10155,226,wt_med,0.7676769423541474,0.6954858541488648,0.838232946395874,0.5942251324653626,0.9539251327514648,6187453.0,0.6783280782378311,False
UC3,5,all,all,"MAE, schedule known at origin",prod_served_lin,8.19577051692619,8.090121006965637,8.306497740745545,6272114.0,True,10155,226,wt_med,0.745635158764034,0.6730906963348389,0.816373324394226,0.5716756105422973,0.9265273928642273,6187453.0,0.6783280782378311,False
UC3,5,all,all,"MAE, schedule known at origin",snaive7,8.681197943016711,8.573110795021057,8.794835352897644,7939977.0,True,14768,226,wt_med,0.9100016532376252,0.8338067650794982,0.9942063808441162,0.6982540488243103,1.114574146270752,7827066.0,0.8580782170015139,False
UC3,5,all,all,"MAE, schedule known at origin",wt_med,7.796139130064902,7.700161564350128,7.885611474514008,9121623.0,True,15421,226,wt_med,,,,,,,,
UC3,6,all,all,"MAE, schedule known at origin",clim,8.197191715886236,8.09203794002533,8.296275186538697,8262127.0,True,14206,225,wt_med,0.4604181261124314,0.42523584365844724,0.49496238231658934,0.3506905436515808,0.5860944867134094,8212307.0,0.9121794620452782,False
UC3,6,all,all,"MAE, schedule known at origin",driver_level,7.893208972662392,7.795031654834747,7.982364237308502,8766280.0,True,14554,225,wt_med,0.10843080547228645,0.05700770616531372,0.15743533372879023,-0.04882415533065796,0.2729777812957764,8683156.0,0.9644788692063302,False
UC3,6,all,all,"MAE, schedule known at origin",driver_level_x_h5,7.893208972662392,7.795031654834747,7.982364237308502,8766280.0,True,14554,225,wt_med,0.10843080547228645,0.05700770616531372,0.15743533372879023,-0.048823189735412595,0.27297780513763426,8683156.0,0.9644788692063302,False
UC3,6,all,all,"MAE, schedule known at origin",h5,7.723877047605981,7.629594290256501,7.8131263732910154,9111250.0,True,15207,225,wt_med,-0.08761704912089385,-0.09336069822311402,-0.08209829330444336,-0.10937368869781494,-0.06852971315383911,9002951.0,1.0,True
UC3,6,all,all,"MAE, schedule known at origin",lvlh5_cbd,10.60810244251246,10.459878873825073,10.766785097122192,5161387.0,True,8293,225,wt_med,2.8888714228081938,2.79124059677124,2.990321397781372,2.4489279866218565,3.3828523278236386,5105669.0,0.5671106062889824,False
UC3,6,all,all,"MAE, schedule known at origin",lvlh5_naive,7.882610504646854,7.790189433097839,7.968220186233521,8786610.0,True,14950,225,wt_med,0.10693309173282017,0.06956243515014648,0.14173295497894287,0.0256758451461792,0.1887321591377258,8700928.0,0.9664528886139667,False
UC3,6,all,all,"MAE, schedule known at origin",lvlh5_tft,7.858028589824547,7.750456464290619,7.966843962669373,6330724.0,True,10623,225,wt_med,0.25767623729604416,0.1951112151145935,0.3148741483688354,0.1234933853149414,0.399651038646698,6263060.0,0.6956674539270512,False
UC3,6,all,all,"MAE, schedule known at origin",oracle_level,5.435724748258753,5.380041909217835,5.492933762073517,9068305.0,True,15102,225,wt_med,-2.4046280364006725,-2.4617786765098573,-2.3430418968200684,-2.7379297852516173,-2.1168079733848573,8965588.0,0.9958499163218816,True
UC3,6,all,all,"MAE, schedule known at origin",oracle_shape,6.606867120590811,6.514899408817291,6.686830854415893,8794213.0,True,14493,225,wt_med,-1.1788288121759862,-1.2395930409431457,-1.1243337869644165,-1.4425775408744812,-0.9341806411743164,8655675.0,0.9614264256242203,True
UC3,6,all,all,"MAE, schedule known at origin",prod_served,8.223710487109729,8.119895458221436,8.329948544502258,6175200.0,True,9968,225,wt_med,0.7457413387079734,0.6708627462387085,0.8204991102218628,0.5755442261695862,0.9249949336051941,6086361.0,0.6760406671101509,False
UC3,6,all,all,"MAE, schedule known at origin",prod_served_lin,8.202966725774065,8.100231099128724,8.30964515209198,6175200.0,True,9968,225,wt_med,0.7247950992391017,0.6497202277183532,0.799667477607727,0.552117395401001,0.903678810596466,6086361.0,0.6760406671101509,False
UC3,6,all,all,"MAE, schedule known at origin",snaive7,8.652359923925841,8.544098734855652,8.766131258010864,7870741.0,True,14605,225,wt_med,0.8501538666964779,0.7712252974510193,0.9324490666389464,0.6295204520225525,1.0625415325164795,7728768.0,0.8584705170560186,False
UC3,6,all,all,"MAE, schedule known at origin",wt_med,7.822053402267768,7.726467549800873,7.913855743408203,9002951.0,True,15196,225,wt_med,,,,,,,,
UC3,7,all,all,"MAE, schedule known at origin",clim,8.201476804365637,8.098465490341187,8.299786448478699,8160458.0,True,14014,224,wt_med,0.39024445296601407,0.3541478991508484,0.4254480600357055,0.282442569732666,0.515349519252777,8107531.0,0.9131008380448555,False
UC3,7,all,all,"MAE, schedule known at origin",driver_level,8.094704374242474,7.992238974571228,8.188839077949524,8415281.0,True,13875,224,wt_med,0.26991570671934006,0.22070550918579102,0.3194041848182678,0.09613196849822998,0.45044910907745356,8334253.0,0.9386351281022363,False
UC3,7,all,all,"MAE, schedule known at origin",driver_level_x_h5,8.094704374242474,7.992238974571228,8.188839077949524,8415281.0,True,13875,224,wt_med,0.26991570671934184,0.22070550918579102,0.3194041848182678,0.09613196849822998,0.45044910907745356,8334253.0,0.9386351281022363,False
UC3,7,all,all,"MAE, schedule known at origin",h5,7.805221956161867,7.709053194522857,7.897814416885376,8992947.0,True,14976,224,wt_med,-0.09257951858737279,-0.0985257387161255,-0.08667261600494384,-0.11452244520187378,-0.07300418615341187,8879119.0,1.0,True
UC3,7,all,all,"MAE, schedule known at origin",lvlh5_cbd,10.701658957654335,10.545248532295227,10.86124300956726,5062695.0,True,8112,224,wt_med,2.907876384794088,2.79981015920639,3.0020103573799135,2.466820812225342,3.396543002128601,5004882.0,0.5636687603803936,False
UC3,7,all,all,"MAE, schedule known at origin",lvlh5_naive,8.163336850245,8.063964557647704,8.254444122314453,8450773.0,True,14606,224,wt_med,0.3529179523691415,0.319916820526123,0.3886117100715637,0.2806310534477234,0.42959383726119993,8366024.0,0.942213298413953,False
UC3,7,all,all,"MAE, schedule known at origin",lvlh5_tft,8.000027944638896,7.887888872623444,8.1149973154068,6217850.0,True,10408,224,wt_med,0.31967320951918055,0.2573249340057373,0.38328840732574465,0.19152361154556274,0.4605246305465698,6147639.0,0.6923703804397711,False
UC3,7,all,all,"MAE, schedule known at origin",oracle_level,5.463118551490286,5.407376372814179,5.520502996444702,8950350.0,True,14873,224,wt_med,-2.464794394670127,-2.5261327385902406,-2.40258709192276,-2.803217375278473,-2.1729738116264343,8842302.0,0.9958535300630614,True
UC3,7,all,all,"MAE, schedule known at origin",oracle_shape,7.044759466867931,6.9467385649681095,7.13236289024353,8438573.0,True,13819,224,wt_med,-0.774725900077649,-0.835015881061554,-0.7171465873718261,-1.0231740832328797,-0.5278392791748048,8308590.0,0.9357448638766976,True
UC3,7,all,all,"MAE, schedule known at origin",prod_served,8.362969762626937,8.255981945991516,8.478688883781434,6076553.0,True,9776,224,wt_med,0.8060188758833178,0.7248595118522644,0.879490303993225,0.6348552703857422,0.9868504881858825,5981283.0,0.6736347378608171,False
UC3,7,all,all,"MAE, schedule known at origin",prod_served_lin,8.342564053172909,8.234919452667237,8.458839893341064,6076553.0,True,9776,224,wt_med,0.7853747055606632,0.7046649217605591,0.8592959046363831,0.6166270017623902,0.9656446933746338,5981283.0,0.6736347378608171,False
UC3,7,all,all,"MAE, schedule known at origin",wt_med,7.908247484913762,7.80886492729187,8.002082180976867,8879119.0,True,14963,224,wt_med,,,,,,,,
UC3,10,all,all,"MAE, schedule known at origin",clim,8.190386312046535,8.086133360862732,8.288954639434815,7854790.0,True,13504,221,wt_med,0.3330627720551922,0.2990812659263611,0.36963253021240233,0.21810992956161498,0.4568969964981079,7795523.0,0.9116115380410028,False
UC3,10,all,all,"MAE, schedule known at origin",driver_level,8.077786057539956,7.973411953449249,8.171823930740356,8198131.0,True,13476,221,wt_med,0.19375629786782778,0.14434179067611694,0.24283186197280884,0.017740464210510256,0.367696464061737,8107495.0,0.9480936669175039,False
UC3,10,all,all,"MAE, schedule known at origin",driver_level_x_h5,8.077786057539958,7.973411953449249,8.171823930740356,8198131.0,True,13476,221,wt_med,0.19375629786782955,0.14434179067611694,0.24283186197280884,0.01773953437805176,0.367696464061737,8107495.0,0.9480936669175039,False
UC3,10,all,all,"MAE, schedule known at origin",h5,7.843546571514648,7.74276350736618,7.936282479763031,8673349.0,True,14372,221,wt_med,-0.09889389003977733,-0.10500437021255493,-0.09292870759963989,-0.12171335220336914,-0.07830517292022705,8551365.0,1.0,True
UC3,10,all,all,"MAE, schedule known at origin",lvlh5_cbd,10.674930991615884,10.51996681690216,10.841092824935913,4845062.0,True,7725,221,wt_med,2.798097266476737,2.698292922973633,2.901631534099579,2.353764283657074,3.2868523836135863,4780585.0,0.5590434977339875,False
UC3,10,all,all,"MAE, schedule known at origin",lvlh5_naive,8.123494276103434,8.024333214759826,8.218593311309814,8226860.0,True,14055,221,wt_med,0.25360392081803873,0.2194494366645813,0.28878672122955323,0.17485671043395995,0.3364778161048889,8132744.0,0.9510462949482335,False
UC3,10,all,all,"MAE, schedule known at origin",lvlh5_tft,8.108098497571577,7.997739160060883,8.222837471961975,5962380.0,True,9908,221,wt_med,0.36803709112215177,0.30705387592315675,0.4274358630180359,0.23547838926315307,0.5137444257736206,5885671.0,0.6882726909680501,False
UC3,10,all,all,"MAE, schedule known at origin",oracle_level,5.464396142569539,5.405677032470703,5.5228703141212465,8632031.0,True,14276,221,wt_med,-2.5122425081387574,-2.575481426715851,-2.450262701511383,-2.8631110310554506,-2.214682972431183,8515769.0,0.9958373897032813,True
UC3,10,all,all,"MAE, schedule known at origin",oracle_shape,6.977772482512293,6.8779809951782225,7.063532829284668,8230378.0,True,13424,221,wt_med,-0.898970127944354,-0.959857189655304,-0.8406046748161315,-1.1673636078834533,-0.6436900258064271,8082221.0,0.9451381153769018,True
UC3,10,all,all,"MAE, schedule known at origin",prod_served,8.475266119359782,8.357962965965271,8.600018095970153,5824642.0,True,9277,221,wt_med,0.863948965310791,0.7879861116409301,0.9439639449119568,0.676262629032135,1.0652953863143921,5719012.0,0.6687835216950744,False
UC3,10,all,all,"MAE, schedule known at origin",prod_served_lin,8.454783272517005,8.337826228141784,8.5790447473526,5824642.0,True,9277,221,wt_med,0.8431654584742967,0.7669684290885925,0.9232928156852722,0.6559034943580627,1.0396487593650816,5719012.0,0.6687835216950744,False
UC3,10,all,all,"MAE, schedule known at origin",wt_med,7.9573388575975885,7.854664397239685,8.050962090492249,8551365.0,True,14362,221,wt_med,,,,,,,,
UC3,14,all,all,"MAE, schedule known at origin",clim,8.18947580071453,8.08263692855835,8.294165301322938,7407946.0,True,12744,217,wt_med,0.2670280975125676,0.23042217493057252,0.3041792750358581,0.1444794774055481,0.394015622138977,7348017.0,0.9103274978601531,False
UC3,14,all,all,"MAE, schedule known at origin",driver_level,8.14082877235179,8.038228058815003,8.2349271774292,7604245.0,True,12417,217,wt_med,0.22809188011245674,0.17655353546142577,0.2786430835723877,0.047174072265625006,0.41857205629348754,7509695.0,0.9303573820042743,False
UC3,14,all,all,"MAE, schedule known at origin",driver_level_x_h5,8.14082877235179,8.038228058815003,8.2349271774292,7604245.0,True,12417,217,wt_med,0.22809188011245496,0.17655353546142577,0.2786430835723877,0.04717267751693726,0.418571126461029,7509695.0,0.9303573820042743,False
UC3,14,all,all,"MAE, schedule known at origin",h5,7.899191857611258,7.803146266937256,7.9994019031524655,8203907.0,True,13564,217,wt_med,-0.10487394817959039,-0.11077795028686524,-0.09901007413864135,-0.12989776134490966,-0.0832774043083191,8071839.0,1.0,True
UC3,14,all,all,"MAE, schedule known at origin",lvlh5_cbd,10.634880893057884,10.471358919143677,10.807929730415344,4484581.0,True,7067,217,wt_med,2.670576625976272,2.569583511352539,2.7700607776641846,2.216295051574707,3.1753228902816772,4414129.0,0.5468554315813287,False
UC3,14,all,all,"MAE, schedule known at origin",lvlh5_naive,8.250297390967434,8.151746368408203,8.340664911270142,7642066.0,True,13205,217,wt_med,0.3565269890433038,0.32348995208740233,0.390091609954834,0.29124590158462527,0.42836537361145016,7542184.0,0.9343823631764707,False
UC3,14,all,all,"MAE, schedule known at origin",lvlh5_tft,8.265099176658035,8.146659111976623,8.392962002754212,5569327.0,True,9185,217,wt_med,0.4556540661049464,0.388908851146698,0.5176460862159729,0.304291296005249,0.6268316626548767,5485442.0,0.679577726959123,False
UC3,14,all,all,"MAE, schedule known at origin",oracle_level,5.483137998412922,5.422574150562286,5.540957295894623,8164447.0,True,13479,217,wt_med,-2.559480765328038,-2.6245845317840577,-2.4980573773384096,-2.9111630797386168,-2.2532387733459474,8038164.0,0.9958280882460614,True
UC3,14,all,all,"MAE, schedule known at origin",oracle_shape,7.20341225580019,7.105694806575775,7.304353928565979,7640290.0,True,12380,217,wt_med,-0.696558282420729,-0.7604488492012024,-0.6343694448471069,-0.9834056615829467,-0.4238189697265626,7486444.0,0.9274768736095951,True
UC3,14,all,all,"MAE, schedule known at origin",prod_served,8.65466324897844,8.533499908447265,8.784865188598634,5444616.0,True,8585,217,wt_med,0.9656962242772371,0.8779650688171386,1.0497470378875733,0.7485758543014527,1.2030657052993774,5326265.0,0.6598576854667195,False
UC3,14,all,all,"MAE, schedule known at origin",prod_served_lin,8.63414715564881,8.513017654418945,8.76433436870575,5444616.0,True,8585,217,wt_med,0.9447878579079338,0.856934666633606,1.0286545515060426,0.7323331236839294,1.177995789051056,5326265.0,0.6598576854667195,False
UC3,14,all,all,"MAE, schedule known at origin",wt_med,8.021808846782003,7.926382684707642,8.12229301929474,8071839.0,True,13554,217,wt_med,,,,,,,,
UC3,21,all,all,"MAE, schedule known at origin",clim,8.227004613100185,8.110569405555726,8.346029949188232,6828163.0,True,11711,210,wt_med,0.2141923798358043,0.17493070363998414,0.2545912265777588,0.0684382438659668,0.3574265718460082,6762164.0,0.90900419271712,False
UC3,21,all,all,"MAE, schedule known at origin",driver_level,8.222041939487262,8.11310567855835,8.32229380607605,6968521.0,True,11265,210,wt_med,0.21883636085649272,0.16354939937591553,0.2745168209075928,0.027440047264099123,0.4167048215866088,6862676.0,0.922515522731947,False
UC3,21,all,all,"MAE, schedule known at origin",driver_level_x_h5,8.222041939487262,8.11310567855835,8.32229380607605,6968521.0,True,11265,210,wt_med,0.21883636085649272,0.16354939937591553,0.2745168209075928,0.027439093589782717,0.4167052865028381,6862676.0,0.922515522731947,False
UC3,21,all,all,"MAE, schedule known at origin",h5,7.937690225282626,7.833885443210602,8.0422997713089,7586071.0,True,12394,210,wt_med,-0.11742524959370115,-0.12350108623504638,-0.11152077913284301,-0.14585621356964112,-0.09345767498016358,7439090.0,1.0,True
UC3,21,all,all,"MAE, schedule known at origin",lvlh5_cbd,10.589215327742345,10.419114303588866,10.781676959991454,4025265.0,True,6193,210,wt_med,2.462482662004735,2.3579149723052977,2.5673619985580443,2.0134063243865965,2.973485779762268,3945994.0,0.5304404167714062,False
UC3,21,all,all,"MAE, schedule known at origin",lvlh5_naive,8.348583432234383,8.243696570396423,8.448463249206544,7009615.0,True,12081,210,wt_med,0.3721917812213462,0.3381088972091675,0.40788466930389405,0.3114274024963379,0.4388178110122681,6897328.0,0.9271736193539801,False
UC3,21,all,all,"MAE, schedule known at origin",lvlh5_tft,8.351974062091582,8.224686861038208,8.481099700927734,5012701.0,True,8081,210,wt_med,0.3816845637022759,0.32387499809265136,0.445301079750061,0.25180759429931643,0.5220160961151123,4918175.0,0.6611258903978847,False
UC3,21,all,all,"MAE, schedule known at origin",oracle_level,5.4688405851739565,5.40759288072586,5.531035542488098,7550033.0,True,12325,210,wt_med,-2.636465397448397,-2.703911030292511,-2.571056377887726,-3.007728028297424,-2.295359230041504,7408534.0,0.9958925083578771,True
UC3,21,all,all,"MAE, schedule known at origin",oracle_shape,7.369155007959676,7.26458170413971,7.4698650598526,7017489.0,True,11233,210,wt_med,-0.6149081747455725,-0.6819796919822693,-0.5498006820678711,-0.9123952388763428,-0.3355660676956177,6841468.0,0.91966463640042,True
UC3,21,all,all,"MAE, schedule known at origin",prod_served,8.735891911701591,8.607967853546143,8.862932300567627,4927971.0,True,7638,210,wt_med,0.8508178844739618,0.7682321786880493,0.9369677186012267,0.6412479996681213,1.0765069603919983,4790591.0,0.6439754055939638,False
UC3,21,all,all,"MAE, schedule known at origin",prod_served_lin,8.716296524472241,8.58958625793457,8.842921543121339,4927971.0,True,7638,210,wt_med,0.8307309056440015,0.7479308843612671,0.9169157028198243,0.6221530079841614,1.052962076663971,4790591.0,0.6439754055939638,False
UC3,21,all,all,"MAE, schedule known at origin",wt_med,8.083044633147335,7.979159486293793,8.186789655685425,7439090.0,True,12380,210,wt_med,,,,,,,,
UC3,30,all,all,"MAE, schedule known at origin",clim,8.314316165812306,8.192778587341309,8.436901712417603,5915725.0,True,10156,201,wt_med,0.2033394635941903,0.15901944637298585,0.24801077842712402,0.031152069568634033,0.3762989640235901,5844232.0,0.9008311239903817,False
UC3,30,all,all,"MAE, schedule known at origin",driver_level,8.255116572230575,8.134707117080689,8.367974877357483,6101306.0,True,9791,201,wt_med,0.17331433101735705,0.1113621473312378,0.23448078632354735,-0.0547126293182373,0.39243304729461664,5986524.0,0.9227640421727603,False
UC3,30,all,all,"MAE, schedule known at origin",driver_level_x_h5,8.255116572230575,8.134707117080689,8.367974877357483,6101306.0,True,9791,201,wt_med,0.17331433101735705,0.1113621473312378,0.23448078632354735,-0.05471121072769165,0.39243304729461664,5986524.0,0.9227640421727603,False
UC3,30,all,all,"MAE, schedule known at origin",h5,8.002974494833325,7.894220817089081,8.114003205299378,6645183.0,True,10694,201,wt_med,-0.1260945688698456,-0.1328789472579956,-0.11972130537033081,-0.1575366497039795,-0.100062894821167,6487600.0,1.0,True
UC3,30,all,all,"MAE, schedule known at origin",lvlh5_cbd,10.75809757618854,10.567892241477967,10.957829904556274,3384669.0,True,5044,201,wt_med,2.405853783073548,2.2971144914627075,2.5183193922042846,1.9262584805488587,2.9464741230010985,3301520.0,0.5088969726863555,False
UC3,30,all,all,"MAE, schedule known at origin",lvlh5_naive,8.38628260597319,8.271843338012696,8.488181042671204,6138318.0,True,10468,201,wt_med,0.33589475402883195,0.2983101844787598,0.3709322929382324,0.2680550813674927,0.4078710079193115,6016120.0,0.9273259757075035,False
UC3,30,all,all,"MAE, schedule known at origin",lvlh5_tft,8.623274054707293,8.479621815681458,8.772903513908386,3553485.0,True,5523,201,wt_med,0.357864588840501,0.2846874237060547,0.43001441955566405,0.21413209438323974,0.510602331161499,3470537.0,0.5349492878722486,False
UC3,30,all,all,"MAE, schedule known at origin",oracle_level,5.418818943852608,5.3507872223854065,5.484693253040314,6613147.0,True,10640,201,wt_med,-2.7692748561606573,-2.839677023887634,-2.696510970592499,-3.1535918593406675,-2.4132415890693664,6460822.0,0.9958724335655712,True
UC3,30,all,all,"MAE, schedule known at origin",oracle_shape,7.376261385388756,7.261541080474854,7.481092464923859,6157148.0,True,9768,201,wt_med,-0.6800282077667132,-0.7487287163734436,-0.6166372418403625,-0.9916170597076416,-0.4078127145767212,5967883.0,0.9198907145939947,True
UC3,30,all,all,"MAE, schedule known at origin",prod_served,9.142811714398924,8.985993671417237,9.29148473739624,3757871.0,True,5700,201,wt_med,0.9205831290271735,0.8184702873229981,1.0193074703216554,0.6634944200515747,1.1852317333221436,3622423.0,0.5583610271903323,False
UC3,30,all,all,"MAE, schedule known at origin",prod_served_lin,9.121686188802117,8.965148282051086,9.269813942909241,3757871.0,True,5700,201,wt_med,0.8987708296353016,0.7972444295883179,0.9966888666152954,0.6434813976287842,1.1609313249588011,3622423.0,0.5583610271903323,False
UC3,30,all,all,"MAE, schedule known at origin",wt_med,8.168217291448302,8.058089065551759,8.282647562026977,6487600.0,True,10680,201,wt_med,,,,,,,,
UC3,45,all,all,"MAE, schedule known at origin",clim,8.187352330257044,8.06178812980652,8.301787710189819,5000178.0,True,8674,186,wt_med,0.1825023003711248,0.13887279033660888,0.2303065538406372,-0.004817032814025877,0.36411926746368406,4926379.0,0.8882867860105775,False
UC3,45,all,all,"MAE, schedule known at origin",driver_level,8.29840044825207,8.165326714515686,8.436285591125488,5165677.0,True,8222,186,wt_med,0.37435726098502364,0.30281546115875246,0.44269020557403566,0.12729567289352417,0.6403022527694702,5046994.0,0.9100351554914204,False
UC3,45,all,all,"MAE, schedule known at origin",driver_level_x_h5,8.29840044825207,8.165326714515686,8.436285591125488,5165677.0,True,8222,186,wt_med,0.37435726098502364,0.30281546115875246,0.44269020557403566,0.12729660272598267,0.6403022527694702,5046994.0,0.9100351554914204,False
UC3,45,all,all,"MAE, schedule known at origin",h5,7.8745790715093875,7.756104183197022,7.988430595397949,5714005.0,True,9036,186,wt_med,-0.1267239885516105,-0.13356370925903321,-0.11955956220626832,-0.15993890762329102,-0.10020594596862793,5545933.0,1.0,True
UC3,45,all,all,"MAE, schedule known at origin",lvlh5_cbd,12.071903193450902,11.67317020893097,12.455827450752258,686484.0,True,1316,186,wt_med,1.8574309055018077,1.6518886089324951,2.0579397678375244,1.451359462738037,2.2497684001922607,665023.0,0.1199118344920503,False
UC3,45,all,all,"MAE, schedule known at origin",lvlh5_naive,8.344676308030587,8.219743704795837,8.458673000335693,5203603.0,True,8885,186,wt_med,0.45638608936542635,0.41413689851760865,0.4972128987312317,0.37083218097686765,0.5495628833770752,5074566.0,0.9150067265507895,False
UC3,45,all,all,"MAE, schedule known at origin",lvlh5_tft,8.642397106409557,8.441886925697327,8.835813236236572,2145110.0,True,3349,186,wt_med,0.4045635684099409,0.3096193313598633,0.5073657512664795,0.21309356689453124,0.6001431465148925,2094983.0,0.37775122779160875,False
UC3,45,all,all,"MAE, schedule known at origin",oracle_level,5.326746786063504,5.260650730133056,5.394557046890259,5686338.0,True,9009,186,wt_med,-2.7450290032440527,-2.81699001789093,-2.6705868005752564,-3.1591898798942566,-2.358121156692505,5523435.0,0.9959433336104132,True
UC3,45,all,all,"MAE, schedule known at origin",oracle_shape,7.395064962955213,7.268818426132202,7.505681848526001,5236986.0,True,8213,186,wt_med,-0.49342880260245714,-0.5656539678573609,-0.4257714867591858,-0.8111017107963562,-0.2220054626464844,5031531.0,0.9072469862149435,True
UC3,45,all,all,"MAE, schedule known at origin",prod_served,9.48030311844115,9.275790786743164,9.683462381362915,2355119.0,True,3702,186,wt_med,1.072544453189245,0.9444642066955566,1.2028390645980835,0.7673498392105103,1.4122202157974242,2265473.0,0.4084926738206177,False
UC3,45,all,all,"MAE, schedule known at origin",prod_served_lin,9.458118464502219,9.25410816669464,9.66089744567871,2355119.0,True,3702,186,wt_med,1.0495103561154782,0.9203238725662232,1.180745816230774,0.7442627072334289,1.3874360918998716,2265473.0,0.4084926738206177,False
UC3,45,all,all,"MAE, schedule known at origin",wt_med,8.050671996939018,7.929364931583405,8.164963388442994,5545933.0,True,9025,186,wt_med,,,,,,,,
UC3,60,all,all,"MAE, schedule known at origin",clim,8.073831735548417,7.93629492521286,8.215616917610168,3887048.0,True,6913,171,clim,,,,,,,,
UC3,60,all,all,"MAE, schedule known at origin",driver_level,8.375881252637631,8.217207050323486,8.543265795707702,4040109.0,True,6474,171,clim,0.3523601884860099,0.24192287921905517,0.45712229013442984,0.08214638233184815,0.5943486452102661,3606225.0,0.9277541723179132,False
UC3,60,all,all,"MAE, schedule known at origin",driver_level_x_h5,8.375881252637631,8.217207050323486,8.543265795707702,4040109.0,True,6474,171,clim,0.3523601884860099,0.24192287921905517,0.45712229013442984,0.0821468472480774,0.5943495750427246,3606225.0,0.9277541723179132,False
UC3,60,all,all,"MAE, schedule known at origin",h5,7.95482262737983,7.822207891941071,8.083869147300721,4521752.0,True,7256,171,clim,-0.19381061461324567,-0.2474472165107727,-0.1480997681617737,-0.44386842250823977,0.03277958631515495,3842514.0,0.9885429765724529,False
UC3,60,all,all,"MAE, schedule known at origin",lvlh5_naive,8.450726172190983,8.311168265342712,8.597647142410278,4074689.0,True,7106,171,clim,0.47518186619029557,0.3980590462684631,0.5495649218559265,0.1956932544708252,0.7405796647071837,3618142.0,0.9308199950193566,False
UC3,60,all,all,"MAE, schedule known at origin",lvlh5_tft,3.300381505493184,2.3278789401054385,4.521645879745483,37034.0,True,107,171,clim,0.18795269300853912,-0.3538293182849884,0.7992971301078796,-1.5841579914093018,2.05114107131958,35317.0,0.009085815251059415,False
UC3,60,all,all,"MAE, schedule known at origin",oracle_level,5.283796178298921,5.2091855764389035,5.36204627752304,4498853.0,True,7240,171,clim,-2.8949926902578413,-2.9860460996627807,-2.8044293761253356,-3.4353674173355104,-2.4378862977027893,3828270.0,0.9848784990563533,True
UC3,60,all,all,"MAE, schedule known at origin",oracle_shape,7.586163542354611,7.444715750217438,7.733428514003753,4115475.0,True,6471,171,clim,-0.3961792065676084,-0.5071060657501221,-0.2982201337814331,-0.7924979567527771,-0.023671925067901622,3602274.0,0.9267377197297281,True
UC3,60,all,all,"MAE, schedule known at origin",prod_served,3.4651950576148827,2.4391341745853423,4.759731268882751,36015.0,True,106,171,clim,0.17932814326860003,-0.4993012070655823,0.9192092478275297,-2.1173280477523804,1.6730942964553823,35067.0,0.009021499091341296,False
UC3,60,all,all,"MAE, schedule known at origin",prod_served_lin,3.464903512425378,2.4375185132026673,4.757838070392609,36015.0,True,106,171,clim,0.17902871645706808,-0.500448477268219,0.9169945180416105,-2.106391978263855,1.6763393640518183,35067.0,0.009021499091341296,False
UC3,60,all,all,"MAE, schedule known at origin",wt_med,8.131524554546278,7.996609878540039,8.261116123199463,4368804.0,True,7247,171,clim,-0.07983168558369247,-0.1335782527923584,-0.03380107879638672,-0.31674561500549314,0.1362205266952514,3824509.0,0.9839109267495539,False
UC3,90,all,all,"MAE, schedule known at origin",clim,7.495857546895545,7.320593726634979,7.673601222038269,2191093.0,True,3853,141,wt_med,0.2478985915440246,0.19540244340896606,0.30695530176162716,0.08820915222167969,0.41520049571990963,2137376.0,0.8624318235832197,False
UC3,90,all,all,"MAE, schedule known at origin",driver_level,8.065650655964019,7.8583104610443115,8.270731735229493,2302307.0,True,3498,141,wt_med,0.8651999478885406,0.7334555387496948,0.9881633877754211,0.5386765837669373,1.1659696340560912,2227382.0,0.8987492701688609,False
UC3,90,all,all,"MAE, schedule known at origin",driver_level_x_h5,8.065650655964019,7.8583104610443115,8.270731735229493,2302307.0,True,3498,141,wt_med,0.8651999478885388,0.7334555387496948,0.9881633877754211,0.538676118850708,1.1659696340560912,2227382.0,0.8987492701688609,False
UC3,90,all,all,"MAE, schedule known at origin",h5,7.080250113556193,6.920351123809814,7.244166684150696,2586825.0,True,3899,141,wt_med,-0.10164958986213612,-0.11130068302154542,-0.09190151691436768,-0.13695626258850097,-0.06965769529342652,2478313.0,1.0,True
UC3,90,all,all,"MAE, schedule known at origin",lvlh5_naive,7.611814618053349,7.4367758393287655,7.7974594831466675,2327426.0,True,3885,141,wt_med,0.47162655983711055,0.4004301905632019,0.5386178612709045,0.3558660387992859,0.5906413197517395,2243556.0,0.9052754837665783,False
UC3,90,all,all,"MAE, schedule known at origin",oracle_level,4.7320736560901,4.650416350364685,4.820399951934815,2575706.0,True,3897,141,wt_med,-2.550839805829624,-2.6602917432785036,-2.440776550769806,-3.2182368874549865,-1.9828421711921693,2469996.0,0.9966440881357601,True
UC3,90,all,all,"MAE, schedule known at origin",oracle_shape,6.8212107006700196,6.640904796123505,7.009678566455841,2371525.0,True,3496,141,wt_med,-0.29165231067331554,-0.4035794138908386,-0.18621001243591312,-0.615636682510376,0.05237171649932856,2221846.0,0.8965154925951645,False
UC3,90,all,all,"MAE, schedule known at origin",wt_med,7.265113809272679,7.0980407953262326,7.434410476684571,2478313.0,True,3898,141,wt_med,,,,,,,,
D5,0,all,all,"first-hour MAE, schedule known at origin",clim,4.4855475306021635,4.39590505361557,4.5680063486099245,661963.0,True,13336,231,wt_med,0.2761214319455272,0.24712491035461426,0.3033323287963867,0.17588027119636535,0.3888679146766662,658377.0,0.9078282236335908,False
D5,0,all,all,"first-hour MAE, schedule known at origin",driver_level,4.0290361730119475,3.952253407239914,4.099293112754822,702333.0,True,14012,231,wt_med,-0.19230283797915693,-0.2187502682209015,-0.16672307848930362,-0.34890778064727784,-0.08064001202583314,693275.0,0.9559486612375245,True
D5,0,all,all,"first-hour MAE, schedule known at origin",h5,4.0442486873838375,3.9693742990493774,4.114840078353882,737649.0,True,14795,231,wt_med,-0.18647100474061773,-0.21260063648223876,-0.16022691130638123,-0.33622541427612307,-0.07991155982017518,725222.0,1.0,True
D5,0,all,all,"first-hour MAE, schedule known at origin",lvlh5_cbd,3.9267603754003972,3.839983183145523,4.015685868263245,400852.0,True,7969,231,wt_med,-0.19081709301972394,-0.22845150232315065,-0.15215754508972168,-0.38729786276817324,-0.04967225790023808,395056.0,0.5447380250461238,True
D5,0,all,all,"first-hour MAE, schedule known at origin",lvlh5_naive,4.0442486873838375,3.9693742990493774,4.114840078353882,737649.0,True,14795,231,wt_med,-0.18647100474061773,-0.21260063648223876,-0.16022691130638123,-0.33622541427612307,-0.07991155982017518,725222.0,1.0,True
D5,0,all,all,"first-hour MAE, schedule known at origin",lvlh5_tft,3.829649188117068,3.7507714092731477,3.9047215819358825,499641.0,True,10312,231,wt_med,-0.23853603699664294,-0.273272705078125,-0.20300311446189884,-0.4477306306362152,-0.09453176856040958,492369.0,0.6789217646458602,True
D5,0,all,all,"first-hour MAE, schedule known at origin",oracle_level,4.0447510932418025,3.9696686446666716,4.1153319597244264,733598.0,True,14744,231,wt_med,-0.1863426711921532,-0.2126585602760315,-0.15982741117477417,-0.33659944534301756,-0.07924649119377139,721543.0,0.9949270706073451,True
D5,0,all,all,"first-hour MAE, schedule known at origin",oracle_shape,4.545594021455263,4.469311213493347,4.620150482654571,701323.0,True,14035,231,wt_med,0.31767793007410994,0.24796681404113768,0.39124146699905393,-0.06535444259643555,0.7129925489425659,690253.0,0.9517816613395622,False
D5,0,all,all,"first-hour MAE, schedule known at origin",snaive7,4.9303845831587765,4.835345149040222,5.027627384662628,596750.0,True,13170,231,wt_med,0.665648623876355,0.6024823904037475,0.7298776149749756,0.48418489694595335,0.8536939501762391,594605.0,0.8198937704592525,False
D5,0,all,all,"first-hour MAE, schedule known at origin",wt_med,4.21556778476108,4.135054063796997,4.289505589008331,725222.0,True,14620,231,wt_med,,,,,,,,
D5,1,all,all,"first-hour MAE, schedule known at origin",clim,4.4968131798818805,4.405770242214203,4.582023334503174,650021.0,True,13133,230,wt_med,0.22601001307735746,0.1968243360519409,0.25425019264221194,0.12254977226257324,0.33562207221984863,646155.0,0.9079138166510232,False
D5,1,all,all,"first-hour MAE, schedule known at origin",driver_level,4.083135523415501,4.006105124950409,4.1562572598457335,693216.0,True,13841,230,wt_med,-0.2042272769184157,-0.23140935897827147,-0.17680075168609619,-0.3653385043144226,-0.08667069077491762,683259.0,0.9600487289445434,True
D5,1,all,all,"first-hour MAE, schedule known at origin",driver_level_x_h5,4.083135523415501,4.006105124950409,4.1562572598457335,693216.0,True,13841,230,wt_med,-0.2042272769184157,-0.23140935897827147,-0.17680075168609619,-0.3653385043144226,-0.08667069077491762,683259.0,0.9600487289445434,True
D5,1,all,all,"first-hour MAE, schedule known at origin",h5,4.105410276623685,4.027347934246063,4.177631139755249,724956.0,True,14547,230,wt_med,-0.19980755368895586,-0.2255151867866516,-0.1737951159477234,-0.3565840721130371,-0.08524978160858154,711692.0,1.0,True
D5,1,all,all,"first-hour MAE, schedule known at origin",lvlh5_cbd,3.9904099384297402,3.900445342063904,4.080766987800598,389961.0,True,7755,230,wt_med,-0.2097726709936394,-0.2491707980632782,-0.17104135155677797,-0.4186190962791443,-0.05729050040245059,383640.0,0.5390534107450976,True
D5,1,all,all,"first-hour MAE, schedule known at origin",lvlh5_naive,4.105410276623685,4.027347934246063,4.177631139755249,724956.0,True,14547,230,wt_med,-0.19980755368895586,-0.2255151867866516,-0.1737951159477234,-0.3565840721130371,-0.08524978160858154,711692.0,1.0,True
D5,1,all,all,"first-hour MAE, schedule known at origin",lvlh5_tft,3.8716132433292665,3.790159446001053,3.9462770223617554,490126.0,True,10112,230,wt_med,-0.2509863366903251,-0.28665868043899534,-0.21464610099792483,-0.47098551988601683,-0.09781444668769837,482277.0,0.6776484771502279,True
D5,1,all,all,"first-hour MAE, schedule known at origin",oracle_level,4.10622083878878,4.0287540555000305,4.178254723548889,720992.0,True,14496,230,wt_med,-0.19969742333194507,-0.22552410364151002,-0.17380961179733279,-0.3565100789070129,-0.08476841449737549,708085.0,0.9949317963388656,True
D5,1,all,all,"first-hour MAE, schedule known at origin",oracle_shape,4.542002043154859,4.468048250675201,4.615714657306671,692484.0,True,13871,230,wt_med,0.2472809189332965,0.17575217485427858,0.3227650642395019,-0.15586497783660888,0.6563777089118957,680273.0,0.9558530937540397,False
D5,1,all,all,"first-hour MAE, schedule known at origin",snaive7,4.925319691359386,4.8272560119628904,5.0231944680213925,589553.0,True,13026,230,wt_med,0.5940629592626561,0.5305175900459289,0.6595942974090576,0.41480633020401003,0.7704578042030334,586538.0,0.8241458383682829,False
D5,1,all,all,"first-hour MAE, schedule known at origin",wt_med,4.288174519314535,4.205910778045654,4.364090776443481,711692.0,True,14359,230,wt_med,,,,,,,,
D5,2,all,all,"first-hour MAE, schedule known at origin",clim,4.506194211690992,4.41450617313385,4.589782297611237,643504.0,True,12999,229,wt_med,0.21268405809793034,0.18314168453216553,0.24036484956741333,0.10884720087051392,0.3270466208457946,639472.0,0.9075596858386105,False
D5,2,all,all,"first-hour MAE, schedule known at origin",driver_level,4.101949232514518,4.024693012237549,4.174293851852417,689329.0,True,13741,229,wt_med,-0.21021533671474568,-0.23716888427734376,-0.1836113214492798,-0.3732873201370239,-0.08890879154205322,678809.0,0.9633880494914888,True
D5,2,all,all,"first-hour MAE, schedule known at origin",driver_level_x_h5,4.101949232514518,4.024693012237549,4.174293851852417,689329.0,True,13741,229,wt_med,-0.21021533671474568,-0.23716888427734376,-0.1836113214492798,-0.3732873201370239,-0.08890879154205322,678809.0,0.9633880494914888,True
D5,2,all,all,"first-hour MAE, schedule known at origin",h5,4.1222883556446615,4.0440206050872805,4.195251560211181,718245.0,True,14385,229,wt_med,-0.2059398266548964,-0.23197126388549805,-0.17986173629760743,-0.3648897290229797,-0.08913636803627016,704606.0,1.0,True
D5,2,all,all,"first-hour MAE, schedule known at origin",lvlh5_cbd,4.005450566346393,3.9164931535720826,4.09783821105957,386336.0,True,7675,229,wt_med,-0.21910303292163702,-0.260874742269516,-0.1791530430316925,-0.43398683667182925,-0.06379914283752446,379568.0,0.5386953843708399,True
D5,2,all,all,"first-hour MAE, schedule known at origin",lvlh5_naive,4.1222883556446615,4.0440206050872805,4.195251560211181,718245.0,True,14385,229,wt_med,-0.2059398266548964,-0.23197126388549805,-0.17986173629760743,-0.3648897290229797,-0.08913636803627016,704606.0,1.0,True
D5,2,all,all,"first-hour MAE, schedule known at origin",lvlh5_tft,3.88615747890866,3.803660440444946,3.96149542927742,484322.0,True,9968,229,wt_med,-0.2580697415540367,-0.29436553716659547,-0.22161847949028016,-0.4817341446876526,-0.10223662853240968,476115.0,0.6757180608737365,True
D5,2,all,all,"first-hour MAE, schedule known at origin",oracle_level,4.123045043020778,4.045199453830719,4.195922291278839,714306.0,True,14339,229,wt_med,-0.20588038626627814,-0.23177030086517333,-0.1798790216445923,-0.36494444608688353,-0.08867534995079042,701019.0,0.9949092116729066,True
D5,2,all,all,"first-hour MAE, schedule known at origin",oracle_shape,4.536402961709221,4.462065398693085,4.6107388734817505,688758.0,True,13776,229,wt_med,0.215945524211957,0.14407522678375245,0.29341084957122804,-0.19439122676849363,0.6215312182903288,675827.0,0.9591558970545241,False
D5,2,all,all,"first-hour MAE, schedule known at origin",snaive7,4.9188901310901,4.821678912639618,5.017084407806396,586772.0,True,12946,229,wt_med,0.5632000082278283,0.49867523908615113,0.6278553962707519,0.3816497802734375,0.738685142993927,583386.0,0.8279605907414924,False
D5,2,all,all,"first-hour MAE, schedule known at origin",wt_med,4.31172882433587,4.228673577308655,4.38501558303833,704606.0,True,14188,229,wt_med,,,,,,,,
D5,3,all,all,"first-hour MAE, schedule known at origin",clim,4.505222920946571,4.4149345517158505,4.590364122390747,637670.0,True,12867,228,wt_med,0.1974825594242242,0.16843115091323851,0.2257030725479126,0.09259496927261353,0.31357080936431886,633580.0,0.9073983369567397,False
D5,3,all,all,"first-hour MAE, schedule known at origin",driver_level,4.113759031520389,4.035045337677002,4.18748813867569,685239.0,True,13643,228,wt_med,-0.21422518168782467,-0.24148648977279663,-0.18775506019592286,-0.3804343819618225,-0.09238232374191285,674371.0,0.9658182453547358,True
D5,3,all,all,"first-hour MAE, schedule known at origin",driver_level_x_h5,4.113759031520389,4.035045337677002,4.18748813867569,685239.0,True,13643,228,wt_med,-0.21422518168782467,-0.24148648977279663,-0.18775506019592286,-0.3804343819618225,-0.09238232374191285,674371.0,0.9658182453547358,True
D5,3,all,all,"first-hour MAE, schedule known at origin",h5,4.133363351660312,4.052974045276642,4.20621110200882,712065.0,True,14238,228,wt_med,-0.20986030193143357,-0.23617026805877686,-0.18409419059753418,-0.3719645857810974,-0.09229274392127992,698238.0,1.0,True
D5,3,all,all,"first-hour MAE, schedule known at origin",lvlh5_cbd,4.018250064926633,3.924832761287689,4.1116857647895815,385050.0,True,7637,228,wt_med,-0.23405219402226862,-0.276590621471405,-0.19238002300262452,-0.4532415747642517,-0.07241692543029789,377936.0,0.5412710279303046,True
D5,3,all,all,"first-hour MAE, schedule known at origin",lvlh5_naive,4.133363351660312,4.052974045276642,4.20621110200882,712065.0,True,14238,228,wt_med,-0.20986030193143357,-0.23617026805877686,-0.18409419059753418,-0.3719645857810974,-0.09229274392127992,698238.0,1.0,True
D5,3,all,all,"first-hour MAE, schedule known at origin",lvlh5_tft,3.8991783748339834,3.8171785891056063,3.976449990272522,478868.0,True,9834,228,wt_med,-0.26239516900510207,-0.29898777008056643,-0.22480258345603943,-0.489442378282547,-0.10619049668312075,470400.0,0.6736957885420157,True
D5,3,all,all,"first-hour MAE, schedule known at origin",oracle_level,4.133960987564711,4.0534774422645565,4.20728063583374,708146.0,True,14193,228,wt_med,-0.20980035037109968,-0.23606493473052978,-0.1840852975845337,-0.37209993600845337,-0.09199737310409546,694692.0,0.9949215024103529,True
D5,3,all,all,"first-hour MAE, schedule known at origin",oracle_shape,4.530759044617351,4.45674352645874,4.603834438323974,684760.0,True,13680,228,wt_med,0.19498726980151915,0.1250789523124695,0.27443939447402954,-0.22010538578033448,0.6006746470928189,671409.0,0.9615761387950813,False
D5,3,all,all,"first-hour MAE, schedule known at origin",prod_served,5.8155913685701,5.7115440487861635,5.9202609896659855,477418.0,True,9558,228,wt_med,1.6565737664312135,1.591014802455902,1.7166244506835937,1.4139403879642487,1.9265870332717896,468316.0,0.6707111328801927,False
D5,3,all,all,"first-hour MAE, schedule known at origin",prod_served_lin,5.946925440599223,5.841911971569061,6.051441788673401,477418.0,True,9558,228,wt_med,1.7900469447979566,1.7213953137397766,1.8559690475463866,1.5454254448413849,2.058072757720947,468316.0,0.6707111328801927,False
D5,3,all,all,"first-hour MAE, schedule known at origin",snaive7,4.915434946862006,4.818923282623291,5.014596462249756,583669.0,True,12867,228,wt_med,0.5397396862088888,0.4766161561012268,0.6041512489318848,0.3578154981136322,0.7144079566001892,579685.0,0.8302111887350732,False
D5,3,all,all,"first-hour MAE, schedule known at origin",wt_med,4.325998441792054,4.240978050231933,4.401022017002106,698238.0,True,14038,228,wt_med,,,,,,,,
D5,4,all,all,"first-hour MAE, schedule known at origin",clim,4.505038795243984,4.4142749309539795,4.590706396102905,632294.0,True,12737,227,wt_med,0.18865769483021033,0.16146657466888428,0.21626993417739868,0.07961567044258118,0.30865328311920165,628188.0,0.9078477873497188,False
D5,4,all,all,"first-hour MAE, schedule known at origin",driver_level,4.122662437866801,4.04440848827362,4.1944382905960085,681399.0,True,13535,227,wt_med,-0.21509069841359807,-0.2417051076889038,-0.18833287954330444,-0.37853044271469116,-0.09482969045639039,670133.0,0.9684660663368755,True
D5,4,all,all,"first-hour MAE, schedule known at origin",driver_level_x_h5,4.122662437866801,4.04440848827362,4.1944382905960085,681399.0,True,13535,227,wt_med,-0.21509069841359807,-0.2417051076889038,-0.18833287954330444,-0.37853044271469116,-0.09482969045639039,670133.0,0.9684660663368755,True
D5,4,all,all,"first-hour MAE, schedule known at origin",h5,4.138956142239243,4.058783400058746,4.211649298667908,706078.0,True,14073,227,wt_med,-0.21121819328769487,-0.23705484867095947,-0.18552350997924805,-0.3706764101982117,-0.09573230147361755,691953.0,1.0,True
D5,4,all,all,"first-hour MAE, schedule known at origin",lvlh5_cbd,4.027293884021454,3.9369781613349915,4.12034227848053,382588.0,True,7572,227,wt_med,-0.23717185996871493,-0.2792982220649719,-0.19561603665351868,-0.449951171875,-0.07938590645790103,375259.0,0.5423186256870047,True
D5,4,all,all,"first-hour MAE, schedule known at origin",lvlh5_naive,4.138956142239243,4.058783400058746,4.211649298667908,706078.0,True,14073,227,wt_med,-0.21121819328769487,-0.23705484867095947,-0.18552350997924805,-0.3706764101982117,-0.09573230147361755,691953.0,1.0,True
D5,4,all,all,"first-hour MAE, schedule known at origin",lvlh5_tft,3.9048251797770384,3.822470563650131,3.983734792470932,473086.0,True,9697,227,wt_med,-0.2616726490518264,-0.2994617402553558,-0.2247606635093689,-0.48299179673194886,-0.10880845189094548,464419.0,0.6711713078778472,True
D5,4,all,all,"first-hour MAE, schedule known at origin",oracle_level,4.139479744894036,4.060583317279816,4.213661146163941,702218.0,True,14030,227,wt_med,-0.21114076044644303,-0.23670177459716796,-0.18547924757003784,-0.3709461331367493,-0.09590738415718081,688464.0,0.9949577500205938,True
D5,4,all,all,"first-hour MAE, schedule known at origin",oracle_shape,4.519263055848185,4.446077370643616,4.593158483505249,681079.0,True,13576,227,wt_med,0.17319983202474543,0.10226935148239136,0.25081348419189453,-0.24136707782745362,0.581573140621185,667189.0,0.964211442106617,False
D5,4,all,all,"first-hour MAE, schedule known at origin",prod_served,5.826497299976908,5.721170973777771,5.930286383628845,472033.0,True,9426,227,wt_med,1.6640624493474334,1.6015368819236755,1.7265209674835205,1.431593471765518,1.927951693534851,462711.0,0.6687029321355641,False
D5,4,all,all,"first-hour MAE, schedule known at origin",prod_served_lin,5.962344528878278,5.85711590051651,6.065743350982666,472033.0,True,9426,227,wt_med,1.802114872998481,1.7352091908454894,1.8677619695663452,1.560637241601944,2.062753140926361,462711.0,0.6687029321355641,False
D5,4,all,all,"first-hour MAE, schedule known at origin",snaive7,4.906853094821038,4.808720588684082,5.00544171333313,580599.0,True,12773,227,wt_med,0.5210671862561398,0.4588574647903442,0.5848068952560425,0.34872926473617555,0.6922508001327514,575326.0,0.8314524252369742,False
D5,4,all,all,"first-hour MAE, schedule known at origin",wt_med,4.3351383692245,4.253428161144257,4.4101092457771305,691953.0,True,13882,227,wt_med,,,,,,,,
D5,5,all,all,"first-hour MAE, schedule known at origin",clim,4.498333429343165,4.405449175834656,4.587027049064636,624936.0,True,12566,226,wt_med,0.18430019009569243,0.1554116725921631,0.21185628175735474,0.07349511384963989,0.3068727731704712,620740.0,0.9074297141787903,False
D5,5,all,all,"first-hour MAE, schedule known at origin",driver_level,4.124954249221405,4.044659459590912,4.194969165325165,676218.0,True,13410,226,wt_med,-0.21392185025859067,-0.24005427360534667,-0.18838380575180055,-0.37930630445480346,-0.09727038741111756,664372.0,0.9712132198156898,True
D5,5,all,all,"first-hour MAE, schedule known at origin",driver_level_x_h5,4.124954249221405,4.044659459590912,4.194969165325165,676218.0,True,13410,226,wt_med,-0.21392185025859067,-0.24005427360534667,-0.18838380575180055,-0.37930630445480346,-0.09727038741111756,664372.0,0.9712132198156898,True
D5,5,all,all,"first-hour MAE, schedule known at origin",h5,4.142225852833905,4.062451434135437,4.213193595409393,698612.0,True,13891,226,wt_med,-0.21047665130747983,-0.23646702766418456,-0.18527840375900267,-0.3712563872337341,-0.09786711335182191,684064.0,1.0,True
D5,5,all,all,"first-hour MAE, schedule known at origin",lvlh5_cbd,4.045558609271523,3.9530562818050385,4.140222609043121,377500.0,True,7447,226,wt_med,-0.23522296387249675,-0.2761074960231781,-0.19228818416595458,-0.45049136877059937,-0.08291675448417665,369746.0,0.5405137530991252,True
D5,5,all,all,"first-hour MAE, schedule known at origin",lvlh5_naive,4.142225852833905,4.062451434135437,4.213193595409393,698612.0,True,13891,226,wt_med,-0.21047665130747983,-0.23646702766418456,-0.18527840375900267,-0.3712563872337341,-0.09786711335182191,684064.0,1.0,True
D5,5,all,all,"first-hour MAE, schedule known at origin",lvlh5_tft,3.9057971460830143,3.8273027777671813,3.9812206745147702,466762.0,True,9546,226,wt_med,-0.2605494387251257,-0.2963429093360901,-0.22381930947303771,-0.47799891233444214,-0.10897372364997868,457708.0,0.669101136735744,True
D5,5,all,all,"first-hour MAE, schedule known at origin",oracle_level,4.142748117422193,4.063321661949158,4.214291524887085,694792.0,True,13851,226,wt_med,-0.2104229568411382,-0.2365180253982544,-0.18519785404205322,-0.3721260905265808,-0.09734817147254947,680625.0,0.9949726926135566,True
D5,5,all,all,"first-hour MAE, schedule known at origin",oracle_shape,4.500482950099614,4.425672113895416,4.572402620315552,676055.0,True,13457,226,wt_med,0.15328403834205862,0.083061420917511,0.23140176534652707,-0.2639052987098694,0.5701556742191314,661447.0,0.9669373041118959,False
D5,5,all,all,"first-hour MAE, schedule known at origin",prod_served,5.835869712181272,5.726757049560547,5.931751549243927,465953.0,True,9279,226,wt_med,1.6760798470919855,1.6147986769676208,1.7363624572753906,1.4398162484169006,1.9434094071388244,456222.0,0.6669288253730645,False
D5,5,all,all,"first-hour MAE, schedule known at origin",prod_served_lin,5.977193246958384,5.871405065059662,6.077230143547058,465953.0,True,9279,226,wt_med,1.820073067497841,1.7554531574249268,1.8836389303207397,1.5719926953315735,2.084956502914429,456222.0,0.6669288253730645,False
D5,5,all,all,"first-hour MAE, schedule known at origin",snaive7,4.88943226287886,4.790554487705231,4.98823664188385,576235.0,True,12660,226,wt_med,0.5025176304406642,0.43901660442352297,0.5649033308029174,0.32934882044792174,0.6713897466659545,569186.0,0.8320654207793423,False
D5,5,all,all,"first-hour MAE, schedule known at origin",wt_med,4.337825846704402,4.253353846073151,4.413769173622131,684064.0,True,13700,226,wt_med,,,,,,,,
D5,6,all,all,"first-hour MAE, schedule known at origin",clim,4.482790170438443,4.388114595413208,4.568922460079193,617525.0,True,12398,225,wt_med,0.16086705522813016,0.13314354419708252,0.18902130126953126,0.04721049070358276,0.2833756566047668,613202.0,0.9071102596912699,False
D5,6,all,all,"first-hour MAE, schedule known at origin",driver_level,4.139216417465407,4.059324085712433,4.210706198215485,670743.0,True,13279,225,wt_med,-0.20884800819782967,-0.2343778133392334,-0.1843632459640503,-0.3692548871040344,-0.10000757575035096,658223.0,0.9737098647179343,True
D5,6,all,all,"first-hour MAE, schedule known at origin",driver_level_x_h5,4.139216417465407,4.059324085712433,4.210706198215485,670743.0,True,13279,225,wt_med,-0.20884800819782967,-0.2343778133392334,-0.1843632459640503,-0.3692548871040344,-0.10000757575035096,658223.0,0.9737098647179343,True
D5,6,all,all,"first-hour MAE, schedule known at origin",h5,4.155651881205024,4.07354496717453,4.228436279296875,691073.0,True,13714,225,wt_med,-0.20507474167708395,-0.23004016876220704,-0.18074084520339967,-0.35877926349639894,-0.09850719571113589,675995.0,1.0,True
D5,6,all,all,"first-hour MAE, schedule known at origin",lvlh5_cbd,4.0766686074029455,3.987224888801575,4.168041932582855,371852.0,True,7335,225,wt_med,-0.22512712167134286,-0.26561019420623777,-0.18564560413360598,-0.4246347427368164,-0.08203321695327762,363923.0,0.5383516150267383,True
D5,6,all,all,"first-hour MAE, schedule known at origin",lvlh5_naive,4.155651881205024,4.07354496717453,4.228436279296875,691073.0,True,13714,225,wt_med,-0.20507474167708395,-0.23004016876220704,-0.18074084520339967,-0.35877926349639894,-0.09850719571113589,675995.0,1.0,True
D5,6,all,all,"first-hour MAE, schedule known at origin",lvlh5_tft,3.9263174369241,3.8439570724964143,4.002999866008759,460041.0,True,9387,225,wt_med,-0.25295306052269595,-0.28669931292533873,-0.21806470155715943,-0.4632083773612976,-0.11038255095481875,450740.0,0.6667800797343175,True
D5,6,all,all,"first-hour MAE, schedule known at origin",oracle_level,4.15640400091373,4.074737286567688,4.228811490535736,687293.0,True,13677,225,wt_med,-0.20490681475203854,-0.22980362176895142,-0.18082222938537598,-0.3596663475036621,-0.09802013039588933,672585.0,0.9949555839910058,True
D5,6,all,all,"first-hour MAE, schedule known at origin",oracle_shape,4.482761478004624,4.407428395748139,4.555657148361206,670939.0,True,13335,225,wt_med,0.12457455710108434,0.053875720500946044,0.2046139359474182,-0.2959432482719421,0.5380149185657501,655312.0,0.9694036198492593,False
D5,6,all,all,"first-hour MAE, schedule known at origin",prod_served,5.789701420418682,5.683446776866913,5.890622544288635,459442.0,True,9122,225,wt_med,1.6202614742698191,1.5559472441673279,1.67934730052948,1.3791270077228546,1.8816146373748779,449375.0,0.6647608340298375,False
D5,6,all,all,"first-hour MAE, schedule known at origin",prod_served_lin,5.929680188141267,5.826327157020569,6.029772961139679,459442.0,True,9122,225,wt_med,1.7632119610570234,1.6961957454681396,1.8263736605644225,1.516144186258316,2.0305169343948366,449375.0,0.6647608340298375,False
D5,6,all,all,"first-hour MAE, schedule known at origin",snaive7,4.868628706600321,4.7711974620819095,4.966326677799225,571548.0,True,12545,225,wt_med,0.4736084350626726,0.4122361421585083,0.5367597699165344,0.3061394989490509,0.6380107939243317,562604.0,0.8322605936434441,False
D5,6,all,all,"first-hour MAE, schedule known at origin",wt_med,4.345142345727409,4.258628463745117,4.421219396591186,675995.0,True,13516,225,wt_med,,,,,,,,
D5,7,all,all,"first-hour MAE, schedule known at origin",clim,4.480054072310648,4.385385596752167,4.566150641441345,609924.0,True,12233,224,wt_med,0.11901469874024961,0.09061160087585449,0.1474043846130371,0.006370389461517338,0.23910567760467524,605358.0,0.9070582841114437,False
D5,7,all,all,"first-hour MAE, schedule known at origin",driver_level,4.159463490639734,4.080358457565308,4.23271427154541,647738.0,True,12761,224,wt_med,-0.21022248137630495,-0.23664337396621704,-0.1854635715484619,-0.37263686656951905,-0.10436344146728517,635615.0,0.9523948659396512,True
D5,7,all,all,"first-hour MAE, schedule known at origin",driver_level_x_h5,4.159463490639734,4.080358457565308,4.23271427154541,647738.0,True,12761,224,wt_med,-0.21022248137630495,-0.23664337396621704,-0.1854635715484619,-0.37263686656951905,-0.10436344146728517,635615.0,0.9523948659396512,True
D5,7,all,all,"first-hour MAE, schedule known at origin",h5,4.200487116344423,4.117728042602539,4.276338815689087,683230.0,True,13534,224,wt_med,-0.20616826319401316,-0.23121252059936523,-0.1819684386253357,-0.36092203855514526,-0.10289669036865234,667386.0,1.0,True
D5,7,all,all,"first-hour MAE, schedule known at origin",lvlh5_cbd,4.124826515530275,4.029016268253327,4.220898890495301,366027.0,True,7197,224,wt_med,-0.217415500636017,-0.25818452835083006,-0.18091223239898682,-0.4217414975166321,-0.08252131938934328,357695.0,0.5359641946339899,True
D5,7,all,all,"first-hour MAE, schedule known at origin",lvlh5_naive,4.200487116344423,4.117728042602539,4.276338815689087,683230.0,True,13534,224,wt_med,-0.20616826319401316,-0.23121252059936523,-0.1819684386253357,-0.36092203855514526,-0.10289669036865234,667386.0,1.0,True
D5,7,all,all,"first-hour MAE, schedule known at origin",lvlh5_tft,3.9626265059841965,3.8807632327079773,4.042483675479889,452943.0,True,9213,224,wt_med,-0.2506627888349131,-0.2836568236351013,-0.21557019948959352,-0.45151442289352417,-0.11265506744384766,443203.0,0.6640879491029179,True
D5,7,all,all,"first-hour MAE, schedule known at origin",oracle_level,4.201713735194735,4.120022320747376,4.275342047214508,679488.0,True,13498,224,wt_med,-0.20592535657972633,-0.23055843114852906,-0.1817538857460022,-0.36105698347091675,-0.10213685631752015,664017.0,0.9949519468493495,True
D5,7,all,all,"first-hour MAE, schedule known at origin",oracle_shape,4.846712219295404,4.761598432064057,4.9290100812911986,647399.0,True,12789,224,wt_med,0.4743165214548517,0.40191948413848877,0.5591105461120606,0.044023966789245604,0.8949388623237609,632836.0,0.9482308589032434,False
D5,7,all,all,"first-hour MAE, schedule known at origin",prod_served,5.839042101845696,5.7300679087638855,5.946636533737182,452783.0,True,8954,224,wt_med,1.6386522601406135,1.5798943758010864,1.7020740389823914,1.4068834900856018,1.903098499774933,442207.0,0.6625955593914167,False
D5,7,all,all,"first-hour MAE, schedule known at origin",prod_served_lin,5.981880393035958,5.874050962924957,6.086490666866302,452783.0,True,8954,224,wt_med,1.7846113358675915,1.719015896320343,1.853676950931549,1.547085988521576,2.0464030146598815,442207.0,0.6625955593914167,False
D5,7,all,all,"first-hour MAE, schedule known at origin",wt_med,4.392516474723773,4.3028083682060245,4.468710768222809,667386.0,True,13319,224,wt_med,,,,,,,,
D5,10,all,all,"first-hour MAE, schedule known at origin",clim,4.4337693901742234,4.342281448841095,4.516719925403595,586315.0,True,11750,221,wt_med,0.08021878632396273,0.05229499340057373,0.10954542160034178,-0.030884230136871336,0.19484024047851561,581572.0,0.9035349243315213,False
D5,10,all,all,"first-hour MAE, schedule known at origin",driver_level,4.1712450563954695,4.090018606185913,4.242862606048584,631877.0,True,12394,221,wt_med,-0.199982333841084,-0.22395962476730347,-0.17754410505294801,-0.36049205660820005,-0.09369769096374513,618414.0,0.960772951062901,True
D5,10,all,all,"first-hour MAE, schedule known at origin",driver_level_x_h5,4.1712450563954695,4.090018606185913,4.242862606048584,631877.0,True,12394,221,wt_med,-0.199982333841084,-0.22395962476730347,-0.17754410505294801,-0.36049205660820005,-0.09369769096374513,618414.0,0.960772951062901,True
D5,10,all,all,"first-hour MAE, schedule known at origin",h5,4.195598151545702,4.115263891220093,4.266591095924378,660606.0,True,13011,221,wt_med,-0.19919760029705014,-0.22233617305755615,-0.17666809558868407,-0.35446697473526,-0.09448400139808655,643663.0,1.0,True
D5,10,all,all,"first-hour MAE, schedule known at origin",lvlh5_cbd,4.135004931933631,4.04190376996994,4.231361699104309,351789.0,True,6864,221,wt_med,-0.21671750192684947,-0.2542382478713989,-0.17963101863861083,-0.4093534529209137,-0.0798641860485077,342528.0,0.5321542484188154,True
D5,10,all,all,"first-hour MAE, schedule known at origin",lvlh5_naive,4.195598151545702,4.115263891220093,4.266591095924378,660606.0,True,13011,221,wt_med,-0.19919760029705014,-0.22233617305755615,-0.17666809558868407,-0.35446697473526,-0.09448400139808655,643663.0,1.0,True
D5,10,all,all,"first-hour MAE, schedule known at origin",lvlh5_tft,3.9717056957962926,3.892318791151047,4.050291228294372,436234.0,True,8798,221,wt_med,-0.23975410558321686,-0.27101063132286074,-0.20644887685775756,-0.4357489824295044,-0.10331462025642396,425579.0,0.6611829482197983,True
D5,10,all,all,"first-hour MAE, schedule known at origin",oracle_level,4.196454557632181,4.116955578327179,4.268180310726166,656942.0,True,12978,221,wt_med,-0.19886661758069124,-0.22183116674423217,-0.17648980617523194,-0.35477161407470703,-0.09449435472488404,640373.0,0.9948886296089724,True
D5,10,all,all,"first-hour MAE, schedule known at origin",oracle_shape,4.802875678892459,4.72260605096817,4.882974946498871,631965.0,True,12428,221,wt_med,0.4264719028685633,0.3523601651191711,0.5101272583007812,-0.01942875385284423,0.8430459320545195,615664.0,0.9565005290035313,False
D5,10,all,all,"first-hour MAE, schedule known at origin",prod_served,5.836643881270772,5.7272333860397335,5.942367839813232,435074.0,True,8534,221,wt_med,1.636331451445403,1.5688727855682374,1.701170539855957,1.3899443984031676,1.9143048405647278,423688.0,0.6582450754509735,False
D5,10,all,all,"first-hour MAE, schedule known at origin",prod_served_lin,5.99344651714421,5.882139194011688,6.101922917366028,435074.0,True,8534,221,wt_med,1.7971133829610464,1.7224515318870544,1.8649268865585327,1.5417555093765258,2.0841493725776674,423688.0,0.6582450754509735,False
D5,10,all,all,"first-hour MAE, schedule known at origin",wt_med,4.383817308125526,4.296900951862336,4.461263132095337,643663.0,True,12780,221,wt_med,,,,,,,,
D5,14,all,all,"first-hour MAE, schedule known at origin",clim,4.4138024384014045,4.318080878257751,4.500009822845459,555938.0,True,11110,217,wt_med,0.06370290494395903,0.03527957201004028,0.09405544996261597,-0.049852597713470455,0.1819552958011627,550854.0,0.8998030036230346,False
D5,14,all,all,"first-hour MAE, schedule known at origin",driver_level,4.154760905367849,4.074738168716431,4.23013846874237,592621.0,True,11506,217,wt_med,-0.20360549762379065,-0.23018460273742675,-0.1798313021659851,-0.35789899826049804,-0.09571228027343755,579705.0,0.9469302214657446,True
D5,14,all,all,"first-hour MAE, schedule known at origin",driver_level_x_h5,4.154760905367849,4.074738168716431,4.23013846874237,592621.0,True,11506,217,wt_med,-0.20360549762379065,-0.23018460273742675,-0.1798313021659851,-0.35789899826049804,-0.09571228027343755,579705.0,0.9469302214657446,True
D5,14,all,all,"first-hour MAE, schedule known at origin",h5,4.193893629390174,4.108376824855805,4.268857884407043,630442.0,True,12331,217,wt_med,-0.20380334910175524,-0.22864096164703368,-0.18143192529678345,-0.353980565071106,-0.09769226908683777,612194.0,1.0,True
D5,14,all,all,"first-hour MAE, schedule known at origin",lvlh5_cbd,4.138934510406524,4.037963569164276,4.238666474819183,328640.0,True,6340,217,wt_med,-0.2114653049751416,-0.2508864998817444,-0.17667094469070435,-0.40253937244415283,-0.07499343156814577,318403.0,0.5201014711022977,True
D5,14,all,all,"first-hour MAE, schedule known at origin",lvlh5_naive,4.193893629390174,4.108376824855805,4.268857884407043,630442.0,True,12331,217,wt_med,-0.20380334910175524,-0.22864096164703368,-0.18143192529678345,-0.353980565071106,-0.09769226908683777,612194.0,1.0,True
D5,14,all,all,"first-hour MAE, schedule known at origin",lvlh5_tft,3.9629681831105366,3.8747070729732513,4.047799468040466,411511.0,True,8221,217,wt_med,-0.24972799375698784,-0.2843009650707245,-0.21594364047050477,-0.4402818202972412,-0.11304611563682557,399807.0,0.653072392084862,True
D5,14,all,all,"first-hour MAE, schedule known at origin",oracle_level,4.194581206635298,4.109742927551269,4.271081066131591,626950.0,True,12298,217,wt_med,-0.2033202894100805,-0.2277148485183716,-0.18079562187194825,-0.35405216217041013,-0.09725472331047058,609032.0,0.9948349706138904,True
D5,14,all,all,"first-hour MAE, schedule known at origin",oracle_shape,5.005729136795087,4.918964767456055,5.102495169639587,592650.0,True,11532,217,wt_med,0.6459553382904515,0.5595317363739014,0.7320526003837585,0.18827539682388306,1.0883478939533233,577077.0,0.9426374645945567,False
D5,14,all,all,"first-hour MAE, schedule known at origin",prod_served,5.901190327883669,5.781406724452973,6.012832581996918,409383.0,True,7946,217,wt_med,1.6997617716533453,1.6284036874771117,1.771937334537506,1.437500923871994,1.9917091250419616,397098.0,0.6486473242142197,False
D5,14,all,all,"first-hour MAE, schedule known at origin",prod_served_lin,6.073258415713402,5.9533672571182255,6.18653175830841,409383.0,True,7946,217,wt_med,1.8765698265919246,1.7993651151657104,1.95222727060318,1.6037949979305268,2.1895264863967894,397098.0,0.6486473242142197,False
D5,14,all,all,"first-hour MAE, schedule known at origin",wt_med,4.38248006350928,4.292082750797272,4.46224285364151,612194.0,True,12085,217,wt_med,,,,,,,,
D5,21,all,all,"first-hour MAE, schedule known at origin",clim,4.408436957849133,4.309693086147308,4.501510512828827,515885.0,True,10206,210,wt_med,0.03708593704088159,0.008321368694305421,0.06799126863479614,-0.08418331146240234,0.1646177291870117,510490.0,0.8959029843542966,False
D5,21,all,all,"first-hour MAE, schedule known at origin",driver_level,4.177238316957476,4.090997481346131,4.258949315547943,549386.0,True,10495,210,wt_med,-0.2039748445771581,-0.23039532899856568,-0.1792939066886902,-0.3550711750984192,-0.09704692363739015,535153.0,0.9391862128271953,True
D5,21,all,all,"first-hour MAE, schedule known at origin",driver_level_x_h5,4.177238316957476,4.090997481346131,4.258949315547943,549386.0,True,10495,210,wt_med,-0.2039748445771581,-0.23039532899856568,-0.1792939066886902,-0.3550711750984192,-0.09704692363739015,535153.0,0.9391862128271953,True
D5,21,all,all,"first-hour MAE, schedule known at origin",h5,4.19254229609809,4.107982361316681,4.2731021523475645,590480.0,True,11330,210,wt_med,-0.20647699651635154,-0.23272684812545777,-0.18317909240722657,-0.3486358761787415,-0.1018783450126648,569805.0,1.0,True
D5,21,all,all,"first-hour MAE, schedule known at origin",lvlh5_cbd,4.20660564346168,4.100132238864899,4.31329597234726,298930.0,True,5614,210,wt_med,-0.2282306905841427,-0.2707091212272644,-0.1891955852508545,-0.41952368021011355,-0.08420535326004029,288046.0,0.505516799606883,True
D5,21,all,all,"first-hour MAE, schedule known at origin",lvlh5_naive,4.19254229609809,4.107982361316681,4.2731021523475645,590480.0,True,11330,210,wt_med,-0.20647699651635154,-0.23272684812545777,-0.18317909240722657,-0.3486358761787415,-0.1018783450126648,569805.0,1.0,True
D5,21,all,all,"first-hour MAE, schedule known at origin",lvlh5_tft,4.010982093079708,3.912730723619461,4.100279605388641,374883.0,True,7291,210,wt_med,-0.2474227410005092,-0.28212690353393555,-0.21264100074768066,-0.43773295879364016,-0.11503455042839052,361576.0,0.6345609462886426,True
D5,21,all,all,"first-hour MAE, schedule known at origin",oracle_level,4.192386215017727,4.106387209892273,4.271283388137817,587226.0,True,11305,210,wt_med,-0.2054899617169168,-0.23148196935653687,-0.1821513295173645,-0.34930976629257204,-0.1007891893386841,566830.0,0.9947789155939313,True
D5,21,all,all,"first-hour MAE, schedule known at origin",oracle_shape,5.150777111809636,5.058177947998047,5.246976256370544,549676.0,True,10521,210,wt_med,0.7599336944687094,0.6710377216339112,0.846694803237915,0.2956613779067993,1.1916227042675016,532665.0,0.9348198067760023,False
D5,21,all,all,"first-hour MAE, schedule known at origin",prod_served,5.898830265147048,5.7864226460456845,6.013594949245453,373076.0,True,7096,210,wt_med,1.6355598639512632,1.563351333141327,1.7132882714271545,1.3818740963935852,1.9122199416160583,358989.0,0.6300207965883066,False
D5,21,all,all,"first-hour MAE, schedule known at origin",prod_served_lin,6.074895597679829,5.963005840778351,6.190577828884125,373076.0,True,7096,210,wt_med,1.8182701976940798,1.738867700099945,1.9009941935539245,1.5534265756607055,2.128226172924042,358989.0,0.6300207965883066,False
D5,21,all,all,"first-hour MAE, schedule known at origin",wt_med,4.385016803994349,4.294431877136231,4.466633999347687,569805.0,True,11057,210,wt_med,,,,,,,,
D5,30,all,all,"first-hour MAE, schedule known at origin",clim,4.436492793090963,4.334412431716919,4.536982488632202,450193.0,True,8865,201,wt_med,0.05231481377551628,0.021277236938476562,0.08549085855484008,-0.06942287683486939,0.17576324939727775,445457.0,0.8870005535577035,False
D5,30,all,all,"first-hour MAE, schedule known at origin",driver_level,4.164017251481757,4.073067665100098,4.250737023353577,488103.0,True,9163,201,wt_med,-0.19438622754490975,-0.22231937646865846,-0.17024282217025757,-0.3403324007987976,-0.0900117039680481,472610.0,0.9410680079489293,True
D5,30,all,all,"first-hour MAE, schedule known at origin",driver_level_x_h5,4.164017251481757,4.073067665100098,4.250737023353577,488103.0,True,9163,201,wt_med,-0.19438622754490975,-0.22231937646865846,-0.17024282217025757,-0.3403324007987976,-0.0900117039680481,472610.0,0.9410680079489293,True
D5,30,all,all,"first-hour MAE, schedule known at origin",h5,4.168284923302514,4.078408563137055,4.248938810825348,525115.0,True,9851,201,wt_med,-0.19803327718107777,-0.22562457323074342,-0.17341182231903077,-0.34083297848701477,-0.09075294733047486,502206.0,1.0,True
D5,30,all,all,"first-hour MAE, schedule known at origin",lvlh5_cbd,4.284987413179211,4.167579329013824,4.404159188270569,256419.0,True,4662,201,wt_med,-0.24772430104807075,-0.294458270072937,-0.20594110488891604,-0.46618272066116334,-0.08516775965690614,245117.0,0.488080588443786,True
D5,30,all,all,"first-hour MAE, schedule known at origin",lvlh5_naive,4.168284923302514,4.078408563137055,4.248938810825348,525115.0,True,9851,201,wt_med,-0.19803327718107777,-0.22562457323074342,-0.17341182231903077,-0.34083297848701477,-0.09075294733047486,502206.0,1.0,True
D5,30,all,all,"first-hour MAE, schedule known at origin",lvlh5_tft,4.092065212154008,3.9825624227523804,4.20759288072586,269804.0,True,5043,201,wt_med,-0.2508578875531118,-0.2956938624382019,-0.20999447107315064,-0.4539433836936951,-0.10392011404037486,259358.0,0.5164374778477357,True
D5,30,all,all,"first-hour MAE, schedule known at origin",oracle_level,4.169565283998751,4.080980801582337,4.250675868988037,522203.0,True,9830,201,wt_med,-0.19714290861631323,-0.22450751066207886,-0.17286671400070192,-0.3407847583293915,-0.08973529934883119,499564.0,0.9947392106028203,True
D5,30,all,all,"first-hour MAE, schedule known at origin",oracle_shape,5.117441200110959,5.017325627803802,5.210768926143646,488045.0,True,9179,201,wt_med,0.7440123366057474,0.6506768822669983,0.8362694978713989,0.23948347568511966,1.2015354633331299,470364.0,0.9365957395968985,False
D5,30,all,all,"first-hour MAE, schedule known at origin",prod_served,6.127577536211582,5.9893193483352665,6.268737411499023,285544.0,True,5319,201,wt_med,1.7112476836876782,1.6178837060928344,1.7941972494125367,1.4370436251163483,1.9980471730232239,273603.0,0.5448023321107275,False
D5,30,all,all,"first-hour MAE, schedule known at origin",prod_served_lin,6.2893131181183985,6.146663403511047,6.42885125875473,285544.0,True,5319,201,wt_med,1.8803037612891664,1.7784625172615052,1.9700716376304626,1.604841661453247,2.172349464893341,273603.0,0.5448023321107275,False
D5,30,all,all,"first-hour MAE, schedule known at origin",wt_med,4.3646302513311275,4.270297110080719,4.454637658596039,502206.0,True,9561,201,wt_med,,,,,,,,
D5,45,all,all,"first-hour MAE, schedule known at origin",clim,4.285140672590825,4.182075822353363,4.3849003434181215,382164.0,True,7430,186,wt_med,0.02759986794321545,-0.006269979476928711,0.06298912763595578,-0.0861298382282257,0.161018705368042,378625.0,0.8738555348607485,False
D5,45,all,all,"first-hour MAE, schedule known at origin",driver_level,4.054128816216024,3.9565118074417116,4.139548408985138,421065.0,True,7719,186,wt_med,-0.15125095819910328,-0.1767243981361389,-0.12703200578689575,-0.2606091320514679,-0.06818990707397464,405709.0,0.9363646224967169,True
D5,45,all,all,"first-hour MAE, schedule known at origin",driver_level_x_h5,4.054128816216024,3.9565118074417116,4.139548408985138,421065.0,True,7719,186,wt_med,-0.15125095819910328,-0.1767243981361389,-0.12703200578689575,-0.2606091320514679,-0.06818990707397464,405709.0,0.9363646224967169,True
D5,45,all,all,"first-hour MAE, schedule known at origin",h5,4.071657314631442,3.980348551273346,4.15537520647049,458991.0,True,8394,186,wt_med,-0.16027560636169103,-0.1853236198425293,-0.13630573749542235,-0.2827019989490509,-0.07123059630393984,433281.0,1.0,True
D5,45,all,all,"first-hour MAE, schedule known at origin",lvlh5_cbd,4.384304554469814,4.115260267257691,4.665461719036102,41344.0,True,1138,186,wt_med,-0.38639699801521665,-0.5521404981613159,-0.24684343338012696,-0.7662622988224029,-0.041597306728363086,36276.0,0.08372395743178214,True
D5,45,all,all,"first-hour MAE, schedule known at origin",lvlh5_naive,4.071657314631442,3.980348551273346,4.15537520647049,458991.0,True,8394,186,wt_med,-0.16027560636169103,-0.1853236198425293,-0.13630573749542235,-0.2827019989490509,-0.07123059630393984,433281.0,1.0,True
D5,45,all,all,"first-hour MAE, schedule known at origin",lvlh5_tft,4.075088966935169,3.9240924298763273,4.232811141014099,171693.0,True,3127,186,wt_med,-0.2414037416369217,-0.2931847095489502,-0.192798912525177,-0.4307668566703796,-0.10359385013580327,167253.0,0.3860150802827726,True
D5,45,all,all,"first-hour MAE, schedule known at origin",oracle_level,4.073259811923077,3.9795170068740844,4.156195962429047,456409.0,True,8379,186,wt_med,-0.15891012834167562,-0.18365168571472168,-0.13482093811035156,-0.28211709260940554,-0.07006512284278872,430959.0,0.9946408912460967,True
D5,45,all,all,"first-hour MAE, schedule known at origin",oracle_shape,5.088548271452292,4.982594347000122,5.188644742965698,421123.0,True,7736,186,wt_med,0.8824214485131998,0.786895215511322,0.9811537742614745,0.38316787481307985,1.3492291331291195,403757.0,0.9318594630274579,False
D5,45,all,all,"first-hour MAE, schedule known at origin",prod_served,6.12962962962963,5.961402118206024,6.308727478981018,182682.0,True,3460,186,wt_med,1.7380195080576755,1.6319973945617676,1.8438932776451111,1.452491295337677,2.02668799161911,174492.0,0.40272248263828786,False
D5,45,all,all,"first-hour MAE, schedule known at origin",prod_served_lin,6.2927936249876835,6.123426902294159,6.466632294654846,182682.0,True,3460,186,wt_med,1.9095581745868007,1.7872376680374145,2.02934353351593,1.6098336458206177,2.225584518909454,174492.0,0.40272248263828786,False
D5,45,all,all,"first-hour MAE, schedule known at origin",wt_med,4.231582968096916,4.134525895118713,4.32099746465683,433281.0,True,8078,186,wt_med,,,,,,,,
D5,60,all,all,"first-hour MAE, schedule known at origin",clim,4.02728950518755,3.91979820728302,4.133297395706177,300720.0,True,5743,171,clim,,,,,,,,
D5,60,all,all,"first-hour MAE, schedule known at origin",driver_level,3.9815270917527315,3.8815347373485567,4.078086900711059,334050.0,True,6081,171,clim,-0.061594637229455795,-0.10556678771972657,-0.0167716383934021,-0.27336208820343016,0.09864856004714966,287799.0,0.9570331205107742,False
D5,60,all,all,"first-hour MAE, schedule known at origin",driver_level_x_h5,3.9815270917527315,3.8815347373485567,4.078086900711059,334050.0,True,6081,171,clim,-0.061594637229455795,-0.10556678771972657,-0.0167716383934021,-0.27336208820343016,0.09864856004714966,287799.0,0.9570331205107742,False
D5,60,all,all,"first-hour MAE, schedule known at origin",h5,4.0140789884165695,3.916856497526169,4.106889188289642,368630.0,True,6723,171,clim,-0.06171529881621263,-0.10461152195930482,-0.019875168800354007,-0.27285189628601075,0.09477419257163999,299716.0,0.9966613461026869,False
D5,60,all,all,"first-hour MAE, schedule known at origin",lvlh5_naive,4.0140789884165695,3.916856497526169,4.106889188289642,368630.0,True,6723,171,clim,-0.06171529881621263,-0.10461152195930482,-0.019875168800354007,-0.27285189628601075,0.09477419257163999,299716.0,0.9966613461026869,False
D5,60,all,all,"first-hour MAE, schedule known at origin",lvlh5_tft,1.151627414659963,0.7680200517177582,1.6342361241579055,3779.0,True,105,171,clim,0.13460210002763184,0.04858380258083344,0.24005702435970305,-0.206998747587204,1.206872534751892,3619.0,0.012034450651769087,False
D5,60,all,all,"first-hour MAE, schedule known at origin",oracle_level,4.018451575316673,3.920867270231247,4.109026098251343,366466.0,True,6714,171,clim,-0.061263621123218925,-0.10397850275039673,-0.01936625242233277,-0.2724236249923706,0.09538857340812681,298250.0,0.9917863793562117,False
D5,60,all,all,"first-hour MAE, schedule known at origin",oracle_shape,5.119462283102528,5.006081068515778,5.236177062988281,334359.0,True,6102,171,clim,1.0625298740310436,0.9446128368377685,1.1810506403446197,0.5511946558952332,1.561656069755554,286620.0,0.9531125299281724,False
D5,60,all,all,"first-hour MAE, schedule known at origin",prod_served,1.6810225062517365,1.1764058828353883,2.255928248167038,3599.0,True,104,171,clim,0.5924170616113744,0.33703531920909885,0.9027231574058533,0.15034250244498254,3.151396322250366,3587.0,0.01192803937217345,False
D5,60,all,all,"first-hour MAE, schedule known at origin",prod_served_lin,1.7424979160878022,1.230075043439865,2.319211262464523,3599.0,True,104,171,clim,0.6540981321438528,0.39766902178525926,0.9680641025304794,0.2250031314790249,3.0994284272193906,3587.0,0.01192803937217345,False
D5,60,all,all,"first-hour MAE, schedule known at origin",wt_med,4.118129046919091,4.012453782558441,4.220471715927124,347641.0,True,6453,171,clim,0.08225561748940713,0.04361604452133179,0.1187199592590332,-0.08244857788085937,0.24557904005050657,299244.0,0.9950917797286513,False
D5,90,all,all,"first-hour MAE, schedule known at origin",clim,3.886087162900573,3.7521974384784698,4.022191441059112,181178.0,True,3129,141,clim,,,,,,,,
D5,90,all,all,"first-hour MAE, schedule known at origin",driver_level,3.886684902066136,3.7514211237430573,4.024336314201355,204730.0,True,3389,141,clim,-0.02309603562078033,-0.0781175434589386,0.030172479152679437,-0.2397413969039917,0.208292281627655,172259.0,0.9507721688063672,False
D5,90,all,all,"first-hour MAE, schedule known at origin",driver_level_x_h5,3.886684902066136,3.7514211237430573,4.024336314201355,204730.0,True,3389,141,clim,-0.02309603562078033,-0.0781175434589386,0.030172479152679437,-0.2397413969039917,0.208292281627655,172259.0,0.9507721688063672,False
D5,90,all,all,"first-hour MAE, schedule known at origin",h5,3.877046996071334,3.752082860469818,4.005222773551941,229849.0,True,3782,141,clim,-0.021370663963395042,-0.07485348582267762,0.029064989089965815,-0.22287564277648925,0.1987401366233825,180522.0,0.9963792513439822,False
D5,90,all,all,"first-hour MAE, schedule known at origin",lvlh5_naive,3.877046996071334,3.752082860469818,4.005222773551941,229849.0,True,3782,141,clim,-0.021370663963395042,-0.07485348582267762,0.029064989089965815,-0.22287564277648925,0.1987401366233825,180522.0,0.9963792513439822,False
D5,90,all,all,"first-hour MAE, schedule known at origin",oracle_level,3.8832137969929743,3.7577707707881927,4.012403905391693,228731.0,True,3778,141,clim,-0.02035349489285032,-0.07285584211349487,0.02971998453140256,-0.22313363552093507,0.20076069831848142,179748.0,0.9921072094845953,False
D5,90,all,all,"first-hour MAE, schedule known at origin",oracle_shape,4.821300541377396,4.667786371707916,4.969634830951691,205370.0,True,3388,141,clim,0.9579186386729126,0.8165093004703522,1.0939498484134673,0.45630717277526855,1.5640575587749475,171580.0,0.9470244731700317,False
D5,90,all,all,"first-hour MAE, schedule known at origin",wt_med,3.941551363461369,3.805270570516586,4.0724011063575745,215591.0,True,3594,141,clim,0.08353989563751485,0.03503302931785583,0.1339472234249115,-0.08699987530708313,0.3189695477485657,180333.0,0.9953360783318063,False
UC3,0,all,all,"MAE, schedule projected at origin",clim,7.747713651440088,7.600549268722534,7.910435461997986,1905440.0,True,2808,231,wt_med,0.4361412485373064,0.3782257318496704,0.49425673484802246,0.35934469699859617,0.5497618436813354,1898894.0,0.9568380958715599,False
UC3,0,all,all,"MAE, schedule projected at origin",driver_level,7.586222369187349,7.441890823841095,7.739754748344422,1913039.0,True,2815,231,wt_med,0.24820365855367577,0.1647275686264038,0.3360507249832153,0.07288703918457032,0.3958606243133545,1910887.0,0.962881276419704,False
UC3,0,all,all,"MAE, schedule projected at origin",h5,7.305628022253733,7.161900889873505,7.460963535308838,1990857.0,True,2950,231,wt_med,-0.01858354862132572,-0.025248336791992187,-0.011752021312713624,-0.03197793960571289,-0.005704700946807862,1984551.0,1.0,True
UC3,0,all,all,"MAE, schedule projected at origin",lvlh5_cbd,8.883688987634747,8.633476996421814,9.158992266654968,940082.0,True,1300,231,wt_med,1.9378038181619583,1.7435371160507203,2.1183085083961486,1.4861722588539124,2.543432831764221,938334.0,0.4728192926258887,False
UC3,0,all,all,"MAE, schedule projected at origin",lvlh5_naive,7.556244910869596,7.409512209892273,7.712758457660675,1918158.0,True,2906,231,wt_med,0.22824631437126808,0.1681573748588562,0.28781967163085936,0.13826320171356202,0.33032760620117185,1915549.0,0.9652304223978119,False
UC3,0,all,all,"MAE, schedule projected at origin",lvlh5_tft,6.963101416636713,6.790830993652344,7.155775320529938,1196155.0,True,1775,231,wt_med,-0.042352731500420404,-0.15916868448257446,0.07512332201004025,-0.4959877729415893,0.26876088380813595,1193308.0,0.6012987320557648,False
UC3,0,all,all,"MAE, schedule projected at origin",oracle_level,5.420322328230028,5.3340746521949765,5.5180552244186405,1983689.0,True,2934,231,wt_med,-1.9155856799698396,-2.0144724369049074,-1.8216775417327882,-2.4999237418174745,-1.5490962624549867,1978530.0,0.9969660643641811,True
UC3,0,all,all,"MAE, schedule projected at origin",oracle_shape,5.822771241559346,5.672927522659302,5.985864877700806,1911101.0,True,2808,231,wt_med,-1.5165441067573173,-1.6223894238471985,-1.4124378919601441,-1.793899703025818,-1.1528827548027039,1907102.0,0.9609740440029004,True
UC3,0,all,all,"MAE, schedule projected at origin",snaive7,8.514848597916249,8.342395925521851,8.707752013206482,1742050.0,True,2849,231,wt_med,1.1556446604175052,1.0306629061698913,1.299061381816864,0.644940996170044,1.5491845726966857,1738900.0,0.8762183486340235,False
UC3,0,all,all,"MAE, schedule projected at origin",wt_med,7.3296430779556685,7.184309005737305,7.48450585603714,1984551.0,True,2948,231,wt_med,,,,,,,,
UC3,1,all,all,"MAE, schedule projected at origin",clim,7.7581216558772335,7.612311160564422,7.9145449757575985,1994544.0,True,2933,230,wt_med,0.40588922770107416,0.3465646505355835,0.46339313983917235,0.3247599363327026,0.5318166494369507,1987663.0,0.9551704965662334,False
UC3,1,all,all,"MAE, schedule projected at origin",driver_level,7.610961448175534,7.467146837711335,7.769377040863037,2011452.0,True,2960,230,wt_med,0.2144739715758126,0.13169776201248168,0.2948363423347473,0.0467851996421814,0.37098708152771,2008999.0,0.9654235010819573,False
UC3,1,all,all,"MAE, schedule projected at origin",driver_level_x_h5,7.6109614481755345,7.467146837711335,7.769377040863037,2011452.0,True,2960,230,wt_med,0.2144739715758126,0.13169776201248168,0.2948363423347473,0.0467851996421814,0.37098708152771,2008999.0,0.9654235010819573,False
UC3,1,all,all,"MAE, schedule projected at origin",h5,7.372536640669946,7.222483313083648,7.531130290031433,2087571.0,True,3093,230,wt_med,-0.023953411204781005,-0.030398035049438478,-0.017114341259002686,-0.03963630199432373,-0.010511958599090578,2080951.0,1.0,True
UC3,1,all,all,"MAE, schedule projected at origin",lvlh5_cbd,8.956348570725133,8.72070586681366,9.22573916912079,1006238.0,True,1386,230,wt_med,1.9402391704325916,1.7542525053024292,2.1249844312667845,1.5188248753547668,2.4990039110183715,1004298.0,0.48261491981310467,False
UC3,1,all,all,"MAE, schedule projected at origin",lvlh5_naive,7.559329956984411,7.415554797649383,7.71652899980545,2016204.0,True,3049,230,wt_med,0.17141243534953432,0.11205441951751709,0.2345434784889221,0.06917853355407715,0.2783905506134033,2013308.0,0.9674941889549538,False
UC3,1,all,all,"MAE, schedule projected at origin",lvlh5_tft,7.046800801459417,6.885649180412292,7.231892800331115,1262017.0,True,1863,230,wt_med,-0.01681463388181559,-0.13401260375976562,0.10826715230941772,-0.5171550035476684,0.3151350855827331,1258870.0,0.6049493717055328,False
UC3,1,all,all,"MAE, schedule projected at origin",oracle_level,5.403954957238889,5.31784952878952,5.500130081176758,2080189.0,True,3071,230,wt_med,-2.001568758933753,-2.1066109776496886,-1.9049593567848206,-2.611326313018799,-1.6142977356910706,2074753.0,0.9970215540875301,True
UC3,1,all,all,"MAE, schedule projected at origin",oracle_shape,5.829216247161483,5.67871755361557,5.9953147053718565,2009853.0,True,2951,230,wt_med,-1.5691981872930167,-1.673042857646942,-1.467671525478363,-1.8417624473571776,-1.2201261639595031,2005068.0,0.963534460926759,True
UC3,1,all,all,"MAE, schedule projected at origin",snaive7,8.468378218367441,8.299750924110413,8.659081363677979,1832645.0,True,2995,230,wt_med,1.0492603184536389,0.918877363204956,1.1856179714202881,0.5148257732391357,1.4615407705307006,1828084.0,0.8784848850357361,False
UC3,1,all,all,"MAE, schedule projected at origin",wt_med,7.400669453533505,7.249707889556885,7.559461414813995,2080951.0,True,3092,230,wt_med,,,,,,,,
UC3,2,all,all,"MAE, schedule projected at origin",clim,7.794114946476502,7.650431442260742,7.949399363994599,2014816.0,True,2990,229,wt_med,0.39913877447727675,0.3383024573326111,0.4607652187347412,0.2955687165260315,0.5348787307739258,2007372.0,0.9533509752108191,False
UC3,2,all,all,"MAE, schedule projected at origin",driver_level,7.664799987953733,7.519573187828064,7.825889253616333,2036217.0,True,3023,229,wt_med,0.2195786789433285,0.13773725032806397,0.30269006490707395,0.05720398426055908,0.36771564483642577,2033440.0,0.9657313178786434,False
UC3,2,all,all,"MAE, schedule projected at origin",driver_level_x_h5,7.6647999879537325,7.519573187828064,7.825889253616333,2036217.0,True,3023,229,wt_med,0.2195786789433285,0.13773725032806397,0.30269006490707395,0.05720351934432984,0.3677165746688843,2033440.0,0.9657313178786434,False
UC3,2,all,all,"MAE, schedule projected at origin",h5,7.427998561444926,7.279416155815125,7.585807883739472,2112884.0,True,3160,229,wt_med,-0.024915362443698186,-0.031560194492340085,-0.01816985607147217,-0.04074143171310425,-0.0114045262336731,2105596.0,1.0,True
UC3,2,all,all,"MAE, schedule projected at origin",lvlh5_cbd,9.02216996480466,8.776189136505128,9.273295044898987,1017317.0,True,1408,229,wt_med,1.938733783456522,1.7511970281600953,2.116014301776886,1.537606954574585,2.4703443408012387,1015107.0,0.4820996050524412,False
UC3,2,all,all,"MAE, schedule projected at origin",lvlh5_naive,7.581664049980998,7.441505420207977,7.746247172355652,2040892.0,True,3114,229,wt_med,0.14428810941466175,0.08399280309677123,0.20587934255599977,0.046090972423553464,0.25118896961212156,2037632.0,0.9677222031196868,False
UC3,2,all,all,"MAE, schedule projected at origin",lvlh5_tft,7.209750126896622,7.043712651729583,7.3950784444808955,1282019.0,True,1910,229,wt_med,0.0823760805771867,-0.039063990116119385,0.19533889293670653,-0.40425978899002074,0.41518114805221545,1278565.0,0.6072223731428061,False
UC3,2,all,all,"MAE, schedule projected at origin",oracle_level,5.417251123855141,5.32984619140625,5.513357746601105,2105268.0,True,3136,229,wt_med,-2.0442234509039316,-2.1472775101661683,-1.9460391402244568,-2.669335639476776,-1.6547847509384155,2099182.0,0.9969538315992241,True
UC3,2,all,all,"MAE, schedule projected at origin",oracle_shape,5.855459716160094,5.707697069644928,6.021726036071777,2034848.0,True,3014,229,wt_med,-1.59644821116148,-1.6984537482261657,-1.4941510438919068,-1.8762432217597962,-1.2402326583862304,2029305.0,0.9637675033577191,True
UC3,2,all,all,"MAE, schedule projected at origin",snaive7,8.482077023027115,8.31406548023224,8.674305963516236,1854770.0,True,3063,229,wt_med,1.015166640529097,0.883592712879181,1.1552316784858703,0.5001091003417969,1.4188549637794494,1849190.0,0.8782264024057796,False
UC3,2,all,all,"MAE, schedule projected at origin",wt_med,7.455924355859339,7.3074918508529665,7.613025450706482,2105596.0,True,3159,229,wt_med,,,,,,,,
UC3,3,all,all,"MAE, schedule projected at origin",clim,7.8554383256979134,7.7019372344017025,8.014233899116515,2027830.0,True,3039,228,wt_med,0.4121271900180288,0.35050454139709475,0.46973367929458615,0.286754846572876,0.5712420463562011,2019561.0,0.951797025223391,False
UC3,3,all,all,"MAE, schedule projected at origin",driver_level,7.707988448787271,7.559208762645722,7.87309547662735,2055332.0,True,3078,228,wt_med,0.19293975197962876,0.11223537921905517,0.27350176572799684,0.01582787036895752,0.3471801280975342,2052286.0,0.9672199600346869,False
UC3,3,all,all,"MAE, schedule projected at origin",driver_level_x_h5,7.707988448787271,7.559208762645722,7.87309547662735,2055332.0,True,3078,228,wt_med,0.19293975197962876,0.11223537921905517,0.27350176572799684,0.015828824043273928,0.3471805930137634,2052286.0,0.9672199600346869,False
UC3,3,all,all,"MAE, schedule projected at origin",h5,7.500113307041952,7.344136250019074,7.655801784992218,2129722.0,True,3214,228,wt_med,-0.026712193190815192,-0.03318380117416382,-0.019992816448211673,-0.04381784200668335,-0.013254010677337648,2121840.0,1.0,True
UC3,3,all,all,"MAE, schedule projected at origin",lvlh5_cbd,9.088512438376814,8.838721990585327,9.343707990646362,1026532.0,True,1434,228,wt_med,1.9549126710714049,1.769926381111145,2.1422842264175417,1.556581449508667,2.5134466886520386,1024083.0,0.48263912453342384,False
UC3,3,all,all,"MAE, schedule projected at origin",lvlh5_naive,7.627384116831223,7.480871152877808,7.793156158924103,2059709.0,True,3163,228,wt_med,0.11985747014398829,0.0593630313873291,0.18123161792755124,0.016075336933135988,0.22475768327713008,2056192.0,0.9690608151415753,False
UC3,3,all,all,"MAE, schedule projected at origin",lvlh5_tft,7.381155208528353,7.21067168712616,7.565960609912873,1297574.0,True,1954,228,wt_med,0.16707159855805465,0.04862167835235596,0.294262158870697,-0.3162319421768188,0.497611129283905,1293844.0,0.6097745353089771,False
UC3,3,all,all,"MAE, schedule projected at origin",oracle_level,5.432890579772638,5.34462583065033,5.527792072296142,2121969.0,True,3188,228,wt_med,-2.1034272130085894,-2.207376408576965,-2.0012810111045836,-2.7313924431800842,-1.7086100578308105,2115325.0,0.9969295517098368,True
UC3,3,all,all,"MAE, schedule projected at origin",oracle_shape,5.902324344126368,5.754407298564911,6.07674001455307,2054188.0,True,3069,228,wt_med,-1.6195989853660286,-1.7228743076324462,-1.51596657037735,-1.895851480960846,-1.2703067541122437,2048070.0,0.9652330053161408,True
UC3,3,all,all,"MAE, schedule projected at origin",prod_served,8.238426861786033,8.043038296699525,8.462169289588928,1283727.0,True,1905,228,wt_med,1.0664337578133667,0.8935261011123657,1.2499186992645264,0.14582793712615968,1.751810348033905,1278898.0,0.6027306488707914,False
UC3,3,all,all,"MAE, schedule projected at origin",prod_served_lin,8.22064825698922,8.025553703308105,8.442627453804016,1283727.0,True,1905,228,wt_med,1.0487364903221374,0.875789475440979,1.2304800271987915,0.13235617876052858,1.73319331407547,1278898.0,0.6027306488707914,False
UC3,3,all,all,"MAE, schedule projected at origin",snaive7,8.495389511573125,8.325605416297913,8.685459184646607,1870843.0,True,3118,228,wt_med,0.9652552861719119,0.829753863811493,1.109358263015747,0.45343453884124757,1.359096312522888,1863967.0,0.8784672736869886,False
UC3,3,all,all,"MAE, schedule projected at origin",wt_med,7.529372148701127,7.3728432893753055,7.687029576301574,2121840.0,True,3213,228,wt_med,,,,,,,,
UC3,4,all,all,"MAE, schedule projected at origin",clim,7.916574451610374,7.76583342552185,8.073352718353272,2040520.0,True,3097,227,wt_med,0.4190234064254943,0.3525390625,0.48431718349456787,0.28363428115844724,0.5990335464477539,2031408.0,0.9482497779225878,False
UC3,4,all,all,"MAE, schedule projected at origin",driver_level,7.789312901393811,7.636663472652435,7.95586987733841,2077967.0,True,3146,227,wt_med,0.19331940760617705,0.10745061635971069,0.2765896201133728,0.01816520690917969,0.3450475931167602,2074540.0,0.9683835518475487,False
UC3,4,all,all,"MAE, schedule projected at origin",driver_level_x_h5,7.789312901393811,7.636663472652435,7.95586987733841,2077967.0,True,3146,227,wt_med,0.19331940760617616,0.10745061635971069,0.2765896201133728,0.01816520690917969,0.34504758119583123,2074540.0,0.9683835518475487,False
UC3,4,all,all,"MAE, schedule projected at origin",h5,7.5840292138477645,7.428371179103851,7.740523159503937,2150932.0,True,3284,227,wt_med,-0.028035464467380145,-0.034285223484039305,-0.021126174926757814,-0.04576841592788696,-0.015029847621917732,2142271.0,1.0,True
UC3,4,all,all,"MAE, schedule projected at origin",lvlh5_cbd,9.219172070066623,8.993072772026062,9.47581968307495,1035496.0,True,1463,227,wt_med,2.010176454590227,1.829622781276703,2.2023956418037414,1.5975709199905395,2.5858348608016968,1032895.0,0.48214955064041853,False
UC3,4,all,all,"MAE, schedule projected at origin",lvlh5_naive,7.694554967815197,7.546107816696167,7.862991368770599,2082228.0,True,3233,227,wt_med,0.1058623601749904,0.04458179473876953,0.17045167684555051,0.00010974407196045083,0.20908696651458739,2078303.0,0.9701400989884099,False
UC3,4,all,all,"MAE, schedule projected at origin",lvlh5_tft,7.51451813297882,7.331086349487305,7.709088003635406,1314877.0,True,1997,227,wt_med,0.18464316236464828,0.06111677885055542,0.30893529653549195,-0.3010919451713562,0.532695436477661,1310921.0,0.6119305167273421,False
UC3,4,all,all,"MAE, schedule projected at origin",oracle_level,5.4865884561200335,5.385200655460357,5.5916689276695255,2142867.0,True,3256,227,wt_med,-2.133970394276581,-2.2429204106330873,-2.0269146084785463,-2.7743717432022095,-1.7248682975769043,2135523.0,0.9968500717229519,True
UC3,4,all,all,"MAE, schedule projected at origin",oracle_shape,5.967493947619115,5.81740779876709,6.138736355304718,2077090.0,True,3136,227,wt_med,-1.636146691655826,-1.7390027403831483,-1.5311424255371093,-1.9104771614074707,-1.2886758685112,2070232.0,0.9663726017856751,True
UC3,4,all,all,"MAE, schedule projected at origin",prod_served,8.328962844148995,8.131203651428223,8.549378919601441,1294897.0,True,1939,227,wt_med,1.0800996201255924,0.8981185913085937,1.264982533454895,0.10675005912780762,1.7858391761779784,1289900.0,0.602118032685874,False
UC3,4,all,all,"MAE, schedule projected at origin",prod_served_lin,8.310323234203183,8.113229823112487,8.529428339004516,1294897.0,True,1939,227,wt_med,1.0615573881696267,0.8792142629623413,1.2449702262878417,0.09206486940383911,1.7681757688522337,1289900.0,0.602118032685874,False
UC3,4,all,all,"MAE, schedule projected at origin",snaive7,8.528356288436559,8.354054021835328,8.723679423332214,1891591.0,True,3191,227,wt_med,0.9191826394028944,0.7801992416381835,1.061090111732483,0.4123792886734009,1.297326385974884,1882009.0,0.8785111687550268,False
UC3,4,all,all,"MAE, schedule projected at origin",wt_med,7.613013713017634,7.457732820510865,7.770390903949737,2142271.0,True,3283,227,wt_med,,,,,,,,
UC3,5,all,all,"MAE, schedule projected at origin",clim,8.063020855096918,7.90098237991333,8.221747708320617,2082033.0,True,3185,226,wt_med,0.41041414719279334,0.3431574821472168,0.47571735382080077,0.2556924343109131,0.5949464321136475,2071365.0,0.9482270454817001,False
UC3,5,all,all,"MAE, schedule projected at origin",driver_level,7.932325498162498,7.7750962495803835,8.096443247795104,2125056.0,True,3253,226,wt_med,0.17711486447241676,0.08576215505599975,0.2598709225654602,-0.006713032722473144,0.32908668518066403,2121217.0,0.9710482356975015,False
UC3,5,all,all,"MAE, schedule projected at origin",driver_level_x_h5,7.932325498162498,7.7750962495803835,8.096443247795104,2125056.0,True,3253,226,wt_med,0.17711486447241676,0.08576215505599975,0.2598709225654602,-0.0067130446434020994,0.32908670902252196,2121217.0,0.9710482356975015,False
UC3,5,all,all,"MAE, schedule projected at origin",h5,7.745001829297482,7.583836078643799,7.910967230796814,2193465.0,True,3381,226,wt_med,-0.028614924917405915,-0.035304033756256105,-0.021584761142730714,-0.04593212604522705,-0.01545848846435547,2184461.0,1.0,True
UC3,5,all,all,"MAE, schedule projected at origin",lvlh5_cbd,9.464185908054052,9.215378546714783,9.76638903617859,1047626.0,True,1503,226,wt_med,2.107232454495926,1.9116682529449462,2.3034679174423216,1.6587909698486327,2.8177918553352352,1044913.0,0.478339050227951,False
UC3,5,all,all,"MAE, schedule projected at origin",lvlh5_naive,7.845586853706084,7.688884913921356,8.017586851119995,2128954.0,True,3332,226,wt_med,0.09695002915831452,0.028104376792907716,0.16365742683410642,-0.015334439277648925,0.22181558609008786,2124680.0,0.9726335237845858,False
UC3,5,all,all,"MAE, schedule projected at origin",lvlh5_tft,7.624060984285633,7.441142129898071,7.8267066240310665,1340240.0,True,2056,226,wt_med,0.14803893427660775,0.028253340721130372,0.27163044214248655,-0.3098779201507568,0.4700411915779113,1336184.0,0.6116767477194603,False
UC3,5,all,all,"MAE, schedule projected at origin",oracle_level,5.548694137462817,5.446888172626496,5.6532354831695555,2185184.0,True,3350,226,wt_med,-2.2347889560450787,-2.3435954451560974,-2.125525724887848,-2.935255992412567,-1.8079927921295167,2177524.0,0.9968243882587055,True
UC3,5,all,all,"MAE, schedule projected at origin",oracle_shape,6.105123122992585,5.941729748249054,6.284451019763947,2124609.0,True,3239,226,wt_med,-1.6587798146932382,-1.7648305773735047,-1.5532349944114685,-1.9407319903373719,-1.3117858648300171,2116826.0,0.9690381288565005,True
UC3,5,all,all,"MAE, schedule projected at origin",prod_served,8.43703268860046,8.23265278339386,8.660660696029662,1320185.0,True,1998,226,wt_med,1.0580285612384497,0.8894397139549255,1.2383808255195616,0.17237439155578613,1.7405401349067686,1314999.0,0.601978703213287,False
UC3,5,all,all,"MAE, schedule projected at origin",prod_served_lin,8.417718066028625,8.215073108673096,8.639062142372131,1320185.0,True,1998,226,wt_med,1.0388292120374238,0.8703927636146546,1.2200271129608153,0.15769964456558228,1.7208277821540832,1314999.0,0.601978703213287,False
UC3,5,all,all,"MAE, schedule projected at origin",snaive7,8.628483031293316,8.447650408744812,8.8286963224411,1936388.0,True,3297,226,wt_med,0.8589269501350429,0.7203924655914307,1.0023746013641357,0.3453652858734131,1.2312085151672363,1918662.0,0.8783228448573813,False
UC3,5,all,all,"MAE, schedule projected at origin",wt_med,7.775092803213242,7.6141606092453005,7.938417387008667,2184461.0,True,3379,226,wt_med,,,,,,,,
UC3,6,all,all,"MAE, schedule projected at origin",clim,8.218673444303478,8.06348090171814,8.385573840141296,2123454.0,True,3278,225,wt_med,0.37481583215922143,0.3101478338241577,0.44376689195632935,0.18914129734039306,0.5488929271697998,2111525.0,0.9478374613788302,False
UC3,6,all,all,"MAE, schedule projected at origin",driver_level,8.068612236013283,7.912311553955078,8.235117340087891,2172714.0,True,3365,225,wt_med,0.11827456452828766,0.025989198684692384,0.20187549591064452,-0.07835958003997802,0.26489480733871457,2168250.0,0.9733006124173991,False
UC3,6,all,all,"MAE, schedule projected at origin",driver_level_x_h5,8.068612236013283,7.912311553955078,8.235117340087891,2172714.0,True,3365,225,wt_med,0.11827456452828766,0.025989198684692384,0.20187549591064452,-0.07835958003997802,0.26489391326904294,2168250.0,0.9733006124173991,False
UC3,6,all,all,"MAE, schedule projected at origin",h5,7.943642266809573,7.7778970956802365,8.1160959482193,2237356.0,True,3489,225,wt_med,-0.030809150260197704,-0.03739343881607056,-0.023665904998779297,-0.04793635606765747,-0.016351139545440676,2227729.0,1.0,True
UC3,6,all,all,"MAE, schedule projected at origin",lvlh5_cbd,9.923203037129658,9.628523230552673,10.255295872688293,1060806.0,True,1542,225,wt_med,2.3707477570260354,2.157555603981018,2.587531900405884,1.7763983964920045,3.3496813058853148,1057952.0,0.474901570164055,False
UC3,6,all,all,"MAE, schedule projected at origin",lvlh5_naive,7.992032617944995,7.827142751216888,8.167176938056945,2176327.0,True,3438,225,wt_med,0.04745578144249851,-0.02623622417449951,0.11786944866180418,-0.06552058458328247,0.15325856208801264,2171443.0,0.9747339106327565,False
UC3,6,all,all,"MAE, schedule projected at origin",lvlh5_tft,7.810906176785165,7.605109071731567,8.015691113471984,1359832.0,True,2112,225,wt_med,0.16416004643103488,0.046660983562469484,0.28777590990066526,-0.2942710041999817,0.49230157136917113,1355614.0,0.6085183610753373,False
UC3,6,all,all,"MAE, schedule projected at origin",oracle_level,5.61587899632006,5.512958562374115,5.723641991615295,2228728.0,True,3451,225,wt_med,-2.3682451459140275,-2.4842759490013124,-2.2543724894523622,-3.150630259513855,-1.9136322259902954,2220520.0,0.9967639690465043,True
UC3,6,all,all,"MAE, schedule projected at origin",oracle_shape,6.225209240424358,6.050661337375641,6.406572234630585,2173070.0,True,3346,225,wt_med,-1.7351173480809994,-1.8439345002174377,-1.6209821462631226,-2.011754298210144,-1.4029442191123962,2163599.0,0.9712128360316717,True
UC3,6,all,all,"MAE, schedule projected at origin",prod_served,8.554354958757584,8.341512656211853,8.778353404998779,1339519.0,True,2054,225,wt_med,0.998347561519509,0.823133111000061,1.1753007411956786,0.12741611003875736,1.6451977729797362,1334089.0,0.598856054753518,False
UC3,6,all,all,"MAE, schedule projected at origin",prod_served_lin,8.535505842022397,8.322930216789246,8.757298922538757,1339519.0,True,2054,225,wt_med,0.9796202689625666,0.8045544505119324,1.1560728669166564,0.10816798210144045,1.627805757522583,1334089.0,0.598856054753518,False
UC3,6,all,all,"MAE, schedule projected at origin",snaive7,8.723626015702678,8.541651678085326,8.924841737747192,1983356.0,True,3426,225,wt_med,0.76158118490922,0.6017552375793457,0.9102642655372619,0.23863344192504882,1.118616807460785,1955154.0,0.8776444531628398,False
UC3,6,all,all,"MAE, schedule projected at origin",wt_med,7.975636174777094,7.810847532749176,8.145761013031006,2227729.0,True,3486,225,wt_med,,,,,,,,
UC3,7,all,all,"MAE, schedule projected at origin",clim,8.348606507167633,8.190106081962586,8.51772882938385,2158174.0,True,3368,224,wt_med,0.3055318462217276,0.237740421295166,0.3736912727355957,0.11673244237899781,0.46822805404663076,2144022.0,0.9507364806349293,False
UC3,7,all,all,"MAE, schedule projected at origin",driver_level,8.381906829194028,8.21341106891632,8.557155680656432,2167095.0,True,3390,224,wt_med,0.27045952065037504,0.18837077617645265,0.3466730594635009,0.1300574779510498,0.4039881229400635,2163405.0,0.9593316000899288,False
UC3,7,all,all,"MAE, schedule projected at origin",driver_level_x_h5,8.38190682919403,8.21341106891632,8.557155680656432,2167095.0,True,3390,224,wt_med,0.27045952065037504,0.18837077617645265,0.3466730594635009,0.1300574779510498,0.4039881229400635,2163405.0,0.9593316000899288,False
UC3,7,all,all,"MAE, schedule projected at origin",h5,8.140792448086472,7.96642519235611,8.309170961380005,2265161.0,True,3575,224,wt_med,-0.032467384175633995,-0.03952149152755737,-0.025182700157165536,-0.052090811729431155,-0.017575359344482424,2255117.0,1.0,True
UC3,7,all,all,"MAE, schedule projected at origin",lvlh5_cbd,10.356513880657648,10.031364393234252,10.70628879070282,1071173.0,True,1577,224,wt_med,2.575312694041151,2.354633128643036,2.810325253009796,1.8036851286888123,3.811671280860901,1068191.0,0.4736743149025084,False
UC3,7,all,all,"MAE, schedule projected at origin",lvlh5_naive,8.4075273596677,8.235162591934204,8.5813499212265,2173016.0,True,3510,224,wt_med,0.30443724462605815,0.23386874198913574,0.3728233575820923,0.22132651805877684,0.4135503530502319,2168738.0,0.9616964441312801,False
UC3,7,all,all,"MAE, schedule projected at origin",lvlh5_tft,8.20214599490323,7.9969138383865355,8.425810551643371,1379430.0,True,2167,224,wt_med,0.34229472135247274,0.21482198238372802,0.47004507780075067,-0.14663827419281006,0.6856430172920226,1374920.0,0.6096889873119665,False
UC3,7,all,all,"MAE, schedule projected at origin",oracle_level,5.6712155158114435,5.571316421031952,5.778617250919342,2256279.0,True,3535,224,wt_med,-2.513162251907646,-2.6315484166145326,-2.392549455165863,-3.3505356431007387,-2.030682158470154,2247768.0,0.9967411890380854,True
UC3,7,all,all,"MAE, schedule projected at origin",oracle_shape,6.770569523177081,6.5933379292488095,6.95668443441391,2166058.0,True,3369,224,wt_med,-1.3453703338626237,-1.457345962524414,-1.2391897439956665,-1.6210227012634277,-0.9860612154006958,2158858.0,0.9573152967229638,True
UC3,7,all,all,"MAE, schedule projected at origin",prod_served,9.031725076306403,8.806328105926514,9.29291546344757,1359650.0,True,2115,224,wt_med,1.2636160443891624,1.082218301296234,1.4594456672668457,0.3270847797393799,2.0066168308258057,1353844.0,0.6003431307555218,False
UC3,7,all,all,"MAE, schedule projected at origin",prod_served_lin,9.012513882249108,8.788885045051575,9.271819829940796,1359650.0,True,2115,224,wt_med,1.2445032440960704,1.0623855233192443,1.441563081741333,0.31388852596282957,1.9848526954650878,1353844.0,0.6003431307555218,False
UC3,7,all,all,"MAE, schedule projected at origin",wt_med,8.174622425355315,8.00094964504242,8.34244499206543,2255117.0,True,3572,224,wt_med,,,,,,,,
UC3,10,all,all,"MAE, schedule projected at origin",clim,8.644248961180445,8.483756422996521,8.825076937675476,2272772.0,True,3610,221,wt_med,0.2874664484190923,0.22004597187042235,0.3558899641036987,0.09664466381072999,0.45013813972473143,2259208.0,0.9522060992900627,False
UC3,10,all,all,"MAE, schedule projected at origin",driver_level,8.715309637092526,8.538765215873719,8.905715775489806,2294995.0,True,3665,221,wt_med,0.2914299570260823,0.20174834728240967,0.3734784364700317,0.12351527214050294,0.4696278810501098,2290488.0,0.9653899260053511,False
UC3,10,all,all,"MAE, schedule projected at origin",driver_level_x_h5,8.715309637092526,8.538765215873719,8.905715775489806,2294995.0,True,3665,221,wt_med,0.2914299570260823,0.20174834728240967,0.3734784364700317,0.12351524829864502,0.46962695121765125,2290488.0,0.9653899260053511,False
UC3,10,all,all,"MAE, schedule projected at origin",h5,8.433575765925937,8.25838577747345,8.611602759361267,2384271.0,True,3838,221,wt_med,-0.03139187997659931,-0.03880753517150879,-0.023292708396911624,-0.049557280540466306,-0.016251611709594733,2372604.0,1.0,True
UC3,10,all,all,"MAE, schedule projected at origin",lvlh5_cbd,11.10534177300213,10.749211406707763,11.525513863563537,1120822.0,True,1685,221,wt_med,3.0046237559517515,2.7525906801223754,3.3084463119506835,1.8681257009506225,4.783577728271483,1117424.0,0.4709694496005233,False
UC3,10,all,all,"MAE, schedule projected at origin",lvlh5_naive,8.69954143072596,8.517919516563415,8.874635648727416,2300287.0,True,3772,221,wt_med,0.2830139715812052,0.20625631809234618,0.35552430152893066,0.17200480699539183,0.45109648704528804,2295227.0,0.9673873094709442,False
UC3,10,all,all,"MAE, schedule projected at origin",lvlh5_tft,8.577633429689309,8.36775484085083,8.811443257331849,1442576.0,True,2323,221,wt_med,0.40263373130026103,0.2774510383605957,0.5441773891448974,-0.1248643398284912,0.7740105509757995,1437413.0,0.6058377209176078,False
UC3,10,all,all,"MAE, schedule projected at origin",oracle_level,5.7685652905542675,5.664792287349701,5.8734899163246155,2375035.0,True,3799,221,wt_med,-2.7068313225189105,-2.831251060962677,-2.5902353882789613,-3.614123892784119,-2.1646640777587893,2365069.0,0.9968241645044854,True
UC3,10,all,all,"MAE, schedule projected at origin",oracle_shape,7.023635962604256,6.840883648395538,7.217582154273987,2294934.0,True,3642,221,wt_med,-1.4068430941946746,-1.5254376173019408,-1.2861637234687806,-1.6924968719482423,-1.067058539390564,2285742.0,0.9633895921949048,True
UC3,10,all,all,"MAE, schedule projected at origin",prod_served,9.440417350017032,9.21410892009735,9.693711709976196,1423745.0,True,2263,221,wt_med,1.3523219584831487,1.1574382066726685,1.5560256719589234,0.3863109588623047,2.1074683904647826,1417015.0,0.5972404160154834,False
UC3,10,all,all,"MAE, schedule projected at origin",prod_served_lin,9.417121833614868,9.193417263031005,9.669033098220826,1423745.0,True,2263,221,wt_med,1.3291026382924667,1.1334341049194336,1.5314039707183837,0.3551675796508789,2.082075798511505,1417015.0,0.5972404160154834,False
UC3,10,all,all,"MAE, schedule projected at origin",wt_med,8.463880824612957,8.29261953830719,8.64123785495758,2372604.0,True,3834,221,wt_med,,,,,,,,
UC3,14,all,all,"MAE, schedule projected at origin",clim,8.96269664979272,8.804079914093018,9.132301378250123,2478772.0,True,3961,217,wt_med,0.22457784537743564,0.15338408946990967,0.2902318716049194,0.03304431438446045,0.374147367477417,2460236.0,0.9547436700939711,False
UC3,14,all,all,"MAE, schedule projected at origin",driver_level,9.156889926363315,8.986283898353577,9.330945134162903,2478446.0,True,3992,217,wt_med,0.3579402823319864,0.27212717533111574,0.4355492830276489,0.17347590923309328,0.5496779441833496,2473662.0,0.9599538972895254,False
UC3,14,all,all,"MAE, schedule projected at origin",driver_level_x_h5,9.156889926363315,8.986283898353577,9.330945134162903,2478446.0,True,3992,217,wt_med,0.3579402823319846,0.27212717533111574,0.4355492830276489,0.17347497940063478,0.5496778964996337,2473662.0,0.9599538972895254,False
UC3,14,all,all,"MAE, schedule projected at origin",h5,8.82548104172265,8.661580014228822,8.994769644737243,2590056.0,True,4202,217,wt_med,-0.034715743609941896,-0.04232473373413086,-0.026978039741516115,-0.05275552272796631,-0.01915607452392578,2576855.0,1.0,True
UC3,14,all,all,"MAE, schedule projected at origin",lvlh5_cbd,11.801756451935866,11.429292631149291,12.245291996002196,1193094.0,True,1832,217,wt_med,3.175349333650514,2.9157938241958616,3.479105567932129,1.9880163550376893,4.856819319725036,1189213.0,0.46149783359948465,False
UC3,14,all,all,"MAE, schedule projected at origin",lvlh5_naive,9.258391888324114,9.102229404449464,9.430766987800599,2485090.0,True,4129,217,wt_med,0.46862799265481314,0.40245277881622316,0.5333226919174194,0.33551645278930664,0.6543081760406494,2479684.0,0.9622908545494411,False
UC3,14,all,all,"MAE, schedule projected at origin",lvlh5_tft,9.115383848067651,8.905594873428345,9.339386439323425,1545460.0,True,2544,217,wt_med,0.41499889868371653,0.29013612270355227,0.5504364013671875,-0.09461865425109862,0.8239493370056149,1539544.0,0.5974507684755254,False
UC3,14,all,all,"MAE, schedule projected at origin",oracle_level,5.9352908506916675,5.841771745681763,6.03331218957901,2580085.0,True,4165,217,wt_med,-2.936023355418489,-3.0627381920814516,-2.8158367395401003,-3.7944929242134093,-2.357386386394501,2568877.0,0.9969039779110582,True
UC3,14,all,all,"MAE, schedule projected at origin",oracle_shape,7.612683100915882,7.442287027835846,7.791185796260834,2478598.0,True,3963,217,wt_med,-1.191474040059635,-1.296821415424347,-1.0877817392349243,-1.450454580783844,-0.8795158863067627,2468733.0,0.9580411004887741,True
UC3,14,all,all,"MAE, schedule projected at origin",prod_served,9.868471480596448,9.640128922462463,10.119985246658326,1525365.0,True,2485,217,wt_med,1.288894518007794,1.0997428894042969,1.48054838180542,0.3459460973739624,2.123675465583801,1515927.0,0.5882857203839564,False
UC3,14,all,all,"MAE, schedule projected at origin",prod_served_lin,9.845481163524795,9.616760158538819,10.095865488052368,1525365.0,True,2485,217,wt_med,1.265998956414128,1.0777016639709474,1.4562118291854858,0.3239472150802613,2.101664066314697,1515927.0,0.5882857203839564,False
UC3,14,all,all,"MAE, schedule projected at origin",wt_med,8.860219531172689,8.69766058921814,9.024672937393188,2576855.0,True,4200,217,wt_med,,,,,,,,
UC3,21,all,all,"MAE, schedule projected at origin",clim,9.246711398411334,9.0875244140625,9.40600390434265,2651659.0,True,4338,210,clim,,,,,,,,
UC3,21,all,all,"MAE, schedule projected at origin",driver_level,9.626635132422459,9.438713717460633,9.808303499221802,2652698.0,True,4360,210,clim,0.3224910390654152,0.22095210552215577,0.43710904121398914,0.06418328285217285,0.5679826974868775,2571863.0,0.9699071411520108,False
UC3,21,all,all,"MAE, schedule projected at origin",driver_level_x_h5,9.626635132422459,9.438713717460633,9.808303499221802,2652698.0,True,4360,210,clim,0.3224910390654152,0.22095210552215577,0.43710904121398914,0.06418325901031495,0.5679817914962768,2571863.0,0.9699071411520108,False
UC3,21,all,all,"MAE, schedule projected at origin",h5,9.215872901062554,9.055072474479676,9.383351564407349,2777179.0,True,4599,210,clim,-0.16778900738593627,-0.22970571517944335,-0.10321679115295412,-0.3235398054122925,0.023199701309204034,2631758.0,0.992494887163093,False
UC3,21,all,all,"MAE, schedule projected at origin",lvlh5_cbd,12.38209633876412,11.99729118347168,12.790975999832153,1208649.0,True,1931,210,clim,3.213262376070716,2.9268522024154664,3.5147045135498045,1.714324712753296,5.023049330711364,1184794.0,0.4468123540772022,False
UC3,21,all,all,"MAE, schedule projected at origin",lvlh5_naive,9.671859941620975,9.500408411026001,9.851786613464355,2660563.0,True,4526,210,clim,0.36186316092145887,0.2674973964691162,0.46151158809661863,0.13524534702301025,0.6082468748092651,2575498.0,0.9712779810677014,False
UC3,21,all,all,"MAE, schedule projected at origin",lvlh5_tft,9.633272194671902,9.415696382522583,9.854615759849548,1620989.0,True,2759,210,clim,0.4405856656766005,0.2978445768356323,0.5912107944488525,0.11066546440124513,0.7764514684677124,1567622.0,0.5911853673492707,False
UC3,21,all,all,"MAE, schedule projected at origin",oracle_level,6.12340787826916,6.02744482755661,6.222515881061554,2766257.0,True,4560,210,clim,-3.2176500385760356,-3.3418365716934204,-3.0992929339408875,-3.9353737831115723,-2.6965602159500124,2625722.0,0.990218576370491,True
UC3,21,all,all,"MAE, schedule projected at origin",oracle_shape,8.02398832597631,7.850181031227112,8.209607791900634,2654249.0,True,4328,210,clim,-1.304398278291301,-1.4416243314743042,-1.1681007862091064,-1.6565996646881103,-0.8271076917648325,2568470.0,0.9686275648565672,True
UC3,21,all,all,"MAE, schedule projected at origin",prod_served,10.566517278756338,10.328324580192566,10.807430243492126,1596961.0,True,2684,210,clim,1.4816235049925428,1.2852469444274903,1.6792223215103148,0.799236536026001,2.177122592926025,1569641.0,0.5919467774702554,False
UC3,21,all,all,"MAE, schedule projected at origin",prod_served_lin,10.539274049272336,10.301978039741517,10.779914808273315,1596961.0,True,2684,210,clim,1.4546455208547684,1.2568137884140014,1.6517157316207884,0.774739670753479,2.151555013656616,1569641.0,0.5919467774702554,False
UC3,21,all,all,"MAE, schedule projected at origin",wt_med,9.249859332195438,9.0932062625885,9.412962722778321,2761826.0,True,4596,210,clim,-0.13656663029418326,-0.1977848768234253,-0.07249426841735841,-0.2871395587921143,0.04516205787658681,2629277.0,0.9915592464943644,False
UC3,30,all,all,"MAE, schedule projected at origin",clim,9.242518102148171,9.095204615592957,9.397594833374024,2989148.0,True,4996,201,clim,,,,,,,,
UC3,30,all,all,"MAE, schedule projected at origin",driver_level,9.772587884053664,9.60699405670166,9.949626755714416,3001653.0,True,5026,201,clim,0.43478530830502393,0.3329854726791382,0.5344551086425781,0.16598243713378907,0.6713527917861939,2886351.0,0.9656099329976301,False
UC3,30,all,all,"MAE, schedule projected at origin",driver_level_x_h5,9.772587884053664,9.60699405670166,9.949626755714416,3001653.0,True,5026,201,clim,0.43478530830502393,0.3329854726791382,0.5344551086425781,0.16598248481750488,0.6713537216186524,2886351.0,0.9656099329976301,False
UC3,30,all,all,"MAE, schedule projected at origin",h5,9.307187661961526,9.15519096851349,9.460830426216125,3148896.0,True,5321,201,clim,-0.1039983325352889,-0.16424226760864258,-0.04191575050354007,-0.2731164455413818,0.05130975246429437,2965580.0,0.9921154790595849,False
UC3,30,all,all,"MAE, schedule projected at origin",lvlh5_cbd,12.419432170675085,12.040651226043702,12.824430561065673,1317350.0,True,2210,201,clim,3.1101309456274286,2.8505594968795775,3.3860094070434568,1.8917802572250366,4.67774646282196,1283782.0,0.42948090894127694,False
UC3,30,all,all,"MAE, schedule projected at origin",lvlh5_naive,9.731656069504961,9.571513175964355,9.886618876457215,3010691.0,True,5231,201,clim,0.4068184369246399,0.3098335027694702,0.5016411781311035,0.15848090648651122,0.660974907875061,2890743.0,0.9670792479997645,False
UC3,30,all,all,"MAE, schedule projected at origin",lvlh5_tft,10.026986586085169,9.798316526412965,10.272873210906983,1469500.0,True,2628,201,clim,0.7132114844612936,0.5580862760543823,0.8607998847961424,0.42962937355041503,1.0181419610977172,1420459.0,0.4752053093389822,False
UC3,30,all,all,"MAE, schedule projected at origin",oracle_level,6.1624479606341325,6.071194970607758,6.253691172599792,3137201.0,True,5273,201,clim,-3.1815708902363893,-3.2971007347106935,-3.069410479068756,-3.8779847741127016,-2.6441896677017214,2958742.0,0.9898278706842217,True
UC3,30,all,all,"MAE, schedule projected at origin",oracle_shape,8.26225049239529,8.088860726356506,8.433485293388367,3006489.0,True,4991,201,clim,-1.0818532314000961,-1.219423031806946,-0.9537095308303833,-1.5758994221687317,-0.503020715713501,2884694.0,0.9650555944369432,True
UC3,30,all,all,"MAE, schedule projected at origin",prod_served,10.809576985029182,10.554058599472047,11.056359910964966,1493706.0,True,2623,201,clim,1.5883318868795975,1.3932979106903076,1.7903182744979858,1.0634376049041747,2.0685059309005736,1467958.0,0.49109579050619107,False
UC3,30,all,all,"MAE, schedule projected at origin",prod_served_lin,10.78106191914607,10.524719619750977,11.02569591999054,1493706.0,True,2623,201,clim,1.5597333166207754,1.3654895305633545,1.7602579832077025,1.0419483423233031,2.0422073125839235,1467958.0,0.49109579050619107,False
UC3,30,all,all,"MAE, schedule projected at origin",wt_med,9.351949796535887,9.200609469413758,9.504974579811096,3131019.0,True,5319,201,clim,-0.06468200078739272,-0.1254197597503662,-0.003216552734375,-0.22461841106414795,0.08720757961273193,2961674.0,0.9908087521929325,False
UC3,45,all,all,"MAE, schedule projected at origin",clim,9.558289108063544,9.400730895996094,9.70198667049408,2963238.0,True,5117,186,clim,,,,,,,,
UC3,45,all,all,"MAE, schedule projected at origin",driver_level,10.116290782851399,9.945970821380616,10.291250538825988,2999618.0,True,5137,186,clim,0.36973984147482497,0.2555407524108887,0.4903478384017944,0.016282606124877932,0.7334632635116576,2858020.0,0.9644922210095848,False
UC3,45,all,all,"MAE, schedule projected at origin",driver_level_x_h5,10.116290782851399,9.945970821380616,10.291250538825988,2999618.0,True,5137,186,clim,0.36973984147482497,0.2555407524108887,0.4903478384017944,0.016282629966735844,0.7334632635116576,2858020.0,0.9644922210095848,False
UC3,45,all,all,"MAE, schedule projected at origin",h5,9.728328415389528,9.57877492904663,9.880042219161988,3174938.0,True,5572,186,clim,-0.1106012548441786,-0.17629821300506593,-0.04166681766510011,-0.3168272733688354,0.09055333137512207,2940126.0,0.9922004239956426,False
UC3,45,all,all,"MAE, schedule projected at origin",lvlh5_cbd,10.587643751293898,10.20003845691681,10.978747820854187,561223.0,True,903,186,clim,1.3407316874032063,0.9833531618118286,1.6861357927322387,0.5232791900634766,2.490099358558654,558098.0,0.18834059228452119,False
UC3,45,all,all,"MAE, schedule projected at origin",lvlh5_naive,10.02549295682716,9.871844673156739,10.189111018180848,3010051.0,True,5408,186,clim,0.3059009029274815,0.20665991306304932,0.40203745365142823,0.035512876510620114,0.592908525466919,2863019.0,0.9661792269132617,False
UC3,45,all,all,"MAE, schedule projected at origin",lvlh5_tft,10.537835478120753,10.274581050872802,10.820713210105895,1186276.0,True,2248,186,clim,0.6035262716272758,0.4367863416671753,0.7790417909622193,0.16480305194854736,1.0932013988494873,1114851.0,0.3762272892018798,False
UC3,45,all,all,"MAE, schedule projected at origin",oracle_level,6.312684617318941,6.22219340801239,6.4081866383552555,3162819.0,True,5531,186,clim,-3.4047271574539826,-3.5245267748832703,-3.2885385751724243,-4.074174058437348,-2.8391399025917052,2933405.0,0.9899322970345278,True
UC3,45,all,all,"MAE, schedule projected at origin",oracle_shape,8.5632403664964,8.402354836463928,8.730105543136597,3006132.0,True,5124,186,clim,-1.1696402377211115,-1.3068084955215453,-1.0385964632034301,-1.726602017879486,-0.5283962965011597,2856084.0,0.9638388816558103,True
UC3,45,all,all,"MAE, schedule projected at origin",prod_served,11.474063918933204,11.189001989364623,11.767931485176087,1220327.0,True,2160,186,clim,1.7294738414015676,1.5230226993560791,1.9616952657699585,1.1748422384262085,2.30870201587677,1191979.0,0.4022555731264245,False
UC3,45,all,all,"MAE, schedule projected at origin",prod_served_lin,11.444157180821206,11.158287644386292,11.73484480381012,1220327.0,True,2160,186,clim,1.699697729574094,1.4935803651809691,1.9301977634429932,1.1425715923309325,2.2785117626190186,1191979.0,0.4022555731264245,False
UC3,45,all,all,"MAE, schedule projected at origin",wt_med,9.796475505396982,9.645235276222229,9.948388814926147,3152225.0,True,5570,186,clim,-0.05255577836965308,-0.11751773357391357,0.012976074218749988,-0.25576632022857665,0.14164443016052242,2935681.0,0.9907003757376222,False
UC3,60,all,all,"MAE, schedule projected at origin",clim,9.590071187901557,9.439049696922302,9.744657397270203,3141826.0,True,5495,171,clim,,,,,,,,
UC3,60,all,all,"MAE, schedule projected at origin",driver_level,9.98961362779958,9.82656180858612,10.168132638931274,3149567.0,True,5357,171,clim,0.3001217787632413,0.18160691261291503,0.4164623498916626,-0.14680306911468505,0.7313690185546875,3019833.0,0.9611713061130692,False
UC3,60,all,all,"MAE, schedule projected at origin",driver_level_x_h5,9.98961362779958,9.82656180858612,10.168132638931274,3149567.0,True,5357,171,clim,0.3001217787632413,0.18160691261291503,0.4164623498916626,-0.14680213928222655,0.7313690185546875,3019833.0,0.9611713061130692,False
UC3,60,all,all,"MAE, schedule projected at origin",h5,9.674253372947963,9.521923661231995,9.831267189979553,3348258.0,True,5869,171,clim,-0.1293955072462385,-0.1937263250350952,-0.06697940826416017,-0.39069011211395266,0.13843889236450188,3116307.0,0.9918776533137099,False
UC3,60,all,all,"MAE, schedule projected at origin",lvlh5_naive,9.973540244814362,9.821127367019653,10.129506802558899,3162045.0,True,5645,171,clim,0.3173147092808737,0.22900168895721434,0.4112704753875732,0.010523247718811036,0.7015957832336425,3025937.0,0.9631141253525816,False
UC3,60,all,all,"MAE, schedule projected at origin",lvlh5_tft,10.980338093630666,5.155855202674866,13.866458106040955,5275.0,True,66,171,clim,2.3934312721061257,1.1405791521072388,3.1535340785980224,0.0006834268569946289,5.8587446212768555,5059.0,0.0016102101134817777,False
UC3,60,all,all,"MAE, schedule projected at origin",oracle_level,6.272536753599531,6.189020502567291,6.3604346990585325,3335935.0,True,5834,171,clim,-3.437290741570802,-3.5604703187942506,-3.3202357292175293,-4.162515580654144,-2.8576293230056766,3109297.0,0.9896464667362228,True
UC3,60,all,all,"MAE, schedule projected at origin",oracle_shape,8.573395824293035,8.413858532905579,8.742096900939941,3156343.0,True,5351,171,clim,-1.1116681563634518,-1.2369796514511109,-0.9846511125564575,-1.6835290908813476,-0.41077713966369633,3016696.0,0.9601728421624877,True
UC3,60,all,all,"MAE, schedule projected at origin",prod_served,10.076419634263715,4.648304176330567,12.691214513778684,5195.0,True,62,171,clim,1.4057182429758601,0.188318681716919,2.429734718799591,-0.27397263050079346,8.431675910949707,5054.0,0.0016086186822567513,False
UC3,60,all,all,"MAE, schedule projected at origin",prod_served_lin,10.087680461982675,4.648520743846893,12.705977702140807,5195.0,True,62,171,clim,1.4160565888405223,0.19008653163909917,2.4436423659324644,-0.24543380737304688,8.365683555603027,5054.0,0.0016086186822567513,False
UC3,60,all,all,"MAE, schedule projected at origin",wt_med,9.74654662685461,9.594363260269166,9.902547836303711,3324286.0,True,5864,171,clim,-0.06226078757647535,-0.12367341518402099,0.0009689807891845547,-0.30962247848510743,0.19985399246215818,3111774.0,0.990434861765101,False
UC3,90,all,all,"MAE, schedule projected at origin",clim,9.990941244277904,9.845326852798461,10.154181313514709,3100481.0,True,5786,141,clim,,,,,,,,
UC3,90,all,all,"MAE, schedule projected at origin",driver_level,10.726624060099688,10.562184453010559,10.905454802513123,3185436.0,True,5673,141,clim,0.6644187589133868,0.5474126815795899,0.7934144973754883,0.07983777523040772,1.1950872659683227,2955920.0,0.9533746538037162,False
UC3,90,all,all,"MAE, schedule projected at origin",driver_level_x_h5,10.726624060099688,10.562184453010559,10.905454802513123,3185436.0,True,5673,141,clim,0.6644187589133868,0.5474126815795899,0.7934144973754883,0.07983684539794922,1.1950854063034058,2955920.0,0.9533746538037162,False
UC3,90,all,all,"MAE, schedule projected at origin",h5,10.010654646298594,9.86024260520935,10.174658179283142,3446636.0,True,6321,141,clim,-0.23945608891814274,-0.29916245937347413,-0.17876555919647216,-0.5845653533935546,0.09142472743988037,3074873.0,0.9917406363722274,False
UC3,90,all,all,"MAE, schedule projected at origin",lvlh5_naive,10.482164137993855,10.328210926055908,10.641420841217041,3200453.0,True,6075,141,clim,0.42493157686458893,0.3292454719543457,0.5220728874206543,-0.018404674530029294,0.8870868444442748,2961723.0,0.9552462988807221,False
UC3,90,all,all,"MAE, schedule projected at origin",oracle_level,6.417965670506497,6.33927698135376,6.502116131782532,3431509.0,True,6305,141,clim,-3.71956175710869,-3.841879940032959,-3.605387830734253,-4.428460359573364,-3.09067839384079,3066218.0,0.9889491340214631,True
UC3,90,all,all,"MAE, schedule projected at origin",oracle_shape,9.037507630119103,8.873615646362305,9.209646463394165,3192175.0,True,5672,141,clim,-1.040820740800843,-1.1695419788360595,-0.9123340606689454,-1.6174076080322266,-0.35105600357055666,2950459.0,0.9516133141922173,True
UC3,90,all,all,"MAE, schedule projected at origin",wt_med,10.10279470530494,9.952542781829834,10.268528318405151,3416854.0,True,6310,141,clim,-0.15821704224774358,-0.2155052900314331,-0.097733473777771,-0.4958221912384033,0.16085059642791746,3070886.0,0.9904547068664508,False
D5,0,all,all,"first-hour MAE, schedule projected at origin",clim,4.827831164091959,4.673752403259277,4.989866483211517,123315.0,True,2513,231,wt_med,0.2973487003592501,0.24379415512084962,0.34866636991500854,0.2041991651058197,0.4255355834960937,123034.0,0.9386749267578125,False
D5,0,all,all,"first-hour MAE, schedule projected at origin",driver_level,4.4951014120926995,4.356166088581086,4.649741590023041,126855.0,True,2594,231,wt_med,-0.03708108385384712,-0.05866292715072632,-0.016079604625701915,-0.10372649431228638,6.826519966125394e-05,126455.0,0.9647750854492188,False
D5,0,all,all,"first-hour MAE, schedule projected at origin",h5,4.48710479216751,4.35028623342514,4.635435771942139,131861.0,True,2691,231,wt_med,-0.01517343521118164,-0.030734932422637938,-0.0012435793876647949,-0.03675689697265625,0.0011231064796447736,131072.0,1.0,False
D5,0,all,all,"first-hour MAE, schedule projected at origin",lvlh5_cbd,4.134670330350834,3.9666319489479065,4.329240393638611,61310.0,True,1196,231,wt_med,0.005468671848276152,-0.017015159130096436,0.025749254226684566,-0.018576550483703613,0.03355336189270019,61029.0,0.46561431884765625,False
D5,0,all,all,"first-hour MAE, schedule projected at origin",lvlh5_naive,4.478965143920551,4.343756008148193,4.626678133010865,131693.0,True,2687,231,wt_med,-0.014329773885115138,-0.03325985670089722,0.0031361937522888113,-0.03914397954940796,0.0044862091541290235,130906.0,0.9987335205078125,False
D5,0,all,all,"first-hour MAE, schedule projected at origin",lvlh5_tft,4.15547246265583,4.00592360496521,4.319247663021088,79925.0,True,1621,231,wt_med,-0.015003360298209145,-0.03926903009414673,0.006599128246307369,-0.08137519359588623,0.026480543613433837,79535.0,0.6068038940429688,False
D5,0,all,all,"first-hour MAE, schedule projected at origin",oracle_level,4.430997957789137,4.2962961435318,4.581450390815735,131226.0,True,2684,231,wt_med,-0.06816173171488416,-0.09704927206039428,-0.04244960546493531,-0.18178064823150633,-0.006466960906982422,130497.0,0.9956130981445312,True
D5,0,all,all,"first-hour MAE, schedule projected at origin",oracle_shape,4.286900645677013,4.1196530103683475,4.4523521900177006,126806.0,True,2592,231,wt_med,-0.24961156572651966,-0.3980499625205994,-0.10942765474319473,-0.6056812524795532,0.23608835935592615,126043.0,0.9616317749023438,False
D5,0,all,all,"first-hour MAE, schedule projected at origin",snaive7,5.4593362742765095,5.283618831634522,5.638802886009216,109262.0,True,2533,231,wt_med,0.8429151802499932,0.7255786538124085,0.9641920804977417,0.4651288151741028,1.243867003917694,109043.0,0.8319320678710938,False
D5,0,all,all,"first-hour MAE, schedule projected at origin",wt_med,4.504291534423828,4.367538750171661,4.652517867088318,131072.0,True,2684,231,wt_med,,,,,,,,
D5,1,all,all,"first-hour MAE, schedule projected at origin",clim,4.8408313449317,4.686338424682617,4.998876202106476,129501.0,True,2618,230,wt_med,0.27237711073776083,0.2174137592315674,0.3205519080162048,0.1828855037689209,0.40219340324401853,129161.0,0.9382268550466712,False
D5,1,all,all,"first-hour MAE, schedule projected at origin",driver_level,4.53161098637172,4.387408876419068,4.680721259117126,133747.0,True,2720,230,wt_med,-0.045169103885377204,-0.06640083789825439,-0.02389301061630249,-0.1241637110710144,-0.0038166046142578125,133297.0,0.9682708023099553,True
D5,1,all,all,"first-hour MAE, schedule projected at origin",driver_level_x_h5,4.53161098637172,4.387408876419068,4.680721259117126,133747.0,True,2720,230,wt_med,-0.045169103885377204,-0.06640083789825439,-0.02389301061630249,-0.1241637110710144,-0.0038166046142578125,133297.0,0.9682708023099553,True
D5,1,all,all,"first-hour MAE, schedule projected at origin",h5,4.537734324790769,4.396956872940064,4.684526550769806,138483.0,True,2818,230,wt_med,-0.01695737841862499,-0.03292160034179688,-0.0025280833244323746,-0.04146279096603393,-0.0020711302757263194,137665.0,1.0,True
D5,1,all,all,"first-hour MAE, schedule projected at origin",lvlh5_cbd,4.187744467704991,4.016822993755341,4.379069972038269,65932.0,True,1272,230,wt_med,-0.01277327941797246,-0.05389120578765869,0.0210573136806488,-0.07654863595962524,0.02139768600463867,65638.0,0.47679511858497076,False
D5,1,all,all,"first-hour MAE, schedule projected at origin",lvlh5_naive,4.527608956042138,4.386192059516906,4.677005267143249,138225.0,True,2813,230,wt_med,-0.021173884402336363,-0.040670037269592285,-0.0026895046234130943,-0.05262900590896606,-0.00030670166015625035,137411.0,0.9981549413431156,True
D5,1,all,all,"first-hour MAE, schedule projected at origin",lvlh5_tft,4.217442446543725,4.061443829536438,4.392403912544251,84475.0,True,1701,230,wt_med,-0.01181204990963547,-0.03603919744491577,0.013255095481872557,-0.07611414194107055,0.030496299266815186,84055.0,0.6105763992300149,False
D5,1,all,all,"first-hour MAE, schedule projected at origin",oracle_level,4.471653450371315,4.337488579750061,4.617019188404083,137840.0,True,2810,230,wt_med,-0.0796781630538046,-0.11479519605636597,-0.04883637428283692,-0.2093658685684204,-0.011794555187225348,137079.0,0.9957432898703374,True
D5,1,all,all,"first-hour MAE, schedule projected at origin",oracle_shape,4.30010615981225,4.137465405464172,4.47061048746109,133717.0,True,2717,230,wt_med,-0.2827259647243512,-0.4350202322006226,-0.13884006738662721,-0.634224784374237,0.20518362522125225,132859.0,0.9650891657283986,False
D5,1,all,all,"first-hour MAE, schedule projected at origin",snaive7,5.441122874002082,5.2702819347381595,5.618670928478241,115240.0,True,2651,230,wt_med,0.7744935150792891,0.6573863625526428,0.8956382155418396,0.36727280616760255,1.2066442370414734,114959.0,0.835063378491265,False
D5,1,all,all,"first-hour MAE, schedule projected at origin",wt_med,4.555228271528711,4.412919378280639,4.706730914115906,137665.0,True,2808,230,wt_med,,,,,,,,
D5,2,all,all,"first-hour MAE, schedule projected at origin",clim,4.858772674111955,4.706447196006775,5.0175667881965635,130821.0,True,2659,229,wt_med,0.2519867575044641,0.2011479616165161,0.3013080835342407,0.1587437629699707,0.37699477672576903,130489.0,0.9368152774786417,False
D5,2,all,all,"first-hour MAE, schedule projected at origin",driver_level,4.571689761296965,4.427333807945251,4.723077273368835,135510.0,True,2771,229,wt_med,-0.04374462368391008,-0.06531230211257935,-0.023199236392974856,-0.11884340047836303,-0.0034229278564453128,135006.0,0.9692440232608227,True
D5,2,all,all,"first-hour MAE, schedule projected at origin",driver_level_x_h5,4.571689761296966,4.427333807945251,4.723077273368835,135510.0,True,2771,229,wt_med,-0.04374462368390919,-0.06531230211257935,-0.023199236392974856,-0.11884340047836303,-0.0034229278564453128,135006.0,0.9692440232608227,True
D5,2,all,all,"first-hour MAE, schedule projected at origin",h5,4.587232710906964,4.442428719997406,4.740122973918915,140204.0,True,2873,229,wt_med,-0.015318759422787487,-0.031146299839019776,-0.0008256316184997578,-0.0358115553855896,-0.001791262626647954,139290.0,1.0,True
D5,2,all,all,"first-hour MAE, schedule projected at origin",lvlh5_cbd,4.21683659267615,4.04983948469162,4.4062118291854855,66191.0,True,1286,229,wt_med,-0.01063853955409133,-0.050522458553314206,0.02509869337081908,-0.07157731056213379,0.020216441154479976,65875.0,0.4729341661282217,False
D5,2,all,all,"first-hour MAE, schedule projected at origin",lvlh5_naive,4.574428332716051,4.432699644565583,4.722855973243713,139935.0,True,2867,229,wt_med,-0.01970257597164249,-0.03966810703277588,-0.0011858701705932647,-0.049990177154541016,0.0015653252601623533,139031.0,0.9981405700337426,False
D5,2,all,all,"first-hour MAE, schedule projected at origin",lvlh5_tft,4.274734359426429,4.110197424888611,4.45504240989685,85677.0,True,1740,229,wt_med,-0.002796261590332527,-0.031337571144104,0.02648823261260986,-0.06275893449783325,0.04253352880477905,85219.0,0.6118098930289324,False
D5,2,all,all,"first-hour MAE, schedule projected at origin",oracle_level,4.514477221589258,4.381364476680756,4.660548794269562,139565.0,True,2865,229,wt_med,-0.08448386630426974,-0.11922940015792846,-0.05356137752532959,-0.2171228528022766,-0.016021776199340827,138711.0,0.995843204824467,True
D5,2,all,all,"first-hour MAE, schedule projected at origin",oracle_shape,4.324272997536323,4.155892074108124,4.487680351734161,135520.0,True,2769,229,wt_med,-0.2994779638304417,-0.4469625473022461,-0.15617638826370242,-0.6511421442031861,0.20622429847717283,134565.0,0.9660779668317898,False
D5,2,all,all,"first-hour MAE, schedule projected at origin",snaive7,5.458560458020501,5.289893519878388,5.640662050247192,116676.0,True,2696,229,wt_med,0.7537385908520555,0.6369448900222778,0.8717112064361572,0.34497772455215453,1.1734267830848693,116354.0,0.8353363486251705,False
D5,2,all,all,"first-hour MAE, schedule projected at origin",wt_med,4.603507071577285,4.456420767307281,4.755642557144165,139290.0,True,2863,229,wt_med,,,,,,,,
D5,3,all,all,"first-hour MAE, schedule projected at origin",clim,4.891363171258575,4.73986040353775,5.06321622133255,131935.0,True,2696,228,wt_med,0.25235388438419104,0.19982603788375855,0.30295848846435547,0.14590989351272582,0.3886775970458984,131591.0,0.9371376889002835,False
D5,3,all,all,"first-hour MAE, schedule projected at origin",driver_level,4.605628418947712,4.463861262798309,4.764713168144226,136932.0,True,2817,228,wt_med,-0.04879345072211816,-0.07128989696502686,-0.028574001789093056,-0.13234119415283202,-0.0037131667137146034,136411.0,0.9714637724508254,True
D5,3,all,all,"first-hour MAE, schedule projected at origin",driver_level_x_h5,4.605628418947712,4.463861262798309,4.764713168144226,136932.0,True,2817,228,wt_med,-0.04879345072211816,-0.07128989696502686,-0.028574001789093056,-0.13234119415283202,-0.0037131667137146034,136411.0,0.9714637724508254,True
D5,3,all,all,"first-hour MAE, schedule projected at origin",h5,4.623910886360742,4.480147612094879,4.778311371803284,141342.0,True,2912,228,wt_med,-0.020152775997379635,-0.03656032085418701,-0.004538023471832279,-0.04768259525299072,-0.0016509890556335495,140418.0,1.0,True
D5,3,all,all,"first-hour MAE, schedule projected at origin",lvlh5_cbd,4.253877432101965,4.080769550800324,4.452331614494324,66623.0,True,1298,228,wt_med,-0.010117867665328184,-0.054332435131073,0.026269447803497305,-0.07354589700698852,0.02202993035316467,66303.0,0.4721830534546853,False
D5,3,all,all,"first-hour MAE, schedule projected at origin",lvlh5_naive,4.6096160323138005,4.474086797237396,4.760933911800384,141081.0,True,2906,228,wt_med,-0.02583771946086255,-0.04532498121261597,-0.007213497161865235,-0.06574701070785523,-0.000283300876617432,140167.0,0.9982124798814966,True
D5,3,all,all,"first-hour MAE, schedule projected at origin",lvlh5_tft,4.312606878027711,4.146463537216187,4.4860877871513365,86569.0,True,1769,228,wt_med,-0.004939541829389604,-0.030196642875671385,0.018902242183685296,-0.06356070041656493,0.0320975661277771,86094.0,0.6131265222407384,False
D5,3,all,all,"first-hour MAE, schedule projected at origin",oracle_level,4.548879160713033,4.414930939674377,4.70004152059555,140718.0,True,2905,228,wt_med,-0.09235518075727,-0.12737650871276857,-0.06194194555282593,-0.23173009157180785,-0.02033847570419313,139844.0,0.9959122049879645,True
D5,3,all,all,"first-hour MAE, schedule projected at origin",oracle_shape,4.345656259109042,4.184638941287995,4.508226048946381,136977.0,True,2817,228,wt_med,-0.3182217366306208,-0.4667725682258606,-0.17314912080764772,-0.6774795174598693,0.18099479079246514,135966.0,0.9682946630773832,False
D5,3,all,all,"first-hour MAE, schedule projected at origin",prod_served,5.688956316301478,5.519463241100311,5.871459174156189,86348.0,True,1747,228,wt_med,1.3764700392010454,1.241560411453247,1.5138791799545288,0.8302518010139466,1.9528820514678955,85712.0,0.6104060732954465,False
D5,3,all,all,"first-hour MAE, schedule projected at origin",prod_served_lin,5.937507238152592,5.768462181091309,6.116468751430512,86348.0,True,1747,228,wt_med,1.6268798417957813,1.4876140356063843,1.7747096061706542,1.0137066960334777,2.208325982093811,85712.0,0.6104060732954465,False
D5,3,all,all,"first-hour MAE, schedule projected at origin",snaive7,5.468970141399739,5.304997611045837,5.652978897094727,117822.0,True,2736,228,wt_med,0.726809126511152,0.6099995017051697,0.850421142578125,0.3348499178886414,1.1275045990943908,117460.0,0.8365024427067755,False
D5,3,all,all,"first-hour MAE, schedule projected at origin",wt_med,4.644774886410574,4.504273355007172,4.80225590467453,140418.0,True,2902,228,wt_med,,,,,,,,
D5,4,all,all,"first-hour MAE, schedule projected at origin",clim,4.910550510569351,4.7622438192367555,5.060691475868225,132695.0,True,2732,227,wt_med,0.2470682020824828,0.19010119438171386,0.303565514087677,0.1303570091724396,0.3987295508384704,132342.0,0.9359273560487121,False
D5,4,all,all,"first-hour MAE, schedule projected at origin",driver_level,4.645516877685643,4.4987047672271725,4.8020142078399655,138171.0,True,2869,227,wt_med,-0.06212441168094518,-0.08850858211517335,-0.037811017036437994,-0.16342583894729615,-0.010941708087921144,137606.0,0.9731545522694163,True
D5,4,all,all,"first-hour MAE, schedule projected at origin",driver_level_x_h5,4.645516877685644,4.4987047672271725,4.8020142078399655,138171.0,True,2869,227,wt_med,-0.06212441168094518,-0.08850858211517335,-0.037811017036437994,-0.16342583894729615,-0.010941708087921144,137606.0,0.9731545522694163,True
D5,4,all,all,"first-hour MAE, schedule projected at origin",h5,4.672045082657977,4.525342392921448,4.8292283654212955,142394.0,True,2963,227,wt_med,-0.02517512128541366,-0.04171515703201294,-0.010401713848114018,-0.058138692378997804,-0.004716014862060547,141402.0,1.0,True
D5,4,all,all,"first-hour MAE, schedule projected at origin",lvlh5_cbd,4.314793576240489,4.1393602132797245,4.505268120765686,67042.0,True,1316,227,wt_med,-0.021173108934682716,-0.06853001117706299,0.019168698787689193,-0.10345844030380248,0.017991197109222392,66693.0,0.4716552806890992,False
D5,4,all,all,"first-hour MAE, schedule projected at origin",lvlh5_naive,4.65115871753926,4.510162973403931,4.806268656253815,142209.0,True,2958,227,wt_med,-0.035427714770890795,-0.05709906816482544,-0.01429281234741211,-0.08697584867477416,-0.005373764038085941,141221.0,0.9987199615281255,True
D5,4,all,all,"first-hour MAE, schedule projected at origin",lvlh5_tft,4.380004666865636,4.21459276676178,4.560166239738464,87320.0,True,1800,227,wt_med,-0.009006929369462569,-0.03935476541519165,0.022741091251373288,-0.07240362763404845,0.03186621665954588,86816.0,0.613965856211369,False
D5,4,all,all,"first-hour MAE, schedule projected at origin",oracle_level,4.585896641158974,4.449075675010681,4.7334699630737305,141766.0,True,2956,227,wt_med,-0.1083868996202666,-0.14922133684158326,-0.0743419885635376,-0.2676877021789551,-0.02695859670639038,140823.0,0.9959052912971528,True
D5,4,all,all,"first-hour MAE, schedule projected at origin",oracle_shape,4.382595435924009,4.223837995529175,4.542916011810303,138250.0,True,2870,227,wt_med,-0.33637684065663986,-0.48257768154144287,-0.18916680812835698,-0.7161844491958618,0.1403148770332336,137158.0,0.9699862802506329,False
D5,4,all,all,"first-hour MAE, schedule projected at origin",prod_served,5.730029798543438,5.5601459503173825,5.911382210254669,86917.0,True,1770,227,wt_med,1.3528327478871764,1.2041648387908936,1.4872304320335388,0.8013613104820252,1.8940851807594299,86259.0,0.6100267322951585,False
D5,4,all,all,"first-hour MAE, schedule projected at origin",prod_served_lin,5.965205310813765,5.802763962745667,6.14739580154419,86917.0,True,1770,227,wt_med,1.5896935392248919,1.4325876116752625,1.735796570777893,0.9675456166267395,2.1370457172393795,86259.0,0.6100267322951585,False
D5,4,all,all,"first-hour MAE, schedule projected at origin",snaive7,5.452382554286579,5.285376739501953,5.629347634315491,118906.0,True,2785,227,wt_med,0.6528410098740611,0.5326216697692872,0.7759295225143432,0.2534277319908142,1.0205155849456786,118391.0,0.8372653852137877,False
D5,4,all,all,"first-hour MAE, schedule projected at origin",wt_med,4.696252528252783,4.551458716392517,4.853742706775665,141402.0,True,2953,227,wt_med,,,,,,,,
D5,5,all,all,"first-hour MAE, schedule projected at origin",clim,4.984598642467168,4.830545032024384,5.134050166606903,135540.0,True,2801,226,wt_med,0.2121112336187183,0.15292354822158813,0.2700077295303345,0.06868624687194824,0.3739500045776367,135139.0,0.9373911837131065,False
D5,5,all,all,"first-hour MAE, schedule projected at origin",driver_level,4.743332694113137,4.6001148343086244,4.89916318655014,141278.0,True,2950,226,wt_med,-0.07208546189071274,-0.10108861923217774,-0.04628369808197022,-0.1860546588897705,-0.013493835926055915,140646.0,0.9755904692539799,True
D5,5,all,all,"first-hour MAE, schedule projected at origin",driver_level_x_h5,4.743332694113137,4.6001148343086244,4.89916318655014,141278.0,True,2950,226,wt_med,-0.07208546189071274,-0.10108861923217774,-0.04628369808197022,-0.18605419397354125,-0.013493835926055915,140646.0,0.9755904692539799,True
D5,5,all,all,"first-hour MAE, schedule projected at origin",h5,4.772423877708445,4.629873216152191,4.926265811920166,145194.0,True,3038,226,wt_med,-0.034623088128186374,-0.05103154182434082,-0.019406175613403322,-0.08285577297210693,-0.00749812126159668,144165.0,1.0,True
D5,5,all,all,"first-hour MAE, schedule projected at origin",lvlh5_cbd,4.436028860901898,4.242688930034637,4.6521201729774475,67821.0,True,1347,226,wt_med,-0.03263203115507274,-0.09939045906066894,0.03182383775711058,-0.13769335746765135,0.015429180860519406,67454.0,0.46789442652516217,False
D5,5,all,all,"first-hour MAE, schedule projected at origin",lvlh5_naive,4.758241624165572,4.618352317810059,4.91157853603363,145013.0,True,3033,226,wt_med,-0.038749937589744654,-0.06277501583099365,-0.015071690082550052,-0.09344290494918824,-0.005934810638427737,143988.0,0.9987722401415046,True
D5,5,all,all,"first-hour MAE, schedule projected at origin",lvlh5_tft,4.458146717200998,4.288216185569763,4.6362218976020815,89183.0,True,1849,226,wt_med,-0.04269113782965839,-0.08214813470840454,-0.0027343392372131373,-0.14489779472351075,0.01976451873779295,88669.0,0.615052197135227,False
D5,5,all,all,"first-hour MAE, schedule projected at origin",oracle_level,4.687882747803351,4.5547873973846436,4.8377654433250425,144563.0,True,3029,226,wt_med,-0.11614390421677179,-0.1591213345527649,-0.07479159832000733,-0.2769665241241455,-0.03196330070495606,143581.0,0.9959490861166025,True
D5,5,all,all,"first-hour MAE, schedule projected at origin",oracle_shape,4.468970646523294,4.303888142108917,4.64021909236908,141402.0,True,2951,226,wt_med,-0.35670897545793867,-0.5023168802261353,-0.21048965454101562,-0.7402244329452514,0.10355294346809353,140192.0,0.9724412998994209,False
D5,5,all,all,"first-hour MAE, schedule projected at origin",prod_served,5.845572500168945,5.671958482265472,6.037757956981659,88786.0,True,1819,226,wt_med,1.3655428798456208,1.2205962419509888,1.5102006316184997,0.8590346574783325,1.8982334494590758,88095.0,0.6110706482155863,False
D5,5,all,all,"first-hour MAE, schedule projected at origin",prod_served_lin,6.061789020791566,5.889549684524536,6.248891162872314,88786.0,True,1819,226,wt_med,1.5832070492082408,1.4293943047523499,1.7339825630187988,1.017366623878479,2.120681697130203,88095.0,0.6110706482155863,False
D5,5,all,all,"first-hour MAE, schedule projected at origin",snaive7,5.491950998931185,5.327753782272339,5.6716080665588375,121630.0,True,2865,226,wt_med,0.5833284988521559,0.4622661232948303,0.7077059507369995,0.19120514392852786,0.9410662293434143,120661.0,0.8369645891860021,False
D5,5,all,all,"first-hour MAE, schedule projected at origin",wt_med,4.804650920819894,4.65613009929657,4.963970673084259,144165.0,True,3031,226,wt_med,,,,,,,,
D5,6,all,all,"first-hour MAE, schedule projected at origin",clim,5.0871048746598735,4.941184854507446,5.235976576805115,138184.0,True,2867,225,wt_med,0.1629383115704819,0.10468931198120117,0.22372517585754395,-0.021054613590240478,0.34043446779251096,137773.0,0.9381311325829537,False
D5,6,all,all,"first-hour MAE, schedule projected at origin",driver_level,4.888635583775403,4.739429044723511,5.0411574125289915,144304.0,True,3033,225,wt_med,-0.08604161765445983,-0.11616557836532593,-0.057479679584503174,-0.20937573909759521,-0.017773127555847174,143610.0,0.9778767389128348,True
D5,6,all,all,"first-hour MAE, schedule projected at origin",driver_level_x_h5,4.888635583775403,4.739429044723511,5.0411574125289915,144304.0,True,3033,225,wt_med,-0.08604161765445983,-0.11616557836532593,-0.057479679584503174,-0.20937573909759521,-0.017773127555847174,143610.0,0.9778767389128348,True
D5,6,all,all,"first-hour MAE, schedule projected at origin",h5,4.925422713477488,4.76728515625,5.082677567005158,147943.0,True,3114,225,wt_med,-0.045404946240952704,-0.06228373050689697,-0.030098199844360355,-0.1077535629272461,-0.011963558197021495,146859.0,1.0,True
D5,6,all,all,"first-hour MAE, schedule projected at origin",lvlh5_cbd,4.613500085328694,4.400199556350708,4.85161600112915,68477.0,True,1372,225,wt_med,-0.07313763902352566,-0.1631861925125122,0.011378753185272213,-0.2688864111900329,0.01897246837615966,68104.0,0.4637373262789478,False
D5,6,all,all,"first-hour MAE, schedule projected at origin",lvlh5_naive,4.917828770084258,4.764075195789337,5.075568449497223,147761.0,True,3109,225,wt_med,-0.04341245333328647,-0.07485374212265014,-0.011524999141693118,-0.10016543865203857,-0.007644104957580572,146682.0,0.9987947623230445,True
D5,6,all,all,"first-hour MAE, schedule projected at origin",lvlh5_tft,4.5879218071651175,4.409089577198029,4.775358331203461,90342.0,True,1889,225,wt_med,-0.07851538608409658,-0.1381195068359375,-0.025433611869812044,-0.2834876298904419,0.02836185693740843,89793.0,0.6114232018466692,False
D5,6,all,all,"first-hour MAE, schedule projected at origin",oracle_level,4.818461833850276,4.682145774364471,4.965730535984039,147312.0,True,3102,225,wt_med,-0.14843049197883218,-0.19849615097045897,-0.10074483156204224,-0.3414615750312805,-0.04008926153182983,146279.0,0.9960506336009369,True
D5,6,all,all,"first-hour MAE, schedule projected at origin",oracle_shape,4.550907191339479,4.382979249954223,4.719010829925537,144514.0,True,3033,225,wt_med,-0.43138366803953154,-0.5837891936302185,-0.2695905089378357,-0.8395575642585754,0.041494250297546276,143149.0,0.9747376735508209,False
D5,6,all,all,"first-hour MAE, schedule projected at origin",prod_served,5.931724943020735,5.748925685882568,6.130027937889099,89945.0,True,1859,225,wt_med,1.28397331688996,1.1391733050346375,1.433889591693878,0.806623125076294,1.789062714576721,89195.0,0.607351268904187,False
D5,6,all,all,"first-hour MAE, schedule projected at origin",prod_served_lin,6.118436266607371,5.939938616752625,6.30696120262146,89945.0,True,1859,225,wt_med,1.4720514042266943,1.3120946884155273,1.625322425365448,0.9131041646003724,2.0036643862724306,89195.0,0.607351268904187,False
D5,6,all,all,"first-hour MAE, schedule projected at origin",snaive7,5.538280660642345,5.3815496325492855,5.708313453197479,124606.0,True,2947,225,wt_med,0.46126800637336185,0.32931602001190186,0.5891131401062012,0.0075804710388183635,0.8291584730148311,123012.0,0.8376197577267992,False
D5,6,all,all,"first-hour MAE, schedule projected at origin",wt_med,4.967301969916723,4.80893098115921,5.12779334783554,146859.0,True,3105,225,wt_med,,,,,,,,
D5,7,all,all,"first-hour MAE, schedule projected at origin",clim,5.174548507834403,5.026266777515412,5.324969100952148,140534.0,True,2937,224,wt_med,0.10229122055674456,0.043526756763458255,0.16603214740753172,-0.10980105400085449,0.2950442314147949,140100.0,0.9409884072377523,False
D5,7,all,all,"first-hour MAE, schedule projected at origin",driver_level,5.019470207576774,4.865897965431214,5.173221564292907,143914.0,True,3043,224,wt_med,-0.07893682030250204,-0.10740785598754883,-0.05133724212646485,-0.178327739238739,-0.017067945003509524,143303.0,0.9625015112233521,True
D5,7,all,all,"first-hour MAE, schedule projected at origin",driver_level_x_h5,5.019470207576774,4.865897965431214,5.173221564292907,143914.0,True,3043,224,wt_med,-0.07893682030250204,-0.10740785598754883,-0.05133724212646485,-0.178327739238739,-0.017067945003509524,143303.0,0.9625015112233521,True
D5,7,all,all,"first-hour MAE, schedule projected at origin",h5,5.067972540251639,4.911445307731628,5.227925896644592,150056.0,True,3180,224,wt_med,-0.06046530567010944,-0.07856959104537964,-0.042780840396881105,-0.14447795152664183,-0.015532624721527102,148886.0,1.0,True
D5,7,all,all,"first-hour MAE, schedule projected at origin",lvlh5_cbd,4.786916560415005,4.563466465473175,5.018996095657348,69244.0,True,1398,224,wt_med,-0.099134299433846,-0.19441794157028197,-0.007987606525421149,-0.37029372453689574,0.026895964145660377,68850.0,0.46243434574103676,False
D5,7,all,all,"first-hour MAE, schedule projected at origin",lvlh5_naive,5.083447424944356,4.920297265052795,5.26308913230896,149634.0,True,3170,224,wt_med,-0.014564390013799944,-0.047827839851379395,0.024646806716918934,-0.06053867340087891,0.03824930191040038,148474.0,0.9972327821286084,False
D5,7,all,all,"first-hour MAE, schedule projected at origin",lvlh5_tft,4.740566243282134,4.547200810909271,4.927899563312531,91624.0,True,1936,224,wt_med,-0.11239043624901512,-0.17223551273345947,-0.05862919092178345,-0.37998626232147215,0.02215644121170043,91024.0,0.6113670862270462,False
D5,7,all,all,"first-hour MAE, schedule projected at origin",oracle_level,4.946326037409669,4.8071247100830075,5.100283622741699,149425.0,True,3168,224,wt_med,-0.1773712596698811,-0.2292598843574524,-0.12896143198013307,-0.4041056990623474,-0.047385668754577635,148307.0,0.9961111185739425,True
D5,7,all,all,"first-hour MAE, schedule projected at origin",oracle_shape,4.963421105432074,4.7788759708404545,5.1335899353027346,144018.0,True,3040,224,wt_med,-0.13885070710412784,-0.3007770895957947,0.016658926010131813,-0.5817498683929443,0.42516373395919776,142859.0,0.9595193638085515,False
D5,7,all,all,"first-hour MAE, schedule projected at origin",prod_served,6.221030489608554,6.026870691776276,6.416333496570587,91277.0,True,1907,224,wt_med,1.398092974407164,1.2523264050483705,1.5453485131263733,0.9056418418884278,1.8827036261558532,90455.0,0.607545370283304,False
D5,7,all,all,"first-hour MAE, schedule projected at origin",prod_served_lin,6.416938275797846,6.224214863777161,6.608122086524963,91277.0,True,1907,224,wt_med,1.5954908518047652,1.4386237502098083,1.752014148235321,1.0169469833374023,2.1397848486900326,90455.0,0.607545370283304,False
D5,7,all,all,"first-hour MAE, schedule projected at origin",wt_med,5.126378571524522,4.962824356555939,5.293909287452697,148886.0,True,3167,224,wt_med,,,,,,,,
D5,10,all,all,"first-hour MAE, schedule projected at origin",clim,5.390690334512705,5.246648752689362,5.5435256361961365,149232.0,True,3149,221,clim,,,,,,,,
D5,10,all,all,"first-hour MAE, schedule projected at origin",driver_level,5.291430788161012,5.135613715648651,5.451032710075379,153423.0,True,3284,221,clim,-0.1092203017033464,-0.17520815134048462,-0.042179989814758304,-0.3154038667678833,0.10704423189163205,147190.0,0.9863166076980808,False
D5,10,all,all,"first-hour MAE, schedule projected at origin",driver_level_x_h5,5.291430788161012,5.135613715648651,5.451032710075379,153423.0,True,3284,221,clim,-0.1092203017033464,-0.17520815134048462,-0.042179989814758304,-0.3154038667678833,0.10704423189163205,147190.0,0.9863166076980808,False
D5,10,all,all,"first-hour MAE, schedule projected at origin",h5,5.327907891837441,5.177670049667358,5.487210142612457,158835.0,True,3410,221,clim,-0.10594375541394463,-0.16842843294143678,-0.04903261661529543,-0.2887525200843811,0.08811581134796143,148921.0,0.9979159965691005,False
D5,10,all,all,"first-hour MAE, schedule projected at origin",lvlh5_cbd,5.227496771804216,4.978881907463074,5.501599085330963,72587.0,True,1489,221,clim,-0.1108946491065721,-0.242251455783844,0.006041586399078362,-0.4277292490005493,0.20110543966293332,71105.0,0.47647287445052,False
D5,10,all,all,"first-hour MAE, schedule projected at origin",lvlh5_naive,5.376386149173798,5.212127959728241,5.552284693717956,158435.0,True,3397,221,clim,-0.02895955404014572,-0.11368384361267089,0.05658963918685913,-0.2936194181442261,0.3015803575515747,148817.0,0.9972190951002466,False
D5,10,all,all,"first-hour MAE, schedule projected at origin",lvlh5_tft,5.128359330469557,4.914990544319153,5.349714124202729,95344.0,True,2045,221,clim,-0.1474494973506717,-0.24835399389266968,-0.04275184869766236,-0.3970119893550873,0.10638718605041503,92588.0,0.6204299345984775,False
D5,10,all,all,"first-hour MAE, schedule projected at origin",oracle_level,5.1881213787987335,5.045743536949158,5.339301967620849,158226.0,True,3397,221,clim,-0.2042643853048478,-0.2717313408851624,-0.13958989381790166,-0.39389389753341675,-0.00011200904846191671,148475.0,0.9949273614238233,True
D5,10,all,all,"first-hour MAE, schedule projected at origin",oracle_shape,5.126287729801221,4.942687547206878,5.297654640674591,153611.0,True,3285,221,clim,-0.3081212109517901,-0.47970038652420044,-0.13516746759414675,-0.8029420733451843,0.28065210580825806,146903.0,0.9843934276830707,False
D5,10,all,all,"first-hour MAE, schedule projected at origin",prod_served,6.640452266577165,6.432808291912079,6.862914419174194,95342.0,True,2020,221,clim,1.3709170652197225,1.2236696243286134,1.5313331842422484,0.8417516350746155,1.963049030303955,93254.0,0.6248927843894071,False
D5,10,all,all,"first-hour MAE, schedule projected at origin",prod_served_lin,6.781109060015523,6.581824219226837,6.9902188062667845,95342.0,True,2020,221,clim,1.5103762305102197,1.3535032272338867,1.6721705317497253,0.9857328653335571,1.9869922518730163,93254.0,0.6248927843894071,False
D5,10,all,all,"first-hour MAE, schedule projected at origin",wt_med,5.398060286006259,5.243220615386963,5.562623608112335,157549.0,True,3395,221,clim,-0.03314668297896706,-0.10047328472137451,0.026560640335083003,-0.25633087158203127,0.23403682708740223,148763.0,0.9968572424144956,False
D5,14,all,all,"first-hour MAE, schedule projected at origin",clim,5.5835730413535,5.431994235515594,5.737350749969482,161655.0,True,3411,217,clim,,,,,,,,
D5,14,all,all,"first-hour MAE, schedule projected at origin",driver_level,5.558537866550855,5.400115513801575,5.717077910900116,164401.0,True,3524,217,clim,-0.027277951521282873,-0.09607338905334473,0.03678870201110837,-0.2483477234840393,0.19282580614089964,158597.0,0.9810831709504809,False
D5,14,all,all,"first-hour MAE, schedule projected at origin",driver_level_x_h5,5.558537866550855,5.400115513801575,5.717077910900116,164401.0,True,3524,217,clim,-0.027277951521282873,-0.09607338905334473,0.03678870201110837,-0.2483477234840393,0.19282580614089964,158597.0,0.9810831709504809,False
D5,14,all,all,"first-hour MAE, schedule projected at origin",h5,5.590540756206551,5.4314886927604675,5.742817091941833,170747.0,True,3672,217,clim,-0.02393094555340447,-0.08633576631546021,0.034532415866851796,-0.21711320877075196,0.16890270709991453,161112.0,0.9966409947109586,False
D5,14,all,all,"first-hour MAE, schedule projected at origin",lvlh5_cbd,5.6479630208679135,5.390851843357086,5.916510653495789,76519.0,True,1592,217,clim,0.012524138324622847,-0.10705012083053589,0.1283498406410217,-0.3437537670135498,0.3593588590621948,74838.0,0.46294887259905354,False
D5,14,all,all,"first-hour MAE, schedule projected at origin",lvlh5_naive,5.652205717336619,5.478645098209381,5.822215247154236,170311.0,True,3658,217,clim,0.07086867334368918,-0.012236750125885008,0.1575027346611023,-0.20449191331863403,0.4079597115516662,160999.0,0.9959419751940862,False
D5,14,all,all,"first-hour MAE, schedule projected at origin",lvlh5_tft,5.546703581869425,5.3143747568130495,5.777927780151367,100476.0,True,2190,217,clim,0.03103182846503305,-0.0743222951889038,0.14265770912170408,-0.28478691577911375,0.37656556367874133,97553.0,0.6034641675172435,False
D5,14,all,all,"first-hour MAE, schedule projected at origin",oracle_level,5.459491390119468,5.3150594472885135,5.60794106721878,170127.0,True,3658,217,clim,-0.11818317103695986,-0.1839057445526123,-0.05181267261505128,-0.3084826946258545,0.08214540481567383,160655.0,0.9938139865763509,False
D5,14,all,all,"first-hour MAE, schedule projected at origin",oracle_shape,5.475280208224714,5.313409912586212,5.648059475421905,164660.0,True,3529,217,clim,-0.14464073191043525,-0.31285557746887205,0.02327858209609983,-0.6425739884376526,0.44357714653015134,158332.0,0.9794438773932139,False
D5,14,all,all,"first-hour MAE, schedule projected at origin",prod_served,6.948903808448696,6.710865926742554,7.191887009143829,100986.0,True,2175,217,clim,1.44479149764725,1.2866702318191527,1.6200404405593871,0.963012158870697,1.9977587461471558,98608.0,0.6099904116791933,False
D5,14,all,all,"first-hour MAE, schedule projected at origin",prod_served_lin,7.067847275860021,6.847962856292725,7.298411512374878,100986.0,True,2175,217,clim,1.5637346868408244,1.3966379165649414,1.7347476720809936,1.0807747483253478,2.0616213083267207,98608.0,0.6099904116791933,False
D5,14,all,all,"first-hour MAE, schedule projected at origin",wt_med,5.6556017332373045,5.49693773984909,5.818075966835022,169394.0,True,3659,217,clim,0.040472447794021704,-0.0235842227935791,0.10639742612838743,-0.18977000713348388,0.29762103557586667,160949.0,0.9956326745229037,False
D5,21,all,all,"first-hour MAE, schedule projected at origin",clim,5.742595001992639,5.59239342212677,5.8978530168533325,170628.0,True,3683,210,clim,,,,,,,,
D5,21,all,all,"first-hour MAE, schedule projected at origin",driver_level,5.754796436666332,5.593127906322479,5.918647193908692,174284.0,True,3796,210,clim,0.007304865711216024,-0.05817890167236328,0.0752899169921875,-0.2101991891860962,0.2196273922920227,167291.0,0.9804428347047378,False
D5,21,all,all,"first-hour MAE, schedule projected at origin",driver_level_x_h5,5.754796436666332,5.593127906322479,5.918647193908692,174284.0,True,3796,210,clim,0.007304865711216024,-0.05817890167236328,0.0752899169921875,-0.2101991891860962,0.2196273922920227,167291.0,0.9804428347047378,False
D5,21,all,all,"first-hour MAE, schedule projected at origin",h5,5.751890451938975,5.590743660926819,5.910150730609894,180843.0,True,3950,210,clim,-0.0011927046294717414,-0.060504448413848874,0.06193712949752807,-0.20376871824264525,0.19086585044860838,170149.0,0.9971927233513843,False
D5,21,all,all,"first-hour MAE, schedule projected at origin",lvlh5_cbd,5.951678113127449,5.694244754314423,6.223030817508698,76295.0,True,1644,210,clim,0.0840829940187815,-0.04292323589324951,0.20840855836868283,-0.29760777950286865,0.4513200163841247,74456.0,0.4363644888295004,False
D5,21,all,all,"first-hour MAE, schedule projected at origin",lvlh5_naive,5.831368473404297,5.653822910785675,6.000597548484802,180435.0,True,3937,210,clim,0.10401783189426883,0.02913362979888916,0.1882107138633728,-0.17340034246444702,0.4330116391181945,170008.0,0.9963663642544014,False
D5,21,all,all,"first-hour MAE, schedule projected at origin",lvlh5_tft,5.800579486408848,5.578159892559052,6.029996800422668,104071.0,True,2339,210,clim,0.13767634604476253,0.02599838972091675,0.2501230955123901,-0.23726468086242675,0.541382312774658,100553.0,0.5893112502051246,False
D5,21,all,all,"first-hour MAE, schedule projected at origin",oracle_level,5.627842572342571,5.4745978832244875,5.7798662185668945,180201.0,True,3933,210,clim,-0.09352681270577357,-0.1586881160736084,-0.02318884134292603,-0.2987788558006287,0.10265052318572995,169681.0,0.9944499144337389,False
D5,21,all,all,"first-hour MAE, schedule projected at origin",oracle_shape,5.778715415084923,5.6077381610870365,5.956731128692627,174677.0,True,3801,210,clim,-0.030548090071872203,-0.18840638399124146,0.1385028004646301,-0.5646555185317993,0.6241509079933166,167030.0,0.9789131912698971,False
D5,21,all,all,"first-hour MAE, schedule projected at origin",prod_served,7.4428587869720335,7.219893264770508,7.678157985210419,104268.0,True,2325,210,clim,1.7505427381633734,1.5855222582817077,1.9318357110023499,1.3114767909049987,2.336377501487732,101338.0,0.5939119019152777,False
D5,21,all,all,"first-hour MAE, schedule projected at origin",prod_served_lin,7.602238941957264,7.39743320941925,7.831409609317779,104268.0,True,2325,210,clim,1.910645562375417,1.742940354347229,2.0978545188903808,1.4923021793365479,2.4310821056365968,101338.0,0.5939119019152777,False
D5,21,all,all,"first-hour MAE, schedule projected at origin",wt_med,5.814257985710222,5.649381923675537,5.976826906204224,179289.0,True,3931,210,clim,0.0642104396024692,0.0007501125335693364,0.12810688018798827,-0.17203956842422485,0.3194592595100402,169949.0,0.996020582788288,False
D5,30,all,all,"first-hour MAE, schedule projected at origin",clim,5.661058639351401,5.518868684768677,5.807524073123932,192908.0,True,4155,201,clim,,,,,,,,
D5,30,all,all,"first-hour MAE, schedule projected at origin",driver_level,5.76766172551556,5.620237243175507,5.924327695369721,198210.0,True,4302,201,clim,0.0657960741052177,0.002564740180969239,0.1259220838546753,-0.1504444360733032,0.2771345496177673,188256.0,0.975884877765567,False
D5,30,all,all,"first-hour MAE, schedule projected at origin",driver_level_x_h5,5.76766172551556,5.620237243175507,5.924327695369721,198210.0,True,4302,201,clim,0.0657960741052177,0.002564740180969239,0.1259220838546753,-0.1504444360733032,0.2771345496177673,188256.0,0.975884877765567,False
D5,30,all,all,"first-hour MAE, schedule projected at origin",h5,5.761404258626049,5.608948469161987,5.9212370872497555,205888.0,True,4507,201,clim,0.06222211205276995,0.006976115703582765,0.11816694736480711,-0.14441109895706175,0.2583582520484924,191624.0,0.9933439774400232,False
D5,30,all,all,"first-hour MAE, schedule projected at origin",lvlh5_cbd,5.993871381736933,5.753463447093964,6.254464507102966,81893.0,True,1849,201,clim,0.08756635280297509,-0.022229838371276855,0.1906144380569458,-0.22437046766281127,0.4063414096832275,79610.0,0.4126837663549464,False
D5,30,all,all,"first-hour MAE, schedule projected at origin",lvlh5_naive,5.8475938619687,5.687059283256531,6.0150498151779175,205345.0,True,4480,201,clim,0.17426983151681785,0.10196554660797119,0.24157198667526245,-0.08784408569335937,0.49096505641937255,191409.0,0.9922294565285006,False
D5,30,all,all,"first-hour MAE, schedule projected at origin",lvlh5_tft,6.168796434474521,5.914146375656128,6.4538716793060305,93661.0,True,2175,201,clim,0.3323338297004774,0.2018520712852478,0.46977794170379633,-0.08616729974746704,0.8942303299903868,90749.0,0.4704263172082029,False
D5,30,all,all,"first-hour MAE, schedule projected at origin",oracle_level,5.611360103366571,5.466870057582855,5.758791959285736,205180.0,True,4487,201,clim,-0.058016902003363846,-0.11479536294937134,0.004272508621215807,-0.2762189984321594,0.1258803963661194,191123.0,0.9907468845252659,False
D5,30,all,all,"first-hour MAE, schedule projected at origin",oracle_shape,6.0743721047192745,5.904071021080017,6.240429317951202,199509.0,True,4309,201,clim,0.32027846036651475,0.14393601417541504,0.48732777833938595,-0.303118622303009,1.062203586101532,188521.0,0.977258589586746,False
D5,30,all,all,"first-hour MAE, schedule projected at origin",prod_served,7.842894413909026,7.602290880680084,8.111594247817994,96973.0,True,2220,201,clim,2.0243738131358677,1.8392623901367187,2.211016845703125,1.5792899489402772,2.5830270528793333,94261.0,0.4886318867024696,False
D5,30,all,all,"first-hour MAE, schedule projected at origin",prod_served_lin,7.971422457797531,7.735024797916412,8.236865425109864,96973.0,True,2220,201,clim,2.1544581003808574,1.969814705848694,2.3451629996299745,1.73429194688797,2.703833508491516,94261.0,0.4886318867024696,False
D5,30,all,all,"first-hour MAE, schedule projected at origin",wt_med,5.818275768956968,5.662923741340637,5.982774782180786,203685.0,True,4495,201,clim,0.13033657340353777,0.07620198726654052,0.18637112379074094,-0.09660203456878662,0.37652740478515623,191251.0,0.9914104132539864,False
D5,45,all,all,"first-hour MAE, schedule projected at origin",clim,5.904456702291033,5.7554315567016605,6.059591746330261,191442.0,True,4199,186,clim,,,,,,,,
D5,45,all,all,"first-hour MAE, schedule projected at origin",driver_level,5.9727000256851035,5.829725909233093,6.128188943862915,197809.0,True,4378,186,clim,0.016095263880471222,-0.04108961820602417,0.07725052833557129,-0.2021838665008545,0.2111078739166259,187339.0,0.9785679213547707,False
D5,45,all,all,"first-hour MAE, schedule projected at origin",driver_level_x_h5,5.9727000256851035,5.829725909233093,6.128188943862915,197809.0,True,4378,186,clim,0.016095263880469446,-0.04108961820602417,0.07725052833557129,-0.20218433141708372,0.2111078739166259,187339.0,0.9785679213547707,False
D5,45,all,all,"first-hour MAE, schedule projected at origin",h5,5.992731757155467,5.8524456262588505,6.140644109249115,205053.0,True,4613,186,clim,0.05297919773963855,-0.0033832311630249004,0.11094672679901121,-0.17907384634017945,0.25690678358078,190412.0,0.9946197804034642,False
D5,45,all,all,"first-hour MAE, schedule projected at origin",lvlh5_cbd,4.461944056268373,4.2540175199508665,4.688772451877594,32766.0,True,717,186,clim,-0.5713323640718295,-0.6927715420722962,-0.454036271572113,-1.1858409523963929,-0.18958856463432316,32445.0,0.1694769172908766,True
D5,45,all,all,"first-hour MAE, schedule projected at origin",lvlh5_naive,6.059226793080294,5.920318865776062,6.214815282821656,204384.0,True,4576,186,clim,0.1290859942198619,0.06717804670333863,0.19279351234436035,-0.12916417121887208,0.3693777680397033,190077.0,0.9928699031560473,False
D5,45,all,all,"first-hour MAE, schedule projected at origin",lvlh5_tft,6.399018041433417,6.135567235946655,6.689694166183472,76342.0,True,1830,186,clim,0.21671323344920257,0.08844205141067506,0.3536859631538391,-0.21706683635711668,0.690673732757568,73023.0,0.3814366753377002,False
D5,45,all,all,"first-hour MAE, schedule projected at origin",oracle_level,5.864346923049374,5.726042985916138,6.010337126255036,204405.0,True,4604,186,clim,-0.06689485181822796,-0.13099822998046876,0.004155707359313961,-0.3136818289756775,0.15834798812866205,189944.0,0.9921751757712519,False
D5,45,all,all,"first-hour MAE, schedule projected at origin",oracle_shape,6.318960531298323,6.151306438446045,6.4927064895629885,199288.0,True,4399,186,clim,0.3169643114572436,0.15493860244750976,0.4804254293441772,-0.3757771492004394,1.0273327946662902,187495.0,0.9793827895655081,False
D5,45,all,all,"first-hour MAE, schedule projected at origin",prod_served,8.332179327521793,8.057405972480774,8.64745831489563,80300.0,True,1825,186,clim,2.2177035646314494,2.0173953056335447,2.4433750748634337,1.7002695560455323,2.839744985103607,77764.0,0.40620135602427887,False
D5,45,all,all,"first-hour MAE, schedule projected at origin",prod_served_lin,8.476271793275219,8.210000276565552,8.778031921386718,80300.0,True,1825,186,clim,2.3641948716629795,2.1607181072235107,2.5795188546180725,1.8633226037025452,2.94327392578125,77764.0,0.40620135602427887,False
D5,45,all,all,"first-hour MAE, schedule projected at origin",wt_med,6.073080307269474,5.932582581043244,6.228390276432037,202298.0,True,4593,186,clim,0.13337471593300254,0.07571643590927124,0.19226965904235838,-0.1112858772277832,0.37266228199005125,190096.0,0.9929691499253037,False
D5,60,all,all,"first-hour MAE, schedule projected at origin",clim,6.081356261065703,5.929402649402618,6.237870573997498,206155.0,True,4529,171,clim,,,,,,,,
D5,60,all,all,"first-hour MAE, schedule projected at origin",driver_level,6.020070082269256,5.8773446559906,6.171682751178741,211468.0,True,4618,171,clim,-0.12170895519022995,-0.18368949890136718,-0.058298170566558845,-0.3983916640281677,0.13130035400390624,201894.0,0.9793310858334748,False
D5,60,all,all,"first-hour MAE, schedule projected at origin",driver_level_x_h5,6.020070082269256,5.8773446559906,6.171682751178741,211468.0,True,4618,171,clim,-0.12170895519022995,-0.18368949890136718,-0.058298170566558845,-0.3983916640281677,0.13130035400390624,201894.0,0.9793310858334748,False
D5,60,all,all,"first-hour MAE, schedule projected at origin",h5,6.018759496963253,5.871478867530823,6.161523473262787,219149.0,True,4864,171,clim,-0.08839697522256795,-0.14277379512786864,-0.03641877174377443,-0.35251142978668215,0.14519003629684446,205106.0,0.9949115956440542,False
D5,60,all,all,"first-hour MAE, schedule projected at origin",lvlh5_naive,6.077920935022121,5.929102969169617,6.225085258483887,218415.0,True,4816,171,clim,-0.02077782869835776,-0.08099871873855591,0.03905514478683469,-0.28507676124572756,0.2498177886009216,204836.0,0.9936019014818946,False
D5,60,all,all,"first-hour MAE, schedule projected at origin",lvlh5_tft,2.6,1.2270120203495025,3.6164847373962403,555.0,True,63,171,clim,-0.10396975425330801,-0.24576414823532106,0.11183879971504201,-0.23692798614501953,1.09375,529.0,0.0025660304140088766,False
D5,60,all,all,"first-hour MAE, schedule projected at origin",oracle_level,5.913071239834828,5.773322713375092,6.060492670536041,218446.0,True,4855,171,clim,-0.1842206544131999,-0.2507453918457031,-0.11714011430740358,-0.4576374888420105,0.06637641191482542,204573.0,0.992326162353569,False
D5,60,all,all,"first-hour MAE, schedule projected at origin",oracle_shape,6.33915123727037,6.189347815513611,6.499969589710235,213050.0,True,4641,171,clim,0.15724024598864528,-0.010305309295654293,0.3237646818161011,-0.6625196337699889,1.0075082421302795,201912.0,0.9794183987776188,False
D5,60,all,all,"first-hour MAE, schedule projected at origin",prod_served,3.270566727605119,1.6190051227808,4.379870855808258,547.0,True,59,171,clim,0.5444234404536865,0.18705798983573915,0.8319929420948028,0.0,2.8125,529.0,0.0025660304140088766,False
D5,60,all,all,"first-hour MAE, schedule projected at origin",prod_served_lin,3.34209323583181,1.6905430108308792,4.454738020896912,547.0,True,59,171,clim,0.6136578449905481,0.162988418340683,1.0302476584911344,0.0,5.46875,529.0,0.0025660304140088766,False
D5,60,all,all,"first-hour MAE, schedule projected at origin",wt_med,6.113341480236816,5.966730535030365,6.262688255310058,216033.0,True,4836,171,clim,0.008864079234612632,-0.04157851934432984,0.05839880704879759,-0.24505097866058348,0.23687678575515744,204759.0,0.9932283961097232,False
D5,90,all,all,"first-hour MAE, schedule projected at origin",clim,6.075054621496457,5.928083109855652,6.24148987531662,202759.0,True,4639,141,wt_med,0.11593192933030494,0.062137949466705325,0.1674407362937927,-0.1341986894607544,0.4327394008636474,201614.0,0.9027425168468892,False
D5,90,all,all,"first-hour MAE, schedule projected at origin",driver_level,6.0216655824272545,5.879226922988892,6.17464462518692,215267.0,True,4825,141,wt_med,-0.04090981363967927,-0.07748171091079711,-0.007872211933135994,-0.15459859371185303,0.07949415445327758,213222.0,0.9547182483712808,False
D5,90,all,all,"first-hour MAE, schedule projected at origin",driver_level_x_h5,6.021665582427255,5.879226922988892,6.17464462518692,215267.0,True,4825,141,wt_med,-0.04090981363968016,-0.07748171091079711,-0.007872211933135994,-0.15459859371185303,0.07949415445327758,213222.0,0.9547182483712808,False
D5,90,all,all,"first-hour MAE, schedule projected at origin",h5,5.937053628504292,5.8020827293396,6.086406087875366,226829.0,True,5158,141,wt_med,-0.08461671927821435,-0.10952304601669312,-0.06465830802917481,-0.15729267597198487,-0.026426970958709727,223335.0,1.0,True
D5,90,all,all,"first-hour MAE, schedule projected at origin",lvlh5_naive,6.044383396974164,5.906243932247162,6.196003401279449,224711.0,True,5089,141,wt_med,0.0038244238192133295,-0.02832595109939575,0.03616985082626343,-0.08073749542236328,0.0982909321784973,221281.0,0.9908030537085544,False
D5,90,all,all,"first-hour MAE, schedule projected at origin",oracle_level,5.9195614451891165,5.780924022197723,6.062124800682068,225821.0,True,5150,141,wt_med,-0.09714193241075364,-0.15066249370574952,-0.04155485630035401,-0.24091815948486328,0.06223651170730591,222401.0,0.9958179416571518,False
D5,90,all,all,"first-hour MAE, schedule projected at origin",oracle_shape,6.316389936338457,6.172423672676087,6.462491822242737,216865.0,True,4852,141,wt_med,0.2710776353273152,0.12130188941955566,0.417908227443695,-0.46108471155166625,1.0137070417404175,212474.0,0.9513690196341819,False
D5,90,all,all,"first-hour MAE, schedule projected at origin",wt_med,5.996451519018515,5.8601497411727905,6.1479139685630795,223335.0,True,5131,141,wt_med,,,,,,,,
D2,w0-45,headliners,all,live-window MAE (headliners),clim,13.275183260653245,13.139277386665345,13.40823781490326,1666206.0,True,17950,231,persistence,7.557543970007127,7.43360846042633,7.683040022850037,6.751209795475006,8.381283187866211,1472083.0,0.8965428406990448,False
D2,w0-45,headliners,all,live-window MAE (headliners),h5,12.207760196249131,12.081121230125428,12.323602557182312,1820645.0,True,19278,231,persistence,6.494106725056063,6.381720197200775,6.605386483669281,5.825028908252716,7.183385848999023,1605771.0,0.9779628552548638,False
D2,w0-45,headliners,all,live-window MAE (headliners),lvlh5_naive,12.4971380358388,12.372622227668762,12.619059300422668,1736952.0,True,18599,231,persistence,6.80074841288677,6.678577578067779,6.912969326972961,6.076751554012299,7.556988322734833,1525290.0,0.9289475046514674,False
D2,w0-45,headliners,all,live-window MAE (headliners),lvlh5_tft,11.538158313694154,11.413437342643737,11.668995094299316,1254544.0,True,13456,231,persistence,5.917911626997829,5.797920870780945,6.047540450096131,5.3189413189888,6.559242451190949,1107470.0,0.6744825528105216,False
D2,w0-45,headliners,all,live-window MAE (headliners),persistence,6.2946828628068365,6.241428768634796,6.346610879898071,1641955.0,True,19588,231,persistence,,,,,,,,
D2,w0-45,headliners,all,live-window MAE (headliners),snaive7,14.151794808621824,13.99943675994873,14.292851996421813,1542365.0,True,18095,231,persistence,8.3737533622105,8.227894973754882,8.516750931739807,7.605223143100739,9.202390956878663,1374096.0,0.8368658093553112,False
D2,w0-45,headliners,all,live-window MAE (headliners),wt_med,12.336083032301337,12.21132743358612,12.452357912063599,1808501.0,True,19269,231,persistence,6.603164160597197,6.489944338798523,6.714679789543152,5.918810606002808,7.297746586799621,1596790.0,0.9724931560243734,False
D3,0,all,all,best-time hit rate (top-2),clim,0.8221081406862112,0.8195429593324661,0.8250487476587296,185832.0,False,15210,231,clim,,,,,,,,
D3,0,all,all,best-time hit rate (top-2),driver_level,0.7941148107236161,0.7915171921253205,0.7965413585305214,228132.0,False,16905,231,clim,-0.021151547714339025,-0.02341652661561966,-0.019092054665088655,-0.028232403099536896,-0.01384689509868622,182398.0,0.9815209436480262,False
D3,0,all,all,best-time hit rate (top-2),h5,0.8252015802395284,0.8228148862719535,0.8276511758565903,240723.0,False,17837,231,clim,0.01451720166745063,0.012948344647884368,0.016119000315666196,0.009869866073131561,0.01942004859447479,184953.0,0.9952699212191657,True
D3,0,all,all,best-time hit rate (top-2),lvlh5_cbd,0.7510018094840406,0.747536601126194,0.75451919734478,136503.0,False,9604,130,clim,-0.05261533433795096,-0.055805496871471405,-0.04957614094018936,-0.06419508010149003,-0.040963228046894076,110158.0,0.5927827284859443,False
D3,0,all,all,best-time hit rate (top-2),lvlh5_naive,0.8024170217242649,0.7998538807034492,0.8049362644553184,228132.0,False,16905,231,clim,-0.011458458974330843,-0.013554471731185912,-0.009658201038837433,-0.017569491267204286,-0.005055864155292512,182398.0,0.9815209436480262,False
D3,0,all,all,best-time hit rate (top-2),lvlh5_tft,0.791138223478649,0.7880144327878952,0.7941889926791191,168025.0,False,12458,137,clim,-0.012439524942025493,-0.014846546947956086,-0.01015019565820694,-0.019358959794044495,-0.005271710455417634,134973.0,0.7263173188686556,False
D3,0,all,all,best-time hit rate (top-2),snaive7,0.8117580172679618,0.8083781108260155,0.8153224229812622,103776.0,False,13610,231,clim,-0.027418178503054058,-0.02985287755727768,-0.024996285140514374,-0.03317182511091232,-0.022414746880531314,87752.0,0.4722114598131646,False
D3,0,all,all,best-time hit rate (top-2),wt_med,0.8206757532472734,0.818140172958374,0.8233144491910934,224727.0,False,17382,231,clim,0.007240895437303996,0.005971936881542206,0.008480285108089446,0.004636591672897339,0.009756329655647277,182436.0,0.9817254294201214,True
D3,1,all,all,best-time hit rate (top-2),clim,0.8221587197909863,0.8195758208632469,0.8249815911054611,183720.0,False,15080,230,clim,,,,,,,,
D3,1,all,all,best-time hit rate (top-2),driver_level,0.7934333627537511,0.7908747896552086,0.7958897143602371,226600.0,False,16828,230,clim,-0.021400185124626603,-0.023571006953716278,-0.019351857900619506,-0.028412862122058867,-0.01393822729587555,180419.0,0.9820324406705857,False
D3,1,all,all,best-time hit rate (top-2),driver_level_x_h5,0.7934333627537511,0.7908747896552086,0.7958897143602371,226600.0,False,16828,230,clim,-0.021400185124626603,-0.023571006953716278,-0.019351857900619506,-0.028412862122058867,-0.01393822729587555,180419.0,0.9820324406705857,False
D3,1,all,all,best-time hit rate (top-2),h5,0.8247836484913186,0.8223966583609581,0.8273024305701255,237923.0,False,17655,230,clim,0.014057840159785506,0.012523064017295837,0.015643979609012603,0.009405504167079925,0.018958914279937743,182745.0,0.9946930111038537,True
D3,1,all,all,best-time hit rate (top-2),lvlh5_cbd,0.7491831592484317,0.745747147500515,0.7527865111827851,133747.0,False,9433,129,clim,-0.053849362688296654,-0.0570227101445198,-0.05079539865255356,-0.06545582562685012,-0.042436978220939635,107875.0,0.5871706945351622,False
D3,1,all,all,best-time hit rate (top-2),lvlh5_naive,0.8024007060900264,0.7998704999685288,0.8049077287316322,226600.0,False,16828,230,clim,-0.011329183733420511,-0.013318534195423126,-0.00952640175819397,-0.017634299397468568,-0.004890535771846773,180419.0,0.9820324406705857,False
D3,1,all,all,best-time hit rate (top-2),lvlh5_tft,0.7894212480753555,0.7863177791237831,0.7925411552190781,165615.0,False,12295,136,clim,-0.013913722897540337,-0.01627439111471176,-0.011574974656105042,-0.02119561582803726,-0.006515012681484224,133106.0,0.7245046810363597,False
D3,1,all,all,best-time hit rate (top-2),snaive7,0.8117332251395892,0.8084000781178474,0.8153030395507812,103518.0,False,13580,230,clim,-0.027078302863056236,-0.029421108961105346,-0.024656915664672853,-0.032793229818344115,-0.022021302580833436,86970.0,0.4733834095362508,False
D3,1,all,all,best-time hit rate (top-2),wt_med,0.820090253606297,0.817682895064354,0.8227819755673409,220933.0,False,17163,230,clim,0.00636698501591737,0.005130335688591003,0.007629962265491485,0.003744080662727356,0.008821932971477509,179991.0,0.9797028086218158,True
D3,2,all,all,best-time hit rate (top-2),clim,0.8223746829593033,0.8197339847683907,0.8252824485301972,181759.0,False,14958,229,clim,,,,,,,,
D3,2,all,all,best-time hit rate (top-2),driver_level,0.793390336650885,0.7908865571022033,0.7957078740000725,225367.0,False,16763,229,clim,-0.021769934303748517,-0.023910444974899293,-0.019657364487648012,-0.02860214710235596,-0.014437299966812134,178549.0,0.9823392514263393,False
D3,2,all,all,best-time hit rate (top-2),driver_level_x_h5,0.793390336650885,0.7908865571022033,0.7957078740000725,225367.0,False,16763,229,clim,-0.021769934303748517,-0.023910444974899293,-0.019657364487648012,-0.02860214710235596,-0.014437299966812134,178549.0,0.9823392514263393,False
D3,2,all,all,best-time hit rate (top-2),h5,0.824962774735181,0.8226374685764313,0.827422273159027,235727.0,False,17526,229,clim,0.014109445028495537,0.012551121413707733,0.015741722285747526,0.0095086008310318,0.018982577323913574,180730.0,0.9943386572329294,True
D3,2,all,all,best-time hit rate (top-2),lvlh5_cbd,0.748162694965822,0.7447214424610138,0.7517137303948402,132395.0,False,9369,128,clim,-0.054243268860797555,-0.05740641951560974,-0.05110433250665665,-0.0658817633986473,-0.04272729903459549,106557.0,0.5862543257830424,False
D3,2,all,all,best-time hit rate (top-2),lvlh5_naive,0.8026241641411564,0.800059412419796,0.8050864100456238,225367.0,False,16763,229,clim,-0.011195806193257773,-0.013243657350540162,-0.0092563733458519,-0.017285028100013734,-0.004870960116386416,178549.0,0.9823392514263393,False
D3,2,all,all,best-time hit rate (top-2),lvlh5_tft,0.7885906655343276,0.7854219883680343,0.7916738450527191,163673.0,False,12182,135,clim,-0.01526717557251911,-0.017856690287590026,-0.012899386882781982,-0.022394856810569762,-0.007883381843566895,131393.0,0.722896802909347,False
D3,2,all,all,best-time hit rate (top-2),snaive7,0.8117394208707269,0.8084581732749939,0.8152828380465508,103293.0,False,13545,229,clim,-0.026977478156945067,-0.029373598098754884,-0.024479442834854127,-0.03284204602241516,-0.021787844598293304,86183.0,0.47416083935320946,False
D3,2,all,all,best-time hit rate (top-2),wt_med,0.8200066022337558,0.8174680188298226,0.822742584347725,218108.0,False,17012,229,clim,0.0060008211057932526,0.004657712578773498,0.007258518040180206,0.0035927250981330873,0.00831722617149353,177809.0,0.9782679262099814,True
D3,3,all,all,best-time hit rate (top-2),clim,0.8225689929200982,0.8199128299951554,0.8254480719566345,179946.0,False,14838,228,clim,,,,,,,,
D3,3,all,all,best-time hit rate (top-2),driver_level,0.7933126631125783,0.7908689886331558,0.795744962990284,224155.0,False,16701,228,clim,-0.021613735070575513,-0.023761224746704102,-0.019510290026664736,-0.02838384360074997,-0.014053256809711458,176832.0,0.9826948084425328,False
D3,3,all,all,best-time hit rate (top-2),driver_level_x_h5,0.7933126631125783,0.7908689886331558,0.795744962990284,224155.0,False,16701,228,clim,-0.021613735070575513,-0.023761224746704102,-0.019510290026664736,-0.02838384360074997,-0.014053256809711458,176832.0,0.9826948084425328,False
D3,3,all,all,best-time hit rate (top-2),h5,0.8247149558309936,0.8223069116473198,0.82728471159935,233648.0,False,17402,228,clim,0.01384765897973439,0.01226617842912674,0.015541972219944,0.00936000645160675,0.01868579089641571,178875.0,0.9940482144643393,True
D3,3,all,all,best-time hit rate (top-2),lvlh5_cbd,0.747448651023949,0.7440534472465515,0.751082107424736,131989.0,False,9353,127,clim,-0.05509701640364861,-0.05829553455114365,-0.051967813074588774,-0.06670485138893127,-0.04343545585870743,106013.0,0.5891378524668511,False
D3,3,all,all,best-time hit rate (top-2),lvlh5_naive,0.8025027324842186,0.7999673262238503,0.8049262717366219,224155.0,False,16701,228,clim,-0.011349755700325814,-0.013406749069690704,-0.009312239289283753,-0.017317773401737215,-0.004865594208240509,176832.0,0.9826948084425328,False
D3,3,all,all,best-time hit rate (top-2),lvlh5_tft,0.7883504740727014,0.7853415295481682,0.7914332047104835,161895.0,False,12064,134,clim,-0.01568727211057408,-0.018148398399353026,-0.013312290608882905,-0.02257992625236511,-0.008440065383911136,129723.0,0.7208996032142976,False
D3,3,all,all,best-time hit rate (top-2),prod_served,0.7508271120567724,0.7471590474247932,0.7547213762998581,162614.0,False,11741,134,clim,-0.054206388393026717,-0.056961174309253695,-0.05162340253591537,-0.07246247828006744,-0.038533782958984374,131645.0,0.7315805852866971,False
D3,3,all,all,best-time hit rate (top-2),prod_served_lin,0.7697307734881376,0.766311614215374,0.7733657315373421,162614.0,False,11741,134,clim,-0.0320862926810741,-0.034693066775798795,-0.02944401800632477,-0.046377436816692354,-0.020106725394725803,131645.0,0.7315805852866971,False
D3,3,all,all,best-time hit rate (top-2),snaive7,0.8117212915756251,0.808412854373455,0.8152619928121567,102975.0,False,13505,228,clim,-0.027258676408599136,-0.02969149351119995,-0.024740295112133028,-0.03324470818042755,-0.021875229477882386,85404.0,0.47460904938148113,False
D3,3,all,all,best-time hit rate (top-2),wt_med,0.8197351024100578,0.8172458425164223,0.8224232569336891,215555.0,False,16857,228,clim,0.005414074318406681,0.004128938913345337,0.006772327423095703,0.003149382770061493,0.007694047689437866,175838.0,0.9771709290564947,True
D3,4,all,all,best-time hit rate (top-2),clim,0.8227603666717188,0.8200929760932922,0.8257332473993302,178143.0,False,14716,227,clim,,,,,,,,
D3,4,all,all,best-time hit rate (top-2),driver_level,0.7926297270369007,0.7900235071778298,0.7950422093272209,222814.0,False,16626,227,clim,-0.022258014770137557,-0.02447083294391632,-0.020069561898708344,-0.029011163115501403,-0.014857620000839233,175083.0,0.9828227884340108,False
D3,4,all,all,best-time hit rate (top-2),driver_level_x_h5,0.7926297270369007,0.7900235071778298,0.7950422093272209,222814.0,False,16626,227,clim,-0.022258014770137557,-0.02447083294391632,-0.020069561898708344,-0.029011163115501403,-0.014857620000839233,175083.0,0.9828227884340108,False
D3,4,all,all,best-time hit rate (top-2),h5,0.8246367296162551,0.8222045198082923,0.8272405609488487,231508.0,False,17274,227,clim,0.013630073149377253,0.012025082111358642,0.015190398693084715,0.009015585482120513,0.01849206984043121,177035.0,0.993780277642119,True
D3,4,all,all,best-time hit rate (top-2),lvlh5_cbd,0.7472317969679407,0.7439211010932922,0.7509299710392952,131132.0,False,9297,126,clim,-0.05518788985242662,-0.05842903703451156,-0.05210157483816147,-0.06669596284627914,-0.04362064003944397,105168.0,0.5903571849581516,False
D3,4,all,all,best-time hit rate (top-2),lvlh5_naive,0.8022476146023141,0.7997131675481797,0.8047129601240158,222814.0,False,16626,227,clim,-0.01158878931706675,-0.01364346146583557,-0.009619416296482086,-0.01755378246307373,-0.005171546339988711,175083.0,0.9828227884340108,False
D3,4,all,all,best-time hit rate (top-2),lvlh5_tft,0.787864393219661,0.7848483622074127,0.7912764355540276,159992.0,False,11939,133,clim,-0.016254124122402458,-0.01882590353488922,-0.013891454041004182,-0.023296765983104706,-0.008855216205120088,127906.0,0.7179962165226812,False
D3,4,all,all,best-time hit rate (top-2),prod_served,0.7509762710178092,0.7471799731254578,0.7547695711255074,160816.0,False,11608,133,clim,-0.05445586480347997,-0.05714307129383087,-0.051879028975963595,-0.07283455282449722,-0.03863346129655838,129885.0,0.729105269362254,False
D3,4,all,all,best-time hit rate (top-2),prod_served_lin,0.7702964879116506,0.7668215215206147,0.7737838745117187,160816.0,False,11608,133,clim,-0.031805058320822255,-0.034387022256851196,-0.029228538274765015,-0.04639695584774017,-0.01986132264137268,129885.0,0.729105269362254,False
D3,4,all,all,best-time hit rate (top-2),snaive7,0.8117043881708482,0.8084300950169563,0.8153439000248909,102594.0,False,13454,227,clim,-0.02710654740100904,-0.0295352503657341,-0.02451367676258087,-0.033103732764720915,-0.021682173013687134,84629.0,0.47506216915623967,False
D3,4,all,all,best-time hit rate (top-2),wt_med,0.8198586151414083,0.8172194689512253,0.8226166740059853,213177.0,False,16726,227,clim,0.00549103035878562,0.00417184978723526,0.006858314573764801,0.003303129971027374,0.007806077599525451,173920.0,0.9762943253453686,True
D3,5,all,all,best-time hit rate (top-2),clim,0.822849880280971,0.8202247336506844,0.8257727205753327,176246.0,False,14583,226,clim,,,,,,,,
D3,5,all,all,best-time hit rate (top-2),driver_level,0.7921975852895078,0.7896265506744384,0.7946459755301476,221393.0,False,16555,226,clim,-0.02256060238598434,-0.02485075443983078,-0.020358772575855257,-0.029338246583938597,-0.015234062075614932,173178.0,0.9825925127378777,False
D3,5,all,all,best-time hit rate (top-2),driver_level_x_h5,0.7921975852895078,0.7896265506744384,0.7946459755301476,221393.0,False,16555,226,clim,-0.02256060238598434,-0.02485075443983078,-0.020358772575855257,-0.029338246583938597,-0.015234062075614932,173178.0,0.9825925127378777,False
D3,5,all,all,best-time hit rate (top-2),h5,0.8245920873005143,0.8222058415412903,0.8270945146679878,229277.0,False,17146,226,clim,0.013629067728355482,0.012050680816173553,0.015227463841438294,0.009158609807491303,0.018431651592254638,175067.0,0.9933104864791258,True
D3,5,all,all,best-time hit rate (top-2),lvlh5_cbd,0.7472713238131995,0.7436938986182213,0.750873439013958,129550.0,False,9191,125,clim,-0.054999903458129884,-0.05819392949342728,-0.05180561393499374,-0.06661280691623687,-0.04340627044439316,103582.0,0.5877126289390965,False
D3,5,all,all,best-time hit rate (top-2),lvlh5_naive,0.8020623958300398,0.7994459062814713,0.8044934347271919,221393.0,False,16555,226,clim,-0.011693171188026152,-0.013809645175933838,-0.009762732684612275,-0.01765652447938919,-0.005189689993858338,173178.0,0.9825925127378777,False
D3,5,all,all,best-time hit rate (top-2),lvlh5_tft,0.7874971506724413,0.7844495013356209,0.7906848236918449,157932.0,False,11806,132,clim,-0.016276631237786554,-0.018989846110343933,-0.013524030148983002,-0.02329612523317337,-0.008732064068317417,125886.0,0.714263018735177,False
D3,5,all,all,best-time hit rate (top-2),prod_served,0.7508757806554676,0.7470390930771827,0.75463707447052,159001.0,False,11481,132,clim,-0.05489267602772374,-0.05751432329416275,-0.05228826403617859,-0.07372357249259949,-0.03913378119468689,127977.0,0.7261271177785595,False
D3,5,all,all,best-time hit rate (top-2),prod_served_lin,0.7704731416783542,0.7669906988739967,0.7739875793457032,159001.0,False,11481,132,clim,-0.03174007829531866,-0.03431119471788406,-0.029214417934417723,-0.04585598409175873,-0.019791688024997714,127977.0,0.7261271177785595,False
D3,5,all,all,best-time hit rate (top-2),snaive7,0.811745469143176,0.8084231942892075,0.815306831896305,102133.0,False,13413,226,clim,-0.02695791410749715,-0.029414622485637663,-0.024345792829990387,-0.03299330323934555,-0.021408170461654663,83686.0,0.47482496056648094,False
D3,5,all,all,best-time hit rate (top-2),wt_med,0.8204498007211994,0.8178765848278999,0.8232209041714669,210760.0,False,16583,226,clim,0.005706241965599657,0.0043771728873252865,0.007085876166820526,0.0034464031457901003,0.008052530884742736,171917.0,0.9754377404309885,True
D3,6,all,all,best-time hit rate (top-2),clim,0.8229924912167903,0.8202639013528824,0.825870618224144,174196.0,False,14453,225,clim,,,,,,,,
D3,6,all,all,best-time hit rate (top-2),driver_level,0.7918268552683662,0.789098958671093,0.79427630007267,219793.0,False,16472,225,clim,-0.022864856020942348,-0.02514670938253403,-0.02074299901723862,-0.02955424189567566,-0.015701624751091003,171136.0,0.9824335805644216,False
D3,6,all,all,best-time hit rate (top-2),driver_level_x_h5,0.7918268552683662,0.789098958671093,0.79427630007267,219793.0,False,16472,225,clim,-0.022864856020942348,-0.02514670938253403,-0.02074299901723862,-0.02955424189567566,-0.015701624751091003,171136.0,0.9824335805644216,False
D3,6,all,all,best-time hit rate (top-2),h5,0.8240641192851352,0.8215923711657525,0.8266196027398109,226952.0,False,17003,225,clim,0.01274853868791237,0.011148899793624878,0.014352940022945404,0.008350148797035217,0.017361532151699065,172961.0,0.9929102849663597,True
D3,6,all,all,best-time hit rate (top-2),lvlh5_cbd,0.737575221654446,0.7340584084391594,0.7413338854908943,127789.0,False,9076,124,clim,-0.0649409315434396,-0.06855153441429138,-0.061499133706092834,-0.07942473292350768,-0.05099215507507325,101831.0,0.584577142988358,False
D3,6,all,all,best-time hit rate (top-2),lvlh5_naive,0.8015996869782022,0.7989886477589607,0.8041153073310852,219793.0,False,16472,225,clim,-0.012393651832460661,-0.014480169117450713,-0.010464107990264893,-0.018195848166942596,-0.006094157695770265,171136.0,0.9824335805644216,False
D3,6,all,all,best-time hit rate (top-2),lvlh5_tft,0.7846999659599612,0.7815830528736114,0.7877670451998711,155699.0,False,11661,131,clim,-0.01948655000040378,-0.022188742458820344,-0.016944940388202667,-0.026756557822227477,-0.011703628301620484,123829.0,0.7108601804863487,False
D3,6,all,all,best-time hit rate (top-2),prod_served,0.7509760338315936,0.7471999377012253,0.7547987461090088,157013.0,False,11346,131,clim,-0.054451907960554546,-0.057090462744235994,-0.051969537138938905,-0.07310291975736619,-0.03881310075521469,125946.0,0.7230131575925969,False
D3,6,all,all,best-time hit rate (top-2),prod_served_lin,0.7698279760274627,0.7662674322724342,0.7732921570539475,157013.0,False,11346,131,clim,-0.03208517936258393,-0.034707875549793245,-0.029559454321861266,-0.046554592251777646,-0.020245227217674258,125946.0,0.7230131575925969,False
D3,6,all,all,best-time hit rate (top-2),snaive7,0.8117179507358149,0.8084391176700592,0.8153237789869309,101656.0,False,13366,225,clim,-0.026987414755865746,-0.02940511405467987,-0.024441634118556977,-0.033044345676898956,-0.021595251560211182,82557.0,0.47393166318399965,False
D3,6,all,all,best-time hit rate (top-2),wt_med,0.8202199681915808,0.8175802975893021,0.8229202792048455,208121.0,False,16421,225,clim,0.005206860804825131,0.003926011919975281,0.006479218602180481,0.002938899397850037,0.00739859640598297,169776.0,0.974626283037498,True
D3,7,all,all,best-time hit rate (top-2),clim,0.822794900589423,0.8201346710324288,0.825753764808178,171863.0,False,14321,224,clim,,,,,,,,
D3,7,all,all,best-time hit rate (top-2),driver_level,0.7887211359271977,0.7861699685454369,0.7913866907358169,211422.0,False,15863,224,clim,-0.02807607865597561,-0.030416326224803926,-0.025946868956089022,-0.035045666992664336,-0.02070610225200653,167616.0,0.975288456503145,False
D3,7,all,all,best-time hit rate (top-2),driver_level_x_h5,0.7887211359271977,0.7861699685454369,0.7913866907358169,211422.0,False,15863,224,clim,-0.02807607865597561,-0.030416326224803926,-0.025946868956089022,-0.035045666992664336,-0.02070610225200653,167616.0,0.975288456503145,False
D3,7,all,all,best-time hit rate (top-2),h5,0.8232512403343316,0.8206903502345085,0.8260501116514206,223730.0,False,16816,224,clim,0.01173904375461765,0.010054223239421844,0.013292060792446136,0.007448256015777588,0.016385820508003232,170542.0,0.9923136451708628,True
D3,7,all,all,best-time hit rate (top-2),lvlh5_cbd,0.7353765785626992,0.7315887123346329,0.7393069937825203,125193.0,False,8909,123,clim,-0.06700994780657377,-0.07077403515577316,-0.06339793205261231,-0.0827904149889946,-0.052397085726261144,99821.0,0.5808172788791072,False
D3,7,all,all,best-time hit rate (top-2),lvlh5_naive,0.7989991580819403,0.796357524394989,0.8016645595431328,211422.0,False,15863,224,clim,-0.0165318346697213,-0.0186860129237175,-0.014501558244228364,-0.02253383845090866,-0.0104545995593071,167616.0,0.975288456503145,False
D3,7,all,all,best-time hit rate (top-2),lvlh5_tft,0.7816194220742262,0.7784066393971443,0.784867163002491,152857.0,False,11488,130,clim,-0.022446227718213474,-0.025287123024463655,-0.019787569344043732,-0.02948298752307892,-0.015306398272514345,121624.0,0.7076799543822696,False
D3,7,all,all,best-time hit rate (top-2),prod_served,0.7505925968984738,0.7467631474137306,0.7542441785335541,154827.0,False,11207,130,clim,-0.055031129127334766,-0.05773653835058212,-0.05248490571975708,-0.07339502573013305,-0.03915125131607056,123839.0,0.7205681269383172,False
D3,7,all,all,best-time hit rate (top-2),prod_served_lin,0.7697042505506145,0.7660685107111931,0.7733251750469208,154827.0,False,11207,130,clim,-0.03236460242734518,-0.034979413449764254,-0.02975168079137802,-0.04689743816852569,-0.02067240476608277,123839.0,0.7205681269383172,False
D3,7,all,all,best-time hit rate (top-2),wt_med,0.8201132520567924,0.8173939153552056,0.8228988140821457,204323.0,False,16200,224,clim,0.0046566678821426954,0.003361278772354126,0.0058809369802474976,0.0025062218308448793,0.006824228167533875,167287.0,0.9733741410309374,True
D3,10,all,all,best-time hit rate (top-2),clim,0.8235276442307692,0.8205860987305641,0.8264545381069184,166400.0,False,13979,221,clim,,,,,,,,
D3,10,all,all,best-time hit rate (top-2),driver_level,0.7871836435387539,0.7844313070178032,0.7898993849754333,207282.0,False,15662,221,clim,-0.02977627753412504,-0.032100020349025725,-0.027568379044532777,-0.036905139684677124,-0.022197064757347108,162344.0,0.975625,False
D3,10,all,all,best-time hit rate (top-2),driver_level_x_h5,0.7871836435387539,0.7844313070178032,0.7898993849754333,207282.0,False,15662,221,clim,-0.02977627753412504,-0.032100020349025725,-0.027568379044532777,-0.036905139684677124,-0.022197064757347108,162344.0,0.975625,False
D3,10,all,all,best-time hit rate (top-2),h5,0.8227111354646799,0.820046529173851,0.8255747213959694,217171.0,False,16434,221,clim,0.010704560203295688,0.009023366868495942,0.012301558256149292,0.006509459018707276,0.015365129709243775,164883.0,0.9908834134615384,True
D3,10,all,all,best-time hit rate (top-2),lvlh5_cbd,0.7334031361404033,0.7296187654137611,0.7373206242918968,120339.0,False,8625,120,clim,-0.06917555608955939,-0.07315911948680878,-0.0653534010052681,-0.084553462266922,-0.05447940081357956,95713.0,0.5751983173076923,False
D3,10,all,all,best-time hit rate (top-2),lvlh5_naive,0.7984774365357339,0.7959153994917869,0.8013127714395523,207282.0,False,15662,221,clim,-0.017296604740550836,-0.019404484331607817,-0.015378092229366303,-0.023523254692554472,-0.011148667335510258,162344.0,0.975625,False
D3,10,all,all,best-time hit rate (top-2),lvlh5_tft,0.7809089672064227,0.7776398345828056,0.7842877820134163,146980.0,False,11121,127,clim,-0.02387527228444508,-0.026736511290073393,-0.02142471671104431,-0.030878032743930816,-0.016557838022708892,116606.0,0.7007572115384615,False
D3,10,all,all,best-time hit rate (top-2),prod_served,0.751843244109633,0.7479044646024704,0.7558226838707924,149736.0,False,10854,127,clim,-0.05445015606464698,-0.057173191010951994,-0.05171317607164383,-0.07269818931818009,-0.03828056603670121,118861.0,0.7143088942307693,False
D3,10,all,all,best-time hit rate (top-2),prod_served_lin,0.7709234920126089,0.7672212511301041,0.7746292248368263,149736.0,False,10854,127,clim,-0.03170930751045342,-0.03439007103443146,-0.02914084494113922,-0.04636895209550858,-0.01998272091150284,118861.0,0.7143088942307693,False
D3,10,all,all,best-time hit rate (top-2),wt_med,0.8207825972153107,0.8180730044841766,0.8236478880047798,196934.0,False,15753,221,clim,0.004061693156418578,0.00278218537569046,0.005312088131904602,0.0020130038261413573,0.006157216429710388,161509.0,0.9706069711538462,True
D3,14,all,all,best-time hit rate (top-2),clim,0.8236914946366815,0.8207487240433693,0.8266197726130485,159323.0,False,13489,217,clim,,,,,,,,
D3,14,all,all,best-time hit rate (top-2),driver_level,0.7840436802216608,0.7812296256422997,0.7870276719331741,196336.0,False,14904,217,clim,-0.03482239349757643,-0.03731805831193924,-0.03250701129436493,-0.04300538897514343,-0.026842311024665836,154527.0,0.9698976293441625,False
D3,14,all,all,best-time hit rate (top-2),driver_level_x_h5,0.7840436802216608,0.7812296256422997,0.7870276719331741,196336.0,False,14904,217,clim,-0.03482239349757643,-0.03731805831193924,-0.03250701129436493,-0.04300538897514343,-0.026842311024665836,154527.0,0.9698976293441625,False
D3,14,all,all,best-time hit rate (top-2),h5,0.8222909178049365,0.8196382775902749,0.8251151621341706,208650.0,False,15880,217,clim,0.00945938235051702,0.00776798278093338,0.011095821857452393,0.005159306526184082,0.013987420499324797,157727.0,0.9899826139352134,True
D3,14,all,all,best-time hit rate (top-2),lvlh5_cbd,0.7307865764690277,0.7268864542245865,0.7347561106085777,113085.0,False,8105,116,clim,-0.07283610195709189,-0.07670193910598755,-0.06892983764410018,-0.0885461539030075,-0.057739964127540594,89214.0,0.5599568172831293,False
D3,14,all,all,best-time hit rate (top-2),lvlh5_naive,0.7963949555863418,0.793658684194088,0.7992166742682457,196336.0,False,14904,217,clim,-0.020954266891869966,-0.023179766535758973,-0.0188274085521698,-0.027588818967342377,-0.014740319550037389,154527.0,0.9698976293441625,False
D3,14,all,all,best-time hit rate (top-2),lvlh5_tft,0.7788760135717983,0.7754636287689209,0.7823408350348473,139112.0,False,10586,123,clim,-0.026256030496757843,-0.02926620841026306,-0.023612885177135466,-0.03382687568664551,-0.01858402192592621,109651.0,0.6882308266854127,False
D3,14,all,all,best-time hit rate (top-2),prod_served,0.7511320158657727,0.7471993133425713,0.7550408959388732,142445.0,False,10349,123,clim,-0.05540538121408489,-0.05828084796667099,-0.052687333524227144,-0.07438877671957016,-0.03881463408470154,111722.0,0.7012295776504334,False
D3,14,all,all,best-time hit rate (top-2),prod_served_lin,0.7703534697602583,0.7663297936320305,0.7741663575172424,142445.0,False,10349,123,clim,-0.03164103757541037,-0.03447415828704834,-0.028852985799312593,-0.046529893577098844,-0.019719581305980685,111722.0,0.7012295776504334,False
D3,14,all,all,best-time hit rate (top-2),wt_med,0.8206455054681249,0.8178954094648361,0.8235413938760757,187450.0,False,15156,217,clim,0.0027639006033868263,0.0014272049069404603,0.004079066216945647,0.0007504552602767945,0.004686786234378814,154130.0,0.9674058359433353,True
D3,21,all,all,best-time hit rate (top-2),clim,0.8234751402579253,0.8205382794141769,0.826564621925354,147407.0,False,12706,210,clim,,,,,,,,
D3,21,all,all,best-time hit rate (top-2),driver_level,0.7816342395410202,0.7787210941314697,0.7844440191984177,182666.0,False,14014,210,clim,-0.03789356953354206,-0.040593656897544864,-0.03519547581672668,-0.046737711131572726,-0.029671208560466768,142478.0,0.9665619678848358,False
D3,21,all,all,best-time hit rate (top-2),driver_level_x_h5,0.7816342395410202,0.7787210941314697,0.7844440191984177,182666.0,False,14014,210,clim,-0.03789356953354206,-0.040593656897544864,-0.03519547581672668,-0.046737711131572726,-0.029671208560466768,142478.0,0.9665619678848358,False
D3,21,all,all,best-time hit rate (top-2),h5,0.8218292801581327,0.8193298369646073,0.8246266722679139,195279.0,False,15009,210,clim,0.008976118583584936,0.007328012585639953,0.010624517500400544,0.004539039731025696,0.013357187807559966,145720.0,0.9885554960076522,True
D3,21,all,all,best-time hit rate (top-2),lvlh5_cbd,0.7279264295846989,0.7238428384065628,0.731969627737999,102215.0,False,7342,109,clim,-0.07466526120292638,-0.07852763831615447,-0.07081978470087051,-0.09161831587553024,-0.058158986270427704,79689.0,0.5406052629793701,False
D3,21,all,all,best-time hit rate (top-2),lvlh5_naive,0.7940065474691513,0.7911155804991722,0.7968327969312667,182666.0,False,14014,210,clim,-0.02327376858181618,-0.02547507584095001,-0.020952560007572174,-0.03020329922437668,-0.016539797186851505,142478.0,0.9665619678848358,False
D3,21,all,all,best-time hit rate (top-2),lvlh5_tft,0.7766573340293266,0.7730901256203652,0.7802978217601776,126438.0,False,9683,116,clim,-0.02780931911269713,-0.031000281870365142,-0.025114510953426362,-0.0354162335395813,-0.02016582936048508,98636.0,0.6691405428507465,False
D3,21,all,all,best-time hit rate (top-2),prod_served,0.7505615410971942,0.7463412195444107,0.7547775730490685,131335.0,False,9582,116,clim,-0.05415467090241244,-0.057052938640117644,-0.05115168690681458,-0.07368240505456924,-0.0367810070514679,100730.0,0.6833461097505545,False
D3,21,all,all,best-time hit rate (top-2),prod_served_lin,0.7682719762439563,0.76428282558918,0.7721732869744301,131335.0,False,9582,116,clim,-0.03148019457956919,-0.03424081206321716,-0.02852499932050705,-0.04654533565044403,-0.019196644425392154,100730.0,0.6833461097505545,False
D3,21,all,all,best-time hit rate (top-2),wt_med,0.8196569309225776,0.8168961092829704,0.8225859940052033,172560.0,False,14188,210,clim,0.0014432960657860816,6.209164857864381e-05,0.0027520000934600827,-0.0006652504205703735,0.0034051030874252307,142036.0,0.9635634671352107,False
D3,30,all,all,best-time hit rate (top-2),clim,0.8239782966179402,0.8209508329629898,0.8272353082895278,131961.0,False,11651,201,clim,,,,,,,,
D3,30,all,all,best-time hit rate (top-2),driver_level,0.7797344941718233,0.7766288459300995,0.7828311115503311,166776.0,False,13065,201,clim,-0.03847604381099046,-0.04116937220096588,-0.035777075588703154,-0.04789115190505981,-0.029652169346809386,127274.0,0.9644819302672759,False
D3,30,all,all,best-time hit rate (top-2),driver_level_x_h5,0.7797344941718233,0.7766288459300995,0.7828311115503311,166776.0,False,13065,201,clim,-0.03847604381099046,-0.04116937220096588,-0.035777075588703154,-0.04789115190505981,-0.029652169346809386,127274.0,0.9644819302672759,False
D3,30,all,all,best-time hit rate (top-2),h5,0.8204750775315744,0.8175932854413986,0.8235213816165924,177992.0,False,13951,201,clim,0.00923235398121236,0.007462804019451141,0.01093246191740036,0.00519958883523941,0.01356101930141449,130086.0,0.9857912565076046,True
D3,30,all,all,best-time hit rate (top-2),lvlh5_cbd,0.7250778028694372,0.7207834735512734,0.7292611733078956,89007.0,False,6510,100,clim,-0.07583085134617085,-0.0803780123591423,-0.07160730063915252,-0.09311120510101319,-0.05826918482780457,67822.0,0.5139548806086647,False
D3,30,all,all,best-time hit rate (top-2),lvlh5_naive,0.7922602772581187,0.7892606481909752,0.7954656317830086,166776.0,False,13065,201,clim,-0.023139054323742414,-0.025515715777873992,-0.020747292041778564,-0.030212759971618652,-0.016315123438835146,127274.0,0.9644819302672759,False
D3,30,all,all,best-time hit rate (top-2),lvlh5_tft,0.7769653819918144,0.7721877679228782,0.7811870485544204,93824.0,False,7201,105,clim,-0.02396791234592066,-0.027236871421337128,-0.020741668343544007,-0.03217671066522598,-0.015725174546241765,71554.0,0.5422359636559286,False
D3,30,all,all,best-time hit rate (top-2),prod_served,0.7513060555216595,0.7467451900243759,0.7559367790818214,104896.0,False,7660,105,clim,-0.05205577955263363,-0.05530791282653809,-0.048835523426532745,-0.07037199139595032,-0.0354499563574791,77878.0,0.5901592137070801,False
D3,30,all,all,best-time hit rate (top-2),prod_served_lin,0.7684373093349604,0.764185155928135,0.7730070292949677,104896.0,False,7660,105,clim,-0.028518965561519338,-0.03157719075679779,-0.025453992187976837,-0.04186537265777588,-0.016723217070102693,77878.0,0.5901592137070801,False
D3,30,all,all,best-time hit rate (top-2),wt_med,0.8181741843385245,0.8151440054178238,0.8213795572519302,154813.0,False,13025,201,clim,0.001294539254534821,-0.00016727298498153687,0.002853868901729583,-0.0009747296571731567,0.003444579243659973,126686.0,0.9600260683080607,False
D3,45,all,all,best-time hit rate (top-2),clim,0.8243873507130726,0.8210934832692146,0.8279845163226127,111279.0,False,10213,186,clim,,,,,,,,
D3,45,all,all,best-time hit rate (top-2),driver_level,0.7804171535323711,0.7772869303822517,0.7837702214717865,142921.0,False,11534,186,clim,-0.038104959544500994,-0.04098452925682068,-0.035228438675403595,-0.048634596168994904,-0.028610104322433473,106784.0,0.9596060352806909,False
D3,45,all,all,best-time hit rate (top-2),driver_level_x_h5,0.7804171535323711,0.7772869303822517,0.7837702214717865,142921.0,False,11534,186,clim,-0.038104959544500994,-0.04098452925682068,-0.035228438675403595,-0.048634596168994904,-0.028610104322433473,106784.0,0.9596060352806909,False
D3,45,all,all,best-time hit rate (top-2),h5,0.8203932737700441,0.817306074500084,0.823569355905056,153786.0,False,12436,186,clim,0.010289982104378925,0.008404843509197235,0.01211903691291809,0.005913926661014557,0.015471431612968444,109524.0,0.9842288302375111,True
D3,45,all,all,best-time hit rate (top-2),lvlh5_cbd,0.7180058548520994,0.7103828728199005,0.7261911749839782,22887.0,False,1958,84,clim,-0.04361259655377303,-0.05168063491582871,-0.0366082638502121,-0.06521826833486558,-0.017517915368080145,16830.0,0.15124147413258565,False
D3,45,all,all,best-time hit rate (top-2),lvlh5_naive,0.791430230686883,0.7881751298904419,0.7946893438696861,142921.0,False,11534,186,clim,-0.023758240934971475,-0.02641745060682297,-0.021190360188484192,-0.031883913278579715,-0.01574023813009262,106784.0,0.9596060352806909,False
D3,45,all,all,best-time hit rate (top-2),lvlh5_tft,0.7828440592035326,0.777743186056614,0.7883312061429024,61145.0,False,4901,74,clim,-0.019252807701123142,-0.023457598686218262,-0.015283001959323883,-0.03008863627910614,-0.007139636576175693,47993.0,0.43128532786958906,False
D3,45,all,all,best-time hit rate (top-2),prod_served,0.7512756564614149,0.7456555008888245,0.7569862619042397,69768.0,False,5364,85,clim,-0.04924437329674314,-0.05321517586708069,-0.04533702880144119,-0.06713656336069107,-0.03317905515432358,52473.0,0.47154449626614187,False
D3,45,all,all,best-time hit rate (top-2),prod_served_lin,0.7681315216144937,0.7626763492822647,0.7737949147820473,69768.0,False,5364,85,clim,-0.025308253768604794,-0.029129132628440857,-0.021585166454315186,-0.03928972482681274,-0.01273392587900162,52473.0,0.47154449626614187,False
D3,45,all,all,best-time hit rate (top-2),wt_med,0.8191987986530352,0.8163098305463791,0.8225324019789696,131852.0,False,11468,186,clim,0.0008425546256248806,-0.0006939604878425598,0.0024254053831100466,-0.0017260998487472535,0.003345397114753723,106818.0,0.9599115736122719,False
D3,60,all,all,best-time hit rate (top-2),clim,0.8269205925415555,0.8233111932873726,0.8306424960494041,92888.0,False,8819,171,clim,,,,,,,,
D3,60,all,all,best-time hit rate (top-2),driver_level,0.7807975552327038,0.7772868707776069,0.784059864282608,119766.0,False,9882,171,clim,-0.04263206672845232,-0.04547291547060013,-0.039623703062534335,-0.05360599011182785,-0.03283547163009644,89557.0,0.9641396089914736,False
D3,60,all,all,best-time hit rate (top-2),driver_level_x_h5,0.7807975552327038,0.7772868707776069,0.784059864282608,119766.0,False,9882,171,clim,-0.04263206672845232,-0.04547291547060013,-0.039623703062534335,-0.05360599011182785,-0.03283547163009644,89557.0,0.9641396089914736,False
D3,60,all,all,best-time hit rate (top-2),h5,0.8233780925298889,0.8201344966888428,0.826506745815277,129061.0,False,10765,171,clim,0.005554043016607668,0.0036566242575645446,0.007477733492851257,0.0009924933314323426,0.009916275739669798,91825.0,0.9885561105847903,True
D3,60,all,all,best-time hit rate (top-2),lvlh5_naive,0.7921279828999883,0.7887484446167946,0.7955240532755852,119766.0,False,9882,171,clim,-0.028640977254709377,-0.03115076422691345,-0.025951294600963595,-0.03677854984998703,-0.020987653732299806,89557.0,0.9641396089914736,False
D3,60,all,all,best-time hit rate (top-2),lvlh5_tft,0.7966573816155988,0.746802307665348,0.8442121744155884,359.0,False,79,48,clim,-0.049342105263157854,-0.08943275213241578,-0.008668646216392519,-0.10784972608089446,0.019240209460258475,304.0,0.003272758590991301,False
D3,60,all,all,best-time hit rate (top-2),prod_served,0.7531806615776081,0.6647939369082451,0.8333439707756043,393.0,False,79,48,clim,-0.046052631578947345,-0.0934257909655571,-0.006895962357521057,-0.08036948293447495,0.038461506366729736,304.0,0.003272758590991301,False
D3,60,all,all,best-time hit rate (top-2),prod_served_lin,0.7480916030534351,0.6517566546797753,0.8309868797659874,393.0,False,79,48,clim,-0.046052631578947345,-0.09319229573011398,-0.004369823634624487,-0.08766376376152038,0.02564934939146041,304.0,0.003272758590991301,False
D3,60,all,all,best-time hit rate (top-2),wt_med,0.8192480445016517,0.8159862920641899,0.8226366221904755,111097.0,False,9920,171,clim,-0.0032169015338721074,-0.005027495324611664,-0.001454374194145203,-0.006439220905303955,-0.00011233240365982291,89838.0,0.9671647575574885,False
D3,90,all,all,best-time hit rate (top-2),clim,0.8313593605302919,0.8271405056118966,0.8360420674085617,61551.0,False,6265,141,clim,,,,,,,,
D3,90,all,all,best-time hit rate (top-2),driver_level,0.7924514209602529,0.7880822345614433,0.7967478603124618,80333.0,False,7100,141,clim,-0.037346486812965596,-0.04093659818172455,-0.03416174501180649,-0.047131799161434174,-0.028503328561782837,59604.0,0.9683676950821271,False
D3,90,all,all,best-time hit rate (top-2),driver_level_x_h5,0.7924514209602529,0.7880822345614433,0.7967478603124618,80333.0,False,7100,141,clim,-0.037346486812965596,-0.04093659818172455,-0.03416174501180649,-0.047131799161434174,-0.028503328561782837,59604.0,0.9683676950821271,False
D3,90,all,all,best-time hit rate (top-2),h5,0.8295761112461936,0.825808210670948,0.8333313301205635,86367.0,False,7755,141,clim,0.003949589472131643,0.0016033560037612916,0.006090733408927918,-0.000990229845046997,0.008887504041194915,61019.0,0.9913567610599341,False
D3,90,all,all,best-time hit rate (top-2),lvlh5_naive,0.7963228063186985,0.7919313788414002,0.8005054980516434,80333.0,False,7100,141,clim,-0.029863767532380403,-0.03322414308786392,-0.02676637023687363,-0.0377999484539032,-0.0218830943107605,59604.0,0.9683676950821271,False
D3,90,all,all,best-time hit rate (top-2),wt_med,0.8243928764166217,0.8202546626329422,0.8285924330353737,74120.0,False,7092,141,clim,-0.0017432304550661915,-0.003910072147846222,0.00023781657218933008,-0.005796977877616882,0.0022057890892028804,60233.0,0.9785868629266787,False
D3,0,all,all,best-time hit rate (±30 min),clim,0.828727022256662,0.8261275887489319,0.8314625710248947,185832.0,False,15210,231,clim,,,,,,,,
D3,0,all,all,best-time hit rate (±30 min),driver_level,0.8124989041432154,0.8102118283510208,0.8148534998297692,228132.0,False,16905,231,clim,-0.00945734054101477,-0.011375045776367188,-0.007526719570159912,-0.015446396172046661,-0.0029922649264335637,182398.0,0.9815209436480262,False
D3,0,all,all,best-time hit rate (±30 min),h5,0.8308096858214629,0.8285530194640159,0.8332424148917198,240723.0,False,17837,231,clim,0.012397744291793078,0.010964761674404144,0.013831625878810882,0.008978796005249024,0.016057376563549042,184953.0,0.9952699212191657,True
D3,0,all,all,best-time hit rate (±30 min),lvlh5_cbd,0.7791550368856363,0.7759431064128876,0.7824359118938446,136503.0,False,9604,130,clim,-0.03177254489006698,-0.03467050641775131,-0.028748373687267303,-0.04261885434389114,-0.02088292241096497,110158.0,0.5927827284859443,False
D3,0,all,all,best-time hit rate (±30 min),lvlh5_naive,0.8183989970718707,0.8160352215170861,0.8208637684583664,228132.0,False,16905,231,clim,-0.0026699854165067594,-0.0044062301516532894,-0.0008644014596939093,-0.007734274864196778,0.002608567476272582,182398.0,0.9815209436480262,False
D3,0,all,all,best-time hit rate (±30 min),lvlh5_tft,0.8076714774587115,0.8047698020935059,0.8106404364109039,168025.0,False,12458,137,clim,-0.003504404584620646,-0.005574625730514526,-0.0014050304889678955,-0.008801150321960449,0.0021720558404922483,134973.0,0.7263173188686556,False
D3,0,all,all,best-time hit rate (±30 min),snaive7,0.8245259019426457,0.8212559148669243,0.8280693218111992,103776.0,False,13610,231,clim,-0.019406965083416883,-0.02183476835489273,-0.01708655059337616,-0.02482466846704483,-0.014313951134681702,87752.0,0.4722114598131646,False
D3,0,all,all,best-time hit rate (±30 min),wt_med,0.8261579605476868,0.8237082958221436,0.8288250640034676,224727.0,False,17382,231,clim,0.005399153675809565,0.0042242631316185,0.0065177097916603085,0.003331856429576874,0.007436509430408477,182436.0,0.9817254294201214,True
D3,1,all,all,best-time hit rate (±30 min),clim,0.8286305247115175,0.8260176986455917,0.8313970014452934,183720.0,False,15080,230,clim,,,,,,,,
D3,1,all,all,best-time hit rate (±30 min),driver_level,0.8116681376875552,0.8094003230333329,0.814075019955635,226600.0,False,16828,230,clim,-0.009777240756239647,-0.011758871376514435,-0.007788209617137909,-0.015861023962497712,-0.0033298403024673473,180419.0,0.9820324406705857,False
D3,1,all,all,best-time hit rate (±30 min),driver_level_x_h5,0.8116681376875552,0.8094003230333329,0.814075019955635,226600.0,False,16828,230,clim,-0.009777240756239647,-0.011758871376514435,-0.007788209617137909,-0.015861023962497712,-0.0033298403024673473,180419.0,0.9820324406705857,False
D3,1,all,all,best-time hit rate (±30 min),h5,0.8305039865838948,0.828221794962883,0.8328833818435669,237923.0,False,17655,230,clim,0.012438096801554055,0.01109900176525116,0.013892187178134919,0.008947530388832092,0.016108959913253784,182745.0,0.9946930111038537,True
D3,1,all,all,best-time hit rate (±30 min),lvlh5_cbd,0.7784249366340927,0.7752338066697121,0.7817853435873985,133747.0,False,9433,129,clim,-0.03177752027809966,-0.03480940610170365,-0.02873189151287079,-0.043115003407001494,-0.020374542474746706,107875.0,0.5871706945351622,False
D3,1,all,all,best-time hit rate (±30 min),lvlh5_naive,0.8180670785525155,0.8158846110105514,0.8205191776156425,226600.0,False,16828,230,clim,-0.002599504486778037,-0.004377235472202301,-0.0008158206939697267,-0.007639376819133758,0.0026957929134368897,180419.0,0.9820324406705857,False
D3,1,all,all,best-time hit rate (±30 min),lvlh5_tft,0.8068653201702745,0.8039782762527465,0.8098722547292709,165615.0,False,12295,136,clim,-0.0040569170435592605,-0.0061832904815673825,-0.0019331440329551702,-0.009649735689163209,0.0016002744436264009,133106.0,0.7245046810363597,False
D3,1,all,all,best-time hit rate (±30 min),snaive7,0.8245136111594119,0.8212979182600975,0.8280039489269256,103518.0,False,13580,230,clim,-0.018880073588593782,-0.02123617082834244,-0.016524215042591096,-0.0243764266371727,-0.013800010085105896,86970.0,0.4733834095362508,False
D3,1,all,all,best-time hit rate (±30 min),wt_med,0.8258023925805561,0.8232476532459259,0.8283792957663536,220933.0,False,17163,230,clim,0.005200260013000668,0.004008145630359649,0.0063367560505867004,0.0031283900141716005,0.007325179874897003,179991.0,0.9797028086218158,True
D3,2,all,all,best-time hit rate (±30 min),clim,0.8288777997238101,0.8261319294571876,0.8316323295235634,181759.0,False,14958,229,clim,,,,,,,,
D3,2,all,all,best-time hit rate (±30 min),driver_level,0.8114408941859278,0.8091789588332177,0.8138639077544212,225367.0,False,16763,229,clim,-0.010534923186352296,-0.01252814382314682,-0.008545975387096406,-0.01647457778453827,-0.004147265851497654,178549.0,0.9823392514263393,False
D3,2,all,all,best-time hit rate (±30 min),driver_level_x_h5,0.8114408941859278,0.8091789588332177,0.8138639077544212,225367.0,False,16763,229,clim,-0.010534923186352296,-0.01252814382314682,-0.008545975387096406,-0.01647457778453827,-0.004147265851497654,178549.0,0.9823392514263393,False
D3,2,all,all,best-time hit rate (±30 min),h5,0.8307491292893898,0.8285118743777276,0.8331745281815529,235727.0,False,17526,229,clim,0.012239251922757655,0.010858261585235595,0.013656321167945861,0.00878044068813324,0.01572062522172928,180730.0,0.9943386572329294,True
D3,2,all,all,best-time hit rate (±30 min),lvlh5_cbd,0.7772045772121303,0.7740646213293075,0.7807720020413399,132395.0,False,9369,128,clim,-0.03262103850521314,-0.035488332808017733,-0.029503172636032107,-0.04387768059968948,-0.021340262889862065,106557.0,0.5862543257830424,False
D3,2,all,all,best-time hit rate (±30 min),lvlh5_naive,0.8179902115216513,0.815733115375042,0.8205026984214783,225367.0,False,16763,229,clim,-0.002951570717282137,-0.004725229740142822,-0.0012010380625724795,-0.008045259118080138,0.002253970503807067,178549.0,0.9823392514263393,False
D3,2,all,all,best-time hit rate (±30 min),lvlh5_tft,0.8063028110928497,0.8032933562994004,0.8092345550656319,163673.0,False,12182,135,clim,-0.00560151606249959,-0.00772218108177185,-0.0034940257668495183,-0.011073555052280425,0.00019295662641525228,131393.0,0.722896802909347,False
D3,2,all,all,best-time hit rate (±30 min),snaive7,0.8244895588278005,0.8212353259325027,0.8279928475618362,103293.0,False,13545,229,clim,-0.018948052400125315,-0.021296125650405884,-0.01654296964406967,-0.024600060284137727,-0.0138421431183815,86183.0,0.47416083935320946,False
D3,2,all,all,best-time hit rate (±30 min),wt_med,0.8256643497716728,0.8231827214360237,0.8283839136362076,218108.0,False,17012,229,clim,0.0048254025386791355,0.0036254093050956727,0.005984361469745636,0.0028687089681625364,0.006868356466293334,177809.0,0.9782679262099814,True
D3,3,all,all,best-time hit rate (±30 min),clim,0.8289875851644383,0.8262781128287315,0.8317692086100579,179946.0,False,14838,228,clim,,,,,,,,
D3,3,all,all,best-time hit rate (±30 min),driver_level,0.8112243759898284,0.8089004829525948,0.8136023581027985,224155.0,False,16701,228,clim,-0.0106937658342382,-0.012654291093349456,-0.008755451440811158,-0.016727404296398164,-0.0043274790048599245,176832.0,0.9826948084425328,False
D3,3,all,all,best-time hit rate (±30 min),driver_level_x_h5,0.8112243759898284,0.8089004829525948,0.8136023581027985,224155.0,False,16701,228,clim,-0.0106937658342382,-0.012654291093349456,-0.008755451440811158,-0.016727404296398164,-0.0043274790048599245,176832.0,0.9826948084425328,False
D3,3,all,all,best-time hit rate (±30 min),h5,0.8304714784633295,0.8281996205449105,0.8328807160258294,233648.0,False,17402,228,clim,0.011980433263452106,0.010591980814933778,0.013377311825752258,0.00845157504081726,0.01565360575914383,178875.0,0.9940482144643393,True
D3,3,all,all,best-time hit rate (±30 min),lvlh5_cbd,0.777004144284751,0.7738337844610215,0.7804330572485924,131989.0,False,9353,127,clim,-0.03286389405072965,-0.03582906574010849,-0.029922047257423402,-0.04420756995677948,-0.02173786461353303,106013.0,0.5891378524668511,False
D3,3,all,all,best-time hit rate (±30 min),lvlh5_naive,0.8177734157168031,0.8154840186238289,0.820295324921608,224155.0,False,16701,228,clim,-0.003178157799493375,-0.004893480241298676,-0.0013604983687400835,-0.008195847272872925,0.0021310791373252845,176832.0,0.9826948084425328,False
D3,3,all,all,best-time hit rate (±30 min),lvlh5_tft,0.8058988850798356,0.8030395552515983,0.8089040279388428,161895.0,False,12064,134,clim,-0.005989685714946402,-0.008145138621330261,-0.003864005208015442,-0.011627262830734253,-0.00012837350368499843,129723.0,0.7208996032142976,False
D3,3,all,all,best-time hit rate (±30 min),prod_served,0.7778604548193883,0.7745120674371719,0.7813471749424934,162614.0,False,11741,134,clim,-0.033187739754643175,-0.03561740517616272,-0.030713266134262084,-0.046299131214618684,-0.022501233220100406,131645.0,0.7315805852866971,False
D3,3,all,all,best-time hit rate (±30 min),prod_served_lin,0.7907929206587379,0.7875739261507988,0.7940683737397194,162614.0,False,11741,134,clim,-0.018937293478673678,-0.02125403881072998,-0.016557545959949495,-0.031122231483459474,-0.009065335988998413,131645.0,0.7315805852866971,False
D3,3,all,all,best-time hit rate (±30 min),snaive7,0.8244816703083273,0.8211277246475219,0.827889446914196,102975.0,False,13505,228,clim,-0.01901550278675479,-0.021472671627998353,-0.016586720943450928,-0.02478346526622772,-0.013907690346241,85404.0,0.47460904938148113,False
D3,3,all,all,best-time hit rate (±30 min),wt_med,0.825687179606133,0.823238056898117,0.8283654093742371,215555.0,False,16857,228,clim,0.004708879764328433,0.003533235192298889,0.0059089139103889465,0.0027923241257667543,0.0067743659019470215,175838.0,0.9771709290564947,True
D3,4,all,all,best-time hit rate (±30 min),clim,0.8290923583862403,0.8263620436191559,0.8319284319877625,178143.0,False,14716,227,clim,,,,,,,,
D3,4,all,all,best-time hit rate (±30 min),driver_level,0.8110441893238306,0.8086990490555763,0.8134306281805038,222814.0,False,16626,227,clim,-0.010583551801145674,-0.012425115704536438,-0.00860622078180313,-0.016658206284046174,-0.0041897684335708615,175083.0,0.9828227884340108,False
D3,4,all,all,best-time hit rate (±30 min),driver_level_x_h5,0.8110441893238306,0.8086990490555763,0.8134306281805038,222814.0,False,16626,227,clim,-0.010583551801145674,-0.012425115704536438,-0.00860622078180313,-0.016658206284046174,-0.0041897684335708615,175083.0,0.9828227884340108,False
D3,4,all,all,best-time hit rate (±30 min),h5,0.8308093024863071,0.8285050392150879,0.8332397669553757,231508.0,False,17274,227,clim,0.012393029626909913,0.011049652099609375,0.013832083344459534,0.00876854658126831,0.016310565173625946,177035.0,0.993780277642119,True
D3,4,all,all,best-time hit rate (±30 min),lvlh5_cbd,0.7769880730866607,0.7738470688462258,0.780604338645935,131132.0,False,9297,126,clim,-0.03274760383386577,-0.03580977320671082,-0.02969649136066437,-0.0439336895942688,-0.0216326579451561,105168.0,0.5903571849581516,False
D3,4,all,all,best-time hit rate (±30 min),lvlh5_naive,0.8177313813315141,0.8154114961624146,0.8202159255743027,222814.0,False,16626,227,clim,-0.0030614051621230542,-0.0047708630561828615,-0.001136404275894165,-0.008073051273822785,0.0023688808083534227,175083.0,0.9828227884340108,False
D3,4,all,all,best-time hit rate (±30 min),lvlh5_tft,0.8063528176408821,0.8034874394536018,0.8093735098838806,159992.0,False,11939,133,clim,-0.005402404891091894,-0.007495594024658203,-0.003252854943275452,-0.010982610285282135,0.0006244853138923624,127906.0,0.7179962165226812,False
D3,4,all,all,best-time hit rate (±30 min),prod_served,0.778311859516466,0.7748548716306687,0.7817628607153893,160816.0,False,11608,133,clim,-0.03316780228663818,-0.035685160756111146,-0.030695779621601107,-0.046413291990756986,-0.022532741725444793,129885.0,0.729105269362254,False
D3,4,all,all,best-time hit rate (±30 min),prod_served_lin,0.7909660730275595,0.7877682268619537,0.794262732565403,160816.0,False,11608,133,clim,-0.019063017284520867,-0.021501627564430238,-0.016602811217308045,-0.031016184389591216,-0.00912165492773056,129885.0,0.729105269362254,False
D3,4,all,all,best-time hit rate (±30 min),snaive7,0.82447316607209,0.8211649030447006,0.8278952211141586,102594.0,False,13454,227,clim,-0.01890604875397328,-0.02131761461496353,-0.01651107519865036,-0.024876420199871064,-0.013569189608097077,84629.0,0.47506216915623967,False
D3,4,all,all,best-time hit rate (±30 min),wt_med,0.8258677061784339,0.8233153581619262,0.8285357430577278,213177.0,False,16726,227,clim,0.004933302667893269,0.0037342101335525514,0.006088279187679291,0.0030102282762527466,0.006893770396709442,173920.0,0.9762943253453686,True
D3,5,all,all,best-time hit rate (±30 min),clim,0.82924435164486,0.8264960020780563,0.8320396155118942,176246.0,False,14583,226,clim,,,,,,,,
D3,5,all,all,best-time hit rate (±30 min),driver_level,0.810549565704426,0.8082510650157928,0.8129467129707336,221393.0,False,16555,226,clim,-0.010850107981383417,-0.012816359102725983,-0.008811658620834351,-0.016662837564945222,-0.004723198711872104,173178.0,0.9825925127378777,False
D3,5,all,all,best-time hit rate (±30 min),driver_level_x_h5,0.810549565704426,0.8082510650157928,0.8129467129707336,221393.0,False,16555,226,clim,-0.010850107981383417,-0.012816359102725983,-0.008811658620834351,-0.016662837564945222,-0.004723198711872104,173178.0,0.9825925127378777,False
D3,5,all,all,best-time hit rate (±30 min),h5,0.8304409077229726,0.8282089218497276,0.8327538967132568,229277.0,False,17146,226,clim,0.012012543768957107,0.010620452463626862,0.013577370345592497,0.00846782624721527,0.015766847133636474,175067.0,0.9933104864791258,True
D3,5,all,all,best-time hit rate (±30 min),lvlh5_cbd,0.7761096101891162,0.7729202926158905,0.7796858116984368,129550.0,False,9191,125,clim,-0.03352899152362376,-0.036596940457820894,-0.03038424849510193,-0.04499914050102234,-0.02221000194549561,103582.0,0.5877126289390965,False
D3,5,all,all,best-time hit rate (±30 min),lvlh5_naive,0.8175958589476632,0.8152223795652389,0.8200826108455658,221393.0,False,16555,226,clim,-0.003048886117174243,-0.004807433485984803,-0.0011688485741615298,-0.007863931357860565,0.002182678878307341,173178.0,0.9825925127378777,False
D3,5,all,all,best-time hit rate (±30 min),lvlh5_tft,0.8057328470480967,0.8029107034206391,0.8087680757045745,157932.0,False,11806,132,clim,-0.005838615890567667,-0.008144772052764893,-0.0035865738987922668,-0.011197693645954132,9.163171052932727e-05,125886.0,0.714263018735177,False
D3,5,all,all,best-time hit rate (±30 min),prod_served,0.778378752334891,0.7748392909765244,0.781977066397667,159001.0,False,11481,132,clim,-0.0333966259562265,-0.03588427305221557,-0.030955894291400908,-0.04684653580188751,-0.022786886990070348,127977.0,0.7261271177785595,False
D3,5,all,all,best-time hit rate (±30 min),prod_served_lin,0.7913346456940522,0.7880355969071389,0.7946211904287338,159001.0,False,11481,132,clim,-0.018847136594856928,-0.021289317309856413,-0.016300430893898012,-0.031015223264694212,-0.008976551890373231,127977.0,0.7261271177785595,False
D3,5,all,all,best-time hit rate (±30 min),snaive7,0.8245620906073453,0.8212305799126625,0.8279506176710129,102133.0,False,13413,226,clim,-0.01867695910905043,-0.02113485485315323,-0.01628106236457825,-0.024753621220588683,-0.013149598240852357,83686.0,0.47482496056648094,False
D3,5,all,all,best-time hit rate (±30 min),wt_med,0.8261577149364205,0.8235826075077057,0.8288028940558434,210760.0,False,16583,226,clim,0.005002413955571661,0.0037567317485809326,0.006186047196388244,0.003145347535610199,0.006973955035209656,171917.0,0.9754377404309885,True
D3,6,all,all,best-time hit rate (±30 min),clim,0.8291120347195113,0.8263492450118065,0.8318523332476616,174196.0,False,14453,225,clim,,,,,,,,
D3,6,all,all,best-time hit rate (±30 min),driver_level,0.8101076922376964,0.8077576398849488,0.812519034743309,219793.0,False,16472,225,clim,-0.011447036275243017,-0.013424262404441833,-0.009463898837566376,-0.01748095154762268,-0.004910753667354584,171136.0,0.9824335805644216,False
D3,6,all,all,best-time hit rate (±30 min),driver_level_x_h5,0.8101076922376964,0.8077576398849488,0.812519034743309,219793.0,False,16472,225,clim,-0.011447036275243017,-0.013424262404441833,-0.009463898837566376,-0.01748095154762268,-0.004910753667354584,171136.0,0.9824335805644216,False
D3,6,all,all,best-time hit rate (±30 min),h5,0.830012513659276,0.8277716144919396,0.8324298650026322,226952.0,False,17003,225,clim,0.011279999537467944,0.00992233157157898,0.012794166803359985,0.00781436711549759,0.015162946283817291,172961.0,0.9929102849663597,True
D3,6,all,all,best-time hit rate (±30 min),lvlh5_cbd,0.7681647090125128,0.7649468585848809,0.7716706588864326,127789.0,False,9076,124,clim,-0.041784918148697336,-0.044990436732769014,-0.03840484470129013,-0.05583003610372543,-0.028173528611660004,101831.0,0.584577142988358,False
D3,6,all,all,best-time hit rate (±30 min),lvlh5_naive,0.8173053736925198,0.815075297653675,0.8197181358933449,219793.0,False,16472,225,clim,-0.003593633133881835,-0.0053904041647911075,-0.0017140880227088935,-0.00849491059780121,0.0017248883843421934,171136.0,0.9824335805644216,False
D3,6,all,all,best-time hit rate (±30 min),lvlh5_tft,0.8034733684866313,0.8006823554635047,0.8065882951021195,155699.0,False,11661,131,clim,-0.008576343182937762,-0.010815438628196717,-0.006266115605831147,-0.01445554792881012,-0.002408413589000703,123829.0,0.7108601804863487,False
D3,6,all,all,best-time hit rate (±30 min),prod_served,0.7784387280034137,0.7750118598341942,0.7819462284445763,157013.0,False,11346,131,clim,-0.03260921347244061,-0.034982319176197055,-0.03008583337068558,-0.045873209834098816,-0.02195791155099869,125946.0,0.7230131575925969,False
D3,6,all,all,best-time hit rate (±30 min),prod_served_lin,0.7907943928209766,0.7875610068440437,0.794049072265625,157013.0,False,11346,131,clim,-0.018801708668794603,-0.021181292831897736,-0.016323043406009676,-0.030781468749046324,-0.009122495353221894,125946.0,0.7230131575925969,False
D3,6,all,all,best-time hit rate (±30 min),snaive7,0.8245553631856457,0.8212226629257202,0.8279693126678467,101656.0,False,13366,225,clim,-0.018399408893249425,-0.02081373184919357,-0.015925003588199614,-0.02439960241317749,-0.013063666224479676,82557.0,0.47393166318399965,False
D3,6,all,all,best-time hit rate (±30 min),wt_med,0.8257455999154338,0.8230545312166214,0.8283720016479492,208121.0,False,16421,225,clim,0.00435279427009716,0.0032170578837394715,0.005617518723011017,0.002530933916568756,0.00629921406507492,169776.0,0.974626283037498,True
D3,7,all,all,best-time hit rate (±30 min),clim,0.828904418053915,0.8261596947908402,0.8318292632699013,171863.0,False,14321,224,clim,,,,,,,,
D3,7,all,all,best-time hit rate (±30 min),driver_level,0.8081561994494424,0.8057512760162353,0.8107573062181472,211422.0,False,15863,224,clim,-0.01510595647193591,-0.017286454141139985,-0.01319260448217392,-0.021391747891902922,-0.008616802096366885,167616.0,0.975288456503145,False
D3,7,all,all,best-time hit rate (±30 min),driver_level_x_h5,0.8081561994494424,0.8057512760162353,0.8107573062181472,211422.0,False,15863,224,clim,-0.01510595647193591,-0.017286454141139985,-0.01319260448217392,-0.021391747891902922,-0.008616802096366885,167616.0,0.975288456503145,False
D3,7,all,all,best-time hit rate (±30 min),h5,0.8294685558485675,0.8271515592932701,0.8319840729236603,223730.0,False,16816,224,clim,0.010900540629287803,0.009450745582580567,0.012296096980571746,0.007388909161090851,0.014614629745483398,170542.0,0.9923136451708628,True
D3,7,all,all,best-time hit rate (±30 min),lvlh5_cbd,0.766576406029091,0.7630495056509972,0.7699837982654572,125193.0,False,8909,123,clim,-0.04308712595546027,-0.046720460057258606,-0.03957729935646057,-0.05828647166490555,-0.028365480899810794,99821.0,0.5808172788791072,False
D3,7,all,all,best-time hit rate (±30 min),lvlh5_naive,0.8162490185505765,0.8137923553586006,0.8189109176397323,211422.0,False,15863,224,clim,-0.006079371897670827,-0.007937856018543243,-0.0042603880167007445,-0.010987524688243865,-0.0007972925901412973,167616.0,0.975288456503145,False
D3,7,all,all,best-time hit rate (±30 min),lvlh5_tft,0.8016185061855198,0.798696719110012,0.8046900108456612,152857.0,False,11488,130,clim,-0.009907584029467897,-0.01220538467168808,-0.007640872895717621,-0.015521124005317688,-0.003888750076293946,121624.0,0.7076799543822696,False
D3,7,all,all,best-time hit rate (±30 min),prod_served,0.7780490482926105,0.7746339604258538,0.7815178126096726,154827.0,False,11207,130,clim,-0.033059052479428974,-0.03554925471544266,-0.0305704265832901,-0.046078188717365264,-0.02224341928958893,123839.0,0.7205681269383172,False
D3,7,all,all,best-time hit rate (±30 min),prod_served_lin,0.7904176920046245,0.787033098936081,0.7936660185456276,154827.0,False,11207,130,clim,-0.01902470142685264,-0.021474665403366087,-0.016581997275352478,-0.031014753878116606,-0.009278300404548646,123839.0,0.7205681269383172,False
D3,7,all,all,best-time hit rate (±30 min),wt_med,0.8259373638797395,0.8233374401926994,0.828480638563633,204323.0,False,16200,224,clim,0.004405602348060533,0.0031320124864578245,0.005613370239734649,0.0026278406381607055,0.006355316936969757,167287.0,0.9733741410309374,True
D3,10,all,all,best-time hit rate (±30 min),clim,0.8292728365384615,0.8264811307191848,0.8322408735752106,166400.0,False,13979,221,clim,,,,,,,,
D3,10,all,all,best-time hit rate (±30 min),driver_level,0.8070502986269913,0.8046161457896233,0.809726269543171,207282.0,False,15662,221,clim,-0.01629872369782681,-0.018460725247859956,-0.01421729326248169,-0.022642213106155395,-0.009460796415805819,162344.0,0.975625,False
D3,10,all,all,best-time hit rate (±30 min),driver_level_x_h5,0.8070502986269913,0.8046161457896233,0.809726269543171,207282.0,False,15662,221,clim,-0.01629872369782681,-0.018460725247859956,-0.01421729326248169,-0.022642213106155395,-0.009460796415805819,162344.0,0.975625,False
D3,10,all,all,best-time hit rate (±30 min),h5,0.8293694830341067,0.8270057052373886,0.8319798886775971,217171.0,False,16434,221,clim,0.010334600898819213,0.008887279033660888,0.011799193918704987,0.0070670291781425474,0.01409386247396469,164883.0,0.9908834134615384,True
D3,10,all,all,best-time hit rate (±30 min),lvlh5_cbd,0.7651467936412967,0.7615464299917221,0.7689299806952477,120339.0,False,8625,120,clim,-0.04505135143606409,-0.04885148853063583,-0.04163266122341156,-0.060116222500801085,-0.030977492034435283,95713.0,0.5751983173076923,False
D3,10,all,all,best-time hit rate (±30 min),lvlh5_naive,0.8158740266882797,0.8133507922291756,0.8186183586716652,207282.0,False,15662,221,clim,-0.006523185334844528,-0.008379428088665009,-0.0046759799122810366,-0.011284726858139037,-0.0012976214289665223,162344.0,0.975625,False
D3,10,all,all,best-time hit rate (±30 min),lvlh5_tft,0.8006871683222208,0.7976224571466446,0.8037828102707862,146980.0,False,11121,127,clim,-0.011551721180728225,-0.01395476758480072,-0.009239530563354493,-0.017346708476543425,-0.005475242435932162,116606.0,0.7007572115384615,False
D3,10,all,all,best-time hit rate (±30 min),prod_served,0.779124592616338,0.7755746960639953,0.7828115507960319,149736.0,False,10854,127,clim,-0.032340296649026934,-0.03483410030603409,-0.029820068180561068,-0.04534516185522079,-0.02140271216630936,118861.0,0.7143088942307693,False
D3,10,all,all,best-time hit rate (±30 min),prod_served_lin,0.7914863493081156,0.7880345910787583,0.7950066432356835,149736.0,False,10854,127,clim,-0.01814724762537745,-0.020591816306114195,-0.015593665838241576,-0.03014722466468811,-0.008426968753337868,118861.0,0.7143088942307693,False
D3,10,all,all,best-time hit rate (±30 min),wt_med,0.8258401291803346,0.8231441140174866,0.8284309267997741,196934.0,False,15753,221,clim,0.0032815508733259335,0.0020805910229682923,0.004427652060985565,0.0015025213360786438,0.0051164314150810245,161509.0,0.9706069711538462,True
D3,14,all,all,best-time hit rate (±30 min),clim,0.8295161401680862,0.8266462594270706,0.8324003279209137,159323.0,False,13489,217,clim,,,,,,,,
D3,14,all,all,best-time hit rate (±30 min),driver_level,0.8051503544943363,0.8024225860834122,0.807973600924015,196336.0,False,14904,217,clim,-0.019776479191338736,-0.022076043486595153,-0.017651574313640596,-0.026694752275943756,-0.012188147008419038,154527.0,0.9698976293441625,False
D3,14,all,all,best-time hit rate (±30 min),driver_level_x_h5,0.8051503544943363,0.8024225860834122,0.807973600924015,196336.0,False,14904,217,clim,-0.019776479191338736,-0.022076043486595153,-0.017651574313640596,-0.026694752275943756,-0.012188147008419038,154527.0,0.9698976293441625,False
D3,14,all,all,best-time hit rate (±30 min),h5,0.8287467050083872,0.8262473598122597,0.8313974753022194,208650.0,False,15880,217,clim,0.009338921047125748,0.007797001302242279,0.010870790481567383,0.006070315837860107,0.013092029094696044,157727.0,0.9899826139352134,True
D3,14,all,all,best-time hit rate (±30 min),lvlh5_cbd,0.7627094663306363,0.7592192009091377,0.7665781691670418,113085.0,False,8105,116,clim,-0.048165086197233586,-0.051919478178024295,-0.04428447484970093,-0.06409149169921875,-0.032684062421321866,89214.0,0.5599568172831293,False
D3,14,all,all,best-time hit rate (±30 min),lvlh5_naive,0.813900660092902,0.8113400235772132,0.8166565060615539,196336.0,False,14904,217,clim,-0.010037080898483763,-0.011912019550800323,-0.008038900792598724,-0.015331578254699708,-0.0043924272060394285,154527.0,0.9698976293441625,False
D3,14,all,all,best-time hit rate (±30 min),lvlh5_tft,0.8003694864569555,0.797139385342598,0.80366550385952,139112.0,False,10586,123,clim,-0.012302669378300268,-0.01489022970199585,-0.00984881967306137,-0.017870746552944183,-0.005956605076789857,109651.0,0.6882308266854127,False
D3,14,all,all,best-time hit rate (±30 min),prod_served,0.778405700445786,0.7746317654848098,0.7821375787258148,142445.0,False,10349,123,clim,-0.03344909686543385,-0.036046354472637175,-0.030887557566165926,-0.04702411144971848,-0.022156803309917456,111722.0,0.7012295776504334,False
D3,14,all,all,best-time hit rate (±30 min),prod_served_lin,0.7910702376355786,0.7874352157115936,0.7945797130465507,142445.0,False,10349,123,clim,-0.018402821288555526,-0.020958927273750306,-0.015751592814922333,-0.030721592903137206,-0.008187064528465276,111722.0,0.7012295776504334,False
D3,14,all,all,best-time hit rate (±30 min),wt_med,0.8257988797012537,0.8231287285685539,0.8285053446888924,187450.0,False,15156,217,clim,0.0019009926685266132,0.0007002130150794983,0.003125523030757904,0.0001937389373779297,0.003625144064426422,154130.0,0.9674058359433353,True
D3,21,all,all,best-time hit rate (±30 min),clim,0.8291940002849254,0.8264294221997261,0.8321842387318611,147407.0,False,12706,210,clim,,,,,,,,
D3,21,all,all,best-time hit rate (±30 min),driver_level,0.8037237362180154,0.8010324954986572,0.806304794549942,182666.0,False,14014,210,clim,-0.02270525975940152,-0.025114554166793823,-0.020410043001174927,-0.030614966154098512,-0.014353139698505402,142478.0,0.9665619678848358,False
D3,21,all,all,best-time hit rate (±30 min),driver_level_x_h5,0.8037237362180154,0.8010324954986572,0.806304794549942,182666.0,False,14014,210,clim,-0.02270525975940152,-0.025114554166793823,-0.020410043001174927,-0.030614966154098512,-0.014353139698505402,142478.0,0.9665619678848358,False
D3,21,all,all,best-time hit rate (±30 min),h5,0.8294542679960467,0.8268722146749496,0.8320701733231545,195279.0,False,15009,210,clim,0.00877710678012622,0.007189232110977173,0.010352733731269836,0.005433189868927002,0.01307273805141449,145720.0,0.9885554960076522,True
D3,21,all,all,best-time hit rate (±30 min),lvlh5_cbd,0.7623832118573595,0.7588967904448509,0.7663511767983436,102215.0,False,7342,109,clim,-0.049856316430122116,-0.053859290480613706,-0.04615236222743988,-0.06778824031352997,-0.032524748146533965,79689.0,0.5406052629793701,False
D3,21,all,all,best-time hit rate (±30 min),lvlh5_naive,0.8128606308782149,0.8102063089609146,0.8155124545097351,182666.0,False,14014,210,clim,-0.011973778407894597,-0.013923250138759613,-0.00998430997133255,-0.017714455723762512,-0.005886518955230713,142478.0,0.9665619678848358,False
D3,21,all,all,best-time hit rate (±30 min),lvlh5_tft,0.7991426628070675,0.7958830386400223,0.8023237630724906,126438.0,False,9683,116,clim,-0.014497749300458218,-0.017354559898376466,-0.011987729370594025,-0.02121228277683258,-0.006722314655780793,98636.0,0.6691405428507465,False
D3,21,all,all,best-time hit rate (±30 min),prod_served,0.777408916130506,0.7735320076346397,0.7814371898770333,131335.0,False,9582,116,clim,-0.03236374466395309,-0.034971299767494204,-0.02981332987546921,-0.046315498650074005,-0.021072530746459962,100730.0,0.6833461097505545,False
D3,21,all,all,best-time hit rate (±30 min),prod_served_lin,0.7891270415350059,0.7854356884956359,0.7928652212023735,131335.0,False,9582,116,clim,-0.017800059565174164,-0.020284004509449005,-0.0151992529630661,-0.030241592228412627,-0.00695649087429047,100730.0,0.6833461097505545,False
D3,21,all,all,best-time hit rate (±30 min),wt_med,0.8257127955493742,0.8229948669672013,0.8285715416073799,172560.0,False,14188,210,clim,0.0010631107606522416,-0.0002314731478691101,0.0022940427064895626,-0.0009811773896217346,0.0030908256769180296,142036.0,0.9635634671352107,False
D3,30,all,all,best-time hit rate (±30 min),clim,0.8297830419593668,0.8268294990062713,0.8328177869319916,131961.0,False,11651,201,clim,,,,,,,,
D3,30,all,all,best-time hit rate (±30 min),driver_level,0.8021477910490719,0.7994566321372986,0.8050977736711502,166776.0,False,13065,201,clim,-0.023492622216635062,-0.025970013439655305,-0.021004390716552735,-0.0321215033531189,-0.01457047462463379,127274.0,0.9644819302672759,False
D3,30,all,all,best-time hit rate (±30 min),driver_level_x_h5,0.8021477910490719,0.7994566321372986,0.8050977736711502,166776.0,False,13065,201,clim,-0.023492622216635062,-0.025970013439655305,-0.021004390716552735,-0.0321215033531189,-0.01457047462463379,127274.0,0.9644819302672759,False
D3,30,all,all,best-time hit rate (±30 min),h5,0.828964223111151,0.8262534409761428,0.831665650010109,177992.0,False,13951,201,clim,0.009024798979136883,0.007366727292537689,0.010647960007190704,0.005497179925441742,0.01323026269674301,130086.0,0.9857912565076046,True
D3,30,all,all,best-time hit rate (±30 min),lvlh5_cbd,0.7598391137775681,0.7555021077394486,0.7639354839920998,89007.0,False,6510,100,clim,-0.051767862935330644,-0.05601657778024673,-0.04763792753219605,-0.07150001972913742,-0.03302177488803863,67822.0,0.5139548806086647,False
D3,30,all,all,best-time hit rate (±30 min),lvlh5_naive,0.8115496234470188,0.808808921277523,0.8144910365343094,166776.0,False,13065,201,clim,-0.012202020836934557,-0.014354924857616424,-0.010065779089927673,-0.018332560360431672,-0.005728425085544587,127274.0,0.9644819302672759,False
D3,30,all,all,best-time hit rate (±30 min),lvlh5_tft,0.7998699693042292,0.7958244323730469,0.8036697030067443,93824.0,False,7201,105,clim,-0.011865164770662684,-0.014963753521442413,-0.009043294191360473,-0.019753874838352205,-0.0033103451132774357,71554.0,0.5422359636559286,False
D3,30,all,all,best-time hit rate (±30 min),prod_served,0.7782184258694326,0.7738885134458542,0.782733379304409,104896.0,False,7660,105,clim,-0.030188243149541605,-0.03305482864379883,-0.02730167657136917,-0.04218678623437881,-0.019935655593872073,77878.0,0.5901592137070801,False
D3,30,all,all,best-time hit rate (±30 min),prod_served_lin,0.7894199969493594,0.7852335482835769,0.7936863914132118,104896.0,False,7660,105,clim,-0.015922340070366525,-0.018821409344673155,-0.012983137369155883,-0.026723599433898924,-0.005410803854465486,77878.0,0.5901592137070801,False
D3,30,all,all,best-time hit rate (±30 min),wt_med,0.8250728298011148,0.8222454398870468,0.8279874950647355,154813.0,False,13025,201,clim,0.0012550715943355772,7.5355172157287825e-06,0.002650846540927887,-0.0008081778883934021,0.003251583874225616,126686.0,0.9600260683080607,False
D3,45,all,all,best-time hit rate (±30 min),clim,0.8302554839637308,0.8270391061902046,0.8334602147340775,111279.0,False,10213,186,clim,,,,,,,,
D3,45,all,all,best-time hit rate (±30 min),driver_level,0.8026112327789479,0.7996815577149391,0.8056156307458877,142921.0,False,11534,186,clim,-0.022437818399760334,-0.025048792362213135,-0.01998629868030548,-0.03224190771579742,-0.012016782164573676,106784.0,0.9596060352806909,False
D3,45,all,all,best-time hit rate (±30 min),driver_level_x_h5,0.8026112327789479,0.7996815577149391,0.8056156307458877,142921.0,False,11534,186,clim,-0.022437818399760334,-0.025048792362213135,-0.01998629868030548,-0.03224190771579742,-0.012016782164573676,106784.0,0.9596060352806909,False
D3,45,all,all,best-time hit rate (±30 min),h5,0.8282808578154058,0.8253309011459351,0.8311539769172669,153786.0,False,12436,186,clim,0.009404331470727945,0.007689474523067475,0.01105821430683136,0.0051907777786254885,0.014722600579261778,109524.0,0.9842288302375111,True
D3,45,all,all,best-time hit rate (±30 min),lvlh5_cbd,0.7547516057150347,0.7475148737430573,0.762256321310997,22887.0,False,1958,84,clim,-0.021152703505644688,-0.027393899857997894,-0.014939625561237338,-0.041401566565036775,0.0007660642266273488,16830.0,0.15124147413258565,False
D3,45,all,all,best-time hit rate (±30 min),lvlh5_naive,0.810559679823119,0.8076099261641503,0.8136177286505699,142921.0,False,11534,186,clim,-0.01311994306263109,-0.01548210233449936,-0.01079757660627365,-0.0202972412109375,-0.004967434704303744,106784.0,0.9596060352806909,False
D3,45,all,all,best-time hit rate (±30 min),lvlh5_tft,0.8023059939488102,0.7977155268192291,0.8072088107466697,61145.0,False,4901,74,clim,-0.009938949430125188,-0.013410148024559022,-0.00617433786392212,-0.02083813101053238,0.0018956363201141305,47993.0,0.43128532786958906,False
D3,45,all,all,best-time hit rate (±30 min),prod_served,0.777562779497764,0.7723433494567871,0.78317282050848,69768.0,False,5364,85,clim,-0.029748632630114513,-0.033272461593151094,-0.02624633014202118,-0.0423298180103302,-0.01867870092391968,52473.0,0.47154449626614187,False
D3,45,all,all,best-time hit rate (±30 min),prod_served_lin,0.7899466804265566,0.7849234357476235,0.79539984613657,69768.0,False,5364,85,clim,-0.01276847140434123,-0.016295194625854492,-0.00925358682870865,-0.025146684050559996,-0.0006250634789466878,52473.0,0.47154449626614187,False
D3,45,all,all,best-time hit rate (±30 min),wt_med,0.8245532870187786,0.8216792896389962,0.8277064606547355,131852.0,False,11468,186,clim,-0.00033702185024997444,-0.0018099859356880189,0.0011901363730430596,-0.0030266359448432923,0.0022832781076431263,106818.0,0.9599115736122719,False
D3,60,all,all,best-time hit rate (±30 min),clim,0.8321634656790974,0.828714108467102,0.8355208307504653,92888.0,False,8819,171,clim,,,,,,,,
D3,60,all,all,best-time hit rate (±30 min),driver_level,0.8026484979042466,0.7992187425494194,0.8058451414108276,119766.0,False,9882,171,clim,-0.02678740913608091,-0.0294355645775795,-0.02402039021253586,-0.038280744850635526,-0.016543397307395936,89557.0,0.9641396089914736,False
D3,60,all,all,best-time hit rate (±30 min),driver_level_x_h5,0.8026484979042466,0.7992187425494194,0.8058451414108276,119766.0,False,9882,171,clim,-0.02678740913608091,-0.0294355645775795,-0.02402039021253586,-0.038280744850635526,-0.016543397307395936,89557.0,0.9641396089914736,False
D3,60,all,all,best-time hit rate (±30 min),h5,0.8292357877282835,0.8261862754821777,0.8322137877345085,129061.0,False,10765,171,clim,0.004595698339232235,0.0026788339018821716,0.0063960224390029905,-0.00010827481746673581,0.008926039934158326,91825.0,0.9885561105847903,False
D3,60,all,all,best-time hit rate (±30 min),lvlh5_naive,0.8100546064826412,0.8068409696221351,0.8132424458861351,119766.0,False,9882,171,clim,-0.01779872036803376,-0.020167669653892516,-0.015319454669952392,-0.02558813989162445,-0.010167616605758668,89557.0,0.9641396089914736,False
D3,60,all,all,best-time hit rate (±30 min),lvlh5_tft,0.8189415041782729,0.7725632026791572,0.8630659341812134,359.0,False,79,48,clim,-0.019736842105263164,-0.055970878899097444,0.013159354031085967,-0.04529307633638382,0.03379108607769005,304.0,0.003272758590991301,False
D3,60,all,all,best-time hit rate (±30 min),prod_served,0.7684478371501272,0.6908632516860962,0.8400099501013756,393.0,False,79,48,clim,-0.0296052631578948,-0.08823763728141784,0.01846873760223388,-0.052315762639045714,0.038461506366729736,304.0,0.003272758590991301,False
D3,60,all,all,best-time hit rate (±30 min),prod_served_lin,0.7786259541984732,0.6962552800774574,0.851067528128624,393.0,False,79,48,clim,-0.016447368421052655,-0.07024457156658173,0.02718036472797391,-0.04167025685310364,0.05003200471401212,304.0,0.003272758590991301,False
D3,60,all,all,best-time hit rate (±30 min),wt_med,0.8259088904290844,0.8225812166929245,0.8291205108165741,111097.0,False,9920,171,clim,-0.002448852378726163,-0.004025749862194061,-0.0007098019123077395,-0.006302620470523834,0.0010820925235748285,89838.0,0.9671647575574885,False
D3,90,all,all,best-time hit rate (±30 min),clim,0.8375168559406021,0.8335540235042572,0.8416100353002548,61551.0,False,6265,141,clim,,,,,,,,
D3,90,all,all,best-time hit rate (±30 min),driver_level,0.8102523246984428,0.8064850106835365,0.8141314014792442,80333.0,False,7100,141,clim,-0.027061942151533458,-0.030473902821540833,-0.023856106400489806,-0.036111479997634886,-0.017996549606323242,59604.0,0.9683676950821271,False
D3,90,all,all,best-time hit rate (±30 min),driver_level_x_h5,0.8102523246984428,0.8064850106835365,0.8141314014792442,80333.0,False,7100,141,clim,-0.027061942151533458,-0.030473902821540833,-0.023856106400489806,-0.036111479997634886,-0.017996549606323242,59604.0,0.9683676950821271,False
D3,90,all,all,best-time hit rate (±30 min),h5,0.8371716048953883,0.8337019801139831,0.8407406747341156,86367.0,False,7755,141,clim,0.002786017469968316,0.0006027728319168091,0.004986339807510376,-0.0015365242958068847,0.00756280869245529,61019.0,0.9913567610599341,False
D3,90,all,all,best-time hit rate (±30 min),lvlh5_naive,0.8138996427371068,0.8100679740309715,0.8177176982164382,80333.0,False,7100,141,clim,-0.021441513992349504,-0.024265998601913454,-0.018531194329261782,-0.028991954028606416,-0.014253526926040656,59604.0,0.9683676950821271,False
D3,90,all,all,best-time hit rate (±30 min),wt_med,0.8318942255801404,0.8279377415776252,0.835791289806366,74120.0,False,7092,141,clim,-0.0012949711951920628,-0.0032017454504966736,0.0005622133612632747,-0.005156895518302918,0.002765603363513946,60233.0,0.9785868629266787,False
D3,0,all,all,best-time regret (min),clim,3.032755391966938,2.9723721861839296,3.093480032682419,185832.0,True,15210,231,wt_med,0.17004867460369644,0.13982267379760743,0.20131142139434813,0.11006398200988769,0.23010792732238766,182436.0,0.8118116648199816,False
D3,0,all,all,best-time regret (min),driver_level,3.315931127592797,3.2653099656105042,3.3651247918605804,228132.0,True,16905,231,wt_med,0.2684025504209684,0.23442073464393615,0.3060657143592834,0.15129881501197814,0.3766133964061737,215337.0,0.9582159687086999,False
D3,0,all,all,best-time regret (min),h5,2.8203744552867818,2.772946685552597,2.8653530180454254,240723.0,True,17837,231,wt_med,-0.29440610162552794,-0.32186529636383054,-0.26836304664611815,-0.3761856198310852,-0.22431626915931702,224727.0,1.0,True
D3,0,all,all,best-time regret (min),lvlh5_cbd,3.883247987223724,3.8156640470027923,3.9511235058307648,136503.0,True,9604,130,wt_med,0.7567182758888977,0.7026614010334015,0.8113665163516999,0.5664090812206268,0.9376128852367401,128530.0,0.5719383963653678,False
D3,0,all,all,best-time regret (min),lvlh5_naive,3.163313344905581,3.115256941318512,3.2122732162475587,228132.0,True,16905,231,wt_med,0.10542080552807942,0.07315784096717834,0.14001215696334837,-0.005124980211257933,0.20367069244384764,215337.0,0.9582159687086999,False
D3,0,all,all,best-time regret (min),lvlh5_tft,3.260496949858652,3.2015856981277464,3.3175297558307646,168025.0,True,12458,137,wt_med,0.07763949559053795,0.0395474374294281,0.11690905094146728,-0.036357092857360836,0.17886331677436826,157729.0,0.7018693792913179,False
D3,0,all,all,best-time regret (min),snaive7,3.4471843200740055,3.3692042410373686,3.5194088876247407,103776.0,True,13610,231,wt_med,0.7756199845187588,0.7236579179763794,0.8290008962154388,0.6219370663166046,0.9495384514331817,102059.0,0.4541465867474758,False
D3,0,all,all,best-time regret (min),wt_med,3.027397686971303,2.974931114912033,3.07564862370491,224727.0,True,17382,231,wt_med,,,,,,,,
D3,1,all,all,best-time regret (min),clim,3.0330557369910736,2.974384093284607,3.095392441749573,183720.0,True,15080,230,clim,,,,,,,,
D3,1,all,all,best-time regret (min),driver_level,3.3325904677846427,3.2844130873680113,3.3828675746917725,226600.0,True,16828,230,clim,0.1433662751705751,0.09763973951339722,0.19221946597099301,-0.01689035296440124,0.27959419488906856,180419.0,0.9820324406705857,False
D3,1,all,all,best-time regret (min),driver_level_x_h5,3.3325904677846427,3.2844130873680113,3.3828675746917725,226600.0,True,16828,230,clim,0.1433662751705751,0.09763973951339722,0.19221946597099301,-0.01689035296440124,0.27959419488906856,180419.0,0.9820324406705857,False
D3,1,all,all,best-time regret (min),h5,2.834042946667619,2.7837471544742582,2.8800964295864104,237923.0,True,17655,230,clim,-0.41220279624613543,-0.44977469444274903,-0.37499133944511415,-0.5287894010543823,-0.30583584904670713,182745.0,0.9946930111038537,True
D3,1,all,all,best-time regret (min),lvlh5_cbd,3.917433662063448,3.8535351753234863,3.9890884518623353,133747.0,True,9433,129,clim,0.6397126303592118,0.5673929214477539,0.7101658105850219,0.3890608012676239,0.8780338585376739,107875.0,0.5871706945351622,False
D3,1,all,all,best-time regret (min),lvlh5_naive,3.164748455428067,3.118356829881668,3.212146443128586,226600.0,True,16828,230,clim,-0.040344974753213414,-0.08051603436470031,0.0026419579982757515,-0.1823631465435028,0.0841458201408386,180419.0,0.9820324406705857,False
D3,1,all,all,best-time regret (min),lvlh5_tft,3.2995380853183587,3.2441697657108306,3.3587462544441222,165615.0,True,12295,136,clim,-0.01902243324868902,-0.06960932016372681,0.03306745886802673,-0.1731436848640442,0.12927818894386292,133106.0,0.7245046810363597,False
D3,1,all,all,best-time regret (min),snaive7,3.443265905446396,3.3647415220737455,3.51629598736763,103518.0,True,13580,230,clim,0.6241002644590092,0.5564303755760193,0.6928966581821442,0.4726730763912201,0.7850550234317779,86970.0,0.4733834095362508,False
D3,1,all,all,best-time regret (min),wt_med,3.0337658928272373,2.9815103888511656,3.083879601955414,220933.0,True,17163,230,clim,-0.15867460039668657,-0.18885450959205627,-0.12914419174194336,-0.21868214011192322,-0.10442448258399964,179991.0,0.9797028086218158,True
D3,2,all,all,best-time regret (min),clim,3.025792395424711,2.9686917543411253,3.084865963459015,181759.0,True,14958,229,clim,,,,,,,,
D3,2,all,all,best-time regret (min),driver_level,3.332346794339899,3.285100656747818,3.3813350021839144,225367.0,True,16763,229,clim,0.1567132831883682,0.11133402585983276,0.20434119701385497,-0.006320506334304807,0.2946457028388977,178549.0,0.9823392514263393,False
D3,2,all,all,best-time regret (min),driver_level_x_h5,3.332346794339899,3.285100656747818,3.3813350021839144,225367.0,True,16763,229,clim,0.1567132831883682,0.11133402585983276,0.20434119701385497,-0.006320506334304807,0.2946457028388977,178549.0,0.9823392514263393,False
D3,2,all,all,best-time regret (min),h5,2.826778434375358,2.7771951019763947,2.872907930612564,235727.0,True,17526,229,clim,-0.4069219277375091,-0.4442124605178833,-0.3704953670501709,-0.5203582525253296,-0.29969791173934934,180730.0,0.9943386572329294,True
D3,2,all,all,best-time regret (min),lvlh5_cbd,3.9451414328335663,3.877586728334427,4.020018792152404,132395.0,True,9369,128,clim,0.6641328115468719,0.592032665014267,0.7387764632701874,0.4169897139072418,0.9015746593475341,106557.0,0.5862543257830424,False
D3,2,all,all,best-time regret (min),lvlh5_naive,3.1642920214583325,3.117543286085129,3.2125448405742647,225367.0,True,16763,229,clim,-0.03464595153151251,-0.07528221607208252,0.00659443140029907,-0.17748600244522095,0.08783735632896421,178549.0,0.9823392514263393,False
D3,2,all,all,best-time regret (min),lvlh5_tft,3.3158248458817274,3.260576468706131,3.3734216928482055,163673.0,True,12182,135,clim,0.012063047498725332,-0.04014284610748291,0.06496404409408568,-0.13976811170578002,0.1556597292423247,131393.0,0.722896802909347,False
D3,2,all,all,best-time regret (min),snaive7,3.4428470467505057,3.3634830713272095,3.515775454044342,103293.0,True,13545,229,clim,0.6257730642934218,0.55811408162117,0.6938849508762359,0.4730969309806824,0.7891462922096252,86183.0,0.47416083935320946,False
D3,2,all,all,best-time regret (min),wt_med,3.0325664349771673,2.9796289265155793,3.0852252542972565,218108.0,True,17012,229,clim,-0.1539179681568421,-0.1852336823940277,-0.1237496554851532,-0.21226290464401246,-0.09975930452346803,177809.0,0.9782679262099814,True
D3,3,all,all,best-time regret (min),clim,3.0240738888333167,2.9664505779743195,3.08522692322731,179946.0,True,14838,228,clim,,,,,,,,
D3,3,all,all,best-time regret (min),driver_level,3.343396310588655,3.2952533304691314,3.394550758600235,224155.0,True,16701,228,clim,0.16411622330799824,0.11792083382606507,0.20942747592926025,0.0018637537956237822,0.30466915369033815,176832.0,0.9826948084425328,False
D3,3,all,all,best-time regret (min),driver_level_x_h5,3.343396310588655,3.2952533304691314,3.394550758600235,224155.0,True,16701,228,clim,0.16411622330799824,0.11792083382606507,0.20942747592926025,0.0018637537956237822,0.30466915369033815,176832.0,0.9826948084425328,False
D3,3,all,all,best-time regret (min),h5,2.835650208861193,2.7846440732479096,2.8828696608543396,233648.0,True,17402,228,clim,-0.4006876310272536,-0.43804205060005186,-0.3654990613460541,-0.5169061839580535,-0.29616971015930177,178875.0,0.9940482144643393,True
D3,3,all,all,best-time regret (min),lvlh5_cbd,3.951200478827781,3.884326183795929,4.021633458137512,131989.0,True,9353,127,clim,0.6715874468225596,0.597252506017685,0.7464100539684295,0.42241687774658204,0.9105528771877288,106013.0,0.5891378524668511,False
D3,3,all,all,best-time regret (min),lvlh5_naive,3.171256496620642,3.123315143585205,3.2183605670928954,224155.0,True,16701,228,clim,-0.028954035468693462,-0.071238774061203,0.01318620443344116,-0.17374625205993652,0.09353515505790706,176832.0,0.9826948084425328,False
D3,3,all,all,best-time regret (min),lvlh5_tft,3.3306896445226846,3.2711930871009827,3.3885265469551085,161895.0,True,12064,134,clim,0.024475227985785164,-0.028254944086074825,0.07652025818824768,-0.13215839266777038,0.17399964332580564,129723.0,0.7208996032142976,False
D3,3,all,all,best-time regret (min),prod_served,4.31127086228738,4.230096232891083,4.3945319056510925,162614.0,True,11741,134,clim,0.9854077253218883,0.9223231852054596,1.0476134300231934,0.6366383135318756,1.3878058314323423,131645.0,0.7315805852866971,False
D3,3,all,all,best-time regret (min),prod_served_lin,3.732741338384149,3.6600159406661987,3.8061810731887817,162614.0,True,11741,134,clim,0.35756770101409074,0.2984579265117645,0.41534671783447263,0.14075039625167846,0.5975885152816771,131645.0,0.7315805852866971,False
D3,3,all,all,best-time regret (min),snaive7,3.441456664238893,3.3615317225456236,3.5153858840465544,102975.0,True,13505,228,clim,0.63280408411784,0.5636720657348633,0.7021089613437652,0.4813830852508545,0.7930176556110381,85404.0,0.47460904938148113,False
D3,3,all,all,best-time regret (min),wt_med,3.039929484354341,2.9872965216636658,3.0918681800365446,215555.0,True,16857,228,clim,-0.14465587643171585,-0.17642903923988343,-0.11478025317192078,-0.20215940475463867,-0.09241244792938233,175838.0,0.9771709290564947,True
D3,4,all,all,best-time regret (min),clim,3.0192766485351656,2.9602132201194764,3.0790985465049743,178143.0,True,14716,227,clim,,,,,,,,
D3,4,all,all,best-time regret (min),driver_level,3.349165671815954,3.299495279788971,3.399569708108902,222814.0,True,16626,227,clim,0.16687513921968433,0.12122760415077209,0.2111313223838806,0.003380525112152107,0.30837838053703304,175083.0,0.9828227884340108,False
D3,4,all,all,best-time regret (min),driver_level_x_h5,3.349165671815954,3.299495279788971,3.399569708108902,222814.0,True,16626,227,clim,0.16687513921968433,0.12122760415077209,0.2111313223838806,0.003380525112152107,0.30837838053703304,175083.0,0.9828227884340108,False
D3,4,all,all,best-time regret (min),h5,2.83565578727301,2.7854999601840973,2.8828778743743895,231508.0,True,17274,227,clim,-0.39828282542999993,-0.4361098110675812,-0.3635971188545227,-0.5141002237796783,-0.29240078926086427,177035.0,0.993780277642119,True
D3,4,all,all,best-time regret (min),lvlh5_cbd,3.9646844401061525,3.8984042763710023,4.03437294960022,131132.0,True,9297,126,clim,0.6708789745930321,0.5970775365829468,0.7473158597946167,0.41755244731903074,0.9146849811077118,105168.0,0.5903571849581516,False
D3,4,all,all,best-time regret (min),lvlh5_naive,3.173305986158859,3.1252536177635193,3.2234653890132905,222814.0,True,16626,227,clim,-0.025959116533301074,-0.06849654316902161,0.015316861867904638,-0.167603999376297,0.09932586550712585,175083.0,0.9828227884340108,False
D3,4,all,all,best-time regret (min),lvlh5_tft,3.3327353867693383,3.2733058273792266,3.390279769897461,159992.0,True,11939,133,clim,0.02056197520053793,-0.03479752540588379,0.07614540457725523,-0.14205576181411744,0.16800370812416074,127906.0,0.7179962165226812,False
D3,4,all,all,best-time regret (min),prod_served,4.307239329419958,4.226415526866913,4.391397416591644,160816.0,True,11608,133,clim,0.9936482272779767,0.933146071434021,1.055087000131607,0.6494967043399811,1.3983881175518034,129885.0,0.729105269362254,False
D3,4,all,all,best-time regret (min),prod_served_lin,3.722254004576659,3.6500738620758058,3.797660768032074,160816.0,True,11608,133,clim,0.35599953805289264,0.29988470673561096,0.4133815288543701,0.13612438440322877,0.5947622299194335,129885.0,0.729105269362254,False
D3,4,all,all,best-time regret (min),snaive7,3.4414195761935398,3.361991620063782,3.5135011970996857,102594.0,True,13454,227,clim,0.6308712143591442,0.5619873225688934,0.7001203417778015,0.4775493025779724,0.7898274958133698,84629.0,0.47506216915623967,False
D3,4,all,all,best-time regret (min),wt_med,3.045065837308903,2.9915629625320435,3.096818095445633,213177.0,True,16726,227,clim,-0.13662028518859248,-0.16801637411117554,-0.10622174143791199,-0.19339337944984436,-0.08715166449546816,173920.0,0.9762943253453686,True
D3,5,all,all,best-time regret (min),clim,3.0200855622255256,2.961356574296951,3.0823490977287293,176246.0,True,14583,226,clim,,,,,,,,
D3,5,all,all,best-time regret (min),driver_level,3.3637739223914034,3.315841370820999,3.4131367623806,221393.0,True,16555,226,clim,0.17800759911767106,0.1332530379295349,0.22535605430603026,0.0184104323387146,0.31389290690422056,173178.0,0.9825925127378777,False
D3,5,all,all,best-time regret (min),driver_level_x_h5,3.3637739223914034,3.315841370820999,3.4131367623806,221393.0,True,16555,226,clim,0.17800759911767106,0.1332530379295349,0.22535605430603026,0.0184104323387146,0.31389290690422056,173178.0,0.9825925127378777,False
D3,5,all,all,best-time regret (min),h5,2.8430675558385707,2.7936188340187074,2.890179508924484,229277.0,True,17146,226,clim,-0.3873145709928201,-0.42512306571006775,-0.35319114923477174,-0.5061249256134033,-0.2796212136745453,175067.0,0.9933104864791258,True
D3,5,all,all,best-time regret (min),lvlh5_cbd,3.9851949054419142,3.913557678461075,4.053815841674805,129550.0,True,9191,125,clim,0.6829564982332839,0.6079419195652008,0.7620703220367432,0.4268275260925293,0.9362303733825683,103582.0,0.5877126289390965,False
D3,5,all,all,best-time regret (min),lvlh5_naive,3.1795765900457558,3.1314836919307707,3.2292530477046966,221393.0,True,16555,226,clim,-0.020949543244522584,-0.06240684390068054,0.022280895709991446,-0.16306488513946532,0.10213021039962769,173178.0,0.9825925127378777,False
D3,5,all,all,best-time regret (min),lvlh5_tft,3.3574259808018643,3.298675334453583,3.4145804405212403,157932.0,True,11806,132,clim,0.04641501040624085,-0.008052796125411987,0.10475075244903563,-0.1166620671749115,0.20095757842063902,125886.0,0.714263018735177,False
D3,5,all,all,best-time regret (min),prod_served,4.298369192646587,4.214833986759186,4.385160946846009,159001.0,True,11481,132,clim,0.985466138446752,0.9241227865219116,1.0499796330928803,0.6417810022830963,1.3825341165065765,127977.0,0.7261271177785595,False
D3,5,all,all,best-time regret (min),prod_served_lin,3.7123099854717894,3.64235999584198,3.7861226439476012,159001.0,True,11481,132,clim,0.34516358408151504,0.28191726207733153,0.40025072693824765,0.12083373665809631,0.5842125058174131,127977.0,0.7261271177785595,False
D3,5,all,all,best-time regret (min),snaive7,3.439994908599571,3.361472952365875,3.511024874448776,102133.0,True,13413,226,clim,0.6233659154458331,0.5518274009227753,0.6941426455974579,0.46985669136047364,0.7829182028770446,83686.0,0.47482496056648094,False
D3,5,all,all,best-time regret (min),wt_med,3.042327766179541,2.987149739265442,3.0945603609085084,210760.0,True,16583,226,clim,-0.13225568152073386,-0.16400620937347413,-0.10135870575904847,-0.1872238039970398,-0.08161837458610535,171917.0,0.9754377404309885,True
D3,6,all,all,best-time regret (min),clim,3.023335782681577,2.965399092435837,3.085997062921524,174196.0,True,14453,225,clim,,,,,,,,
D3,6,all,all,best-time regret (min),driver_level,3.378251354683725,3.3256083369255065,3.4286470830440523,219793.0,True,16472,225,clim,0.18735976065819004,0.14131157994270324,0.2334590196609497,0.02541329264640808,0.32659696340560906,171136.0,0.9824335805644216,False
D3,6,all,all,best-time regret (min),driver_level_x_h5,3.378251354683725,3.3256083369255065,3.4286470830440523,219793.0,True,16472,225,clim,0.18735976065819004,0.14131157994270324,0.2334590196609497,0.02541329264640808,0.32659696340560906,171136.0,0.9824335805644216,False
D3,6,all,all,best-time regret (min),h5,2.8603228876590645,2.8094347715377808,2.909202057123184,226952.0,True,17003,225,clim,-0.3733558432247732,-0.4103370845317841,-0.3407616257667542,-0.48975943922996523,-0.2660871982574463,172961.0,0.9929102849663597,True
D3,6,all,all,best-time regret (min),lvlh5_cbd,4.1823005109986,4.111994910240173,4.256829309463501,127789.0,True,9076,124,clim,0.8699904744134885,0.7915534257888794,0.9481696963310241,0.5669845104217529,1.173540836572647,101831.0,0.584577142988358,False
D3,6,all,all,best-time regret (min),lvlh5_naive,3.194810571765252,3.144511342048645,3.2434094190597533,219793.0,True,16472,225,clim,-0.006567875841436255,-0.04737036228179932,0.03692381381988525,-0.15292809009552003,0.11816316246986387,171136.0,0.9824335805644216,False
D3,6,all,all,best-time regret (min),lvlh5_tft,3.4103494563227765,3.349886006116867,3.4686263501644135,155699.0,True,11661,131,clim,0.09831299614791389,0.03965305089950562,0.1567802131175995,-0.07102358341217041,0.2494717359542846,123829.0,0.7108601804863487,False
D3,6,all,all,best-time regret (min),prod_served,4.302930330609567,4.218967592716217,4.388992667198181,157013.0,True,11346,131,clim,0.984548933669986,0.9258774518966675,1.0467567324638367,0.6438851416110992,1.3899442076683042,125946.0,0.7230131575925969,False
D3,6,all,all,best-time regret (min),prod_served_lin,3.7334488227089477,3.6627007603645323,3.809000313282013,157013.0,True,11346,131,clim,0.3583758118558751,0.29801217317581175,0.41557493805885315,0.13777124881744385,0.614655613899231,125946.0,0.7230131575925969,False
D3,6,all,all,best-time regret (min),snaive7,3.4376328008184465,3.3586226284503935,3.508762580156326,101656.0,True,13366,225,clim,0.6175490872972613,0.5471039950847626,0.6898073673248291,0.46580730676651,0.7792441785335541,82557.0,0.47393166318399965,False
D3,6,all,all,best-time regret (min),wt_med,3.0603014592472646,3.006663578748703,3.112919199466705,208121.0,True,16421,225,clim,-0.11256007916313227,-0.14302660822868346,-0.08205050230026247,-0.1639706611633301,-0.06414318084716798,169776.0,0.974626283037498,True
D3,7,all,all,best-time regret (min),clim,3.029063847366798,2.968065732717514,3.090329337120056,171863.0,True,14321,224,clim,,,,,,,,
D3,7,all,all,best-time regret (min),driver_level,3.4313127299902564,3.379166603088379,3.4812882423400877,211422.0,True,15863,224,clim,0.27811187476135935,0.23199325203895568,0.3258705198764801,0.10946292281150818,0.4262578964233398,167616.0,0.975288456503145,False
D3,7,all,all,best-time regret (min),driver_level_x_h5,3.4313127299902564,3.379166603088379,3.4812882423400877,211422.0,True,15863,224,clim,0.27811187476135935,0.23199325203895568,0.3258705198764801,0.10946292281150818,0.4262578964233398,167616.0,0.975288456503145,False
D3,7,all,all,best-time regret (min),h5,2.8812497206454206,2.8282902359962465,2.93207990527153,223730.0,True,16816,224,clim,-0.35556637074738173,-0.39056566953659055,-0.31932308077812194,-0.4701986789703369,-0.2523596167564392,170542.0,0.9923136451708628,True
D3,7,all,all,best-time regret (min),lvlh5_cbd,4.2474259742956875,4.172541284561158,4.3219836235046385,125193.0,True,8909,123,clim,0.9220504703419121,0.8407982885837555,1.006888711452484,0.5940147817134858,1.2536018908023834,99821.0,0.5808172788791072,False
D3,7,all,all,best-time regret (min),lvlh5_naive,3.240230439594744,3.191104453802109,3.2909795165061952,211422.0,True,15863,224,clim,0.06572761550209982,0.026281869411468504,0.10822402834892272,-0.08314102292060851,0.1951192796230316,167616.0,0.975288456503145,False
D3,7,all,all,best-time regret (min),lvlh5_tft,3.468195764668939,3.409755551815033,3.5331268906593323,152857.0,True,11488,130,clim,0.15143392751430618,0.0945244312286377,0.21248867511749267,-0.00746718049049377,0.3033178389072418,121624.0,0.7076799543822696,False
D3,7,all,all,best-time regret (min),prod_served,4.306865081671801,4.2204784750938416,4.393925511837006,154827.0,True,11207,130,clim,0.9876936990770275,0.92686927318573,1.0511298537254334,0.6425018668174743,1.385949182510376,123839.0,0.7205681269383172,False
D3,7,all,all,best-time regret (min),prod_served_lin,3.736660918315281,3.6619077563285827,3.8133995473384856,154827.0,True,11207,130,clim,0.35543730165779763,0.29679262042045595,0.4142212986946106,0.13678036332130433,0.6111362099647522,123839.0,0.7205681269383172,False
D3,7,all,all,best-time regret (min),wt_med,3.061177645199023,3.005666184425354,3.1146283984184264,204323.0,True,16200,224,clim,-0.1033254227764262,-0.1333703100681305,-0.07328259944915771,-0.15542510747909546,-0.05514847636222842,167287.0,0.9733741410309374,True
D3,10,all,all,best-time regret (min),clim,3.0289242788461537,2.966498839855194,3.091406148672104,166400.0,True,13979,221,clim,,,,,,,,
D3,10,all,all,best-time regret (min),driver_level,3.4583755463571366,3.404670262336731,3.507594347000122,207282.0,True,15662,221,clim,0.2976457399103136,0.25238620638847353,0.3464105069637298,0.13524864912033083,0.4449869155883789,162344.0,0.975625,False
D3,10,all,all,best-time regret (min),driver_level_x_h5,3.4583755463571366,3.404670262336731,3.507594347000122,207282.0,True,15662,221,clim,0.2976457399103136,0.25238620638847353,0.3464105069637298,0.13524864912033083,0.4449869155883789,162344.0,0.975625,False
D3,10,all,all,best-time regret (min),h5,2.891840991660949,2.838781076669693,2.9414123833179473,217171.0,True,16434,221,clim,-0.343601220259214,-0.3787348449230194,-0.3073608219623566,-0.4542637407779694,-0.2403736650943756,164883.0,0.9908834134615384,True
D3,10,all,all,best-time regret (min),lvlh5_cbd,4.2939612262026445,4.219008088111877,4.373082637786865,120339.0,True,8625,120,clim,0.9533292238253948,0.870635598897934,1.038025176525116,0.6230876326560975,1.2896058082580566,95713.0,0.5751983173076923,False
D3,10,all,all,best-time regret (min),lvlh5_naive,3.2490471917484394,3.195630830526352,3.3007953822612763,207282.0,True,15662,221,clim,0.06820701719804845,0.027350902557373047,0.11093757152557371,-0.0714523196220398,0.19374300241470335,162344.0,0.975625,False
D3,10,all,all,best-time regret (min),lvlh5_tft,3.4920533405905565,3.427981573343277,3.5583294153213503,146980.0,True,11121,127,clim,0.18457883813868925,0.13092328906059264,0.23902363181114197,0.01616396307945252,0.33997914791107176,116606.0,0.7007572115384615,False
D3,10,all,all,best-time regret (min),prod_served,4.302726131324464,4.214376294612885,4.388517105579377,149736.0,True,10854,127,clim,0.9977116127241064,0.9331072688102722,1.0604054033756256,0.6434947490692139,1.4036492466926573,118861.0,0.7143088942307693,False
D3,10,all,all,best-time regret (min),prod_served_lin,3.71023668322915,3.6343613862991333,3.7858271956443788,149736.0,True,10854,127,clim,0.3401704511992998,0.27803824543952943,0.40287591218948365,0.11363934874534606,0.6015773057937621,118861.0,0.7143088942307693,False
D3,10,all,all,best-time regret (min),wt_med,3.0746290635441316,3.0170880377292635,3.132027131319046,196934.0,True,15753,221,clim,-0.08825514367620357,-0.1177458941936493,-0.059725880622863776,-0.14141930937767028,-0.03716608285903931,161509.0,0.9706069711538462,True
D3,14,all,all,best-time regret (min),clim,3.037282752647138,2.9738617539405823,3.0991671442985536,159323.0,True,13489,217,clim,,,,,,,,
D3,14,all,all,best-time regret (min),driver_level,3.531909583571021,3.47708175778389,3.590602195262909,196336.0,True,14904,217,clim,0.3944229810971547,0.3410081326961517,0.4479746758937836,0.21082893013954163,0.5644916832447052,154527.0,0.9698976293441625,False
D3,14,all,all,best-time regret (min),driver_level_x_h5,3.531909583571021,3.47708175778389,3.590602195262909,196336.0,True,14904,217,clim,0.3944229810971547,0.3410081326961517,0.4479746758937836,0.21082893013954163,0.5644916832447052,154527.0,0.9698976293441625,False
D3,14,all,all,best-time regret (min),h5,2.910932183081716,2.8571850657463074,2.966127723455429,208650.0,True,15880,217,clim,-0.3239204448192132,-0.3605786681175232,-0.28710887432098386,-0.44382807016372683,-0.21213792562484743,157727.0,0.9899826139352134,True
D3,14,all,all,best-time regret (min),lvlh5_cbd,4.384100455409648,4.303965389728546,4.463405239582062,113085.0,True,8105,116,clim,1.030555742372273,0.9410317063331604,1.119278907775879,0.6624337553977966,1.3897546350955963,89214.0,0.5599568172831293,False
D3,14,all,all,best-time regret (min),lvlh5_naive,3.312673172520577,3.2571097552776336,3.369534069299698,196336.0,True,14904,217,clim,0.15196697017349736,0.10681713223457337,0.1972639203071594,-0.0012524187564849853,0.28836517333984374,154527.0,0.9698976293441625,False
D3,14,all,all,best-time regret (min),lvlh5_tft,3.5094312496405773,3.4440974235534667,3.5764439404010773,139112.0,True,10586,123,clim,0.1918815149884634,0.13335264325141907,0.2512229204177856,0.017138415575027467,0.34801692366600034,109651.0,0.6882308266854127,False
D3,14,all,all,best-time regret (min),prod_served,4.305486328056443,4.2115397453308105,4.3939736723899845,142445.0,True,10349,123,clim,1.0013515690732353,0.9352568745613098,1.0667187690734863,0.6522860407829285,1.39096582531929,111722.0,0.7012295776504334,False
D3,14,all,all,best-time regret (min),prod_served_lin,3.7267366351925304,3.650503659248352,3.8087558448314667,142445.0,True,10349,123,clim,0.3386978392796407,0.27312411069869996,0.4025841891765594,0.09775421619415284,0.5918766558170319,111722.0,0.7012295776504334,False
D3,14,all,all,best-time regret (min),wt_med,3.0773646305681517,3.016211998462677,3.133821988105774,187450.0,True,15156,217,clim,-0.07632518004282085,-0.10466689467430115,-0.04537808299064638,-0.1296086072921753,-0.02861794233322145,154130.0,0.9674058359433353,True
D3,21,all,all,best-time regret (min),clim,3.0395639284430183,2.9768653750419616,3.102566879987717,147407.0,True,12706,210,clim,,,,,,,,
D3,21,all,all,best-time regret (min),driver_level,3.5816627067982,3.5220484256744387,3.643192154169083,182666.0,True,14014,210,clim,0.46231698928957465,0.4104060173034668,0.5175505042076111,0.24718270301818848,0.6644559025764465,142478.0,0.9665619678848358,False
D3,21,all,all,best-time regret (min),driver_level_x_h5,3.5816627067982,3.5220484256744387,3.643192154169083,182666.0,True,14014,210,clim,0.46231698928957465,0.4104060173034668,0.5175505042076111,0.24718270301818848,0.6644559025764465,142478.0,0.9665619678848358,False
D3,21,all,all,best-time regret (min),h5,2.8995898176455226,2.849287837743759,2.9533191561698913,195279.0,True,15009,210,clim,-0.3249931375240189,-0.36130679249763487,-0.2884383320808411,-0.4520521700382233,-0.208292418718338,145720.0,0.9885554960076522,True
D3,21,all,all,best-time regret (min),lvlh5_cbd,4.454825612679157,4.36817684173584,4.546285700798035,102215.0,True,7342,109,clim,1.1095885253924633,1.015919530391693,1.2087565660476685,0.7118669807910919,1.4960383534431456,79689.0,0.5406052629793701,False
D3,21,all,all,best-time regret (min),lvlh5_naive,3.350136314366111,3.291722559928894,3.4112089574337006,182666.0,True,14014,210,clim,0.19803759176855396,0.14985826015472412,0.24471346139907835,0.025119560956954962,0.3608324646949768,142478.0,0.9665619678848358,False
D3,21,all,all,best-time regret (min),lvlh5_tft,3.5985542321137634,3.5269047141075136,3.6759506344795225,126438.0,True,9683,116,clim,0.26085810454600766,0.200491201877594,0.3236211836338043,0.055914938449859626,0.44298151135444636,98636.0,0.6691405428507465,False
D3,21,all,all,best-time regret (min),prod_served,4.336521110138197,4.2360214471817015,4.439817726612091,131335.0,True,9582,116,clim,0.9895959495681521,0.9188097298145295,1.0685411870479584,0.6301088392734527,1.3860640883445738,100730.0,0.6833461097505545,False
D3,21,all,all,best-time regret (min),prod_served_lin,3.7830129059275897,3.702609008550644,3.8752409875392915,131335.0,True,9582,116,clim,0.3400873622555345,0.2721001446247101,0.40995641350746154,0.08791540265083313,0.6048168957233426,100730.0,0.6833461097505545,False
D3,21,all,all,best-time regret (min),wt_med,3.0898354195642095,3.0275855481624605,3.1518361985683443,172560.0,True,14188,210,clim,-0.05257821960629672,-0.08098771572113037,-0.021605223417282104,-0.11164389252662658,0.007646358013153071,142036.0,0.9635634671352107,False
D3,30,all,all,best-time regret (min),clim,3.0421791286819593,2.9761840760707856,3.111280065774918,131961.0,True,11651,201,clim,,,,,,,,
D3,30,all,all,best-time regret (min),driver_level,3.616491581522521,3.553624665737152,3.685009795427322,166776.0,True,13065,201,clim,0.4927400725992741,0.43775895833969114,0.55281902551651,0.27325098514556884,0.715790045261383,127274.0,0.9644819302672759,False
D3,30,all,all,best-time regret (min),driver_level_x_h5,3.616491581522521,3.553624665737152,3.685009795427322,166776.0,True,13065,201,clim,0.4927400725992741,0.43775895833969114,0.55281902551651,0.27325098514556884,0.715790045261383,127274.0,0.9644819302672759,False
D3,30,all,all,best-time regret (min),h5,2.9106139601779857,2.852810114622116,2.9697176575660706,177992.0,True,13951,201,clim,-0.3084882308626602,-0.3472196817398071,-0.26538201570510866,-0.4400547981262207,-0.19099398255348207,130086.0,0.9857912565076046,True
D3,30,all,all,best-time regret (min),lvlh5_cbd,4.587313357376386,4.489705049991608,4.691384899616241,89007.0,True,6510,100,clim,1.1703134676063813,1.0731355845928192,1.2692523539066314,0.7209160625934601,1.620762503147125,67822.0,0.5139548806086647,False
D3,30,all,all,best-time regret (min),lvlh5_naive,3.3844258166642684,3.3246710002422333,3.447340577840805,166776.0,True,13065,201,clim,0.2177742508289202,0.1699025809764862,0.27030980587005615,0.047107750177383424,0.37923927903175353,127274.0,0.9644819302672759,False
D3,30,all,all,best-time regret (min),lvlh5_tft,3.6796981582537516,3.59495125412941,3.7738826155662535,93824.0,True,7201,105,clim,0.2529977359756268,0.1878903925418854,0.32883278131484983,0.017491894960403445,0.4649422526359558,71554.0,0.5422359636559286,False
D3,30,all,all,best-time regret (min),prod_served,4.397012278828554,4.292240369319916,4.514023780822754,104896.0,True,7660,105,clim,1.0015665528133746,0.924191278219223,1.0827071011066436,0.6171299993991852,1.419660675525665,77878.0,0.5901592137070801,False
D3,30,all,all,best-time regret (min),prod_served_lin,3.8440359975594873,3.752934056520462,3.947570341825485,104896.0,True,7660,105,clim,0.3248542592259689,0.2505774199962616,0.39926339983940123,0.035252952575683595,0.6292487740516662,77878.0,0.5901592137070801,False
D3,30,all,all,best-time regret (min),wt_med,3.1020586126488086,3.040196192264557,3.1694595396518705,154813.0,True,13025,201,clim,-0.034818369827763096,-0.06740545630455017,-0.001646453142166142,-0.10093523859977722,0.03242659568786621,126686.0,0.9600260683080607,False
D3,45,all,all,best-time regret (min),clim,3.007566566917388,2.939106982946396,3.076266998052597,111279.0,True,10213,186,clim,,,,,,,,
D3,45,all,all,best-time regret (min),driver_level,3.631915533756411,3.558391106128693,3.7018068015575407,142921.0,True,11534,186,clim,0.5226344770752172,0.4627047896385193,0.5892245352268219,0.25409077405929564,0.7868586421012878,106784.0,0.9596060352806909,False
D3,45,all,all,best-time regret (min),driver_level_x_h5,3.631915533756411,3.558391106128693,3.7018068015575407,142921.0,True,11534,186,clim,0.5226344770752172,0.4627047896385193,0.5892245352268219,0.25409077405929564,0.7868586421012878,106784.0,0.9596060352806909,False
D3,45,all,all,best-time regret (min),h5,2.921618352775935,2.860800689458847,2.983391910791397,153786.0,True,12436,186,clim,-0.3017146926701,-0.3423796951770782,-0.2617366075515747,-0.4620995342731476,-0.16936925649642953,109524.0,0.9842288302375111,True
D3,45,all,all,best-time regret (min),lvlh5_cbd,4.659151483374842,4.487349402904511,4.840346336364746,22887.0,True,1958,84,clim,0.6353535353535351,0.46700434684753417,0.7907205581665039,0.18157126903533935,1.0258195757865904,16830.0,0.15124147413258565,False
D3,45,all,all,best-time regret (min),lvlh5_naive,3.421939393091288,3.3536936044692993,3.4875833809375765,142921.0,True,11534,186,clim,0.2705555139346716,0.21500808000564575,0.32551854252815243,0.06072691082954407,0.46673443317413327,106784.0,0.9596060352806909,False
D3,45,all,all,best-time regret (min),lvlh5_tft,3.6469048981928203,3.5349688947200777,3.7618183553218842,61145.0,True,4901,74,clim,0.2085929198008043,0.11179322004318237,0.30648784041404725,-0.10106887817382812,0.4763327181339264,47993.0,0.43128532786958906,False
D3,45,all,all,best-time regret (min),prod_served,4.454449031074418,4.318529868125916,4.589856994152069,69768.0,True,5364,85,clim,0.9459340994416174,0.8596493601799011,1.0350794196128845,0.5852850317955017,1.3462203562259674,52473.0,0.47154449626614187,False
D3,45,all,all,best-time regret (min),prod_served_lin,3.8908812062836833,3.777713191509247,4.016399240493774,69768.0,True,5364,85,clim,0.23661692680044988,0.152323579788208,0.3193239808082581,-0.047407799959182734,0.5487860023975372,52473.0,0.47154449626614187,False
D3,45,all,all,best-time regret (min),wt_med,3.118701271122167,3.0514914631843566,3.1872757017612456,131852.0,True,11468,186,clim,0.00602894643224916,-0.028262567520141602,0.04405243396759032,-0.08909940123558044,0.10651520490646361,106818.0,0.9599115736122719,False
D3,60,all,all,best-time regret (min),clim,2.9906123503574196,2.918314278125763,3.060659444332123,92888.0,True,8819,171,clim,,,,,,,,
D3,60,all,all,best-time regret (min),driver_level,3.665606265551158,3.594014662504196,3.7403640687465667,119766.0,True,9882,171,clim,0.6227318914211062,0.5569128572940827,0.6912549257278442,0.3339673221111298,0.9463192462921142,89557.0,0.9641396089914736,False
D3,60,all,all,best-time regret (min),driver_level_x_h5,3.665606265551158,3.594014662504196,3.7403640687465667,119766.0,True,9882,171,clim,0.6227318914211062,0.5569128572940827,0.6912549257278442,0.3339673221111298,0.9463192462921142,89557.0,0.9641396089914736,False
D3,60,all,all,best-time regret (min),h5,2.9370065317950425,2.8735560715198516,3.005129814147949,129061.0,True,10765,171,clim,-0.17479989109719574,-0.22240123748779297,-0.12886208891868592,-0.33165196180343626,-0.0011556804180145503,91825.0,0.9885561105847903,True
D3,60,all,all,best-time regret (min),lvlh5_naive,3.4695489537932303,3.3998305797576904,3.5438047528266905,119766.0,True,9882,171,clim,0.3939055573545338,0.3291121184825897,0.4549999535083771,0.17558523416519164,0.6196583151817321,89557.0,0.9641396089914736,False
D3,60,all,all,best-time regret (min),lvlh5_tft,2.264623955431755,1.6884861826896667,2.854469722509384,359.0,True,79,48,clim,0.16776315789473673,-0.4983560085296631,0.7642170935869215,-0.9618151605129241,0.9474627926945686,304.0,0.003272758590991301,False
D3,60,all,all,best-time regret (min),prod_served,3.3842239185750635,2.2179238975048063,4.64507817029953,393.0,True,79,48,clim,0.4901315789473686,-0.09127371609210967,1.163864928483963,-0.6526620000600815,1.0665850400924681,304.0,0.003272758590991301,False
D3,60,all,all,best-time regret (min),prod_served_lin,3.7989821882951653,2.4360742449760435,5.4174044013023375,393.0,True,79,48,clim,0.6578947368421053,0.11490785479545594,1.273747000098228,-0.38540177941322323,1.1922712683677672,304.0,0.003272758590991301,False
D3,60,all,all,best-time regret (min),wt_med,3.1082207440344924,3.0403578698635103,3.1831807851791383,111097.0,True,9920,171,clim,0.08307175137469658,0.044069874286651614,0.12416673898696899,-0.032298403978347774,0.2240226626396179,89838.0,0.9671647575574885,False
D3,90,all,all,best-time regret (min),clim,2.964224789199201,2.877843517065048,3.0607139647006987,61551.0,True,6265,141,clim,,,,,,,,
D3,90,all,all,best-time regret (min),driver_level,3.548006423263167,3.461684149503708,3.639541918039322,80333.0,True,7100,141,clim,0.6029461109992615,0.5254882872104645,0.6924752831459046,0.35573968291282654,0.8767591655254364,59604.0,0.9683676950821271,False
D3,90,all,all,best-time regret (min),driver_level_x_h5,3.548006423263167,3.461684149503708,3.639541918039322,80333.0,True,7100,141,clim,0.6029461109992615,0.5254882872104645,0.6924752831459046,0.35573968291282654,0.8767591655254364,59604.0,0.9683676950821271,False
D3,90,all,all,best-time regret (min),h5,2.870702930517443,2.798628056049347,2.942892110347748,86367.0,True,7755,141,clim,-0.12030678968845798,-0.16929160356521605,-0.06355444788932801,-0.2660637378692627,0.01535643935203552,61019.0,0.9913567610599341,False
D3,90,all,all,best-time regret (min),lvlh5_naive,3.447562023078934,3.3619663774967194,3.5350839495658875,80333.0,True,7100,141,clim,0.4432923964834572,0.3766439616680145,0.5167493700981141,0.25326789617538453,0.641983014345169,59604.0,0.9683676950821271,False
D3,90,all,all,best-time regret (min),wt_med,3.0360496492174853,2.954213982820511,3.1216318190097807,74120.0,True,7092,141,clim,0.04173791775272706,-0.006059908866882324,0.09314897656440732,-0.06338387131690978,0.14481360316276548,60233.0,0.9785868629266787,False
UC2/UC3,0,all,all,Spearman of slots within ride-day,clim,0.42808523468482007,0.4250000685453415,0.43115549013018606,167564.0,False,15039,231,wt_med,-0.023450823953296562,-0.024711301922798155,-0.022058707475662232,-0.02756788283586502,-0.019366224855184556,160803.0,0.7897598349786357,False
UC2/UC3,0,all,all,Spearman of slots within ride-day,driver_level,0.43697391488845577,0.43435394689440726,0.43980206847190856,213939.0,False,16812,231,wt_med,0.004082974320812116,0.002997855842113495,0.005147642642259596,-0.00019626766443252557,0.00789305791258812,192909.0,0.9474436422572565,False
UC2/UC3,0,all,all,Spearman of slots within ride-day,h5,0.4647153291145951,0.46191812977194785,0.4675661735236645,211819.0,False,17620,231,wt_med,0.018073676848838316,0.017206192016601562,0.018971444666385652,0.013580335676670075,0.02232881486415863,197138.0,0.9682137419576642,True
UC2/UC3,0,all,all,Spearman of slots within ride-day,lvlh5_cbd,0.4142117555495117,0.41068041920661924,0.41756332814693453,129621.0,False,9542,130,wt_med,-0.011182408352448492,-0.012697901576757431,-0.009645506739616394,-0.018234672397375105,-0.00460183545947075,114052.0,0.5601493050439565,False
UC2/UC3,0,all,all,Spearman of slots within ride-day,lvlh5_naive,0.44421051646880644,0.4415077820420265,0.4469507023692131,211819.0,False,16784,231,wt_med,0.008361031590712997,0.007366997748613357,0.009387779980897903,0.004251472651958466,0.012163739651441574,192335.0,0.94462452728255,True
UC2/UC3,0,all,all,Spearman of slots within ride-day,lvlh5_tft,0.4173510783337658,0.41389789879322053,0.4205911420285702,162210.0,False,12387,137,wt_med,0.007851179574028588,0.006479465216398239,0.00927741602063179,0.002175396680831909,0.012540957331657408,140638.0,0.6907224596041451,True
UC2/UC3,0,all,all,Spearman of slots within ride-day,snaive7,0.39024200413070126,0.38662106543779373,0.3938604839146137,94376.0,False,13200,231,wt_med,-0.07460702591168045,-0.07715029641985893,-0.07219269499182701,-0.08113929480314255,-0.06683814674615861,86383.0,0.4242571582928147,False
UC2/UC3,0,all,all,Spearman of slots within ride-day,wt_med,0.44247954005025536,0.43978422954678537,0.4452746070921421,203610.0,False,17212,231,wt_med,,,,,,,,
UC2/UC3,1,all,all,Spearman of slots within ride-day,clim,0.42716840911747483,0.4241130337119102,0.4302606873214245,165753.0,False,14913,230,wt_med,-0.021496100447479016,-0.022753369808197022,-0.020194018632173537,-0.025537558645009995,-0.017374690622091293,158680.0,0.7933048034235892,False
UC2/UC3,1,all,all,Spearman of slots within ride-day,driver_level,0.43423586751010457,0.4314239099621773,0.43710890486836435,212516.0,False,16743,230,wt_med,0.004799944888398355,0.0036767937242984773,0.005892743170261383,0.0003714568912982941,0.008723580092191695,190468.0,0.9522257329120506,True
UC2/UC3,1,all,all,Spearman of slots within ride-day,driver_level_x_h5,0.43423586751010457,0.4314239099621773,0.43710890486836435,212516.0,False,16743,230,wt_med,0.004799944888398355,0.0036767937242984773,0.005892743170261383,0.0003714568912982941,0.008723580092191695,190468.0,0.9522257329120506,True
UC2/UC3,1,all,all,Spearman of slots within ride-day,h5,0.46202311528456513,0.4592088133096695,0.46477481424808503,209143.0,False,17435,230,wt_med,0.01846316803592707,0.017576094716787338,0.019337959587574005,0.01382681205868721,0.02278985008597374,193612.0,0.9679438467383914,True
UC2/UC3,1,all,all,Spearman of slots within ride-day,lvlh5_cbd,0.41061650230452396,0.4072740562260151,0.41410052552819254,126986.0,False,9370,129,wt_med,-0.011112566104979238,-0.012631610035896301,-0.009473542869091035,-0.017955008149147033,-0.004297389835119249,111116.0,0.5555133383993921,False
UC2/UC3,1,all,all,Spearman of slots within ride-day,lvlh5_naive,0.44173946416305054,0.4390316024422646,0.4445208519697189,210338.0,False,16708,230,wt_med,0.009243400702489413,0.008251477032899857,0.010274683684110641,0.005075407773256302,0.01330864354968071,189851.0,0.9491411030676319,True
UC2/UC3,1,all,all,Spearman of slots within ride-day,lvlh5_tft,0.4138934924663827,0.41059909835457803,0.4171205721795559,159927.0,False,12223,136,wt_med,0.007680710162465798,0.006331734359264374,0.009112299978733062,0.0018822684884071354,0.012634288519620895,137960.0,0.6897172339319282,True
UC2/UC3,1,all,all,Spearman of slots within ride-day,snaive7,0.39010591787316096,0.3864620566368103,0.39371141493320466,94133.0,False,13168,230,wt_med,-0.07144770164437714,-0.0739987038075924,-0.06904907003045083,-0.07809339091181755,-0.06327435821294784,85781.0,0.42885353757549094,False
UC2/UC3,1,all,all,Spearman of slots within ride-day,wt_med,0.4393200806724966,0.4365877516567707,0.442202627658844,200024.0,False,16998,230,wt_med,,,,,,,,
UC2/UC3,2,all,all,Spearman of slots within ride-day,clim,0.4266339491145838,0.4235474929213524,0.429741108417511,164014.0,False,14792,229,wt_med,-0.020867705420891947,-0.022177813947200774,-0.019532754272222518,-0.024659737199544906,-0.01687263399362564,156680.0,0.7937304011712437,False
UC2/UC3,2,all,all,Spearman of slots within ride-day,driver_level,0.43324504465838315,0.43049917072057725,0.4360889822244644,211333.0,False,16677,229,wt_med,0.005292443678984682,0.004130811244249344,0.006364492326974868,0.0010501079261302948,0.00901980102062225,188627.0,0.9555717665415381,True
UC2/UC3,2,all,all,Spearman of slots within ride-day,driver_level_x_h5,0.43324504465838315,0.43049917072057725,0.4360889822244644,211333.0,False,16677,229,wt_med,0.005292443678984682,0.004130811244249344,0.006364492326974868,0.0010501079261302948,0.00901980102062225,188627.0,0.9555717665415381,True
UC2/UC3,2,all,all,Spearman of slots within ride-day,h5,0.461306685198121,0.4585061401128769,0.4640591375529766,207153.0,False,17315,229,wt_med,0.01893861412482989,0.017987413704395293,0.019830675423145296,0.014334454387426376,0.02323794811964035,191080.0,0.9679985004837967,True
UC2/UC3,2,all,all,Spearman of slots within ride-day,lvlh5_cbd,0.4095378463601651,0.40603203848004343,0.4130013845860958,125694.0,False,9304,128,wt_med,-0.010464293966400251,-0.01201343983411789,-0.008816154301166534,-0.01756865978240967,-0.003565418720245363,109517.0,0.554805797453862,False
UC2/UC3,2,all,all,Spearman of slots within ride-day,lvlh5_naive,0.4409378356325095,0.43828735649585726,0.4437666699290276,209159.0,False,16645,229,wt_med,0.009836802411668732,0.00879712775349617,0.01090548262000084,0.0056785948574543,0.013765911012887953,188025.0,0.9525220748035684,True
UC2/UC3,2,all,all,Spearman of slots within ride-day,lvlh5_tft,0.4130613207930769,0.40967289358377457,0.4164400227367878,158039.0,False,12111,135,wt_med,0.007777767097844668,0.006227859854698181,0.009202665835618972,0.0022337578237056734,0.012550701946020126,135888.0,0.6883995197495403,True
UC2/UC3,2,all,all,Spearman of slots within ride-day,snaive7,0.38989864750231606,0.38629752546548846,0.39350020736455915,93930.0,False,13135,229,wt_med,-0.06994588283374586,-0.0724754124879837,-0.06745611727237702,-0.07673069834709167,-0.06187024042010308,85380.0,0.4325293697472606,False
UC2/UC3,2,all,all,Spearman of slots within ride-day,wt_med,0.43798654905306217,0.43511115238070486,0.44086643904447553,197397.0,False,16853,229,wt_med,,,,,,,,
UC2/UC3,3,all,all,Spearman of slots within ride-day,clim,0.42577355957076296,0.4226774200797081,0.42885343357920647,162355.0,False,14672,228,wt_med,-0.020626551943477567,-0.02194947674870491,-0.019262051582336424,-0.024428645521402358,-0.016649923473596572,154888.0,0.793971703916342,False
UC2/UC3,3,all,all,Spearman of slots within ride-day,driver_level,0.43214829897255674,0.4293323718011379,0.434991617500782,210179.0,False,16614,228,wt_med,0.0053959704550905485,0.004296986758708954,0.006524869054555893,0.0011443167924880982,0.009138305485248565,187051.0,0.9588425261431208,True
UC2/UC3,3,all,all,Spearman of slots within ride-day,driver_level_x_h5,0.43214829897255685,0.4293323718011379,0.434991617500782,210179.0,False,16614,228,wt_med,0.005395970455090493,0.004296986758708954,0.006524869054555893,0.0011443167924880982,0.009138305485248565,187051.0,0.9588425261431208,True
UC2/UC3,3,all,all,Spearman of slots within ride-day,h5,0.4603539002504759,0.4576032154262066,0.4631459541618824,205261.0,False,17196,228,wt_med,0.018869037374396824,0.01797788068652153,0.019769972562789916,0.014372377842664718,0.02308695614337921,188808.0,0.967849087553824,True
UC2/UC3,3,all,all,Spearman of slots within ride-day,lvlh5_cbd,0.40797708977154845,0.40451508983969686,0.41140576675534246,125333.0,False,9295,127,wt_med,-0.010289501803154633,-0.011814814805984498,-0.008713992685079575,-0.017425266653299333,-0.003465172648429872,108733.0,0.5573764609391019,False
UC2/UC3,3,all,all,Spearman of slots within ride-day,lvlh5_naive,0.43960510406980285,0.43682137653231623,0.44238512963056564,208051.0,False,16582,228,wt_med,0.009893833303257549,0.008900314569473267,0.010939070582389831,0.005819084495306015,0.013916276395320892,186469.0,0.9558591347139636,True
UC2/UC3,3,all,all,Spearman of slots within ride-day,lvlh5_tft,0.4121748872346309,0.40879239067435263,0.4155759871006012,156335.0,False,11999,134,wt_med,0.007806002566439152,0.0063350148499012,0.009170891344547271,0.0022181905806064606,0.012550213187932967,134007.0,0.6869335657166291,True
UC2/UC3,3,all,all,Spearman of slots within ride-day,prod_served,0.4259266771688679,0.42247033938765527,0.42919656112790106,142084.0,False,11629,134,wt_med,-0.010883273156038431,-0.012848708778619766,-0.008858613669872284,-0.01762453466653824,-0.004576653242111207,124135.0,0.6363286856674185,False
UC2/UC3,3,all,all,Spearman of slots within ride-day,prod_served_lin,0.43800054525775306,0.4343918047845364,0.4413580112159252,143827.0,False,11653,134,wt_med,0.003583833932255198,0.0014662660658359527,0.005717428773641586,-0.003770451247692108,0.01046519950032234,125528.0,0.6434693459093705,False
UC2/UC3,3,all,all,Spearman of slots within ride-day,snaive7,0.38961799162745764,0.3860216289758682,0.3931814759969711,93633.0,False,13095,228,wt_med,-0.06864627631686188,-0.07119225263595581,-0.06614387705922127,-0.07551407665014268,-0.060606937110424045,84885.0,0.43512917777322124,False
UC2/UC3,3,all,all,Spearman of slots within ride-day,wt_med,0.4367915792993089,0.43399725705385206,0.4397131517529488,195080.0,False,16692,228,wt_med,,,,,,,,
UC2/UC3,4,all,all,Spearman of slots within ride-day,clim,0.42520977936232285,0.4221201531589031,0.428301565349102,160674.0,False,14551,227,wt_med,-0.020359220277626378,-0.021651488542556763,-0.01898723691701889,-0.024300997704267503,-0.016521151363849643,153103.0,0.7939668002883324,False
UC2/UC3,4,all,all,Spearman of slots within ride-day,driver_level,0.43118081370216244,0.4282980620861053,0.4340307377278805,208920.0,False,16542,227,wt_med,0.005678036044504398,0.004538565129041672,0.0067752026021480555,0.0013059817254543304,0.009543278813362121,185414.0,0.9615262947731975,True
UC2/UC3,4,all,all,Spearman of slots within ride-day,driver_level_x_h5,0.43118081370216244,0.4282980620861053,0.4340307377278805,208920.0,False,16542,227,wt_med,0.005678036044504398,0.004538565129041672,0.0067752026021480555,0.0013059817254543304,0.009543278813362121,185414.0,0.9615262947731975,True
UC2/UC3,4,all,all,Spearman of slots within ride-day,h5,0.4596926742889184,0.45688455626368524,0.4625680439174175,203301.0,False,17062,227,wt_med,0.0191414414985302,0.01820197477936745,0.020003508776426315,0.014551147073507308,0.023488353937864304,186638.0,0.9678737560479793,True
UC2/UC3,4,all,all,Spearman of slots within ride-day,lvlh5_cbd,0.4073890918123799,0.4039928145706654,0.4108759768307209,124446.0,False,9238,126,wt_med,-0.010181611022268278,-0.011773662269115448,-0.008546702563762665,-0.01750057637691498,-0.003394351899623871,107679.0,0.5584054596464298,False
UC2/UC3,4,all,all,Spearman of slots within ride-day,lvlh5_naive,0.4387696243397937,0.43596247509121894,0.44155346900224685,206786.0,False,16505,227,wt_med,0.010226525162735589,0.009212323278188706,0.011285142600536346,0.006058794260025024,0.014286843687295913,184810.0,0.9583940508108052,True
UC2/UC3,4,all,all,Spearman of slots within ride-day,lvlh5_tft,0.4119351327223178,0.40864271968603133,0.41530136689543723,154482.0,False,11872,133,wt_med,0.008290949560284255,0.0069268099963665005,0.009709148108959198,0.002517570555210114,0.013148852437734603,132084.0,0.6849657475639543,True
UC2/UC3,4,all,all,Spearman of slots within ride-day,prod_served,0.4255063961027925,0.4220985770225525,0.42883394956588744,140600.0,False,11501,133,wt_med,-0.010306297167264333,-0.012350711226463317,-0.0083551824092865,-0.017039527744054796,-0.003925738483667378,122490.0,0.6352128525719145,False
UC2/UC3,4,all,all,Spearman of slots within ride-day,prod_served_lin,0.4375239103900757,0.4338866531848907,0.4409696631133556,142289.0,False,11520,133,wt_med,0.004069811201743767,0.0018878564238548278,0.006246529519557953,-0.003382362425327301,0.0108728252351284,123825.0,0.6421359414623016,False
UC2/UC3,4,all,all,Spearman of slots within ride-day,snaive7,0.38930030393001064,0.38569446951150893,0.3929001599550247,93267.0,False,13043,227,wt_med,-0.06810205558029497,-0.07068665474653243,-0.0655536748468876,-0.07492197155952454,-0.06021319180727005,84123.0,0.436247945113129,False
UC2/UC3,4,all,all,Spearman of slots within ride-day,wt_med,0.43589560455654264,0.43306377753615377,0.4387543976306915,192833.0,False,16566,227,wt_med,,,,,,,,
UC2/UC3,5,all,all,Spearman of slots within ride-day,clim,0.42437640935236554,0.4212833657860756,0.4275711715221405,159006.0,False,14422,226,wt_med,-0.019637848077617093,-0.0210307277739048,-0.01831000968813896,-0.02360938936471939,-0.015626856684684755,151334.0,0.7938999375724606,False
UC2/UC3,5,all,all,Spearman of slots within ride-day,driver_level,0.4296159087993217,0.4267751626670361,0.4324684105813503,207575.0,False,16465,226,wt_med,0.005700717297909275,0.004505705833435058,0.006805741041898727,0.001305876672267914,0.009532365947961806,183746.0,0.9639336694278176,True
UC2/UC3,5,all,all,Spearman of slots within ride-day,driver_level_x_h5,0.4296159087993217,0.4267751626670361,0.4324684105813503,207575.0,False,16465,226,wt_med,0.005700717297909275,0.004505705833435058,0.006805741041898727,0.001305876672267914,0.009532365947961806,183746.0,0.9639336694278176,True
UC2/UC3,5,all,all,Spearman of slots within ride-day,h5,0.4583956981297467,0.4556172311306,0.4612213008105755,201248.0,False,16937,226,wt_med,0.0193044285274106,0.018273550271987914,0.02015686109662056,0.014679551869630814,0.023697175085544583,184447.0,0.9676111236432502,True
UC2/UC3,5,all,all,Spearman of slots within ride-day,lvlh5_cbd,0.4061560539948566,0.4026911534368992,0.4096370667219162,122941.0,False,9137,125,wt_med,-0.009847518857345916,-0.011469580978155137,-0.008204034715890885,-0.017097453773021697,-0.0031256660819053666,106056.0,0.5563710189328563,False
UC2/UC3,5,all,all,Spearman of slots within ride-day,lvlh5_naive,0.4374357864620893,0.43471819460391997,0.4403220057487488,205490.0,False,16433,226,wt_med,0.010408809792009921,0.009363776445388794,0.011453192681074142,0.00613483116030693,0.014489465951919554,183183.0,0.9609801648296882,True
UC2/UC3,5,all,all,Spearman of slots within ride-day,lvlh5_tft,0.4106077358133539,0.40719095468521116,0.4138313204050064,152506.0,False,11742,132,wt_med,0.007900323821112332,0.006440961360931396,0.00939251184463501,0.002155747264623642,0.012825559824705124,130059.0,0.6822910382381794,True
UC2/UC3,5,all,all,Spearman of slots within ride-day,prod_served,0.42492499600932937,0.42153931632637975,0.42829359173774717,138865.0,False,11378,132,wt_med,-0.010171663261646091,-0.012213736027479171,-0.008294183760881424,-0.01706002801656723,-0.003713171184062958,120470.0,0.6319870318590292,False
UC2/UC3,5,all,all,Spearman of slots within ride-day,prod_served_lin,0.43696434412622126,0.43342032432556155,0.4404079206287861,140565.0,False,11399,132,wt_med,0.0043081925605011895,0.002210766077041626,0.006402553617954254,-0.003281990438699722,0.011263076215982435,121823.0,0.6390848857156347,False
UC2/UC3,5,all,all,Spearman of slots within ride-day,snaive7,0.388747028419104,0.38517862781882284,0.3923064060509205,92832.0,False,13003,226,wt_med,-0.06684282567903865,-0.06948898807168007,-0.06433295831084251,-0.07364894300699235,-0.058879445493221286,83237.0,0.43666227750352793,False
UC2/UC3,5,all,all,Spearman of slots within ride-day,wt_med,0.43428884454501754,0.4314610131084919,0.43719749227166177,190621.0,False,16428,226,wt_med,,,,,,,,
UC2/UC3,6,all,all,Spearman of slots within ride-day,clim,0.42281851706515305,0.4195968732237816,0.42609229013323785,157210.0,False,14293,225,wt_med,-0.018624325677022935,-0.019926702976226805,-0.017278393357992174,-0.022669600695371626,-0.014525748789310455,149470.0,0.7944404581572723,False
UC2/UC3,6,all,all,Spearman of slots within ride-day,driver_level,0.427630506272297,0.42487566396594045,0.4304710775613785,206074.0,False,16378,225,wt_med,0.0062833438518360984,0.005147165805101395,0.007474642992019653,0.0020380586385726927,0.010198117792606353,181835.0,0.9664620372584974,True
UC2/UC3,6,all,all,Spearman of slots within ride-day,driver_level_x_h5,0.42763050627229704,0.42487566396594045,0.4304710775613785,206074.0,False,16378,225,wt_med,0.0062833438518360984,0.005147165805101395,0.007474642992019653,0.0020380586385726927,0.010198117792606353,181835.0,0.9664620372584974,True
UC2/UC3,6,all,all,Spearman of slots within ride-day,h5,0.45632394651274155,0.45355348810553553,0.459105409681797,199092.0,False,16793,225,wt_med,0.019707065264825463,0.01873733326792717,0.020617126673460006,0.015202762186527252,0.02409590259194374,182042.0,0.9675622525180048,True
UC2/UC3,6,all,all,Spearman of slots within ride-day,lvlh5_cbd,0.3996947707966269,0.3962601736187935,0.4031651750206947,121204.0,False,9020,124,wt_med,-0.014605719364694014,-0.016244589537382125,-0.012886155396699905,-0.021781498938798903,-0.007600618898868561,104168.0,0.5536580828616227,False
UC2/UC3,6,all,all,Spearman of slots within ride-day,lvlh5_naive,0.4352796038240344,0.43264162316918375,0.43807251676917075,204003.0,False,16348,225,wt_med,0.010881934211669997,0.009819375723600388,0.011963526904582977,0.0066516555845737456,0.01496841162443161,181250.0,0.9633527332642376,True
UC2/UC3,6,all,all,Spearman of slots within ride-day,lvlh5_tft,0.40762071699297475,0.40425621196627615,0.41096133440732957,150324.0,False,11600,131,wt_med,0.007926724057045031,0.006376836448907852,0.009370841830968856,0.002316679060459137,0.012827448546886444,127734.0,0.6789125408594435,True
UC2/UC3,6,all,all,Spearman of slots within ride-day,prod_served,0.4233504969887223,0.4199528433382511,0.42676262706518175,136945.0,False,11243,131,wt_med,-0.008908660305997518,-0.011038742214441299,-0.006941485404968262,-0.015852223336696624,-0.002365530282258988,118261.0,0.628563076350687,False
UC2/UC3,6,all,all,Spearman of slots within ride-day,prod_served_lin,0.43538840019262676,0.4319059856235981,0.4389108903706074,138619.0,False,11270,131,wt_med,0.005357647768932883,0.003163798898458481,0.0074417471885681145,-0.002233347296714782,0.01230211555957794,119587.0,0.6356108320710091,False
UC2/UC3,6,all,all,Spearman of slots within ride-day,snaive7,0.3881409765273416,0.3844830527901649,0.3917352005839348,92380.0,False,12958,225,wt_med,-0.06470261041311764,-0.06733034029603005,-0.062124095112085345,-0.07179737463593483,-0.056103845685720445,82010.0,0.4358872146482766,False
UC2/UC3,6,all,all,Spearman of slots within ride-day,wt_med,0.431717580329202,0.4288678504526615,0.43468076139688494,188145.0,False,16261,225,wt_med,,,,,,,,
UC2/UC3,7,all,all,Spearman of slots within ride-day,clim,0.4215156038642663,0.41824504658579825,0.4247643336653709,155176.0,False,14161,224,wt_med,-0.016098317475631785,-0.017376312613487245,-0.014773032814264297,-0.01998913362622261,-0.01206321865320206,147378.0,0.7982126899016979,False
UC2/UC3,7,all,all,Spearman of slots within ride-day,driver_level,0.42479505524367256,0.42174370884895324,0.42769365534186365,197879.0,False,15783,224,wt_med,0.004982031060091541,0.0037265986204147337,0.006137438118457794,0.0005506120622158051,0.009140881896018981,174815.0,0.9468139843474964,True
UC2/UC3,7,all,all,Spearman of slots within ride-day,driver_level_x_h5,0.42479505524367256,0.42174370884895324,0.42769365534186365,197879.0,False,15783,224,wt_med,0.004982031060091652,0.0037265986204147337,0.006137438118457794,0.0005506120622158051,0.009140881896018981,174815.0,0.9468139843474964,True
UC2/UC3,7,all,all,Spearman of slots within ride-day,h5,0.45241187476526556,0.4495380289852619,0.45517335161566735,196206.0,False,16616,224,wt_med,0.020157766541070543,0.01916080340743065,0.021047199517488478,0.01531882882118225,0.02475046142935753,178617.0,0.9674059631164189,True
UC2/UC3,7,all,all,Spearman of slots within ride-day,lvlh5_cbd,0.3950511127478324,0.3914578691124916,0.3985296577215195,118784.0,False,8859,123,wt_med,-0.01514009232617497,-0.016996990144252776,-0.01345994994044304,-0.02292486056685448,-0.00758061483502388,101678.0,0.5506973217428982,False
UC2/UC3,7,all,all,Spearman of slots within ride-day,lvlh5_naive,0.4332309884135317,0.43032778725028037,0.43603927195072173,195780.0,False,15754,224,wt_med,0.010201868942451897,0.009045559167861938,0.011264960467815398,0.005776800960302353,0.01440698131918907,174256.0,0.9437863893627969,True
UC2/UC3,7,all,all,Spearman of slots within ride-day,lvlh5_tft,0.4026937290846679,0.3991336226463318,0.40616795122623445,147603.0,False,11432,130,wt_med,0.007790438591174731,0.0061741374433040615,0.009343477338552474,0.002133842557668686,0.012663932144641874,124916.0,0.6765564492106048,True
UC2/UC3,7,all,all,Spearman of slots within ride-day,prod_served,0.4215635119993357,0.4181008771061897,0.4250710129737854,134715.0,False,11115,130,wt_med,-0.006009956994131371,-0.008165311813354493,-0.003987046331167222,-0.012831459939479827,0.0007287234067916864,115718.0,0.6267392422888401,False
UC2/UC3,7,all,all,Spearman of slots within ride-day,prod_served_lin,0.43364405076402623,0.43014051467180253,0.437159576267004,136397.0,False,11139,130,wt_med,0.008486972379206925,0.006290753185749054,0.010614191740751266,0.001149408519268036,0.015578247606754303,117074.0,0.6340834619654995,True
UC2/UC3,7,all,all,Spearman of slots within ride-day,wt_med,0.42771121075145996,0.42468446046113967,0.4307015426456928,184635.0,False,16033,224,wt_med,,,,,,,,
UC2/UC3,10,all,all,Spearman of slots within ride-day,clim,0.41891315837064685,0.41545245200395586,0.42227553725242617,150292.0,False,13828,221,wt_med,-0.01457904046095393,-0.015979136526584625,-0.01324029490351677,-0.018675002455711364,-0.010607530921697618,142209.0,0.7995468396846994,False
UC2/UC3,10,all,all,Spearman of slots within ride-day,driver_level,0.4201528267467984,0.41726590469479563,0.42303243204951285,194014.0,False,15584,221,wt_med,0.005412379726303207,0.0040788926184177395,0.006637081503868103,0.0009746506810188294,0.009675490111112595,169960.0,0.9555722976240006,True
UC2/UC3,10,all,all,Spearman of slots within ride-day,driver_level_x_h5,0.4201528267467984,0.41726590469479563,0.42303243204951285,194014.0,False,15584,221,wt_med,0.005412379726303207,0.0040788926184177395,0.006637081503868103,0.0009746506810188294,0.009675490111112595,169960.0,0.9555722976240006,True
UC2/UC3,10,all,all,Spearman of slots within ride-day,h5,0.448396873812621,0.4453673832118511,0.45122245028615,190243.0,False,16245,221,wt_med,0.02044767392075242,0.019353101402521132,0.02142736241221428,0.015529516339302062,0.02512281611561775,172023.0,0.9671711776545862,True
UC2/UC3,10,all,all,Spearman of slots within ride-day,lvlh5_cbd,0.39038032636091136,0.38662502616643907,0.39384725540876386,114149.0,False,8582,120,wt_med,-0.014459212853492442,-0.016245008260011674,-0.01268673986196518,-0.022244805097579957,-0.006869146972894671,96594.0,0.5430839639720683,False
UC2/UC3,10,all,all,Spearman of slots within ride-day,lvlh5_naive,0.42879273017265995,0.4259274646639824,0.43169680014252665,191939.0,False,15548,221,wt_med,0.010880991008824004,0.00968983769416809,0.011989863216876983,0.006344321370124817,0.015180697292089462,169406.0,0.9524575232483611,True
UC2/UC3,10,all,all,Spearman of slots within ride-day,lvlh5_tft,0.39902809525457583,0.3953005872666836,0.4025747425854206,141958.0,False,11074,127,wt_med,0.00869988822200396,0.006983153522014618,0.010295167565345764,0.0027977414429187775,0.013963083177804944,118930.0,0.6686644702072393,True
UC2/UC3,10,all,all,Spearman of slots within ride-day,prod_served,0.419938690555653,0.41639193445444106,0.4234160825610161,130234.0,False,10762,127,wt_med,-0.0026599140729295923,-0.0047716952860355375,-0.0004984967410564435,-0.00951545462012291,0.004117596149444579,110245.0,0.6198344784158505,False
UC2/UC3,10,all,all,Spearman of slots within ride-day,prod_served_lin,0.4319725622302318,0.428385116904974,0.43546457290649415,131842.0,False,10785,127,wt_med,0.011621643584185326,0.009387321770191193,0.013987302035093307,0.00429723933339119,0.018667874485254282,111527.0,0.6270423137038827,True
UC2/UC3,10,all,all,Spearman of slots within ride-day,wt_med,0.42379317997764565,0.42087558209896087,0.4267904944717884,177862.0,False,15581,221,wt_med,,,,,,,,
UC2/UC3,14,all,all,Spearman of slots within ride-day,clim,0.41541238508309575,0.41191321760416033,0.4189126543700695,143782.0,False,13333,217,wt_med,-0.011477583891154053,-0.012920423597097396,-0.010058985650539398,-0.01577274054288864,-0.007158328592777252,135665.0,0.8026944832319599,False
UC2/UC3,14,all,all,Spearman of slots within ride-day,driver_level,0.41457864568193337,0.41159780994057654,0.41749425828456876,183310.0,False,14824,217,wt_med,0.0057196027731931665,0.0043719582259655,0.007096258550882339,0.0012217886745929719,0.009953521192073822,159539.0,0.9439507253922799,True
UC2/UC3,14,all,all,Spearman of slots within ride-day,driver_level_x_h5,0.41457864568193337,0.41159780994057654,0.41749425828456876,183310.0,False,14824,217,wt_med,0.0057196027731931665,0.0043719582259655,0.007096258550882339,0.0012217886745929719,0.009953521192073822,159539.0,0.9439507253922799,True
UC2/UC3,14,all,all,Spearman of slots within ride-day,h5,0.4422741113484353,0.4392375908792019,0.4452005513012409,182397.0,False,15678,217,wt_med,0.021860390016151754,0.02079991176724434,0.02289221957325935,0.01647171899676323,0.026655711978673936,163417.0,0.9668958417153811,True
UC2/UC3,14,all,all,Spearman of slots within ride-day,lvlh5_cbd,0.3843434756269812,0.38040545880794524,0.3881207093596458,107169.0,False,8064,116,wt_med,-0.013099304915845211,-0.014990439265966415,-0.011175531148910524,-0.020992158353328703,-0.005270860344171524,89221.0,0.5278974274016046,False
UC2/UC3,14,all,all,Spearman of slots within ride-day,lvlh5_naive,0.42409287168398563,0.4211384646594524,0.42701332420110705,181269.0,False,14791,217,wt_med,0.01179976523242221,0.010585488379001617,0.013004120439291,0.007096589356660843,0.016301253437995912,159004.0,0.9407852696849928,True
UC2/UC3,14,all,all,Spearman of slots within ride-day,lvlh5_tft,0.3929140413520182,0.3894483529031277,0.396609964966774,134297.0,False,10536,123,wt_med,0.01064375675470669,0.008953728526830674,0.012336938083171845,0.004132428020238876,0.016686778515577316,110901.0,0.6561723427922278,True
UC2/UC3,14,all,all,Spearman of slots within ride-day,prod_served,0.41618519276446286,0.4126000739634037,0.4196686759591103,123686.0,False,10263,123,wt_med,0.0026516103313419803,0.0003197610378265381,0.0048609070479869836,-0.004466604441404343,0.009907225519418715,102651.0,0.6073592407639694,False
UC2/UC3,14,all,all,Spearman of slots within ride-day,prod_served_lin,0.42820572136070617,0.42449295744299886,0.4317492574453354,125222.0,False,10284,123,wt_med,0.016600522525899275,0.01427360251545906,0.019021482020616532,0.00912322998046875,0.02449361756443977,103841.0,0.6144001609353182,True
UC2/UC3,14,all,all,Spearman of slots within ride-day,wt_med,0.4172498441540861,0.41421444788575174,0.42034422010183337,169012.0,False,14990,217,wt_med,,,,,,,,
UC2/UC3,21,all,all,Spearman of slots within ride-day,clim,0.4105792429435454,0.40682798326015474,0.4141970932483673,133101.0,False,12541,210,clim,,,,,,,,
UC2/UC3,21,all,all,Spearman of slots within ride-day,driver_level,0.40859822853224975,0.40548870489001276,0.41158401370048525,170416.0,False,13922,210,clim,0.013880147618800964,0.01170356348156929,0.01602441817522049,0.005788211524486542,0.021728674322366713,126308.0,0.9489635690190157,True
UC2/UC3,21,all,all,Spearman of slots within ride-day,driver_level_x_h5,0.40859822853224975,0.40548870489001276,0.41158401370048525,170416.0,False,13922,210,clim,0.013880147618800964,0.01170356348156929,0.01602441817522049,0.005788211524486542,0.021728674322366713,126308.0,0.9489635690190157,True
UC2/UC3,21,all,all,Spearman of slots within ride-day,h5,0.43488195724484563,0.431831543892622,0.4379578173160553,170525.0,False,14795,210,clim,0.03273156492559165,0.030904965847730635,0.034646693617105484,0.024170936644077302,0.04105086699128151,125440.0,0.9424422055431589,True
UC2/UC3,21,all,all,Spearman of slots within ride-day,lvlh5_cbd,0.37790232433313403,0.3739802621304989,0.3819622166454792,96872.0,False,7303,109,clim,-0.003381918043902199,-0.006779143214225769,-5.8426707983019066e-05,-0.01737869158387184,0.009763567149639128,70072.0,0.526457351935748,False
UC2/UC3,21,all,all,Spearman of slots within ride-day,lvlh5_naive,0.41810124667539084,0.41494717448949814,0.42109756320714953,168437.0,False,13893,210,clim,0.02124108597450508,0.019258614629507065,0.02317148447036743,0.012856317311525345,0.028974974900484084,125821.0,0.9453046934282988,True
UC2/UC3,21,all,all,Spearman of slots within ride-day,lvlh5_tft,0.38531344676337576,0.3816660590469837,0.38926184475421904,122132.0,False,9626,116,clim,0.019699739814916184,0.01673135906457901,0.022580301761627196,0.007462537288665772,0.031056416034698484,87267.0,0.6556449613451439,True
UC2/UC3,21,all,all,Spearman of slots within ride-day,prod_served,0.41330003640598856,0.40967936292290685,0.41702010557055474,113780.0,False,9497,116,clim,0.01685784233682419,0.014156769961118698,0.01974319443106651,0.005274855345487594,0.02831003963947296,84114.0,0.6319561836500102,True
UC2/UC3,21,all,all,Spearman of slots within ride-day,prod_served_lin,0.4253018687756989,0.4214246518909931,0.4290338858962059,115139.0,False,9506,116,clim,0.030225726117805995,0.02735656648874283,0.033298454433679577,0.018118250370025634,0.04240190982818603,85028.0,0.638823149337721,True
UC2/UC3,21,all,all,Spearman of slots within ride-day,wt_med,0.41015071486154037,0.40681572556495665,0.41343142092227936,155525.0,False,14019,210,clim,0.008871231274999503,0.007396490126848221,0.010389067977666854,0.003895631432533264,0.013312850147485733,125025.0,0.9393242725449095,True
UC2/UC3,30,all,all,Spearman of slots within ride-day,clim,0.4048278797209307,0.4011209897696972,0.40853983759880064,119243.0,False,11486,201,clim,,,,,,,,
UC2/UC3,30,all,all,Spearman of slots within ride-day,driver_level,0.4006556553336202,0.3971644788980484,0.4040327943861485,155828.0,False,12968,201,clim,0.012551849699567963,0.010215532034635544,0.01477377563714981,0.0036810047924518588,0.021020286530256272,112866.0,0.9465209697843898,True
UC2/UC3,30,all,all,Spearman of slots within ride-day,driver_level_x_h5,0.40065565533362024,0.3971644788980484,0.4040327943861485,155828.0,False,12968,201,clim,0.012551849699567963,0.010215532034635544,0.01477377563714981,0.0036810047924518588,0.021020286530256272,112866.0,0.9465209697843898,True
UC2/UC3,30,all,all,Spearman of slots within ride-day,h5,0.425782122913507,0.4223751395940781,0.4291020318865776,155497.0,False,13736,201,clim,0.031616010918473825,0.029581206291913985,0.03342047035694122,0.022599950432777405,0.0402046300470829,111825.0,0.9377908975788936,True
UC2/UC3,30,all,all,Spearman of slots within ride-day,lvlh5_cbd,0.37133460663213214,0.36715554520487786,0.37591448947787287,84360.0,False,6452,100,clim,-0.003984467394541891,-0.00791124552488327,-0.0002878196537494664,-0.019213921576738357,0.010541261732578274,59705.0,0.5007002507484716,False
UC2/UC3,30,all,all,Spearman of slots within ride-day,lvlh5_naive,0.4102422018969367,0.4068061992526054,0.4135482147336006,153922.0,False,12941,201,clim,0.0199718391999254,0.017783702909946443,0.02201617360115051,0.010632989555597305,0.028398986160755153,112395.0,0.9425710523888194,True
UC2/UC3,30,all,all,Spearman of slots within ride-day,lvlh5_tft,0.3809655192285091,0.3767070651054382,0.3854708530008793,90613.0,False,7145,105,clim,0.02037708455174958,0.0165537565946579,0.023752977699041368,0.006228139996528626,0.033250609785318366,63260.0,0.530513321536694,True
UC2/UC3,30,all,all,Spearman of slots within ride-day,prod_served,0.4105350186884301,0.4063440404832363,0.41475182175636294,91208.0,False,7590,105,clim,0.021912761688495985,0.01868683397769928,0.025461455434560777,0.00995614305138588,0.034973371773958206,65334.0,0.5479063760556175,True
UC2/UC3,30,all,all,Spearman of slots within ride-day,prod_served_lin,0.4234299619113121,0.419139152020216,0.4278507985174656,92250.0,False,7604,105,clim,0.036017594245048745,0.032711755484342575,0.03960918933153152,0.022673361748456956,0.05036618188023567,66035.0,0.5537851278481756,True
UC2/UC3,30,all,all,Spearman of slots within ride-day,wt_med,0.40213452458257437,0.39863694831728935,0.40571814477443696,139585.0,False,12851,201,clim,0.006336335107092805,0.004803323000669479,0.007978953421115875,0.0003163315355777741,0.011392199993133545,111434.0,0.9345118791040145,True
UC2/UC3,45,all,all,Spearman of slots within ride-day,clim,0.40156392783248857,0.3977390997111797,0.4057240165770054,100687.0,False,10057,186,clim,,,,,,,,
UC2/UC3,45,all,all,Spearman of slots within ride-day,driver_level,0.3919016775739051,0.3884276822209358,0.3956609435379505,133659.0,False,11445,186,clim,0.00796828699877944,0.0056615486741065976,0.010187584161758422,-0.0005339585244655609,0.015963366627693175,94801.0,0.9415416091451727,False
UC2/UC3,45,all,all,Spearman of slots within ride-day,driver_level_x_h5,0.3919016775739051,0.3884276822209358,0.3956609435379505,133659.0,False,11445,186,clim,0.00796828699877944,0.0056615486741065976,0.010187584161758422,-0.0005339585244655609,0.015963366627693175,94801.0,0.9415416091451727,False
UC2/UC3,45,all,all,Spearman of slots within ride-day,h5,0.41609546156948407,0.41261204704642296,0.4196130037307739,134552.0,False,12243,186,clim,0.02739864951942711,0.02547747641801834,0.02931257337331772,0.019466924667358398,0.03479409143328666,94329.0,0.936853814295788,True
UC2/UC3,45,all,all,Spearman of slots within ride-day,lvlh5_cbd,0.34343577621672583,0.3353250205516815,0.35137346386909485,21952.0,False,1952,84,clim,-0.01567153275378702,-0.02079712450504303,-0.010297571867704391,-0.03125981092453003,0.002358095347881315,15733.0,0.15625651772324134,False
UC2/UC3,45,all,all,Spearman of slots within ride-day,lvlh5_naive,0.40133928160816423,0.39786806926131246,0.4050585336983204,131904.0,False,11413,186,clim,0.01505126456958028,0.012938449531793595,0.01711415871977806,0.006915936619043351,0.022496435791254044,94426.0,0.9378171958644115,True
UC2/UC3,45,all,all,Spearman of slots within ride-day,lvlh5_tft,0.37497490624926083,0.3696578323841095,0.38063485398888586,59174.0,False,4874,74,clim,0.01138358231416764,0.007344210892915726,0.015451227873563766,-0.0020987331867218014,0.02199473902583122,42463.0,0.4217326963758976,False
UC2/UC3,45,all,all,Spearman of slots within ride-day,prod_served,0.4011765492657843,0.39618852734565735,0.4064205169677734,60941.0,False,5313,85,clim,0.014909724918772405,0.011144379526376725,0.0185238353908062,0.003851213306188583,0.02625915929675102,44281.0,0.43978865196102773,True
UC2/UC3,45,all,all,Spearman of slots within ride-day,prod_served_lin,0.4137666643097388,0.40875691920518875,0.41927308291196824,61589.0,False,5319,85,clim,0.028604220987061668,0.02486124262213707,0.03258018121123314,0.01614629924297333,0.041788785904645916,44680.0,0.4437514276917576,True
UC2/UC3,45,all,all,Spearman of slots within ride-day,wt_med,0.39464735945287505,0.3909211054444313,0.3986244611442089,119246.0,False,11297,186,clim,0.0019033627850863488,7.110685110092165e-05,0.0036793939769268033,-0.003734822571277618,0.006796365231275558,94060.0,0.9341821685023886,False
UC2/UC3,60,all,all,Spearman of slots within ride-day,clim,0.40643587785683494,0.4020461790263653,0.41071795895695684,84198.0,False,8668,171,clim,,,,,,,,
UC2/UC3,60,all,all,Spearman of slots within ride-day,driver_level,0.38678678414636775,0.38310929015278816,0.390795524418354,112016.0,False,9792,171,clim,0.0016674610964275693,-0.0005403302609920501,0.003926172107458114,-0.006491744518280029,0.009871836006641387,79707.0,0.9466614408893322,False
UC2/UC3,60,all,all,Spearman of slots within ride-day,driver_level_x_h5,0.38678678414636775,0.38310929015278816,0.390795524418354,112016.0,False,9792,171,clim,0.0016674610964275693,-0.0005403302609920501,0.003926172107458114,-0.006491744518280029,0.009871836006641387,79707.0,0.9466614408893322,False
UC2/UC3,60,all,all,Spearman of slots within ride-day,h5,0.41007576811728474,0.40629897341132165,0.41404174342751504,113097.0,False,10568,171,clim,0.020555305674416713,0.018580368906259536,0.022530652582645416,0.013635236024856567,0.02801629453897476,79412.0,0.9431577947219649,True
UC2/UC3,60,all,all,Spearman of slots within ride-day,lvlh5_naive,0.3950881463629116,0.39139244332909584,0.3991426706314087,110646.0,False,9768,171,clim,0.00762446873135314,0.005590746551752091,0.009733987599611282,-0.00023460909724235532,0.015555212646722792,79411.0,0.9431459179552959,False
UC2/UC3,60,all,all,Spearman of slots within ride-day,lvlh5_tft,0.31416800626329444,0.260988812148571,0.36492958292365074,355.0,False,77,48,clim,0.00781050160283725,-0.026492251455783843,0.042724108695983885,-0.018744488060474396,0.15023991577327242,249.0,0.002957314900591463,False
UC2/UC3,60,all,all,Spearman of slots within ride-day,prod_served,0.35562394373037187,0.3189507722854614,0.3921878583729267,313.0,False,71,48,clim,-0.03335867064320619,-0.0672260083258152,0.0011701442301273331,-0.05321701914072037,0.03600979819893829,231.0,0.0027435331005487068,False
UC2/UC3,60,all,all,Spearman of slots within ride-day,prod_served_lin,0.36740122154190946,0.32847960740327836,0.4070377454161644,315.0,False,71,48,clim,-0.020664927815181477,-0.05425102487206459,0.0103875435888767,-0.04606312215328216,0.052802859246730734,233.0,0.0027672866338867906,False
UC2/UC3,60,all,all,Spearman of slots within ride-day,wt_med,0.38705124013919495,0.3830008298158646,0.39105636700987817,100685.0,False,9759,171,clim,-0.004875912697907991,-0.006596546620130539,-0.003018041700124741,-0.01125010997056961,0.000936322659254074,79273.0,0.9415069241549681,False
UC2/UC3,90,all,all,Spearman of slots within ride-day,clim,0.4056480249511672,0.4000549651682377,0.4106222718954086,56066.0,False,6134,141,clim,,,,,,,,
UC2/UC3,90,all,all,Spearman of slots within ride-day,driver_level,0.3901170141573744,0.3853383086621761,0.39505252838134763,75434.0,False,7019,141,clim,0.002213825433615868,-0.00035019442439079287,0.004812846332788467,-0.005508934706449508,0.00976550132036209,53451.0,0.9533585417186887,False
UC2/UC3,90,all,all,Spearman of slots within ride-day,driver_level_x_h5,0.3901170141573744,0.3853383086621761,0.39505252838134763,75434.0,False,7019,141,clim,0.0022138254336159235,-0.00035019442439079287,0.004812846332788467,-0.005508934706449508,0.00976550132036209,53451.0,0.9533585417186887,False
UC2/UC3,90,all,all,Spearman of slots within ride-day,h5,0.4124457025910908,0.4075798876583576,0.4174102023243904,75546.0,False,7559,141,clim,0.019785838125938038,0.017678362131118775,0.02195466235280037,0.012304279953241348,0.02815001830458641,53205.0,0.9489708557771198,True
UC2/UC3,90,all,all,Spearman of slots within ride-day,lvlh5_naive,0.3952458399590699,0.39008117020130156,0.4003673389554024,74443.0,False,6997,141,clim,0.005462463168867171,0.002966773509979248,0.00798831433057785,-0.002257218211889267,0.013062332570552825,53257.0,0.9498983341062319,False
UC2/UC3,90,all,all,Spearman of slots within ride-day,wt_med,0.39150446347922085,0.38607240170240403,0.3963500551879406,67283.0,False,6961,141,clim,-0.0003980411598293876,-0.0021355509757995605,0.0015067763626575466,-0.0058206930756568905,0.005336751788854599,53498.0,0.9541968394392323,False
UC3,0,all,all,dayPeak abs error (min),clim,9.256788925735162,9.138307237625122,9.377562642097473,255114.0,True,16034,231,wt_med,0.5340794422530024,0.4918109655380249,0.5792140245437621,0.41434664726257325,0.6575343370437622,250723.0,0.8131671039701098,False
UC3,0,all,all,dayPeak abs error (min),driver_level,9.378475223208989,9.264015913009644,9.486634588241577,310327.0,True,17681,231,wt_med,0.43549246356188576,0.37679233551025393,0.4973095655441284,0.2641270160675049,0.6219542980194092,294050.0,0.9536890788735409,False
UC3,0,all,all,dayPeak abs error (min),h5,9.088540185839955,8.972009658813477,9.195705032348632,329208.0,True,18702,231,wt_med,0.14288045399556992,0.1306478500366211,0.1564152956008911,0.11616895198822022,0.1698939800262451,308329.0,1.0,False
UC3,0,all,all,dayPeak abs error (min),lvlh5_cbd,13.241496419525555,13.052410101890564,13.432043528556823,181822.0,True,9985,130,wt_med,4.376358160694306,4.262070178985596,4.504113793373108,3.741923141479492,5.1510329246521,171367.0,0.5557926760051762,False
UC3,0,all,all,dayPeak abs error (min),lvlh5_naive,9.335206404936002,9.22283594608307,9.449996089935302,310327.0,True,17681,231,wt_med,0.39015962132986814,0.3431483030319214,0.43890931606292727,0.30305051803588867,0.47445785999298096,294050.0,0.9536890788735409,False
UC3,0,all,all,dayPeak abs error (min),lvlh5_tft,8.574350227106327,8.455321955680848,8.683579301834106,229664.0,True,13013,137,wt_med,-0.24827408470786771,-0.31851649284362793,-0.1771533966064453,-0.4723452925682068,-0.037960052490234375,216067.0,0.7007676864647827,True
UC3,0,all,all,dayPeak abs error (min),snaive7,8.654473998824285,8.506907653808593,8.797134232521056,151397.0,True,14709,231,wt_med,0.6471455609546561,0.5246975064277649,0.7726675987243652,0.4129945993423462,0.8894543170928955,148996.0,0.4832370617100565,False
UC3,0,all,all,dayPeak abs error (min),wt_med,8.808908665743411,8.698665952682495,8.909260129928589,308329.0,True,18260,231,wt_med,,,,,,,,
UC3,1,all,all,dayPeak abs error (min),clim,9.261263420625173,9.140047001838685,9.378640985488891,252410.0,True,15905,230,wt_med,0.4461544675059237,0.40231196880340575,0.49095468521118163,0.32684175968170165,0.5751750230789184,247599.0,0.816191377213137,False
UC3,1,all,all,dayPeak abs error (min),driver_level,9.388208128489513,9.275925064086914,9.501304697990417,308412.0,True,17610,230,wt_med,0.322561971125916,0.26068108081817626,0.388699197769165,0.14060044288635254,0.51809504032135,290802.0,0.9586067992049024,False
UC3,1,all,all,dayPeak abs error (min),driver_level_x_h5,9.388208128489513,9.275925064086914,9.501304697990417,308412.0,True,17610,230,wt_med,0.322561971125916,0.26068108081817626,0.388699197769165,0.14060044288635254,0.51809504032135,290802.0,0.9586067992049024,False
UC3,1,all,all,dayPeak abs error (min),h5,9.215741440602715,9.098953223228454,9.326245069503784,325461.0,True,18516,230,wt_med,0.13624037444084358,0.12411971092224121,0.1498558759689331,0.1082601547241211,0.16476113796234132,303359.0,1.0,False
UC3,1,all,all,dayPeak abs error (min),lvlh5_cbd,13.319977151747148,13.126883745193481,13.513885545730592,178476.0,True,9806,129,wt_med,4.325023191291571,4.203513932228089,4.457061362266541,3.675671601295471,5.136619448661804,167471.0,0.5520554854149704,False
UC3,1,all,all,dayPeak abs error (min),lvlh5_naive,9.331321239916834,9.217881011962891,9.447031950950622,308412.0,True,17610,230,wt_med,0.26574568179039737,0.2167980670928955,0.316079568862915,0.1764525890350342,0.35025675296783443,290802.0,0.9586067992049024,False
UC3,1,all,all,dayPeak abs error (min),lvlh5_tft,8.788540027947267,8.674519729614257,8.912026262283325,226530.0,True,12838,136,wt_med,-0.14030712758794195,-0.21949584484100343,-0.06373655796051025,-0.36243427991867067,0.07967638969421387,212319.0,0.6998935254928978,False
UC3,1,all,all,dayPeak abs error (min),snaive7,8.653155943870797,8.506039047241211,8.798116278648376,151080.0,True,14681,230,wt_med,0.5196556913504438,0.39592530727386477,0.6491317987442017,0.27841660976409915,0.76871098279953,148181.0,0.4884674593468465,False
UC3,1,all,all,dayPeak abs error (min),wt_med,8.928830197884356,8.817150115966797,9.036316013336181,303359.0,True,18040,230,wt_med,,,,,,,,
UC3,2,all,all,dayPeak abs error (min),clim,9.262430544435547,9.142535853385926,9.383105635643005,249800.0,True,15784,229,snaive7,-0.05442798563209372,-0.19252312183380127,0.08573689460754391,-0.324247932434082,0.21161155700683593,125836.0,0.8344728343402057,False
UC3,2,all,all,dayPeak abs error (min),driver_level,9.423731241389786,9.311114859580993,9.537513589859008,306905.0,True,17540,229,snaive7,-0.2513113563171885,-0.3705935001373291,-0.13184521198272706,-0.43477954864501955,-0.05396404266357423,145858.0,0.9672473590323415,True
UC3,2,all,all,dayPeak abs error (min),driver_level_x_h5,9.423731241389786,9.311114859580993,9.537513589859008,306905.0,True,17540,229,snaive7,-0.2513113563171885,-0.3705935001373291,-0.13184521198272706,-0.43477954864501955,-0.05396404266357423,145858.0,0.9672473590323415,True
UC3,2,all,all,dayPeak abs error (min),h5,9.257836528178595,9.142818140983582,9.370232701301575,322603.0,True,18378,229,snaive7,-0.36367801770018104,-0.49737608432769775,-0.23619594573974612,-0.625253701210022,-0.11616780757904054,149377.0,0.9905833670431109,True
UC3,2,all,all,dayPeak abs error (min),lvlh5_cbd,13.320755339565327,13.135379195213318,13.51482572555542,176932.0,True,9748,128,snaive7,4.137006895856079,3.9135260343551637,4.348294627666474,3.4180418968200685,4.987919902801513,79285.0,0.525773059145739,False
UC3,2,all,all,dayPeak abs error (min),lvlh5_naive,9.32348558849906,9.210396599769592,9.440153622627259,306905.0,True,17540,229,snaive7,-0.3623618854669335,-0.4688798189163208,-0.2522650718688965,-0.5513774633407593,-0.18505814075469973,145858.0,0.9672473590323415,True
UC3,2,all,all,dayPeak abs error (min),lvlh5_tft,8.887221040712333,8.766476798057557,9.007826256752015,223949.0,True,12722,135,snaive7,-0.3360296161789398,-0.4640498638153076,-0.2113644003868103,-0.528577733039856,-0.14663294553756723,101199.0,0.6710942525381804,True
UC3,2,all,all,dayPeak abs error (min),snaive7,8.648893545627567,8.503215146064758,8.794309592247009,150797.0,True,14644,229,snaive7,,,,,,,,
UC3,2,all,all,dayPeak abs error (min),wt_med,8.976237362784024,8.863439440727234,9.085540580749512,299710.0,True,17875,229,snaive7,-0.45681276411312055,-0.5878033638000488,-0.3319138050079346,-0.7152079820632935,-0.21023813486099246,147664.0,0.979223724609906,True
UC3,3,all,all,dayPeak abs error (min),clim,9.279925136629693,9.161124014854432,9.40094096660614,247384.0,True,15653,228,snaive7,-0.03937594714433601,-0.17908787727355957,0.10205702781677245,-0.31123406887054444,0.2295578241348266,124717.0,0.8294173588619843,False
UC3,3,all,all,dayPeak abs error (min),driver_level,9.433130115063484,9.318175005912781,9.548272800445556,305399.0,True,17474,228,snaive7,-0.23852810014774484,-0.3581673622131348,-0.12049281597137457,-0.422226881980896,-0.04378551244735729,145372.0,0.9667812751468075,True
UC3,3,all,all,dayPeak abs error (min),driver_level_x_h5,9.433130115063484,9.318175005912781,9.548272800445556,305399.0,True,17474,228,snaive7,-0.23852810014774484,-0.3581673622131348,-0.12049281597137457,-0.422226881980896,-0.04378551244735729,145372.0,0.9667812751468075,True
UC3,3,all,all,dayPeak abs error (min),h5,9.297235150882413,9.181045603752136,9.411152696609497,319918.0,True,18242,228,snaive7,-0.3177555156697469,-0.45146477222442627,-0.18774969577789308,-0.5795873880386353,-0.05905946493148815,148758.0,0.9892995138560987,True
UC3,3,all,all,dayPeak abs error (min),lvlh5_cbd,13.345950275353724,13.155698418617249,13.543014860153198,176328.0,True,9723,127,snaive7,4.154267281864183,3.9311136484146116,4.368392431735993,3.4312096357345583,5.007859802246093,79257.0,0.5270903855234194,False
UC3,3,all,all,dayPeak abs error (min),lvlh5_naive,9.323664848786654,9.209497475624085,9.437464570999145,305399.0,True,17474,228,snaive7,-0.35477338041491,-0.4623366117477417,-0.2459445714950562,-0.5447863340377808,-0.1764228105545044,145372.0,0.9667812751468075,True
UC3,3,all,all,dayPeak abs error (min),lvlh5_tft,9.000657540933165,8.880945920944214,9.118867635726929,221505.0,True,12592,134,snaive7,-0.2079710425261645,-0.3288639783859253,-0.08808351755142212,-0.41200358867645265,-0.003366839885711706,100619.0,0.6691561313320077,True
UC3,3,all,all,dayPeak abs error (min),prod_served,8.561007754382961,8.447239756584167,8.683587050437927,221939.0,True,12181,134,snaive7,-0.45989984475937806,-0.5831323027610779,-0.33874287605285647,-0.6478137612342835,-0.2628826498985291,99845.0,0.6640087253187202,True
UC3,3,all,all,dayPeak abs error (min),prod_served_lin,8.543659688022386,8.431026434898376,8.666223549842835,221939.0,True,12181,134,snaive7,-0.4854222795332772,-0.6044381856918335,-0.36325507164001464,-0.6674716830253601,-0.28573253154754646,99845.0,0.6640087253187202,True
UC3,3,all,all,dayPeak abs error (min),snaive7,8.647739863134863,8.503942346572876,8.792874836921692,150367.0,True,14596,228,snaive7,,,,,,,,
UC3,3,all,all,dayPeak abs error (min),wt_med,9.011095539252889,8.896401834487914,9.125303888320923,296475.0,True,17718,228,snaive7,-0.4100289935955459,-0.537539029121399,-0.28297555446624756,-0.6774202108383178,-0.16037123203277598,146929.0,0.9771359407316765,True
UC3,4,all,all,dayPeak abs error (min),clim,9.291928187960565,9.16889934539795,9.414842748641968,244945.0,True,15529,227,snaive7,-0.007949910988832798,-0.15304245948791503,0.14002532958984373,-0.2878636002540588,0.2630119562149047,123580.0,0.824647332808392,False
UC3,4,all,all,dayPeak abs error (min),driver_level,9.438836279447102,9.322202491760255,9.551043057441712,303685.0,True,17394,227,snaive7,-0.22757618440286898,-0.35085387229919435,-0.10906589031219484,-0.4133340835571289,-0.03422780036926276,144777.0,0.9660945695258177,True
UC3,4,all,all,dayPeak abs error (min),driver_level_x_h5,9.438836279447102,9.322202491760255,9.551043057441712,303685.0,True,17394,227,snaive7,-0.22757618440286898,-0.35085387229919435,-0.10906589031219484,-0.4133340835571289,-0.03422780036926276,144777.0,0.9660945695258177,True
UC3,4,all,all,dayPeak abs error (min),h5,9.328832694242188,9.21274163722992,9.44257881641388,317117.0,True,18102,227,snaive7,-0.27820403823921147,-0.40841290950775144,-0.14536795616149906,-0.5547996163368225,-0.010450875759124827,147911.0,0.9870077006232567,True
UC3,4,all,all,dayPeak abs error (min),lvlh5_cbd,13.352772738698288,13.16507692337036,13.548524451255798,174953.0,True,9659,126,snaive7,4.1370416638925285,3.9179198026657103,4.3510798692703245,3.4020554542541506,5.002120876312255,78863.0,0.5262515181038049,False
UC3,4,all,all,dayPeak abs error (min),lvlh5_naive,9.31514363792032,9.201124835014344,9.432409048080444,303685.0,True,17394,227,snaive7,-0.3511631763469296,-0.45964717864990234,-0.23937103748321537,-0.5429412484169006,-0.16966955661773686,144777.0,0.9660945695258177,True
UC3,4,all,all,dayPeak abs error (min),lvlh5_tft,9.031329666805572,8.911025476455688,9.157096552848817,218865.0,True,12458,133,snaive7,-0.14775718375000935,-0.2780086636543274,-0.019842982292175355,-0.3213451147079468,0.04358592033386223,99784.0,0.6658570113040345,False
UC3,4,all,all,dayPeak abs error (min),prod_served,8.61592013738629,8.498764801025391,8.736493682861328,219527.0,True,12050,133,snaive7,-0.39022907239819027,-0.5119597315788269,-0.26374107599258423,-0.5681050539016723,-0.19375959634780887,99008.0,0.6606787759078594,True
UC3,4,all,all,dayPeak abs error (min),prod_served_lin,8.596839284006068,8.480698299407958,8.718053197860717,219527.0,True,12050,133,snaive7,-0.4147327741192628,-0.5344588756561279,-0.2897562980651856,-0.5859299063682556,-0.2189789891242981,99008.0,0.6606787759078594,True
UC3,4,all,all,dayPeak abs error (min),snaive7,8.63510389835711,8.488536429405212,8.780106282234192,149858.0,True,14541,227,snaive7,,,,,,,,
UC3,4,all,all,dayPeak abs error (min),wt_med,9.047625899280575,8.931580948829652,9.159501886367797,293290.0,True,17569,227,snaive7,-0.36797662246794793,-0.4979578495025635,-0.23634479045867923,-0.64481440782547,-0.10893533229827883,145781.0,0.9727942452188071,True
UC3,5,all,all,dayPeak abs error (min),clim,9.305219646452977,9.183264899253846,9.425497102737427,242344.0,True,15394,226,snaive7,0.016750799741465983,-0.13021652698516845,0.1642394542694091,-0.26982431411743163,0.28748254776000975,122227.0,0.8186616298618228,False
UC3,5,all,all,dayPeak abs error (min),driver_level,9.452662928027031,9.335040664672851,9.564850878715514,301917.0,True,17321,226,snaive7,-0.19406693017282883,-0.31650781631469727,-0.07278046607971193,-0.3825884580612183,0.008616876602172814,144107.0,0.9652112176073837,False
UC3,5,all,all,dayPeak abs error (min),driver_level_x_h5,9.452662928027031,9.335040664672851,9.564850878715514,301917.0,True,17321,226,snaive7,-0.19406693017282883,-0.31650781631469727,-0.07278046607971193,-0.3825884580612183,0.008616876602172814,144107.0,0.9652112176073837,False
UC3,5,all,all,dayPeak abs error (min),h5,9.355009933105684,9.239998602867127,9.469783568382264,314227.0,True,17964,226,snaive7,-0.23915423905939193,-0.36931049823760986,-0.10807890892028814,-0.5279018402099609,0.03354697227478027,146884.0,0.983811226984414,False
UC3,5,all,all,dayPeak abs error (min),lvlh5_cbd,13.374293591658498,13.189673662185669,13.568281555175782,172723.0,True,9543,125,snaive7,4.1351001571333725,3.9144166707992554,4.356544756889344,3.39356015920639,4.994417691230773,78091.0,0.5230440519487478,False
UC3,5,all,all,dayPeak abs error (min),lvlh5_naive,9.29983493993412,9.187645149230956,9.421067452430725,301917.0,True,17321,226,snaive7,-0.3501796897427045,-0.4583202600479126,-0.24366946220397956,-0.5384866476058959,-0.1677762031555176,144107.0,0.9652112176073837,True
UC3,5,all,all,dayPeak abs error (min),lvlh5_tft,9.128592910179142,9.006286215782165,9.253412175178529,216080.0,True,12317,132,snaive7,-0.05659671820824386,-0.1838629126548767,0.06820273399353025,-0.24156583547592164,0.1419458150863647,98689.0,0.6610069590960542,False
UC3,5,all,all,dayPeak abs error (min),prod_served,8.732221086179582,8.610705828666687,8.855502843856812,217128.0,True,11915,132,snaive7,-0.2870413452512137,-0.4163459539413452,-0.1673019051551819,-0.45261636972427366,-0.08479409217834474,98004.0,0.6564189121305283,True
UC3,5,all,all,dayPeak abs error (min),prod_served_lin,8.710045572197044,8.587927722930909,8.831896901130676,217128.0,True,11915,132,snaive7,-0.313671253214153,-0.4421190142631531,-0.19391090869903566,-0.4798316597938538,-0.11105328798294074,98004.0,0.6564189121305283,True
UC3,5,all,all,dayPeak abs error (min),snaive7,8.62096904910215,8.471880912780762,8.767965698242188,149301.0,True,14499,226,snaive7,,,,,,,,
UC3,5,all,all,dayPeak abs error (min),wt_med,9.071412195449891,8.952917647361755,9.183745646476746,290059.0,True,17417,226,snaive7,-0.32533994167480706,-0.4571779727935791,-0.1987534284591676,-0.6089502096176147,-0.06618725061416635,144363.0,0.9669258745755219,True
UC3,6,all,all,dayPeak abs error (min),clim,9.323097735319662,9.201589107513428,9.443797159194947,239504.0,True,15258,225,snaive7,0.06313151414143903,-0.08618950843811035,0.2106001853942871,-0.22344263792037963,0.3387459278106688,120603.0,0.8111909278017676,False
UC3,6,all,all,dayPeak abs error (min),driver_level,9.448179028779549,9.329341626167297,9.561327981948853,299852.0,True,17241,225,snaive7,-0.17915782003988134,-0.30264577865600584,-0.06331129074096684,-0.37032543420791625,0.019166064262390127,143206.0,0.9632215451255768,False
UC3,6,all,all,dayPeak abs error (min),driver_level_x_h5,9.448179028779549,9.329341626167297,9.561327981948853,299852.0,True,17241,225,snaive7,-0.17915782003988134,-0.30264577865600584,-0.06331129074096684,-0.37032543420791625,0.019166064262390127,143206.0,0.9632215451255768,False
UC3,6,all,all,dayPeak abs error (min),h5,9.41811475409836,9.300572228431701,9.534419751167297,311100.0,True,17816,225,snaive7,-0.170538492314245,-0.3017585039138794,-0.038156390190124574,-0.46847259998321533,0.10881276130676255,145594.0,0.9792835330992642,False
UC3,6,all,all,dayPeak abs error (min),lvlh5_cbd,13.900222083653366,13.703272128105164,14.11569356918335,170311.0,True,9422,124,snaive7,4.683905277619704,4.452817392349243,4.908179962635041,3.932555985450745,5.559040701389312,77115.0,0.518685176964365,False
UC3,6,all,all,dayPeak abs error (min),lvlh5_naive,9.29902901414212,9.184432339668273,9.418330407142639,299852.0,True,17241,225,snaive7,-0.3315420809326408,-0.43832828998565676,-0.22692289352416994,-0.5249389052391052,-0.14983865022659304,143206.0,0.9632215451255768,True
UC3,6,all,all,dayPeak abs error (min),lvlh5_tft,9.261901033604163,9.136390471458435,9.393694710731506,213175.0,True,12164,131,snaive7,0.10602312276030013,-0.028745293617248535,0.2405464887619018,-0.0961756706237793,0.3208348870277405,97372.0,0.6549363035904059,False
UC3,6,all,all,dayPeak abs error (min),prod_served,8.845127093963328,8.722024917602539,8.975584387779236,214605.0,True,11775,131,snaive7,-0.1278577039150015,-0.26705652475357056,-0.007208764553070072,-0.328126323223114,0.10198686122894284,96756.0,0.6507930102102587,False
UC3,6,all,all,dayPeak abs error (min),prod_served_lin,8.82997157568556,8.706263875961303,8.959802865982056,214605.0,True,11775,131,snaive7,-0.14643898052833837,-0.2798194050788879,-0.025254154205322298,-0.34406682252883913,0.07506564855575558,96756.0,0.6507930102102587,False
UC3,6,all,all,dayPeak abs error (min),snaive7,8.609566568465233,8.462407493591309,8.752084612846375,148674.0,True,14452,225,snaive7,,,,,,,,
UC3,6,all,all,dayPeak abs error (min),wt_med,9.136838164192183,9.018568062782288,9.248596692085266,286457.0,True,17245,225,snaive7,-0.2489019393225007,-0.38031563758850095,-0.11416709423065187,-0.5425628662109375,0.022017502784728946,142524.0,0.9586343274546996,False
UC3,7,all,all,dayPeak abs error (min),clim,9.358471190672677,9.231983470916749,9.481292581558227,236295.0,True,15115,224,wt_med,0.23666193539425784,0.18878259658813476,0.2838931083679199,0.10694756507873536,0.3785749197006225,230382.0,0.8183649183880077,False
UC3,7,all,all,dayPeak abs error (min),driver_level,9.823440735257716,9.703372907638549,9.940433311462403,288048.0,True,16604,224,wt_med,0.47136803603797617,0.4059030532836914,0.5412684679031372,0.24952492713928223,0.7126450538635254,267686.0,0.9508765074685186,False
UC3,7,all,all,dayPeak abs error (min),driver_level_x_h5,9.823440735257716,9.703372907638549,9.940433311462403,288048.0,True,16604,224,wt_med,0.47136803603797617,0.4059030532836914,0.5412684679031372,0.24952492713928223,0.7126450538635254,267686.0,0.9508765074685186,False
UC3,7,all,all,dayPeak abs error (min),h5,9.531481814167366,9.411510467529297,9.646421933174134,306846.0,True,17628,224,wt_med,0.11355507255385966,0.09976871013641357,0.12780818939208985,0.08474042415618896,0.14145171642303467,281515.0,1.0,False
UC3,7,all,all,dayPeak abs error (min),lvlh5_cbd,14.040861903432928,13.83974130153656,14.25770583152771,166957.0,True,9258,123,wt_med,4.574406314426293,4.431244826316833,4.717963790893554,3.9022289991378782,5.372272276878356,153645.0,0.5457790881480561,False
UC3,7,all,all,dayPeak abs error (min),lvlh5_naive,9.81098528158394,9.690470743179322,9.9272611618042,288048.0,True,16604,224,wt_med,0.4584505746860952,0.4101735591888428,0.5059623003005982,0.3635824918746948,0.5536274433135986,267686.0,0.9508765074685186,False
UC3,7,all,all,dayPeak abs error (min),lvlh5_tft,9.51433600881206,9.39073441028595,9.652856874465943,209582.0,True,11988,130,wt_med,0.21931863789620643,0.13544237613677979,0.3064166784286499,0.018445658683776855,0.42043104171752926,193285.0,0.6865886364847343,False
UC3,7,all,all,dayPeak abs error (min),prod_served,9.1708791623788,9.043230223655701,9.306912517547607,211838.0,True,11629,130,wt_med,-0.06561032309524961,-0.1648030996322632,0.03286588191986083,-0.3052696228027344,0.16747710704803467,190563.0,0.6769195247144912,False
UC3,7,all,all,dayPeak abs error (min),prod_served_lin,9.153998161330827,9.028898572921753,9.288310217857362,211838.0,True,11629,130,wt_med,-0.08306603328033191,-0.1812203645706177,0.013116550445556638,-0.31811673641204835,0.1456454277038574,190563.0,0.6769195247144912,False
UC3,7,all,all,dayPeak abs error (min),wt_med,9.246336607285581,9.124331307411193,9.357777309417724,281515.0,True,17035,224,wt_med,,,,,,,,
UC3,10,all,all,dayPeak abs error (min),clim,9.39791405605306,9.27270495891571,9.521893310546876,229033.0,True,14760,221,wt_med,0.15120619056598805,0.10300557613372803,0.19934613704681398,0.019446372985839844,0.2979861259460449,222726.0,0.8194330494288184,False
UC3,10,all,all,dayPeak abs error (min),driver_level,9.878684379861001,9.753716969490052,9.994912457466125,282959.0,True,16397,221,wt_med,0.39523973327144546,0.32432453632354735,0.4667617082595825,0.16785452365875245,0.6424874067306519,260967.0,0.9601258254998988,False
UC3,10,all,all,dayPeak abs error (min),driver_level_x_h5,9.878684379861001,9.753716969490052,9.994912457466125,282959.0,True,16397,221,wt_med,0.39523973327144546,0.32432453632354735,0.4667617082595825,0.16785452365875245,0.6424874067306519,260967.0,0.9601258254998988,False
UC3,10,all,all,dayPeak abs error (min),h5,9.638334556433506,9.513929915428161,9.755120754241943,298422.0,True,17214,221,wt_med,0.1023342331818764,0.08844563961029053,0.11709845066070557,0.07235233783721924,0.1320874214172363,271805.0,1.0,False
UC3,10,all,all,dayPeak abs error (min),lvlh5_cbd,14.112201241380825,13.90250060558319,14.337354755401611,160807.0,True,8956,120,wt_med,4.464691334461232,4.327042770385742,4.6140937328338625,3.769691276550293,5.288681292533875,146523.0,0.5390739684700429,False
UC3,10,all,all,dayPeak abs error (min),lvlh5_naive,9.810498888214006,9.683585405349731,9.927995324134827,282959.0,True,16397,221,wt_med,0.3274771824682041,0.2761327028274536,0.378509521484375,0.2256145715713501,0.4289877414703369,260967.0,0.9601258254998988,False
UC3,10,all,all,dayPeak abs error (min),lvlh5_tft,9.711278506635736,9.579622197151185,9.850838088989258,201863.0,True,11594,127,wt_med,0.26372003094861185,0.1793118953704834,0.3479894161224365,0.06006062030792237,0.4720339059829712,184552.0,0.6789867736060778,False
UC3,10,all,all,dayPeak abs error (min),prod_served,9.406169173152321,9.268014645576477,9.547647595405579,205068.0,True,11254,127,wt_med,0.01856657127320105,-0.0801649808883667,0.11718924045562741,-0.23125555515289306,0.26597812175750724,182053.0,0.6697926822538217,False
UC3,10,all,all,dayPeak abs error (min),prod_served_lin,9.387935404353678,9.24718222618103,9.528358483314515,205068.0,True,11254,127,wt_med,6.042196503130981e-05,-0.09785676002502441,0.09721822738647459,-0.2441560983657837,0.24471690654754635,182053.0,0.6697926822538217,False
UC3,10,all,all,dayPeak abs error (min),wt_med,9.366502455804714,9.249252820014954,9.478201532363892,271805.0,True,16574,221,wt_med,,,,,,,,
UC3,14,all,all,dayPeak abs error (min),clim,9.470094408928922,9.341854691505432,9.595013880729676,219153.0,True,14260,217,clim,,,,,,,,
UC3,14,all,all,dayPeak abs error (min),driver_level,10.110426364642896,9.977590847015382,10.229410481452941,267978.0,True,15595,217,clim,0.4537207832210548,0.3701383829116821,0.5300871133804321,0.25101935863494873,0.6895836353302002,211772.0,0.96632033328314,False
UC3,14,all,all,dayPeak abs error (min),driver_level_x_h5,10.110426364642896,9.977590847015382,10.229410481452941,267978.0,True,15595,217,clim,0.4537207832210548,0.3701383829116821,0.5300871133804321,0.25101935863494873,0.6895836353302002,211772.0,0.96632033328314,False
UC3,14,all,all,dayPeak abs error (min),h5,9.78879643174338,9.664644193649291,9.906577277183533,287115.0,True,16643,217,clim,0.042296944257580904,-0.0051731824874877924,0.09256327152252197,-0.12241511344909668,0.197259783744812,217034.0,0.9903309559987771,False
UC3,14,all,all,dayPeak abs error (min),lvlh5_cbd,14.226630961468853,14.011794567108154,14.447698593139648,150980.0,True,8419,116,clim,4.393662342881257,4.246321988105774,4.554676818847656,3.677868914604187,5.22568724155426,119268.0,0.5442225294657157,False
UC3,14,all,all,dayPeak abs error (min),lvlh5_naive,10.147567617834795,10.023436093330384,10.268902516365051,267978.0,True,15595,217,clim,0.5268750326608789,0.4588580369949341,0.5967590570449829,0.38122355937957764,0.67069091796875,211772.0,0.96632033328314,False
UC3,14,all,all,dayPeak abs error (min),lvlh5_tft,10.013221873891922,9.875598192214966,10.160531330108643,191566.0,True,11046,123,clim,0.3263950901209718,0.23308029174804687,0.42749233245849605,0.08069970607757569,0.5752632856369018,151734.0,0.6923656075892185,False
UC3,14,all,all,dayPeak abs error (min),prod_served,9.751317027762434,9.607583212852479,9.896441054344177,195516.0,True,10732,123,clim,0.1908211840750269,0.0796525239944458,0.30648834705352784,-0.12511756420135497,0.5056675910949705,154399.0,0.7045260617011859,False
UC3,14,all,all,dayPeak abs error (min),prod_served_lin,9.729771668303362,9.588660430908202,9.875494766235352,195516.0,True,10732,123,clim,0.16888151801501472,0.05775685310363769,0.2804741859436035,-0.13897244930267333,0.47363181114196756,154399.0,0.7045260617011859,False
UC3,14,all,all,dayPeak abs error (min),wt_med,9.522509398859013,9.401722979545593,9.637226676940918,259074.0,True,15974,217,clim,-0.05580465991998018,-0.10484614372253417,-0.002566766738891603,-0.21424269676208496,0.09050540924072263,212450.0,0.969414062321757,False
UC3,21,all,all,dayPeak abs error (min),clim,9.473470543899662,9.34104127883911,9.592080974578858,202997.0,True,13460,210,clim,,,,,,,,
UC3,21,all,all,dayPeak abs error (min),driver_level,10.264060199540083,10.12825059890747,10.386848378181458,249608.0,True,14653,210,clim,0.5876513780835548,0.49974427223205564,0.665298342704773,0.3777874708175659,0.8228025436401367,195407.0,0.9626102848810574,False
UC3,21,all,all,dayPeak abs error (min),driver_level_x_h5,10.264060199540083,10.12825059890747,10.386848378181458,249608.0,True,14653,210,clim,0.5876513780835548,0.49974427223205564,0.665298342704773,0.3777874708175659,0.8228025436401367,195407.0,0.9626102848810574,False
UC3,21,all,all,dayPeak abs error (min),h5,9.926756041874969,9.797851753234863,10.046735382080078,269039.0,True,15747,210,clim,0.16750423538791104,0.11232759952545165,0.223622465133667,-0.02084980010986328,0.342942214012146,200690.0,0.9886353000290645,False
UC3,21,all,all,dayPeak abs error (min),lvlh5_cbd,14.363209284248798,14.126804518699647,14.599872708320618,136524.0,True,7651,109,clim,4.428429190383756,4.274031329154968,4.593601322174072,3.7116272926330565,5.244670248031616,106375.0,0.5240225225003325,False
UC3,21,all,all,dayPeak abs error (min),lvlh5_naive,10.38099504604063,10.251153802871704,10.501988887786865,249608.0,True,14653,210,clim,0.7533442036346969,0.6745832920074463,0.8263796091079711,0.5875123023986817,0.9149680376052857,195407.0,0.9626102848810574,False
UC3,21,all,all,dayPeak abs error (min),lvlh5_tft,10.29072270075136,10.134284472465515,10.437794065475464,174201.0,True,10118,116,clim,0.5491396583092651,0.4408957719802856,0.6521655797958373,0.3359134435653687,0.7941805839538574,136419.0,0.6720247097247742,False
UC3,21,all,all,dayPeak abs error (min),prod_served,10.076170210404827,9.916766881942749,10.222155046463012,180224.0,True,9925,116,clim,0.45071111845745726,0.31977570056915283,0.5740598678588867,0.1887047052383423,0.7480922698974609,139147.0,0.6854633319704232,False
UC3,21,all,all,dayPeak abs error (min),prod_served_lin,10.049297748912466,9.889616584777832,10.19396550655365,180224.0,True,9925,116,clim,0.41926371032073817,0.2919715404510498,0.5424487352371216,0.16607263088226318,0.7128141403198242,139147.0,0.6854633319704232,False
UC3,21,all,all,dayPeak abs error (min),wt_med,9.66432921724571,9.539387702941895,9.782962226867676,238900.0,True,14982,210,clim,0.0825321739485414,0.0249347448348999,0.1376810312271118,-0.09638035297393799,0.2472726821899414,195966.0,0.9653640201579333,False
UC3,30,all,all,dayPeak abs error (min),clim,9.430056944991467,9.292385458946228,9.55556652545929,182808.0,True,12378,201,clim,,,,,,,,
UC3,30,all,all,dayPeak abs error (min),driver_level,10.28168743801777,10.139314222335816,10.406883883476258,228673.0,True,13666,201,clim,0.6215754937751576,0.5127159357070923,0.7118691444396973,0.3980590343475342,0.8689095735549927,175711.0,0.9611778477965953,False
UC3,30,all,all,dayPeak abs error (min),driver_level_x_h5,10.28168743801777,10.139314222335816,10.406883883476258,228673.0,True,13666,201,clim,0.6215754937751541,0.5127159357070923,0.7118691444396973,0.3980590343475342,0.8689095735549927,175711.0,0.9611778477965953,False
UC3,30,all,all,dayPeak abs error (min),h5,9.994423795879246,9.859397554397583,10.112290573120116,246217.0,True,14637,201,clim,0.2503131446586213,0.1918790340423584,0.3128253221511841,0.02138488292694092,0.4671234607696533,180328.0,0.9864338540982889,False
UC3,30,all,all,dayPeak abs error (min),lvlh5_cbd,14.508511594339085,14.261822748184205,14.756409096717835,119365.0,True,6800,100,clim,4.387175810039881,4.206173062324524,4.584348464012146,3.63663227558136,5.185899925231934,90874.0,0.49710078333552143,False
UC3,30,all,all,dayPeak abs error (min),lvlh5_naive,10.415180412070773,10.281308698654176,10.536676049232483,228673.0,True,13666,201,clim,0.8412061539292921,0.7535504102706909,0.926339077949524,0.6253796577453613,1.0404820203781127,175711.0,0.9611778477965953,False
UC3,30,all,all,dayPeak abs error (min),lvlh5_tft,10.757370441665207,10.574218893051148,10.939486217498779,128791.0,True,7552,105,clim,0.8473424820787372,0.7118308305740356,0.9699980974197387,0.5529151201248169,1.1471526145935058,98770.0,0.5402936414161306,False
UC3,30,all,all,dayPeak abs error (min),prod_served,10.77404975305106,10.592103600502014,10.937949347496033,143147.0,True,7962,105,clim,1.0377091624139698,0.8893952131271362,1.1892137765884399,0.682813572883606,1.397845411300659,106795.0,0.5841921578924336,False
UC3,30,all,all,dayPeak abs error (min),prod_served_lin,10.741423239746556,10.559406089782716,10.90542094707489,143147.0,True,7962,105,clim,0.9974568097757377,0.8496628522872924,1.1487847089767456,0.6575443983078003,1.3479982376098631,106795.0,0.5841921578924336,False
UC3,30,all,all,dayPeak abs error (min),wt_med,9.740489242790975,9.614286494255065,9.86525583267212,215251.0,True,13783,201,clim,0.1939410911778907,0.13537743091583251,0.2582944631576538,-0.018200135231018065,0.39227015972137447,175865.0,0.9620202616953306,False
UC3,45,all,all,dayPeak abs error (min),clim,9.420019107005686,9.279451966285706,9.55207691192627,154917.0,True,10890,186,clim,,,,,,,,
UC3,45,all,all,dayPeak abs error (min),driver_level,10.329232766041718,10.177412843704223,10.471833658218383,196997.0,True,12075,186,clim,0.7546477956539341,0.6392285346984863,0.8629604578018188,0.4504769802093506,1.049174427986145,148356.0,0.957648289083832,False
UC3,45,all,all,dayPeak abs error (min),driver_level_x_h5,10.329232766041718,10.177412843704223,10.471833658218383,196997.0,True,12075,186,clim,0.7546477956539341,0.6392285346984863,0.8629604578018188,0.4504769802093506,1.049174427986145,148356.0,0.957648289083832,False
UC3,45,all,all,dayPeak abs error (min),h5,9.859324561649666,9.721477103233337,9.991632127761841,213813.0,True,13058,186,clim,0.1705923018452502,0.10193588733673095,0.2313166856765747,-0.11329777240753174,0.43549888134002684,152608.0,0.9850952445503076,False
UC3,45,all,all,dayPeak abs error (min),lvlh5_cbd,15.479984246046097,15.051971316337585,15.90556616783142,30316.0,True,2089,84,clim,3.6934500211941828,3.3303937673568726,4.0681753873825075,2.520235061645508,4.877360224723816,22164.0,0.14307016015027402,False
UC3,45,all,all,dayPeak abs error (min),lvlh5_naive,10.386869184247319,10.243900465965272,10.51866419315338,196997.0,True,12075,186,clim,0.8995694514368022,0.7983554840087891,0.9901368856430054,0.6024710416793824,1.1886397838592528,148356.0,0.957648289083832,False
UC3,45,all,all,dayPeak abs error (min),lvlh5_tft,10.785851787641839,10.562719559669494,11.001356601715088,85906.0,True,5157,74,clim,0.9834227019490953,0.8215555667877197,1.1481966733932496,0.6422944307327271,1.3505609273910522,68163.0,0.43999690156664534,False
UC3,45,all,all,dayPeak abs error (min),prod_served,11.273069582710063,11.053815579414367,11.476522994041442,96935.0,True,5611,85,clim,1.4159819455928009,1.2403897762298584,1.6028288841247558,0.982207179069519,1.8809544563293457,73777.0,0.47623566167689796,False
UC3,45,all,all,dayPeak abs error (min),prod_served_lin,11.224413782431524,11.006189489364624,11.429377102851868,96935.0,True,5611,85,clim,1.356136058663271,1.180051612854004,1.540193223953247,0.9287829875946045,1.8092064142227173,73777.0,0.47623566167689796,False
UC3,45,all,all,dayPeak abs error (min),wt_med,9.622833379509663,9.481743693351746,9.757657098770142,184077.0,True,12153,186,clim,0.13199096877372973,0.0669398546218872,0.194352126121521,-0.10760040283203125,0.35599112510681147,148817.0,0.9606240761181795,False
UC3,60,all,all,dayPeak abs error (min),clim,9.43189636562688,9.275354552268983,9.583066701889038,129706.0,True,9445,171,clim,,,,,,,,
UC3,60,all,all,dayPeak abs error (min),driver_level,10.277550675938837,10.124713492393493,10.441960525512695,166486.0,True,10408,171,clim,0.7305033652451449,0.6045002937316895,0.8595710277557373,0.39133782386779786,1.0422605037689208,124665.0,0.9611351826438252,False
UC3,60,all,all,dayPeak abs error (min),driver_level_x_h5,10.277550675938837,10.124713492393493,10.441960525512695,166486.0,True,10408,171,clim,0.7305033652451449,0.6045002937316895,0.8595710277557373,0.39133782386779786,1.0422605037689208,124665.0,0.9611351826438252,False
UC3,60,all,all,dayPeak abs error (min),h5,9.875631955726488,9.725655698776245,10.014784789085388,180966.0,True,11375,171,clim,0.11674110101112412,0.04796016216278076,0.19003868103027344,-0.19589650630950925,0.4156336545944213,128273.0,0.9889519374585601,False
UC3,60,all,all,dayPeak abs error (min),lvlh5_naive,10.372076819993618,10.221824598312377,10.51688368320465,166486.0,True,10408,171,clim,0.8810747945180335,0.7841652870178223,0.9839403867721558,0.5304943084716797,1.2405381441116332,124665.0,0.9611351826438252,False
UC3,60,all,all,dayPeak abs error (min),lvlh5_tft,2.976732254804204,2.196046268939972,3.9023230493068692,1103.0,True,148,48,clim,-0.12919899905503174,-0.6799766182899475,0.42825088500976544,-1.6001097321510316,0.20832055211067185,955.0,0.0073628051131019384,False
UC3,60,all,all,dayPeak abs error (min),prod_served,3.4766666666666666,2.4374771893024443,4.923464524745941,1110.0,True,150,48,clim,-0.1608535300316123,-0.8203461229801178,0.5139881551265716,-1.718811583518982,0.3970121860504147,949.0,0.0073165466516583655,False
UC3,60,all,all,dayPeak abs error (min),prod_served_lin,3.466948198198198,2.426959389448166,4.929543137550353,1110.0,True,150,48,clim,-0.18677555321390926,-0.8253697097301483,0.4645184904336926,-1.8065448939800262,0.29967041015624973,949.0,0.0073165466516583655,False
UC3,60,all,all,dayPeak abs error (min),wt_med,9.63318061148588,9.485308289527893,9.778333616256713,155948.0,True,10530,171,clim,0.07265582612581056,0.006363368034362793,0.1431737422943115,-0.19032824039459229,0.3322431802749633,125332.0,0.9662775816076358,False
UC3,90,all,all,dayPeak abs error (min),clim,9.34467264543016,9.143846774101258,9.525612926483154,86863.0,True,6796,141,clim,,,,,,,,
UC3,90,all,all,dayPeak abs error (min),driver_level,10.272685527011252,10.084945011138917,10.465990161895752,111740.0,True,7546,141,clim,0.8760406173836817,0.7259610414505004,1.0144307374954222,0.505326247215271,1.2594625711441039,83597.0,0.9624005618042204,False
UC3,90,all,all,dayPeak abs error (min),driver_level_x_h5,10.272685527011252,10.084945011138917,10.465990161895752,111740.0,True,7546,141,clim,0.8760406173836817,0.7259610414505004,1.0144307374954222,0.505326247215271,1.2594625711441039,83597.0,0.9624005618042204,False
UC3,90,all,all,dayPeak abs error (min),h5,9.535294920330214,9.363088703155517,9.705056095123291,121376.0,True,8268,141,clim,-0.15260173608692718,-0.23155009746551514,-0.0752363443374634,-0.3942403793334961,0.07519397735595694,86142.0,0.9916995728906439,False
UC3,90,all,all,dayPeak abs error (min),lvlh5_naive,9.976390045511787,9.805494236946107,10.157526516914368,111740.0,True,7546,141,clim,0.5768955410417291,0.44977436065673826,0.700682520866394,0.31206645965576174,0.8703848361968994,83597.0,0.9624005618042204,False
UC3,90,all,all,dayPeak abs error (min),wt_med,9.448559491562735,9.263458347320556,9.62186586856842,104477.0,True,7609,141,clim,-0.16391667647404873,-0.23622772693634034,-0.0940596342086792,-0.39160335063934326,0.0582252979278564,84970.0,0.9782070616948528,False
D5,0,all,all,rope-drop worth agreement,clim,0.9123411494469139,0.9104565054178237,0.9142830863595008,255114.0,False,16034,231,wt_med,-0.0014159052021553986,-0.0020225048065185547,-0.0008207723498344422,-0.002657864987850189,-0.0003418534994125371,250723.0,0.8131671039701098,False
D5,0,all,all,rope-drop worth agreement,driver_level,0.9066114131222871,0.904772487282753,0.9086083754897117,310327.0,False,17681,231,wt_med,-0.00514538343819082,-0.005903482437133789,-0.004399780929088592,-0.008152851462364196,-0.0027311950922012333,294050.0,0.9536890788735409,False
D5,0,all,all,rope-drop worth agreement,h5,0.9104456756822434,0.9086679622530938,0.9123442262411118,329208.0,False,18702,231,wt_med,-0.0030681512280712475,-0.0036000639200210573,-0.002549099922180176,-0.004969777166843414,-0.001581956446170807,308329.0,1.0,False
D5,0,all,all,rope-drop worth agreement,lvlh5_cbd,0.9016235659051159,0.8988839909434319,0.9041923895478249,181822.0,False,9985,130,wt_med,-0.011840085897518171,-0.012910343706607819,-0.010718180239200592,-0.018428337574005128,-0.006578198075294495,171367.0,0.5557926760051762,False
D5,0,all,all,rope-drop worth agreement,lvlh5_naive,0.9085319678919334,0.9066993087530136,0.9104548826813698,310327.0,False,17681,231,wt_med,-0.003315762625403895,-0.0040238738059997555,-0.002669009566307068,-0.004928115010261536,-0.0017916902899742127,294050.0,0.9536890788735409,False
D5,0,all,all,rope-drop worth agreement,lvlh5_tft,0.9137479099902466,0.911675788462162,0.9158665582537651,229664.0,False,13013,137,wt_med,-0.0023187252102356837,-0.0031660616397857664,-0.001529763638973236,-0.004369676113128662,-8.051842451095597e-05,216067.0,0.7007676864647827,False
D5,0,all,all,rope-drop worth agreement,prod_ropedrop_hist,0.9117695708155898,0.9101855635643006,0.9135821402072907,308329.0,False,18260,231,wt_med,-0.0030486914951236566,-0.0042688935995101925,-0.002008895576000214,-0.0070696577429771425,0.0009808495640754693,308329.0,1.0,False
D5,0,all,all,rope-drop worth agreement,snaive7,0.9160353243459249,0.9138030186295509,0.9182679161429406,151397.0,False,14709,231,wt_med,-0.010684850600016116,-0.012581777572631837,-0.008913718163967133,-0.01458335816860199,-0.006612418591976166,148996.0,0.4832370617100565,False
D5,0,all,all,rope-drop worth agreement,wt_med,0.9148182623107135,0.9131091982126236,0.9166535988450051,308329.0,False,18260,231,wt_med,,,,,,,,
D5,1,all,all,rope-drop worth agreement,clim,0.9125945881700408,0.910661606490612,0.9145505905151368,252410.0,False,15905,230,wt_med,-0.0008602619558236713,-0.0014471560716629028,-0.0002627596259117128,-0.0019556358456611633,0.00015259236097335787,247599.0,0.816191377213137,False
D5,1,all,all,rope-drop worth agreement,driver_level,0.9067967523961454,0.9049518167972564,0.9087476998567581,308412.0,False,17610,230,wt_med,-0.004322528730889008,-0.005050373077392578,-0.0035517796874046325,-0.007123871147632599,-0.002092012763023377,290802.0,0.9586067992049024,False
D5,1,all,all,rope-drop worth agreement,driver_level_x_h5,0.9067967523961454,0.9049518167972564,0.9087476998567581,308412.0,False,17610,230,wt_med,-0.004322528730889008,-0.005050373077392578,-0.0035517796874046325,-0.007123871147632599,-0.002092012763023377,290802.0,0.9586067992049024,False
D5,1,all,all,rope-drop worth agreement,h5,0.9101643514891186,0.9083833038806916,0.9120780900120735,325461.0,False,18516,230,wt_med,-0.002679993011580284,-0.0032105833292007447,-0.0021459281444549563,-0.004445907473564148,-0.0012741029262542725,303359.0,1.0,False
D5,1,all,all,rope-drop worth agreement,lvlh5_cbd,0.9015217732356171,0.8987644538283348,0.9042686447501183,178476.0,False,9806,129,wt_med,-0.011458700312292902,-0.012588874995708465,-0.010389740765094756,-0.01802334487438202,-0.006371687352657318,167471.0,0.5520554854149704,False
D5,1,all,all,rope-drop worth agreement,lvlh5_naive,0.9084406573025693,0.906656838953495,0.9104170978069306,308412.0,False,17610,230,wt_med,-0.0027682065460347127,-0.0034654319286346437,-0.0021052151918411256,-0.0043215081095695496,-0.0012909457087516786,290802.0,0.9586067992049024,False
D5,1,all,all,rope-drop worth agreement,lvlh5_tft,0.9133448108418311,0.9113169372081756,0.9154706880450248,226530.0,False,12838,136,wt_med,-0.002044094028325283,-0.002897477149963379,-0.001213119924068451,-0.00403764694929123,0.0001316323876380918,212319.0,0.6998935254928978,False
D5,1,all,all,rope-drop worth agreement,prod_ropedrop_hist,0.9109701706558896,0.9093343243002892,0.9127576619386673,303359.0,False,18040,230,wt_med,-0.003316202914698363,-0.004495012760162354,-0.002246174216270447,-0.007388231158256531,0.0007614701986312858,303359.0,1.0,False
D5,1,all,all,rope-drop worth agreement,snaive7,0.9161040508339953,0.9138391017913818,0.9183514878153801,151080.0,False,14681,230,wt_med,-0.010062018747342694,-0.012003487348556519,-0.008338385820388794,-0.014048375189304352,-0.005781304836273194,148181.0,0.4884674593468465,False
D5,1,all,all,rope-drop worth agreement,wt_med,0.914286373570588,0.9125929281115532,0.916171345114708,303359.0,False,18040,230,wt_med,,,,,,,,
D5,2,all,all,rope-drop worth agreement,clim,0.912906325060048,0.9109472304582595,0.9148420080542564,249800.0,False,15784,229,snaive7,0.009194507136272567,0.007163584232330322,0.011335965991020202,0.004890537261962891,0.013383600115776061,125836.0,0.8344728343402057,True
D5,2,all,all,rope-drop worth agreement,driver_level,0.9067985207148792,0.9049121007323265,0.9087427154183387,306905.0,False,17540,229,snaive7,0.005944137448751552,0.003987671434879303,0.0078386589884758,0.0007311597466468811,0.010815270245075226,145858.0,0.9672473590323415,True
D5,2,all,all,rope-drop worth agreement,driver_level_x_h5,0.9067985207148792,0.9049121007323265,0.9087427154183387,306905.0,False,17540,229,snaive7,0.005944137448751552,0.003987671434879303,0.0078386589884758,0.0007311597466468811,0.010815270245075226,145858.0,0.9672473590323415,True
D5,2,all,all,rope-drop worth agreement,h5,0.9101279281345803,0.9083557233214379,0.9121027588844299,322603.0,False,18378,229,snaive7,0.0075245854448811045,0.0056702569127082825,0.009536638855934143,0.0032585814595222475,0.011871483922004699,149377.0,0.9905833670431109,True
D5,2,all,all,rope-drop worth agreement,lvlh5_cbd,0.9019001650351548,0.8991262346506119,0.9046617776155472,176932.0,False,9748,128,snaive7,-0.003481112442454526,-0.006231740117073059,-0.000533348321914673,-0.015616323053836822,0.005914583802223204,79285.0,0.525773059145739,False
D5,2,all,all,rope-drop worth agreement,lvlh5_naive,0.9085971228881902,0.9067988052964211,0.910508020222187,306905.0,False,17540,229,snaive7,0.00785695676616982,0.006009900569915771,0.009741522371768951,0.004025316238403321,0.0119061678647995,145858.0,0.9672473590323415,True
D5,2,all,all,rope-drop worth agreement,lvlh5_tft,0.9129891180581293,0.910871846973896,0.9151369109749794,223949.0,False,12722,135,snaive7,0.0068478937538908324,0.004829199612140655,0.008977942168712616,0.0027261167764663697,0.01074516326189041,101199.0,0.6710942525381804,True
D5,2,all,all,rope-drop worth agreement,prod_ropedrop_hist,0.9103199759767776,0.9087048351764679,0.9120678648352623,299710.0,False,17875,229,snaive7,0.006494473940838574,0.004746231436729431,0.008420103788375854,0.0031324133276939394,0.010224175453186034,147664.0,0.979223724609906,True
D5,2,all,all,rope-drop worth agreement,snaive7,0.9162251238419863,0.9139812380075455,0.9184667095541954,150797.0,False,14644,229,snaive7,,,,,,,,
D5,2,all,all,rope-drop worth agreement,wt_med,0.914126989423109,0.912415762245655,0.9160345450043679,299710.0,False,17875,229,snaive7,0.009792501896196737,0.008101460337638856,0.011720995604991912,0.005466361343860626,0.013853634893894195,147664.0,0.979223724609906,True
D5,3,all,all,rope-drop worth agreement,clim,0.912835915014714,0.9108674213290214,0.9147375792264938,247384.0,False,15653,228,snaive7,0.00918078529791444,0.007094784080982209,0.011323080956935882,0.004948610067367553,0.013352955877780914,124717.0,0.8294173588619843,True
D5,3,all,all,rope-drop worth agreement,driver_level,0.9066892818902484,0.9048902750015259,0.9086799815297126,305399.0,False,17474,228,snaive7,0.005737005750763524,0.0038631007075309756,0.007686519622802734,0.0005285114049911499,0.010623933374881744,145372.0,0.9667812751468075,True
D5,3,all,all,rope-drop worth agreement,driver_level_x_h5,0.9066892818902484,0.9048902750015259,0.9086799815297126,305399.0,False,17474,228,snaive7,0.005737005750763524,0.0038631007075309756,0.007686519622802734,0.0005285114049911499,0.010623933374881744,145372.0,0.9667812751468075,True
D5,3,all,all,rope-drop worth agreement,h5,0.9101019636281797,0.9082733035087586,0.9120984435081482,319918.0,False,18242,228,snaive7,0.007562618481022909,0.00572432428598404,0.009517890214920043,0.003310881555080414,0.011792017519474028,148758.0,0.9892995138560987,True
D5,3,all,all,rope-drop worth agreement,lvlh5_cbd,0.9015130892427748,0.8986325651407242,0.9042470186948777,176328.0,False,9723,127,snaive7,-0.0037094515310950316,-0.006516286730766296,-0.0007210373878479006,-0.015846484899520875,0.0054533660411834675,79257.0,0.5270903855234194,False
D5,3,all,all,rope-drop worth agreement,lvlh5_naive,0.9086670224853388,0.9068424135446549,0.9105642214417458,305399.0,False,17474,228,snaive7,0.007773161269020168,0.005941076576709748,0.009697601199150085,0.00407043844461441,0.011641781032085418,145372.0,0.9667812751468075,True
D5,3,all,all,rope-drop worth agreement,lvlh5_tft,0.9126204826076161,0.9104568302631378,0.914728419482708,221505.0,False,12592,134,snaive7,0.006340750752840019,0.004367421567440033,0.008573997020721435,0.0024018079042434693,0.009984686970710753,100619.0,0.6691561313320077,True
D5,3,all,all,rope-drop worth agreement,prod_ropedrop_hist,0.9097326924698541,0.9081223145127296,0.911548301577568,296475.0,False,17718,228,snaive7,0.0057851070925413195,0.0039491385221481325,0.0077100455760955805,0.002388632297515869,0.0095049649477005,146929.0,0.9771359407316765,True
D5,3,all,all,rope-drop worth agreement,prod_served,0.9070149906055267,0.9046534389257431,0.9093130469322205,221939.0,False,12181,134,snaive7,-0.00047072963092786857,-0.002742932736873627,0.001890701055526733,-0.01144387125968933,0.007844901084899901,99845.0,0.6640087253187202,False
D5,3,all,all,rope-drop worth agreement,prod_served_lin,0.9054875438746682,0.9031120538711548,0.9077915474772453,221939.0,False,12181,134,snaive7,-0.002163353197455975,-0.004494333267211914,0.0003372758626937861,-0.014296309649944305,0.007285344600677487,99845.0,0.6640087253187202,False
D5,3,all,all,rope-drop worth agreement,snaive7,0.9162914735281013,0.9140768215060234,0.9185375586152077,150367.0,False,14596,228,snaive7,,,,,,,,
D5,3,all,all,rope-drop worth agreement,wt_med,0.9141242937853107,0.9123874500393867,0.9160231038928032,296475.0,False,17718,228,snaive7,0.009671337857060203,0.007956165075302123,0.01157698780298233,0.005434656143188476,0.01364283412694931,146929.0,0.9771359407316765,True
D5,4,all,all,rope-drop worth agreement,clim,0.9129069791177611,0.9108794182538986,0.9148933857679367,244945.0,False,15529,227,snaive7,0.009184334034633479,0.007131357491016388,0.011262109875679016,0.005051219463348388,0.013356350362300873,123580.0,0.824647332808392,True
D5,4,all,all,rope-drop worth agreement,driver_level,0.9069430495414657,0.9050559133291245,0.9088512271642685,303685.0,False,17394,227,snaive7,0.005608625679493273,0.0037277325987815856,0.007603186368942261,0.0002454653382301331,0.010536049306392669,144777.0,0.9660945695258177,True
D5,4,all,all,rope-drop worth agreement,driver_level_x_h5,0.9069430495414657,0.9050559133291245,0.9088512271642685,303685.0,False,17394,227,snaive7,0.005608625679493273,0.0037277325987815856,0.007603186368942261,0.0002454653382301331,0.010536049306392669,144777.0,0.9660945695258177,True
D5,4,all,all,rope-drop worth agreement,h5,0.91008996679459,0.908306223154068,0.9120558470487594,317117.0,False,18102,227,snaive7,0.007396339690759923,0.0054797112941741945,0.009392789006233214,0.003242786228656769,0.011575879156589508,147911.0,0.9870077006232567,True
D5,4,all,all,rope-drop worth agreement,lvlh5_cbd,0.9016878818882785,0.8988492026925087,0.9044175341725349,174953.0,False,9659,126,snaive7,-0.0033856180972066108,-0.0061416104435920715,-0.0003851145505905154,-0.01517651230096817,0.005750784277915954,78863.0,0.5262515181038049,False
D5,4,all,all,rope-drop worth agreement,lvlh5_naive,0.9089089023165451,0.9070757672190666,0.9108057901263237,303685.0,False,17394,227,snaive7,0.00766005650068724,0.005833485722541809,0.009615787863731384,0.004003922641277313,0.011406734585762024,144777.0,0.9660945695258177,True
D5,4,all,all,rope-drop worth agreement,lvlh5_tft,0.9123386562492861,0.910171328485012,0.9144343316555024,218865.0,False,12458,133,snaive7,0.005922793233384072,0.00396687239408493,0.008079203963279723,0.0017682835459709167,0.009605906903743744,99784.0,0.6658570113040345,True
D5,4,all,all,rope-drop worth agreement,prod_ropedrop_hist,0.9095264073101709,0.9079211249947547,0.9113257020711899,293290.0,False,17569,227,snaive7,0.005542560415966347,0.0036824807524681092,0.007443819940090178,0.002023845911026001,0.00936513990163803,145781.0,0.9727942452188071,True
D5,4,all,all,rope-drop worth agreement,prod_served,0.9071002655709776,0.9048157930374146,0.9093702360987663,219527.0,False,12050,133,snaive7,-0.0006363122171946234,-0.0030179381370544433,0.0017969205975532528,-0.01154969483613968,0.007524497807025908,99008.0,0.6606787759078594,False
D5,4,all,all,rope-drop worth agreement,prod_served_lin,0.9057200253271808,0.9033843100070953,0.9079954952001572,219527.0,False,12050,133,snaive7,-0.0021412411118293395,-0.004525437951087952,0.0004271477460861204,-0.014005164802074432,0.007019355893135067,99008.0,0.6606787759078594,False
D5,4,all,all,rope-drop worth agreement,snaive7,0.9165143002041933,0.9143251582980156,0.9187323376536369,149858.0,False,14541,227,snaive7,,,,,,,,
D5,4,all,all,rope-drop worth agreement,wt_med,0.9139759282621296,0.9122451648116112,0.9158576384186745,293290.0,False,17569,227,snaive7,0.009301623668379277,0.007557560503482818,0.011161886155605316,0.005194973945617676,0.013196301460266112,145781.0,0.9727942452188071,True
D5,5,all,all,rope-drop worth agreement,clim,0.9128717855610207,0.9108881920576095,0.9148610681295395,242344.0,False,15394,226,snaive7,0.009171459661122316,0.007161334156990051,0.011202378571033476,0.005188781023025513,0.013189223408699033,122227.0,0.8186616298618228,True
D5,5,all,all,rope-drop worth agreement,driver_level,0.9068386344591395,0.9050091132521629,0.9087683334946632,301917.0,False,17321,226,snaive7,0.005405705482731671,0.0035276457667350767,0.007365232706069946,5.42715191841126e-05,0.010309071838855743,144107.0,0.9652112176073837,True
D5,5,all,all,rope-drop worth agreement,driver_level_x_h5,0.9068386344591395,0.9050091132521629,0.9087683334946632,301917.0,False,17321,226,snaive7,0.005405705482731671,0.0035276457667350767,0.007365232706069946,5.42715191841126e-05,0.010309071838855743,144107.0,0.9652112176073837,True
D5,5,all,all,rope-drop worth agreement,h5,0.910195495613044,0.9083855733275413,0.9121209472417832,314227.0,False,17964,226,snaive7,0.007400397592658092,0.0055343970656394955,0.009405772387981414,0.0033323049545288088,0.011565192043781279,146884.0,0.983811226984414,True
D5,5,all,all,rope-drop worth agreement,lvlh5_cbd,0.9013912449413223,0.8985378429293632,0.9041500374674797,172723.0,False,9543,125,snaive7,-0.003239809965296936,-0.006030277907848358,-0.0002648100256919872,-0.014805510640144348,0.0056844502687454215,78091.0,0.5230440519487478,False
D5,5,all,all,rope-drop worth agreement,lvlh5_naive,0.9091571524624317,0.9073206394910812,0.9110636621713638,301917.0,False,17321,226,snaive7,0.007723427730783383,0.005995170772075653,0.009615343809127807,0.004211513698101044,0.01132688969373703,144107.0,0.9652112176073837,True
D5,5,all,all,rope-drop worth agreement,lvlh5_tft,0.9119724176231025,0.9098634257912636,0.9141379252076149,216080.0,False,12317,132,snaive7,0.0061303691394177795,0.004043355584144592,0.008338364958763122,0.002022978663444519,0.009801653027534484,98689.0,0.6610069590960542,True
D5,5,all,all,rope-drop worth agreement,prod_ropedrop_hist,0.9093253441541204,0.9076889529824257,0.9110883980989456,290059.0,False,17417,226,snaive7,0.005125967179956059,0.003276371955871582,0.007116539776325225,0.0015043988823890686,0.00898699164390564,144363.0,0.9669258745755219,True
D5,5,all,all,rope-drop worth agreement,prod_served,0.9069765299731034,0.9044980823993682,0.9093317434191703,217128.0,False,11915,132,snaive7,-0.0009081261989306588,-0.0033259108662605287,0.0015340596437454224,-0.012026633322238921,0.007334111630916594,98004.0,0.6564189121305283,False
D5,5,all,all,rope-drop worth agreement,prod_served_lin,0.9055764341770752,0.9030799299478531,0.9079143404960632,217128.0,False,11915,132,snaive7,-0.0021529733480265545,-0.004606330394744873,0.0003550454974174496,-0.01384357064962387,0.006892418861389158,98004.0,0.6564189121305283,False
D5,5,all,all,rope-drop worth agreement,snaive7,0.9167922518938252,0.9146430537104606,0.9189567655324936,149301.0,False,14499,226,snaive7,,,,,,,,
D5,5,all,all,rope-drop worth agreement,wt_med,0.9141864241412954,0.9124515160918236,0.9160492330789566,290059.0,False,17417,226,snaive7,0.009469185317567463,0.007713082432746887,0.011412715911865235,0.005674010515213013,0.013156270980834961,144363.0,0.9669258745755219,True
D5,6,all,all,rope-drop worth agreement,clim,0.9130285924243436,0.9109998106956482,0.9150812223553657,239504.0,False,15258,225,snaive7,0.009311542830609532,0.00717947781085968,0.01143026351928711,0.005403836071491241,0.013221280276775358,120603.0,0.8111909278017676,True
D5,6,all,all,rope-drop worth agreement,driver_level,0.9071075063698091,0.9052598550915718,0.9090761139988899,299852.0,False,17241,225,snaive7,0.005397818527156706,0.0035200998187065124,0.007352496683597563,0.00019643455743789676,0.010190887749195097,143206.0,0.9632215451255768,True
D5,6,all,all,rope-drop worth agreement,driver_level_x_h5,0.9071075063698091,0.9052598550915718,0.9090761139988899,299852.0,False,17241,225,snaive7,0.005397818527156706,0.0035200998187065124,0.007352496683597563,0.00019643455743789676,0.010190887749195097,143206.0,0.9632215451255768,True
D5,6,all,all,rope-drop worth agreement,h5,0.9101446480231437,0.9083590745925904,0.9120215207338334,311100.0,False,17816,225,snaive7,0.007287388216547286,0.005422838032245636,0.009287233650684356,0.0031113773584365845,0.011497904360294341,145594.0,0.9792835330992642,True
D5,6,all,all,rope-drop worth agreement,lvlh5_cbd,0.9006875656886519,0.8978130638599395,0.9035697162151337,170311.0,False,9422,124,snaive7,-0.0037087466770407973,-0.006447780132293701,-0.0007296681404113771,-0.015193285048007965,0.0052915453910827625,77115.0,0.518685176964365,False
D5,6,all,all,rope-drop worth agreement,lvlh5_naive,0.909378626789216,0.9075264066457749,0.9112981960177422,299852.0,False,17241,225,snaive7,0.0076952083013281936,0.0059791550040245054,0.009633009135723115,0.004263211786746979,0.011391094326972958,143206.0,0.9632215451255768,True
D5,6,all,all,rope-drop worth agreement,lvlh5_tft,0.9118423830186466,0.9096045389771461,0.9140063419938087,213175.0,False,12164,131,snaive7,0.006018157170439187,0.0039910092949867245,0.008239556849002839,0.002349725365638733,0.00946654826402664,97372.0,0.6549363035904059,True
D5,6,all,all,rope-drop worth agreement,prod_ropedrop_hist,0.9087507025487246,0.9070773154497147,0.9105634316802025,286457.0,False,17245,225,snaive7,0.004258931829025259,0.0024181470274925233,0.006208205223083496,0.0004427686333656311,0.008266821503639221,142524.0,0.9586343274546996,True
D5,6,all,all,rope-drop worth agreement,prod_served,0.9068987209058503,0.9045020848512649,0.9092529907822609,214605.0,False,11775,131,snaive7,-0.0008061515564926625,-0.0030487343668937684,0.0016265556216239925,-0.01114492118358612,0.007208311557769773,96756.0,0.6507930102102587,False
D5,6,all,all,rope-drop worth agreement,prod_served_lin,0.9055380815917616,0.903055639564991,0.9079600110650062,214605.0,False,11775,131,snaive7,-0.002191078589441453,-0.004557214677333832,0.00036998391151428186,-0.01353236585855484,0.006725379824638362,96756.0,0.6507930102102587,False
D5,6,all,all,rope-drop worth agreement,snaive7,0.9170332405127998,0.9149223208427429,0.9192006900906563,148674.0,False,14452,225,snaive7,,,,,,,,
D5,6,all,all,rope-drop worth agreement,wt_med,0.9140464362888671,0.9122580185532569,0.9159108713269234,286457.0,False,17245,225,snaive7,0.009114254441357161,0.007367360591888428,0.010957835614681244,0.005438913404941559,0.01268062889575958,142524.0,0.9586343274546996,True
D5,7,all,all,rope-drop worth agreement,clim,0.9128335343532449,0.9108058407902717,0.9149232357740402,236295.0,False,15115,224,wt_med,-7.379048710398628e-05,-0.0006708115339279175,0.0005540534853935239,-0.0013034090399742127,0.0010019332170486449,230382.0,0.8183649183880077,False
D5,7,all,all,rope-drop worth agreement,driver_level,0.9059670610453813,0.9040891662240028,0.9079929262399673,288048.0,False,16604,224,wt_med,-0.004632293059778969,-0.005392630398273468,-0.003818966448307038,-0.00784612149000168,-0.0020874828100204473,267686.0,0.9508765074685186,False
D5,7,all,all,rope-drop worth agreement,driver_level_x_h5,0.9059670610453813,0.9040891662240028,0.9079929262399673,288048.0,False,16604,224,wt_med,-0.004632293059778969,-0.005392630398273468,-0.003818966448307038,-0.00784612149000168,-0.0020874828100204473,267686.0,0.9508765074685186,False
D5,7,all,all,rope-drop worth agreement,h5,0.9102481375021998,0.9083640202879906,0.9120866745710373,306846.0,False,17628,224,wt_med,-0.0017618954585013613,-0.0022910207509994505,-0.0011919379234313966,-0.00337769091129303,-0.0003077790141105653,281515.0,1.0,False
D5,7,all,all,rope-drop worth agreement,lvlh5_cbd,0.9004414310271507,0.8975721448659897,0.9033513963222504,166957.0,False,9258,123,wt_med,-0.010179309447102103,-0.011333060264587403,-0.009053702652454376,-0.016396890580654144,-0.0054095655679702774,153645.0,0.5457790881480561,False
D5,7,all,all,rope-drop worth agreement,lvlh5_naive,0.9078903516080653,0.9060705482959748,0.9098432272672653,288048.0,False,16604,224,wt_med,-0.0027868472762864194,-0.0035062700510025023,-0.0020491003990173342,-0.004328618943691254,-0.0013493701815605165,267686.0,0.9508765074685186,False
D5,7,all,all,rope-drop worth agreement,lvlh5_tft,0.9111898922617401,0.9090018615126609,0.913390751183033,209582.0,False,11988,130,wt_med,-0.0028196704348500967,-0.0036517798900604246,-0.0019403725862503053,-0.004572623968124389,-0.0010198578238487246,193285.0,0.6865886364847343,False
D5,7,all,all,rope-drop worth agreement,prod_ropedrop_hist,0.9083103919862174,0.9066493272781372,0.9100955724716187,281515.0,False,17035,224,wt_med,-0.00575457790881484,-0.006945490837097168,-0.004634822905063629,-0.009973973035812378,-0.0017671868205070525,281515.0,1.0,False
D5,7,all,all,rope-drop worth agreement,prod_served,0.9067353354922157,0.9043470859527588,0.9090601563453674,211838.0,False,11629,130,wt_med,-0.006549015286283266,-0.007625158131122589,-0.005467745661735535,-0.013509376347064972,-0.001301331818103791,190563.0,0.6769195247144912,False
D5,7,all,all,rope-drop worth agreement,prod_served_lin,0.9056071148707975,0.9031446978449822,0.9079465076327324,211838.0,False,11629,130,wt_med,-0.007682498701216844,-0.008757713437080383,-0.006627324223518372,-0.01517588347196579,-0.0022184371948242203,190563.0,0.6769195247144912,False
D5,7,all,all,rope-drop worth agreement,wt_med,0.9140649698950323,0.9122730165719986,0.9158533290028572,281515.0,False,17035,224,wt_med,,,,,,,,
D5,10,all,all,rope-drop worth agreement,clim,0.9128553527220968,0.9108109980821609,0.9149230778217315,229033.0,False,14760,221,wt_med,-1.7959286297997146e-05,-0.0006545186042785645,0.000642009079456329,-0.001341550052165985,0.0011799335479736326,222726.0,0.8194330494288184,False
D5,10,all,all,rope-drop worth agreement,driver_level,0.9061348110503642,0.9042314052581787,0.908137920498848,282959.0,False,16397,221,wt_med,-0.004828196668544282,-0.005593913793563843,-0.00403364896774292,-0.008352066576480865,-0.0020631879568099977,260967.0,0.9601258254998988,False
D5,10,all,all,rope-drop worth agreement,driver_level_x_h5,0.9061348110503642,0.9042314052581787,0.908137920498848,282959.0,False,16397,221,wt_med,-0.004828196668544282,-0.005593913793563843,-0.00403364896774292,-0.008352066576480865,-0.0020631879568099977,260967.0,0.9601258254998988,False
D5,10,all,all,rope-drop worth agreement,h5,0.9102948174062234,0.9083778858184814,0.9121909141540527,298422.0,False,17214,221,wt_med,-0.001880024282113979,-0.0023933112621307372,-0.0013704389333724976,-0.003681480884552002,-0.00030649155378341706,271805.0,1.0,False
D5,10,all,all,rope-drop worth agreement,lvlh5_cbd,0.9001909120871604,0.8971804395318032,0.9029248088598252,160807.0,False,8956,120,wt_med,-0.009643537192113194,-0.010773040354251862,-0.008449028432369231,-0.015539045631885528,-0.004773171246051789,146523.0,0.5390739684700429,False
D5,10,all,all,rope-drop worth agreement,lvlh5_naive,0.9081563053304542,0.9062767326831818,0.9100683435797692,282959.0,False,16397,221,wt_med,-0.002743641916410855,-0.003484293818473816,-0.0019768103957176213,-0.004412560164928437,-0.0011921152472496035,260967.0,0.9601258254998988,False
D5,10,all,all,rope-drop worth agreement,lvlh5_tft,0.9106126432283281,0.9083830744028092,0.9129432022571564,201863.0,False,11594,127,wt_med,-0.003056049243573611,-0.003908123075962067,-0.0021979659795761113,-0.0051674962043762205,-0.0011650726199150087,184552.0,0.6789867736060778,False
D5,10,all,all,rope-drop worth agreement,prod_ropedrop_hist,0.9074630709516013,0.9057213291525841,0.9092919573187828,271805.0,False,16574,221,wt_med,-0.006707014219753171,-0.007957904040813446,-0.00552348792552948,-0.010895496606826783,-0.002915187180042267,271805.0,1.0,False
D5,10,all,all,rope-drop worth agreement,prod_served,0.9060457994421363,0.9036914929747581,0.9084718942642211,205068.0,False,11254,127,wt_med,-0.007272607427507349,-0.008400717377662658,-0.006137673556804657,-0.014335805177688598,-0.0020519375801086445,182053.0,0.6697926822538217,False
D5,10,all,all,rope-drop worth agreement,prod_served_lin,0.9049486024148088,0.902425454556942,0.9073919877409935,205068.0,False,11254,127,wt_med,-0.008343724080350223,-0.009441745281219483,-0.007135240733623505,-0.016003580391407014,-0.0026478275656700145,182053.0,0.6697926822538217,False
D5,10,all,all,rope-drop worth agreement,wt_med,0.9141700851713545,0.9123614981770516,0.9160032913088798,271805.0,False,16574,221,wt_med,,,,,,,,
D5,14,all,all,rope-drop worth agreement,clim,0.9120796886193664,0.9100306510925293,0.9141599982976913,219153.0,False,14260,217,wt_med,0.0002353494939986156,-0.0003792181611061096,0.0008900672197341918,-0.000980067253112793,0.0014136373996734618,212450.0,0.8200359742776195,False
D5,14,all,all,rope-drop worth agreement,driver_level,0.9058467486136922,0.9038204699754715,0.9079385429620743,267978.0,False,15595,217,wt_med,-0.004437869822485174,-0.005235503613948822,-0.0036102578043937686,-0.007839320600032807,-0.0016456857323646553,245388.0,0.9471733944741657,False
D5,14,all,all,rope-drop worth agreement,driver_level_x_h5,0.9058467486136922,0.9038204699754715,0.9079385429620743,267978.0,False,15595,217,wt_med,-0.004437869822485174,-0.005235503613948822,-0.0036102578043937686,-0.007839320600032807,-0.0016456857323646553,245388.0,0.9471733944741657,False
D5,14,all,all,rope-drop worth agreement,h5,0.9102589554708044,0.9083371192216874,0.9122932836413383,287115.0,False,16643,217,wt_med,-0.001443602986019421,-0.001949477195739746,-0.0009220167994499207,-0.003259068727493286,0.00020771175622940022,259074.0,1.0,False
D5,14,all,all,rope-drop worth agreement,lvlh5_cbd,0.9003245462975229,0.8972904905676842,0.9032249316573143,150980.0,False,8419,116,wt_med,-0.00899570156132301,-0.010191205143928527,-0.007769966125488282,-0.014940957725048064,-0.004279331862926486,135398.0,0.5226228799493581,False
D5,14,all,all,rope-drop worth agreement,lvlh5_naive,0.9075856973333631,0.905694667994976,0.9095544055104255,267978.0,False,15595,217,wt_med,-0.0028485500513472095,-0.003552718460559845,-0.0021609008312225343,-0.004598954319953918,-0.0013004153966903688,245388.0,0.9471733944741657,False
D5,14,all,all,rope-drop worth agreement,lvlh5_tft,0.9096081768163453,0.9072860613465309,0.9120206564664841,191566.0,False,11046,123,wt_med,-0.0034763797062719037,-0.0043808847665786745,-0.0025193274021148683,-0.005625440180301667,-0.0015877321362495428,172881.0,0.6673035503369693,False
D5,14,all,all,rope-drop worth agreement,prod_ropedrop_hist,0.9066521534387858,0.9049041494727135,0.9084791034460068,259074.0,False,15974,217,wt_med,-0.007017300076426092,-0.008294232189655304,-0.005813677608966827,-0.011624956130981445,-0.0028342261910438544,259074.0,1.0,False
D5,14,all,all,rope-drop worth agreement,prod_served,0.9057826469444956,0.9032479718327522,0.9083791434764862,195516.0,False,10732,123,wt_med,-0.007426062249773935,-0.008571106195449828,-0.006184561550617218,-0.014446860551834107,-0.002147972583770753,170346.0,0.6575187012205007,False
D5,14,all,all,rope-drop worth agreement,prod_served_lin,0.9048926942040549,0.9024117514491081,0.9074243798851966,195516.0,False,10732,123,wt_med,-0.00838293825508074,-0.009601005911827087,-0.007156002521514893,-0.01566266268491745,-0.0026574105024337793,170346.0,0.6575187012205007,False
D5,14,all,all,rope-drop worth agreement,wt_med,0.9136694535152119,0.9119042456150055,0.9155409440398217,259074.0,False,15974,217,wt_med,,,,,,,,
D5,21,all,all,rope-drop worth agreement,clim,0.912062739843446,0.9098948925733567,0.9142133072018623,202997.0,False,13460,210,wt_med,0.0005307043058490057,-0.00013780593872070312,0.001273497939109802,-0.0009291052818298339,0.001833976805210113,195966.0,0.8202846379238175,False
D5,21,all,all,rope-drop worth agreement,driver_level,0.9057882760167943,0.9036771401762962,0.9079427257180214,249608.0,False,14653,210,wt_med,-0.003888376547369954,-0.004700124263763428,-0.002971699833869934,-0.00743013322353363,-0.0009204089641571048,225544.0,0.944093763080787,False
D5,21,all,all,rope-drop worth agreement,driver_level_x_h5,0.9057882760167943,0.9036771401762962,0.9079427257180214,249608.0,False,14653,210,wt_med,-0.003888376547369954,-0.004700124263763428,-0.002971699833869934,-0.00743013322353363,-0.0009204089641571048,225544.0,0.944093763080787,False
D5,21,all,all,rope-drop worth agreement,h5,0.9102695148287051,0.9083250761032104,0.9122755527496338,269039.0,False,15747,210,wt_med,-0.0011385516952699959,-0.0017086565494537354,-0.0005397707223892214,-0.0030692115426063536,0.0007860228419303886,238900.0,1.0,False
D5,21,all,all,rope-drop worth agreement,lvlh5_cbd,0.8986405320676218,0.8953277945518494,0.9017209604382515,136524.0,False,7651,109,wt_med,-0.008582901120963715,-0.009832186996936798,-0.007322695851325989,-0.014614872634410858,-0.0035191789269447336,119540.0,0.5003767266638761,False
D5,21,all,all,rope-drop worth agreement,lvlh5_naive,0.9072786128649722,0.9053253397345543,0.9093878000974656,249608.0,False,14653,210,wt_med,-0.0026070301138581,-0.0033542901277542115,-0.001864072680473328,-0.00464169830083847,-0.0007345825433731086,225544.0,0.944093763080787,False
D5,21,all,all,rope-drop worth agreement,lvlh5_tft,0.9072565599508614,0.9047839879989624,0.9098124951124191,174201.0,False,10118,116,wt_med,-0.003790021127905052,-0.004754716157913208,-0.0027889296412467956,-0.00551263839006424,-0.0021248444914817814,153825.0,0.6438886563415656,False
D5,21,all,all,rope-drop worth agreement,prod_ropedrop_hist,0.9050062787777313,0.9029782935976982,0.9069310978055001,238900.0,False,14982,210,wt_med,-0.008149853495186266,-0.009365454316139221,-0.006878280639648438,-0.013009276986122132,-0.0037244826555252078,238900.0,1.0,False
D5,21,all,all,rope-drop worth agreement,prod_served,0.9038418856534091,0.9011398985981941,0.9064838573336601,180224.0,False,9925,116,wt_med,-0.007241896442854112,-0.008496080338954926,-0.00600062757730484,-0.0140237495303154,-0.0018944054841995245,152032.0,0.6363834240267895,False
D5,21,all,all,rope-drop worth agreement,prod_served_lin,0.9030595259232954,0.9002931445837021,0.9057642504572868,180224.0,False,9925,116,wt_med,-0.008083824458008815,-0.009363646805286407,-0.006795287132263184,-0.015462911128997803,-0.0022973388433456432,152032.0,0.6363834240267895,False
D5,21,all,all,rope-drop worth agreement,wt_med,0.9131561322729176,0.911264231801033,0.9150851368904114,238900.0,False,14982,210,wt_med,,,,,,,,
D5,30,all,all,rope-drop worth agreement,clim,0.9128922147827229,0.9105389848351478,0.9152318701148033,182808.0,False,12378,201,wt_med,0.0005174423563528707,-0.00021990537643432615,0.0012719899415969847,-0.001180681586265564,0.0022370159626007077,175865.0,0.8170229174312779,False
D5,30,all,all,rope-drop worth agreement,driver_level,0.9072037363396641,0.9049113914370537,0.90938341319561,228673.0,False,13666,201,wt_med,-0.0031469080769004343,-0.004120570421218872,-0.0021856948733329773,-0.006348444521427155,-0.00012988597154617326,203692.0,0.9462999010457559,False
D5,30,all,all,rope-drop worth agreement,driver_level_x_h5,0.9072037363396641,0.9049113914370537,0.90938341319561,228673.0,False,13666,201,wt_med,-0.0031469080769004343,-0.004120570421218872,-0.0021856948733329773,-0.006348444521427155,-0.00012988597154617326,203692.0,0.9462999010457559,False
D5,30,all,all,rope-drop worth agreement,h5,0.9118785461605007,0.909908777475357,0.9139943301677704,246217.0,False,14637,201,wt_med,-0.0004599281768725705,-0.0010996237397193909,0.00014066696166992166,-0.002380630373954773,0.0013495385646820066,215251.0,1.0,False
D5,30,all,all,rope-drop worth agreement,lvlh5_cbd,0.898253256817325,0.8945154696702957,0.9017484277486801,119365.0,False,6800,100,wt_med,-0.008186583426585847,-0.009486532211303711,-0.00686568021774292,-0.014103130996227264,-0.0031286418437957765,101874.0,0.4732800312193672,False
D5,30,all,all,rope-drop worth agreement,lvlh5_naive,0.9084019538817438,0.9063506230711937,0.9105753764510155,228673.0,False,13666,201,wt_med,-0.002381045892818623,-0.003208392858505249,-0.0015597209334373475,-0.004132947325706482,-0.000598791241645813,203692.0,0.9462999010457559,False
D5,30,all,all,rope-drop worth agreement,lvlh5_tft,0.9036112771855176,0.9003944352269173,0.9066835209727288,128791.0,False,7552,105,wt_med,-0.003997184826939004,-0.0052238404750823975,-0.002739210426807404,-0.006498059630393982,-0.001628801226615906,110828.0,0.5148779796609539,False
D5,30,all,all,rope-drop worth agreement,prod_ropedrop_hist,0.9042420244272965,0.9021871015429497,0.9063966974616051,215251.0,False,13783,201,wt_med,-0.009686366149286196,-0.011045068502426147,-0.00830266773700714,-0.0149325430393219,-0.005001170933246613,215251.0,1.0,False
D5,30,all,all,rope-drop worth agreement,prod_served,0.9002563798053749,0.8970476523041725,0.9031729340553284,143147.0,False,7962,105,wt_med,-0.007846149862325569,-0.009264613687992095,-0.006308034062385559,-0.015456102788448334,-0.0017587408423423779,115853.0,0.5382228189416077,False
D5,30,all,all,rope-drop worth agreement,prod_served_lin,0.8993342508051164,0.8960947141051292,0.9022581189870834,143147.0,False,7962,105,wt_med,-0.008821523827609146,-0.01018858402967453,-0.007409429550170899,-0.017100965976715087,-0.002179874479770665,115853.0,0.5382228189416077,False
D5,30,all,all,rope-drop worth agreement,wt_med,0.9139283905765827,0.9119317889213562,0.9161351144313812,215251.0,False,13783,201,wt_med,,,,,,,,
D5,45,all,all,rope-drop worth agreement,clim,0.9131147646804418,0.9105449825525284,0.9155633479356766,154917.0,False,10890,186,wt_med,-0.0001679915601040527,-0.0009484201669692993,0.0005794689059257506,-0.0020751744508743287,0.0016447052359580992,148817.0,0.8084497248434079,False
D5,45,all,all,rope-drop worth agreement,driver_level,0.9083184007878292,0.9058770552277565,0.910775376856327,196997.0,False,12075,186,wt_med,-0.0034157656046251983,-0.004468938708305359,-0.0024302199482917784,-0.006782202422618866,-0.00021905153989791907,173314.0,0.9415299032470108,False
D5,45,all,all,rope-drop worth agreement,driver_level_x_h5,0.9083184007878292,0.9058770552277565,0.910775376856327,196997.0,False,12075,186,wt_med,-0.0034157656046251983,-0.004468938708305359,-0.0024302199482917784,-0.006782202422618866,-0.00021905153989791907,173314.0,0.9415299032470108,False
D5,45,all,all,rope-drop worth agreement,h5,0.914467314896662,0.9122585654258728,0.9167616397142411,213813.0,False,13058,186,wt_med,0.0005052233576167131,-0.00016390681266784669,0.0011660292744636535,-0.0014599546790122985,0.0026520967483520497,184077.0,1.0,False
D5,45,all,all,rope-drop worth agreement,lvlh5_cbd,0.8664071777279324,0.8591529697179794,0.8733919367194176,30316.0,False,2089,84,wt_med,-0.00626661602734524,-0.009038569033145904,-0.003391830623149873,-0.01644292026758194,0.002196015417575836,26330.0,0.14303796780695036,False
D5,45,all,all,rope-drop worth agreement,lvlh5_naive,0.9094047117468794,0.9070632234215736,0.9117435857653617,196997.0,False,12075,186,wt_med,-0.0026599120671152443,-0.0035049915313720703,-0.0018706038594245912,-0.004664735496044159,-0.0007177367806434634,173314.0,0.9415299032470108,False
D5,45,all,all,rope-drop worth agreement,lvlh5_tft,0.9094708169394454,0.9056983917951584,0.9129497721791268,85906.0,False,5157,74,wt_med,-0.0030674435737726435,-0.00443672388792038,-0.001778283715248108,-0.005700932443141937,-0.00041058063507080087,74655.0,0.40556397594484916,False
D5,45,all,all,rope-drop worth agreement,prod_ropedrop_hist,0.9036104652426172,0.9012686014175415,0.9058756411075592,184076.0,False,12153,186,wt_med,-0.011049783784958356,-0.012518651783466339,-0.009667967259883881,-0.01616550385951996,-0.006691947579383851,184076.0,0.9999945674907783,False
D5,45,all,all,rope-drop worth agreement,prod_served,0.900221798112137,0.8965673267841339,0.9037595883011817,96935.0,False,5611,85,wt_med,-0.007044398751047121,-0.008675262331962585,-0.005329412221908569,-0.013800317049026489,-0.0014456316828727722,78786.0,0.42800567153962743,False
D5,45,all,all,rope-drop worth agreement,prod_served_lin,0.8997472533140765,0.895975211262703,0.9034707009792328,96935.0,False,5611,85,wt_med,-0.007450562282639073,-0.009086936712265015,-0.005683101713657379,-0.014659124612808227,-0.0013649702072143562,78786.0,0.42800567153962743,False
D5,45,all,all,rope-drop worth agreement,wt_med,0.9146607126365597,0.9123879417777061,0.9170164555311203,184077.0,False,12153,186,wt_med,,,,,,,,
D5,60,all,all,rope-drop worth agreement,clim,0.9123941837694478,0.9097117006778717,0.9152002424001694,129706.0,False,9445,171,wt_med,-0.000957456994223338,-0.001741883158683777,-0.00012026131153106751,-0.0030566826462745667,0.001072011888027191,125332.0,0.8036781491266319,False
D5,60,all,all,rope-drop worth agreement,driver_level,0.9092175918695866,0.9065101221203804,0.9116941332817078,166486.0,False,10408,171,wt_med,-0.0031017920706170043,-0.0041510239243507385,-0.0019832849502563477,-0.006796342134475708,0.00021034926176071068,146367.0,0.9385628542847616,False
D5,60,all,all,rope-drop worth agreement,driver_level_x_h5,0.9092175918695866,0.9065101221203804,0.9116941332817078,166486.0,False,10408,171,wt_med,-0.0031017920706170043,-0.0041510239243507385,-0.0019832849502563477,-0.006796342134475708,0.00021034926176071068,146367.0,0.9385628542847616,False
D5,60,all,all,rope-drop worth agreement,h5,0.9148403567520971,0.912438441812992,0.9171295002102852,180966.0,False,11375,171,wt_med,0.0013658398953497741,0.0006229802966117859,0.0020684182643890383,-0.0006759211421012879,0.003711384534835815,155948.0,1.0,False
D5,60,all,all,rope-drop worth agreement,lvlh5_naive,0.9102266857273285,0.9076844394207001,0.9125089704990387,166486.0,False,10408,171,wt_med,-0.0024527386637698267,-0.003473338484764099,-0.0015117451548576355,-0.0044042691588401794,-0.0005921021103858948,146367.0,0.9385628542847616,False
D5,60,all,all,rope-drop worth agreement,lvlh5_tft,0.9936536718041704,0.9875117614865303,0.9982442989945411,1103.0,False,148,48,wt_med,-0.001953125,-0.005118109285831451,0.0,-0.01785980761051178,0.0,1024.0,0.006566291327878524,False
D5,60,all,all,rope-drop worth agreement,prod_ropedrop_hist,0.9016896982910642,0.899088916182518,0.903970256447792,155945.0,False,10530,171,wt_med,-0.012158132674981559,-0.013882865011692048,-0.010597197711467743,-0.01764465421438217,-0.0071407750248909,155945.0,0.9999807628183753,False
D5,60,all,all,rope-drop worth agreement,prod_served,0.9945945945945946,0.9897959232330322,0.9982533618807793,1110.0,False,150,48,wt_med,0.0,-0.0030006244778633118,0.0029707819223403925,-0.007247033715248108,0.009352567791938776,981.0,0.006290558391258624,False
D5,60,all,all,rope-drop worth agreement,prod_served_lin,0.9945945945945946,0.9897959232330322,0.9982533618807793,1110.0,False,150,48,wt_med,0.0,-0.0030006244778633118,0.0029707819223403925,-0.007247033715248108,0.009352567791938776,981.0,0.006290558391258624,False
D5,60,all,all,rope-drop worth agreement,wt_med,0.9138494882909688,0.9113341942429543,0.9162311404943466,155948.0,False,10530,171,wt_med,,,,,,,,
D5,90,all,all,rope-drop worth agreement,clim,0.9153149211977482,0.9120104953646659,0.9185144156217575,86863.0,False,6796,141,clim,,,,,,,,
D5,90,all,all,rope-drop worth agreement,driver_level,0.9106407732235546,0.9074400722980499,0.9137199014425278,111740.0,False,7546,141,clim,-0.004246563871909248,-0.005839313566684723,-0.0027643471956253053,-0.008876937627792358,-0.0004661709070205721,83597.0,0.9624005618042204,False
D5,90,all,all,rope-drop worth agreement,driver_level_x_h5,0.9106407732235546,0.9074400722980499,0.9137199014425278,111740.0,False,7546,141,clim,-0.004246563871909248,-0.005839313566684723,-0.0027643471956253053,-0.008876937627792358,-0.0004661709070205721,83597.0,0.9624005618042204,False
D5,90,all,all,rope-drop worth agreement,h5,0.9164414711310308,0.9134791746735573,0.9192932769656181,121376.0,False,8268,141,clim,0.00024378352023401995,-0.0009446620941162109,0.0014714181423187255,-0.0030817002058029174,0.0028924822807312005,86142.0,0.9916995728906439,False
D5,90,all,all,rope-drop worth agreement,lvlh5_naive,0.9129586540182567,0.9099482893943787,0.9159444719552994,111740.0,False,7546,141,clim,-0.0021173008600786636,-0.0035963505506515503,-0.000651733577251435,-0.005930446088314056,0.0011216029524803149,83597.0,0.9624005618042204,False
D5,90,all,all,rope-drop worth agreement,prod_ropedrop_hist,0.9022072054825989,0.8988462075591087,0.9053485542535782,104476.0,False,7609,141,clim,-0.013969800750862071,-0.016358792781829834,-0.011569118499755861,-0.022951760888099672,-0.006061063706874853,84969.0,0.9781955493132864,False
D5,90,all,all,rope-drop worth agreement,wt_med,0.9142586406577524,0.9107623726129532,0.9173289686441422,104477.0,False,7609,141,clim,0.000717900435447838,-0.00022266507148742675,0.0016491606831550599,-0.0012746021151542662,0.0025416940450668332,84970.0,0.9782070616948528,False
D4,0,all,all,dayPeak pairwise ordering (headliners),clim,0.7271241128443575,0.7244000241160393,0.7297829791903496,326042.0,False,13753,231,wt_med,-0.01608311178988253,-0.017872491478919984,-0.014297460019588471,-0.021283289790153502,-0.011314138770103456,318222.0,0.8035807628691557,False
D4,0,all,all,dayPeak pairwise ordering (headliners),driver_level,0.757309948658856,0.7548227235674858,0.7596216097474098,409613.0,False,16127,231,wt_med,0.020841146249931164,0.018914638459682463,0.02265610992908478,0.01538747102022171,0.02639671415090561,381313.0,0.9628994583401724,True
D4,0,all,all,dayPeak pairwise ordering (headliners),h5,0.758071301239486,0.7556893527507782,0.7604040801525116,430259.0,False,17039,231,wt_med,0.02268658224012321,0.02173338085412979,0.023674076795578,0.019956710934638976,0.02562977224588394,396005.0,1.0,True
D4,0,all,all,dayPeak pairwise ordering (headliners),lvlh5_cbd,0.7054112437889033,0.702243646979332,0.7090429365634918,242107.0,False,9170,130,wt_med,-0.032127477846186636,-0.035506466031074525,-0.028519029915332793,-0.04509525299072266,-0.020540517568588258,224792.0,0.5676493983661822,False
D4,0,all,all,dayPeak pairwise ordering (headliners),lvlh5_naive,0.759101883973409,0.7565901562571525,0.7615051075816155,409613.0,False,16127,231,wt_med,0.02261659056995169,0.02081020623445511,0.02438214123249054,0.01735875755548477,0.02827525585889816,381313.0,0.9628994583401724,True
D4,0,all,all,dayPeak pairwise ordering (headliners),lvlh5_tft,0.7673334776887586,0.7645785510540009,0.7699893623590469,300185.0,False,11853,137,wt_med,0.038335588438507595,0.03589651435613632,0.04067510962486267,0.03145772963762283,0.045919647812843314,277888.0,0.7017285135288696,True
D4,0,all,all,dayPeak pairwise ordering (headliners),snaive7,0.7266095721702225,0.7219954311847687,0.7310019835829735,105556.0,False,10682,231,wt_med,-0.02290920986799061,-0.026828448474407195,-0.018587392568588258,-0.029763466119766234,-0.01637938469648361,103932.0,0.26245123167636775,False
D4,0,all,all,dayPeak pairwise ordering (headliners),wt_med,0.7382331031173849,0.7358388364315033,0.7407807886600495,396005.0,False,16307,231,wt_med,,,,,,,,
D4,1,all,all,dayPeak pairwise ordering (headliners),clim,0.7263820918851529,0.72354816198349,0.7290250524878502,322446.0,False,13614,230,wt_med,-0.014315892775779271,-0.016221222281455994,-0.012537945806980134,-0.01947074383497238,-0.009571230411529541,313847.0,0.8067299684347978,False
D4,1,all,all,dayPeak pairwise ordering (headliners),driver_level,0.757037681843666,0.7545031920075417,0.7593758150935173,406668.0,False,16037,230,wt_med,0.02322774461976096,0.02134147137403488,0.024994659423828124,0.017769989371299744,0.029370225965976715,376145.0,0.9668642490669244,True
D4,1,all,all,dayPeak pairwise ordering (headliners),driver_level_x_h5,0.7570794849852951,0.754556941986084,0.7594100654125213,406668.0,False,16037,230,wt_med,0.023270281407435922,0.021388402581214903,0.025043393671512603,0.017804597318172456,0.02942957580089569,376145.0,0.9668642490669244,True
D4,1,all,all,dayPeak pairwise ordering (headliners),h5,0.755221094113719,0.7526917353272438,0.75761638879776,425294.0,False,16849,230,wt_med,0.022691987373919087,0.021664853394031524,0.023759759962558746,0.01992032825946808,0.02562320381402969,389036.0,1.0,True
D4,1,all,all,dayPeak pairwise ordering (headliners),lvlh5_cbd,0.7017198748109739,0.6985820412635804,0.7052370548248291,237401.0,False,8992,129,wt_med,-0.0332787505872586,-0.03668776899576187,-0.029748465120792388,-0.04658151268959045,-0.021015922725200656,219239.0,0.5635442478331054,False
D4,1,all,all,dayPeak pairwise ordering (headliners),lvlh5_naive,0.7590884947918204,0.756520465016365,0.7613811269402504,406668.0,False,16037,230,wt_med,0.025285461723537406,0.023508065938949586,0.0271358847618103,0.01979222595691681,0.03126960694789886,376145.0,0.9668642490669244,True
D4,1,all,all,dayPeak pairwise ordering (headliners),lvlh5_tft,0.7639844723959336,0.7613040387630463,0.7667228281497955,295989.0,False,11687,136,wt_med,0.03764371822057211,0.03547719269990921,0.040066753327846524,0.030946318805217744,0.0454792708158493,272582.0,0.7006600931533329,True
D4,1,all,all,dayPeak pairwise ordering (headliners),snaive7,0.7264571862540345,0.7218934178352356,0.7308511570096016,105340.0,False,10650,230,wt_med,-0.020269616850086103,-0.02414228320121765,-0.016049210727214814,-0.027020381391048433,-0.013878872990608216,103406.0,0.2658005942894745,False
D4,1,all,all,dayPeak pairwise ordering (headliners),wt_med,0.7354974860938319,0.7328597366809845,0.738012182712555,389036.0,False,16059,230,wt_med,,,,,,,,
D4,2,all,all,dayPeak pairwise ordering (headliners),clim,0.7256230712596143,0.7228393897414207,0.7284102320671082,319185.0,False,13474,229,wt_med,-0.013856455379375299,-0.01576351821422577,-0.012129288911819459,-0.01923685520887375,-0.00894497036933899,310036.0,0.8074527043920326,False
D4,2,all,all,dayPeak pairwise ordering (headliners),driver_level,0.7563701551585584,0.7537122160196305,0.7586470931768418,404425.0,False,15963,229,wt_med,0.02423070726599008,0.022385425865650177,0.026107856631278993,0.018766669929027556,0.030125646293163298,372420.0,0.9699245770480873,True
D4,2,all,all,dayPeak pairwise ordering (headliners),driver_level_x_h5,0.7564344439636521,0.753814285993576,0.7587129965424537,404425.0,False,15963,229,wt_med,0.024300520917243995,0.02245679497718811,0.026168319582939147,0.01882852762937546,0.030183757841587066,372420.0,0.9699245770480873,True
D4,2,all,all,dayPeak pairwise ordering (headliners),h5,0.7538481248102035,0.7512887075543404,0.7562877804040908,421504.0,False,16705,229,wt_med,0.022887323943661997,0.021887752413749694,0.023889343440532684,0.020038852095603944,0.025942352414131165,383968.0,1.0,True
D4,2,all,all,dayPeak pairwise ordering (headliners),lvlh5_cbd,0.6995691543431198,0.6961646541953087,0.7029009908437729,235119.0,False,8903,128,wt_med,-0.03323587105370296,-0.03644587397575379,-0.02986871749162674,-0.04718611240386963,-0.021197888255119327,216152.0,0.5629427452287691,False
D4,2,all,all,dayPeak pairwise ordering (headliners),lvlh5_naive,0.7590974840823391,0.7565247058868408,0.7613766640424728,404425.0,False,15963,229,wt_med,0.02689705171580481,0.025019367039203644,0.02873307913541794,0.021113455295562744,0.0326751247048378,372420.0,0.9699245770480873,True
D4,2,all,all,dayPeak pairwise ordering (headliners),lvlh5_tft,0.7618428836690797,0.7590238481760025,0.7644844278693199,292433.0,False,11546,135,wt_med,0.036512509363854195,0.0343143567442894,0.03891845643520355,0.029564155638217925,0.044396850466728206,268319.0,0.698805629635803,True
D4,2,all,all,dayPeak pairwise ordering (headliners),snaive7,0.7264045050701063,0.721865938603878,0.73080914914608,105126.0,False,10626,229,wt_med,-0.019494199310713056,-0.023410128057003023,-0.015203675627708435,-0.026181280612945557,-0.013126139342784882,103005.0,0.2682645428785732,False
D4,2,all,all,dayPeak pairwise ordering (headliners),wt_med,0.7340767980665055,0.7315067321062088,0.7366197943687439,383968.0,False,15872,229,wt_med,,,,,,,,
D4,3,all,all,dayPeak pairwise ordering (headliners),clim,0.724785210866622,0.7219553336501121,0.7275466814637184,316124.0,False,13350,228,wt_med,-0.013954822891126373,-0.01584610342979431,-0.012145484983921052,-0.01930010914802551,-0.009080053865909576,306704.0,0.8075982231490917,False
D4,3,all,all,dayPeak pairwise ordering (headliners),driver_level,0.7558409211242608,0.7533032462000847,0.7581885874271392,402291.0,False,15888,228,wt_med,0.02477980575794747,0.022907695174217223,0.026602669060230254,0.01902039349079132,0.03075540661811828,369333.0,0.9725098940682987,True
D4,3,all,all,dayPeak pairwise ordering (headliners),driver_level_x_h5,0.7559179797708624,0.7533888921141625,0.7582645952701569,402291.0,False,15888,228,wt_med,0.024850202933396126,0.022972704470157625,0.026686550676822664,0.019097213447093964,0.030822631716728208,369333.0,0.9725098940682987,True
D4,3,all,all,dayPeak pairwise ordering (headliners),h5,0.7528378847142977,0.7502468660473823,0.7554054647684098,418005.0,False,16582,228,wt_med,0.023008481382299495,0.02207118570804596,0.023962749540805815,0.020129697024822236,0.02603262662887573,379773.0,1.0,True
D4,3,all,all,dayPeak pairwise ordering (headliners),lvlh5_cbd,0.6980610483498829,0.694879874587059,0.7013716131448746,234044.0,False,8891,127,wt_med,-0.03319213651928088,-0.03664833903312683,-0.029807049036026,-0.04703993052244186,-0.021088486909866342,214358.0,0.5644371769451751,False
D4,3,all,all,dayPeak pairwise ordering (headliners),lvlh5_naive,0.7584758296854764,0.7559296920895576,0.7608503580093384,402291.0,False,15888,228,wt_med,0.02739533158423435,0.025504632294178008,0.029301299154758452,0.021480515599250793,0.03367179781198501,369333.0,0.9725098940682987,True
D4,3,all,all,dayPeak pairwise ordering (headliners),lvlh5_tft,0.7596579883989997,0.7569361194968224,0.7623669028282165,289113.0,False,11437,134,wt_med,0.03518823151246997,0.033022540807724,0.0375448077917099,0.02809632271528244,0.0429789274930954,264435.0,0.6962975251005206,True
D4,3,all,all,dayPeak pairwise ordering (headliners),prod_served,0.7078979501790558,0.7048442214727402,0.7109442070126534,292367.0,False,11214,134,wt_med,-0.01779746787098746,-0.020253601670265197,-0.015285058319568634,-0.025991620123386384,-0.008464421331882478,261835.0,0.6894513301366869,False
D4,3,all,all,dayPeak pairwise ordering (headliners),prod_served_lin,0.7406957693583749,0.7377208203077317,0.7437359496951104,292367.0,False,11214,134,wt_med,0.014898695743502555,0.012316150963306427,0.017424808442592622,0.007249057292938232,0.02293188273906708,261835.0,0.6894513301366869,True
D4,3,all,all,dayPeak pairwise ordering (headliners),snaive7,0.7262392950466345,0.7215905755758285,0.7307005301117897,104858.0,False,10590,228,wt_med,-0.01862480965210256,-0.022520552575588226,-0.014154717326164246,-0.02545262426137924,-0.012351259589195253,102444.0,0.2697506141826828,False
D4,3,all,all,dayPeak pairwise ordering (headliners),wt_med,0.7331063556387631,0.7305228248238563,0.7356332689523697,379773.0,False,15707,228,wt_med,,,,,,,,
D4,4,all,all,dayPeak pairwise ordering (headliners),clim,0.7233004899344517,0.7204709812998772,0.726188026368618,312899.0,False,13217,227,wt_med,-0.01429249825218637,-0.01613740175962448,-0.012458701431751252,-0.01955154985189438,-0.009436643123626711,303236.0,0.8081918321548601,False
D4,4,all,all,dayPeak pairwise ordering (headliners),driver_level,0.7556284016265249,0.7531131029129028,0.757963840663433,399625.0,False,15800,227,wt_med,0.02579246861009843,0.023971129953861237,0.027609817683696747,0.020130062103271486,0.03187281489372253,365882.0,0.9751574481014278,True
D4,4,all,all,dayPeak pairwise ordering (headliners),driver_level_x_h5,0.7556759461995621,0.7531468704342842,0.7580003544688225,399625.0,False,15800,227,wt_med,0.025841664799033603,0.02400941252708435,0.02766483724117279,0.020167452096939088,0.03192441314458847,365882.0,0.9751574481014278,True
D4,4,all,all,dayPeak pairwise ordering (headliners),h5,0.7517370293356904,0.7492236152291298,0.7542326003313065,414069.0,False,16427,227,wt_med,0.022931586367912815,0.02193526327610016,0.023918449878692627,0.020151084661483763,0.02588476687669754,375203.0,1.0,True
D4,4,all,all,dayPeak pairwise ordering (headliners),lvlh5_cbd,0.697692861360492,0.6942671656608581,0.7011442229151725,232019.0,False,8814,126,wt_med,-0.03184728423937433,-0.035407668352127074,-0.028274264931678773,-0.046079502999782564,-0.019395072758197792,211635.0,0.5640546584115799,False
D4,4,all,all,dayPeak pairwise ordering (headliners),lvlh5_naive,0.7579205505161088,0.7553060382604599,0.7602860689163208,399625.0,False,15800,227,wt_med,0.028047293936296458,0.0262214794754982,0.029871010780334474,0.022108322381973265,0.034053812921047207,365882.0,0.9751574481014278,True
D4,4,all,all,dayPeak pairwise ordering (headliners),lvlh5_tft,0.7580758107322675,0.7553076639771461,0.7609262824058532,285606.0,False,11294,133,wt_med,0.03486961329360805,0.03254000097513199,0.037249334156513214,0.027899880707263947,0.04205195605754852,260456.0,0.694173554049408,True
D4,4,all,all,dayPeak pairwise ordering (headliners),prod_served,0.7060187187516219,0.7029499650001526,0.7092613846063613,289015.0,False,11072,133,wt_med,-0.018090580876336526,-0.020698654651641845,-0.015510931611061096,-0.02589587718248367,-0.009441989660263063,257869.0,0.6872786198404597,False
D4,4,all,all,dayPeak pairwise ordering (headliners),prod_served_lin,0.7398335726519385,0.7369017586112022,0.7429709538817406,289015.0,False,11072,133,wt_med,0.015631968169884658,0.013062717020511627,0.018161490559577942,0.008209431171417236,0.023354281485080716,257869.0,0.6872786198404597,True
D4,4,all,all,dayPeak pairwise ordering (headliners),snaive7,0.7259538551345972,0.7212494179606438,0.7304161295294762,104497.0,False,10551,227,wt_med,-0.017559919287366443,-0.021410934627056122,-0.01336003839969635,-0.02474733144044876,-0.010993714630603791,101595.0,0.2707734213212581,False
D4,4,all,all,dayPeak pairwise ordering (headliners),wt_med,0.7320090724221289,0.7294079899787903,0.734559977054596,375203.0,False,15552,227,wt_med,,,,,,,,
D4,5,all,all,dayPeak pairwise ordering (headliners),clim,0.7223993635846225,0.7194950923323631,0.7252914860844613,309232.0,False,13084,226,wt_med,-0.014222219253926194,-0.015989458560943602,-0.012406018376350404,-0.0194599911570549,-0.009229466319084167,299461.0,0.8080611562041274,False
D4,5,all,all,dayPeak pairwise ordering (headliners),driver_level,0.7548120065739723,0.7520982205867768,0.7571226730942726,396716.0,False,15711,226,wt_med,0.02616751738473888,0.02421073615550995,0.027947907149791718,0.02022516876459122,0.03222787082195282,362243.0,0.9774711812451429,True
D4,5,all,all,dayPeak pairwise ordering (headliners),driver_level_x_h5,0.7548573790822654,0.7521541267633438,0.7571726500988006,396716.0,False,15711,226,wt_med,0.026217207785933727,0.02425827831029892,0.02800300419330597,0.020280013978481292,0.03232586681842804,362243.0,0.9774711812451429,True
D4,5,all,all,dayPeak pairwise ordering (headliners),h5,0.75053980662114,0.7478879138827323,0.7531535565853119,409869.0,False,16273,226,wt_med,0.02300373456523619,0.022037863731384277,0.02400582730770111,0.02021460086107254,0.025849993526935577,370592.0,1.0,True
D4,5,all,all,dayPeak pairwise ordering (headliners),lvlh5_cbd,0.6956145639466303,0.6922268301248551,0.6990794166922569,228894.0,False,8693,125,wt_med,-0.03268658653222278,-0.03636435568332672,-0.02902173101902008,-0.04746646136045456,-0.020347008109092714,208067.0,0.5614449313530783,False
D4,5,all,all,dayPeak pairwise ordering (headliners),lvlh5_naive,0.7576578711219109,0.7548865810036659,0.7600444078445434,396716.0,False,15711,226,wt_med,0.028952940429490703,0.02709793150424957,0.030732123553752898,0.02286745756864548,0.03513454347848892,362243.0,0.9774711812451429,True
D4,5,all,all,dayPeak pairwise ordering (headliners),lvlh5_tft,0.7561611248202524,0.7534334361553192,0.7590053796768188,281645.0,False,11147,132,wt_med,0.03397214924009673,0.031702281534671785,0.0362099751830101,0.026889216899871827,0.04122126996517181,256151.0,0.691194089456869,True
D4,5,all,all,dayPeak pairwise ordering (headliners),prod_served,0.7045427472304168,0.7013521507382393,0.7078423202037811,285422.0,False,10936,132,wt_med,-0.018762251470176405,-0.02155520170927048,-0.01617919057607651,-0.026549620926380156,-0.010123254358768463,253541.0,0.6841513038597703,False
D4,5,all,all,dayPeak pairwise ordering (headliners),prod_served_lin,0.7378373075656397,0.734818585216999,0.7412791788578034,285422.0,False,10936,132,wt_med,0.014530194327544765,0.011931142210960389,0.01694020479917526,0.007168763875961303,0.022199341654777525,253541.0,0.6841513038597703,True
D4,5,all,all,dayPeak pairwise ordering (headliners),snaive7,0.7257260532342809,0.7210498079657555,0.7301353603601456,103918.0,False,10506,226,wt_med,-0.01666782830344604,-0.020741157233715057,-0.012431995570659637,-0.02391267567873001,-0.010100151598453523,100433.0,0.2710069294534151,False
D4,5,all,all,dayPeak pairwise ordering (headliners),wt_med,0.7310735256022796,0.7284865960478782,0.7337465301156044,370592.0,False,15380,226,wt_med,,,,,,,,
D4,6,all,all,dayPeak pairwise ordering (headliners),clim,0.7215538953829224,0.718485102057457,0.7244426056742668,305323.0,False,12946,225,wt_med,-0.013215844118035336,-0.015103824436664581,-0.011353699862957001,-0.01833639293909073,-0.008267807960510253,295403.0,0.8076062945627925,False
D4,6,all,all,dayPeak pairwise ordering (headliners),driver_level,0.7553102032624629,0.7527941107749939,0.7576071932911873,393629.0,False,15602,225,wt_med,0.02846033389811109,0.0264864057302475,0.03024118095636368,0.022429341077804567,0.03463086038827896,358253.0,0.9794327675954683,True
D4,6,all,all,dayPeak pairwise ordering (headliners),driver_level_x_h5,0.7553813362328486,0.7528668314218521,0.7576837345957756,393629.0,False,15602,225,wt_med,0.028527325660915648,0.026547636091709136,0.030303290486335753,0.02250681072473526,0.03471223711967468,358253.0,0.9794327675954683,True
D4,6,all,all,dayPeak pairwise ordering (headliners),h5,0.7484532625126069,0.745713795721531,0.7510453164577484,405531.0,False,16117,225,wt_med,0.023131643410174596,0.022182302176952363,0.024177612364292143,0.020455615222454072,0.0258938267827034,365776.0,1.0,True
D4,6,all,all,dayPeak pairwise ordering (headliners),lvlh5_cbd,0.6858960444068383,0.6824019268155098,0.6895646497607231,225731.0,False,8585,124,wt_med,-0.040184949603679354,-0.04401846379041672,-0.036688442528247836,-0.05520457774400711,-0.025743524730205535,204380.0,0.5587572722103145,False
D4,6,all,all,dayPeak pairwise ordering (headliners),lvlh5_naive,0.7579421231667383,0.7552610397338867,0.7603338912129403,393629.0,False,15602,225,wt_med,0.03101997750193297,0.029131640493869782,0.03283914476633072,0.0248625710606575,0.03710148781538009,358253.0,0.9794327675954683,True
D4,6,all,all,dayPeak pairwise ordering (headliners),lvlh5_tft,0.754034928587883,0.7513514965772629,0.756866081058979,277824.0,False,11009,131,wt_med,0.03352095009764544,0.03130161613225937,0.03605598509311676,0.026453225314617156,0.0413369745016098,251932.0,0.6887603341936048,True
D4,6,all,all,dayPeak pairwise ordering (headliners),prod_served,0.700595043901332,0.6975884452462197,0.7040314972400665,281996.0,False,10793,131,wt_med,-0.02078996241521358,-0.023465819656848907,-0.018173281848430634,-0.028545743227005003,-0.012057657539844514,249303.0,0.6815728752023096,False
D4,6,all,all,dayPeak pairwise ordering (headliners),prod_served_lin,0.734301195761642,0.7313052356243134,0.7375030025839806,281996.0,False,10793,131,wt_med,0.012895953919527692,0.010259932279586792,0.015366199612617492,0.005623655021190643,0.020336349308490754,249303.0,0.6815728752023096,True
D4,6,all,all,dayPeak pairwise ordering (headliners),snaive7,0.7255671141589664,0.7208869695663452,0.7299470826983452,103242.0,False,10452,225,wt_med,-0.014247722285702813,-0.018580347299575806,-0.01005716472864151,-0.02152751386165619,-0.0075973495841026315,98893.0,0.2703649227942785,False
D4,6,all,all,dayPeak pairwise ordering (headliners),wt_med,0.7291812475394777,0.7265910103917121,0.7318981871008873,365776.0,False,15182,225,wt_med,,,,,,,,
D4,7,all,all,dayPeak pairwise ordering (headliners),clim,0.720470203495618,0.717423428595066,0.7233453586697578,300891.0,False,12787,224,wt_med,-0.011328169358196583,-0.013331317901611328,-0.009422345459461213,-0.01635197550058365,-0.006606426835060125,290603.0,0.8096482552065195,False
D4,7,all,all,dayPeak pairwise ordering (headliners),driver_level,0.7454023428325632,0.7428126960992814,0.7479126051068306,378943.0,False,15018,224,wt_med,0.021242394259533892,0.01938460022211075,0.02313600182533264,0.015375643968582153,0.027402403950691222,344641.0,0.9602033851083095,True
D4,7,all,all,dayPeak pairwise ordering (headliners),driver_level_x_h5,0.745460399057378,0.7428805455565453,0.7479652479290962,378943.0,False,15018,224,wt_med,0.021300425660324862,0.01943732500076294,0.023196716606616975,0.015415608882904053,0.027495899796485902,344641.0,0.9602033851083095,True
D4,7,all,all,dayPeak pairwise ordering (headliners),h5,0.7447897650830486,0.7421563163399696,0.747457566857338,399886.0,False,15908,224,wt_med,0.02255067214599149,0.02153499871492386,0.0236187219619751,0.019744223356246947,0.025506310164928436,358925.0,1.0,True
D4,7,all,all,dayPeak pairwise ordering (headliners),lvlh5_cbd,0.6811073990859076,0.6774197340011596,0.6849074229598046,221203.0,False,8417,123,wt_med,-0.042254015359627806,-0.0464280292391777,-0.03844953775405884,-0.057948195934295656,-0.027323277294635774,199484.0,0.5557818485756078,False
D4,7,all,all,dayPeak pairwise ordering (headliners),lvlh5_naive,0.747632229649314,0.7449721455574035,0.7501180246472359,378943.0,False,15018,224,wt_med,0.02346499690982795,0.02139960676431656,0.025320914387702943,0.017540782690048218,0.029451392590999603,344641.0,0.9602033851083095,True
D4,7,all,all,dayPeak pairwise ordering (headliners),lvlh5_tft,0.7485056477723896,0.7457582414150238,0.7515206843614578,273028.0,False,10818,130,wt_med,0.03126953077441297,0.0289690762758255,0.03360854536294937,0.024138425290584565,0.03890212029218673,246406.0,0.6865111095632792,True
D4,7,all,all,dayPeak pairwise ordering (headliners),prod_served,0.6963909406713225,0.6931028440594673,0.6996941521763802,278078.0,False,10643,130,wt_med,-0.021514848564311073,-0.024304726719856264,-0.01896214932203293,-0.03006109595298767,-0.01258319616317749,244064.0,0.6799860695131295,False
D4,7,all,all,dayPeak pairwise ordering (headliners),prod_served_lin,0.7296154316414819,0.7265769764780998,0.7328823819756508,278078.0,False,10643,130,wt_med,0.011652681263930709,0.009008364379405975,0.013950124382972716,0.003823395073413849,0.01964132636785507,244064.0,0.6799860695131295,True
D4,7,all,all,dayPeak pairwise ordering (headliners),wt_med,0.7261907083652573,0.7235928192734719,0.7289970993995667,358925.0,False,14908,224,wt_med,,,,,,,,
D4,10,all,all,dayPeak pairwise ordering (headliners),clim,0.718139790674893,0.7151013657450676,0.7209921926259995,290935.0,False,12421,221,wt_med,-0.01106626555468726,-0.01305074542760849,-0.009184521436691285,-0.016492103040218354,-0.006036989390850069,280221.0,0.8106346602792748,False
D4,10,all,all,dayPeak pairwise ordering (headliners),driver_level,0.7442209821970381,0.7414858892560006,0.7467652350664139,370781.0,False,14756,221,wt_med,0.023903656222451386,0.021855218708515166,0.02577112466096878,0.017642749845981597,0.03042379766702652,334635.0,0.9680456837373185,True
D4,10,all,all,dayPeak pairwise ordering (headliners),driver_level_x_h5,0.7442722253837171,0.7415539100766182,0.7467803955078125,370781.0,False,14756,221,wt_med,0.023951469511557355,0.02192382514476776,0.025826041400432587,0.017715175449848176,0.030471035838127134,334635.0,0.9680456837373185,True
D4,10,all,all,dayPeak pairwise ordering (headliners),h5,0.7408125936799416,0.7381995230913162,0.7434796005487442,387623.0,False,15458,221,wt_med,0.022541013246316743,0.021464040875434874,0.02359616309404373,0.019697338342666626,0.025556139647960663,345681.0,1.0,True
D4,10,all,all,dayPeak pairwise ordering (headliners),lvlh5_cbd,0.6771721660206108,0.6734431594610214,0.6808291405439377,211540.0,False,8079,120,wt_med,-0.04054232839233074,-0.04464925080537796,-0.03682631403207779,-0.05682375282049179,-0.025665758550167086,188963.0,0.5466398211067429,False
D4,10,all,all,dayPeak pairwise ordering (headliners),lvlh5_naive,0.7467022312362284,0.7440152123570443,0.7491873428225517,370781.0,False,14756,221,wt_med,0.02630328566946072,0.024204446375370024,0.028119722008705137,0.020242947340011596,0.03243027329444885,334635.0,0.9680456837373185,True
D4,10,all,all,dayPeak pairwise ordering (headliners),lvlh5_tft,0.7436182954314993,0.7406971782445908,0.746571333706379,261333.0,False,10381,127,wt_med,0.030962890725247716,0.02853000909090042,0.033307188749313356,0.023789079487323762,0.038931846618652344,233796.0,0.6763345396478256,True
D4,10,all,all,dayPeak pairwise ordering (headliners),prod_served,0.6910209395762842,0.6876696959137917,0.6942311376333237,268057.0,False,10265,127,wt_med,-0.022410365009467026,-0.02515261769294739,-0.019568850100040436,-0.030915410816669465,-0.013470861315727235,231857.0,0.6707253219008277,False
D4,10,all,all,dayPeak pairwise ordering (headliners),prod_served_lin,0.7249316376740768,0.7216608926653862,0.7281798914074897,268057.0,False,10265,127,wt_med,0.01117930448509219,0.00852704644203186,0.01395275741815567,0.0031152158975601197,0.019873732328414915,231857.0,0.6707253219008277,True
D4,10,all,all,dayPeak pairwise ordering (headliners),wt_med,0.7230683780711118,0.720299768447876,0.7259035125374794,345681.0,False,14424,221,wt_med,,,,,,,,
D4,14,all,all,dayPeak pairwise ordering (headliners),clim,0.7151749008294266,0.7121561005711555,0.718192407488823,277300.0,False,11910,217,wt_med,-0.009216745569016749,-0.011314807832241059,-0.007239793241024017,-0.014564816653728486,-0.003937590122222901,266363.0,0.8122432799182765,False
D4,14,all,all,dayPeak pairwise ordering (headliners),driver_level,0.7362119820400619,0.733620323240757,0.7388265520334244,350558.0,False,13965,217,wt_med,0.020880686799261694,0.018868651986122132,0.022952786087989806,0.014022482931613922,0.02764787673950195,313687.0,0.9565523655602483,True
D4,14,all,all,dayPeak pairwise ordering (headliners),driver_level_x_h5,0.7362861495102094,0.733693727850914,0.7388783365488052,350558.0,False,13965,217,wt_med,0.02096038407712142,0.018950669467449187,0.023031949996948242,0.014083331823349,0.027762922644615173,313687.0,0.9565523655602483,True
D4,14,all,all,dayPeak pairwise ordering (headliners),h5,0.7351241248298094,0.7324796572327614,0.7378020390868187,371642.0,False,14864,217,wt_med,0.022998460060682735,0.021904750168323515,0.024020887911319733,0.02007974833250046,0.02616182118654251,327935.0,1.0,True
D4,14,all,all,dayPeak pairwise ordering (headliners),lvlh5_cbd,0.6740810375065072,0.6698613137006759,0.6781680539250374,197859.0,False,7553,116,wt_med,-0.035212847340055364,-0.039331719279289246,-0.030914352834224702,-0.05168771594762802,-0.019724163413047797,173857.0,0.5301568908472716,False
D4,14,all,all,dayPeak pairwise ordering (headliners),lvlh5_naive,0.7390816926157726,0.7364982545375824,0.7416568532586097,350558.0,False,13965,217,wt_med,0.02374341301998495,0.021691134572029112,0.02572633922100067,0.017347510159015655,0.03003774881362915,313687.0,0.9565523655602483,True
D4,14,all,all,dayPeak pairwise ordering (headliners),lvlh5_tft,0.7369459605106948,0.734033277630806,0.7403404772281647,246801.0,False,9839,123,wt_med,0.031415319617927984,0.028985926508903505,0.03392878621816635,0.02368527203798294,0.04009957611560821,217760.0,0.6640340311342187,True
D4,14,all,all,dayPeak pairwise ordering (headliners),prod_served,0.6845377913599547,0.6811921089887619,0.6882856249809265,254582.0,False,9752,123,wt_med,-0.021543527665692674,-0.02446903884410858,-0.018905237317085266,-0.030695176124572753,-0.012508738040924079,215610.0,0.6574778538429872,False
D4,14,all,all,dayPeak pairwise ordering (headliners),prod_served_lin,0.7174662780557934,0.714136965572834,0.7210136279463768,254582.0,False,9752,123,wt_med,0.011098743100969366,0.00818096250295639,0.013705170154571534,0.0029767349362373355,0.019941173493862152,215610.0,0.6574778538429872,True
D4,14,all,all,dayPeak pairwise ordering (headliners),wt_med,0.717873968926769,0.7151957392692566,0.7208303734660149,327935.0,False,13755,217,wt_med,,,,,,,,
D4,21,all,all,dayPeak pairwise ordering (headliners),clim,0.7119770071617038,0.7088117003440857,0.7150905638933182,254688.0,False,11075,210,wt_med,-0.007455800391244938,-0.00954575538635254,-0.0054129958152771,-0.013161185383796691,-0.0016284018754959117,243837.0,0.8102323664964263,False
D4,21,all,all,dayPeak pairwise ordering (headliners),driver_level,0.730525138222576,0.7275881990790367,0.7332886219024658,325381.0,False,12997,210,wt_med,0.021171000288869424,0.01906045824289322,0.023245406150817872,0.014639583230018616,0.02773524820804596,287327.0,0.9547428616999006,True
D4,21,all,all,dayPeak pairwise ordering (headliners),driver_level_x_h5,0.730543578143776,0.727629791200161,0.7333049878478051,325381.0,False,12997,210,wt_med,0.021198843129953016,0.019107574224472047,0.023232288658618924,0.014632563292980193,0.027746374905109405,287327.0,0.9547428616999006,True
D4,21,all,all,dayPeak pairwise ordering (headliners),h5,0.7282972811550547,0.7254329651594162,0.7311151638627053,346581.0,False,13905,210,wt_med,0.022661797592267052,0.02146676927804947,0.023774684965610506,0.01958894431591034,0.0259862020611763,300947.0,1.0,True
D4,21,all,all,dayPeak pairwise ordering (headliners),lvlh5_cbd,0.6716023565389458,0.6675287395715713,0.6757505610585213,177888.0,False,6790,109,wt_med,-0.031101511879049637,-0.035538715124130246,-0.02665843367576599,-0.048385055363178255,-0.01427716612815857,152790.0,0.5076973686396608,False
D4,21,all,all,dayPeak pairwise ordering (headliners),lvlh5_naive,0.7331313137521859,0.7302433639764786,0.7358501195907593,325381.0,False,12997,210,wt_med,0.023457593612852268,0.021390461921691896,0.0255618616938591,0.017018742859363556,0.030091887712478636,287327.0,0.9547428616999006,True
D4,21,all,all,dayPeak pairwise ordering (headliners),lvlh5_tft,0.7293255999497987,0.7260246500372887,0.7327626571059227,223102.0,False,8911,116,wt_med,0.031964372015194975,0.02927411049604416,0.03464123010635376,0.023648126423358916,0.04045115560293198,192433.0,0.6394248821221012,True
D4,21,all,all,dayPeak pairwise ordering (headliners),prod_served,0.6768461894239169,0.6732997983694077,0.6806459635496139,233508.0,False,8952,116,wt_med,-0.021309171095191037,-0.024516209959983826,-0.018298710882663726,-0.03096194416284561,-0.010918499529361728,191373.0,0.6359026672470568,False
D4,21,all,all,dayPeak pairwise ordering (headliners),prod_served_lin,0.710288298473714,0.7067581564188004,0.7140025109052658,233508.0,False,8952,116,wt_med,0.011955709530602543,0.008823215961456299,0.014850176870822905,0.0031768232583999634,0.02135534733533859,191373.0,0.6359026672470568,True
D4,21,all,all,dayPeak pairwise ordering (headliners),wt_med,0.7124742894928343,0.7096121191978455,0.7155332520604134,300947.0,False,12722,210,wt_med,,,,,,,,
D4,30,all,all,dayPeak pairwise ordering (headliners),clim,0.7085992794710843,0.7052011787891388,0.7120789453387261,227333.0,False,10023,201,clim,,,,,,,,
D4,30,all,all,dayPeak pairwise ordering (headliners),driver_level,0.7245237894736842,0.7215341314673424,0.7273850724101066,296875.0,False,11929,201,clim,0.027039828752305706,0.02413848042488098,0.02988777756690979,0.018462535738945008,0.03646163344383239,219565.0,0.9658298619206187,True
D4,30,all,all,dayPeak pairwise ordering (headliners),driver_level_x_h5,0.7245709473684211,0.7215831786394119,0.7274286389350891,296875.0,False,11929,201,clim,0.02709903673171954,0.024201701581478118,0.029956169426441193,0.018484048545360565,0.03653254806995391,219565.0,0.9658298619206187,True
D4,30,all,all,dayPeak pairwise ordering (headliners),h5,0.7207463560542516,0.717809846997261,0.7238170817494393,315935.0,False,12715,201,clim,0.02857960439245988,0.026394401490688325,0.030822546780109407,0.02151179015636444,0.0359515130519867,223656.0,0.9838254894801899,True
D4,30,all,all,dayPeak pairwise ordering (headliners),lvlh5_cbd,0.6671420884414162,0.6627999320626259,0.6716865301132202,154249.0,False,5921,100,clim,-0.03093109722332099,-0.03593338131904602,-0.026142106950283052,-0.046289435029029845,-0.017398303747177126,113769.0,0.5004508804265109,False
D4,30,all,all,dayPeak pairwise ordering (headliners),lvlh5_naive,0.7274138947368421,0.7244848072528839,0.7303175702691078,296875.0,False,11929,201,clim,0.029043791132466468,0.02623954713344574,0.031860606372356416,0.020271648466587067,0.038202922046184536,219565.0,0.9658298619206187,True
D4,30,all,all,dayPeak pairwise ordering (headliners),lvlh5_tft,0.7238252670891113,0.7199000954627991,0.7281163424253464,163335.0,False,6540,95,clim,0.03415041736641378,0.03016811013221741,0.037982501089572906,0.024197342991828918,0.04605734199285507,120877.0,0.5317177884425051,True
D4,30,all,all,dayPeak pairwise ordering (headliners),prod_served,0.6702518051613042,0.6662036269903183,0.6747556686401367,185302.0,False,7090,100,clim,-0.020330855549459237,-0.024335534870624544,-0.01657647341489792,-0.031719379127025604,-0.008896438777446747,133049.0,0.5852603889448518,False
D4,30,all,all,dayPeak pairwise ordering (headliners),prod_served_lin,0.7038887869531899,0.7000568002462387,0.7080879151821137,185302.0,False,7090,100,clim,0.01252170253064655,0.008626754581928252,0.016221159696578977,0.002011588215827942,0.023359720408916474,133049.0,0.5852603889448518,True
D4,30,all,all,dayPeak pairwise ordering (headliners),wt_med,0.707311921982452,0.7039814710617065,0.7105219900608063,269888.0,False,11519,201,clim,0.006214499269830864,0.0038563057780265806,0.008366908133029937,-2.163946628570546e-05,0.012431277334690093,217073.0,0.9548679690146173,False
D4,45,all,all,dayPeak pairwise ordering (headliners),clim,0.7042668956109072,0.7003935351967812,0.7083399280905723,189857.0,False,8557,186,clim,,,,,,,,
D4,45,all,all,dayPeak pairwise ordering (headliners),driver_level,0.716309648378117,0.7131714701652527,0.7196470275521278,253255.0,False,10321,186,clim,0.022410342225284707,0.01944604367017746,0.025428672134876252,0.01306138038635254,0.03194063752889633,182862.0,0.9631564809303844,True
D4,45,all,all,dayPeak pairwise ordering (headliners),driver_level_x_h5,0.7163491342717814,0.7132097810506821,0.7196930542588234,253255.0,False,10321,186,clim,0.02247049687742675,0.019473348557949067,0.025481900572776793,0.013111966848373414,0.032000577449798576,182862.0,0.9631564809303844,True
D4,45,all,all,dayPeak pairwise ordering (headliners),h5,0.7129733948939994,0.7097188249230385,0.7161927446722984,271602.0,False,11108,186,clim,0.025254634835973455,0.022719167172908783,0.027790236473083495,0.017151284217834472,0.03332030624151229,186738.0,0.9835718461789663,True
D4,45,all,all,dayPeak pairwise ordering (headliners),lvlh5_cbd,0.6614388581440568,0.6528016731142998,0.6699197173118592,46801.0,False,1777,84,clim,-0.03423097143524745,-0.042114803194999696,-0.026160719990730285,-0.052654695510864255,-0.01791893094778061,34238.0,0.1803357263624728,False
D4,45,all,all,dayPeak pairwise ordering (headliners),lvlh5_naive,0.7195909261416359,0.7165366604924202,0.7227639749646186,253255.0,False,10321,186,clim,0.02517745622381906,0.022187210619449615,0.028274554014205932,0.015355581045150756,0.03510532975196838,182862.0,0.9631564809303844,True
D4,45,all,all,dayPeak pairwise ordering (headliners),lvlh5_tft,0.7242176806532308,0.7193845093250275,0.7293083935976028,105935.0,False,4447,66,clim,0.031222100982045475,0.026761139929294585,0.035765315592288974,0.02027157098054886,0.04368007630109787,80648.0,0.4247828628915447,True
D4,45,all,all,dayPeak pairwise ordering (headliners),prod_served,0.6650978688485024,0.6597198888659477,0.6701232120394707,124299.0,False,4921,85,clim,-0.021940467974263633,-0.026693011820316314,-0.017382507026195527,-0.03416717499494552,-0.008994001150131225,89834.0,0.47316664647603196,False
D4,45,all,all,dayPeak pairwise ordering (headliners),prod_served_lin,0.6984931495828607,0.6935690954327584,0.7034731969237328,124299.0,False,4921,85,clim,0.011432197163657398,0.007096344232559205,0.01599203199148178,0.00042392909526824953,0.023440578579902643,89834.0,0.47316664647603196,True
D4,45,all,all,dayPeak pairwise ordering (headliners),wt_med,0.7012325247158225,0.6976806491613388,0.7045792147517205,229610.0,False,9938,186,clim,0.004064191121474714,0.0015496447682380678,0.006627869606018066,-0.0030502498149871824,0.01122651398181915,181832.0,0.9577313451703124,False
D4,60,all,all,dayPeak pairwise ordering (headliners),clim,0.7016042713010875,0.6970149576663971,0.7059329286217689,157891.0,False,7236,171,clim,,,,,,,,
D4,60,all,all,dayPeak pairwise ordering (headliners),driver_level,0.7109484876329064,0.7072977066040039,0.7145099684596061,213308.0,False,8688,171,clim,0.023361864251976727,0.019553972780704497,0.02720806747674942,0.011664614081382751,0.03510717302560806,153284.0,0.9708216427788791,True
D4,60,all,all,dayPeak pairwise ordering (headliners),driver_level_x_h5,0.7110422487670411,0.7073591127991676,0.7146121233701705,213308.0,False,8688,171,clim,0.023433626471125457,0.01960825324058533,0.027275452017784117,0.011733977496623993,0.035230310261249544,153284.0,0.9708216427788791,True
D4,60,all,all,dayPeak pairwise ordering (headliners),h5,0.7065994848034451,0.7028227359056473,0.7102716848254204,229427.0,False,9430,171,clim,0.0247329493514713,0.02175201177597046,0.027738189697265624,0.015947681665420533,0.032957430183887484,156431.0,0.9907531144903763,True
D4,60,all,all,dayPeak pairwise ordering (headliners),lvlh5_naive,0.7141035497965383,0.7104481041431427,0.717854055762291,213308.0,False,8688,171,clim,0.02643459199916498,0.02257939279079437,0.030164195597171782,0.014735288918018341,0.03875153511762619,153284.0,0.9708216427788791,True
D4,60,all,all,dayPeak pairwise ordering (headliners),lvlh5_tft,0.7520215633423181,0.6697960421442986,0.8461538553237915,371.0,False,35,26,clim,0.09765625,0.036196178197860716,0.17491268366575238,0.034409716725349426,0.13636362552642822,256.0,0.0016213717057970373,True
D4,60,all,all,dayPeak pairwise ordering (headliners),prod_served,0.6503496503496503,0.5840159729123116,0.7270918980240821,429.0,False,38,27,clim,0.015625,-0.04464619755744934,0.08783858120441437,-0.03571426868438721,0.04896555095911026,256.0,0.0016213717057970373,False
D4,60,all,all,dayPeak pairwise ordering (headliners),prod_served_lin,0.7062937062937062,0.6519997999072075,0.7747804194688797,429.0,False,38,27,clim,0.0625,-0.019612695276737212,0.15280449986457822,-0.02287355065345764,0.13273809105157852,256.0,0.0016213717057970373,False
D4,60,all,all,dayPeak pairwise ordering (headliners),wt_med,0.6952519379844961,0.6912291839718818,0.6990574106574059,194016.0,False,8443,171,clim,0.0051507307762700405,0.0020846247673034666,0.007978357374668121,-0.0019059479236602783,0.013172531127929685,152988.0,0.9689469317440512,False
D4,90,all,all,dayPeak pairwise ordering (headliners),clim,0.7054405354919053,0.7001675635576248,0.7109250947833061,102784.0,False,4922,141,clim,,,,,,,,
D4,90,all,all,dayPeak pairwise ordering (headliners),driver_level,0.7150829058462791,0.7105732947587967,0.719447384774685,137626.0,False,5871,141,clim,0.026543813764050572,0.022228865325450896,0.030808714032173157,0.013479465246200561,0.04034902155399322,100174.0,0.9746069427148194,True
D4,90,all,all,dayPeak pairwise ordering (headliners),driver_level_x_h5,0.7151337683286588,0.7106376141309738,0.7195543125271797,137626.0,False,5871,141,clim,0.026573761654720807,0.02229546457529068,0.03087811917066574,0.013495907187461853,0.04039880484342574,100174.0,0.9746069427148194,True
D4,90,all,all,dayPeak pairwise ordering (headliners),h5,0.7117341767019422,0.7072001472115517,0.7164105862379074,147978.0,False,6357,141,clim,0.028181818181818086,0.025097905099391936,0.03143148124217987,0.020421217381954192,0.03671906590461731,102300.0,0.995291095890411,True
D4,90,all,all,dayPeak pairwise ordering (headliners),lvlh5_naive,0.7192027669190415,0.7148950144648551,0.7236168816685676,137626.0,False,5871,141,clim,0.030377143769840464,0.026152755320072173,0.034610123932361604,0.01803290694952011,0.0441558763384819,100174.0,0.9746069427148194,True
D4,90,all,all,dayPeak pairwise ordering (headliners),wt_med,0.7004648413788697,0.6953837782144546,0.70553939640522,125204.0,False,5708,141,clim,0.007773277748621132,0.004866652190685272,0.010852523148059845,0.0007926851511001588,0.015873131155967713,100987.0,0.9825167341220423,True
UC3,0,all,all,dayPeak Spearman across rides,clim,0.756065806941409,0.7523201525211334,0.7599266156554222,13504.0,False,13504,231,snaive7,0.008032093636772375,0.003933022916316986,0.012428976595401762,-0.0006374403834342956,0.016402110457420342,8465.0,0.8509248090068355,False
UC3,0,all,all,dayPeak Spearman across rides,driver_level,0.7367333484276241,0.7332856222987175,0.740397933125496,15812.0,False,15812,231,snaive7,-0.0025917696305066684,-0.006303034722805023,0.00089062601327896,-0.007592417299747467,0.0020299971103668207,9663.0,0.971351025331725,False
UC3,0,all,all,dayPeak Spearman across rides,h5,0.7667524992210377,0.7635120823979378,0.7697804495692253,16676.0,False,16676,231,snaive7,0.020837123336789776,0.016912928223609923,0.024460716545581816,0.013431324064731598,0.027955006062984466,9853.0,0.9904503417772417,True
UC3,0,all,all,dayPeak Spearman across rides,lvlh5_cbd,0.6180442424552361,0.6120445087552071,0.623930749297142,8932.0,False,8932,130,snaive7,-0.13201483534677905,-0.13911184817552566,-0.12456725090742111,-0.15607633888721467,-0.10898739099502563,5196.0,0.5223160434258143,False
UC3,0,all,all,dayPeak Spearman across rides,lvlh5_naive,0.7415420557744312,0.7380150035023689,0.7453346699476242,15811.0,False,15811,231,snaive7,0.0013641097630956445,-0.002296562492847443,0.0046799018979072566,-0.0036530032753944396,0.006010493636131286,9660.0,0.971049457177322,False
UC3,0,all,all,dayPeak Spearman across rides,lvlh5_tft,0.739172581912019,0.7352405726909638,0.7434642732143402,11542.0,False,11542,137,snaive7,-0.01306105150184711,-0.017711199820041656,-0.008084997534751894,-0.023297013342380525,-0.00370176136493683,6643.0,0.667772416566144,False
UC3,0,all,all,dayPeak Spearman across rides,snaive7,0.7740010530307947,0.7693077534437179,0.7784937918186188,9948.0,False,9948,231,snaive7,,,,,,,,
UC3,0,all,all,dayPeak Spearman across rides,wt_med,0.7702837045459227,0.7670426651835441,0.7735669180750847,15955.0,False,15955,231,snaive7,0.023910319411536984,0.02026783972978592,0.02743653059005737,0.017453309893608094,0.030318129062652587,9757.0,0.980800160836349,True
UC3,1,all,all,dayPeak Spearman across rides,clim,0.7551065026190174,0.751266923546791,0.7589973032474517,13368.0,False,13368,230,snaive7,0.007409577139921297,0.0033048778772354127,0.01193300038576126,-0.0011885896325111386,0.015686522424221038,8397.0,0.8463864529785304,False
UC3,1,all,all,dayPeak Spearman across rides,driver_level,0.7367955149902692,0.7329403251409531,0.7406167253851891,15725.0,False,15725,230,snaive7,-0.003566483253227948,-0.007272644340991974,-6.356835365295418e-05,-0.008490855991840362,0.001289319992065429,9624.0,0.9700635016631388,False
UC3,1,all,all,dayPeak Spearman across rides,driver_level_x_h5,0.7367515408806702,0.7328987136483193,0.7405614912509918,15725.0,False,15725,230,snaive7,-0.0036298565402533844,-0.0073400095105171205,-0.00015312284231185934,-0.008558672666549683,0.0012419059872627255,9624.0,0.9700635016631388,False
UC3,1,all,all,dayPeak Spearman across rides,h5,0.7637791692600336,0.7605174124240875,0.7669863879680634,16500.0,False,16500,230,snaive7,0.017838525230791102,0.0140697181224823,0.021314598619937897,0.010257092118263245,0.02526925802230835,9805.0,0.9883076302792058,True
UC3,1,all,all,dayPeak Spearman across rides,lvlh5_cbd,0.6125610606342213,0.6066825032234192,0.6181021451950073,8771.0,False,8771,129,snaive7,-0.1335439647059813,-0.14033458530902862,-0.12671519219875335,-0.1581290304660797,-0.11081272512674332,5108.0,0.514867452877734,False
UC3,1,all,all,dayPeak Spearman across rides,lvlh5_naive,0.7418519984309734,0.7382305204868317,0.745560871064663,15723.0,False,15723,230,snaive7,0.0013356870776589647,-0.002268536388874054,0.004758433997631073,-0.0035917922854423524,0.006141391396522522,9622.0,0.9698619090817457,False
UC3,1,all,all,dayPeak Spearman across rides,lvlh5_tft,0.7339226085459852,0.7296868324279785,0.738088059425354,11387.0,False,11387,136,snaive7,-0.01628954623586687,-0.021160444617271422,-0.011419130861759186,-0.026564644277095793,-0.006606456637382508,6604.0,0.6656587037597016,False
UC3,1,all,all,dayPeak Spearman across rides,snaive7,0.7738392999586496,0.7689581841230393,0.7782940626144409,9921.0,False,9921,230,snaive7,,,,,,,,
UC3,1,all,all,dayPeak Spearman across rides,wt_med,0.7659671172044106,0.7626888573169708,0.7695679187774658,15724.0,False,15724,230,snaive7,0.020490417275740747,0.01689080148935318,0.02379857450723648,0.013869208097457886,0.026628635823726654,9708.0,0.978530390081645,True
UC3,2,all,all,dayPeak Spearman across rides,clim,0.7544859071058372,0.7504596397280693,0.7584237366914749,13236.0,False,13236,229,snaive7,0.006330436790235039,0.002114817500114441,0.01093183159828186,-0.002594883739948273,0.014712114632129668,8325.0,0.8409940398020002,False
UC3,2,all,all,dayPeak Spearman across rides,driver_level,0.7358090156182384,0.7322264045476914,0.7395402565598488,15658.0,False,15658,229,snaive7,-0.0040829565181411676,-0.007567131519317627,-0.0004691824316978467,-0.009174127876758576,0.0006466597318649289,9599.0,0.9696939084756035,False
UC3,2,all,all,dayPeak Spearman across rides,driver_level_x_h5,0.73579363195685,0.7322151228785515,0.7395335927605629,15658.0,False,15658,229,snaive7,-0.0040932744756152495,-0.007618823647499084,-0.0004312664270401004,-0.009198468923568726,0.0006352469325065605,9599.0,0.9696939084756035,False
UC3,2,all,all,dayPeak Spearman across rides,h5,0.762612607935387,0.7594123050570488,0.7659395262598991,16364.0,False,16364,229,snaive7,0.016191476561584706,0.012419016659259796,0.019806407392024994,0.008540800213813782,0.023550768196582795,9782.0,0.9881806243054854,True
UC3,2,all,all,dayPeak Spearman across rides,lvlh5_cbd,0.6113538330470026,0.6053433448076249,0.6173754423856735,8694.0,False,8694,128,snaive7,-0.1332416382606837,-0.14051673114299773,-0.12604276090860367,-0.1577411636710167,-0.10917451083660126,5091.0,0.514294373169007,False
UC3,2,all,all,dayPeak Spearman across rides,lvlh5_naive,0.7410004388848356,0.737408122420311,0.744623740017414,15656.0,False,15656,229,snaive7,0.0004316049887767015,-0.003200826048851013,0.003743314743041991,-0.004674765467643738,0.005391129851341247,9597.0,0.969491867865441,False
UC3,2,all,all,dayPeak Spearman across rides,lvlh5_tft,0.7319646381699837,0.7278147846460342,0.7362910002470017,11249.0,False,11249,135,snaive7,-0.020167027639587998,-0.02527039349079132,-0.015461915731430053,-0.029501964151859284,-0.010897332429885866,6585.0,0.6652187089605011,False
UC3,2,all,all,dayPeak Spearman across rides,snaive7,0.7737982941267265,0.7690319389104843,0.778267988562584,9899.0,False,9899,229,snaive7,,,,,,,,
UC3,2,all,all,dayPeak Spearman across rides,wt_med,0.7643103688324787,0.7609510809183121,0.7677564397454262,15558.0,False,15558,229,snaive7,0.01942401317604281,0.015905806422233583,0.02284184694290161,0.01277204155921936,0.025926099717617033,9669.0,0.976765329831296,True
UC3,3,all,all,dayPeak Spearman across rides,clim,0.7538289630209482,0.7497825369238853,0.7578423172235489,13121.0,False,13121,228,snaive7,0.005654590599195486,0.0013041019439697266,0.010103958845138549,-0.0033968985080718994,0.014312013983726501,8250.0,0.8360356708552898,False
UC3,3,all,all,dayPeak Spearman across rides,driver_level,0.735198294204284,0.7315303444862366,0.7390472337603569,15591.0,False,15591,228,snaive7,-0.004192315371824185,-0.007811631262302399,-0.0006308853626251229,-0.009525887668132782,0.0006876647472381586,9563.0,0.9690920145926226,False
UC3,3,all,all,dayPeak Spearman across rides,driver_level_x_h5,0.7351602292629282,0.7315013825893402,0.7390261888504028,15591.0,False,15591,228,snaive7,-0.004228767755443563,-0.007874925434589387,-0.0006522521376609802,-0.009571479260921478,0.000652623176574707,9563.0,0.9690920145926226,False
UC3,3,all,all,dayPeak Spearman across rides,h5,0.7615975847218017,0.7582038953900337,0.7649865806102752,16240.0,False,16240,228,snaive7,0.015170902833449573,0.011405399441719056,0.018706712126731872,0.007455879449844361,0.022632867097854614,9740.0,0.9870287798946088,True
UC3,3,all,all,dayPeak Spearman across rides,lvlh5_cbd,0.6090631872837685,0.6035397306084633,0.6151172056794166,8673.0,False,8673,127,snaive7,-0.13486939748785154,-0.1422209322452545,-0.1276162162423134,-0.15711582601070403,-0.113893523812294,5098.0,0.5166193757600325,False
UC3,3,all,all,dayPeak Spearman across rides,lvlh5_naive,0.740469542823705,0.7368620485067368,0.7443098530173302,15589.0,False,15589,228,snaive7,0.0006518717917011196,-0.0030189305543899536,0.004081787168979644,-0.004536715149879455,0.005654762685298919,9560.0,0.9687880016214026,False
UC3,3,all,all,dayPeak Spearman across rides,lvlh5_tft,0.7306221387359846,0.7262491717934608,0.7350317537784576,11128.0,False,11128,134,snaive7,-0.020673679625368924,-0.02540808469057083,-0.016119401156902313,-0.03012872040271759,-0.011965465545654298,6551.0,0.6638629914876368,False
UC3,3,all,all,dayPeak Spearman across rides,prod_served,0.7644273711501272,0.7603851839900017,0.7685380592942238,10945.0,False,10945,134,snaive7,0.016730664743135004,0.012427259981632233,0.020871704816818232,0.00964927077293396,0.022984182834625243,6491.0,0.6577827320632347,True
UC3,3,all,all,dayPeak Spearman across rides,prod_served_lin,0.7659350787102109,0.7619191884994507,0.7700178414583206,10949.0,False,10949,134,snaive7,0.018251863620942665,0.014108419418334961,0.0224715456366539,0.011545522511005402,0.02423023134469986,6493.0,0.6579854073773814,True
UC3,3,all,all,dayPeak Spearman across rides,snaive7,0.7737174683099889,0.7689173445105553,0.7781708374619484,9868.0,False,9868,228,snaive7,,,,,,,,
UC3,3,all,all,dayPeak Spearman across rides,wt_med,0.7636404638543737,0.7601943671703338,0.7670905828475952,15396.0,False,15396,228,snaive7,0.018385092256585245,0.014736376702785492,0.021879617869853974,0.011697931587696076,0.024923695623874663,9623.0,0.9751722740170248,True
UC3,4,all,all,dayPeak Spearman across rides,clim,0.7529670949682522,0.7488419517874718,0.7570687085390091,13003.0,False,13003,227,snaive7,0.0044058829727663396,7.871091365814221e-05,0.00888291299343109,-0.004835467040538788,0.013087320327758788,8174.0,0.8315361139369277,False
UC3,4,all,all,dayPeak Spearman across rides,driver_level,0.7346515587446452,0.7310423895716667,0.7385798156261444,15506.0,False,15506,227,snaive7,-0.004605758344038979,-0.008170785009860992,-0.0011709660291671752,-0.009639273583889007,0.0004475206136703491,9521.0,0.9685656154628688,False
UC3,4,all,all,dayPeak Spearman across rides,driver_level_x_h5,0.7345971423745004,0.7309818252921104,0.7384958311915397,15506.0,False,15506,227,snaive7,-0.004668031066807687,-0.008242826163768768,-0.0012354418635368355,-0.009795188903808594,0.0004063844680786131,9521.0,0.9685656154628688,False
UC3,4,all,all,dayPeak Spearman across rides,h5,0.760377474160688,0.756967706978321,0.7637348249554634,16101.0,False,16101,227,snaive7,0.013903726245416248,0.010077950358390809,0.017407536506652832,0.005942673981189728,0.021328727900981902,9681.0,0.9848423194303154,True
UC3,4,all,all,dayPeak Spearman across rides,lvlh5_cbd,0.6072076669886121,0.6010062947869301,0.613343158364296,8606.0,False,8606,126,snaive7,-0.1364156228510215,-0.1435026064515114,-0.12936207503080369,-0.15952899754047395,-0.11427653580904007,5072.0,0.515971515768057,False
UC3,4,all,all,dayPeak Spearman across rides,lvlh5_naive,0.7400686093691345,0.7364416867494583,0.7438858628273011,15504.0,False,15504,227,snaive7,0.0007287392202087739,-0.0027660220861434937,0.004070258140563964,-0.004540398716926575,0.005728991329669951,9519.0,0.9683621566632757,False
UC3,4,all,all,dayPeak Spearman across rides,lvlh5_tft,0.7293898355343917,0.7252235889434815,0.7339700698852539,11000.0,False,11000,133,snaive7,-0.023204159238776945,-0.028189371526241302,-0.018333809077739717,-0.0326536163687706,-0.01390637457370758,6496.0,0.6608341810783316,False
UC3,4,all,all,dayPeak Spearman across rides,prod_served,0.7628061980940669,0.7587062835693359,0.7669701784849167,10817.0,False,10817,133,snaive7,0.015123308828177695,0.010690487921237946,0.019355465471744535,0.007416966557502747,0.021513414382934568,6424.0,0.6535096642929806,True
UC3,4,all,all,dayPeak Spearman across rides,prod_served_lin,0.7643248689650481,0.7603260070085526,0.7685539290308953,10821.0,False,10821,133,snaive7,0.01615006986349088,0.011697514355182648,0.02055496573448181,0.008529390394687652,0.022421298921108244,6427.0,0.6538148524923703,True
UC3,4,all,all,dayPeak Spearman across rides,snaive7,0.7733770043114887,0.7685618788003922,0.7778960540890694,9830.0,False,9830,227,snaive7,,,,,,,,
UC3,4,all,all,dayPeak Spearman across rides,wt_med,0.7621469130097188,0.7586957409977912,0.7656392201781272,15250.0,False,15250,227,snaive7,0.0168486420103664,0.013323768973350525,0.020332576334476472,0.010155019164085389,0.02356051653623581,9545.0,0.9710071210579858,True
UC3,5,all,all,dayPeak Spearman across rides,clim,0.7521540336088763,0.7480995550751686,0.7560826420783997,12876.0,False,12876,226,snaive7,0.003569783944928906,-0.0009800538420677185,0.008145590126514434,-0.005740991234779357,0.012265816330909727,8089.0,0.8269270087916581,False
UC3,5,all,all,dayPeak Spearman across rides,driver_level,0.7346949880806343,0.7310016810894012,0.7384913191199303,15416.0,False,15416,226,snaive7,-0.0047950741944216,-0.008286036550998688,-0.0012728199362754822,-0.009939208626747131,0.00034473538398742615,9467.0,0.967797996319771,False
UC3,5,all,all,dayPeak Spearman across rides,driver_level_x_h5,0.7346731015039691,0.7309859275817872,0.7384846046566963,15416.0,False,15416,226,snaive7,-0.004838837608092894,-0.008352068066596986,-0.0012954816222190857,-0.009984476864337921,0.0002734765410423269,9467.0,0.967797996319771,False
UC3,5,all,all,dayPeak Spearman across rides,h5,0.7593007307610842,0.7558981105685234,0.7628051981329917,15952.0,False,15952,226,snaive7,0.012657674479656822,0.008942164480686188,0.01628783196210861,0.004314924776554108,0.02015165239572525,9606.0,0.9820077693723165,True
UC3,5,all,all,dayPeak Spearman across rides,lvlh5_cbd,0.6000063506475838,0.5937815800309181,0.6063603892922401,8495.0,False,8495,125,snaive7,-0.14179698488516246,-0.1492829591035843,-0.13448089510202407,-0.1653746858239174,-0.11952685862779618,5029.0,0.5141075444694336,False
UC3,5,all,all,dayPeak Spearman across rides,lvlh5_naive,0.7402807900747637,0.7367213994264603,0.7440648183226586,15414.0,False,15414,226,snaive7,0.00013316382335737398,-0.0034554749727249146,0.0035351648926734915,-0.005079880356788635,0.005171586573123932,9465.0,0.9675935391535473,False
UC3,5,all,all,dayPeak Spearman across rides,lvlh5_tft,0.7259364561090309,0.7217418909072876,0.7303996935486794,10857.0,False,10857,132,snaive7,-0.02391467062236663,-0.029030995070934297,-0.019000251591205598,-0.03283949941396713,-0.01480131149291993,6423.0,0.656614189327336,False
UC3,5,all,all,dayPeak Spearman across rides,prod_served,0.7614518582540193,0.7573111906647683,0.7655779138207436,10691.0,False,10691,132,snaive7,0.015704761891112584,0.011112943291664124,0.020120523869991302,0.008655144274234772,0.021905016899108887,6355.0,0.649662645675731,True
UC3,5,all,all,dayPeak Spearman across rides,prod_served_lin,0.7632070477986873,0.758935022354126,0.76742083132267,10693.0,False,10693,132,snaive7,0.016507589177390924,0.012063731253147126,0.020809724926948547,0.009067034721374512,0.022684198617935178,6358.0,0.6499693314250664,True
UC3,5,all,all,dayPeak Spearman across rides,snaive7,0.773444927538708,0.7685305699706078,0.7779682517051697,9782.0,False,9782,226,snaive7,,,,,,,,
UC3,5,all,all,dayPeak Spearman across rides,wt_med,0.7611196461138655,0.7577395230531693,0.7646004438400269,15080.0,False,15080,226,snaive7,0.0153653170994138,0.01167038232088089,0.019031526148319246,0.00871642678976059,0.022178247570991516,9456.0,0.9666734819055408,True
UC3,6,all,all,dayPeak Spearman across rides,clim,0.7516136481218695,0.7476165220141411,0.7555613964796066,12743.0,False,12743,225,snaive7,0.002244572603941175,-0.0023029550909996034,0.006745342910289764,-0.007170285284519196,0.011220768094062805,7989.0,0.8205628594905505,False
UC3,6,all,all,dayPeak Spearman across rides,driver_level,0.734862936228906,0.7311766311526299,0.7387362450361252,15317.0,False,15317,225,snaive7,-0.004625321769899715,-0.00834563821554184,-0.0010624140501022342,-0.009688474237918854,0.00026756823062896605,9402.0,0.9656943303204601,False
UC3,6,all,all,dayPeak Spearman across rides,driver_level_x_h5,0.7348269416885079,0.7311509400606155,0.7387038439512252,15317.0,False,15317,225,snaive7,-0.0046639146125575515,-0.008357250690460205,-0.001099558174610138,-0.009701666235923768,0.00019086301326751533,9402.0,0.9656943303204601,False
UC3,6,all,all,dayPeak Spearman across rides,h5,0.7567503217838275,0.753308255970478,0.7604179009795189,15802.0,False,15802,225,snaive7,0.010480649549860277,0.006569954752922058,0.01422729790210724,0.0018329307436943053,0.01824578791856766,9527.0,0.9785332785538209,True
UC3,6,all,all,dayPeak Spearman across rides,lvlh5_cbd,0.5676127040358497,0.5616662040352821,0.574285838007927,8371.0,False,8371,124,snaive7,-0.18494054189545173,-0.19324702322483062,-0.176385734975338,-0.22001506388187408,-0.1517573967576027,4967.0,0.5101684470008216,False
UC3,6,all,all,dayPeak Spearman across rides,lvlh5_naive,0.7403720877018318,0.7367475673556327,0.7441484570503235,15314.0,False,15314,225,snaive7,0.0005005975778364924,-0.0031784594058990477,0.003855642676353454,-0.004735544323921204,0.005446887016296386,9399.0,0.9653861955628595,False
UC3,6,all,all,dayPeak Spearman across rides,lvlh5_tft,0.7228796173492541,0.7183790564537048,0.727642385661602,10714.0,False,10714,131,snaive7,-0.028340163516498706,-0.03379334509372711,-0.022925397753715514,-0.03826315701007843,-0.018557834625244143,6336.0,0.6507806080525883,False
UC3,6,all,all,dayPeak Spearman across rides,prod_served,0.7573738990900577,0.7528758898377419,0.7614105507731438,10569.0,False,10569,131,snaive7,0.010911049114433635,0.006003154814243317,0.015756519138813017,0.003676511347293854,0.017613670229911803,6265.0,0.6434880854560394,True
UC3,6,all,all,dayPeak Spearman across rides,prod_served_lin,0.7590238772337163,0.754690109193325,0.7630429521203042,10575.0,False,10575,131,snaive7,0.011773514468022772,0.007151493430137635,0.016704276204109192,0.00479072630405426,0.018386651575565335,6272.0,0.6442070665571077,True
UC3,6,all,all,dayPeak Spearman across rides,snaive7,0.7734294925463122,0.7684756055474281,0.7779161766171455,9736.0,False,9736,225,snaive7,,,,,,,,
UC3,6,all,all,dayPeak Spearman across rides,wt_med,0.759832737996298,0.7562977418303489,0.7633812487125397,14897.0,False,14897,225,snaive7,0.013302553710627163,0.009555526077747345,0.017156624794006346,0.006165403127670288,0.02037509977817535,9332.0,0.9585045193097781,True
UC3,7,all,all,dayPeak Spearman across rides,clim,0.7504452145235022,0.7462371587753296,0.7543382748961449,12594.0,False,12594,224,wt_med,-0.012536672883852074,-0.014506831765174866,-0.01064530611038208,-0.017167429625988006,-0.008551152050495147,12342.0,0.842054990789384,False
UC3,7,all,all,dayPeak Spearman across rides,driver_level,0.7231809980780174,0.7193202584981918,0.7272895157337189,14775.0,False,14775,224,wt_med,-0.03453943154369388,-0.03696729093790054,-0.03210877627134323,-0.040918384492397306,-0.02878158837556839,13974.0,0.9534011052739305,False
UC3,7,all,all,dayPeak Spearman across rides,driver_level_x_h5,0.7230911273706759,0.7192143559455871,0.7272194623947144,14775.0,False,14775,224,wt_med,-0.03461606160121655,-0.03704043179750442,-0.03218403309583664,-0.04097827523946762,-0.02886112928390503,13974.0,0.9534011052739305,False
UC3,7,all,all,dayPeak Spearman across rides,h5,0.752511013341798,0.7490100041031837,0.7561013177037239,15616.0,False,15616,224,wt_med,-0.0020784257107667736,-0.0030128806829452515,-0.0009959593415260315,-0.0037825942039489747,-0.0005171343684196473,14652.0,0.9996588660708194,False
UC3,7,all,all,dayPeak Spearman across rides,lvlh5_cbd,0.55926758060079,0.5529993027448654,0.5655715301632881,8212.0,False,8212,123,wt_med,-0.20214971206009613,-0.2080989047884941,-0.196250319480896,-0.23096122592687607,-0.17471202760934829,7748.0,0.528621136658252,False
UC3,7,all,all,dayPeak Spearman across rides,lvlh5_naive,0.7283412935414642,0.7246040806174279,0.7323805660009384,14774.0,False,14774,224,wt_med,-0.029770952794137995,-0.03229918628931046,-0.02735947072505951,-0.03558924347162247,-0.024228818714618683,13974.0,0.9534011052739305,False
UC3,7,all,all,dayPeak Spearman across rides,lvlh5_tft,0.7175815719805654,0.713316547870636,0.7221903815865517,10541.0,False,10541,130,wt_med,-0.03669587085332726,-0.04004585295915604,-0.033498997986316684,-0.04435321241617203,-0.029708436131477358,9936.0,0.677901344067681,False
UC3,7,all,all,dayPeak Spearman across rides,prod_served,0.7509206982975474,0.7464690044522285,0.7553462505340576,10427.0,False,10427,130,wt_med,-0.008073213368701926,-0.011146697402000427,-0.005148343741893769,-0.012720386683940887,-0.0033301711082458496,9734.0,0.6641195333287849,False
UC3,7,all,all,dayPeak Spearman across rides,prod_served_lin,0.7524822506562963,0.7479559049010277,0.7570400789380074,10434.0,False,10434,130,wt_med,-0.006228088601220483,-0.009216049313545227,-0.003267042338848115,-0.01107020080089569,-0.001268754899501801,9739.0,0.6644606672579655,False
UC3,7,all,all,dayPeak Spearman across rides,wt_med,0.7562930702132691,0.7527100190520286,0.7599619433283806,14657.0,False,14657,224,wt_med,,,,,,,,
UC3,10,all,all,dayPeak Spearman across rides,clim,0.7484158656397821,0.7443474695086479,0.7525354057550431,12204.0,False,12204,221,wt_med,-0.011103699780534937,-0.013091224431991576,-0.009211315214633942,-0.015456023812294006,-0.007046812772750854,11939.0,0.8430306453890694,False
UC3,10,all,all,dayPeak Spearman across rides,driver_level,0.7216061710411219,0.7176444828510284,0.725755812227726,14500.0,False,14500,221,wt_med,-0.0316490490375283,-0.034277844429016116,-0.02895995378494263,-0.03785147368907928,-0.02589645087718964,13639.0,0.9630701878265782,False
UC3,10,all,all,dayPeak Spearman across rides,driver_level_x_h5,0.7215510909369389,0.7175914838910102,0.7257159411907196,14500.0,False,14500,221,wt_med,-0.03171967490342209,-0.03435665965080261,-0.029029160737991333,-0.037937067449092865,-0.025908517837524413,13639.0,0.9630701878265782,False
UC3,10,all,all,dayPeak Spearman across rides,h5,0.7479256075222613,0.7445160493254661,0.7517013609409332,15172.0,False,15172,221,wt_med,-0.0018598210436503448,-0.0028659358620643617,-0.0008419215679168708,-0.0032883524894714356,-0.0005056098103523255,14158.0,0.999717554017794,False
UC3,10,all,all,dayPeak Spearman across rides,lvlh5_cbd,0.5510673027911068,0.5443191975355148,0.5575068056583404,7883.0,False,7883,120,wt_med,-0.20278481709160234,-0.20879002213478087,-0.1971077397465706,-0.23177265226840973,-0.17494433224201203,7379.0,0.5210422256743398,False
UC3,10,all,all,dayPeak Spearman across rides,lvlh5_naive,0.7276551377002852,0.7236703291535378,0.7316157460212708,14497.0,False,14497,221,wt_med,-0.02640118204201225,-0.02893451601266861,-0.023828871548175812,-0.03214615136384964,-0.021074096858501437,13638.0,0.9629995763310267,False
UC3,10,all,all,dayPeak Spearman across rides,lvlh5_tft,0.7141802324461258,0.7095281913876533,0.7187447860836983,10124.0,False,10124,127,wt_med,-0.0352768175532463,-0.03861717432737351,-0.03210527002811432,-0.0429719015955925,-0.02821244150400162,9489.0,0.6700324812879537,False
UC3,10,all,all,dayPeak Spearman across rides,prod_served,0.7484111988352008,0.7439644411206245,0.7528154268860817,10074.0,False,10074,127,wt_med,-0.005915026458502726,-0.009146507084369659,-0.002763353288173676,-0.010751037299633026,-0.0011186242103576678,9322.0,0.6582403615308572,False
UC3,10,all,all,dayPeak Spearman across rides,prod_served_lin,0.7506726115415286,0.7463837176561355,0.7549027562141418,10074.0,False,10074,127,wt_med,-0.003959056071377032,-0.007282575964927674,-0.0008615359663963321,-0.008702704310417175,0.0010508105158805847,9322.0,0.6582403615308572,False
UC3,10,all,all,dayPeak Spearman across rides,wt_med,0.7522988589396711,0.7487854763865471,0.7561940118670464,14162.0,False,14162,221,wt_med,,,,,,,,
UC3,14,all,all,dayPeak Spearman across rides,clim,0.7456244003200724,0.7411286666989326,0.7500147625803948,11734.0,False,11734,217,clim,,,,,,,,
UC3,14,all,all,dayPeak Spearman across rides,driver_level,0.7122916228992242,0.7082477137446404,0.7165583968162537,13754.0,False,13754,217,clim,-0.028523752145233394,-0.03169896453619003,-0.025657956302165986,-0.03584868460893631,-0.021620923280715944,11412.0,0.9725583773649225,False
UC3,14,all,all,dayPeak Spearman across rides,driver_level_x_h5,0.7122040284932457,0.7081893101334572,0.7164916172623634,13754.0,False,13754,217,clim,-0.02865564644593377,-0.03183351457118988,-0.025751309096813203,-0.0359660729765892,-0.021734905242919923,11412.0,0.9725583773649225,False
UC3,14,all,all,dayPeak Spearman across rides,h5,0.7420155066095646,0.7383928507566452,0.7457842722535133,14601.0,False,14601,217,clim,0.007652929221734661,0.005522003769874573,0.009769564867019654,0.0038684725761413577,0.011626209318637847,11658.0,0.9935230952786773,True
UC3,14,all,all,dayPeak Spearman across rides,lvlh5_cbd,0.5485494286674849,0.5416120156645775,0.5556552588939667,7389.0,False,7389,116,clim,-0.19072683944095503,-0.19758674800395964,-0.18371056914329528,-0.22505871802568436,-0.1604688584804535,6153.0,0.5243736151355036,False
UC3,14,all,all,dayPeak Spearman across rides,lvlh5_naive,0.7188028791666112,0.7149202391505242,0.7229563981294632,13753.0,False,13753,217,clim,-0.022937922174209535,-0.025865761935710906,-0.020169223845005038,-0.029155711829662322,-0.016998733580112457,11412.0,0.9725583773649225,False
UC3,14,all,all,dayPeak Spearman across rides,lvlh5_tft,0.7075977532873216,0.7027782961726189,0.7123923897743225,9609.0,False,9609,123,clim,-0.02616736313172008,-0.030061775445938112,-0.022561930119991302,-0.03392801731824875,-0.01800331920385361,7971.0,0.679307993863985,False
UC3,14,all,all,dayPeak Spearman across rides,prod_served,0.741930379316188,0.7373033478856087,0.7466052517294883,9606.0,False,9606,123,clim,0.0013135014777486687,-0.0022628754377365112,0.005133302509784698,-0.004487670958042145,0.006794704496860503,8040.0,0.6851883415715017,False
UC3,14,all,all,dayPeak Spearman across rides,prod_served_lin,0.7434798240281112,0.738995473086834,0.7482854932546615,9610.0,False,9610,123,clim,0.0027013244292138916,-0.0010276377201080323,0.006365735828876495,-0.0026788681745529173,0.008118157088756562,8047.0,0.6857848985853077,False
UC3,14,all,all,dayPeak Spearman across rides,wt_med,0.7448317938538469,0.7410957753658295,0.7488119021058083,13520.0,False,13520,217,clim,0.007749232024909625,0.0057207256555557254,0.009780709445476533,0.003545871376991272,0.011874021589756012,11443.0,0.9752002727117778,True
UC3,21,all,all,dayPeak Spearman across rides,clim,0.7404594968034137,0.7358726590871811,0.7448807865381241,10913.0,False,10913,210,clim,,,,,,,,
UC3,21,all,all,dayPeak Spearman across rides,driver_level,0.7065718201178173,0.7025706887245178,0.7106803640723228,12836.0,False,12836,210,clim,-0.030043841902707813,-0.033160774409770964,-0.026853996515274047,-0.03643033355474472,-0.0239320382475853,10567.0,0.9682946944011729,False
UC3,21,all,all,dayPeak Spearman across rides,driver_level_x_h5,0.7065336761746525,0.7025193497538567,0.710630601644516,12836.0,False,12836,210,clim,-0.03007245079310117,-0.033156460523605345,-0.02685447484254837,-0.03648078143596649,-0.02394411265850067,10567.0,0.9682946944011729,False
UC3,21,all,all,dayPeak Spearman across rides,h5,0.7345896048175762,0.7308657616376877,0.7384946659207344,13705.0,False,13705,210,clim,0.004320284779669725,0.0021146222949028014,0.006476320326328278,0.0004234060645103455,0.00847160816192627,10826.0,0.992027856684688,True
UC3,21,all,all,dayPeak Spearman across rides,lvlh5_cbd,0.5469359010864082,0.5398964956402779,0.5543078288435936,6669.0,False,6669,109,clim,-0.18424594730646016,-0.19143130332231523,-0.17735642939805984,-0.21906227320432664,-0.15362824946641923,5530.0,0.5067350865939705,False
UC3,21,all,all,dayPeak Spearman across rides,lvlh5_naive,0.7133193233841436,0.7092111602425575,0.7177769854664803,12833.0,False,12833,210,clim,-0.024809020414983007,-0.027798530459403992,-0.021695932745933535,-0.030535146594047546,-0.01926860213279724,10567.0,0.9682946944011729,False
UC3,21,all,all,dayPeak Spearman across rides,lvlh5_tft,0.7005690068904319,0.6951338991522789,0.7056771442294121,8743.0,False,8743,116,clim,-0.02872064799827223,-0.032601548731327055,-0.024805976450443266,-0.037496648728847504,-0.02003844827413559,7212.0,0.6608631906900028,False
UC3,21,all,all,dayPeak Spearman across rides,prod_served,0.7362158079783846,0.7306772455573082,0.7409405320882797,8854.0,False,8854,116,clim,-0.0003354933889164746,-0.004001940786838532,0.003473429381847381,-0.006767047941684723,0.006308332085609435,7282.0,0.6672775588747365,False
UC3,21,all,all,dayPeak Spearman across rides,prod_served_lin,0.7378854749865895,0.7325296953320504,0.7426660522818566,8854.0,False,8854,116,clim,0.00046092056187529984,-0.003236834704875946,0.004291160404682159,-0.006507806479930878,0.007297310233116148,7289.0,0.6679189956932099,False
UC3,21,all,all,dayPeak Spearman across rides,wt_med,0.7387144207905116,0.7347360149025917,0.7429919362068176,12520.0,False,12520,210,clim,0.005046072891654818,0.002895870804786682,0.007227465510368347,0.0012298569083213807,0.008927857875823975,10619.0,0.9730596536241181,True
UC3,30,all,all,dayPeak Spearman across rides,clim,0.7348746423605621,0.7301678657531738,0.7399057000875473,9865.0,False,9865,201,clim,,,,,,,,
UC3,30,all,all,dayPeak Spearman across rides,driver_level,0.7000307986705041,0.6956425845623017,0.7047418147325516,11878.0,False,11878,201,clim,-0.030205816874339098,-0.03324679434299469,-0.02678937315940857,-0.03732808083295822,-0.022988083958625793,9542.0,0.9672579827673593,False
UC3,30,all,all,dayPeak Spearman across rides,driver_level_x_h5,0.6999949903871857,0.6956016093492507,0.7047031685709954,11878.0,False,11878,201,clim,-0.030261167736191585,-0.03332139551639557,-0.026833763718605044,-0.03738892078399658,-0.023090657591819767,9542.0,0.9672579827673593,False
UC3,30,all,all,dayPeak Spearman across rides,h5,0.7266441752209436,0.7225339621305465,0.7309750750660896,12659.0,False,12659,201,clim,0.002765554008509419,0.00041076391935348513,0.00515737235546112,-0.0019084423780441283,0.007826694846153259,9786.0,0.9919918905220476,False
UC3,30,all,all,dayPeak Spearman across rides,lvlh5_cbd,0.5379514586513907,0.5298869222402572,0.5463490888476372,5880.0,False,5880,100,clim,-0.18803031225892142,-0.19592925459146499,-0.18060566782951354,-0.22089336663484574,-0.15849606543779374,4778.0,0.4843385707045109,False
UC3,30,all,all,dayPeak Spearman across rides,lvlh5_naive,0.7074630328889259,0.7032297492027283,0.7119059234857559,11875.0,False,11875,201,clim,-0.025198745708416626,-0.028334954380989076,-0.021797488629817962,-0.031661543250083926,-0.019231958687305453,9542.0,0.9672579827673593,False
UC3,30,all,all,dayPeak Spearman across rides,lvlh5_tft,0.6953112265494129,0.6895526766777038,0.7012142717838288,6473.0,False,6473,101,clim,-0.0310226728778753,-0.035428328812122344,-0.026771004498004913,-0.04144400507211685,-0.021023434400558472,5278.0,0.535022807906741,False
UC3,30,all,all,dayPeak Spearman across rides,prod_served,0.7248539088016639,0.7195631310343742,0.7303546309471131,7006.0,False,7006,101,clim,-0.010036167727201839,-0.01442587673664093,-0.005837808549404145,-0.020463034510612488,-0.0003781378269195572,5629.0,0.5706031424227065,False
UC3,30,all,all,dayPeak Spearman across rides,prod_served_lin,0.7272247961829449,0.7218251258134842,0.732857970893383,7007.0,False,7007,101,clim,-0.009231055357765694,-0.01359127014875412,-0.004763834178447724,-0.02018997520208359,0.0007788538932800286,5638.0,0.5715154586923467,False
UC3,30,all,all,dayPeak Spearman across rides,wt_med,0.7307032942445012,0.7263630449771881,0.7352884113788605,11410.0,False,11410,201,clim,0.0026605353461603976,0.0003007248044013977,0.004944218695163727,-0.0018874421715736388,0.007340461015701293,9578.0,0.97090724784592,False
UC3,45,all,all,dayPeak Spearman across rides,clim,0.7290440207048625,0.724276527762413,0.7345771208405495,8462.0,False,8462,186,clim,,,,,,,,
UC3,45,all,all,dayPeak Spearman across rides,driver_level,0.6874817172712948,0.6828640177845955,0.692748136818409,10293.0,False,10293,186,clim,-0.038112530582523174,-0.041920948028564456,-0.033975940942764286,-0.048058605194091795,-0.027754485607147217,8169.0,0.9653746159300401,False
UC3,45,all,all,dayPeak Spearman across rides,driver_level_x_h5,0.6874517294809686,0.6828261777758599,0.692692095041275,10293.0,False,10293,186,clim,-0.038148643392269865,-0.04190510213375091,-0.03399407267570496,-0.048117895424365995,-0.027817334234714507,8169.0,0.9653746159300401,False
UC3,45,all,all,dayPeak Spearman across rides,h5,0.7190278704849704,0.7145336881279946,0.7237259045243263,11058.0,False,11058,186,clim,-0.0005147528126312473,-0.0033852919936180116,0.002258847653865814,-0.008810779452323914,0.007069978117942809,8386.0,0.9910186717088159,False
UC3,45,all,all,dayPeak Spearman across rides,lvlh5_cbd,0.5266621097862675,0.5119187384843826,0.5402384176850319,1799.0,False,1799,84,clim,-0.17374813835079306,-0.18777277916669846,-0.15979377776384354,-0.20994394272565842,-0.1380138173699379,1488.0,0.17584495391160482,False
UC3,45,all,all,dayPeak Spearman across rides,lvlh5_naive,0.6964921546303342,0.6919926136732102,0.7016503423452377,10290.0,False,10290,186,clim,-0.030191348378912686,-0.033682920038700104,-0.0263800248503685,-0.039817555248737334,-0.02081252783536911,8169.0,0.9653746159300401,False
UC3,45,all,all,dayPeak Spearman across rides,lvlh5_tft,0.6817509338080615,0.6743417769670487,0.6893374100327492,4402.0,False,4402,73,clim,-0.032879010192558455,-0.038223831355571745,-0.02729763984680176,-0.04808612614870071,-0.018906587362289437,3668.0,0.43346726542188607,False
UC3,45,all,all,dayPeak Spearman across rides,prod_served,0.7061211987799234,0.698966246843338,0.7131766125559806,4874.0,False,4874,85,clim,-0.011992056839479792,-0.017130713164806365,-0.006511010229587559,-0.02875565141439438,0.0017456054687499938,3989.0,0.4714015599149137,False
UC3,45,all,all,dayPeak Spearman across rides,prod_served_lin,0.7074645546290135,0.7004054099321365,0.7143816262483597,4876.0,False,4876,85,clim,-0.01230962522915624,-0.017696678638458252,-0.006764908134937287,-0.02930649071931839,0.002364903688430784,3996.0,0.4722287875206807,False
UC3,45,all,all,dayPeak Spearman across rides,wt_med,0.7247955854899613,0.7202299803495407,0.7297270312905312,9812.0,False,9812,186,clim,0.0006573249971016937,-0.0020482197403907778,0.003139099478721618,-0.0056489303708076475,0.006815646588802337,8202.0,0.9692744032143701,False
UC3,60,all,all,dayPeak Spearman across rides,clim,0.724321302266165,0.7187550112605094,0.7300311222672462,7157.0,False,7157,171,clim,,,,,,,,
UC3,60,all,all,dayPeak Spearman across rides,driver_level,0.6799481786993664,0.6739194929599762,0.6855846971273423,8728.0,False,8728,171,clim,-0.04158913016190935,-0.046138064563274385,-0.03701881468296051,-0.05540992170572281,-0.028365154564380646,6921.0,0.9670252899259466,False
UC3,60,all,all,dayPeak Spearman across rides,driver_level_x_h5,0.6799089299158241,0.6738586544990539,0.6855441272258759,8728.0,False,8728,171,clim,-0.041595803734038594,-0.046193395555019376,-0.03703599572181702,-0.055444690585136416,-0.028411793708801272,6921.0,0.9670252899259466,False
UC3,60,all,all,dayPeak Spearman across rides,h5,0.7145444530875343,0.7098356634378433,0.7197856023907662,9417.0,False,9417,171,clim,-0.0020546932896859937,-0.005122531950473785,0.0012366712093353262,-0.01192520409822464,0.006696933507919307,7091.0,0.9907782590470867,False
UC3,60,all,all,dayPeak Spearman across rides,lvlh5_naive,0.6895372476891773,0.6838057279586792,0.695158702135086,8728.0,False,8728,171,clim,-0.03385111792859741,-0.03842717707157135,-0.029496441781520846,-0.04734334945678711,-0.021630539000034334,6921.0,0.9670252899259466,False
UC3,60,all,all,dayPeak Spearman across rides,lvlh5_tft,0.5853291214003008,0.5035362437367439,0.6637393966317177,53.0,False,53,37,clim,-0.1842275530472408,-0.25695358514785765,-0.11687997281551361,-0.32185444980859756,0.049911439418792725,45.0,0.006287550649713567,False
UC3,60,all,all,dayPeak Spearman across rides,prod_served,0.8251044684868565,0.7665858626365661,0.880117155611515,53.0,False,53,37,clim,0.029884288109280677,-0.001133109629154205,0.0602337509393692,0.0049796998500823975,0.16669555380940437,45.0,0.006287550649713567,True
UC3,60,all,all,dayPeak Spearman across rides,prod_served_lin,0.8336263073524166,0.7762864634394646,0.8867679178714752,53.0,False,53,37,clim,0.03179062496583418,-0.0004564419388771054,0.06314078867435455,0.0051730722188949585,0.17383141070604324,45.0,0.006287550649713567,True
UC3,60,all,all,dayPeak Spearman across rides,wt_med,0.7190631015836508,0.7137574091553688,0.7245879158377647,8375.0,False,8375,171,clim,0.0007934718847258937,-0.0020860925316810606,0.003807897865772247,-0.005964323878288269,0.007629480957984918,6977.0,0.9748497974011457,False
UC3,90,all,all,dayPeak Spearman across rides,clim,0.7258168686330609,0.7190929353237152,0.7327178895473481,4865.0,False,4865,141,clim,,,,,,,,
UC3,90,all,all,dayPeak Spearman across rides,driver_level,0.6802618470226662,0.672577990591526,0.6874046549201012,5930.0,False,5930,141,clim,-0.03887538079355002,-0.04397576451301575,-0.033505325019359586,-0.051334047317504884,-0.025819805264472962,4697.0,0.9654676258992806,False
UC3,90,all,all,dayPeak Spearman across rides,driver_level_x_h5,0.6802016341099055,0.6725458681583405,0.6873827159404755,5930.0,False,5930,141,clim,-0.03889886963781419,-0.04399346560239792,-0.03351867496967316,-0.05136755853891373,-0.025844146311283112,4697.0,0.9654676258992806,False
UC3,90,all,all,dayPeak Spearman across rides,h5,0.7123707752716941,0.7058696910738945,0.7184018149971962,6374.0,False,6374,141,clim,0.002750969580142648,-0.0009163945913314819,0.006079170107841492,-0.003912904858589172,0.009599992632865905,4807.0,0.9880781089414183,False
UC3,90,all,all,dayPeak Spearman across rides,lvlh5_naive,0.6905291934177366,0.6831972151994705,0.6971489831805229,5930.0,False,5930,141,clim,-0.029097465074800488,-0.03414425104856491,-0.02413688600063324,-0.04099478125572205,-0.016666206717491153,4697.0,0.9654676258992806,False
UC3,90,all,all,dayPeak Spearman across rides,wt_med,0.7192714436780604,0.7129682421684265,0.725844469666481,5717.0,False,5717,141,clim,0.0035439216885705394,0.00011982470750808716,0.006899519264698026,-0.003626421093940735,0.010673063993453979,4775.0,0.9815005138746146,False
D4,1,all,all,optimiser regret (min per park-day),clim,30.287064720365812,29.697036695480346,30.917563581466673,11372.0,True,11372,230,wt_med,0.88615874138236,0.4697726249694824,1.301386022567749,0.28327121734619143,1.5502614974975586,11314.0,0.8977227644211696,False
D4,1,all,all,optimiser regret (min per park-day),driver_level,28.233070932791602,27.66333637237549,28.78381848335266,11814.0,True,11814,230,wt_med,-1.2320535638613421,-1.6578444004058839,-0.8230629920959472,-1.9269879817962647,-0.5486836910247807,11799.0,0.9362056653177815,True
D4,1,all,all,optimiser regret (min per park-day),driver_level_x_h5,28.230912476722533,27.66886959075928,28.778129673004152,11814.0,True,11814,230,wt_med,-1.234214763963049,-1.659651803970337,-0.8281385421752929,-1.9282126426696777,-0.5325074195861816,11799.0,0.9362056653177815,True
D4,1,all,all,optimiser regret (min per park-day),h5,28.72360003159308,28.212033367156984,29.24407458305359,12661.0,True,12661,230,wt_med,-0.6632134635230607,-1.0245094299316406,-0.3002714633941651,-1.3937199115753174,-0.013217973709106615,12597.0,0.9995239228755058,True
D4,1,all,all,optimiser regret (min per park-day),lvlh5_cbd,28.983079014956942,28.26225733757019,29.68216633796692,6619.0,True,6619,129,wt_med,-0.07366984993178605,-0.6683775901794433,0.5077867031097412,-1.013592576980591,0.8119971752166747,6597.0,0.5234467983813378,False
D4,1,all,all,optimiser regret (min per park-day),lvlh5_naive,28.956000677564155,28.41851348876953,29.500089931488038,11807.0,True,11807,230,wt_med,-0.4745611803612313,-0.8756395816802979,-0.08628668785095218,-1.2503618240356444,0.15092701911926246,11793.0,0.9357295881932873,False
D4,1,all,all,optimiser regret (min per park-day),lvlh5_tft,27.86051552431166,27.23273015022278,28.476177215576172,8535.0,True,8535,136,wt_med,-0.5841566690190554,-1.0561960220336915,-0.15861611366271974,-1.5392159938812255,0.21830101013183578,8502.0,0.6746012854082362,False
D4,1,all,all,optimiser regret (min per park-day),snaive7,34.51354358130986,33.89313087463379,35.15460386276245,10337.0,True,10337,230,wt_med,4.8403148994071366,4.28694715499878,5.4018086910247805,3.9197953224182127,5.72399492263794,10289.0,0.8163929223200825,False
D4,1,all,all,optimiser regret (min per park-day),wt_med,29.381536142188367,28.87513737678528,29.928196144104003,12603.0,True,12603,230,wt_med,,,,,,,,
D4,3,all,all,optimiser regret (min per park-day),clim,30.520074779667052,29.919209909439086,31.104732942581176,11233.0,True,11233,228,wt_med,0.6353914988814289,0.22876291275024413,1.05270676612854,-0.05421571731567383,1.34796724319458,11175.0,0.8962226321276766,False
D4,3,all,all,optimiser regret (min per park-day),driver_level,28.350042408821036,27.754938983917235,28.916933250427245,11790.0,True,11790,228,wt_med,-1.5235424103348656,-1.9472833633422852,-1.1290687561035158,-2.2300885200500487,-0.8488824844360355,11766.0,0.9436201780415431,True
D4,3,all,all,optimiser regret (min per park-day),driver_level_x_h5,28.350042408821036,27.755066061019896,28.91257209777832,11790.0,True,11790,228,wt_med,-1.5235424103348656,-1.9518746376037597,-1.134729290008545,-2.2366425037384032,-0.852488946914673,11766.0,0.9436201780415431,True
D4,3,all,all,optimiser regret (min per park-day),h5,28.9524758791165,28.433250761032106,29.484529733657837,12541.0,True,12541,228,wt_med,-0.8040686943262969,-1.1423455238342286,-0.43894543647766116,-1.5191693305969238,-0.20281023979187024,12461.0,0.9993584088539578,True
D4,3,all,all,optimiser regret (min per park-day),lvlh5_cbd,29.28675356168536,28.563322687149046,30.06293134689331,6598.0,True,6598,127,wt_med,-0.2897900182592821,-0.8789873123168945,0.34148020744323726,-1.3038717746734618,0.6996445178985592,6572.0,0.5270671264736546,False
D4,3,all,all,optimiser regret (min per park-day),lvlh5_naive,28.93211709800594,28.37439708709717,29.47812294960022,11785.0,True,11785,228,wt_med,-0.9171909539194019,-1.3070234298706054,-0.5178909301757812,-1.7230215549468995,-0.2127096176147462,11762.0,0.943299382468522,True
D4,3,all,all,optimiser regret (min per park-day),lvlh5_tft,27.886682520808563,27.284113216400147,28.510837173461915,8410.0,True,8410,134,wt_med,-1.1214456391875736,-1.570457124710083,-0.6505923271179201,-2.03088264465332,-0.35728507041931157,8370.0,0.6712647365466357,True
D4,3,all,all,optimiser regret (min per park-day),prod_served,33.74950458261085,33.12081613540649,34.38107318878174,8074.0,True,8074,134,wt_med,4.409570506454813,3.8061423778533934,5.065439128875732,3.1067925930023192,5.777542638778686,8056.0,0.6460822840644799,False
D4,3,all,all,optimiser regret (min per park-day),prod_served_lin,33.681958890539875,33.01998405456543,34.32892770767212,8076.0,True,8076,134,wt_med,4.3364155392826085,3.7893678665161135,4.972388410568237,3.0871591567993164,5.574883651733398,8057.0,0.6461624829577352,False
D4,3,all,all,optimiser regret (min per park-day),snaive7,34.33848979986464,33.71485872268677,34.95279150009155,10343.0,True,10343,228,wt_med,4.197739011792226,3.626641941070557,4.792585277557373,3.269999694824219,5.079235458374023,10261.0,0.8229208436923571,False
D4,3,all,all,optimiser regret (min per park-day),wt_med,29.76040580639987,29.226326608657835,30.28971152305603,12469.0,True,12469,228,wt_med,,,,,,,,
D4,7,all,all,optimiser regret (min per park-day),clim,30.52103633548857,29.96652183532715,31.124082136154176,10981.0,True,10981,224,wt_med,0.519562030419646,0.0933687686920166,0.9335050106048582,-0.19144721031188963,1.3097008228302003,10914.0,0.8979020979020979,False
D4,7,all,all,optimiser regret (min per park-day),driver_level,28.816557289819084,28.253646278381346,29.37211389541626,11276.0,True,11276,224,wt_med,-1.1657637655417403,-1.5949788093566895,-0.7555574417114259,-1.9018540382385254,-0.39183893203735376,11260.0,0.9263677498971616,True
D4,7,all,all,optimiser regret (min per park-day),driver_level_x_h5,28.808442710180916,28.246243381500243,29.37668104171753,11276.0,True,11276,224,wt_med,-1.1738898756660738,-1.6016121864318849,-0.7584955692291261,-1.9071975708007813,-0.4013821601867678,11260.0,0.9263677498971616,True
D4,7,all,all,optimiser regret (min per park-day),h5,29.27444562638082,28.747164154052733,29.82978563308716,12221.0,True,12221,224,wt_med,-0.7551037207770825,-1.1184718132019043,-0.39517374038696296,-1.286876392364502,-0.2583878517150881,12148.0,0.9994241053064582,True
D4,7,all,all,optimiser regret (min per park-day),lvlh5_cbd,29.720265360922443,28.988420534133912,30.520498704910278,6331.0,True,6331,123,wt_med,-0.013714919930237102,-0.6417194366455078,0.6178865909576415,-1.117821502685547,1.1145427703857418,6307.0,0.5188811188811189,False
D4,7,all,all,optimiser regret (min per park-day),lvlh5_naive,29.49232475598935,28.924070167541505,30.040696716308595,11270.0,True,11270,224,wt_med,-0.4596623722789879,-0.8598225116729736,-0.06657376289367678,-1.1959280014038085,0.2182605743408203,11255.0,0.9259563965446318,False
D4,7,all,all,optimiser regret (min per park-day),lvlh5_tft,28.67363704256908,28.05009322166443,29.323413467407228,8034.0,True,8034,130,wt_med,-0.33568661751843365,-0.8433998584747314,0.13994956016540525,-1.2474553108215332,0.40941867828369133,8003.0,0.6584121760592349,False
D4,7,all,all,optimiser regret (min per park-day),prod_served,34.58563144329897,33.93462562561035,35.26668691635132,7760.0,True,7760,130,wt_med,5.328791010074916,4.737757444381714,5.976120615005493,4.040925788879394,6.743129873275756,7742.0,0.6369395310571782,False
D4,7,all,all,optimiser regret (min per park-day),prod_served_lin,33.989367186493105,33.3196943283081,34.6184344291687,7759.0,True,7759,130,wt_med,4.741247900788011,4.126819324493408,5.367581605911255,3.57342586517334,6.04672474861145,7741.0,0.6368572603866721,False
D4,7,all,all,optimiser regret (min per park-day),wt_med,30.04109419991773,29.498999881744385,30.600638246536256,12155.0,True,12155,224,wt_med,,,,,,,,
D4,14,all,all,optimiser regret (min per park-day),clim,31.012036250354008,30.38241310119629,31.583982515335084,10593.0,True,10593,217,wt_med,0.2646835202432989,-0.15937657356262205,0.7434464454650878,-0.35147547721862793,0.9036881923675537,10522.0,0.9000085535882303,False
D4,14,all,all,optimiser regret (min per park-day),driver_level,29.347210619140444,28.75904245376587,29.888656330108642,10773.0,True,10773,217,wt_med,-1.4665830079940498,-1.9105292320251466,-1.0231613159179689,-2.312376308441162,-0.6172277450561524,10758.0,0.92019502181165,True
D4,14,all,all,optimiser regret (min per park-day),driver_level_x_h5,29.353801169590643,28.761476516723633,29.89448175430298,10773.0,True,10773,217,wt_med,-1.460540992749582,-1.9055442333221435,-1.0222695827484134,-2.3036213874816895,-0.6118520736694337,10758.0,0.92019502181165,True
D4,14,all,all,optimiser regret (min per park-day),h5,29.830951773411584,29.247705221176147,30.366416358947752,11757.0,True,11757,217,wt_med,-0.9869029275808927,-1.374402141571045,-0.6082345962524415,-1.685124683380127,-0.3865801811218262,11682.0,0.9992301770592764,True
D4,14,all,all,optimiser regret (min per park-day),lvlh5_cbd,30.648715330951166,29.854653215408327,31.445149183273315,5877.0,True,5877,116,wt_med,0.06264936838511304,-0.6108412265777587,0.7026147365570067,-1.0501725196838378,1.144270896911621,5858.0,0.5010691985287828,False
D4,14,all,all,optimiser regret (min per park-day),lvlh5_naive,30.184963313829293,29.59479260444641,30.747571802139284,10767.0,True,10767,217,wt_med,-0.584100418410042,-1.0344528198242187,-0.1515213966369629,-1.405257225036621,0.2036147594451904,10755.0,0.9199384141647421,False
D4,14,all,all,optimiser regret (min per park-day),lvlh5_tft,29.592010652463383,28.939023780822755,30.261249256134032,7510.0,True,7510,123,wt_med,-0.2309902445543237,-0.7418125629425049,0.2750632286071777,-1.1269304752349854,0.636970281600952,7483.0,0.64006500727055,False
D4,14,all,all,optimiser regret (min per park-day),prod_served,34.95381443298969,34.27076406478882,35.655825519561766,7275.0,True,7275,123,wt_med,4.901116317530324,4.260693883895874,5.57704005241394,3.4277703762054443,6.4634813308715815,7256.0,0.6206483619878539,False
D4,14,all,all,optimiser regret (min per park-day),prod_served_lin,34.55238553554242,33.89663181304932,35.258222579956055,7273.0,True,7273,123,wt_med,4.5137854976564675,3.915710926055908,5.143298244476318,3.156707525253296,5.941195869445801,7254.0,0.6204772902232486,False
D4,14,all,all,optimiser regret (min per park-day),wt_med,30.834060388332905,30.252735137939453,31.36733012199402,11691.0,True,11691,217,wt_med,,,,,,,,
D4,30,all,all,optimiser regret (min per park-day),clim,31.47671403381392,30.890907573699952,32.04386682510376,9641.0,True,9641,201,clim,,,,,,,,
D4,30,all,all,optimiser regret (min per park-day),driver_level,30.070593022073034,29.481058502197264,30.67779121398926,9831.0,True,9831,201,clim,-1.4179657691049812,-1.951171064376831,-0.9020040035247804,-2.434789848327637,-0.5105401515960695,9173.0,0.9514573177056322,True
D4,30,all,all,optimiser regret (min per park-day),driver_level_x_h5,30.05528430475028,29.453837823867797,30.67059898376465,9831.0,True,9831,201,clim,-1.4422762455031055,-1.9668966293334962,-0.9147044658660889,-2.4586607456207275,-0.531082582473755,9173.0,0.9514573177056322,True
D4,30,all,all,optimiser regret (min per park-day),h5,30.440584838889922,29.891147327423095,31.019542932510376,10738.0,True,10738,201,clim,-1.1375248665061264,-1.6266980171203613,-0.6272894382476807,-2.111005973815918,-0.21155791282653844,9551.0,0.9906648687895446,True
D4,30,all,all,optimiser regret (min per park-day),lvlh5_cbd,31.004596527068436,30.208719968795776,31.836118268966676,4895.0,True,4895,100,clim,-0.4238643634037125,-1.21924786567688,0.34616436958312974,-2.137039375305176,0.9818923950195312,4689.0,0.48636033606472356,False
D4,30,all,all,optimiser regret (min per park-day),lvlh5_naive,31.068681318681318,30.486683130264282,31.629743242263793,9828.0,True,9828,201,clim,-0.40567066521265005,-0.9339118003845215,0.11173758506774896,-1.3753357887268065,0.5723066806793211,9170.0,0.9511461466652836,False
D4,30,all,all,optimiser regret (min per park-day),lvlh5_tft,30.278761061946902,29.560807466506958,31.044698095321657,5198.0,True,5198,91,clim,-0.4608651911468833,-1.1563549995422362,0.2388878345489501,-1.7786856651306153,0.8199955463409423,4970.0,0.5155066901773675,False
D4,30,all,all,optimiser regret (min per park-day),prod_served,36.159529498253995,35.41356353759765,36.99982843399048,5441.0,True,5441,100,clim,5.395551801801805,4.639833736419678,6.191995525360108,3.558090829849243,7.188768196105956,5328.0,0.5526397676589565,False
D4,30,all,all,optimiser regret (min per park-day),prod_served_lin,35.83030135979419,35.01260442733765,36.6602126121521,5442.0,True,5442,100,clim,5.149559016701065,4.3221550464630125,5.9293383121490475,3.3538471698760985,6.8440848827362055,5329.0,0.5527434913390727,False
D4,30,all,all,optimiser regret (min per park-day),wt_med,31.59616649440947,31.009813165664674,32.165299797058104,10643.0,True,10643,201,clim,0.040316661423929645,-0.41614737510681155,0.4937883853912351,-0.7761956691741942,0.8175581455230713,9537.0,0.9892127372679183,False
D1,0-120,all,all,next-best precision,clim,0.4096559133928638,0.40488216653466225,0.4146440714597702,403939.0,False,17774,231,snaive7,-0.023194488777533273,-0.027330227196216583,-0.019233641028404237,-0.04181443452835083,-0.006754787266254426,365634.0,0.9338389345334417,False
D1,0-120,all,all,next-best precision,h5,0.40034811948531873,0.395190616697073,0.40543693900108335,373435.0,False,18927,231,snaive7,-0.017700657556375177,-0.021783015877008437,-0.013689505308866501,-0.03636259213089943,5.571991205214864e-05,324908.0,0.9770071835188825,False
D1,0-120,all,all,next-best precision,lvlh5_naive,0.43088321123652124,0.425175554305315,0.43658765181899073,313549.0,False,17637,231,snaive7,0.0025807396622218315,-0.0013178057968616485,0.006427246332168578,-0.011393097788095474,0.017257969826459885,285764.0,0.9652121372068312,False
D1,0-120,all,all,next-best precision,lvlh5_tft,0.39048381004983085,0.38460147827863694,0.39727516695857046,246233.0,False,13451,231,snaive7,-0.013721557112132854,-0.018658866733312608,-0.00863647535443306,-0.03317082300782204,0.006609261035919184,209570.0,0.6730931727632818,False
D1,0-120,all,all,next-best precision,snaive7,0.4553397181690014,0.45082576051354406,0.45993711724877356,431961.0,False,17476,231,snaive7,,,,,,,,
D1,0-120,all,all,next-best precision,wt_med,0.4063517275882415,0.40158439949154856,0.4111282840371132,445737.0,False,19480,231,snaive7,-0.01854365151133852,-0.022222325205802917,-0.015036772191524507,-0.03356327936053276,-0.003508669883012772,395582.0,0.9886702734737627,False
D1,0-60,all,all,next-best precision,clim,0.3313996527080243,0.3268751256167889,0.33589867800474166,363383.0,False,17460,231,snaive7,-0.01960025572385493,-0.023414847999811174,-0.01591074913740158,-0.03625434264540672,-0.004645057767629627,326791.0,0.9257865067339175,False
D1,0-60,all,all,next-best precision,h5,0.32014333005066387,0.3153702668845654,0.3249171443283558,337124.0,False,18556,231,snaive7,-0.017374374157518246,-0.021015535295009612,-0.013769424706697467,-0.03335842490196228,-0.0010311581194400793,290301.0,0.9689450372458225,False
D1,0-60,all,all,next-best precision,lvlh5_naive,0.3459671625576057,0.340474870800972,0.351302532106638,285345.0,False,17326,231,snaive7,-0.0006949399426520175,-0.004303592443466187,0.002693033218383788,-0.013675694912672042,0.012495044618844986,257683.0,0.9610402339652231,False
D1,0-60,all,all,next-best precision,lvlh5_tft,0.31075464754091003,0.30535898655653,0.3168650738894939,222806.0,False,13192,231,snaive7,-0.014380037449523098,-0.019064053893089294,-0.009760113805532456,-0.03153094202280045,0.0042276628315448764,187283.0,0.6647213715787355,False
D1,0-60,all,all,next-best precision,snaive7,0.371141640087737,0.3669331826269627,0.37560986652970313,377492.0,False,17267,231,snaive7,,,,,,,,
D1,0-60,all,all,next-best precision,wt_med,0.3284566638391298,0.32412963956594465,0.3329582020640373,400820.0,False,19246,231,snaive7,-0.015291701839054594,-0.01872161403298378,-0.012082145363092423,-0.029085537791252135,-0.0018329739570617722,352992.0,0.9849374291375711,False
D1,0-120,all,all,next-best precision (top-3),clim,0.4851191718495638,0.48074305802583694,0.49009327590465546,167699.0,False,17774,231,snaive7,-0.014210209767075321,-0.017695175111293794,-0.010895049571990967,-0.025430749356746673,-0.003982451558113099,150366.0,0.917306166418589,False
D1,0-120,all,all,next-best precision (top-3),h5,0.4775505142951617,0.47314056009054184,0.482289956510067,169358.0,False,18927,231,snaive7,-0.01107509524857142,-0.014421972632408141,-0.007472378015518189,-0.02342507317662239,0.0018454894423484802,148946.0,0.9684294658318903,False
D1,0-120,all,all,next-best precision (top-3),lvlh5_naive,0.49236022193768675,0.48754691854119303,0.49744235426187516,152295.0,False,17637,231,snaive7,-0.00640480426700496,-0.009788689017295838,-0.0030684575438499452,-0.01809265837073326,0.004390555620193479,139079.0,0.9499076224509299,False
D1,0-120,all,all,next-best precision (top-3),lvlh5_tft,0.4566126765276755,0.4510594055056572,0.46237419322133066,119528.0,False,13451,231,snaive7,-0.020414991214148914,-0.024363747239112853,-0.01631275564432144,-0.03519228622317314,-0.004592625796794896,103590.0,0.684103532355309,False
D1,0-120,all,all,next-best precision (top-3),snaive7,0.5255848164901165,0.5217292666435241,0.5297947481274605,172661.0,False,17476,231,snaive7,,,,,,,,
D1,0-120,all,all,next-best precision (top-3),wt_med,0.48657018704758437,0.48219440281391146,0.4909222736954689,186637.0,False,19480,231,snaive7,-0.005589351821708166,-0.008794209361076355,-0.0024521291255950946,-0.015444953739643098,0.004428446292877195,165612.0,0.9841191699341484,False
D1,0-60,all,all,next-best precision (top-3),clim,0.40492441637362153,0.4006399467587471,0.4095297545194626,158963.0,False,17460,231,snaive7,-0.007707836966973303,-0.011046081781387329,-0.004587269574403763,-0.017713844031095504,0.0019680961966514524,141660.0,0.9084909703091522,False
D1,0-60,all,all,next-best precision (top-3),h5,0.3968265862385493,0.3923349969089031,0.4015312701463699,160143.0,False,18556,231,snaive7,-0.005399068534671536,-0.008735133707523346,-0.002071657031774521,-0.016653895378112793,0.00686745420098304,139705.0,0.9587266605448423,False
D1,0-60,all,all,next-best precision (top-3),lvlh5_naive,0.40827187713829544,0.4035205602645874,0.4130997329950333,144683.0,False,17326,231,snaive7,-0.003589681125157951,-0.0070227071642875675,-0.00048516616225242643,-0.01479056105017662,0.007107586413621902,131165.0,0.9449035812672176,False
D1,0-60,all,all,next-best precision (top-3),lvlh5_tft,0.37617917243935367,0.3709332078695297,0.3818226709961891,113321.0,False,13192,231,snaive7,-0.014692082434140052,-0.018876203149557114,-0.010778247565031051,-0.028379617631435393,9.640678763389503e-05,97332.0,0.6768962350780533,False
D1,0-60,all,all,next-best precision (top-3),snaive7,0.43650443832262015,0.43267938047647475,0.4406376048922539,163350.0,False,17267,231,snaive7,,,,,,,,
D1,0-60,all,all,next-best precision (top-3),wt_med,0.4060863283366444,0.4018397808074951,0.4103075183928013,177184.0,False,19246,231,snaive7,0.0004756826410949322,-0.0026444658637046815,0.0034610912203788748,-0.008535295724868774,0.009854856878519053,156162.0,0.9790511172329354,False
D1,0-120,all,all,next-best recall,clim,0.46932761549828267,0.46409173533320425,0.4746584892272949,352581.0,False,18579,231,snaive7,-0.088527175315743,-0.09431662037968636,-0.08266054317355156,-0.10711608529090881,-0.06895295381546021,352581.0,1.0,False
D1,0-120,all,all,next-best recall,h5,0.42402738661470696,0.41916012242436407,0.42933703362941744,352581.0,False,18579,231,snaive7,-0.1338274041993187,-0.1393630564212799,-0.12844593971967697,-0.1571425288915634,-0.10607665181159973,352581.0,1.0,False
D1,0-120,all,all,next-best recall,lvlh5_naive,0.38318287145365176,0.3785800725221634,0.3877190172672272,352581.0,False,18579,231,snaive7,-0.1746719193603739,-0.17943473011255265,-0.1698562353849411,-0.1959822230041027,-0.15176498219370843,352581.0,1.0,False
D1,0-120,all,all,next-best recall,lvlh5_tft,0.2727032937112323,0.2676416374742985,0.27765378877520563,352581.0,False,18579,231,snaive7,-0.28515149710279336,-0.2915229260921478,-0.27887766882777215,-0.3196119651198387,-0.24766333103179933,352581.0,1.0,False
D1,0-120,all,all,next-best recall,snaive7,0.5578547908140257,0.552639240026474,0.5635730758309364,352581.0,False,18579,231,snaive7,,,,,,,,
D1,0-120,all,all,next-best recall,wt_med,0.5137145790612654,0.5084757044911384,0.5188809409737587,352581.0,False,18579,231,snaive7,-0.04414021175276028,-0.04983605295419693,-0.039069801568984985,-0.06418096497654915,-0.020241968333721164,352581.0,1.0,False
D1,0-60,all,all,next-best recall,clim,0.44116246354937505,0.4355452321469784,0.4465308621525764,272972.0,False,18236,231,snaive7,-0.07208797971953163,-0.07769114822149277,-0.06637223288416863,-0.09131079092621804,-0.05343779027462007,272972.0,1.0,False
D1,0-60,all,all,next-best recall,h5,0.3953812112597629,0.3903748355805874,0.4006678320467472,272972.0,False,18236,231,snaive7,-0.11786923200914379,-0.12362112328410149,-0.11230641901493073,-0.13858914375305176,-0.09313523694872856,272972.0,1.0,False
D1,0-60,all,all,next-best recall,lvlh5_naive,0.36164881379775216,0.3567227624356747,0.36640044003725053,272972.0,False,18236,231,snaive7,-0.15160162947115452,-0.1567058138549328,-0.14697412103414537,-0.16958891302347184,-0.13075211271643639,272972.0,1.0,False
D1,0-60,all,all,next-best recall,lvlh5_tft,0.25364506249725244,0.2486600462347269,0.2584628060460091,272972.0,False,18236,231,snaive7,-0.25960538077165424,-0.26601547598838804,-0.25311293751001357,-0.2908302880823612,-0.22449636831879616,272972.0,1.0,False
D1,0-60,all,all,next-best recall,snaive7,0.5132504432689067,0.5080138176679612,0.5187991172075271,272972.0,False,18236,231,snaive7,,,,,,,,
D1,0-60,all,all,next-best recall,wt_med,0.4822912240083232,0.47678774446249006,0.4875351242721081,272972.0,False,18236,231,snaive7,-0.03095921926058348,-0.036323031038045885,-0.02548051476478577,-0.049041032791137695,-0.010647231340408344,272972.0,1.0,False
UC4,1,all,all,UC4 Spearman within park-month,lvl_cbd,0.18354123481793014,0.15244012773036958,0.21373920403420926,315.0,False,315,9,lvl_snaive7,-0.09659508727497243,-0.12634766921401025,-0.06587266139686107,-0.12926578857004642,-0.06120021790266038,311.0,0.5262267343485617,False
UC4,1,all,all,UC4 Spearman within park-month,lvl_clim,0.1750484340079451,0.14884736351668834,0.2026297017931938,604.0,False,604,9,lvl_snaive7,-0.10725479774318158,-0.1363846968859434,-0.07831786759197712,-0.13905261345207692,-0.07697643302381038,585.0,0.9898477157360406,False
UC4,1,all,all,UC4 Spearman within park-month,lvl_driver_level,0.33942426304840523,0.3149262607097626,0.3638292275369167,607.0,False,607,9,lvl_snaive7,0.06494340137281857,0.04150157868862152,0.08576348274946212,0.040778690576553346,0.08798223286867142,591.0,1.0,True
UC4,1,all,all,UC4 Spearman within park-month,lvl_naive4,0.252465984804151,0.22709787972271442,0.27818255349993704,605.0,False,605,9,lvl_snaive7,-0.02422668189945082,-0.043379323184490205,-0.0032663702964782736,-0.04450553730130195,-0.003985535353422167,590.0,0.9983079526226735,False
UC4,1,all,all,UC4 Spearman within park-month,lvl_snaive7,0.277844792388815,0.25450460985302925,0.30114628151059153,591.0,False,591,9,lvl_snaive7,,,,,,,,
UC4,1,all,all,UC4 Spearman within park-month,lvl_tft,0.2990748445060663,0.27121117189526556,0.32470002993941305,424.0,False,424,9,lvl_snaive7,-0.004133901577983323,-0.032439783215522766,0.024788605421781535,-0.034444015473127365,0.027352107316255567,410.0,0.6937394247038917,False
UC4,1,all,all,UC4 Spearman within park-month,lvl_wt56,0.13487447698614702,0.10742678102105856,0.1630159541964531,605.0,False,605,9,lvl_snaive7,-0.14446561634010763,-0.17058613672852516,-0.11570227518677713,-0.1759965516626835,-0.11147990860044957,588.0,0.9949238578680203,False
UC4,2,all,all,UC4 Spearman within park-month,lvl_cbd,0.16103951193683377,0.13142366521060467,0.1904070522636175,304.0,False,304,9,lvl_snaive7,-0.11818226821422445,-0.15114955678582193,-0.08378666304051877,-0.15317833758890628,-0.08054226450622083,300.0,0.5514705882352942,False
UC4,2,all,all,UC4 Spearman within park-month,lvl_clim,0.16573090389674322,0.13868155628442763,0.19432945549488068,554.0,False,554,9,lvl_snaive7,-0.10607646352077438,-0.1387786850333214,-0.07761262767016888,-0.14137670993804932,-0.07164163142442703,538.0,0.9889705882352942,False
UC4,2,all,all,UC4 Spearman within park-month,lvl_driver_level,0.3214642024577445,0.29631638526916504,0.34492653533816336,557.0,False,557,9,lvl_snaive7,0.05510333496386299,0.032214193046092986,0.07755741029977799,0.0315559022128582,0.07862638533115388,544.0,1.0,True
UC4,2,all,all,UC4 Spearman within park-month,lvl_naive4,0.23504796208119352,0.20899336226284504,0.2610306777060032,555.0,False,555,9,lvl_snaive7,-0.03171487641239856,-0.05200182683765888,-0.009176737070083619,-0.052258200198411944,-0.010139515623450286,543.0,0.9981617647058824,False
UC4,2,all,all,UC4 Spearman within park-month,lvl_snaive7,0.2684512358535581,0.2461498614400625,0.29245639890432357,544.0,False,544,9,lvl_snaive7,,,,,,,,
UC4,2,all,all,UC4 Spearman within park-month,lvl_tft,0.28625856049980153,0.25657684803009034,0.311595818400383,377.0,False,377,9,lvl_snaive7,0.0021951425304410632,-0.027895694226026533,0.03229034096002579,-0.030438147485256195,0.033675394952297204,365.0,0.6709558823529411,False
UC4,2,all,all,UC4 Spearman within park-month,lvl_wt56,0.12037584452014459,0.09130262415856123,0.14972442016005516,555.0,False,555,9,lvl_snaive7,-0.14872992012186026,-0.1768569268286228,-0.1172964096069336,-0.1809462361037731,-0.11647343635559082,541.0,0.9944852941176471,False
UC4,3,all,all,UC4 Spearman within park-month,lvl_cbd,0.17762956846542766,0.14646836146712303,0.20518053025007246,312.0,False,312,9,lvl_snaive7,-0.09822647586728378,-0.1304824072867632,-0.0672311957925558,-0.13138022162020208,-0.06480213440954687,309.0,0.5988372093023255,False
UC4,3,all,all,UC4 Spearman within park-month,lvl_clim,0.1554079390183978,0.12746102474629878,0.1840826503932476,526.0,False,526,9,lvl_snaive7,-0.11454262753469976,-0.1462840985506773,-0.08487388826906682,-0.14909425266087056,-0.07963103540241719,510.0,0.9883720930232558,False
UC4,3,all,all,UC4 Spearman within park-month,lvl_driver_level,0.3161053025849097,0.2917767889797688,0.33965435475111005,529.0,False,529,9,lvl_snaive7,0.051501549236741995,0.029746329784393313,0.0735022023320198,0.026333068311214448,0.07391995415091514,516.0,1.0,True
UC4,3,all,all,UC4 Spearman within park-month,lvl_naive4,0.23071019104863558,0.20586820505559444,0.2569470688700676,527.0,False,527,9,lvl_snaive7,-0.034245882535937106,-0.05350797958672047,-0.012537892162799838,-0.05577019900083542,-0.013795709609985352,515.0,0.998062015503876,False
UC4,3,all,all,UC4 Spearman within park-month,lvl_snaive7,0.26678461451937185,0.24307777769863606,0.29104299694299696,516.0,False,516,9,lvl_snaive7,,,,,,,,
UC4,3,all,all,UC4 Spearman within park-month,lvl_tft,0.2737765707789429,0.24472994320094585,0.30012593865394593,377.0,False,377,9,lvl_snaive7,-0.008642852239137133,-0.03735237717628479,0.019940812140703187,-0.04093950055539608,0.02380842044949531,365.0,0.7073643410852714,False
UC4,3,all,all,UC4 Spearman within park-month,lvl_wt56,0.111632602306029,0.08330969382077455,0.14062389284372329,527.0,False,527,9,lvl_snaive7,-0.15559259569759287,-0.1828309502452612,-0.12520269844681026,-0.18814891949295998,-0.12255035154521465,513.0,0.9941860465116279,False
UC4,4,all,all,UC4 Spearman within park-month,lvl_cbd,0.19387975207682753,0.16334073208272457,0.22503537982702254,313.0,False,313,9,lvl_snaive7,-0.08205859351249573,-0.11091411560773849,-0.052889627218246464,-0.11366684027016163,-0.0501792933791876,309.0,0.5988372093023255,False
UC4,4,all,all,UC4 Spearman within park-month,lvl_clim,0.1511166654567051,0.12194111123681069,0.17962598912417888,526.0,False,526,9,lvl_snaive7,-0.11984378552255137,-0.15200718864798546,-0.08894174546003342,-0.1542265735566616,-0.08621396273374558,510.0,0.9883720930232558,False
UC4,4,all,all,UC4 Spearman within park-month,lvl_driver_level,0.31721337055268595,0.293119702488184,0.3399966791272163,529.0,False,529,9,lvl_snaive7,0.05202710853807463,0.030346301943063737,0.07309793978929519,0.027953297644853593,0.07501584589481353,516.0,1.0,True
UC4,4,all,all,UC4 Spearman within park-month,lvl_naive4,0.23038082354206035,0.20539139956235886,0.2563680447638035,527.0,False,527,9,lvl_snaive7,-0.035366297807383595,-0.05464992336928844,-0.013436607271432881,-0.05700338743627072,-0.014941431209445001,515.0,0.998062015503876,False
UC4,4,all,all,UC4 Spearman within park-month,lvl_snaive7,0.26804319555782147,0.24410127624869346,0.2918420672416687,516.0,False,516,9,lvl_snaive7,,,,,,,,
UC4,4,all,all,UC4 Spearman within park-month,lvl_tft,0.28200572482768765,0.2528533063828945,0.30808406621217727,376.0,False,376,9,lvl_snaive7,0.0018809296785339824,-0.025545737147331236,0.030176185071468353,-0.02694447711110115,0.03057314828038215,365.0,0.7073643410852714,False
UC4,4,all,all,UC4 Spearman within park-month,lvl_wt56,0.10925067700398738,0.08129738997668028,0.1388067115098238,526.0,False,526,9,lvl_snaive7,-0.16055037617613133,-0.18761685043573378,-0.12911553643643855,-0.19323315247893333,-0.1277334351092577,513.0,0.9941860465116279,False
UC4,5,all,all,UC4 Spearman within park-month,lvl_cbd,0.22246328800301438,0.19045141898095608,0.2538654193282127,314.0,False,314,9,lvl_snaive7,-0.049099326514637276,-0.07506787031888962,-0.02357331551611424,-0.0752752136439085,-0.02172505781054497,310.0,0.6019417475728155,False
UC4,5,all,all,UC4 Spearman within park-month,lvl_clim,0.14410441199000287,0.11609010696411133,0.173244159668684,522.0,False,522,9,lvl_snaive7,-0.12196106017902969,-0.1547732800245285,-0.09105108492076397,-0.15728603750467302,-0.08791152574121952,512.0,0.9941747572815534,False
UC4,5,all,all,UC4 Spearman within park-month,lvl_driver_level,0.3160319177857419,0.29221840798854826,0.3389039203524589,524.0,False,524,9,lvl_snaive7,0.04805471190371785,0.02649447172880173,0.06991049796342849,0.022900314629077913,0.07232461571693419,515.0,1.0,True
UC4,5,all,all,UC4 Spearman within park-month,lvl_naive4,0.2311266715884123,0.2053771812468767,0.2575160421431064,522.0,False,522,9,lvl_snaive7,-0.035653437886155825,-0.05489010289311409,-0.013456350564956667,-0.05690322145819664,-0.015190485119819644,514.0,0.9980582524271845,False
UC4,5,all,all,UC4 Spearman within park-month,lvl_snaive7,0.26983368657171475,0.24632491543889046,0.2936875969171524,515.0,False,515,9,lvl_snaive7,,,,,,,,
UC4,5,all,all,UC4 Spearman within park-month,lvl_tft,0.25687904354320784,0.2294670023024082,0.28156839236617087,372.0,False,372,9,lvl_snaive7,-0.027398252260769085,-0.05132257454097271,0.0004906736314296683,-0.05512356050312519,0.0016684845089912394,364.0,0.7067961165048544,False
UC4,5,all,all,UC4 Spearman within park-month,lvl_wt56,0.10176729751690361,0.07404428515583276,0.1304468121379614,521.0,False,521,9,lvl_snaive7,-0.16487176684653987,-0.19332744292914866,-0.13437118902802467,-0.1984027985483408,-0.13205427452921867,512.0,0.9941747572815534,False
UC4,6,all,all,UC4 Spearman within park-month,lvl_cbd,0.12732670564325363,0.0941832622513175,0.15830509103834628,312.0,False,312,9,lvl_snaive7,-0.1411336100809832,-0.17693997845053672,-0.10727023072540762,-0.17895756885409356,-0.1023924097418785,308.0,0.5980582524271845,False
UC4,6,all,all,UC4 Spearman within park-month,lvl_clim,0.13271179042379222,0.10557158142328263,0.16119796112179754,520.0,False,520,9,lvl_snaive7,-0.13212131706182217,-0.1655698288232088,-0.10026162788271904,-0.16821469366550446,-0.09568242691457272,512.0,0.9941747572815534,False
UC4,6,all,all,UC4 Spearman within park-month,lvl_driver_level,0.3107743408180345,0.2855906553566456,0.33594242855906487,522.0,False,522,9,lvl_snaive7,0.04216064926420354,0.020034562796354294,0.06368667855858802,0.015579843521118164,0.06693692952394485,515.0,1.0,True
UC4,6,all,all,UC4 Spearman within park-month,lvl_naive4,0.23010397330093801,0.20457829348742962,0.256691537797451,520.0,False,520,9,lvl_snaive7,-0.03585091234682297,-0.05536248385906219,-0.013817820698022846,-0.05710587427020073,-0.015320013836026197,514.0,0.9980582524271845,False
UC4,6,all,all,UC4 Spearman within park-month,lvl_snaive7,0.26911542188242904,0.2460858967155218,0.2930122040212154,515.0,False,515,9,lvl_snaive7,,,,,,,,
UC4,6,all,all,UC4 Spearman within park-month,lvl_tft,0.24611579583118198,0.2167241632938385,0.27188116014003755,372.0,False,372,9,lvl_snaive7,-0.037603598986208964,-0.06405472382903099,-0.010814236849546433,-0.06762797757983208,-0.00848649814724924,364.0,0.7067961165048544,False
UC4,6,all,all,UC4 Spearman within park-month,lvl_wt56,0.09710012637950871,0.06890207640826702,0.12627759613096712,519.0,False,519,9,lvl_snaive7,-0.168704701313468,-0.1977709211409092,-0.13676357604563236,-0.20402471534907818,-0.13462234996259212,512.0,0.9941747572815534,False
UC4,7,all,all,UC4 Spearman within park-month,lvl_cbd,0.08075360710526627,0.047259194683283566,0.11274771764874458,305.0,False,305,9,lvl_naive4,-0.0966607770333094,-0.13624909669160842,-0.058420815132558354,-0.13444846794009208,-0.060652813501656064,304.0,0.5834932821497121,False
UC4,7,all,all,UC4 Spearman within park-month,lvl_clim,0.1306784707499711,0.102280418202281,0.15937313325703145,520.0,False,520,9,lvl_naive4,-0.03719970537798614,-0.06746789515018463,-0.008499061688780785,-0.06842207349836826,-0.007312043756246567,519.0,0.9961612284069098,False
UC4,7,all,all,UC4 Spearman within park-month,lvl_driver_level,0.2716219013460814,0.24541405253112317,0.2974769756197929,522.0,False,522,9,lvl_naive4,0.09968626156616142,0.0792176727205515,0.12059880010783672,0.07671062536537647,0.12172412201762199,521.0,1.0,True
UC4,7,all,all,UC4 Spearman within park-month,lvl_naive4,0.17187151662660144,0.1450630161911249,0.20084704756736754,521.0,False,521,9,lvl_naive4,,,,,,,,
UC4,7,all,all,UC4 Spearman within park-month,lvl_tft,0.19398147690357662,0.16705508343875408,0.21956470757722854,372.0,False,372,9,lvl_naive4,-0.011034156642800413,-0.04315085522830486,0.019194979593157756,-0.04225676581263542,0.017049486562609666,371.0,0.7120921305182342,False
UC4,7,all,all,UC4 Spearman within park-month,lvl_wt56,0.07473795967806696,0.04400910465046763,0.10391039121896029,519.0,False,519,9,lvl_naive4,-0.09452262203991094,-0.11569830719381571,-0.07282911203801631,-0.11683169193565845,-0.07264422513544559,519.0,0.9961612284069098,False
UC4,10,all,all,UC4 Spearman within park-month,lvl_cbd,0.07447061592626782,0.041526781767606734,0.10689605958759783,310.0,False,310,8,lvl_naive4,-0.10543888000424526,-0.14333956204354764,-0.06597745437175036,-0.14011839926242828,-0.07017774730920792,307.0,0.5892514395393474,False
UC4,10,all,all,UC4 Spearman within park-month,lvl_clim,0.12425831344443952,0.09348187129944563,0.1543663665652275,520.0,False,520,8,lvl_naive4,-0.04922590946024913,-0.08053024597465992,-0.02074608728289606,-0.08081405088305474,-0.020230670645833018,519.0,0.9961612284069098,False
UC4,10,all,all,UC4 Spearman within park-month,lvl_driver_level,0.260766934887795,0.2339141808450222,0.2875762201845646,522.0,False,522,8,lvl_naive4,0.08512388842178906,0.06402469724416733,0.10618779882788658,0.06162189841270447,0.10641418807208537,521.0,1.0,True
UC4,10,all,all,UC4 Spearman within park-month,lvl_naive4,0.17555808844424545,0.1493559554219246,0.20445261374115944,521.0,False,521,8,lvl_naive4,,,,,,,,
UC4,10,all,all,UC4 Spearman within park-month,lvl_tft,0.18944028954916134,0.1595901720225811,0.21733677051961423,370.0,False,370,8,lvl_naive4,-0.021253327492436053,-0.05349170714616776,0.009226910769939421,-0.05144756995141506,0.006362480670213696,369.0,0.708253358925144,False
UC4,10,all,all,UC4 Spearman within park-month,lvl_wt56,0.07456524843303099,0.04349798746407032,0.10563797391951082,519.0,False,519,8,lvl_naive4,-0.09997843702544951,-0.1220449136570096,-0.07766462713479996,-0.12366945948451757,-0.07589406780898571,519.0,0.9961612284069098,False
UC4,14,all,all,UC4 Spearman within park-month,lvl_cbd,0.03625527890573741,0.0037197623634710915,0.069137910194695,272.0,False,272,8,lvl_naive4,-0.0837453533157195,-0.1204561622813344,-0.044576644897460944,-0.11941041219979524,-0.04703591112047435,271.0,0.5251937984496124,False
UC4,14,all,all,UC4 Spearman within park-month,lvl_clim,0.1154871227197938,0.08488546684384346,0.14456416890025137,518.0,False,518,8,lvl_naive4,-0.027335742945532232,-0.055258980765938756,-0.000121193937957295,-0.05845571188256145,0.001104926131665706,515.0,0.998062015503876,False
UC4,14,all,all,UC4 Spearman within park-month,lvl_driver_level,0.2403161927507713,0.2136202696710825,0.26825021356344225,518.0,False,518,8,lvl_naive4,0.09622169299346203,0.07333902530372143,0.11904338225722312,0.0699640665203333,0.12212523259222507,516.0,1.0,True
UC4,14,all,all,UC4 Spearman within park-month,lvl_naive4,0.14495737158360866,0.1191002830862999,0.17299079075455664,516.0,False,516,8,lvl_naive4,,,,,,,,
UC4,14,all,all,UC4 Spearman within park-month,lvl_tft,0.14530965894754802,0.1187781397253275,0.17387145832180975,370.0,False,370,8,lvl_naive4,-0.014467186775668495,-0.045441678166389464,0.015706947073340412,-0.04706259183585644,0.017682129330933084,369.0,0.7151162790697675,False
UC4,14,all,all,UC4 Spearman within park-month,lvl_wt56,0.05729755320485184,0.027471582964062692,0.08838778920471668,517.0,False,517,8,lvl_naive4,-0.08569056544139514,-0.10730810929089785,-0.0631664987653494,-0.10951176192611456,-0.06264275312423707,515.0,0.998062015503876,False
UC4,21,all,all,UC4 Spearman within park-month,lvl_cbd,0.013216127101145055,-0.0221828356385231,0.0476339953020215,270.0,False,270,8,lvl_naive4,-0.086629797311141,-0.12569828815758227,-0.04859675373882055,-0.1204869469627738,-0.051965681370347745,260.0,0.5306122448979592,False
UC4,21,all,all,UC4 Spearman within park-month,lvl_clim,0.11525178504016725,0.08525426536798478,0.14421601444482804,504.0,False,504,8,lvl_naive4,-0.011479332771472048,-0.03976871110498905,0.016337866708636267,-0.04116436634212732,0.016809595376253126,490.0,1.0,False
UC4,21,all,all,UC4 Spearman within park-month,lvl_driver_level,0.22148672806142053,0.19416285380721093,0.24880206212401387,493.0,False,493,8,lvl_naive4,0.0957310324252941,0.07010536827147007,0.1207787251099944,0.06669591329991817,0.12362186051905155,490.0,1.0,True
UC4,21,all,all,UC4 Spearman within park-month,lvl_naive4,0.12896385391373721,0.10235283356159926,0.15806091129779815,490.0,False,490,8,lvl_naive4,,,,,,,,
UC4,21,all,all,UC4 Spearman within park-month,lvl_tft,0.12350904007571271,0.0907640365883708,0.1560994792729616,363.0,False,363,8,lvl_naive4,-0.022457560899276058,-0.05707495100796223,0.01378071941435337,-0.05424170698970556,0.010952170379459853,358.0,0.7306122448979592,False
UC4,21,all,all,UC4 Spearman within park-month,lvl_wt56,0.06065828352336576,0.02898311736062169,0.0932253299281001,503.0,False,503,8,lvl_naive4,-0.06896813244920762,-0.0940206728875637,-0.045154997333884256,-0.09628581963479518,-0.04455886390060187,490.0,1.0,False
UC4,30,all,all,UC4 Spearman within park-month,lvl_cbd,0.0107304249669898,-0.028119012620300053,0.049439805466681704,230.0,False,230,8,lvl_clim,-0.08316696137560979,-0.13451060205698012,-0.030392411584034593,-0.13175766356289387,-0.035968105029314766,229.0,0.5180995475113123,False
UC4,30,all,all,UC4 Spearman within park-month,lvl_clim,0.14981279534754527,0.11730906777083874,0.1804024413228035,442.0,False,442,8,lvl_clim,,,,,,,,
UC4,30,all,all,UC4 Spearman within park-month,lvl_driver_level,0.25733333988748275,0.22946359850466252,0.28603961393237115,446.0,False,446,8,lvl_clim,0.10870539075976263,0.07680788971483707,0.14344044178724288,0.07240083925426007,0.1459027174860239,442.0,1.0,True
UC4,30,all,all,UC4 Spearman within park-month,lvl_naive4,0.14463966240314727,0.11638805009424687,0.1742728352546692,444.0,False,444,8,lvl_clim,-0.005918889918354625,-0.038454541377723216,0.029747414216399187,-0.04090531151741743,0.031093285791575907,442.0,1.0,False
UC4,30,all,all,UC4 Spearman within park-month,lvl_tft,0.10535916720555522,0.06620161719620228,0.14588781185448169,264.0,False,264,8,lvl_clim,-0.030262533248499424,-0.07915018163621426,0.020771984755992887,-0.07458069026470185,0.015012587048113332,264.0,0.5972850678733032,False
UC4,30,all,all,UC4 Spearman within park-month,lvl_wt56,0.04620161096232125,0.01319353182334453,0.07914511635899543,443.0,False,443,8,lvl_clim,-0.10246541016926117,-0.1338703539222479,-0.06829913165420295,-0.13522390313446522,-0.06859453674405813,442.0,1.0,False
UC4,45,all,all,UC4 Spearman within park-month,lvl_cbd,0.12893148503585244,0.06377390399575233,0.1969644762575626,79.0,False,79,7,lvl_naive4,-0.13645810007336712,-0.19906579181551934,-0.07791610844433308,-0.1976029559969902,-0.06879289336502555,79.0,0.19174757281553398,False
UC4,45,all,all,UC4 Spearman within park-month,lvl_clim,0.11804597853236652,0.08374516628682613,0.15107021443545818,412.0,False,412,7,lvl_naive4,-0.04161397423495837,-0.08168557230383158,-0.006574684008955957,-0.08882141131907702,0.0027842793613672033,411.0,0.9975728155339806,False
UC4,45,all,all,UC4 Spearman within park-month,lvl_driver_level,0.25551050474354325,0.2239299163222313,0.28682587668299675,413.0,False,413,7,lvl_naive4,0.0961452482159405,0.07113876268267631,0.12320601940155029,0.06603765897452832,0.1263433713465929,412.0,1.0,True
UC4,45,all,all,UC4 Spearman within park-month,lvl_naive4,0.15921372784455595,0.12771986052393913,0.19165210649371148,412.0,False,412,7,lvl_naive4,,,,,,,,
UC4,45,all,all,UC4 Spearman within park-month,lvl_tft,0.16774387569617458,0.12554096207022666,0.20945582799613474,178.0,False,178,7,lvl_naive4,0.006658677871539731,-0.04621358104050159,0.05813962742686271,-0.052424297854304316,0.062001904286444184,178.0,0.4320388349514563,False
UC4,45,all,all,UC4 Spearman within park-month,lvl_wt56,0.09928280020094381,0.06614521611481905,0.1353786129504442,411.0,False,411,7,lvl_naive4,-0.05852487780301632,-0.08575534448027611,-0.034011279605329035,-0.09236963670700789,-0.026086236722767372,410.0,0.9951456310679612,False
UC4,60,all,all,UC4 Spearman within park-month,lvl_clim,0.16241113412427824,0.12728606723248959,0.19853679090738297,348.0,False,348,7,lvl_naive4,-0.0005517760813985029,-0.042398646101355554,0.038243313878774644,-0.04469181206077337,0.04335355907678602,348.0,1.0,False
UC4,60,all,all,UC4 Spearman within park-month,lvl_driver_level,0.24949044631053177,0.21613384447991849,0.2823569983243942,349.0,False,349,7,lvl_naive4,0.08551333693780708,0.05929589718580246,0.11150563806295394,0.052355943247675896,0.11946574784815311,348.0,1.0,True
UC4,60,all,all,UC4 Spearman within park-month,lvl_naive4,0.16430656475725886,0.1302567146718502,0.19775408320128918,348.0,False,348,7,lvl_naive4,,,,,,,,
UC4,60,all,all,UC4 Spearman within park-month,lvl_tft,0.1393908291074418,0.13939082622528076,0.13939082622528076,1.0,False,1,7,lvl_naive4,0.4512132764440894,0.4512132704257965,0.4512132704257965,0.4512132704257965,0.4512132704257965,1.0,0.0028735632183908046,True
UC4,60,all,all,UC4 Spearman within park-month,lvl_wt56,0.11942962302480378,0.08381835855543614,0.15631126165390014,348.0,False,348,7,lvl_naive4,-0.042425397944624646,-0.07490316368639469,-0.011761686950922022,-0.07717969622462988,-0.006707005575299264,348.0,1.0,False
UC4,90,all,all,UC4 Spearman within park-month,lvl_clim,0.15356466125588392,0.107878359220922,0.20006858222186566,258.0,False,258,6,lvl_wt56,-0.013487202122199865,-0.05661552324891091,0.03113911096006631,-0.058657576143741605,0.0322870496660471,258.0,0.9961389961389961,False
UC4,90,all,all,UC4 Spearman within park-month,lvl_driver_level,0.18716871370212276,0.14383565522730352,0.22735582776367663,260.0,False,260,6,lvl_wt56,0.028957166264961975,-0.010214947536587715,0.06564386766403914,-0.010881604999303816,0.06959659121930599,259.0,1.0,False
UC4,90,all,all,UC4 Spearman within park-month,lvl_naive4,0.1501609692770796,0.11220127996057272,0.19110896438360214,259.0,False,259,6,lvl_wt56,-0.010518764028907779,-0.04806328937411308,0.026343341544270517,-0.05225323010236025,0.03136921972036362,259.0,1.0,False
UC4,90,all,all,UC4 Spearman within park-month,lvl_wt56,0.16383128222425772,0.12013032697141171,0.20906386189162732,259.0,False,259,6,lvl_wt56,,,,,,,,
UC4,120,all,all,UC4 Spearman within park-month,lvl_clim,0.1330721322585068,0.07133984677493573,0.18559064939618106,176.0,False,176,5,lvl_naive4,-0.06560092350802349,-0.12206969857215881,-0.012212145328521733,-0.12537473477423192,-0.006109109893441205,175.0,0.9943181818181818,False
UC4,120,all,all,UC4 Spearman within park-month,lvl_driver_level,0.17220185152730408,0.12097990121692419,0.22037889249622822,178.0,False,178,5,lvl_naive4,-0.028929669061231872,-0.05004157423973083,-0.009621533378958703,-0.052150174230337146,-0.0069939773529768,176.0,1.0,False
UC4,120,all,all,UC4 Spearman within park-month,lvl_naive4,0.20599843739818088,0.15374533832073212,0.2566995233297348,176.0,False,176,5,lvl_naive4,,,,,,,,
UC4,120,all,all,UC4 Spearman within park-month,lvl_wt56,0.1433924953777044,0.08800924420356751,0.1985200859606266,176.0,False,176,5,lvl_naive4,-0.06616702589020512,-0.11100293695926666,-0.019165207631886016,-0.10902759060263634,-0.02096430137753488,176.0,1.0,False
UC4,180,all,all,UC4 Spearman within park-month,lvl_clim,0.25014759480544574,0.14488429203629494,0.34516733437776564,61.0,False,61,3,lvl_naive4,-0.08242408639925553,-0.16872792318463326,-0.007860063761472774,-0.16421609111130236,-0.006768980622291567,61.0,1.0,False
UC4,180,all,all,UC4 Spearman within park-month,lvl_driver_level,0.3278928392602317,0.2552384428679943,0.39173966422677037,62.0,False,62,3,lvl_naive4,0.013112554278443544,-0.017014525830745697,0.04662026017904281,-0.019355124980211257,0.04775563254952431,61.0,1.0,False
UC4,180,all,all,UC4 Spearman within park-month,lvl_naive4,0.32838090867464853,0.2532394610345364,0.3933057516813278,61.0,False,61,3,lvl_naive4,,,,,,,,
UC4,180,all,all,UC4 Spearman within park-month,lvl_wt56,0.3066021121544754,0.20047565773129464,0.399089540541172,61.0,False,61,3,lvl_naive4,-0.021396954480454256,-0.09414288736879825,0.052627708762884126,-0.0976629465818405,0.051620473712682725,61.0,1.0,False
D6,1,all,all,crowd bucket exact,lvl_cbd,0.20497887404362225,0.19626021273434163,0.21342710144817828,8757.0,False,8757,231,lvl_snaive7,-0.1999054261733065,-0.21360427290201187,-0.18622671142220498,-0.2311172243207693,-0.17076945453882217,8459.0,0.5550524934383202,False
D6,1,all,all,crowd bucket exact,lvl_clim,0.27396913736402734,0.26689187735319136,0.2806753158569336,15812.0,False,15812,231,lvl_snaive7,-0.12145669291338584,-0.13148195371031762,-0.11212418600916862,-0.14508359953761102,-0.09774871915578842,15240.0,1.0,False
D6,1,all,all,crowd bucket exact,lvl_driver_level,0.375407010151312,0.36753548830747607,0.38300083577632904,15663.0,False,15663,231,lvl_snaive7,-0.020159430792542343,-0.030127588659524918,-0.010791724175214776,-0.0354284942150116,-0.007329551875591281,15179.0,0.995997375328084,False
D6,1,all,all,crowd bucket exact,lvl_naive4,0.3658303007086765,0.35831262543797493,0.3736362628638744,15663.0,False,15663,231,lvl_snaive7,-0.027076882535081392,-0.03585465177893639,-0.018411169201135637,-0.0408931739628315,-0.014149191230535511,15179.0,0.995997375328084,False
D6,1,all,all,crowd bucket exact,lvl_snaive7,0.39763779527559057,0.38970914036035537,0.4059482902288437,15240.0,False,15240,231,lvl_snaive7,,,,,,,,
D6,1,all,all,crowd bucket exact,lvl_tft,0.3964034401876466,0.38776703774929044,0.404570347815752,11511.0,False,11511,231,lvl_snaive7,-0.000723523559735928,-0.011464603245258331,0.010037986189126965,-0.015831994265317915,0.013920594751834867,11057.0,0.7255249343832021,False
D6,1,all,all,crowd bucket exact,lvl_wt56,0.31551985833544144,0.3081936098635197,0.32253761067986486,15812.0,False,15812,231,lvl_snaive7,-0.0786745406824147,-0.08899190947413445,-0.06907234787940979,-0.097873242944479,-0.06043894290924073,15240.0,1.0,False
D6,2,all,all,crowd bucket exact,lvl_cbd,0.20877091748413157,0.20051110573112965,0.217386444658041,8665.0,False,8665,229,lvl_snaive7,-0.1985434574976122,-0.2120088629424572,-0.18497590646147727,-0.22851845286786557,-0.16921344324946405,8376.0,0.5552535631421942,False
D6,2,all,all,crowd bucket exact,lvl_clim,0.27115827154180516,0.26371258944272996,0.2782868713140488,15644.0,False,15644,229,lvl_snaive7,-0.12495856811402056,-0.13513873443007468,-0.11461132988333703,-0.14859896078705787,-0.10090793371200561,15085.0,1.0,False
D6,2,all,all,crowd bucket exact,lvl_driver_level,0.37501612279117763,0.3671517111361027,0.3830962494015694,15506.0,False,15506,229,lvl_snaive7,-0.02116050039925471,-0.03036646023392677,-0.011405108869075775,-0.0367650642991066,-0.008273606002330782,15028.0,0.9962214119986742,False
D6,2,all,all,crowd bucket exact,lvl_naive4,0.367212691861215,0.35982208177447317,0.37463732436299324,15506.0,False,15506,229,lvl_snaive7,-0.026151184455682763,-0.03490308597683907,-0.01728226915001869,-0.03971068784594536,-0.012828748673200609,15028.0,0.9962214119986742,False
D6,2,all,all,crowd bucket exact,lvl_snaive7,0.39821014252568776,0.39070250540971757,0.40614248514175416,15085.0,False,15085,229,lvl_snaive7,,,,,,,,
D6,2,all,all,crowd bucket exact,lvl_tft,0.38004227584992073,0.3713726006448269,0.38855511546134947,11354.0,False,11354,229,lvl_snaive7,-0.018413338219127884,-0.029927211999893188,-0.007656364142894748,-0.03339078649878502,-0.004554376751184465,10916.0,0.7236327477626782,False
D6,2,all,all,crowd bucket exact,lvl_wt56,0.3136665814369726,0.3057854913175106,0.3203433699905872,15644.0,False,15644,229,lvl_snaive7,-0.08127278753728867,-0.09138454347848893,-0.07201834544539451,-0.10096392035484314,-0.06224933415651322,15085.0,1.0,False
D6,3,all,all,crowd bucket exact,lvl_cbd,0.2066182405165456,0.19850079901516438,0.21507742926478385,8673.0,False,8673,228,lvl_snaive7,-0.2013334920823908,-0.21474438533186913,-0.18743957355618476,-0.23120760582387448,-0.17182771936059,8399.0,0.56015739629185,False
D6,3,all,all,crowd bucket exact,lvl_clim,0.27023028431750934,0.26274019107222557,0.2769937768578529,15546.0,False,15546,228,lvl_snaive7,-0.1271842070161398,-0.13757346123456954,-0.11757840365171433,-0.15161269083619117,-0.10330269113183022,14994.0,1.0,False
D6,3,all,all,crowd bucket exact,lvl_driver_level,0.3728428701180745,0.3650593288242817,0.3802115172147751,15414.0,False,15414,228,lvl_snaive7,-0.024700448490528104,-0.03455747291445732,-0.014733559638261796,-0.040774884074926375,-0.01239086985588074,14939.0,0.9963318660797652,False
D6,3,all,all,crowd bucket exact,lvl_naive4,0.3688854288309329,0.36009098812937734,0.3765961557626724,15414.0,False,15414,228,lvl_snaive7,-0.02583840953209715,-0.035690664499998095,-0.01746234521269798,-0.039436590671539304,-0.01261231228709221,14939.0,0.9963318660797652,False
D6,3,all,all,crowd bucket exact,lvl_snaive7,0.39949313058556757,0.39158455953001975,0.4072561010718346,14994.0,False,14994,228,lvl_snaive7,,,,,,,,
D6,3,all,all,crowd bucket exact,lvl_tft,0.37743052472698213,0.3684519350528717,0.386233402043581,11263.0,False,11263,228,lvl_snaive7,-0.02361841498293199,-0.03506521955132484,-0.013368555903434755,-0.03793560341000557,-0.00951146706938744,10839.0,0.7228891556622649,False
D6,3,all,all,crowd bucket exact,lvl_wt56,0.31268493503151934,0.3047174170613289,0.32039365693926813,15546.0,False,15546,228,lvl_snaive7,-0.08343337334933976,-0.09328893125057221,-0.07366607859730721,-0.1032911978662014,-0.06357363611459732,14994.0,1.0,False
D6,4,all,all,crowd bucket exact,lvl_cbd,0.20980800370113348,0.201505421474576,0.21826826483011247,8646.0,False,8646,227,lvl_snaive7,-0.19856716417910447,-0.21186653561890126,-0.1859850738197565,-0.2287238508462906,-0.1688683595508337,8375.0,0.5615905585730571,False
D6,4,all,all,crowd bucket exact,lvl_clim,0.27071608771589367,0.26386382058262825,0.2775396667420864,15459.0,False,15459,227,lvl_snaive7,-0.12801770386266093,-0.13861061111092568,-0.11784540787339211,-0.1521781824529171,-0.10439064726233482,14912.0,0.9999329444109166,False
D6,4,all,all,crowd bucket exact,lvl_driver_level,0.37380983435502807,0.36613536030054095,0.38116334974765775,15334.0,False,15334,227,lvl_snaive7,-0.025368413969450276,-0.03472113162279129,-0.016607580333948137,-0.04097196012735367,-0.012317102402448658,14861.0,0.9965131093676658,False
D6,4,all,all,crowd bucket exact,lvl_naive4,0.3697665318899178,0.3619509764015675,0.37716776728630064,15334.0,False,15334,227,lvl_snaive7,-0.02624318686494853,-0.03514126464724541,-0.0174868680536747,-0.03924754485487938,-0.013687535375356682,14861.0,0.9965131093676658,False
D6,4,all,all,crowd bucket exact,lvl_snaive7,0.40085831154026685,0.3937027230858803,0.40849511697888374,14913.0,False,14913,227,lvl_snaive7,,,,,,,,
D6,4,all,all,crowd bucket exact,lvl_tft,0.37404785375033606,0.3652728483080864,0.38361633867025374,11159.0,False,11159,227,lvl_snaive7,-0.028568769774799885,-0.03973351493477821,-0.016993904113769533,-0.04426333457231522,-0.013658684492111208,10746.0,0.7205793602896802,False
D6,4,all,all,crowd bucket exact,lvl_wt56,0.31228978007761965,0.3048772528767586,0.3196349680423737,15460.0,False,15460,227,lvl_snaive7,-0.08495943136860457,-0.09620827436447144,-0.074910469353199,-0.10490383207798004,-0.0652530886232853,14913.0,1.0,False
D6,5,all,all,crowd bucket exact,lvl_cbd,0.2108152300864284,0.20247906632721424,0.21984842382371425,8562.0,False,8562,226,lvl_snaive7,-0.19698613622664257,-0.21045768521726133,-0.1830760318785906,-0.22706902995705605,-0.16863220930099487,8295.0,0.5598677105831533,False
D6,5,all,all,crowd bucket exact,lvl_clim,0.26885502149277063,0.26117305606603625,0.27553284242749215,15354.0,False,15354,226,lvl_snaive7,-0.13001215066828675,-0.14020204469561576,-0.11969847306609155,-0.15477146655321122,-0.10572120919823647,14814.0,0.999865010799136,False
D6,5,all,all,crowd bucket exact,lvl_driver_level,0.37572216386554624,0.3678873024880886,0.38376360312104224,15232.0,False,15232,226,lvl_snaive7,-0.02295970199796815,-0.0329809233546257,-0.013547076284885412,-0.03764000460505486,-0.010262063145637513,14765.0,0.9965577753779697,False
D6,5,all,all,crowd bucket exact,lvl_naive4,0.37211134453781514,0.3638725712895393,0.37980458289384844,15232.0,False,15232,226,lvl_snaive7,-0.0239078902810701,-0.03290439397096634,-0.01475075110793114,-0.03694319427013397,-0.01098996698856354,14765.0,0.9965577753779697,False
D6,5,all,all,crowd bucket exact,lvl_snaive7,0.4008504319654428,0.3929163537919521,0.40840989351272583,14816.0,False,14816,226,lvl_snaive7,,,,,,,,
D6,5,all,all,crowd bucket exact,lvl_tft,0.36561282724884503,0.3567861162126064,0.37453405037522314,11039.0,False,11039,226,lvl_snaive7,-0.03574452074122847,-0.047088300436735155,-0.025008257478475574,-0.05157395303249359,-0.020819981396198277,10631.0,0.7175350971922246,False
D6,5,all,all,crowd bucket exact,lvl_wt56,0.3104324042719458,0.30300198048353194,0.3174487128853798,15356.0,False,15356,226,lvl_snaive7,-0.08686555075593955,-0.09653576537966728,-0.07634956017136574,-0.10673576071858407,-0.06671524196863174,14816.0,1.0,False
D6,6,all,all,crowd bucket exact,lvl_cbd,0.1931335535630014,0.18485089242458344,0.20169595777988433,8476.0,False,8476,225,lvl_snaive7,-0.21495554743636586,-0.2292284458875656,-0.20247622653841973,-0.246263362839818,-0.18478595577180387,8211.0,0.5577367205542725,False
D6,6,all,all,crowd bucket exact,lvl_clim,0.2665705107192028,0.25936653539538385,0.2732788100838661,15253.0,False,15253,225,lvl_snaive7,-0.1328125,-0.14333676025271416,-0.12308321297168733,-0.1576661854982376,-0.10837353840470314,14720.0,0.9998641488928135,False
D6,6,all,all,crowd bucket exact,lvl_driver_level,0.3722082727633144,0.36430458575487135,0.37978532165288925,15134.0,False,15134,225,lvl_snaive7,-0.02698650674662667,-0.03564738184213638,-0.017909668385982513,-0.04307275488972664,-0.014740417897701266,14674.0,0.9967395734275234,False
D6,6,all,all,crowd bucket exact,lvl_naive4,0.3726047310691159,0.36481835693120956,0.3806573562324047,15134.0,False,15134,225,lvl_snaive7,-0.023988005997001516,-0.03287300616502762,-0.015570452064275746,-0.03694503903388977,-0.011020000278949742,14674.0,0.9967395734275234,False
D6,6,all,all,crowd bucket exact,lvl_snaive7,0.4013720961825839,0.39404118806123734,0.40994768515229224,14722.0,False,14722,225,lvl_snaive7,,,,,,,,
D6,6,all,all,crowd bucket exact,lvl_tft,0.3606077246933919,0.351064483076334,0.36914287954568864,10926.0,False,10926,225,lvl_snaive7,-0.0425936489826963,-0.05527474954724312,-0.031002573668956764,-0.059196881204843524,-0.027258507162332538,10518.0,0.7144409726939275,False
D6,6,all,all,crowd bucket exact,lvl_wt56,0.30757128810226153,0.29976505413651466,0.3148373983800411,15255.0,False,15255,225,lvl_snaive7,-0.09088439070778426,-0.10072495639324189,-0.08135755136609077,-0.11048453152179719,-0.07115760743618012,14722.0,1.0,False
D6,7,all,all,crowd bucket exact,lvl_cbd,0.1873508353221957,0.17947436161339284,0.1957765556871891,8380.0,False,8380,224,lvl_naive4,-0.15579884504331087,-0.1690793875604868,-0.14231428727507592,-0.18465528227388858,-0.12879642844200134,8312.0,0.5556892632704907,False
D6,7,all,all,crowd bucket exact,lvl_clim,0.26347740019795446,0.25667995065450666,0.27093845084309576,15155.0,False,15155,224,lvl_naive4,-0.0718106445573683,-0.08086399361491203,-0.06295853331685067,-0.08927196562290192,-0.05419045090675354,14956.0,0.9998662922850649,False
D6,7,all,all,crowd bucket exact,lvl_driver_level,0.3461024201096403,0.3386381879448891,0.35360881835222246,14958.0,False,14958,224,lvl_naive4,0.010295494050006682,0.002125701308250427,0.017818239331245423,-0.004576390236616134,0.023352468758821486,14958.0,1.0,False
D6,7,all,all,crowd bucket exact,lvl_naive4,0.33580692605963364,0.3283704176545143,0.3427565962076187,14958.0,False,14958,224,lvl_naive4,,,,,,,,
D6,7,all,all,crowd bucket exact,lvl_tft,0.34386548410938655,0.33487367630004883,0.35240079164505006,10824.0,False,10824,224,lvl_naive4,0.004945413828496781,-0.005845830589532852,0.01604062244296074,-0.006875980645418167,0.01666903495788574,10717.0,0.7164727904800107,False
D6,7,all,all,crowd bucket exact,lvl_wt56,0.2975522860724418,0.29045168235898017,0.30473616123199465,15157.0,False,15157,224,lvl_naive4,-0.038440968043856105,-0.04583605974912643,-0.030544563382863998,-0.048886578530073166,-0.027997056394815447,14958.0,1.0,False
D6,10,all,all,crowd bucket exact,lvl_cbd,0.18733960650128315,0.17930920459330082,0.1960217248648405,8183.0,False,8183,221,lvl_naive4,-0.1544705448284344,-0.1674889199435711,-0.14145166240632534,-0.18270197920501233,-0.12522661350667477,8131.0,0.553279804028307,False
D6,10,all,all,crowd bucket exact,lvl_clim,0.2611182130121779,0.2540615849196911,0.26787717267870903,14863.0,False,14863,221,lvl_naive4,-0.07684454124693713,-0.0861987054347992,-0.06794515922665596,-0.09571619518101215,-0.05848664939403534,14692.0,0.9997278170930866,False
D6,10,all,all,crowd bucket exact,lvl_driver_level,0.3405688622754491,0.33326205164194106,0.3480869881808758,14696.0,False,14696,221,lvl_naive4,0.002245508982035904,-0.005849158018827438,0.009946888685226439,-0.012313569337129592,0.01566325351595878,14696.0,1.0,False
D6,10,all,all,crowd bucket exact,lvl_naive4,0.3383233532934132,0.3312089964747429,0.3455363266170025,14696.0,False,14696,221,lvl_naive4,,,,,,,,
D6,10,all,all,crowd bucket exact,lvl_tft,0.3346896290688872,0.32595824226737025,0.34347663521766664,10568.0,False,10568,221,lvl_naive4,-0.006866952789699565,-0.016532216966152192,0.0037167496979236586,-0.020830000191926955,0.006056987494230264,10485.0,0.7134594447468698,False
D6,10,all,all,crowd bucket exact,lvl_wt56,0.2932472423997848,0.28633744940161704,0.30101909413933753,14868.0,False,14868,221,lvl_naive4,-0.04518236254763203,-0.0537182629108429,-0.0369231216609478,-0.05613100305199623,-0.03304489552974701,14696.0,1.0,False
D6,14,all,all,crowd bucket exact,lvl_cbd,0.1821451509312781,0.17415437512099743,0.19094308353960512,7785.0,False,7785,217,lvl_naive4,-0.12483795696136893,-0.1383748758584261,-0.11211587861180305,-0.1524979926645756,-0.0956082157790661,7714.0,0.5411814227585239,False
D6,14,all,all,crowd bucket exact,lvl_clim,0.2587373946677718,0.25199739784002306,0.26578054800629614,14478.0,False,14478,217,lvl_naive4,-0.04757560872921196,-0.05589454993605614,-0.03865979164838792,-0.06720649115741253,-0.029712246358394635,14251.0,0.9997895327627333,False
D6,14,all,all,crowd bucket exact,lvl_driver_level,0.3253823488143679,0.3179340772330761,0.3331505976617336,14254.0,False,14254,217,lvl_naive4,0.01873158411673914,0.010865476727485657,0.02664424255490303,0.002513275295495987,0.03368354514241218,14254.0,1.0,True
D6,14,all,all,crowd bucket exact,lvl_naive4,0.30665076469762875,0.2993337042629719,0.3139104783535004,14254.0,False,14254,217,lvl_naive4,,,,,,,,
D6,14,all,all,crowd bucket exact,lvl_tft,0.31474377889249533,0.3056203410029411,0.3237046152353287,10167.0,False,10167,217,lvl_naive4,0.007363916807642534,-0.002879577875137329,0.01810609772801399,-0.005570594221353531,0.020316278934478755,10049.0,0.7049950890977971,False
D6,14,all,all,crowd bucket exact,lvl_wt56,0.283504798729545,0.2759325675666332,0.2910749793052673,14483.0,False,14483,217,lvl_naive4,-0.022870773116318244,-0.031032463163137437,-0.014146624505519867,-0.03482275679707527,-0.010693079978227623,14254.0,1.0,False
D6,21,all,all,crowd bucket exact,lvl_cbd,0.17640542785931876,0.16821982562541962,0.18489952571690083,7222.0,False,7222,210,lvl_naive4,-0.11038052602126469,-0.12403586432337761,-0.09754846133291722,-0.13623977899551393,-0.0829418033361435,7148.0,0.5256655390498602,False
D6,21,all,all,crowd bucket exact,lvl_clim,0.25393729229880074,0.247068215534091,0.26144682094454763,13842.0,False,13842,210,lvl_naive4,-0.036116219198234656,-0.04457847438752651,-0.026971742510795593,-0.05519534908235073,-0.019728662818670285,13595.0,0.9997793793204883,False
D6,21,all,all,crowd bucket exact,lvl_driver_level,0.31578173260773645,0.30826154798269273,0.3235640563070774,13598.0,False,13598,210,lvl_naive4,0.025224297690836894,0.017613452672958375,0.03355991095304489,0.007630468904972077,0.04023026078939437,13598.0,1.0,True
D6,21,all,all,crowd bucket exact,lvl_naive4,0.29055743491689956,0.28290960788726804,0.29754249230027197,13598.0,False,13598,210,lvl_naive4,,,,,,,,
D6,21,all,all,crowd bucket exact,lvl_tft,0.2903769214571489,0.28097222596406934,0.3003763072192669,9498.0,False,9498,210,lvl_naive4,0.00576061446554299,-0.005391115695238114,0.016943307220935816,-0.010135846585035324,0.022312685847282406,9374.0,0.6893660832475365,False
D6,21,all,all,crowd bucket exact,lvl_wt56,0.2724777930237597,0.2646253898739815,0.2806120656430721,13847.0,False,13847,210,lvl_naive4,-0.01831151639947054,-0.026133355498313905,-0.010047020763158804,-0.02843855693936348,-0.006707555055618287,13598.0,1.0,False
D6,30,all,all,crowd bucket exact,lvl_cbd,0.16679453736381772,0.15766265392303466,0.17573524452745914,6517.0,False,6517,201,lvl_naive4,-0.10145600991325898,-0.11543537452816963,-0.08704725988209248,-0.13163019791245462,-0.07298845052719118,6456.0,0.508546671918078,False
D6,30,all,all,crowd bucket exact,lvl_clim,0.2513149752475248,0.24366863630712032,0.2583336293697357,12928.0,False,12928,201,lvl_naive4,-0.02851740979990547,-0.03785151578485966,-0.019536395370960236,-0.05011933967471123,-0.008598432689905167,12694.0,0.9999212288302481,False
D6,30,all,all,crowd bucket exact,lvl_driver_level,0.3127215439149271,0.3046965658664703,0.3205950394272804,12695.0,False,12695,201,lvl_naive4,0.03229617959826703,0.02370341569185257,0.04055317789316177,0.01289975568652153,0.049981534481048584,12695.0,1.0,True
D6,30,all,all,crowd bucket exact,lvl_naive4,0.2804253643166601,0.2725143238902092,0.2887358292937279,12695.0,False,12695,201,lvl_naive4,,,,,,,,
D6,30,all,all,crowd bucket exact,lvl_tft,0.2677876598110061,0.2572681955993176,0.27756485641002654,7196.0,False,7196,201,lvl_naive4,0.003496503496503489,-0.008927046507596969,0.01634276285767555,-0.016243333369493483,0.022657369077205655,7150.0,0.5632138637258763,False
D6,30,all,all,crowd bucket exact,lvl_wt56,0.2650947042906842,0.2575400978326797,0.27273492589592935,12935.0,False,12935,201,lvl_naive4,-0.01425758172508862,-0.02268291190266609,-0.005899777263402939,-0.024837551265954973,-0.0026872634887695375,12695.0,1.0,False
D6,45,all,all,crowd bucket exact,lvl_cbd,0.23286991062562065,0.2157506462186575,0.25190476849675175,2014.0,False,2014,186,lvl_naive4,-0.0707171314741036,-0.09703345075249672,-0.04475590512156487,-0.11929177679121494,-0.023200495541095746,2008.0,0.17920571173583222,False
D6,45,all,all,crowd bucket exact,lvl_clim,0.24604077347099484,0.23808580525219442,0.25375220105051993,11429.0,False,11429,186,lvl_naive4,-0.024185631414547076,-0.03447990231215954,-0.014027506858110435,-0.04571867696940899,-0.004801058396697045,11205.0,1.0,False
D6,45,all,all,crowd bucket exact,lvl_driver_level,0.30414993306559573,0.2956794075667858,0.31276329830288885,11205.0,False,11205,186,lvl_naive4,0.033110218652387335,0.023359761387109757,0.04217679277062416,0.010779596865177155,0.053663185238838194,11205.0,1.0,True
D6,45,all,all,crowd bucket exact,lvl_naive4,0.2710397144132084,0.26272106543183327,0.2799767732620239,11205.0,False,11205,186,lvl_naive4,,,,,,,,
D6,45,all,all,crowd bucket exact,lvl_tft,0.25729662595735875,0.2455389592796564,0.269586319476366,4831.0,False,4831,186,lvl_naive4,0.000622665006226597,-0.013538867235183716,0.015524612739682187,-0.023074909299612045,0.021716568619012826,4818.0,0.4299866131191432,False
D6,45,all,all,crowd bucket exact,lvl_wt56,0.2617026861492694,0.2539006173610687,0.26963336393237114,11429.0,False,11429,186,lvl_naive4,-0.007853636769299455,-0.016670111566781998,0.0008932225406169871,-0.020753880590200426,0.00414726585149765,11205.0,1.0,False
D6,60,all,all,crowd bucket exact,lvl_clim,0.23544554455445543,0.22750803865492344,0.2433708067983389,10100.0,False,10100,171,lvl_naive4,-0.03136382031566168,-0.04179457500576973,-0.02060607448220253,-0.052357685193419455,-0.010704347491264353,9884.0,1.0,False
D6,60,all,all,crowd bucket exact,lvl_driver_level,0.3045325779036827,0.2952924117445946,0.3142884686589241,9884.0,False,9884,171,lvl_naive4,0.03743423715095101,0.027109220623970032,0.047698064148426055,0.014191595464944839,0.0582714095711708,9884.0,1.0,True
D6,60,all,all,crowd bucket exact,lvl_naive4,0.2670983407527317,0.2583628475666046,0.2760010205209255,9884.0,False,9884,171,lvl_naive4,,,,,,,,
D6,60,all,all,crowd bucket exact,lvl_tft,0.20634920634920634,0.1111111119389534,0.30556972473859784,63.0,False,63,171,lvl_naive4,0.047619047619047616,-0.07023923508822917,0.17145320661365984,-0.10008621513843535,0.1373118937015533,63.0,0.006373937677053824,False
D6,60,all,all,crowd bucket exact,lvl_wt56,0.2614120209921774,0.252889010310173,0.2697048872709274,10099.0,False,10099,171,lvl_naive4,-0.005058680696074458,-0.01491428017616272,0.005085611343383789,-0.01879667565226555,0.008142396807670592,9884.0,1.0,False
D6,90,all,all,crowd bucket exact,lvl_clim,0.23039085349641053,0.22080027163028718,0.23966699056327342,7522.0,False,7522,141,lvl_naive4,-0.04801302048013023,-0.0607128482311964,-0.036169497296214104,-0.06983045674860477,-0.024758640676736835,7373.0,1.0,False
D6,90,all,all,crowd bucket exact,lvl_driver_level,0.30489624304896246,0.29443630278110505,0.31536335349082945,7373.0,False,7373,141,lvl_naive4,0.024006510240065115,0.01221388354897499,0.035176629573106764,0.003502578288316727,0.04290581792593002,7373.0,1.0,True
D6,90,all,all,crowd bucket exact,lvl_naive4,0.28088973280889734,0.2711500607430935,0.29101800471544265,7373.0,False,7373,141,lvl_naive4,,,,,,,,
D6,90,all,all,crowd bucket exact,lvl_wt56,0.26091005854177757,0.2506741568446159,0.27038258835673334,7516.0,False,7516,141,lvl_naive4,-0.01695375016953754,-0.02864440456032753,-0.005176945775747299,-0.030184125900268553,-0.0033227894455194525,7373.0,1.0,False
D6,120,all,all,crowd bucket exact,lvl_clim,0.21897525813364505,0.20769430436193942,0.23119392842054368,5133.0,False,5133,111,lvl_naive4,-0.05525525525525524,-0.07010491825640201,-0.04099643155932427,-0.08203493133187294,-0.029970434308052067,4995.0,1.0,False
D6,120,all,all,crowd bucket exact,lvl_driver_level,0.24304304304304306,0.23230452798306941,0.2543253771960735,4995.0,False,4995,111,lvl_naive4,-0.033633633633633614,-0.046779082342982295,-0.021125267818570152,-0.05039219036698341,-0.016576957702636737,4995.0,1.0,False
D6,120,all,all,crowd bucket exact,lvl_naive4,0.27667667667667667,0.2638984642922878,0.2885322652757168,4995.0,False,4995,111,lvl_naive4,,,,,,,,
D6,120,all,all,crowd bucket exact,lvl_wt56,0.24579585451701214,0.23358595073223115,0.2571988612413406,5114.0,False,5114,111,lvl_naive4,-0.026826826826826827,-0.040928734466433525,-0.011691869050264361,-0.048128378391265866,-0.00521486550569535,4995.0,1.0,False
D6,180,all,all,crowd bucket exact,lvl_clim,0.21034678794769757,0.19180768989026548,0.22948213368654252,1759.0,False,1759,51,lvl_naive4,-0.049246813441483184,-0.07365069165825844,-0.025912613794207572,-0.10458626002073287,0.0030689716339111313,1726.0,1.0,False
D6,180,all,all,crowd bucket exact,lvl_driver_level,0.23754345307068367,0.21775785684585572,0.2563255734741688,1726.0,False,1726,51,lvl_naive4,-0.024333719582850494,-0.041742806509137156,-0.0076599154621362735,-0.05085538402199745,0.004792230948805806,1726.0,1.0,False
D6,180,all,all,crowd bucket exact,lvl_naive4,0.26187717265353416,0.24187412597239016,0.28272457644343374,1726.0,False,1726,51,lvl_naive4,,,,,,,,
D6,180,all,all,crowd bucket exact,lvl_wt56,0.2382035247299602,0.21852644272148608,0.2592385195195675,1759.0,False,1759,51,lvl_naive4,-0.022595596755504044,-0.0440765704959631,0.0005832634866237638,-0.06073208674788475,0.014850366115570062,1726.0,1.0,False
D7,d1-7,all,all,day comparison winner accuracy,lvl_cbd,0.23004598576491608,0.22512495331466198,0.2350194089114666,102423.0,False,9213,229,lvl_snaive7,-0.22807870502774122,-0.23459128849208355,-0.2211486827582121,-0.24548001065850258,-0.20912999399006366,69932.0,0.5477173223474494,False
D7,d1-7,all,all,day comparison winner accuracy,lvl_clim,0.26629240261631754,0.26170777529478073,0.27083585858345033,188815.0,False,16239,229,lvl_snaive7,-0.2091166886006141,-0.214883291721344,-0.2036152869462967,-0.23294280767440795,-0.18485532701015472,127656.0,0.9998198607445233,False
D7,d1-7,all,all,day comparison winner accuracy,lvl_driver_level,0.4687873405457775,0.4644008405506611,0.47309980913996696,185790.0,False,16217,229,lvl_snaive7,-0.006842727631060308,-0.01188749223947525,-0.002278730273246766,-0.022091942280530928,0.008948894590139384,126850.0,0.993507154661299,False
D7,d1-7,all,all,day comparison winner accuracy,lvl_naive4,0.4464556757629582,0.44270968735218047,0.45068074613809583,185790.0,False,16217,229,lvl_snaive7,-0.024919195900670044,-0.029551411420106886,-0.01988504156470299,-0.03863799721002579,-0.012031453847885133,126850.0,0.993507154661299,False
D7,d1-7,all,all,day comparison winner accuracy,lvl_snaive7,0.4750820416826573,0.47053240090608595,0.4795432411134243,127679.0,False,15358,229,lvl_snaive7,,,,,,,,
D7,d1-7,all,all,day comparison winner accuracy,lvl_tft,0.41310755445515374,0.40814139023423196,0.4178669162094593,135708.0,False,11833,229,lvl_snaive7,-0.06266491481437242,-0.06880224794149399,-0.05598250776529312,-0.07884431257843971,-0.04724979847669602,92093.0,0.7212854110699488,False
D7,d1-7,all,all,day comparison winner accuracy,lvl_wt56,0.27111706521508905,0.2667054392397404,0.27526692673563957,188852.0,False,16239,229,lvl_snaive7,-0.20420742643661055,-0.20942196398973464,-0.198890071362257,-0.2255210492759943,-0.1818817712366581,127679.0,1.0,False
D7,d8-30,all,all,day comparison winner accuracy,lvl_cbd,0.1613821481289792,0.15783761627972126,0.1648096702992916,1789157.0,False,9938,223,lvl_naive4,-0.17769912405785296,-0.1819975808262825,-0.17317827455699444,-0.19796787910163402,-0.15751144513487816,1767240.0,0.510247744041133,False
D7,d8-30,all,all,day comparison winner accuracy,lvl_clim,0.23887537276075171,0.23546459339559078,0.24229446724057196,3539804.0,False,16710,223,lvl_naive4,-0.12237064310699736,-0.125825809314847,-0.11925025172531604,-0.1417968738824129,-0.10345518216490747,3462301.0,0.9996555501467593,False
D7,d8-30,all,all,day comparison winner accuracy,lvl_driver_level,0.43011046070817505,0.4272297151386738,0.4330361641943455,3463494.0,False,16701,223,lvl_naive4,0.06821377487589125,0.06518703326582909,0.07134748101234437,0.053437647968530656,0.08209249973297118,3463494.0,1.0,True
D7,d8-30,all,all,day comparison winner accuracy,lvl_naive4,0.3618966858322838,0.3590540669858456,0.36467367708683013,3463494.0,False,16701,223,lvl_naive4,,,,,,,,
D7,d8-30,all,all,day comparison winner accuracy,lvl_tft,0.3641061111734056,0.3605753295123577,0.36736313030123713,2381163.0,False,12117,223,lvl_naive4,-0.00035774895318985145,-0.004403872042894363,0.003637711703777313,-0.016009087115526198,0.014491025358438492,2345220.0,0.6771254692515708,False
D7,d8-30,all,all,day comparison winner accuracy,lvl_wt56,0.2277794998704196,0.22470700666308402,0.23091765232384204,3542202.0,False,16710,223,lvl_naive4,-0.1347561162225198,-0.1374324232339859,-0.13204444237053395,-0.14801671281456946,-0.1212521642446518,3463494.0,1.0,False
D7,d31-90,all,all,day comparison winner accuracy,lvl_cbd,0.14414491206033436,0.14035045132040977,0.1477981824427843,1912277.0,False,7505,200,lvl_naive4,-0.1721136076515217,-0.17662630900740622,-0.1675165005028248,-0.19247037470340728,-0.15233723632991314,1884697.0,0.08549359577237194,False
D7,d31-90,all,all,day comparison winner accuracy,lvl_clim,0.24106769507188097,0.23762266226112844,0.2443987585604191,22769235.0,False,14004,200,lvl_naive4,-0.09460336964278204,-0.09800122864544392,-0.09150766283273697,-0.11341411918401718,-0.07500692643225193,22041921.0,0.9998652749065532,False
D7,d31-90,all,all,day comparison winner accuracy,lvl_driver_level,0.43175627405007355,0.42858785539865496,0.4350205920636654,22044891.0,False,13998,200,lvl_naive4,0.09436186370801292,0.09160166755318641,0.09712066948413849,0.07536855265498162,0.11322380378842353,22044891.0,1.0,True
D7,d31-90,all,all,day comparison winner accuracy,lvl_naive4,0.33739441034206064,0.33483613207936286,0.33993846625089646,22044891.0,False,13998,200,lvl_naive4,,,,,,,,
D7,d31-90,all,all,day comparison winner accuracy,lvl_tft,0.3528175411982157,0.348264268040657,0.3571784354746342,4213532.0,False,8005,200,lvl_naive4,0.026260739249502396,0.021518178284168243,0.03093840032815933,0.004365409165620804,0.04620376378297805,4178481.0,0.18954418962652164,True
D7,d31-90,all,all,day comparison winner accuracy,lvl_wt56,0.21939235998250056,0.21657097451388835,0.22238029353320599,22766440.0,False,14004,200,lvl_naive4,-0.11864014206284801,-0.12090856954455376,-0.11634632758796215,-0.1298119928687811,-0.10806456506252289,22044891.0,1.0,False
