uc,lead,segment,region,metric,model,value,lo,hi,n,lower,n_park_days,n_origin_days,ref,diff_vs_ref,diff_lo,diff_hi,diff_lo_park,diff_hi_park,n_paired,paired_share,wins
UC2,0,all,all,MAE,clim,8.068027474230623,7.98048996925354,8.146962118148803,10784797.0,True,18120,231,wt_med,0.5884599526071641,0.5587954044342041,0.6173410177230835,0.49966174364089966,0.6845672130584717,10739176.0,0.918531154280256,False
UC2,0,all,all,MAE,driver_level,7.791436727437627,7.7090176820755,7.873335528373718,11125270.0,True,18162,231,wt_med,0.2732721973544088,0.2333473563194275,0.3124117374420166,0.16630061864852905,0.39265731573104856,11066102.0,0.9464934221622822,False
UC2,0,all,all,MAE,h5,7.484200492255121,7.4019262313842775,7.556586122512817,11786368.0,True,19416,231,wt_med,-0.0615827561709672,-0.06637574434280395,-0.057011759281158446,-0.07953388690948486,-0.04662708044052124,11691684.0,1.0,True
UC2,0,all,all,MAE,lvlh5_cbd,9.964625792263668,9.833426594734192,10.101040601730347,6531510.0,True,10326,231,wt_med,2.613765855364109,2.5330679655075072,2.6931875705718995,2.2210440158843996,3.0734784841537475,6487936.0,0.5549188636983347,False
UC2,0,all,all,MAE,lvlh5_naive,7.83097758026907,7.746649289131165,7.909551405906678,11165705.0,True,18981,231,wt_med,0.32570939969859136,0.29674568176269533,0.3564782619476318,0.2707977890968323,0.38581118583679197,11102711.0,0.9496246220818148,False
UC2,0,all,all,MAE,lvlh5_tft,7.367243775982233,7.278577470779419,7.451653504371643,8125804.0,True,13504,231,wt_med,0.03943352677542844,-0.009189200401306151,0.08729403018951416,-0.09148720502853394,0.1696837663650512,8068047.0,0.6900671451606116,False
UC2,0,all,all,MAE,oracle_level,5.399649226396223,5.352779281139374,5.448637139797211,11733072.0,True,19254,231,wt_med,-2.1666741258343167,-2.2130152702331545,-2.1180147767066955,-2.4565078258514403,-1.924724841117859,11644750.0,0.995985693763191,True
UC2,0,all,all,MAE,oracle_shape,6.546325588772088,6.4646334767341616,6.620477783679962,11127496.0,True,18076,231,wt_med,-0.9735323206435504,-1.0243553876876832,-0.926408851146698,-1.1903071522712707,-0.7687929272651672,11033288.0,0.9436868119254677,True
UC2,0,all,all,MAE,snaive7,8.691050636314626,8.594423961639404,8.786271977424622,9990498.0,True,18261,231,wt_med,1.1643370739152585,1.101063621044159,1.2306878566741943,0.9691360235214234,1.3541661381721497,9944442.0,0.8505568573355216,False
UC2,0,all,all,MAE,wt_med,7.549492399897226,7.4660045266151425,7.62171026468277,11691684.0,True,19404,231,wt_med,,,,,,,,
UC2,0,busy,all,MAE,clim,15.597332820344695,15.442718315124512,15.751402926445007,3321711.0,True,15314,231,wt_med,1.1380225502626349,1.067040753364563,1.2083088636398316,0.927120304107666,1.3716312408447264,3312600.0,0.9098944636687705,False
UC2,0,busy,all,MAE,driver_level,14.49920801893599,14.344894218444825,14.638227295875549,3473494.0,True,15474,231,wt_med,0.025302936639160833,-0.07361466884613037,0.11842656135559082,-0.25338423252105713,0.2976822853088379,3456430.0,0.9494012319805133,False
UC2,0,busy,all,MAE,h5,14.389956690394545,14.245151543617249,14.527098464965821,3666854.0,True,16461,231,wt_med,-0.16307565053086925,-0.17508401870727539,-0.15181963443756105,-0.2025372266769409,-0.1292043447494507,3640642.0,1.0,True
UC2,0,busy,all,MAE,lvlh5_cbd,18.531761245529736,18.26711573600769,18.79863295555115,1933867.0,True,8884,231,wt_med,4.398807132102705,4.166994285583496,4.607410621643067,3.2564632892608643,5.5785922527313225,1923085.0,0.5282268896529788,False
UC2,0,busy,all,MAE,lvlh5_naive,14.702539271571075,14.55787968635559,14.842884063720703,3482271.0,True,16048,231,wt_med,0.23601120136159182,0.1660156726837158,0.305283522605896,0.10496551990509033,0.36211559772491453,3464288.0,0.9515596425026136,False
UC2,0,busy,all,MAE,lvlh5_tft,13.689522312835608,13.542034816741943,13.854626345634461,2442733.0,True,11497,231,wt_med,-0.5646796371683624,-0.6834474563598633,-0.4431739568710327,-0.8785352945327759,-0.2774136066436768,2427006.0,0.6666423119878307,True
UC2,0,busy,all,MAE,oracle_level,9.666573551445923,9.594725608825684,9.740923500061035,3657495.0,True,16304,231,wt_med,-4.9067007397969995,-5.0150857925415036,-4.796126461029052,-5.440999293327332,-4.420861291885376,3632268.0,0.9976998562341477,True
UC2,0,busy,all,MAE,oracle_shape,11.702657900434419,11.543811202049255,11.852649259567261,3475816.0,True,15377,231,wt_med,-2.7633786569511987,-2.86623797416687,-2.6620908975601196,-2.9799750804901124,-2.5102057933807376,3450126.0,0.9476696692506431,True
UC2,0,busy,all,MAE,snaive7,16.639730502786225,16.44808945655823,16.816236352920534,3097917.0,True,15443,231,wt_med,2.126604962653886,1.9775092363357545,2.279640293121338,1.723671269416809,2.4824487209320067,3086131.0,0.8476886768872084,False
UC2,0,busy,all,MAE,wt_med,14.555028206563568,14.413905215263366,14.695165538787842,3640642.0,True,16450,231,wt_med,,,,,,,,
UC3,1,all,all,MAE,clim,8.095228229901275,8.004306435585022,8.17633101940155,10715730.0,True,18028,230,wt_med,0.5221906524396029,0.492432975769043,0.5511177182197571,0.43429296016693114,0.6200201988220215,10664558.0,0.9195695529068441,False
UC3,1,all,all,MAE,driver_level,7.824484078306813,7.741928660869599,7.90509352684021,11095523.0,True,18127,230,wt_med,0.20644961359423508,0.16440813541412352,0.24620128870010374,0.09323551654815673,0.3274208426475525,11029392.0,0.9510279816823466,False
UC3,1,all,all,MAE,driver_level_x_h5,7.824484078306814,7.741928660869599,7.90509352684021,11095523.0,True,18127,230,wt_med,0.20644961359423597,0.16440813541412352,0.24620128870010374,0.09323551654815673,0.32742130756378174,11029392.0,0.9510279816823466,False
UC3,1,all,all,MAE,h5,7.586142732049037,7.501377725601197,7.661385798454285,11699219.0,True,19273,230,wt_med,-0.06676428713764171,-0.07159816026687622,-0.061944675445556645,-0.08567608594894409,-0.05145770311355591,11597337.0,1.0,True
UC3,1,all,all,MAE,lvlh5_cbd,10.041600127171908,9.899794268608094,10.180528354644775,6430221.0,True,10167,230,wt_med,2.596335176948073,2.5123769879341125,2.682155990600586,2.207782030105591,3.0598910808563233,6384154.0,0.5504844776003319,False
UC3,1,all,all,MAE,lvlh5_naive,7.854493669818345,7.772261679172516,7.932477056980133,11132015.0,True,18871,230,wt_med,0.24775665150813175,0.21857603788375854,0.27670655250549314,0.1918499708175659,0.30674579143524167,11062134.0,0.9538512160162286,False
UC3,1,all,all,MAE,lvlh5_tft,7.4995976996003035,7.410209584236145,7.586947190761566,8042054.0,True,13356,230,wt_med,0.08851404737473789,0.03803573846817017,0.13822407722473143,-0.04558860063552856,0.2283856868743896,7980971.0,0.6881727244797663,False
UC3,1,all,all,MAE,oracle_level,5.42361360377196,5.376203155517578,5.471900045871735,11646265.0,True,19113,230,wt_med,-2.250489968826746,-2.2977025151252746,-2.2019698143005373,-2.5466225147247314,-1.9962475061416627,11550901.0,0.995995977352387,True
UC3,1,all,all,MAE,oracle_shape,6.542374389928938,6.460597169399262,6.617095541954041,11103244.0,True,18041,230,wt_med,-1.0776179617278192,-1.129945659637451,-1.0270090103149414,-1.2944842100143432,-0.8693174481391907,10996756.0,0.9482138873777661,True
UC3,1,all,all,MAE,snaive7,8.68927399557153,8.592964267730713,8.785763788223267,9971840.0,True,18230,230,wt_med,1.060806690104676,0.9975777387619018,1.1282432079315186,0.8680996417999267,1.2454769372940062,9910398.0,0.8545408312270308,False
UC3,1,all,all,MAE,wt_med,7.656693342618223,7.571970272064209,7.732551681995392,11597337.0,True,19262,230,wt_med,,,,,,,,
UC3,1,busy,all,MAE,clim,15.62169498594114,15.466678094863891,15.780323314666749,3299343.0,True,15221,230,wt_med,1.0059034158420062,0.931099271774292,1.0779425382614136,0.7912906169891357,1.2448349714279174,3289028.0,0.9115597766378836,False
UC3,1,busy,all,MAE,driver_level,14.526963108972454,14.37539050579071,14.668431210517884,3460868.0,True,15421,230,wt_med,-0.11180346176416656,-0.2142411470413208,-0.017556142807006857,-0.41365938186645507,0.1673496484756469,3442026.0,0.9539634359275104,False
UC3,1,busy,all,MAE,driver_level_x_h5,14.526963108972454,14.37539050579071,14.668431210517884,3460868.0,True,15421,230,wt_med,-0.11180346176416656,-0.2142411470413208,-0.017556142807006857,-0.41365938186645507,0.1673496484756469,3442026.0,0.9539634359275104,False
UC3,1,busy,all,MAE,h5,14.551164862796997,14.407886028289795,14.688528156280517,3636072.0,True,16318,230,wt_med,-0.17461802256680237,-0.18728442192077638,-0.16341116428375244,-0.21509461402893065,-0.14008066654205323,3608132.0,1.0,True
UC3,1,busy,all,MAE,lvlh5_cbd,18.677652528511686,18.398558616638184,18.955517387390138,1899350.0,True,8733,230,wt_med,4.370691124007731,4.137080812454224,4.590706205368042,3.208858919143677,5.587329363822937,1888216.0,0.5233223174761898,False
UC3,1,busy,all,MAE,lvlh5_naive,14.708022824543372,14.566709494590759,14.847424578666686,3468824.0,True,15944,230,wt_med,0.07497318505412665,0.001891756057739258,0.14608211517333985,-0.05809056758880615,0.19860475063323973,3449117.0,0.9559287187941018,False
UC3,1,busy,all,MAE,lvlh5_tft,13.901530935586534,13.757350778579712,14.062269449234009,2412586.0,True,11352,230,wt_med,-0.4947546563608256,-0.6146043062210083,-0.37741189002990727,-0.8184114933013916,-0.20532510280609131,2396352.0,0.6641530853084089,True
UC3,1,busy,all,MAE,oracle_level,9.682172561808525,9.607438921928406,9.75722782611847,3626658.0,True,16159,230,wt_med,-5.06513949320296,-5.173894572257995,-4.953916764259338,-5.6174161195755,-4.570720601081848,3599756.0,0.9976785771695714,True
UC3,1,busy,all,MAE,oracle_shape,11.664496638180841,11.50682990550995,11.81479377746582,3464227.0,True,15323,230,wt_med,-2.965386096848034,-3.0724960803985595,-2.8671374320983887,-3.1804338455200196,-2.710296392440796,3435682.0,0.9522051853978735,True
UC3,1,busy,all,MAE,snaive7,16.611200821151783,16.42058210372925,16.78728895187378,3088345.0,True,15383,230,wt_med,1.9283813840319635,1.7763108015060425,2.0831759214401244,1.5046472072601318,2.294250512123108,3072588.0,0.8515730577484416,False
UC3,1,busy,all,MAE,wt_med,14.728047227762177,14.582443737983704,14.869409775733947,3608132.0,True,16308,230,wt_med,,,,,,,,
UC3,2,all,all,MAE,clim,8.116379894864009,8.02784161567688,8.198936080932617,10648304.0,True,17940,229,wt_med,0.5030048900549371,0.47193082571029665,0.5320211768150329,0.4131271243095398,0.6051764488220215,10594564.0,0.9195074569959605,False
UC3,2,all,all,MAE,driver_level,7.861860966283172,7.777736461162567,7.942157554626465,11067013.0,True,18086,229,wt_med,0.2033216187980056,0.16164515018463135,0.24397797584533693,0.08506537675857544,0.32647536993026727,10995874.0,0.9543373506628494,False
UC3,2,all,all,MAE,driver_level_x_h5,7.86186096628317,7.777736461162567,7.942157554626465,11067013.0,True,18086,229,wt_med,0.2033216187980056,0.16164515018463135,0.24397797584533693,0.0850644588470459,0.32647536993026727,10995874.0,0.9543373506628494,False
UC3,2,all,all,MAE,h5,7.6233744743867975,7.538971996307373,7.698637330532074,11628085.0,True,19160,229,wt_med,-0.0695673283342586,-0.07450419664382935,-0.06468985080718995,-0.08877804279327392,-0.05377182960510254,11521999.0,1.0,True
UC3,2,all,all,MAE,lvlh5_cbd,10.059145223053308,9.93278067111969,10.196008205413818,6385849.0,True,10107,229,wt_med,2.582967080008305,2.4967645406723022,2.669669210910797,2.1895975351333616,3.038169467449188,6337170.0,0.5500061230694431,False
UC3,2,all,all,MAE,lvlh5_naive,7.861957677696699,7.7812551856040955,7.940043210983276,11100604.0,True,18770,229,wt_med,0.21427507991042116,0.18352509737014772,0.2440539240837097,0.15541862249374389,0.274238133430481,11025863.0,0.9569401108262551,False
UC3,2,all,all,MAE,lvlh5_tft,7.568702064240277,7.482113313674927,7.658064496517182,7973462.0,True,13242,229,wt_med,0.12328631151282377,0.07535580396652222,0.17437664270401002,-0.011278140544891357,0.25945972204208373,7910098.0,0.6865213232530223,False
UC3,2,all,all,MAE,oracle_level,5.429680270139286,5.382524836063385,5.479120135307312,11575541.0,True,19005,229,wt_med,-2.2860826103188545,-2.3336132645606993,-2.236245405673981,-2.5851789355278014,-2.0297438621521,11475956.0,0.9960039052251263,True
UC3,2,all,all,MAE,oracle_shape,6.5385408636586675,6.457880568504334,6.614550065994263,11078271.0,True,18001,229,wt_med,-1.122053591179668,-1.1751107215881347,-1.0734917998313904,-1.3418299436569214,-0.9141182303428651,10963293.0,0.9515096295356388,True
UC3,2,all,all,MAE,snaive7,8.685913328171484,8.589782667160033,8.781866860389709,9951215.0,True,18191,229,wt_med,1.0155185245711698,0.9517795324325562,1.083642852306366,0.8229074835777282,1.1990672230720518,9882415.0,0.8576996925620285,False
UC3,2,all,all,MAE,wt_med,7.6981939071510075,7.612758469581604,7.774066281318665,11521999.0,True,19151,229,wt_med,,,,,,,,
UC3,2,busy,all,MAE,clim,15.632358517416701,15.47915859222412,15.78799228668213,3278089.0,True,15128,229,wt_med,0.9572270871802324,0.8854940176010132,1.0302925825119018,0.7326888322830201,1.2040790557861327,3267243.0,0.9119601078528244,False
UC3,2,busy,all,MAE,driver_level,14.590681527621978,14.442559075355529,14.736447763442992,3450924.0,True,15373,229,wt_med,-0.10897259024243944,-0.2101896286010742,-0.015260720252990745,-0.41909830570220946,0.18653769493103023,3430745.0,0.9575971484874367,False
UC3,2,busy,all,MAE,driver_level_x_h5,14.590681527621978,14.442559075355529,14.736447763442992,3450924.0,True,15373,229,wt_med,-0.10897259024243944,-0.2101896286010742,-0.015260720252990745,-0.41910016536712646,0.18653779029846188,3430745.0,0.9575971484874367,False
UC3,2,busy,all,MAE,h5,14.602252750523663,14.458580470085144,14.743755292892455,3611585.0,True,16211,229,wt_med,-0.1817059810308539,-0.1934783935546875,-0.17017979621887208,-0.2228532075881958,-0.1472020149230957,3582660.0,1.0,True
UC3,2,busy,all,MAE,lvlh5_cbd,18.73787292355383,18.463144731521606,19.01148614883423,1878823.0,True,8655,229,wt_med,4.357640460818407,4.113023471832276,4.5827317237854,3.2003979444503785,5.534971499443054,1866991.0,0.5211186660191032,False
UC3,2,busy,all,MAE,lvlh5_naive,14.698723529006944,14.553369140625,14.837222290039062,3458118.0,True,15848,229,wt_med,0.004557469573219564,-0.0698779821395874,0.07668466567993164,-0.1332948923110962,0.13006775379180907,3437190.0,0.9593960911724808,False
UC3,2,busy,all,MAE,lvlh5_tft,14.038064596144432,13.879242157936096,14.203960537910461,2387423.0,True,11240,229,wt_med,-0.4147293246088317,-0.5368799209594727,-0.28925633430480957,-0.7465283632278442,-0.12274012565612799,2370739.0,0.6617259243132197,True
UC3,2,busy,all,MAE,oracle_level,9.677446487410458,9.603449368476868,9.750942349433899,3602159.0,True,16055,229,wt_med,-5.130672995971816,-5.244865369796753,-5.013728594779968,-5.684263014793396,-4.629676628112793,3574311.0,0.9976696086148281,True
UC3,2,busy,all,MAE,oracle_shape,11.639154852267895,11.483094596862793,11.78888463973999,3455008.0,True,15279,229,wt_med,-3.0500810088440122,-3.157054829597473,-2.951577138900757,-3.27388334274292,-2.78860239982605,3424381.0,0.9558208147019254,True
UC3,2,busy,all,MAE,snaive7,16.592351727522175,16.40564727783203,16.767275524139404,3079179.0,True,15332,229,wt_med,1.8447929170933417,1.6930932998657227,1.997606372833252,1.4161081075668336,2.208162498474121,3061455.0,0.8545201051732512,False
UC3,2,busy,all,MAE,wt_med,14.788229695254364,14.644119477272033,14.931294751167297,3582660.0,True,16202,229,wt_med,,,,,,,,
UC3,3,all,all,MAE,clim,8.137461521745891,8.048785877227782,8.220381736755371,10579677.0,True,17833,228,wt_med,0.49007632659313405,0.4604339122772217,0.5197031021118164,0.40009409189224243,0.5944491386413574,10523724.0,0.9192085026396056,False
UC3,3,all,all,MAE,driver_level,7.87034319682735,7.787088871002197,7.955714356899262,11034185.0,True,18038,228,wt_med,0.17608077764374297,0.13299041986465454,0.2180081844329834,0.05604623556137085,0.30319948196411134,10959049.0,0.95723253685141,False
UC3,3,all,all,MAE,driver_level_x_h5,7.87034319682735,7.787088871002197,7.955714356899262,11034185.0,True,18038,228,wt_med,0.17608077764374208,0.13299041986465454,0.2180081844329834,0.05604623556137085,0.30319857597351074,10959049.0,0.95723253685141,False
UC3,3,all,all,MAE,h5,7.654119418036345,7.570875477790833,7.727370047569275,11558007.0,True,19040,228,wt_med,-0.07223139479835261,-0.07707566022872925,-0.06736043691635132,-0.0912896752357483,-0.056784904003143316,11448680.0,1.0,True
UC3,3,all,all,MAE,lvlh5_cbd,10.073356326799338,9.94029242992401,10.216182923316955,6376127.0,True,10099,228,wt_med,2.5512197631273734,2.4638244032859804,2.635148358345032,2.1663888335227965,3.0155694246292115,6324224.0,0.5523976563236984,False
UC3,3,all,all,MAE,lvlh5_naive,7.869978706959915,7.788713037967682,7.948785376548767,11065388.0,True,18669,228,wt_med,0.18587723616645224,0.1547421932220459,0.2165156602859497,0.12597336769104003,0.247248113155365,10986822.0,0.9596584060345822,False
UC3,3,all,all,MAE,lvlh5_tft,7.654253046067727,7.569738566875458,7.7454774379730225,7912055.0,True,13131,228,wt_med,0.17811781602190901,0.1270369529724121,0.23286492824554442,0.046252870559692384,0.31417959928512573,7846229.0,0.685339183207147,False
UC3,3,all,all,MAE,oracle_level,5.4338190392576555,5.386524558067322,5.483779835700989,11505942.0,True,18889,228,wt_med,-2.3156856329075843,-2.363978862762451,-2.2649187207221986,-2.6148839712142946,-2.0581741333007812,11403135.0,0.9960218121215721,True
UC3,3,all,all,MAE,oracle_shape,6.53593227281327,6.454716002941131,6.610009753704071,11048012.0,True,17953,228,wt_med,-1.1600081840875953,-1.2144663691520692,-1.112830638885498,-1.3839049100875855,-0.9527188062667848,10926541.0,0.954393082870689,True
UC3,3,all,all,MAE,prod_served,8.111678693532541,8.024289345741272,8.205579257011413,7726729.0,True,12408,228,wt_med,0.727515285237426,0.6625504732131958,0.7980391025543212,0.5275502800941467,0.9235287666320801,7643159.0,0.6676017671906281,False
UC3,3,all,all,MAE,prod_served_lin,8.089757451050762,8.003261756896972,8.183303141593933,7726729.0,True,12408,228,wt_med,0.7054591236424619,0.6404170513153076,0.7758822798728943,0.5060052514076233,0.9016502380371094,7643159.0,0.6676017671906281,False
UC3,3,all,all,MAE,snaive7,8.68343754317026,8.586544394493103,8.78080220222473,9924367.0,True,18144,228,wt_med,0.9757500244004911,0.9124081492424011,1.0446022033691407,0.782453191280365,1.164099097251892,9846113.0,0.8600216793551746,False
UC3,3,all,all,MAE,wt_med,7.732788452467883,7.6490718126297,7.805994832515717,11448680.0,True,19032,228,wt_med,,,,,,,,
UC3,3,busy,all,MAE,clim,15.638909195634866,15.480159807205201,15.794958019256592,3256991.0,True,15026,228,wt_med,0.9203494141565507,0.8452281951904297,0.9960978031158447,0.6867053985595704,1.1756609201431274,3245833.0,0.9120021556501946,False
UC3,3,busy,all,MAE,driver_level,14.584046554187582,14.434479546546935,14.733156156539916,3441005.0,True,15325,228,wt_med,-0.16901320158182997,-0.27407116889953614,-0.06928081512451174,-0.48549814224243165,0.12216334342956543,3419679.0,0.9608487619762637,False
UC3,3,busy,all,MAE,driver_level_x_h5,14.584046554187584,14.434479546546935,14.733156156539916,3441005.0,True,15325,228,wt_med,-0.16901320158182997,-0.27407116889953614,-0.06928081512451174,-0.4854972124099731,0.1221623420715332,3419679.0,0.9608487619762637,False
UC3,3,busy,all,MAE,h5,14.645894067175554,14.50270655155182,14.788178062438964,3588746.0,True,16106,228,wt_med,-0.1877936026753435,-0.19990160465240478,-0.17628777027130127,-0.2297534942626953,-0.15267651081085204,3559019.0,1.0,True
UC3,3,busy,all,MAE,lvlh5_cbd,18.774773610544184,18.508188915252685,19.05511360168457,1869565.0,True,8639,228,wt_med,4.305049400731562,4.064270997047425,4.534512519836426,3.1449035167694093,5.489311742782593,1857012.0,0.5217763659030761,False
UC3,3,busy,all,MAE,lvlh5_naive,14.693925440417576,14.548112845420837,14.836816787719727,3447605.0,True,15763,228,wt_med,-0.05498293011877209,-0.13024768829345704,0.01854662895202636,-0.19487431049346923,0.07717223167419432,3425582.0,0.9625073650913356,False
UC3,3,busy,all,MAE,lvlh5_tft,14.241142600599938,14.094381403923034,14.41113269329071,2365059.0,True,11136,228,wt_med,-0.2668038608212395,-0.390950345993042,-0.1422388792037965,-0.5821632862091064,0.0112984418869018,2347712.0,0.6596514376573994,False
UC3,3,busy,all,MAE,oracle_level,9.672957028286262,9.599478769302369,9.746257543563843,3579462.0,True,15955,228,wt_med,-5.184608179824716,-5.295707416534424,-5.070357012748718,-5.73416268825531,-4.673789167404175,3550788.0,0.9976872840521503,True
UC3,3,busy,all,MAE,oracle_shape,11.616507281529598,11.459571146965027,11.76251323223114,3445764.0,True,15231,228,wt_med,-3.125711749718816,-3.2318952560424803,-3.021853232383728,-3.3547718048095705,-2.868095374107361,3413338.0,0.9590670912405919,True
UC3,3,busy,all,MAE,prod_served,15.303928062164474,15.142565298080445,15.476190400123595,2281303.0,True,10608,228,wt_med,0.8427723754502665,0.6978631734848022,1.001906132698059,0.4151530027389526,1.2425357103347778,2261988.0,0.6355650250813497,False
UC3,3,busy,all,MAE,prod_served_lin,15.246875360265603,15.085589694976807,15.42034604549408,2281303.0,True,10608,228,wt_med,0.7854430483273998,0.6403323173522949,0.9447413921356201,0.35889856815338134,1.1761374711990356,2261988.0,0.6355650250813497,False
UC3,3,busy,all,MAE,snaive7,16.568571969397087,16.380166721343993,16.742633485794066,3069381.0,True,15285,228,wt_med,1.7638759246516695,1.6128002882003785,1.9193173170089721,1.3322478771209716,2.134321546554565,3048986.0,0.856692813384812,False
UC3,3,busy,all,MAE,wt_med,14.8400356952295,14.696333503723144,14.980242705345153,3559019.0,True,16097,228,wt_med,,,,,,,,
UC3,4,all,all,MAE,clim,8.149612826229664,8.061687397956849,8.231066918373108,10514142.0,True,17725,227,wt_med,0.4790581378591545,0.447516655921936,0.5094418525695801,0.38613847494125364,0.5864969968795776,10457093.0,0.919135354200166,False
UC3,4,all,all,MAE,driver_level,7.8850863437731595,7.797823822498321,7.966244387626648,11001185.0,True,17992,227,wt_med,0.1628302598343936,0.118550705909729,0.2036738634109497,0.03582642078399658,0.2960999011993407,10922921.0,0.9600797145282567,False
UC3,4,all,all,MAE,driver_level_x_h5,7.885086343773158,7.797823822498321,7.966244387626648,11001185.0,True,17992,227,wt_med,0.1628302598343936,0.118550705909729,0.2036738634109497,0.03582735061645508,0.2961008548736571,10922921.0,0.9600797145282567,False
UC3,4,all,all,MAE,h5,7.678442573230252,7.595406317710877,7.7518427014350895,11488797.0,True,18926,227,wt_med,-0.07306771023682845,-0.0778688907623291,-0.06825854778289794,-0.09197664260864258,-0.05756759643554688,11377098.0,1.0,True
UC3,4,all,all,MAE,lvlh5_cbd,10.087307226016595,9.953360652923584,10.22756621837616,6345812.0,True,10050,227,wt_med,2.5351116627143524,2.442850923538208,2.6225268721580504,2.1307913422584535,3.0067083954811094,6291854.0,0.5530280217327829,False
UC3,4,all,all,MAE,lvlh5_naive,7.872251442805408,7.792181837558746,7.952740597724914,11030125.0,True,18571,227,wt_med,0.15952019389282412,0.12780431509017945,0.19106827974319457,0.09776389598846436,0.2224522829055786,10948504.0,0.9623283547351003,False
UC3,4,all,all,MAE,lvlh5_tft,7.702434523005191,7.616548264026642,7.793753159046173,7845203.0,True,13011,227,wt_med,0.1895960856778638,0.1384071707725525,0.24457132816314694,0.050551879405975345,0.3278282403945923,7777513.0,0.6836113216217352,False
UC3,4,all,all,MAE,oracle_level,5.439693839591665,5.392923963069916,5.4895418882369995,11436839.0,True,18776,227,wt_med,-2.3351531626490516,-2.3826427936553953,-2.2850685119628906,-2.6342400431632997,-2.081983721256256,11331867.0,0.9960243816129561,True
UC3,4,all,all,MAE,oracle_shape,6.530443900576506,6.448274183273315,6.603107130527496,11017801.0,True,17907,227,wt_med,-1.1942897660474525,-1.2497150421142578,-1.1463685512542725,-1.4243449568748474,-0.982850444316864,10890506.0,0.9572305696936073,True
UC3,4,all,all,MAE,prod_served,8.17818795652888,8.088866758346558,8.271922707557678,7659154.0,True,12284,227,wt_med,0.766664897274925,0.6975041508674622,0.8391361832618713,0.5588030338287353,0.9702703833580018,7573224.0,0.6656551609206496,False
UC3,4,all,all,MAE,prod_served_lin,8.156140743481592,8.066571569442749,8.249041867256164,7659154.0,True,12284,227,wt_med,0.7444474440476085,0.6752990365028382,0.8164968609809875,0.537286102771759,0.947283124923706,7573224.0,0.6656551609206496,False
UC3,4,all,all,MAE,snaive7,8.67461179451191,8.576465582847595,8.772306776046753,9897722.0,True,18099,227,wt_med,0.938263679247112,0.8731445670127869,1.0065272927284241,0.7427621841430664,1.1263623118400572,9797798.0,0.8611860423457722,False
UC3,4,all,all,MAE,wt_med,7.7588324368832895,7.675370883941651,7.834219574928284,11377098.0,True,18917,227,wt_med,,,,,,,,
UC3,4,busy,all,MAE,clim,15.642801883899937,15.486523747444153,15.796467781066895,3235416.0,True,14930,227,wt_med,0.8926752407287069,0.8177992582321167,0.9712497234344482,0.6459641218185425,1.1650173425674437,3224065.0,0.9119700730494799,False
UC3,4,busy,all,MAE,driver_level,14.605194335882775,14.448299717903136,14.747332286834716,3429208.0,True,15273,227,wt_med,-0.19073732975186886,-0.3024158239364624,-0.09118001461029053,-0.5342450141906738,0.1290657043457031,3407100.0,0.9637439803127055,False
UC3,4,busy,all,MAE,driver_level_x_h5,14.605194335882775,14.448299717903136,14.747332286834716,3429208.0,True,15273,227,wt_med,-0.19073732975186886,-0.3024158239364624,-0.09118001461029053,-0.534246850013733,0.1290665626525879,3407100.0,0.9637439803127055,False
UC3,4,busy,all,MAE,h5,14.68383231553319,14.541865134239197,14.826793766021728,3565533.0,True,16004,227,wt_med,-0.1896297848116486,-0.2018885374069214,-0.17816674709320068,-0.23141658306121826,-0.15491485595703125,3535275.0,1.0,True
UC3,4,busy,all,MAE,lvlh5_cbd,18.79386059310494,18.527851009368895,19.07741575241089,1854606.0,True,8587,227,wt_med,4.290384259629928,4.042393732070923,4.5120526313781735,3.0923914909362793,5.537202072143554,1841621.0,0.520927226311956,False
UC3,4,busy,all,MAE,lvlh5_naive,14.68610234103972,14.53995976448059,14.828558444976807,3435286.0,True,15676,227,wt_med,-0.10601979337890377,-0.1818242073059082,-0.03125944137573242,-0.24937515258789061,0.029489254951477032,3412506.0,0.9652731399961814,False
UC3,4,busy,all,MAE,lvlh5_tft,14.328288846240273,14.160288238525391,14.50398428440094,2341390.0,True,11021,227,wt_med,-0.24761228331221474,-0.3757396459579468,-0.11860375404357916,-0.568945837020874,0.03455166816711409,2323675.0,0.6572826724936532,False
UC3,4,busy,all,MAE,oracle_level,9.677660189048881,9.604196405410766,9.753941559791565,3556290.0,True,15849,227,wt_med,-5.219515615886172,-5.333717226982117,-5.104545617103577,-5.7726325511932375,-4.708408522605896,3527099.0,0.997687308625213,True
UC3,4,busy,all,MAE,oracle_shape,11.596820210075943,11.44385051727295,11.744328474998474,3434730.0,True,15176,227,wt_med,-3.1891421364206973,-3.2929226875305178,-3.084501266479492,-3.418223166465759,-2.9332123041152953,3400760.0,0.9619506261889104,True
UC3,4,busy,all,MAE,prod_served,15.42643906804478,15.261389207839965,15.602734279632568,2257190.0,True,10497,227,wt_med,0.917274742896268,0.7639794826507569,1.0792186975479126,0.4796759843826294,1.3272903442382813,2237521.0,0.6329128568498914,False
UC3,4,busy,all,MAE,prod_served_lin,15.369172732468247,15.202641868591309,15.543252182006835,2257190.0,True,10497,227,wt_med,0.8596625461839249,0.7060048103332519,1.0195977926254272,0.4274605274200439,1.2784387826919554,2237521.0,0.6329128568498914,False
UC3,4,busy,all,MAE,snaive7,16.539867401884,16.351306343078612,16.712663412094116,3057962.0,True,15222,227,wt_med,1.6909912952507273,1.53437020778656,1.8463799715042113,1.256998896598816,2.071301579475403,3032023.0,0.857648414904074,False
UC3,4,busy,all,MAE,wt_med,14.881070496637461,14.733797001838685,15.024600434303284,3535275.0,True,15996,227,wt_med,,,,,,,,
UC3,5,all,all,MAE,clim,8.171895117169669,8.083234810829163,8.25481038093567,10449718.0,True,17602,226,wt_med,0.47119147147373663,0.4388397097587585,0.5025489687919616,0.3728415250778198,0.5807890176773071,10390916.0,0.9190552626355863,False
UC3,5,all,all,MAE,driver_level,7.912135020487962,7.82705020904541,7.992100644111633,10972084.0,True,17956,226,wt_med,0.15587166786379747,0.11263998746871948,0.19833533763885497,0.02660762071609497,0.29332830905914303,10889887.0,0.9631882267989518,False
UC3,5,all,all,MAE,driver_level_x_h5,7.912135020487962,7.82705020904541,7.992100644111633,10972084.0,True,17956,226,wt_med,0.15587166786379747,0.11263998746871948,0.19833533763885497,0.026607143878936767,0.2933264493942261,10889887.0,0.9631882267989518,False
UC3,5,all,all,MAE,h5,7.709728102077449,7.6263986229896545,7.785756230354309,11420113.0,True,18810,226,wt_med,-0.0742346443737727,-0.0791274905204773,-0.0694166898727417,-0.09271615743637085,-0.05869317054748535,11306084.0,1.0,True
UC3,5,all,all,MAE,lvlh5_cbd,10.127416725600893,9.995118498802185,10.266342759132385,6285352.0,True,9942,226,wt_med,2.5151894103322476,2.426576626300812,2.6024128675460814,2.1107368588447573,3.0002610206604006,6229149.0,0.5509554855598101,False
UC3,5,all,all,MAE,lvlh5_naive,7.881603790167529,7.799851989746093,7.961488211154938,10998376.0,True,18473,226,wt_med,0.13442823337829246,0.10212637186050415,0.1657882809638977,0.07017182111740113,0.2004677414894104,10913042.0,0.965236239178835,False
UC3,5,all,all,MAE,lvlh5_tft,7.777383113431855,7.684083521366119,7.868580234050751,7775021.0,True,12873,226,wt_med,0.22927094617123434,0.17679423093795776,0.2825391173362732,0.08980988264083863,0.3673781871795654,7705399.0,0.6815267779719308,False
UC3,5,all,all,MAE,oracle_level,5.449119910263712,5.4012650609016415,5.4982071876525875,11368326.0,True,18663,226,wt_med,-2.3595436749547583,-2.4076451301574706,-2.308429443836212,-2.6611382722854615,-2.104475784301758,11261163.0,0.9960268294486402,True
UC3,5,all,all,MAE,oracle_shape,6.530900112794645,6.448245930671692,6.605762839317322,10992494.0,True,17872,226,wt_med,-1.2276296450819704,-1.282317543029785,-1.1783803462982179,-1.4625627160072328,-1.0145309925079347,10857595.0,0.9603320654613923,True
UC3,5,all,all,MAE,prod_served,8.25574783079539,8.160077142715455,8.348453378677368,7592299.0,True,12153,226,wt_med,0.8185685826447138,0.7533921718597412,0.8851245641708374,0.6099757552146912,1.0305494427680968,7502452.0,0.6635765310075531,False
UC3,5,all,all,MAE,prod_served_lin,8.234363810619156,8.13956127166748,8.327072262763977,7592299.0,True,12153,226,wt_med,0.7970250092902962,0.7320060849189758,0.8633373498916626,0.5910415053367615,1.0075431227684022,7502452.0,0.6635765310075531,False
UC3,5,all,all,MAE,snaive7,8.67086250862539,8.572283673286439,8.769513511657715,9876365.0,True,18065,226,wt_med,0.8999464688528152,0.8339402556419373,0.968869936466217,0.7060750961303711,1.0895567774772643,9745728.0,0.8619897039505455,False
UC3,5,all,all,MAE,wt_med,7.7920727459658,7.708423125743866,7.8681516408920285,11306084.0,True,18800,226,wt_med,,,,,,,,
UC3,5,busy,all,MAE,clim,15.671633677046096,15.517544937133788,15.8251366853714,3213536.0,True,14824,226,wt_med,0.8708791517668928,0.7891535758972168,0.9491698503494262,0.6158737897872925,1.1574136018753052,3201950.0,0.9115687625958308,False
UC3,5,busy,all,MAE,driver_level,14.649200835881834,14.494444346427917,14.794060325622558,3418282.0,True,15234,226,wt_med,-0.20384428452652337,-0.31143875122070314,-0.10518002510070801,-0.5448425531387329,0.11555683612823484,3395076.0,0.9665501423316426,False
UC3,5,busy,all,MAE,driver_level_x_h5,14.649200835881834,14.494444346427917,14.794060325622558,3418282.0,True,15234,226,wt_med,-0.20384428452652337,-0.31143875122070314,-0.10518002510070801,-0.5448425531387329,0.11555776596069334,3395076.0,0.9665501423316426,False
UC3,5,busy,all,MAE,h5,14.73744965844928,14.59185450077057,14.882599043846131,3543544.0,True,15905,226,wt_med,-0.19269331139498647,-0.2047804594039917,-0.18096537590026857,-0.23362200260162352,-0.1585090398788452,3512571.0,1.0,True
UC3,5,busy,all,MAE,lvlh5_cbd,18.859671868730914,18.590572595596313,19.140677881240844,1834465.0,True,8489,226,wt_med,4.25762328989828,4.011316132545471,4.498224377632141,3.0463152885437013,5.5008039474487305,1820973.0,0.5184159978545629,False
UC3,5,busy,all,MAE,lvlh5_naive,14.69253467407472,14.541739797592163,14.835322189331055,3423782.0,True,15604,226,wt_med,-0.15665265283413277,-0.23473918437957764,-0.08277270793914798,-0.30116231441497804,-0.016977763175964358,3399935.0,0.9679334595656571,True
UC3,5,busy,all,MAE,lvlh5_tft,14.508671033480502,14.347520661354064,14.687689614295959,2317492.0,True,10897,226,wt_med,-0.12093384465118362,-0.24635694026947022,0.009477353096008268,-0.4593719482421875,0.1922516584396362,2299283.0,0.6545869108410904,False
UC3,5,busy,all,MAE,oracle_level,9.686932316426077,9.612178707122803,9.762976551055909,3534349.0,True,15752,226,wt_med,-5.269197876229763,-5.384133958816529,-5.1514808177948,-5.8249993324279785,-4.753669667243957,3504473.0,0.9976945661738937,True
UC3,5,busy,all,MAE,oracle_shape,11.59156735981199,11.43687138557434,11.736912989616394,3424878.0,True,15137,226,wt_med,-3.2504109091506006,-3.357928729057312,-3.146418738365173,-3.4836839199066163,-2.9903298139572145,3388774.0,0.9647560148962113,True
UC3,5,busy,all,MAE,prod_served,15.639383498004026,15.454813504219056,15.81971549987793,2233245.0,True,10383,226,wt_med,1.0916108007280485,0.9422024726867676,1.2452798366546631,0.6385682106018067,1.5261287212371826,2213036.0,0.6300331011102693,False
UC3,5,busy,all,MAE,prod_served_lin,15.583283965709091,15.398101639747619,15.764137315750123,2233245.0,True,10383,226,wt_med,1.0351576973894687,0.8846786737442016,1.1881255149841308,0.5768510341644287,1.4596088647842407,2213036.0,0.6300331011102693,False
UC3,5,busy,all,MAE,snaive7,16.518166971445293,16.331246376037598,16.69277958869934,3048114.0,True,15165,226,wt_med,1.61104573977706,1.4517971754074097,1.7683462619781494,1.1626939535140992,1.993382430076599,3015253.0,0.858417666148243,False
UC3,5,busy,all,MAE,wt_med,14.937988584430038,14.791272044181824,15.084556937217712,3512571.0,True,15896,226,wt_med,,,,,,,,
UC3,6,all,all,MAE,clim,8.201583907534879,8.112566137313843,8.28590943813324,10385581.0,True,17484,225,wt_med,0.4429099582403122,0.4111448049545288,0.4737161874771118,0.3415901780128479,0.5560837745666504,10323832.0,0.9192526187194364,False
UC3,6,all,all,MAE,driver_level,7.928047745398549,7.844779086112976,8.010473108291626,10938994.0,True,17919,225,wt_med,0.11039771469797977,0.06384965181350707,0.15538564920425416,-0.02250642776489258,0.24818936586380003,10851406.0,0.9662287590778118,False
UC3,6,all,all,MAE,driver_level_x_h5,7.928047745398549,7.844779086112976,8.010473108291626,10938994.0,True,17919,225,wt_med,0.11039771469798154,0.06384965181350707,0.15538564920425416,-0.02250642776489258,0.2481893539428711,10851406.0,0.9662287590778118,False
UC3,6,all,all,MAE,h5,7.767203340877285,7.683731472492218,7.846765947341919,11348606.0,True,18696,225,wt_med,-0.07634857706746168,-0.08113356828689575,-0.07153927087783814,-0.09528219699859619,-0.0604976773262024,11230680.0,1.0,True
UC3,6,all,all,MAE,lvlh5_cbd,10.49133566934639,10.354880905151367,10.637200617790223,6222193.0,True,9835,225,wt_med,2.7999383153926694,2.7155627250671386,2.8918029189109804,2.3954729080200194,3.2676234245300293,6163621.0,0.5488199289802577,False
UC3,6,all,all,MAE,lvlh5_naive,7.904332630712871,7.8223058700561525,7.982633626461029,10962937.0,True,18388,225,wt_med,0.09505421185567542,0.06274651288986206,0.1273079514503479,0.028685855865478515,0.16541897058486937,10872371.0,0.9680955204849573,False
UC3,6,all,all,MAE,lvlh5_tft,7.8496964789643995,7.753016245365143,7.939947617053986,7690556.0,True,12735,225,wt_med,0.24103661502538642,0.1873884081840515,0.2946614861488342,0.10110553503036498,0.3813887596130371,7618674.0,0.6783804720640246,False
UC3,6,all,all,MAE,oracle_level,5.471266364979991,5.4216939330101015,5.521541130542755,11297033.0,True,18553,225,wt_med,-2.397405780368153,-2.448326551914215,-2.3454391956329346,-2.702954125404358,-2.1369572162628176,11186108.0,0.9960312287412695,True
UC3,6,all,all,MAE,oracle_shape,6.531244991604688,6.448769378662109,6.607904517650605,10967283.0,True,17839,225,wt_med,-1.2900733670320292,-1.3452880382537842,-1.2400315165519715,-1.525000548362732,-1.0743975758552553,10819274.0,0.9633676678527034,True
UC3,6,all,all,MAE,prod_served,8.282648759055395,8.18350808620453,8.377848744392395,7514719.0,True,12022,225,wt_med,0.7911562641079728,0.7229309797286987,0.8659999012947083,0.5881716966629028,0.9912025451660156,7420450.0,0.6607302496375999,False
UC3,6,all,all,MAE,prod_served_lin,8.262242723247535,8.163633966445923,8.35715115070343,7514719.0,True,12022,225,wt_med,0.7706089590253962,0.7020012378692627,0.8461043477058411,0.5650997281074523,0.9725684404373168,7420450.0,0.6607302496375999,False
UC3,6,all,all,MAE,snaive7,8.6667038085783,8.567112064361572,8.765577006340028,9854097.0,True,18031,225,wt_med,0.8322713152790779,0.7630552768707275,0.9042137861251831,0.6324232816696167,1.0242658615112303,9683922.0,0.8622738783404033,False
UC3,6,all,all,MAE,wt_med,7.852518235761325,7.768031120300293,7.932815825939178,11230680.0,True,18682,225,wt_med,,,,,,,,
UC3,6,busy,all,MAE,clim,15.71619261172228,15.560885667800903,15.873150038719178,3192246.0,True,14718,225,wt_med,0.8188288288288295,0.7385889291763306,0.8960670232772827,0.5544528245925904,1.1248236656188964,3180150.0,0.9120835910995165,False
UC3,6,busy,all,MAE,driver_level,14.658253868392439,14.504643058776855,14.79869840145111,3404090.0,True,15190,225,wt_med,-0.30352752226965585,-0.41845905780792236,-0.1992937088012696,-0.6545760154724121,0.009560036659240703,3379512.0,0.9692616515333897,False
UC3,6,busy,all,MAE,driver_level_x_h5,14.658253868392439,14.504643058776855,14.79869840145111,3404090.0,True,15190,225,wt_med,-0.30352752226965585,-0.41845905780792236,-0.1992937088012696,-0.6545750856399536,0.009560012817382793,3379512.0,0.9692616515333897,False
UC3,6,busy,all,MAE,h5,14.837689175132477,14.69519853591919,14.98797378540039,3518565.0,True,15800,225,wt_med,-0.1972940752926764,-0.20952754020690917,-0.18562028408050538,-0.2385939836502075,-0.1621349573135376,3486687.0,1.0,True
UC3,6,busy,all,MAE,lvlh5_cbd,19.49495978396124,19.216635179519653,19.781111764907838,1815636.0,True,8391,225,wt_med,4.767577805038426,4.532889413833618,5.010092806816101,3.581516408920288,5.945367813110351,1801596.0,0.5167071205416488,False
UC3,6,busy,all,MAE,lvlh5_naive,14.72704917061111,14.575526690483093,14.872225666046143,3409041.0,True,15524,225,wt_med,-0.2319250082247457,-0.3123979330062866,-0.15300767421722414,-0.3907293796539307,-0.08347027301788332,3383868.0,0.9705109750315988,True
UC3,6,busy,all,MAE,lvlh5_tft,14.618005369035329,14.456231164932252,14.787312817573547,2288353.0,True,10775,225,wt_med,-0.10806669907941924,-0.24662551879882813,0.026439237594604478,-0.42735891342163085,0.19069910049438474,2269750.0,0.6509761271946694,False
UC3,6,busy,all,MAE,oracle_level,9.71777957282747,9.63996925354004,9.796734738349915,3509433.0,True,15650,225,wt_med,-5.343448789661268,-5.459087085723877,-5.223495817184448,-5.902372407913208,-4.823516869544983,3478665.0,0.9976992485990283,True
UC3,6,busy,all,MAE,oracle_shape,11.584614967809667,11.430020928382874,11.734320712089538,3413369.0,True,15098,225,wt_med,-3.367324596813045,-3.479973888397217,-3.264544677734375,-3.608835792541504,-3.0968576431274415,3373238.0,0.967462235640882,True
UC3,6,busy,all,MAE,prod_served,15.672801453424215,15.49164388179779,15.854644942283631,2206651.0,True,10261,225,wt_med,1.0344562687504766,0.8672478675842286,1.1988329887390137,0.6142198085784912,1.4192856550216675,2185611.0,0.6268446235638587,False
UC3,6,busy,all,MAE,prod_served_lin,15.619054168511468,15.437668299674987,15.80096414089203,2206651.0,True,10261,225,wt_med,0.9804172037018475,0.8128260374069214,1.1454162836074828,0.5641475915908813,1.366549277305603,2185611.0,0.6268446235638587,False
UC3,6,busy,all,MAE,snaive7,16.488229768055206,16.302671813964842,16.665800666809083,3034817.0,True,15103,225,wt_med,1.4705873903342823,1.3095900058746337,1.62962749004364,1.0074613571166993,1.8703132390975952,2993529.0,0.8585597158563416,False
UC3,6,busy,all,MAE,wt_med,15.044153949006606,14.900985956192017,15.193630266189576,3486687.0,True,15788,225,wt_med,,,,,,,,
UC3,7,all,all,MAE,clim,8.232249439654403,8.141790628433228,8.317676496505737,10318632.0,True,17382,224,wt_med,0.37252755753201594,0.34058231115341187,0.40391539335250853,0.2732814311981201,0.481331467628479,10251553.0,0.9207235233742127,False
UC3,7,all,all,MAE,driver_level,8.153518671155874,8.06411817073822,8.234382557868958,10582376.0,True,17265,224,wt_med,0.27002777836212477,0.2249476432800293,0.3134924054145813,0.1272453784942627,0.4218253970146179,10497658.0,0.942826970795302,False
UC3,7,all,all,MAE,driver_level_x_h5,8.153518671155872,8.06411817073822,8.234382557868958,10582376.0,True,17265,224,wt_med,0.27002777836212655,0.2249476432800293,0.3134924054145813,0.1272453784942627,0.4218253970146179,10497658.0,0.942826970795302,False
UC3,7,all,all,MAE,h5,7.872739623522887,7.786635136604309,7.954013693332672,11258108.0,True,18551,224,wt_med,-0.08040446713182625,-0.08537859916687011,-0.07560678720474243,-0.09974491596221924,-0.06369773149490357,11134236.0,1.0,True
UC3,7,all,all,MAE,lvlh5_cbd,10.64138539331259,10.503182768821716,10.79029405117035,6133868.0,True,9689,224,wt_med,2.849381856342169,2.756123435497284,2.9355322241783144,2.42830730676651,3.3285990953445435,6073073.0,0.545441375591464,False
UC3,7,all,all,MAE,lvlh5_naive,8.213284179208678,8.128140735626221,8.294518160820008,10623789.0,True,18116,224,wt_med,0.34293747505514816,0.31287579536437987,0.37290536165237426,0.2836431622505188,0.40970754623413086,10534762.0,0.9461593952202917,False
UC3,7,all,all,MAE,lvlh5_tft,8.036726302745498,7.942073810100555,8.134645342826843,7597280.0,True,12575,224,wt_med,0.3238078090683283,0.27052998542785645,0.3820142030715942,0.1917509913444519,0.46843453645706173,7522559.0,0.6756241739442204,False
UC3,7,all,all,MAE,oracle_level,5.505015611753597,5.456918478012085,5.556365966796875,11206629.0,True,18408,224,wt_med,-2.474597734209649,-2.5267489194869994,-2.421434533596039,-2.788617503643036,-2.2057083368301393,11090070.0,0.9960333156221944,True
UC3,7,all,all,MAE,oracle_shape,6.988754564759491,6.9033919215202335,7.065997838973999,10604631.0,True,17188,224,wt_med,-0.892418417015123,-0.9440225243568421,-0.844688105583191,-1.1253302216529846,-0.6772719502449036,10467448.0,0.9401137177261197,True
UC3,7,all,all,MAE,prod_served,8.485246301102862,8.387026691436768,8.591252660751342,7436203.0,True,11891,224,wt_med,0.890477560920214,0.8160237789154052,0.9610107183456421,0.6679714322090149,1.109778678417206,7335127.0,0.6587903292152241,False
UC3,7,all,all,MAE,prod_served_lin,8.465058999196229,8.36728343963623,8.570746898651123,7436203.0,True,11891,224,wt_med,0.8701160354824129,0.7962263584136963,0.9406668186187744,0.6456105470657348,1.0863851308822632,7335127.0,0.6587903292152241,False
UC3,7,all,all,MAE,wt_med,7.962198798372874,7.875600838661194,8.045207023620605,11134236.0,True,18535,224,wt_med,,,,,,,,
UC3,7,busy,all,MAE,clim,15.75810780642419,15.603236603736878,15.916441631317138,3171388.0,True,14633,224,wt_med,0.6839996403189765,0.6042062282562256,0.7610032081604003,0.42015297412872316,0.9884360790252685,3158354.0,0.914058337474304,False
UC3,7,busy,all,MAE,driver_level,15.107413835416116,14.943073797225953,15.253579664230347,3289239.0,True,14646,224,wt_med,0.03231453041376753,-0.07512686252593995,0.13992304801940916,-0.34211931228637693,0.39619741439819334,3265713.0,0.9451290752867544,False
UC3,7,busy,all,MAE,driver_level_x_h5,15.107413835416116,14.943073797225953,15.253579664230347,3289239.0,True,14646,224,wt_med,0.032314530413763976,-0.07512686252593995,0.13992304801940916,-0.3421192646026611,0.39619648456573486,3265713.0,0.9451290752867544,False
UC3,7,busy,all,MAE,h5,15.030763545657825,14.889556574821473,15.181246495246887,3488701.0,True,15669,224,wt_med,-0.2057391610996291,-0.2179579734802246,-0.19386692047119142,-0.2507822513580322,-0.16794271469116212,3455309.0,1.0,True
UC3,7,busy,all,MAE,lvlh5_cbd,19.774751125758723,19.48714671134949,20.055787229537962,1788188.0,True,8274,224,wt_med,4.869907198744958,4.626627445220947,5.105440974235535,3.6986692428588865,6.001324415206909,1773811.0,0.5133581396048805,False
UC3,7,busy,all,MAE,lvlh5_naive,15.38374048197473,15.220389437675475,15.530700635910033,3298606.0,True,15259,224,wt_med,0.3131707200102163,0.24381499290466307,0.3835540771484375,0.167183518409729,0.4657952308654785,3274154.0,0.9475719827083482,False
UC3,7,busy,all,MAE,lvlh5_tft,14.96353022380038,14.799263668060302,15.144014239311218,2256560.0,True,10637,224,wt_med,0.03269374214599097,-0.09156153202056885,0.17155754566192624,-0.2851575374603271,0.3267874002456665,2237479.0,0.6475481642886353,False
UC3,7,busy,all,MAE,oracle_level,9.768439072126755,9.693088722229003,9.844694471359253,3479682.0,True,15527,224,wt_med,-5.4942170387213825,-5.612838792800903,-5.374669289588928,-6.058520007133484,-4.96058874130249,3447419.0,0.9977165573324991,True
UC3,7,busy,all,MAE,oracle_shape,12.437411064147579,12.273728513717652,12.591674971580506,3295017.0,True,14557,224,wt_med,-2.6242101398255606,-2.7303056478500367,-2.5221744060516356,-2.8720643520355225,-2.351203107833862,3259775.0,0.9434105603869292,True
UC3,7,busy,all,MAE,prod_served,16.092049011453714,15.91048972606659,16.278991603851317,2179817.0,True,10141,224,wt_med,1.2560754325557806,1.095741057395935,1.4158156633377075,0.8363794565200806,1.6891127824783325,2157583.0,0.6244254855354471,False
UC3,7,busy,all,MAE,prod_served_lin,16.03764610744847,15.85558795928955,16.22430944442749,2179817.0,True,10141,224,wt_med,1.2013146771178693,1.0426545858383178,1.3610256433486938,0.7818223714828492,1.6285215139389035,2157583.0,0.6244254855354471,False
UC3,7,busy,all,MAE,wt_med,15.244589412987377,15.103795456886292,15.394089961051941,3455309.0,True,15655,224,wt_med,,,,,,,,
UC3,10,all,all,MAE,clim,8.29223968216635,8.204448533058166,8.374837112426757,10127562.0,True,17114,221,wt_med,0.3228176865199073,0.29011582136154174,0.35368897914886477,0.2206406593322754,0.4320686817169189,10054731.0,0.9204283717758628,False
UC3,10,all,all,MAE,driver_level,8.217221477209485,8.126145887374879,8.301176190376282,10493126.0,True,17141,221,wt_med,0.21527204224037533,0.16961817741394042,0.26191394329071044,0.06802253723144532,0.3670865893363952,10397983.0,0.9518502844524733,False
UC3,10,all,all,MAE,driver_level_x_h5,8.217221477209486,8.126145887374879,8.301176190376282,10493126.0,True,17141,221,wt_med,0.21527204224037533,0.16961817741394042,0.26191394329071044,0.0680225133895874,0.3670856356620788,10397983.0,0.9518502844524733,False
UC3,10,all,all,MAE,h5,7.970770105818431,7.885206532478333,8.05400025844574,11057620.0,True,18210,221,wt_med,-0.08423296056588914,-0.08933553695678711,-0.07926630973815918,-0.10404793024063111,-0.06705338954925537,10923969.0,1.0,True
UC3,10,all,all,MAE,lvlh5_cbd,10.755793085618198,10.609769296646117,10.912873077392579,5965884.0,True,9410,221,wt_med,2.837225327484294,2.743727648258209,2.930692958831787,2.3828727841377257,3.364430737495422,5898009.0,0.539914476139579,False
UC3,10,all,all,MAE,lvlh5_naive,8.249366345826143,8.163655161857605,8.330557370185852,10527147.0,True,17827,221,wt_med,0.26007715924409247,0.2284880042076111,0.29102476835250857,0.1954389691352844,0.3329263091087341,10427971.0,0.9545954405399723,False
UC3,10,all,all,MAE,lvlh5_tft,8.199569645304887,8.097992277145385,8.30493712425232,7404956.0,True,12231,221,wt_med,0.37482789952313933,0.32055996656417846,0.431468665599823,0.23564865589141845,0.51405770778656,7323084.0,0.6703684347694505,False
UC3,10,all,all,MAE,oracle_level,5.530027835191707,5.480407309532166,5.581556904315948,11007066.0,True,18075,221,wt_med,-2.5545385126043367,-2.607772207260132,-2.4993090629577637,-2.8786417722702025,-2.2755460143089294,10880838.0,0.9960517097769135,True
UC3,10,all,all,MAE,oracle_shape,6.987772533800214,6.903200161457062,7.064826548099518,10525312.0,True,17066,221,wt_med,-1.0109368247412984,-1.0658395409584045,-0.9596348166465759,-1.2479056477546693,-0.7865432143211365,10367963.0,0.9491021990267456,True
UC3,10,all,all,MAE,prod_served,8.664843364461639,8.557835626602174,8.774475264549256,7248387.0,True,11540,221,wt_med,0.9609261568096645,0.8891578078269958,1.0387235045433045,0.7237725496292114,1.194813597202301,7136027.0,0.6532448966122112,False
UC3,10,all,all,MAE,prod_served_lin,8.643808046535042,8.537070751190186,8.75410795211792,7248387.0,True,11540,221,wt_med,0.9396589656961787,0.867934238910675,1.0175241351127624,0.7037239074707031,1.1723766326904297,7136027.0,0.6532448966122112,False
UC3,10,all,all,MAE,wt_med,8.067355967414407,7.9827764391899105,8.148006319999695,10923969.0,True,18196,221,wt_med,,,,,,,,
UC3,10,busy,all,MAE,clim,15.848495001326683,15.694956517219543,16.010288667678832,3113026.0,True,14387,221,wt_med,0.5934968544773032,0.5158542394638062,0.6662380695343018,0.32519757747650146,0.8769776821136475,3099008.0,0.9154681518934692,False
UC3,10,busy,all,MAE,driver_level,15.20846615990931,15.045531725883484,15.356345415115356,3258194.0,True,14526,221,wt_med,-0.07493308963110401,-0.18501172065734864,0.03746926784515378,-0.4657236099243164,0.2813854932785034,3232443.0,0.9548857632219669,False
UC3,10,busy,all,MAE,driver_level_x_h5,15.20846615990931,15.045531725883484,15.356345415115356,3258194.0,True,14526,221,wt_med,-0.07493308963110401,-0.18501172065734864,0.03746926784515378,-0.4657236099243164,0.2813854932785034,3232443.0,0.9548857632219669,False
UC3,10,busy,all,MAE,h5,15.211408475165495,15.06608304977417,15.367751479148865,3420181.0,True,15376,221,wt_med,-0.21385128688080535,-0.2260608196258545,-0.20176832675933837,-0.2592458963394165,-0.17574739456176758,3385162.0,1.0,True
UC3,10,busy,all,MAE,lvlh5_cbd,20.071651849146665,19.772867059707643,20.368632316589355,1720901.0,True,8004,221,wt_med,4.926959947111204,4.665337681770325,5.18678011894226,3.591005492210388,6.206695532798767,1705341.0,0.5037693912433142,False
UC3,10,busy,all,MAE,lvlh5_naive,15.42458632306931,15.259881520271302,15.569248342514038,3265628.0,True,15019,221,wt_med,0.14599395803428372,0.07669124603271485,0.22028167247772218,-0.015385270118713379,0.3234982013702392,3239134.0,0.9568623303700089,False
UC3,10,busy,all,MAE,lvlh5_tft,15.300736196822573,15.137636709213258,15.498563027381897,2186800.0,True,10331,221,wt_med,0.17590009138613993,0.03889265060424805,0.31418366432189937,-0.14386134147644042,0.4639329433441162,2166359.0,0.6399572605387867,False
UC3,10,busy,all,MAE,oracle_level,9.80048539467831,9.721377754211426,9.877377915382386,3411420.0,True,15236,221,wt_med,-5.654806775006074,-5.776103782653808,-5.527652263641357,-6.243464875221252,-5.1066810131073,3377497.0,0.9977357065924762,True
UC3,10,busy,all,MAE,oracle_shape,12.423035255105148,12.258566880226136,12.577578687667847,3266166.0,True,14435,221,wt_med,-2.8451160569895624,-2.9581796407699583,-2.7426549196243286,-3.0986120223999025,-2.5606123685836795,3226567.0,0.953149952646284,True
UC3,10,busy,all,MAE,prod_served,16.531562493343966,16.335237741470337,16.733061504364013,2112745.0,True,9827,221,wt_med,1.5070054011089518,1.340013813972473,1.684561276435852,1.0561931610107422,1.926143980026245,2088460.0,0.6169453633238232,False
UC3,10,busy,all,MAE,prod_served_lin,16.47430800924863,16.278117752075197,16.67559108734131,2112745.0,True,9827,221,wt_med,1.449292600768029,1.282382607460022,1.6258561611175537,1.0086958169937135,1.8675432682037354,2088460.0,0.6169453633238232,False
UC3,10,busy,all,MAE,wt_med,15.434834137923088,15.289939975738525,15.588147711753845,3385162.0,True,15361,221,wt_med,,,,,,,,
UC3,14,all,all,MAE,clim,8.383335703516577,8.292934441566468,8.466256809234618,9886718.0,True,16705,217,wt_med,0.25638016270583464,0.22291676998138427,0.2865553617477417,0.15173205137252807,0.36821930408477777,9808253.0,0.921075673692943,False
UC3,14,all,all,MAE,driver_level,8.390588752392361,8.301036071777343,8.4758695602417,10082691.0,True,16409,217,wt_med,0.2602655325553336,0.21555495262145996,0.30260186195373534,0.10860309600830079,0.4134440422058105,9983357.0,0.9375193803108626,False
UC3,14,all,all,MAE,driver_level_x_h5,8.390588752392361,8.301036071777343,8.4758695602417,10082691.0,True,16409,217,wt_med,0.2602655325553336,0.21555495262145996,0.30260186195373534,0.10860402584075927,0.41344313621520995,9983357.0,0.9375193803108626,False
UC3,14,all,all,MAE,h5,8.121458772834407,8.035743689537048,8.20341694355011,10793963.0,True,17766,217,wt_med,-0.08789651223896655,-0.09291341304779052,-0.08296821117401124,-0.10816584825515747,-0.07029337882995605,10648694.0,1.0,True
UC3,14,all,all,MAE,lvlh5_cbd,10.880085528413723,10.726883602142333,11.042064929008484,5677675.0,True,8899,217,wt_med,2.7777059545111715,2.6887030363082887,2.8778942108154295,2.3132295489311216,3.2809878826141357,5603342.0,0.526199926488638,False
UC3,14,all,all,MAE,lvlh5_naive,8.49767242443548,8.411498332023621,8.57616753578186,10127156.0,True,17334,217,wt_med,0.38426384060025853,0.353955602645874,0.41550703048706056,0.3219884157180786,0.4535935640335083,10021868.0,0.9411358801370384,False
UC3,14,all,all,MAE,lvlh5_tft,8.449796336007529,8.34648826122284,8.553392624855041,7114787.0,True,11729,217,wt_med,0.44674438015363727,0.39288551807403566,0.5004941582679748,0.28071228265762327,0.612790012359619,7024986.0,0.6597039975042949,False
UC3,14,all,all,MAE,oracle_level,5.591713485169499,5.542276680469513,5.643659400939941,10744532.0,True,17644,217,wt_med,-2.6506741150288455,-2.703741419315338,-2.5920458793640138,-2.9870076417922973,-2.35971314907074,10607041.0,0.9960884405167432,True
UC3,14,all,all,MAE,oracle_shape,7.30366219414935,7.218315362930298,7.383785891532898,10118888.0,True,16343,217,wt_med,-0.8192898886094655,-0.8714398860931396,-0.7650100350379944,-1.0604950785636902,-0.5923177838325502,9955177.0,0.9348730464036247,True
UC3,14,all,all,MAE,prod_served,8.92030250871559,8.80708749294281,9.030898809432983,6969981.0,True,11070,217,wt_med,1.0373026655785162,0.9624538660049439,1.1165467739105224,0.7623673677444458,1.3106767892837523,6842192.0,0.64253813660154,False
UC3,14,all,all,MAE,prod_served_lin,8.899244936966113,8.785937309265137,9.009292149543763,6969981.0,True,11070,217,wt_med,1.0159540246751328,0.9407579898834229,1.0953871369361878,0.7455194592475891,1.2880399703979493,6842192.0,0.64253813660154,False
UC3,14,all,all,MAE,wt_med,8.224694079856178,8.138455486297607,8.306856441497803,10648694.0,True,17754,217,wt_med,,,,,,,,
UC3,14,busy,all,MAE,clim,15.972849340571532,15.817582511901856,16.13474621772766,3034825.0,True,14017,217,wt_med,0.4652040110340874,0.3884511232376099,0.5391668319702149,0.1901623487472534,0.7506089925765986,3019371.0,0.9174000813070874,False
UC3,14,busy,all,MAE,driver_level,15.482683197177781,15.32270655632019,15.641142773628236,3121492.0,True,13883,217,wt_med,-0.010005659025139835,-0.12098867893218994,0.0928627967834472,-0.41141252517700194,0.3600635051727294,3095574.0,0.9405534594099585,False
UC3,14,busy,all,MAE,driver_level_x_h5,15.48268319717778,15.32270655632019,15.641142773628236,3121492.0,True,13883,217,wt_med,-0.010005659025139835,-0.12098867893218994,0.0928627967834472,-0.41141252517700194,0.36006438732147206,3095574.0,0.9405534594099585,False
UC3,14,busy,all,MAE,h5,15.481915426203521,15.33624427318573,15.636739706993103,3328797.0,True,14973,217,wt_med,-0.21864897381705184,-0.23124182224273682,-0.2066797733306885,-0.26972572803497313,-0.17705562114715578,3291226.0,1.0,True
UC3,14,busy,all,MAE,lvlh5_cbd,20.27293967492455,19.951887845993042,20.597952365875244,1619224.0,True,7564,217,wt_med,4.832093101507086,4.566961288452148,5.102969336509704,3.4535073757171633,6.104271173477172,1603309.0,0.48714643114754197,False
UC3,14,busy,all,MAE,lvlh5_naive,15.891538133466621,15.735811829566956,16.041590690612793,3131664.0,True,14550,217,wt_med,0.40699862353466365,0.3378764152526855,0.47925541400909416,0.2590838193893433,0.5742834091186523,3104532.0,0.9432752415057489,False
UC3,14,busy,all,MAE,lvlh5_tft,15.781607553556185,15.596423172950745,15.980377435684204,2084212.0,True,9882,217,wt_med,0.3406570376279596,0.20230391025543212,0.47623317241668695,-0.0161372423171997,0.6909809112548827,2063011.0,0.6268214337149743,False
UC3,14,busy,all,MAE,oracle_level,9.890901310422857,9.81130771636963,9.969670081138611,3319954.0,True,14842,217,wt_med,-5.843901748128038,-5.967680978775024,-5.716397285461426,-6.446769642829895,-5.286186003684998,3283652.0,0.9976987298957896,True
UC3,14,busy,all,MAE,oracle_shape,12.942788258403889,12.772103309631348,13.104694056510926,3129412.0,True,13796,217,wt_med,-2.529181566418748,-2.635133409500122,-2.4166014194488525,-2.798751139640808,-2.2267951726913453,3089989.0,0.9388565233745723,True
UC3,14,busy,all,MAE,prod_served,17.03587690406352,16.840042304992675,17.260001039505006,2019628.0,True,9395,217,wt_med,1.6974056785993437,1.5281291246414184,1.8614197254180909,1.2116146326065063,2.19496488571167,1993238.0,0.6056217348793428,False
UC3,14,busy,all,MAE,prod_served_lin,16.978788791797303,16.782231903076173,17.202559995651246,2019628.0,True,9395,217,wt_med,1.6397313692594668,1.4695936679840087,1.8037060260772706,1.1506527423858643,2.1377063274383543,1993238.0,0.6056217348793428,False
UC3,14,busy,all,MAE,wt_med,15.71214541328976,15.567287516593932,15.864931273460389,3291226.0,True,14958,217,wt_med,,,,,,,,
UC3,21,all,all,MAE,clim,8.512233035599191,8.419920825958252,8.600857853889465,9479822.0,True,16049,210,wt_med,0.19245986851218966,0.15611562728881836,0.22449145317077634,0.07635514736175537,0.3136326789855957,9391441.0,0.9206468321080186,False
UC3,21,all,all,MAE,driver_level,8.60930695795455,8.51136884689331,8.69773256778717,9621219.0,True,15625,210,wt_med,0.279420302850264,0.23231000900268556,0.32504494190216066,0.11852660179138184,0.44078856706619257,9509384.0,0.9322088330106826,False
UC3,21,all,all,MAE,driver_level_x_h5,8.60930695795455,8.51136884689331,8.69773256778717,9621219.0,True,15625,210,wt_med,0.2794203028502622,0.23231000900268556,0.32504494190216066,0.11852662563323975,0.4407885909080505,9509384.0,0.9322088330106826,False
UC3,21,all,all,MAE,h5,8.280221968253203,8.19246711730957,8.362244415283204,10363250.0,True,16993,210,wt_med,-0.09529794922338297,-0.10033144950866699,-0.0904494047164917,-0.11624412536621094,-0.07684499025344849,10200916.0,1.0,True
UC3,21,all,all,MAE,lvlh5_cbd,11.003238913359239,10.836643385887147,11.171442747116089,5233914.0,True,8124,210,wt_med,2.678657652907182,2.582112455368042,2.784182643890381,2.209337627887726,3.1940238952636717,5150283.0,0.5048843652864116,False
UC3,21,all,all,MAE,lvlh5_naive,8.712657446140136,8.618354225158692,8.7957683801651,9670178.0,True,16607,210,wt_med,0.4051031305962294,0.3729490518569946,0.43851983547210693,0.35179728269577026,0.46500496864318847,9551070.0,0.9362953287724357,False
UC3,21,all,all,MAE,lvlh5_tft,8.665068309581779,8.553470420837403,8.77455506324768,6633690.0,True,10840,210,wt_med,0.4300770231459907,0.374326229095459,0.4865873336791992,0.2823504090309143,0.5809471368789673,6532639.0,0.6403972937332294,False
UC3,21,all,all,MAE,oracle_level,5.644359241250478,5.594299852848053,5.695859134197235,10316290.0,True,16885,210,wt_med,-2.7732572260401396,-2.8306350350379943,-2.715171551704407,-3.1211824774742127,-2.4702595114707946,10161881.0,0.9961733828609117,True
UC3,21,all,all,MAE,oracle_shape,7.548863213404481,7.45549783706665,7.634153831005096,9671738.0,True,15561,210,wt_med,-0.7703088218819376,-0.8299454808235168,-0.714483642578125,-1.0219480991363525,-0.5418368577957153,9483071.0,0.9296293587752316,True
UC3,21,all,all,MAE,prod_served,9.183932951331906,9.057367634773254,9.299683213233948,6524932.0,True,10322,210,wt_med,1.0373932232089498,0.9555262565612793,1.114955687522888,0.7836838245391846,1.3292036175727844,6376971.0,0.6251370955314209,False
UC3,21,all,all,MAE,prod_served_lin,9.162465773589672,9.036305594444276,9.276868629455567,6524932.0,True,10322,210,wt_med,1.0155386075928519,0.9337813377380371,1.0927324771881104,0.7607971668243408,1.3074192166328429,6376971.0,0.6251370955314209,False
UC3,21,all,all,MAE,wt_med,8.398951476514462,8.312393760681152,8.48126950263977,10200916.0,True,16976,210,wt_med,,,,,,,,
UC3,21,busy,all,MAE,clim,16.164933393423805,15.99609396457672,16.331666803359987,2908947.0,True,13431,210,wt_med,0.3549213381964762,0.2712125301361084,0.4355806589126587,0.06080405712127686,0.66465106010437,2891683.0,0.9197549850173554,False
UC3,21,busy,all,MAE,driver_level,15.782236384493325,15.610627746582031,15.962531638145446,2976134.0,True,13191,210,wt_med,-0.008255067335243282,-0.126898193359375,0.10622920989990234,-0.41678833961486816,0.3949799060821533,2948956.0,0.9379717561008037,False
UC3,21,busy,all,MAE,driver_level_x_h5,15.782236384493324,15.610627746582031,15.962531638145446,2976134.0,True,13191,210,wt_med,-0.008255067335243282,-0.126898193359375,0.10622920989990234,-0.41678833961486816,0.3949799537658691,2948956.0,0.9379717561008037,False
UC3,21,busy,all,MAE,h5,15.747894479772462,15.596687746047973,15.900646543502807,3183655.0,True,14304,210,wt_med,-0.23359775344619926,-0.2458728551864624,-0.2215418338775635,-0.2881768226623535,-0.1890938997268677,3143971.0,1.0,True
UC3,21,busy,all,MAE,lvlh5_cbd,20.522745269839938,20.197266483306883,20.849388313293456,1473414.0,True,6874,210,wt_med,4.658627407224248,4.370117974281311,4.9423370361328125,3.2476672887802125,6.025305390357971,1457124.0,0.4634661070347023,False
UC3,21,busy,all,MAE,lvlh5_naive,16.22804313894407,16.06497859954834,16.393335342407227,2986936.0,True,13902,210,wt_med,0.44895240064970743,0.3731374263763428,0.5220401287078857,0.3163384199142456,0.5882277965545654,2958259.0,0.9409307528599977,False
UC3,21,busy,all,MAE,lvlh5_tft,16.148998206846436,15.957637119293214,16.359588193893433,1919887.0,True,9116,210,wt_med,0.2694413824841142,0.13087043762207032,0.406330943107605,-0.0656120777130127,0.5666520833969115,1897636.0,0.6035793587154589,False
UC3,21,busy,all,MAE,oracle_level,9.94901027585299,9.867294001579285,10.029691076278686,3175298.0,True,14186,210,wt_med,-6.073992796799558,-6.205421829223633,-5.948197388648987,-6.702055621147156,-5.499756836891175,3136769.0,0.9977092664022664,True
UC3,21,busy,all,MAE,oracle_shape,13.303669276964998,13.125380206108094,13.474474310874939,2986030.0,True,13111,210,wt_med,-2.4663304349265474,-2.5850416898727415,-2.3523552656173705,-2.7251965284347532,-2.1771087884902953,2943681.0,0.9362939416425915,True
UC3,21,busy,all,MAE,prod_served,17.52115612411593,17.310242080688475,17.7455274105072,1874989.0,True,8731,210,wt_med,1.714236138389893,1.5259200572967528,1.8869206190109253,1.209252405166626,2.2704397201538087,1845655.0,0.5870458092647801,False
UC3,21,busy,all,MAE,prod_served_lin,17.462648580871676,17.251094388961793,17.686690711975096,1874989.0,True,8731,210,wt_med,1.6549443151618277,1.4662805795669556,1.827244186401367,1.1490199327468873,2.216321110725403,1845655.0,0.5870458092647801,False
UC3,21,busy,all,MAE,wt_med,15.997198606475695,15.844514966011047,16.15440320968628,3143971.0,True,14288,210,wt_med,,,,,,,,
UC3,30,all,all,MAE,clim,8.625890846506177,8.52885730266571,8.716872453689575,8904873.0,True,15152,201,wt_med,0.1567050568107362,0.11905846595764161,0.1919713497161865,0.030811452865600587,0.29226248264312743,8805906.0,0.9155062696630358,False
UC3,30,all,all,MAE,driver_level,8.755494780629371,8.65260374546051,8.848418164253236,9102959.0,True,14817,201,wt_med,0.28040996707886556,0.22807371616363525,0.3300704717636108,0.11734249591827393,0.4420156955718994,8979848.0,0.93359015467813,False
UC3,30,all,all,MAE,driver_level_x_h5,8.755494780629371,8.65260374546051,8.848418164253236,9102959.0,True,14817,201,wt_med,0.28040996707886556,0.22807371616363525,0.3300704717636108,0.11734251976013184,0.4420156955718994,8979848.0,0.93359015467813,False
UC3,30,all,all,MAE,h5,8.422292291342554,8.329860734939576,8.507565307617188,9794079.0,True,16015,201,wt_med,-0.09895441460983179,-0.1038933515548706,-0.09379243850708008,-0.12171349525451661,-0.08013722896575928,9618619.0,1.0,True
UC3,30,all,all,MAE,lvlh5_cbd,11.223548508659643,11.046564388275147,11.40764877796173,4702019.0,True,7254,201,wt_med,2.6184462289137276,2.514823293685913,2.73262505531311,2.1425845861434936,3.1212586164474487,4613284.0,0.47962020327450333,False
UC3,30,all,all,MAE,lvlh5_naive,8.829008564412396,8.732876324653626,8.919182634353637,9149009.0,True,15699,201,wt_med,0.3781423032372082,0.34342446327209475,0.4112019300460815,0.32153093814849854,0.4403877019882202,9017525.0,0.9375072450629347,False
UC3,30,all,all,MAE,lvlh5_tft,9.033937348517604,8.909030652046203,9.161984825134278,5022985.0,True,8151,201,wt_med,0.46133142780108116,0.398702597618103,0.5265433549880981,0.3089356660842896,0.6101571083068847,4933392.0,0.5129002406686448,False
UC3,30,all,all,MAE,oracle_level,5.658083603439733,5.609398996829986,5.711484634876252,9750348.0,True,15913,201,wt_med,-2.911122477334339,-2.9698900818824767,-2.8461654663085936,-3.263417673110962,-2.594642221927643,9582577.0,0.9962528924370536,True
UC3,30,all,all,MAE,oracle_shape,7.666944713889762,7.567526805400848,7.75681186914444,9163637.0,True,14759,201,wt_med,-0.7949415799201089,-0.8575812697410583,-0.7366287589073182,-1.0538647413253783,-0.5513902783393861,8955502.0,0.9310590220903854,True
UC3,30,all,all,MAE,prod_served,9.616889745689724,9.484158444404603,9.74894676208496,5251577.0,True,8323,201,wt_med,1.1090311230210865,1.0183233976364137,1.2012281656265258,0.8400997638702392,1.3978362798690795,5101979.0,0.5304273929552673,False
UC3,30,all,all,MAE,prod_served_lin,9.593662413214163,9.461983680725098,9.725188422203065,5251577.0,True,8323,201,wt_med,1.0852967054548834,0.9951369524002075,1.1780472993850708,0.8157460689544678,1.3671252489089964,5101979.0,0.5304273929552673,False
UC3,30,all,all,MAE,wt_med,8.553541729847081,8.46173357963562,8.6400860786438,9618619.0,True,15999,201,wt_med,,,,,,,,
UC3,30,busy,all,MAE,clim,16.325870178257766,16.15983967781067,16.49652934074402,2734411.0,True,12606,201,wt_med,0.2916746910800292,0.19988565444946288,0.37322134971618653,-0.041301178932189944,0.6420114278793334,2715671.0,0.9158861074340446,False
UC3,30,busy,all,MAE,driver_level,15.974883434002244,15.783998250961304,16.15595998764038,2817322.0,True,12459,201,wt_med,-0.02255089955584566,-0.15051379203796386,0.1002681016921997,-0.4392784595489502,0.38205392360687246,2788885.0,0.9405782315793024,False
UC3,30,busy,all,MAE,driver_level_x_h5,15.974883434002242,15.783998250961304,16.15595998764038,2817322.0,True,12459,201,wt_med,-0.02255089955584566,-0.15051379203796386,0.1002681016921997,-0.4392775774002075,0.38205392360687246,2788885.0,0.9405782315793024,False
UC3,30,busy,all,MAE,h5,15.9516322498413,15.799601221084595,16.108311128616332,3005652.0,True,13429,201,wt_med,-0.24300999974705384,-0.25596773624420166,-0.23058028221130372,-0.2987412452697754,-0.1985337495803833,2965075.0,1.0,True
UC3,30,busy,all,MAE,lvlh5_cbd,20.892303830368046,20.552869939804076,21.28038897514343,1317990.0,True,6118,201,wt_med,4.506716370264485,4.2044964790344235,4.81785945892334,3.1478653430938723,5.854477882385254,1302348.0,0.4392293618205273,False
UC3,30,busy,all,MAE,lvlh5_naive,16.365361976546964,16.19469838142395,16.530833148956297,2827051.0,True,13102,201,wt_med,0.3798694820158097,0.29860944747924806,0.4573042392730713,0.23774492740631104,0.5365833520889283,2796907.0,0.9432837280675869,False
UC3,30,busy,all,MAE,lvlh5_tft,16.872760594348595,16.652239179611207,17.10130672454834,1411506.0,True,6781,201,wt_med,0.41988882922804294,0.25736265182495116,0.5664122581481933,0.09177260398864746,0.7422627449035644,1394650.0,0.47035909715605845,False
UC3,30,busy,all,MAE,oracle_level,9.902113062651667,9.819516110420228,9.984415221214295,2998063.0,True,13316,201,wt_med,-6.336542236629228,-6.470387411117554,-6.1903351783752445,-6.983843278884888,-5.745640969276429,2958502.0,0.9977831926679763,True
UC3,30,busy,all,MAE,oracle_shape,13.44707634331867,13.252471423149109,13.624175143241882,2829101.0,True,12387,201,wt_med,-2.5300209448278856,-2.6598756551742553,-2.4177244663238526,-2.8157237768173218,-2.23124532699585,2783982.0,0.9389246477745082,True
UC3,30,busy,all,MAE,prod_served,18.316235595390523,18.07402687072754,18.561475896835326,1483900.0,True,6991,201,wt_med,1.9158257985787515,1.6962238788604735,2.115670013427734,1.377089834213257,2.4513625144958495,1457026.0,0.4913960017874759,False
UC3,30,busy,all,MAE,prod_served_lin,18.252508423748232,18.01101198196411,18.496807193756105,1483900.0,True,6991,201,wt_med,1.851215764166188,1.6332990169525146,2.050319957733154,1.3130914688110351,2.395328998565674,1457026.0,0.4913960017874759,False
UC3,30,busy,all,MAE,wt_med,16.214659662909032,16.062862873077393,16.37319779396057,2965075.0,True,13417,201,wt_med,,,,,,,,
UC3,45,all,all,MAE,clim,8.697486669037508,8.602824521064758,8.791248393058776,7963416.0,True,13791,186,wt_med,0.13398047076720232,0.09755041599273681,0.17388103008270261,-0.004340410232543945,0.2837552309036255,7862060.0,0.9038764299291873,False
UC3,45,all,all,MAE,driver_level,8.966224032052798,8.861480450630188,9.070450901985168,8165295.0,True,13359,186,wt_med,0.39617578592141633,0.3379021883010864,0.4470671415328979,0.2199636697769165,0.6000105857849121,8036449.0,0.9239253874211069,False
UC3,45,all,all,MAE,driver_level_x_h5,8.966224032052798,8.861480450630188,9.070450901985168,8165295.0,True,13359,186,wt_med,0.39617578592141633,0.3379021883010864,0.4470671415328979,0.2199636697769165,0.6000096559524536,8036449.0,0.9239253874211069,False
UC3,45,all,all,MAE,h5,8.53669820472468,8.440709829330444,8.628084802627564,8888943.0,True,14608,186,wt_med,-0.10413602799581234,-0.10949230194091797,-0.09827725887298584,-0.1277296543121338,-0.08375506401062012,8698158.0,1.0,True
UC3,45,all,all,MAE,lvlh5_cbd,11.404278072404312,11.110692620277405,11.690224480628967,1247707.0,True,2219,186,wt_med,1.83538182364199,1.6589501619338989,2.01701979637146,1.384398603439331,2.280465841293335,1224889.0,0.14082165442384467,False
UC3,45,all,all,MAE,lvlh5_naive,8.960643797594521,8.857919192314148,9.051710963249207,8213654.0,True,14293,186,wt_med,0.4174461374881222,0.3796657085418701,0.45182051658630373,0.3411050319671631,0.49509382247924805,8072980.0,0.92812524214897,False
UC3,45,all,all,MAE,lvlh5_tft,9.317345326111528,9.16100025177002,9.480938053131103,3331386.0,True,5597,186,wt_med,0.48657929658999954,0.40663704872131345,0.5754794120788574,0.3270113468170166,0.6580695152282715,3274054.0,0.37640774058139664,False
UC3,45,all,all,MAE,oracle_level,5.6791354831465695,5.626231324672699,5.733051490783692,8849157.0,True,14540,186,wt_med,-3.0193455919400733,-3.0799747824668886,-2.9566497206687927,-3.4055667400360106,-2.699315845966339,8666372.0,0.9963456630702731,True
UC3,45,all,all,MAE,oracle_shape,7.821079665425573,7.723851370811462,7.912890636920929,8243118.0,True,13337,186,wt_med,-0.731381148921959,-0.7947729468345642,-0.6762940764427186,-1.0213933348655702,-0.46696230173110975,8015479.0,0.9215145321572682,True
UC3,45,all,all,MAE,prod_served,10.160788891791402,10.000845670700073,10.337864065170288,3575446.0,True,5862,186,wt_med,1.3076151399187221,1.1965856075286865,1.4274589776992797,1.0242380380630494,1.6275987625122068,3474946.0,0.39950366502884865,False
UC3,45,all,all,MAE,prod_served_lin,10.13596863160568,9.97591483592987,10.312391781806946,3575446.0,True,5862,186,wt_med,1.2822056803184854,1.1702019929885865,1.4025646448135376,0.9952659606933594,1.5999483108520507,3474946.0,0.39950366502884865,False
UC3,45,all,all,MAE,wt_med,8.683353705462697,8.58817789554596,8.773258543014526,8698158.0,True,14595,186,wt_med,,,,,,,,
UC3,45,busy,all,MAE,clim,16.515651883729216,16.328694581985474,16.688005495071412,2442230.0,True,11367,186,wt_med,0.29609266787780086,0.20437512397766114,0.3928372859954834,-0.06400480270385742,0.6925785064697264,2423623.0,0.9004217854233068,False
UC3,45,busy,all,MAE,driver_level,16.327328258685984,16.114733171463012,16.53524661064148,2531041.0,True,11162,186,wt_med,0.13954070969347399,-0.00039396286010741897,0.2685814380645752,-0.338202166557312,0.6490810155868529,2503644.0,0.9301511004575999,False
UC3,45,busy,all,MAE,driver_level_x_h5,16.327328258685984,16.114733171463012,16.53524661064148,2531041.0,True,11162,186,wt_med,0.13954070969347754,-0.00039396286010741897,0.2685814380645752,-0.338200306892395,0.6490827798843384,2503644.0,0.9301511004575999,False
UC3,45,busy,all,MAE,h5,16.19276533200123,16.028771066665648,16.35571732521057,2732520.0,True,12170,186,wt_med,-0.2516565796185475,-0.2645734786987305,-0.2383718490600586,-0.30904717445373536,-0.20508322715759278,2691653.0,1.0,True
UC3,45,busy,all,MAE,lvlh5_cbd,17.960169577091715,17.50228896141052,18.395908164978028,490573.0,True,2023,186,wt_med,2.3923240387272564,2.0248518705368044,2.7572030305862425,1.4973378419876098,3.2599583148956297,483628.0,0.17967694944333462,False
UC3,45,busy,all,MAE,lvlh5_naive,16.606057065325466,16.425043773651122,16.778171014785766,2541066.0,True,11834,186,wt_med,0.4290166953011223,0.3442361354827881,0.5124372005462646,0.24711365699768068,0.6087668418884277,2511434.0,0.9330452327993244,False
UC3,45,busy,all,MAE,lvlh5_tft,17.509895101230917,17.21295714378357,17.818075561523436,924278.0,True,4624,186,wt_med,0.4094519077546046,0.20512232780456544,0.6124423980712889,0.03736095428466797,0.8130532264709471,914197.0,0.33964147681740553,False
UC3,45,busy,all,MAE,oracle_level,9.917439376599617,9.830754661560059,10.005570006370544,2725843.0,True,12089,186,wt_med,-6.575978682687245,-6.716243648529053,-6.431362843513489,-7.242129182815551,-5.956715559959412,2685869.0,0.997851134600188,True
UC3,45,busy,all,MAE,oracle_shape,13.70657722226928,13.511546850204468,13.903573966026306,2545391.0,True,11121,186,wt_med,-2.4651742851969356,-2.596781063079834,-2.34614896774292,-2.7927469968795777,-2.119999718666077,2499537.0,0.9286252722769243,True
UC3,45,busy,all,MAE,prod_served,19.300142635358043,18.997998046875,19.62813768386841,1030600.0,True,4933,186,wt_med,2.3902049850089426,2.141166639328003,2.625244474411011,1.7923380851745605,3.0053369522094724,1010269.0,0.37533404194374237,False
UC3,45,busy,all,MAE,prod_served_lin,19.234449956336114,18.931606388092042,19.56218566894531,1030600.0,True,4933,186,wt_med,2.3233239117502364,2.0708555221557616,2.5579418182373046,1.7069300651550292,2.9396704673767085,1010269.0,0.37533404194374237,False
UC3,45,busy,all,MAE,wt_med,16.463485077757053,16.300470781326293,16.623653650283813,2691653.0,True,12157,186,wt_med,,,,,,,,
UC3,60,all,all,MAE,clim,8.75157336722781,8.64933865070343,8.85348048210144,7028874.0,True,12408,171,clim,,,,,,,,
UC3,60,all,all,MAE,driver_level,9.082805769909577,8.966791892051697,9.196521234512328,7189676.0,True,11831,171,clim,0.32855247754409866,0.24256038665771484,0.4084515810012817,0.05630345344543457,0.5921465158462524,6626058.0,0.9426912475597087,False
UC3,60,all,all,MAE,driver_level_x_h5,9.082805769909577,8.966791892051697,9.196521234512328,7189676.0,True,11831,171,clim,0.32855247754409866,0.24256038665771484,0.4084515810012817,0.05630438327789307,0.5921465158462524,6626058.0,0.9426912475597087,False
UC3,60,all,all,MAE,h5,8.686346189521995,8.582791686058044,8.78700602054596,7870010.0,True,13125,171,clim,-0.16496416921774504,-0.20728278160095215,-0.12609443664550782,-0.37111835479736327,0.030460715293884274,6958821.0,0.990033538800098,False
UC3,60,all,all,MAE,lvlh5_naive,9.116110118079888,9.004490303993226,9.218996477127074,7236734.0,True,12751,171,clim,0.403283854264636,0.34372124671936033,0.4617452144622803,0.16426806449890136,0.6393752574920654,6644079.0,0.945255100603596,False
UC3,60,all,all,MAE,lvlh5_tft,4.257902860344994,3.0534956753253937,5.624821305274963,42309.0,True,173,171,clim,0.46429299743826613,-0.062125605344772315,1.0272948801517487,-0.3004892349243164,2.1678060770034775,40376.0,0.00574430556017934,False
UC3,60,all,all,MAE,oracle_level,5.704787057830752,5.648672461509705,5.761364054679871,7834788.0,True,13074,171,clim,-3.1380412552739676,-3.212010383605957,-3.064593458175659,-3.611925196647644,-2.7562886357307432,6937567.0,0.9870097258821257,True
UC3,60,all,all,MAE,oracle_shape,8.014673125854964,7.9094611287117,8.117615342140198,7271818.0,True,11822,171,clim,-0.7222741507799748,-0.801545011997223,-0.6412893652915954,-1.107426381111145,-0.31770869493484505,6618970.0,0.9416828356860573,True
UC3,60,all,all,MAE,prod_served,4.298616840572676,3.092544734477997,5.62437595129013,41210.0,True,168,171,clim,0.3338152089927968,-0.29612467885017396,0.9876096248626709,-0.8121359825134277,1.6348410129547115,40121.0,0.005708026634137986,False
UC3,60,all,all,MAE,prod_served_lin,4.299781606406212,3.0932374119758608,5.6262629389762875,41210.0,True,168,171,clim,0.33485581117120766,-0.2937504887580871,0.9856891512870787,-0.7998674154281616,1.629898333549499,40121.0,0.005708026634137986,False
UC3,60,all,all,MAE,wt_med,8.829396965328627,8.724558591842651,8.931232953071595,7693090.0,True,13111,171,clim,-0.07194898189707644,-0.11435649394989014,-0.03268392086029053,-0.266428542137146,0.11936972141265868,6936283.0,0.986827050819235,False
UC3,60,busy,all,MAE,clim,16.6687252478384,16.48319983482361,16.861378145217895,2170265.0,True,10076,171,clim,,,,,,,,
UC3,60,busy,all,MAE,driver_level,16.47715432186221,16.269681453704834,16.691108083724977,2235507.0,True,9770,171,clim,-0.09092481295370192,-0.2900052547454834,0.10589885711669922,-0.7691639423370361,0.5172077178955075,2070509.0,0.954035106311902,False
UC3,60,busy,all,MAE,driver_level_x_h5,16.47715432186221,16.269681453704834,16.691108083724977,2235507.0,True,9770,171,clim,-0.09092481295370192,-0.2900052547454834,0.10589885711669922,-0.7691658020019532,0.5172077178955075,2070509.0,0.954035106311902,False
UC3,60,busy,all,MAE,h5,16.526493011494612,16.348532819747923,16.696802854537964,2431922.0,True,10789,171,clim,-0.4164388828757133,-0.5194739818572998,-0.3159048080444336,-0.9308678150177002,0.06857645511627192,2156376.0,0.9936003206981636,False
UC3,60,busy,all,MAE,lvlh5_naive,16.918311596786197,16.745162868499754,17.09937491416931,2244989.0,True,10430,171,clim,0.3537148019901686,0.20786685943603517,0.5044041156768798,-0.19740533828735352,0.9182793140411376,2073884.0,0.9555902159413712,False
UC3,60,busy,all,MAE,lvlh5_tft,19.636615213931396,14.195629167556763,24.255655527114868,1807.0,True,18,171,clim,6.876584080413753,4.4302081823348995,8.852838397026062,5.483640193939209,10.771408081054688,1683.0,0.0007754813352286472,False
UC3,60,busy,all,MAE,oracle_level,9.973921275445628,9.886673641204833,10.061181926727295,2425879.0,True,10726,171,clim,-6.848627456597653,-7.029450273513794,-6.6845115423202515,-7.840567636489868,-6.00766658782959,2152683.0,0.9918986851836066,True
UC3,60,busy,all,MAE,oracle_shape,14.08981386382009,13.8953706741333,14.304806303977966,2250766.0,True,9737,171,clim,-2.471689397172776,-2.645005989074707,-2.286461520195007,-3.132000970840454,-1.7480453968048095,2069193.0,0.9534287287497148,True
UC3,60,busy,all,MAE,prod_served,20.740308019118427,16.480965662002564,24.05655083656311,1883.0,True,18,171,clim,8.030897207367797,5.737544465065002,10.391318249702453,4.623392105102539,9.508197784423828,1683.0,0.0007754813352286472,False
UC3,60,busy,all,MAE,prod_served_lin,20.71408656399363,16.424702215194703,24.06192421913147,1883.0,True,18,171,clim,7.998588829471181,5.694510769844055,10.32436249256134,4.647493362426758,9.354509353637695,1683.0,0.0007754813352286472,False
UC3,60,busy,all,MAE,wt_med,16.785643704800236,16.602004098892213,16.956555318832397,2393403.0,True,10781,171,clim,-0.19741277871950658,-0.2990868091583252,-0.0967038154602051,-0.6982167720794678,0.27069396972656246,2152657.0,0.9918867050797944,False
UC3,90,all,all,MAE,clim,8.957796772756083,8.841549110412597,9.07998058795929,5291574.0,True,9639,141,wt_med,0.19502071900376805,0.1529310703277588,0.23854181766510008,-0.01312251091003418,0.4107450485229492,5208262.0,0.8834799760549616,False
UC3,90,all,all,MAE,driver_level,9.610249314570355,9.469805550575256,9.750336408615112,5487743.0,True,9171,141,wt_med,0.8390931173547038,0.7666371107101441,0.9112249374389648,0.6311961889266968,1.0419492244720459,5400279.0,0.9160519116761239,False
UC3,90,all,all,MAE,driver_level_x_h5,9.610249314570355,9.469805550575256,9.750336408615112,5487743.0,True,9171,141,wt_med,0.8390931173547038,0.7666371107101441,0.9112249374389648,0.6311952590942382,1.0419482946395873,5400279.0,0.9160519116761239,False
UC3,90,all,all,MAE,h5,8.754254098518247,8.641902971267701,8.86995108127594,6033461.0,True,10220,141,wt_med,-0.09603400548279595,-0.10186781883239746,-0.09038636684417725,-0.12216014862060547,-0.07488176822662354,5895167.0,1.0,True
UC3,90,all,all,MAE,lvlh5_naive,9.273648882541076,9.157885861396789,9.392571759223937,5527879.0,True,9960,141,wt_med,0.5395678966324962,0.4914363384246826,0.586628794670105,0.43719115257263186,0.662291145324707,5428915.0,0.9209094500630771,False
UC3,90,all,all,MAE,oracle_level,5.69510787752183,5.630624091625213,5.760765993595124,6007215.0,True,10202,141,wt_med,-3.217041429111771,-3.3017863154411318,-3.1315105676651003,-3.7170213937759398,-2.798203146457672,5874796.0,0.9965444575191847,True
UC3,90,all,all,MAE,oracle_shape,8.092811910434047,7.968933522701263,8.222571158409119,5563700.0,True,9168,141,wt_med,-0.6347138252701967,-0.7163115262985229,-0.5619873046875,-0.9205459356307983,-0.31620602607727055,5387492.0,0.9138828467454782,True
UC3,90,all,all,MAE,wt_med,8.909840976515168,8.793966436386109,9.026163601875306,5895167.0,True,10208,141,wt_med,,,,,,,,
UC3,90,busy,all,MAE,clim,16.97968670931937,16.7730224609375,17.209646558761598,1683676.0,True,7744,141,wt_med,0.3374137016357075,0.2362226963043213,0.43744373321533203,-0.14882268905639648,0.8461823940277099,1666312.0,0.8921460339862198,False
UC3,90,busy,all,MAE,driver_level,17.41097854029063,17.14382586479187,17.680835962295532,1743858.0,True,7546,141,wt_med,0.8895969967298463,0.7187654495239257,1.0707579135894776,0.3891599178314209,1.3751889705657958,1729788.0,0.9261311830179193,False
UC3,90,busy,all,MAE,driver_level_x_h5,17.41097854029063,17.14382586479187,17.680835962295532,1743858.0,True,7546,141,wt_med,0.8895969967298463,0.7187654495239257,1.0707579135894776,0.3891599178314209,1.3751908779144286,1729788.0,0.9261311830179193,False
UC3,90,busy,all,MAE,h5,16.71787093273941,16.506796884536744,16.92391037940979,1892951.0,True,8369,141,wt_med,-0.2204637701799541,-0.23437147140502929,-0.20598788261413575,-0.27927088737487793,-0.16985578536987309,1867757.0,1.0,True
UC3,90,busy,all,MAE,lvlh5_naive,17.23540925391724,17.01561279296875,17.46007618904114,1752062.0,True,8105,141,wt_med,0.7229301336160816,0.6096756935119629,0.8363667011260986,0.5212711811065673,0.9415321826934813,1735428.0,0.9291508477815904,False
UC3,90,busy,all,MAE,oracle_level,9.993060952099794,9.901852655410767,10.093491697311402,1888501.0,True,8323,141,wt_med,-6.986350101041474,-7.181059885025024,-6.794843220710755,-7.941120386123657,-6.0373900651931764,1864049.0,0.9980147310383524,True
UC3,90,busy,all,MAE,oracle_shape,14.378280823577326,14.144543790817261,14.63650279045105,1756120.0,True,7521,141,wt_med,-2.1079697467637004,-2.2715314626693726,-1.952920413017273,-2.518814969062805,-1.6980231761932374,1727366.0,0.9248344404545131,True
UC3,90,busy,all,MAE,wt_med,16.962247230233913,16.74904808998108,17.172247552871703,1867757.0,True,8356,141,wt_med,,,,,,,,
UC2,1,all,all,MAE,clim,8.095228229901275,8.004306435585022,8.17633101940155,10715730.0,True,18028,230,wt_med,0.5221906524396029,0.492432975769043,0.5511177182197571,0.43429296016693114,0.6200201988220215,10664558.0,0.9195695529068441,False
UC2,1,all,all,MAE,driver_level,7.824484078306813,7.741928660869599,7.90509352684021,11095523.0,True,18127,230,wt_med,0.20644961359423508,0.16440813541412352,0.24620128870010374,0.09323551654815673,0.3274208426475525,11029392.0,0.9510279816823466,False
UC2,1,all,all,MAE,driver_level_x_h5,7.824484078306814,7.741928660869599,7.90509352684021,11095523.0,True,18127,230,wt_med,0.20644961359423597,0.16440813541412352,0.24620128870010374,0.09323551654815673,0.32742130756378174,11029392.0,0.9510279816823466,False
UC2,1,all,all,MAE,h5,7.586142732049037,7.501377725601197,7.661385798454285,11699219.0,True,19273,230,wt_med,-0.06676428713764171,-0.07159816026687622,-0.061944675445556645,-0.08567608594894409,-0.05145770311355591,11597337.0,1.0,True
UC2,1,all,all,MAE,lvlh5_cbd,10.041600127171908,9.899794268608094,10.180528354644775,6430221.0,True,10167,230,wt_med,2.596335176948073,2.5123769879341125,2.682155990600586,2.207782030105591,3.0598910808563233,6384154.0,0.5504844776003319,False
UC2,1,all,all,MAE,lvlh5_naive,7.854493669818345,7.772261679172516,7.932477056980133,11132015.0,True,18871,230,wt_med,0.24775665150813175,0.21857603788375854,0.27670655250549314,0.1918499708175659,0.30674579143524167,11062134.0,0.9538512160162286,False
UC2,1,all,all,MAE,lvlh5_tft,7.4995976996003035,7.410209584236145,7.586947190761566,8042054.0,True,13356,230,wt_med,0.08851404737473789,0.03803573846817017,0.13822407722473143,-0.04558860063552856,0.2283856868743896,7980971.0,0.6881727244797663,False
UC2,1,all,all,MAE,oracle_level,5.42361360377196,5.376203155517578,5.471900045871735,11646265.0,True,19113,230,wt_med,-2.250489968826746,-2.2977025151252746,-2.2019698143005373,-2.5466225147247314,-1.9962475061416627,11550901.0,0.995995977352387,True
UC2,1,all,all,MAE,oracle_shape,6.542374389928938,6.460597169399262,6.617095541954041,11103244.0,True,18041,230,wt_med,-1.0776179617278192,-1.129945659637451,-1.0270090103149414,-1.2944842100143432,-0.8693174481391907,10996756.0,0.9482138873777661,True
UC2,1,all,all,MAE,snaive7,8.68927399557153,8.592964267730713,8.785763788223267,9971840.0,True,18230,230,wt_med,1.060806690104676,0.9975777387619018,1.1282432079315186,0.8680996417999267,1.2454769372940062,9910398.0,0.8545408312270308,False
UC2,1,all,all,MAE,wt_med,7.656693342618223,7.571970272064209,7.732551681995392,11597337.0,True,19262,230,wt_med,,,,,,,,
UC2,1,busy,all,MAE,clim,15.62169498594114,15.466678094863891,15.780323314666749,3299343.0,True,15221,230,wt_med,1.0059034158420062,0.931099271774292,1.0779425382614136,0.7912906169891357,1.2448349714279174,3289028.0,0.9115597766378836,False
UC2,1,busy,all,MAE,driver_level,14.526963108972454,14.37539050579071,14.668431210517884,3460868.0,True,15421,230,wt_med,-0.11180346176416656,-0.2142411470413208,-0.017556142807006857,-0.41365938186645507,0.1673496484756469,3442026.0,0.9539634359275104,False
UC2,1,busy,all,MAE,driver_level_x_h5,14.526963108972454,14.37539050579071,14.668431210517884,3460868.0,True,15421,230,wt_med,-0.11180346176416656,-0.2142411470413208,-0.017556142807006857,-0.41365938186645507,0.1673496484756469,3442026.0,0.9539634359275104,False
UC2,1,busy,all,MAE,h5,14.551164862796997,14.407886028289795,14.688528156280517,3636072.0,True,16318,230,wt_med,-0.17461802256680237,-0.18728442192077638,-0.16341116428375244,-0.21509461402893065,-0.14008066654205323,3608132.0,1.0,True
UC2,1,busy,all,MAE,lvlh5_cbd,18.677652528511686,18.398558616638184,18.955517387390138,1899350.0,True,8733,230,wt_med,4.370691124007731,4.137080812454224,4.590706205368042,3.208858919143677,5.587329363822937,1888216.0,0.5233223174761898,False
UC2,1,busy,all,MAE,lvlh5_naive,14.708022824543372,14.566709494590759,14.847424578666686,3468824.0,True,15944,230,wt_med,0.07497318505412665,0.001891756057739258,0.14608211517333985,-0.05809056758880615,0.19860475063323973,3449117.0,0.9559287187941018,False
UC2,1,busy,all,MAE,lvlh5_tft,13.901530935586534,13.757350778579712,14.062269449234009,2412586.0,True,11352,230,wt_med,-0.4947546563608256,-0.6146043062210083,-0.37741189002990727,-0.8184114933013916,-0.20532510280609131,2396352.0,0.6641530853084089,True
UC2,1,busy,all,MAE,oracle_level,9.682172561808525,9.607438921928406,9.75722782611847,3626658.0,True,16159,230,wt_med,-5.06513949320296,-5.173894572257995,-4.953916764259338,-5.6174161195755,-4.570720601081848,3599756.0,0.9976785771695714,True
UC2,1,busy,all,MAE,oracle_shape,11.664496638180841,11.50682990550995,11.81479377746582,3464227.0,True,15323,230,wt_med,-2.965386096848034,-3.0724960803985595,-2.8671374320983887,-3.1804338455200196,-2.710296392440796,3435682.0,0.9522051853978735,True
UC2,1,busy,all,MAE,snaive7,16.611200821151783,16.42058210372925,16.78728895187378,3088345.0,True,15383,230,wt_med,1.9283813840319635,1.7763108015060425,2.0831759214401244,1.5046472072601318,2.294250512123108,3072588.0,0.8515730577484416,False
UC2,1,busy,all,MAE,wt_med,14.728047227762177,14.582443737983704,14.869409775733947,3608132.0,True,16308,230,wt_med,,,,,,,,
UC1,m015,all,all,MAE,clim,7.968528433263557,7.878636455535888,8.050467133522034,1313233.0,True,18006,231,persistence,5.981337290326064,5.897380173206329,6.062351620197296,5.470057713985443,6.570898425579071,1185412.0,0.8945162198281164,False
UC1,m015,all,all,MAE,h5,7.396255864305768,7.313538551330566,7.472399413585663,1434313.0,True,19335,231,persistence,5.409656204654954,5.3312946319580075,5.482474207878113,4.945021951198578,5.9384476184844965,1290797.0,0.9740401252943898,False
UC1,m015,all,all,MAE,lvlh5_naive,7.711190168118541,7.630157899856568,7.791497778892517,1359673.0,True,18544,231,persistence,5.753088234394774,5.672578310966491,5.828259170055389,5.248228263854981,6.3225843667984005,1218096.0,0.9191796854661074,False
UC1,m015,all,all,MAE,lvlh5_tft,7.235523428136328,7.145023703575134,7.323223280906677,989055.0,True,13446,231,persistence,5.333504454838266,5.254256057739258,5.411541247367859,4.888225305080414,5.897118198871612,889438.0,0.6711731596537577,False
UC1,m015,all,all,MAE,persistence,2.45739470072042,2.4285643637180327,2.4855066895484925,1325199.0,True,19656,231,persistence,,,,,,,,
UC1,m015,all,all,MAE,snaive7,8.601455697458317,8.499159169197082,8.696918201446532,1209592.0,True,18145,231,persistence,6.572979421088754,6.47811723947525,6.669726860523224,6.014662182331085,7.222580111026764,1101516.0,0.8312079921581589,False
UC1,m015,all,all,MAE,wt_med,7.447916703279863,7.36518760919571,7.524890530109405,1422529.0,True,19318,231,persistence,5.452659546671638,5.374429166316986,5.5269682049751285,4.982520949840546,5.999346971511841,1282117.0,0.9674901656279548,False
UC1,m015,busy,all,MAE,clim,15.5236722956894,15.36487169265747,15.682433843612671,401313.0,True,15198,231,persistence,11.458005171337714,11.287390518188477,11.62852578163147,10.334781885147095,12.520226860046387,370117.0,0.8896914948342092,False
UC1,m015,busy,all,MAE,h5,14.311437356960036,14.16317126750946,14.459642004966735,443058.0,True,16360,231,persistence,10.295800436286495,10.138483953475951,10.447214460372924,9.387022066116334,11.166541409492492,408218.0,0.9812791161665938,False
UC1,m015,busy,all,MAE,lvlh5_naive,14.615648530751091,14.463559222221374,14.76447639465332,420801.0,True,15672,231,persistence,10.589164237781201,10.429327178001405,10.748920512199401,9.599458980560303,11.55777542591095,386502.0,0.9290779459911636,False
UC1,m015,busy,all,MAE,lvlh5_tft,13.588548533029446,13.436655306816101,13.760271644592285,295185.0,True,11420,231,persistence,9.668579616587353,9.505731654167175,9.847514963150024,8.799392890930175,10.467039465904236,272235.0,0.6544016192074152,False
UC1,m015,busy,all,MAE,persistence,4.527780849314674,4.47754590511322,4.575105953216553,416006.0,True,16551,231,persistence,,,,,,,,
UC1,m015,busy,all,MAE,snaive7,16.606989654302296,16.41815576553345,16.795979690551757,372522.0,True,15315,231,persistence,12.446277035930645,12.24474127292633,12.64506185054779,11.350130295753479,13.494498014450073,346807.0,0.8336586491540987,False
UC1,m015,busy,all,MAE,wt_med,14.471928344332907,14.32091736793518,14.613837480545044,439714.0,True,16342,231,persistence,10.428587627163347,10.267721128463744,10.582533431053161,9.501139068603516,11.310579299926758,405679.0,0.9751758388100171,False
UC1,m030,all,all,MAE,clim,7.948941482398517,7.860011947154999,8.031039571762085,1350568.0,True,18029,231,persistence,4.310763956622558,4.233396375179291,4.382339227199554,3.868705093860626,4.793931758403778,1179046.0,0.8943549365859579,False
UC1,m030,all,all,MAE,h5,7.3623215359093335,7.279659259319305,7.435720598697662,1475647.0,True,19341,231,persistence,3.709413056039672,3.6404902219772337,3.7762720227241515,3.320799100399017,4.139782202243805,1284126.0,0.9740624431094119,False
UC1,m030,all,all,MAE,lvlh5_naive,7.701046151822524,7.614860570430755,7.779465103149414,1399552.0,True,18641,231,persistence,4.08235923662807,4.009338426589966,4.153706753253937,3.6588528752326965,4.564535701274871,1211386.0,0.9188861581406639,False
UC1,m030,all,all,MAE,lvlh5_tft,7.2493311232064706,7.15825765132904,7.331447780132294,1016224.0,True,13450,231,persistence,3.70896462707689,3.6362664341926574,3.7876176476478576,3.336863374710083,4.16527976989746,884341.0,0.6708090600157777,False
UC1,m030,all,all,MAE,persistence,4.147587839067905,4.106088066101075,4.191979205608368,1318320.0,True,19657,231,persistence,,,,,,,,
UC1,m030,all,all,MAE,snaive7,8.574853776878134,8.476187181472778,8.672465610504151,1251854.0,True,18153,231,persistence,4.927631285577129,4.840499377250671,5.014858543872833,4.455639338493347,5.458709037303924,1098845.0,0.833519175920869,False
UC1,m030,all,all,MAE,wt_med,7.440802592478563,7.35678448677063,7.514963591098786,1464853.0,True,19330,231,persistence,3.78278700408542,3.714277195930481,3.850228428840637,3.385836148262024,4.222575104236602,1276001.0,0.9678992960737909,False
UC1,m030,busy,all,MAE,clim,15.511606230444903,15.353678464889526,15.673385500907898,411977.0,True,15220,231,persistence,8.229658967030225,8.061774826049804,8.3943608045578,7.206271874904632,9.225101900100707,368762.0,0.8893095805971625,False
UC1,m030,busy,all,MAE,h5,14.306500327649674,14.15970983505249,14.447168874740601,454754.0,True,16372,231,persistence,7.055792960934774,6.907515203952789,7.203546309471131,6.187627041339875,7.8888317227363585,406858.0,0.9811822187280694,False
UC1,m030,busy,all,MAE,lvlh5_naive,14.639870276926144,14.491481852531432,14.782349729537964,431986.0,True,15749,231,persistence,7.390165960099191,7.224349808692932,7.544173204898835,6.4591127157211305,8.309721636772156,384965.0,0.9283848734267269,False
UC1,m030,busy,all,MAE,lvlh5_tft,13.637583463526536,13.483787798881531,13.80870099067688,302872.0,True,11429,231,persistence,6.492488470474631,6.325638282299042,6.6674766659736635,5.6629709839820865,7.260423552989959,271357.0,0.6544068528267669,False
UC1,m030,busy,all,MAE,persistence,7.739047077009895,7.6728356838226315,7.807714819908142,414661.0,True,16543,231,persistence,,,,,,,,
UC1,m030,busy,all,MAE,snaive7,16.584951671082287,16.396286487579346,16.760881090164183,384242.0,True,15326,231,persistence,9.27262676908067,9.080312657356263,9.455531215667724,8.32039725780487,10.216402959823608,346437.0,0.8354704204157131,False
UC1,m030,busy,all,MAE,wt_med,14.492716587719686,14.346389436721802,14.631482529640198,451780.0,True,16355,231,persistence,7.218923146880452,7.068758571147919,7.366434800624847,6.34092218875885,8.05176260471344,404642.0,0.9758380942504842,False
UC1,m045,all,all,MAE,clim,7.98368546716749,7.895528960227966,8.064710593223571,1359095.0,True,18042,231,persistence,3.412888127107,3.3343321919441222,3.4835136771202087,3.016650581359863,3.8502522349357604,1161604.0,0.8929185560535842,False
UC1,m045,all,all,MAE,h5,7.395530994697899,7.312510013580322,7.468000864982605,1484883.0,True,19340,231,persistence,2.7805074508633174,2.7135814309120176,2.846531319618225,2.423982012271881,3.1677804708480837,1266162.0,0.9732917110908005,False
UC1,m045,all,all,MAE,lvlh5_naive,7.734586959284675,7.653659653663635,7.812378239631653,1409007.0,True,18566,231,persistence,3.1732681703440537,3.102405679225922,3.243021845817566,2.7903066158294676,3.6051143407821655,1193825.0,0.9176866601532623,False
UC1,m045,all,all,MAE,lvlh5_tft,7.2913265742876625,7.2042219877243046,7.375892746448517,1022009.0,True,13446,231,persistence,2.801179657198067,2.727527940273285,2.873261499404907,2.4447319149971007,3.2105169415473935,871374.0,0.6698203637923388,False
UC1,m045,all,all,MAE,persistence,5.073055952500832,5.024920153617859,5.124331164360046,1300907.0,True,19653,231,persistence,,,,,,,,
UC1,m045,all,all,MAE,snaive7,8.593549776429015,8.497251844406128,8.69120259284973,1258437.0,True,18160,231,persistence,4.000480898169813,3.9155290842056276,4.087148857116699,3.5942608594894407,4.460492551326752,1081310.0,0.8311970033215288,False
UC1,m045,all,all,MAE,wt_med,7.471167896085713,7.386804354190827,7.54359050989151,1474138.0,True,19317,231,persistence,2.848105512270468,2.7796995401382447,2.912973415851593,2.494563376903534,3.2425086855888368,1257939.0,0.9669707365707156,False
UC1,m045,busy,all,MAE,clim,15.527287997312474,15.374714946746826,15.681984162330627,416740.0,True,15228,231,persistence,6.578557112575572,6.407780694961548,6.7512448787689205,5.6280375719070435,7.520271730422974,363729.0,0.8880297662790442,False
UC1,m045,busy,all,MAE,h5,14.328142707673969,14.187023162841797,14.472183179855346,459723.0,True,16371,231,persistence,5.359507220697591,5.212315154075623,5.502017092704773,4.53878881931305,6.177905416488647,401554.0,0.9803779868209995,False
UC1,m045,busy,all,MAE,lvlh5_naive,14.662879579680475,14.516712951660157,14.8000253200531,436625.0,True,15697,231,persistence,5.723618983954887,5.559525489807129,5.880313515663147,4.83709146976471,6.5641286134719845,379450.0,0.9264119572939835,False
UC1,m045,busy,all,MAE,lvlh5_tft,13.67432131254118,13.526904940605164,13.843159079551697,306266.0,True,11431,231,persistence,4.8031094060308686,4.645151591300964,4.982192921638489,4.076016092300415,5.560112643241882,267848.0,0.6539401500521251,False
UC1,m045,busy,all,MAE,persistence,9.449585073890784,9.371752619743347,9.524914312362672,409591.0,True,16540,231,persistence,,,,,,,,
UC1,m045,busy,all,MAE,snaive7,16.573951520311674,16.39689564704895,16.7521164894104,387585.0,True,15330,231,persistence,7.562168947495,7.36729862689972,7.739777064323425,6.732507538795471,8.418787455558777,340958.0,0.8324352830018238,False
UC1,m045,busy,all,MAE,wt_med,14.492615382594762,14.349496531486512,14.63271622657776,456828.0,True,16351,231,persistence,5.495315508396281,5.348274183273316,5.636427974700927,4.66916868686676,6.325480318069458,399403.0,0.9751264065860822,False
UC1,m060,all,all,MAE,clim,8.056315122092336,7.965402495861054,8.137102627754212,1361961.0,True,18036,231,persistence,2.7813450366944084,2.7065163254737854,2.8488991379737856,2.3969862699508666,3.197664165496826,1153173.0,0.8913104471728519,False
UC1,m060,all,all,MAE,h5,7.471077403888816,7.389025485515594,7.545001423358917,1487548.0,True,19345,231,persistence,2.136070720652727,2.0689454913139342,2.1990086317062376,1.7813267946243285,2.514164614677429,1258720.0,0.9728898318512593,False
UC1,m060,all,all,MAE,lvlh5_naive,7.781250112471044,7.700724494457245,7.857939326763153,1412193.0,True,18595,231,persistence,2.4984583432826994,2.430251944065094,2.5629857659339903,2.1241305112838744,2.903818380832672,1186496.0,0.9170664595241131,False
UC1,m060,all,all,MAE,lvlh5_tft,7.348699228028405,7.2587703466415405,7.432115077972412,1024672.0,True,13448,231,persistence,2.1352896477646857,2.067933976650238,2.209898090362549,1.8127412438392638,2.511044907569885,866890.0,0.6700365977608508,False
UC1,m060,all,all,MAE,persistence,5.697244926746509,5.644763040542602,5.756268954277038,1293795.0,True,19657,231,persistence,,,,,,,,
UC1,m060,all,all,MAE,snaive7,8.66737713348034,8.569258499145509,8.76301724910736,1262081.0,True,18161,231,persistence,3.3543690496604066,3.264541471004486,3.4398887038230894,2.9825294613838196,3.7815797328948975,1073048.0,0.8293802341174606,False
UC1,m060,all,all,MAE,wt_med,7.538741852242266,7.456495630741119,7.6116678476333615,1478014.0,True,19324,231,persistence,2.194335355040703,2.1255882382392883,2.256652796268463,1.8397292256355287,2.5668405532836913,1250758.0,0.9667358430044946,False
UC1,m060,busy,all,MAE,clim,15.57506231020455,15.421944332122802,15.725913381576538,418872.0,True,15221,231,persistence,5.38661179516113,5.221454310417175,5.542338156700135,4.464796781539917,6.317226505279541,361572.0,0.8871517426668138,False
UC1,m060,busy,all,MAE,h5,14.383805116346512,14.238621520996094,14.523330521583556,462068.0,True,16379,231,persistence,4.140470633227677,3.9934348344802855,4.28023772239685,3.3474205255508425,4.948222112655639,399414.0,0.9800007360789077,False
UC1,m060,busy,all,MAE,lvlh5_naive,14.67201263946203,14.52667453289032,14.811640763282776,438942.0,True,15722,231,persistence,4.460424064570624,4.299309849739075,4.608183693885803,3.612373924255371,5.285983061790466,377328.0,0.9258106068970594,False
UC1,m060,busy,all,MAE,lvlh5_tft,13.716202497319452,13.568391919136047,13.882606101036071,308112.0,True,11437,231,persistence,3.533974201801735,3.371338725090027,3.7123306512832643,2.837273597717285,4.297959089279175,266584.0,0.6540895317311349,False
UC1,m060,busy,all,MAE,persistence,10.618318550415271,10.531472897529602,10.707612991333008,407565.0,True,16538,231,persistence,,,,,,,,
UC1,m060,busy,all,MAE,snaive7,16.615974201751328,16.4244815826416,16.78907518386841,390104.0,True,15321,231,persistence,6.348605213493748,6.153937745094299,6.5315204620361325,5.540606117248535,7.157449030876159,339120.0,0.8320635972176217,False
UC1,m060,busy,all,MAE,wt_med,14.543847663474132,14.399808526039124,14.681192278862,459614.0,True,16357,231,persistence,4.277482860557269,4.131201982498169,4.420090579986573,3.4767684936523438,5.115176725387573,397475.0,0.9752432127390723,False
UC1,m075,all,all,MAE,clim,8.116508048390171,8.030161833763122,8.195485019683838,1322252.0,True,18011,231,persistence,2.39051521360458,2.3162509202957153,2.4595639228820803,1.9869527101516724,2.807283401489258,1055174.0,0.891495437647854,False
UC1,m075,all,all,MAE,h5,7.561701484058622,7.480155897140503,7.637807774543762,1442598.0,True,19335,231,persistence,1.6993246294254032,1.6328718662261963,1.7634111881256103,1.3330446362495423,2.0734459280967714,1151590.0,0.9729553903345725,False
UC1,m075,all,all,MAE,lvlh5_naive,7.915027219154104,7.829850661754608,7.992540109157562,1364606.0,True,18265,231,persistence,2.0711163029857627,2.0026602268218996,2.1386112689971926,1.6874239087104796,2.4660027027130127,1086702.0,0.9181328151402501,False
UC1,m075,all,all,MAE,lvlh5_tft,7.43128164890282,7.3409907698631285,7.515025734901428,993619.0,True,13441,231,persistence,1.6465850148409338,1.5756859183311462,1.7200449585914612,1.3234944701194764,2.005958342552185,795138.0,0.6717962149374789,False
UC1,m075,all,all,MAE,persistence,6.28372845555931,6.22400416135788,6.345310997962952,1183600.0,True,19628,231,persistence,,,,,,,,
UC1,m075,all,all,MAE,snaive7,8.760153017958675,8.65877423286438,8.856312131881714,1222863.0,True,18159,231,persistence,2.976129557983789,2.887745714187622,3.06353600025177,2.609170150756836,3.409402620792389,982973.0,0.8304942548158162,False
UC1,m075,all,all,MAE,wt_med,7.6053536495103025,7.522230279445648,7.681486284732818,1430781.0,True,19309,231,persistence,1.7561969374384425,1.6895220160484314,1.8211670517921448,1.3856584906578064,2.13307443857193,1143226.0,0.965888813788442,False
UC1,m075,busy,all,MAE,clim,15.580182699705677,15.418425488471986,15.730006957054139,409415.0,True,15185,231,persistence,4.695921339033228,4.526850390434265,4.862505531311035,3.7944276571273803,5.579180479049682,331702.0,0.886185790656233,False
UC1,m075,busy,all,MAE,h5,14.432682680046572,14.28876371383667,14.569283747673035,450925.0,True,16368,231,persistence,3.361295601231392,3.216278338432312,3.510687518119812,2.6154502868652343,4.124988222122192,366739.0,0.9797917729753702,False
UC1,m075,busy,all,MAE,lvlh5_naive,14.714636845916468,14.555631852149963,14.858018636703491,428072.0,True,15516,231,persistence,3.725567976220363,3.562604475021362,3.8847424268722532,2.950083374977112,4.521642708778381,346714.0,0.9262923353539779,False
UC1,m075,busy,all,MAE,lvlh5_tft,13.67579549181312,13.525802659988404,13.837458539009095,299855.0,True,11416,231,persistence,2.6750981335589135,2.5107839107513428,2.8469246864318847,2.0625887155532836,3.367088747024536,244880.0,0.6542293275768561,False
UC1,m075,busy,all,MAE,persistence,11.565918520556876,11.473422479629516,11.662218403816222,374303.0,True,16508,231,persistence,,,,,,,,
UC1,m075,busy,all,MAE,snaive7,16.68304930524781,16.48477358818054,16.857634496688842,381359.0,True,15317,231,persistence,5.712503245951776,5.5170286178588865,5.904671049118042,4.93562080860138,6.499149632453918,311927.0,0.8333542611200017,False
UC1,m075,busy,all,MAE,wt_med,14.57174512760373,14.424027013778687,14.712309622764588,447675.0,True,16346,231,persistence,3.4984647257360812,3.347733569145203,3.6503443479537965,2.739255690574646,4.28591034412384,364430.0,0.9736229739008236,False
UC1,m090,all,all,MAE,clim,8.159418796142573,8.071379780769348,8.240019369125367,1343797.0,True,18005,231,persistence,1.8697590169729565,1.7958172917366029,1.938456082344055,1.474385130405426,2.2519820809364317,1049493.0,0.8917458367214803,False
UC1,m090,all,all,MAE,h5,7.571296628346209,7.4871365308761595,7.649196982383728,1463970.0,True,19330,231,persistence,1.1359938933184068,1.0712165832519531,1.199073112010956,0.791148018836975,1.4899863004684446,1145221.0,0.9730851552854668,False
UC1,m090,all,all,MAE,lvlh5_naive,7.950466888570894,7.86469179391861,8.02857048511505,1384719.0,True,18330,231,persistence,1.5518338764874793,1.4808484435081481,1.621047580242157,1.1759155869483948,1.9292989134788512,1080477.0,0.9180726945518597,False
UC1,m090,all,all,MAE,lvlh5_tft,7.47163684285123,7.379074609279632,7.558612430095673,1008785.0,True,13435,231,persistence,1.1418372066842357,1.073435080051422,1.2122792243957519,0.8277073264122009,1.5006308913230895,790479.0,0.6716637054899451,False
UC1,m090,all,all,MAE,persistence,6.792138989223356,6.726267516613007,6.858795261383056,1176897.0,True,19618,231,persistence,,,,,,,,
UC1,m090,all,all,MAE,snaive7,8.78824939103628,8.69010350704193,8.8850088596344,1244327.0,True,18147,231,persistence,2.4397151905191388,2.3508793354034423,2.5254474759101866,2.0865023136138916,2.8110049486160276,980164.0,0.8328375380343395,False
UC1,m090,all,all,MAE,wt_med,7.641134532610775,7.5563283324241635,7.719140791893006,1452986.0,True,19304,231,persistence,1.2167341041224935,1.1494982361793518,1.281132960319519,0.8698802709579468,1.5727784872055053,1137103.0,0.9661873553930378,False
UC1,m090,busy,all,MAE,clim,15.703364366464987,15.539235806465149,15.860067081451415,416007.0,True,15202,231,persistence,3.7288159163671217,3.5680205106735228,3.897482085227966,2.8603718519210815,4.583486723899841,330779.0,0.8863934786453505,False
UC1,m090,busy,all,MAE,h5,14.488275140244488,14.343261289596558,14.627487277984619,457772.0,True,16376,231,persistence,2.3167438651481334,2.172125458717346,2.4611009120941163,1.611855721473694,3.0897730588912964,365616.0,0.9797467133294389,False
UC1,m090,busy,all,MAE,lvlh5_naive,14.815388250285746,14.660671210289001,14.963017392158509,434571.0,True,15578,231,persistence,2.745454986151781,2.5847875118255614,2.9060839414596558,1.961611819267273,3.5565072059631344,345526.0,0.9259112371172696,False
UC1,m090,busy,all,MAE,lvlh5_tft,13.781080721710563,13.628852772712708,13.945002913475037,304494.0,True,11422,231,persistence,1.6914809784865703,1.5324344873428344,1.8678686618804932,1.044987177848816,2.390143942832947,244094.0,0.6541023758354012,False
UC1,m090,busy,all,MAE,persistence,12.51628998804847,12.411878418922424,12.617584133148194,373174.0,True,16504,231,persistence,,,,,,,,
UC1,m090,busy,all,MAE,snaive7,16.727806258553898,16.529330253601074,16.914533185958863,387981.0,True,15320,231,persistence,4.700017012753143,4.502180027961731,4.889145374298096,3.949383187294006,5.459589338302612,311531.0,0.8348143225412274,False
UC1,m090,busy,all,MAE,wt_med,14.65389885154542,14.509797501564027,14.794631671905517,454698.0,True,16357,231,persistence,2.4822951748882875,2.3281044483184816,2.63357150554657,1.7612598180770875,3.268656349182129,363432.0,0.973894215567001,False
UC1,m105,all,all,MAE,clim,8.215751455997154,8.124787664413452,8.29707899093628,1337743.0,True,17983,231,persistence,1.5005974842461542,1.4243629813194274,1.5724262833595275,1.0882682800292969,1.915717875957489,1028479.0,0.890689356542825,False
UC1,m105,all,all,MAE,h5,7.609699653942256,7.527388572692871,7.685227560997009,1459583.0,True,19320,231,persistence,0.7264653957315952,0.6610651731491088,0.7911730885505677,0.3820206046104431,1.0986831068992615,1123792.0,0.9732328743396553,False
UC1,m105,all,all,MAE,lvlh5_naive,7.9984610503287055,7.912441110610962,8.075099062919616,1380115.0,True,18286,231,persistence,1.1637641241917702,1.0926324605941773,1.2320701360702515,0.7786035060882568,1.5764753222465513,1060228.0,0.9181848099073352,False
UC1,m105,all,all,MAE,lvlh5_tft,7.511172905815188,7.4209918737411495,7.597655820846557,1004394.0,True,13434,231,persistence,0.7544586597441372,0.6835947394371032,0.8263602614402771,0.4191144585609436,1.1172577381134032,775029.0,0.6711951156144453,False
UC1,m105,all,all,MAE,persistence,7.163980254611587,7.092120814323425,7.234577047824859,1154700.0,True,19600,231,persistence,,,,,,,,
UC1,m105,all,all,MAE,snaive7,8.847148641672582,8.74908185005188,8.947023296356202,1239760.0,True,18135,231,persistence,2.066972732128856,1.9776502132415772,2.156061279773712,1.7029794812202455,2.477125096321106,960361.0,0.8316974105828354,False
UC1,m105,all,all,MAE,wt_med,7.684013680570415,7.600469493865967,7.760424768924713,1448770.0,True,19297,231,persistence,0.818125026888274,0.7504765152931213,0.8846246123313903,0.4625746965408325,1.1949977755546568,1115728.0,0.9662492422274184,False
UC1,m105,busy,all,MAE,clim,15.769694877912682,15.6095365524292,15.93006739616394,415768.0,True,15186,231,persistence,3.1294308968153643,2.9549946784973145,3.3040258646011353,2.2081695556640626,4.057876539230346,324370.0,0.884695319190718,False
UC1,m105,busy,all,MAE,h5,14.527927233676413,14.37960901260376,14.666689443588258,457911.0,True,16366,231,persistence,1.615213901695057,1.4636856317520142,1.7678736209869383,0.842684555053711,2.430035376548767,358985.0,0.9791051859286615,False
UC1,m105,busy,all,MAE,lvlh5_naive,14.874623244588358,14.722502303123473,15.024099230766296,434498.0,True,15555,231,persistence,2.078373332743327,1.9196440696716308,2.2423325777053833,1.2745635747909547,2.952158117294311,339123.0,0.924933041680531,False
UC1,m105,busy,all,MAE,lvlh5_tft,13.809581631612543,13.654302525520325,13.974081826210021,304321.0,True,11416,231,persistence,0.9945776738128576,0.8327599287033081,1.1675152540206908,0.3453388690948486,1.756207227706909,239493.0,0.6531995439742967,False
UC1,m105,busy,all,MAE,persistence,13.153142268018742,13.048942756652831,13.261316823959351,366646.0,True,16487,231,persistence,,,,,,,,
UC1,m105,busy,all,MAE,snaive7,16.798286953341883,16.597815990447998,16.975725650787354,388314.0,True,15313,231,persistence,4.083772510918104,3.875193190574646,4.284243726730347,3.264892649650574,4.956483054161072,305685.0,0.8337333558800587,False
UC1,m105,busy,all,MAE,wt_med,14.697871807491518,14.551596283912659,14.838060760498047,455128.0,True,16348,231,persistence,1.817156537257901,1.6600951671600341,1.9770449876785277,1.0531460523605347,2.633535814285278,356931.0,0.973503051990203,False
UC1,m120,all,all,MAE,clim,8.260818765266716,8.173462080955506,8.342846345901489,1331737.0,True,17996,231,persistence,1.146503677358016,1.0699692487716674,1.2197955965995788,0.7572466850280761,1.523755633831024,1014995.0,0.8894297544197867,False
UC1,m120,all,all,MAE,h5,7.650065071897477,7.567529916763306,7.726191473007202,1452624.0,True,19330,231,persistence,0.35944137666756415,0.2966848134994507,0.4204897880554199,0.02421810626983643,0.715511167049408,1110377.0,0.9730120270773545,False
UC1,m120,all,all,MAE,lvlh5_naive,8.001901079689869,7.918632924556732,8.079771280288696,1373723.0,True,18351,231,persistence,0.7680426081448788,0.698486578464508,0.8359805703163147,0.3983126044273376,1.157367444038391,1047345.0,0.9177777290950118,False
UC1,m120,all,all,MAE,lvlh5_tft,7.513759469812987,7.4239298582077025,7.600137007236481,1000075.0,True,13441,231,persistence,0.3666282307254338,0.2936524748802185,0.43917099237442014,0.0341475248336792,0.7283200740814209,766175.0,0.6713913291125375,False
UC1,m120,all,all,MAE,persistence,7.484056345433435,7.407786667346954,7.55518010854721,1141175.0,True,19588,231,persistence,,,,,,,,
UC1,m120,all,all,MAE,snaive7,8.873239036789927,8.776136183738709,8.971390175819398,1232919.0,True,18145,231,persistence,1.6996923499809702,1.6149881482124329,1.7862791776657103,1.3494701027870177,2.089788591861725,945880.0,0.8288649856507547,False
UC1,m120,all,all,MAE,wt_med,7.722071254677817,7.6384523749351505,7.798125171661377,1442179.0,True,19301,231,persistence,0.4494444020924311,0.3849867582321167,0.5144865870475769,0.12011601924896241,0.8074796438217163,1101876.0,0.965562687580783,False
UC1,m120,busy,all,MAE,clim,15.822136338462279,15.662931561470032,15.98491599559784,415290.0,True,15195,231,persistence,2.48158018376256,2.313695216178894,2.6586854696273803,1.628448748588562,3.358152174949646,321393.0,0.8843958789666597,False
UC1,m120,busy,all,MAE,h5,14.540282967711747,14.39171895980835,14.681683158874511,457349.0,True,16362,231,persistence,0.9099975123748809,0.7622710227966308,1.0590299367904663,0.19184815883636475,1.705746555328369,355761.0,0.9789683107505696,False
UC1,m120,busy,all,MAE,lvlh5_naive,14.842154382105658,14.690986156463623,14.992454361915588,433984.0,True,15610,231,persistence,1.331715637256977,1.162674069404602,1.489972472190857,0.572547721862793,2.2075285434722898,336051.0,0.9247311532068992,False
UC1,m120,busy,all,MAE,lvlh5_tft,13.783575076902254,13.631048798561096,13.952503633499145,304319.0,True,11420,231,persistence,0.26279829849701564,0.09655945301055908,0.42979433536529543,-0.3818265199661255,0.9928791761398315,237489.0,0.6535123443880639,False
UC1,m120,busy,all,MAE,persistence,13.757528810910172,13.648970532417298,13.868762016296387,363404.0,True,16459,231,persistence,,,,,,,,
UC1,m120,busy,all,MAE,snaive7,16.786279132148273,16.599004364013673,16.969564723968507,387716.0,True,15321,231,persistence,3.389267450399254,3.1942139863967896,3.5894130945205687,2.595065879821777,4.238335061073303,302314.0,0.8318950809567314,False
UC1,m120,busy,all,MAE,wt_med,14.730214806898099,14.587255120277405,14.875185918807983,454734.0,True,16339,231,persistence,1.132220082624297,0.9806603193283081,1.2850159883499146,0.4311511754989624,1.9182095527648921,353649.0,0.9731565970655248,False
UC2-intraday,h2-4,all,all,MAE,clim,8.11869761411644,8.030215430259705,8.19765055179596,10486723.0,True,18120,231,wt_med,0.5912733933920125,0.56143137216568,0.6208513736724853,0.5019443392753601,0.6863503217697143,10443120.0,0.9175146822187558,False
UC2-intraday,h2-4,all,all,MAE,h5,7.530785266342908,7.447062277793885,7.603704035282135,11471490.0,True,19416,231,wt_med,-0.06101153777049895,-0.06542236804962158,-0.05661808252334595,-0.07744228839874268,-0.04664391279220581,11381965.0,1.0,True
UC2-intraday,h2-4,all,all,MAE,lvlh5_naive,7.888508656341058,7.803801858425141,7.967031455039978,10851758.0,True,18896,231,wt_med,0.3353272428255485,0.3057252764701843,0.36632412672042847,0.27810791730880735,0.3982074379920959,10793832.0,0.948327639383885,False
UC2-intraday,h2-4,all,all,MAE,lvlh5_tft,7.413619842700231,7.3240485191345215,7.499136650562287,7932250.0,True,13502,231,wt_med,0.04188632638696177,-0.008183836936950684,0.09055453538894652,-0.09084113836288452,0.17453696727752685,7877563.0,0.6921092271852883,False
UC2-intraday,h2-4,all,all,MAE,persistence,8.715360183453637,8.634185934066773,8.800600981712341,7367093.0,True,19633,231,wt_med,0.6606790278182428,0.5941458940505981,0.7265405297279357,0.29529958963394165,1.0309297084808349,7077442.0,0.6218119630485597,False
UC2-intraday,h2-4,all,all,MAE,snaive7,8.736460319302717,8.63829791545868,8.833213329315186,9718176.0,True,18261,231,wt_med,1.1651987395348495,1.1006215929985046,1.2328634023666383,0.9685025572776794,1.356013286113739,9672937.0,0.8498477196160769,False
UC2-intraday,h2-4,all,all,MAE,wt_med,7.595323610641923,7.5111435651779175,7.666531658172607,11381965.0,True,19404,231,wt_med,,,,,,,,
UC2-intraday,h2-4,busy,all,MAE,clim,15.73168342881126,15.572602319717408,15.884704303741454,3192710.0,True,15314,231,wt_med,1.1440133296362394,1.0708992242813111,1.2146373033523559,0.9340927839279175,1.3715096473693846,3184483.0,0.9081571455337794,False
UC2-intraday,h2-4,busy,all,MAE,h5,14.513236415187754,14.37401647567749,14.654433059692384,3530634.0,True,16461,231,wt_med,-0.16122850191342764,-0.1725635051727295,-0.15048644542694092,-0.19570152759552,-0.13068146705627443,3506533.0,1.0,True
UC2-intraday,h2-4,busy,all,MAE,lvlh5_naive,14.84465393407161,14.698827314376832,14.986060500144958,3346396.0,True,15981,231,wt_med,0.2525162667968246,0.18059201240539552,0.32303316593170167,0.11698074340820312,0.3832157850265503,3330506.0,0.9498002728050755,False
UC2-intraday,h2-4,busy,all,MAE,lvlh5_tft,13.794347815926793,13.648903512954712,13.960778284072877,2362051.0,True,11497,231,wt_med,-0.5701327244472143,-0.6923785448074341,-0.44507524967193607,-0.8899331331253052,-0.26738181114196785,2347586.0,0.6694892077159975,True
UC2-intraday,h2-4,busy,all,MAE,persistence,15.811277709698853,15.691517210006714,15.94249722957611,2395912.0,True,16520,231,wt_med,0.9390429094726063,0.7955712795257568,1.094318699836731,0.15364129543304444,1.6887375354766845,2324545.0,0.6629183298716995,False
UC2-intraday,h2-4,busy,all,MAE,snaive7,16.76034903278374,16.569338226318358,16.93626732826233,2979892.0,True,15443,231,wt_med,2.130558074696536,1.9833753108978271,2.287816572189331,1.7178392171859742,2.503334093093872,2968384.0,0.8465296063091379,False
UC2-intraday,h2-4,busy,all,MAE,wt_med,14.67534071403292,14.530902028083801,14.814542627334594,3506533.0,True,16450,231,wt_med,,,,,,,,
UC2-intraday,h4-8,all,all,MAE,clim,8.4219740430011,8.334295654296875,8.506336617469788,15013523.0,True,18067,231,wt_med,0.6140467580901801,0.582869017124176,0.6439767241477966,0.5271250009536743,0.7114505887031555,14944879.0,0.9137416049883542,False
UC2-intraday,h4-8,all,all,MAE,h5,7.804234572093161,7.718258082866669,7.883218681812286,16499970.0,True,19388,231,wt_med,-0.07704147546160467,-0.0821225881576538,-0.07198988199234009,-0.09600059986114502,-0.06060411930084229,16355695.0,1.0,True
UC2-intraday,h4-8,all,all,MAE,lvlh5_naive,8.191999238431396,8.104334044456483,8.276964783668518,15527671.0,True,18202,231,wt_med,0.34305418005476707,0.3113061308860779,0.37589571475982664,0.282809317111969,0.4096274137496948,15434366.0,0.9436692234723134,False
UC2-intraday,h4-8,all,all,MAE,lvlh5_tft,7.724730365371417,7.632606947422028,7.817040765285492,11511920.0,True,13482,231,wt_med,0.05438512035881704,0.0017533302307128906,0.10597702264785766,-0.08206683397293091,0.1866513013839721,11421878.0,0.6983425650820708,False
UC2-intraday,h4-8,all,all,MAE,persistence,11.352033847880161,11.245954275131226,11.474616622924804,7361170.0,True,18944,231,wt_med,3.2165962254286065,3.1303213357925417,3.3059831738471983,2.694602632522583,3.79954959154129,6969639.0,0.426129186194778,False
UC2-intraday,h4-8,all,all,MAE,snaive7,9.052992559060955,8.95256278514862,9.15557782649994,13933994.0,True,18239,231,wt_med,1.2238845986910922,1.1570480346679688,1.2951428055763246,1.0297429442405701,1.4107557296752928,13856134.0,0.8471748831217506,False
UC2-intraday,h4-8,all,all,MAE,wt_med,7.884536425997183,7.800280666351318,7.963736021518708,16355695.0,True,19375,231,wt_med,,,,,,,,
UC2-intraday,h4-8,busy,all,MAE,clim,15.946345476061433,15.796725583076476,16.097144460678102,4677285.0,True,15266,231,wt_med,1.1546945363611858,1.080105447769165,1.2248096466064453,0.9459656953811646,1.359851360321045,4663943.0,0.9041056668965729,False
UC2-intraday,h4-8,busy,all,MAE,h5,14.70751564237233,14.560829377174377,14.85613112449646,5197741.0,True,16431,231,wt_med,-0.1841535905103413,-0.19641101360321045,-0.1721189498901367,-0.22627580165863037,-0.14987826347351077,5158626.0,1.0,True
UC2-intraday,h4-8,busy,all,MAE,lvlh5_naive,15.062733933803916,14.905687284469604,15.210950255393982,4900823.0,True,15498,231,wt_med,0.2493066502340593,0.1709980010986328,0.3211585521697998,0.12061073780059815,0.38269581794738766,4875195.0,0.9450568814254028,False
UC2-intraday,h4-8,busy,all,MAE,lvlh5_tft,14.076277690460735,13.92767870426178,14.24569821357727,3508384.0,True,11473,231,wt_med,-0.5317971799002805,-0.655251431465149,-0.4072604656219483,-0.8567627191543579,-0.23574168682098406,3484721.0,0.6755134022121394,True
UC2-intraday,h4-8,busy,all,MAE,persistence,19.674758264788647,19.51932063102722,19.84507565498352,2631495.0,True,15872,231,wt_med,5.260452698643563,5.085101819038391,5.438120055198669,4.394839668273926,6.165553331375122,2530160.0,0.4904716876160435,False
UC2-intraday,h4-8,busy,all,MAE,snaive7,17.009030709492006,16.81615514755249,17.187303638458253,4370310.0,True,15420,231,wt_med,2.216398721882003,2.0687942504882812,2.384394335746765,1.813829231262207,2.5787781238555905,4350772.0,0.8433974473047668,False
UC2-intraday,h4-8,busy,all,MAE,wt_med,14.889604131022486,14.740727519989013,15.034979557991027,5158626.0,True,16421,231,wt_med,,,,,,,,
UC2-intraday,h8+,all,all,MAE,clim,8.113776531807268,8.018526601791383,8.211823749542237,6472420.0,True,17518,231,wt_med,0.5586370785716568,0.5276155829429626,0.5894442915916442,0.4612058877944946,0.6630807518959045,6430334.0,0.889815928372293,False
UC2-intraday,h8+,all,all,MAE,h5,7.508763846021244,7.409470927715302,7.598104333877563,7373147.0,True,18885,231,wt_med,-0.09128456039218502,-0.10070549249649048,-0.0822453260421753,-0.1277052640914917,-0.06087645292282105,7226589.0,1.0,True
UC2-intraday,h8+,all,all,MAE,lvlh5_naive,7.961914994200288,7.863646519184113,8.059412121772766,6980404.0,True,17706,231,wt_med,0.3953752534405073,0.36095876693725587,0.4288572192192078,0.325518000125885,0.4678151488304138,6865520.0,0.950036040516487,False
UC2-intraday,h8+,all,all,MAE,lvlh5_tft,7.744542381070983,7.636629939079285,7.851456487178803,5319715.0,True,13114,231,wt_med,0.28995451203583933,0.23375521898269652,0.34603716135025026,0.1692335844039917,0.40853296518325805,5217393.0,0.721971735212837,False
UC2-intraday,h8+,all,all,MAE,persistence,14.187287296597892,13.980704164505005,14.404906296730042,1569674.0,True,8753,231,wt_med,6.6557730008095275,6.492035210132599,6.8293624997138975,5.446671664714813,8.198213672637939,1435406.0,0.19862842621878732,False
UC2-intraday,h8+,all,all,MAE,snaive7,8.827107876915433,8.718887567520142,8.942036199569703,6061751.0,True,17656,231,wt_med,1.3204050282311721,1.2485157370567321,1.4014869928359985,1.1375950932502747,1.5059497594833373,5994792.0,0.829546553706043,False
UC2-intraday,h8+,all,all,MAE,wt_med,7.598706595878083,7.502691555023193,7.689825570583343,7226589.0,True,18856,231,wt_med,,,,,,,,
UC2-intraday,h8+,busy,all,MAE,clim,14.730965908580282,14.577357625961303,14.893752360343933,2225428.0,True,14841,231,wt_med,1.0040971974357316,0.9354263782501221,1.072550630569458,0.8199366569519043,1.2094374656677245,2216149.0,0.8860144663321148,False
UC2-intraday,h8+,busy,all,MAE,h5,13.60339545588145,13.456382536888123,13.75065038204193,2544916.0,True,16023,231,wt_med,-0.21449881079745658,-0.23706660270690919,-0.19223146438598632,-0.28785226345062254,-0.15141928195953375,2501256.0,1.0,True
UC2-intraday,h8+,busy,all,MAE,lvlh5_naive,14.038051169643616,13.86708173751831,14.200654602050781,2411997.0,True,15119,231,wt_med,0.2853304188600987,0.20295321941375732,0.3573835372924804,0.1567634105682373,0.4060584306716919,2377633.0,0.9505756308030845,False
UC2-intraday,h8+,busy,all,MAE,lvlh5_tft,13.596607083682606,13.418434953689575,13.786449313163757,1766799.0,True,11144,231,wt_med,-0.10305505323739972,-0.23009610176086426,0.024958610534667948,-0.33514816761016847,0.11267502307891833,1737568.0,0.6946781936754974,False
UC2-intraday,h8+,busy,all,MAE,persistence,23.26403107450509,22.97449083328247,23.562033796310423,645674.0,True,7933,231,wt_med,10.833423188194233,10.530548238754273,11.134404230117799,8.511887884140014,13.287312483787536,602824.0,0.24100851732089798,False
UC2-intraday,h8+,busy,all,MAE,snaive7,16.003605184090524,15.800508761405945,16.192645931243895,2082834.0,True,14929,231,wt_med,2.329702622749215,2.1728459358215333,2.4941170692443846,1.9908470392227173,2.6517996549606324,2065390.0,0.8257411476474219,False
UC2-intraday,h8+,busy,all,MAE,wt_med,13.80054860438116,13.652455759048461,13.947251462936402,2501256.0,True,15996,231,wt_med,,,,,,,,
