uc,lead,segment,region,metric,model,value,lo,hi,n,lower,n_park_days,n_origin_days,ref,diff_vs_ref,diff_lo,diff_hi,diff_lo_park,diff_hi_park,n_paired,paired_share,wins
D5,0,all,all,first-hour MAE (opening-aligned),chronos2,4.779793181305024,4.517644786834717,5.052707135677338,54294.0,True,808,33,wt_med,0.05017471428516718,-0.13982009887695312,0.23922009468078606,-0.30589067935943604,0.36782904863357535,53470.0,0.9964406179534485,False
D5,0,all,all,first-hour MAE (opening-aligned),chronos2_grid,4.177538125770643,3.916523575782776,4.450962948799133,54294.0,True,808,33,wt_med,-0.5513340585450717,-0.7050986409187316,-0.3862431883811951,-0.8570446670055389,-0.2889248073101045,53470.0,0.9964406179534485,True
D5,0,all,all,first-hour MAE (opening-aligned),chronos2_nocov,5.439576328711936,5.134188306331635,5.762204968929291,54294.0,True,808,33,wt_med,0.7159690101324605,0.5007655382156372,0.9289024353027343,0.2720139265060425,1.1594583511352539,53470.0,0.9964406179534485,False
D5,0,all,all,first-hour MAE (opening-aligned),chronos2_owx,4.7420042270225915,4.48462530374527,5.000346851348877,54294.0,True,808,33,wt_med,0.012166805732845454,-0.16873128414154054,0.1939419865608214,-0.34821802377700806,0.3399727582931518,53470.0,0.9964406179534485,False
D5,0,all,all,first-hour MAE (opening-aligned),clim,5.137118757901391,4.810050737857819,5.489202332496643,50624.0,True,777,33,wt_med,0.3979860849570853,0.29744299650192263,0.5043821454048156,0.19763023853302003,0.6282013535499572,50449.0,0.940142747992024,False
D5,0,all,all,first-hour MAE (opening-aligned),h5,4.553037719816758,4.2875830173492435,4.853422021865844,54136.0,True,809,33,wt_med,-0.17433284881012323,-0.2616910457611084,-0.08554283380508425,-0.3882318019866943,-0.014133900403976468,53661.0,1.0,True
D5,0,all,all,first-hour MAE (opening-aligned),lvlh5_cbd,4.158248752551599,3.8141976237297057,4.5078986287117,26454.0,True,401,33,wt_med,-0.1953911622782023,-0.35676315426826477,-0.042859709262847996,-0.5117796659469604,0.0166045606136322,26319.0,0.4904679376083189,False
D5,0,all,all,first-hour MAE (opening-aligned),lvlh5_naive,4.5551421205153915,4.288134145736694,4.857004714012146,54136.0,True,809,33,wt_med,-0.1722098202377662,-0.2595647692680359,-0.08180928230285645,-0.3864994764328003,-0.012671679258346585,53661.0,1.0,True
D5,0,all,all,first-hour MAE (opening-aligned),lvlh5_tft,4.138418856935936,3.824775147438049,4.479389464855194,33139.0,True,512,33,wt_med,-0.23025597476646809,-0.36641669273376465,-0.09625253677368166,-0.5551695585250854,-0.009178268909454347,32972.0,0.6144499729785132,True
D5,0,all,all,first-hour MAE (opening-aligned),oracle_level,4.531804002453453,4.275813949108124,4.828002488613128,53958.0,True,809,33,wt_med,-0.16939833692781647,-0.2587722659111023,-0.07824115753173831,-0.3842205286026001,-0.009425425529480003,53494.0,0.9968878701477796,True
D5,0,all,all,first-hour MAE (opening-aligned),oracle_shape,4.526321251348818,4.258092510700226,4.81170643568039,52098.0,True,783,33,wt_med,-0.20701478066191914,-0.45825445652008057,0.051881742477416976,-0.7569440484046935,0.27946270704269405,51665.0,0.962803525838132,False
D5,0,all,all,first-hour MAE (opening-aligned),snaive7,5.4335831677803865,5.063869619369507,5.852263140678406,44296.0,True,752,33,wt_med,0.6808164739884388,0.46450176239013674,0.9328550219535827,0.2973181962966919,1.1019156336784361,44288.0,0.8253293826056167,False
D5,0,all,all,first-hour MAE (opening-aligned),wt_med,4.715827137026891,4.422361004352569,5.02414311170578,53661.0,True,807,33,wt_med,,,,,,,,
D5,1,all,all,first-hour MAE (opening-aligned),chronos2,5.416318970265356,5.127785909175873,5.732783532142639,54906.0,True,837,33,wt_med,0.5412356411549064,0.3512605309486389,0.7270241618156432,0.11622056961059571,0.9874587059020995,53803.0,0.9840872094086661,False
D5,1,all,all,first-hour MAE (opening-aligned),chronos2_grid,4.623262841962132,4.335595738887787,4.928660023212433,54906.0,True,837,33,wt_med,-0.22999913668146466,-0.38788938522338867,-0.07402000427246094,-0.43637789487838746,-0.030404973030090335,53803.0,0.9840872094086661,True
D5,1,all,all,first-hour MAE (opening-aligned),chronos2_nocov,6.143915920393396,5.80747002363205,6.525772428512573,54906.0,True,837,33,wt_med,1.2812989018516125,1.039749562740326,1.5409287333488464,0.5406556725502014,2.078679776191711,53803.0,0.9840872094086661,False
D5,1,all,all,first-hour MAE (opening-aligned),chronos2_owx,5.384546108195131,5.095222318172455,5.696821808815002,54906.0,True,837,33,wt_med,0.5074891401259372,0.3142878174781799,0.6963482618331909,0.07463726997375489,0.9519671320915222,53803.0,0.9840872094086661,False
D5,1,all,all,first-hour MAE (opening-aligned),chronos2_owx_x_h5,4.597799476706036,4.311230969429016,4.90455332994461,55375.0,True,844,33,wt_med,-0.22898743476763084,-0.337985098361969,-0.12288719415664673,-0.5428380489349365,-0.015604805946350178,54673.0,1.0,True
D5,1,all,all,first-hour MAE (opening-aligned),chronos2_x_h5,4.597949802076588,4.311303043365479,4.904925501346588,55375.0,True,844,33,wt_med,-0.22883873120894993,-0.337800121307373,-0.12280179262161256,-0.5422251105308533,-0.015451848506927567,54673.0,1.0,True
D5,1,all,all,first-hour MAE (opening-aligned),clim,5.171036579462055,4.839400434494019,5.5245957493782045,51641.0,True,815,33,wt_med,0.3475699126458345,0.22442052364349366,0.47361978292465207,0.10043553113937378,0.615290355682373,51171.0,0.9359464452289064,False
D5,1,all,all,first-hour MAE (opening-aligned),h5,4.59399322799097,4.308109760284424,4.903636538982391,55375.0,True,844,33,wt_med,-0.23257938104731757,-0.33963441848754883,-0.12587329149246218,-0.5450259685516358,-0.017629635334014893,54673.0,1.0,True
D5,1,all,all,first-hour MAE (opening-aligned),lvlh5_cbd,4.0458571913084045,3.6969616055488586,4.41451381444931,26002.0,True,404,33,wt_med,-0.27742750233610725,-0.4598516523838043,-0.09718305468559271,-0.7203567326068878,0.026368117332458488,25813.0,0.4721343259012675,False
D5,1,all,all,first-hour MAE (opening-aligned),lvlh5_naive,4.596275372096585,4.309707009792328,4.905594146251678,55375.0,True,844,33,wt_med,-0.23063684790265526,-0.33755849599838256,-0.12370812892913818,-0.5426907896995544,-0.017071497440338236,54673.0,1.0,True
D5,1,all,all,first-hour MAE (opening-aligned),lvlh5_tft,4.089679956557745,3.7953547298908235,4.4193871259689335,33767.0,True,536,33,wt_med,-0.3523466841398548,-0.5154530644416809,-0.1950748145580292,-0.7980723202228546,-0.021290522813797008,33549.0,0.6136301282168529,True
D5,1,all,all,first-hour MAE (opening-aligned),oracle_level,4.606093142501588,4.320093882083893,4.921793842315674,55213.0,True,844,33,wt_med,-0.22284974289619175,-0.3310577869415283,-0.1165047287940979,-0.530519038438797,-0.009997540712356588,54517.0,0.9971466720318988,True
D5,1,all,all,first-hour MAE (opening-aligned),oracle_shape,4.362840831599266,4.1064800262451175,4.668403804302216,53663.0,True,826,33,wt_med,-0.46753580478859824,-0.7240759611129761,-0.18607282638549816,-1.0738707780838013,0.059479999542236164,52887.0,0.9673330528780202,False
D5,1,all,all,first-hour MAE (opening-aligned),snaive7,5.701477442617184,5.342447662353516,6.135617816448211,45484.0,True,801,33,wt_med,0.8703658751875718,0.5880535125732422,1.1975627660751342,0.45956538915634154,1.318059492111206,45316.0,0.8288551936056189,False
D5,1,all,all,first-hour MAE (opening-aligned),wt_med,4.821228028460117,4.521763920783997,5.156291675567627,54673.0,True,841,33,wt_med,,,,,,,,
D5,2,all,all,first-hour MAE (opening-aligned),chronos2,5.9159401875663145,5.59008412361145,6.248128056526184,59284.0,True,858,33,wt_med,1.3981331461474982,1.21391304731369,1.597731351852417,0.9755583345890045,1.8663188457489013,57711.0,0.9819471857347036,False
D5,2,all,all,first-hour MAE (opening-aligned),chronos2_grid,5.1034751391573305,4.788913726806641,5.436635935306549,59284.0,True,858,33,wt_med,0.5915153351586255,0.4489662766456604,0.7327249646186829,0.3539968252182007,0.9072569489479064,57711.0,0.9819471857347036,False
D5,2,all,all,first-hour MAE (opening-aligned),chronos2_nocov,6.782175973780635,6.397775077819825,7.198743331432342,59284.0,True,858,33,wt_med,2.2613634960551128,2.0302998542785646,2.4996772170066834,1.6220445811748505,2.982504427433014,57711.0,0.9819471857347036,False
D5,2,all,all,first-hour MAE (opening-aligned),chronos2_owx,5.889123555024733,5.5672829151153564,6.228011620044708,59284.0,True,858,33,wt_med,1.3635792866752272,1.1872918605804443,1.5607919216156005,0.9578467011451721,1.8177030086517332,57711.0,0.9819471857347036,False
D5,2,all,all,first-hour MAE (opening-aligned),chronos2_owx_x_h5,4.361182898518018,4.097907042503357,4.644972610473633,59648.0,True,868,33,wt_med,-0.10074121373932776,-0.16861629486083984,-0.02382086515426637,-0.26712158918380735,0.003606033325195309,58772.0,1.0,False
D5,2,all,all,first-hour MAE (opening-aligned),chronos2_x_h5,4.3623421103609505,4.099378085136413,4.64636607170105,59648.0,True,868,33,wt_med,-0.09955313709101343,-0.166859769821167,-0.02210484743118287,-0.2647698760032654,0.0036857604980468682,58772.0,1.0,False
D5,2,all,all,first-hour MAE (opening-aligned),clim,4.626952439046932,4.345014500617981,4.9141540169715885,54099.0,True,813,33,wt_med,0.3876929666114224,0.29885149002075195,0.4771043658256531,0.20337237119674684,0.6350476264953613,53701.0,0.9137174164568161,False
D5,2,all,all,first-hour MAE (opening-aligned),h5,4.352091645989807,4.08745801448822,4.635384202003479,59648.0,True,868,33,wt_med,-0.10965468250187183,-0.17748183012008667,-0.03534036874771119,-0.2827234387397766,-0.01273866891860962,58772.0,1.0,True
D5,2,all,all,first-hour MAE (opening-aligned),lvlh5_cbd,3.984971776955554,3.6499663591384888,4.346181845664978,28796.0,True,422,33,wt_med,-0.1018196242232885,-0.20164726972579955,-0.003383386135101331,-0.3479503393173218,0.030722606182098388,28467.0,0.4843633022527734,False
D5,2,all,all,first-hour MAE (opening-aligned),lvlh5_naive,4.3609296880547594,4.093074750900269,4.643838667869568,59648.0,True,868,33,wt_med,-0.10163345352502784,-0.170019268989563,-0.029155600070953375,-0.26859952211380006,-0.0027830958366394064,58772.0,1.0,True
D5,2,all,all,first-hour MAE (opening-aligned),lvlh5_tft,3.997522622948589,3.7019147515296935,4.30924209356308,35954.0,True,544,33,wt_med,-0.15934016582863064,-0.2536180317401886,-0.07177960872650148,-0.47811834216117854,0.0013318836688995318,35550.0,0.6048798747702988,False
D5,2,all,all,first-hour MAE (opening-aligned),oracle_level,4.356106851061146,4.08925495147705,4.639177417755127,59477.0,True,868,33,wt_med,-0.10478939410532728,-0.17424751520156861,-0.02703676223754883,-0.27399214506149294,-0.0003960609436035297,58615.0,0.9973286599060778,True
D5,2,all,all,first-hour MAE (opening-aligned),oracle_shape,3.8553991354886916,3.6195210039615633,4.114262104034424,59114.0,True,860,33,wt_med,-0.5520501074754627,-0.751820856332779,-0.3442094087600709,-1.1919628739356996,-0.037340331077575686,57964.0,0.9862519567140815,True
D5,2,all,all,first-hour MAE (opening-aligned),snaive7,5.198785746050774,4.8671014428138735,5.572594082355499,51719.0,True,839,33,wt_med,0.826758947839104,0.6538325190544129,1.020103931427002,0.5308662533760071,1.142494833469391,51437.0,0.8751956714081536,False
D5,2,all,all,first-hour MAE (opening-aligned),wt_med,4.441085891240727,4.175566565990448,4.742321169376373,58772.0,True,864,33,wt_med,,,,,,,,
D5,3,all,all,first-hour MAE (opening-aligned),chronos2,5.886469955855795,5.564210593700409,6.2283011198043825,59428.0,True,865,33,wt_med,1.1071177711298237,0.9173263072967529,1.294881510734558,0.7222140908241272,1.5393926739692687,57856.0,0.9928269897381337,False
D5,3,all,all,first-hour MAE (opening-aligned),chronos2_grid,4.962388124216885,4.6648321628570555,5.251117467880249,59428.0,True,865,33,wt_med,0.17255842489544726,-0.010676705837249752,0.34043165445327755,-0.004769992828369137,0.3509271621704101,57856.0,0.9928269897381337,False
D5,3,all,all,first-hour MAE (opening-aligned),chronos2_nocov,6.722584458125057,6.345267355442047,7.110193800926209,59428.0,True,865,33,wt_med,1.9424401490611176,1.686097550392151,2.1802449464797973,1.2460641860961914,2.7021781563758847,57856.0,0.9928269897381337,False
D5,3,all,all,first-hour MAE (opening-aligned),chronos2_owx,5.8638224783805155,5.545413208007813,6.202389717102051,59428.0,True,865,33,wt_med,1.0820461454578734,0.8894742250442504,1.2703521847724915,0.688001811504364,1.5180629014968872,57856.0,0.9928269897381337,False
D5,3,all,all,first-hour MAE (opening-aligned),chronos2_owx_x_h5,4.573571824523092,4.26405177116394,4.8495187044143675,59038.0,True,864,33,wt_med,-0.1512696420444044,-0.22509676218032837,-0.0801553726196289,-0.3363884329795837,-0.018587934970855764,58274.0,1.0,True
D5,3,all,all,first-hour MAE (opening-aligned),chronos2_x_h5,4.573741629462638,4.264017820358276,4.849813151359558,59038.0,True,864,33,wt_med,-0.15111039215747368,-0.22448524236679077,-0.07997990846633911,-0.3363423705101013,-0.017841792106628458,58274.0,1.0,True
D5,3,all,all,first-hour MAE (opening-aligned),clim,4.922891476893406,4.602605259418487,5.247445976734161,53924.0,True,809,33,wt_med,0.32739302797372005,0.24112913608551026,0.4269392609596252,0.15528476238250732,0.5306677341461181,53729.0,0.9220063836359268,False
D5,3,all,all,first-hour MAE (opening-aligned),h5,4.5653053965242725,4.2593489527702335,4.839360237121582,59038.0,True,864,33,wt_med,-0.15948900882040018,-0.2293143391609192,-0.09432151317596438,-0.3431769013404846,-0.0266979455947876,58274.0,1.0,True
D5,3,all,all,first-hour MAE (opening-aligned),lvlh5_cbd,4.28607635544075,3.9195337533950805,4.668499445915222,28743.0,True,425,33,wt_med,-0.15195784825506387,-0.29546658992767333,-0.01180723905563356,-0.33776079416275023,0.01840296983718872,28385.0,0.48709544565329305,False
D5,3,all,all,first-hour MAE (opening-aligned),lvlh5_naive,4.567775211677339,4.261612439155579,4.840629661083221,59038.0,True,864,33,wt_med,-0.1570530001823407,-0.2278723955154419,-0.09091492891311646,-0.3411756157875061,-0.021920901536941553,58274.0,1.0,True
D5,3,all,all,first-hour MAE (opening-aligned),lvlh5_tft,4.274072406328963,3.9565295040607453,4.608872103691101,35727.0,True,543,33,wt_med,-0.15088260949497467,-0.24892401695251465,-0.05807830095291138,-0.4021384000778198,0.006142663955688476,35303.0,0.6058104815183444,False
D5,3,all,all,first-hour MAE (opening-aligned),oracle_level,4.552176509756617,4.252478861808777,4.825751030445099,58853.0,True,864,33,wt_med,-0.17555350103601164,-0.25597500801086426,-0.10423120260238648,-0.352983295917511,-0.03381865024566654,58101.0,0.9970312660877921,True
D5,3,all,all,first-hour MAE (opening-aligned),oracle_shape,4.051153602445316,3.8156408429145814,4.2829876184463505,58417.0,True,855,33,wt_med,-0.6420541119723371,-0.8648990333080292,-0.41538222432136557,-1.3034979581832886,-0.09632449150085456,57483.0,0.986426193499674,True
D5,3,all,all,first-hour MAE (opening-aligned),prod_served,6.218048079361948,5.779654777050018,6.665400886535645,35483.0,True,539,33,wt_med,1.7794584393675121,1.5581051111221313,2.0313305020332337,1.3150537014007568,2.3321831703186033,34973.0,0.6001475786800289,False
D5,3,all,all,first-hour MAE (opening-aligned),prod_served_lin,6.273245246085011,5.840782475471497,6.706953763961792,35760.0,True,544,33,wt_med,1.832893429828295,1.6151702284812928,2.075612759590149,1.4068685173988342,2.327262699604034,35235.0,0.6046435803274187,False
D5,3,all,all,first-hour MAE (opening-aligned),snaive7,5.46386776468734,5.093578362464905,5.826459002494812,50758.0,True,830,33,wt_med,0.7179598867483712,0.5064352989196778,0.934614634513855,0.4701429784297943,0.9850515127182006,50507.0,0.8667158595600096,False
D5,3,all,all,first-hour MAE (opening-aligned),wt_med,4.715893880632873,4.4143564105033875,5.011123538017273,58274.0,True,859,33,wt_med,,,,,,,,
D5,4,all,all,first-hour MAE (opening-aligned),chronos2,6.202761914699806,5.832178068161011,6.616198027133942,53489.0,True,809,33,wt_med,1.2836517625192778,1.0326129078865052,1.5250696539878845,0.7713331043720245,1.8129558444023133,52408.0,0.9963687522576475,False
D5,4,all,all,first-hour MAE (opening-aligned),chronos2_grid,4.902014889615742,4.598561143875122,5.223697531223297,53489.0,True,809,33,wt_med,-0.019376397141972035,-0.17454832792282104,0.14939476251602168,-0.2287650227546692,0.15305740833282466,52408.0,0.9963687522576475,False
D5,4,all,all,first-hour MAE (opening-aligned),chronos2_nocov,7.22040918359277,6.807589602470398,7.694832301139831,53489.0,True,809,33,wt_med,2.305041901065528,2.0011911034584045,2.6216087341308594,1.3603449940681458,3.3238398313522337,52408.0,0.9963687522576475,False
D5,4,all,all,first-hour MAE (opening-aligned),chronos2_owx,6.181989952305919,5.810351550579071,6.58063246011734,53489.0,True,809,33,wt_med,1.258692166529035,0.9965575575828552,1.4973037362098693,0.7466538667678833,1.7936426281929014,52408.0,0.9963687522576475,False
D5,4,all,all,first-hour MAE (opening-aligned),chronos2_owx_x_h5,4.7616396626971875,4.464987289905548,5.100705373287201,53290.0,True,810,33,wt_med,-0.1417985032784319,-0.22283486127853394,-0.0696960210800171,-0.3432729721069336,-0.01799283623695374,52599.0,1.0,True
D5,4,all,all,first-hour MAE (opening-aligned),chronos2_x_h5,4.761579087563194,4.464902865886688,5.100705564022064,53290.0,True,810,33,wt_med,-0.14186354543321222,-0.22282633781433106,-0.06971038579940797,-0.3433224558830261,-0.017933434247970583,52599.0,1.0,True
D5,4,all,all,first-hour MAE (opening-aligned),clim,5.103491897753057,4.791106474399567,5.453770101070404,49801.0,True,780,33,wt_med,0.26097123389844246,0.1546981453895569,0.3750627636909485,0.10441766977310181,0.4635164856910705,49607.0,0.9431167892925721,False
D5,4,all,all,first-hour MAE (opening-aligned),h5,4.759931506849315,4.463963687419891,5.099365592002869,53290.0,True,810,33,wt_med,-0.1433689328694463,-0.22479257583618165,-0.07130007743835451,-0.345984673500061,-0.018458390235900884,52599.0,1.0,True
D5,4,all,all,first-hour MAE (opening-aligned),lvlh5_cbd,4.6026985673019105,4.199078464508057,5.045321571826935,26261.0,True,403,33,wt_med,-0.14230283600171934,-0.2875797748565674,-0.008430504798889188,-0.4492242932319641,0.032379251718521095,25890.0,0.49221468088746934,False
D5,4,all,all,first-hour MAE (opening-aligned),lvlh5_naive,4.762481617244375,4.466195452213287,5.101489424705505,53289.0,True,810,33,wt_med,-0.1409709233761962,-0.22120952606201172,-0.06829856634140015,-0.34455143213272094,-0.015877091884613045,52599.0,1.0,True
D5,4,all,all,first-hour MAE (opening-aligned),lvlh5_tft,4.5156704704705675,4.141594552993775,4.925146687030792,32825.0,True,517,33,wt_med,-0.15980297728360693,-0.2832737684249878,-0.051267194747924835,-0.4713406562805176,0.008848285675048823,32416.0,0.6162854807125611,False
D5,4,all,all,first-hour MAE (opening-aligned),oracle_level,4.760443574019323,4.461779141426087,5.0954723954200745,53149.0,True,810,33,wt_med,-0.1392978730576635,-0.22121944427490234,-0.06680378913879395,-0.3459531903266907,-0.013956463336944589,52477.0,0.9976805642692826,True
D5,4,all,all,first-hour MAE (opening-aligned),oracle_shape,4.469466914949036,4.1886496305465695,4.751279175281525,51935.0,True,792,33,wt_med,-0.45209336637241915,-0.7071714282035828,-0.19797776937484748,-1.12208731174469,0.13888076543807967,51319.0,0.9756649365957528,False
D5,4,all,all,first-hour MAE (opening-aligned),prod_served,6.320544780203076,5.905424201488495,6.782852065563202,32894.0,True,516,33,wt_med,1.6420864418274856,1.4041399717330934,1.9010825395584106,1.1579544126987458,2.242030584812164,32438.0,0.6167037396148216,False
D5,4,all,all,first-hour MAE (opening-aligned),prod_served_lin,6.389633184726898,5.980025458335876,6.832207560539246,32973.0,True,518,33,wt_med,1.702370517315618,1.4470129132270813,1.975016391277313,1.2290339469909668,2.2703715562820435,32514.0,0.6181486340044487,False
D5,4,all,all,first-hour MAE (opening-aligned),snaive7,5.905224267273423,5.456813085079193,6.363120663166046,44389.0,True,772,33,wt_med,0.9190658049353697,0.6508560895919799,1.2302536487579345,0.5725910604000092,1.3634561419486997,44252.0,0.8413087701287096,False
D5,4,all,all,first-hour MAE (opening-aligned),wt_med,4.893800262362403,4.592884612083435,5.240045666694641,52599.0,True,806,33,wt_med,,,,,,,,
D5,5,all,all,first-hour MAE (opening-aligned),chronos2,6.376954825657579,5.994669127464294,6.772489285469055,52106.0,True,784,33,wt_med,1.3241132983846793,1.0860769152641296,1.582905900478363,0.693724000453949,1.8963688015937805,50930.0,0.9952903011471341,False
D5,5,all,all,first-hour MAE (opening-aligned),chronos2_grid,4.9772313115638225,4.679036319255829,5.2743685126304625,52106.0,True,784,33,wt_med,-0.07413062957562921,-0.24243409633636476,0.10385348796844482,-0.36923058032989503,0.15532697439193724,50930.0,0.9952903011471341,False
D5,5,all,all,first-hour MAE (opening-aligned),chronos2_nocov,7.3678827394758475,6.895734572410584,7.841245245933533,52106.0,True,784,33,wt_med,2.311570294554519,2.0163400411605834,2.636023497581482,1.3509977102279662,3.3180251002311705,50930.0,0.9952903011471341,False
D5,5,all,all,first-hour MAE (opening-aligned),chronos2_owx,6.398315749058398,6.02244371175766,6.791453158855438,52106.0,True,784,33,wt_med,1.345234647996529,1.0999685168266295,1.6043392419815063,0.7320922017097473,1.9398990154266358,50930.0,0.9952903011471341,False
D5,5,all,all,first-hour MAE (opening-aligned),chronos2_owx_x_h5,4.865581206870562,4.550730121135712,5.175998508930206,51885.0,True,788,33,wt_med,-0.12139270832343119,-0.20087414979934692,-0.044277322292327906,-0.28351420164108276,-0.012773537635803226,51171.0,1.0,True
D5,5,all,all,first-hour MAE (opening-aligned),chronos2_x_h5,4.865895230019565,4.550727701187133,5.176552748680114,51885.0,True,788,33,wt_med,-0.12106445518579001,-0.20100700855255127,-0.043852138519287126,-0.28340448141098024,-0.012696874141693123,51171.0,1.0,True
D5,5,all,all,first-hour MAE (opening-aligned),clim,5.241960888597963,4.8840891242027284,5.562065553665161,48886.0,True,758,33,wt_med,0.2796346637011409,0.16664612293243408,0.38990082740783694,0.11049703359603882,0.4826008200645447,48558.0,0.9489359207363546,False
D5,5,all,all,first-hour MAE (opening-aligned),h5,4.871085092030452,4.5521490454673765,5.178135728836059,51885.0,True,788,33,wt_med,-0.11576381153387683,-0.19528052806854249,-0.04204318523406982,-0.2761975765228271,-0.009634435176849376,51171.0,1.0,True
D5,5,all,all,first-hour MAE (opening-aligned),lvlh5_cbd,4.836160634074876,4.344300305843353,5.330867767333984,25575.0,True,391,33,wt_med,-0.08946952121288376,-0.22713897228240967,0.03916654586791992,-0.31691964864730837,0.06624958515167234,25131.0,0.49111801606378613,False
D5,5,all,all,first-hour MAE (opening-aligned),lvlh5_naive,4.870616201640213,4.554884493350983,5.18159339427948,51883.0,True,788,33,wt_med,-0.1157455351881147,-0.1975772500038147,-0.039180135726928716,-0.2767008066177368,-0.010562980175018315,51169.0,0.9999609153622169,True
D5,5,all,all,first-hour MAE (opening-aligned),lvlh5_tft,4.6857415744237105,4.2627134084701535,5.086989784240723,31509.0,True,495,33,wt_med,-0.1149990225252413,-0.23628469705581664,-0.010882794857025157,-0.3489530682563782,0.039144968986511215,31049.0,0.6067694592640362,False
D5,5,all,all,first-hour MAE (opening-aligned),oracle_level,4.859682813371268,4.542636609077453,5.161376512050628,51734.0,True,788,33,wt_med,-0.11699849405921103,-0.1963232159614563,-0.042911279201507606,-0.27935731410980225,-0.010939550399780274,51026.0,0.9971663637607239,True
D5,5,all,all,first-hour MAE (opening-aligned),oracle_shape,4.634825941016339,4.342387759685517,4.956293106079102,50548.0,True,769,33,wt_med,-0.38750223893353564,-0.6379425525665283,-0.09606416225433351,-0.9502115249633789,0.14493058919906612,49833.0,0.9738523773230932,False
D5,5,all,all,first-hour MAE (opening-aligned),prod_served,6.312036743744061,5.816854178905487,6.800637948513031,31570.0,True,494,33,wt_med,1.4363384546010884,1.173649823665619,1.6971691012382508,0.8609950423240662,2.0933302283287047,31047.0,0.6067303746262531,False
D5,5,all,all,first-hour MAE (opening-aligned),prod_served_lin,6.369731483235461,5.8678294777870175,6.876040375232696,31674.0,True,498,33,wt_med,1.486522445173323,1.2200173616409302,1.7509896993637084,0.940084946155548,2.0935224056243893,31098.0,0.6077270328897227,False
D5,5,all,all,first-hour MAE (opening-aligned),snaive7,5.606158794730494,5.2324611186981205,6.019588983058929,42281.0,True,738,33,wt_med,0.5542790069004768,0.3121469497680664,0.8311425924301147,0.19338124990463257,0.9439424991607666,42171.0,0.8241191299759629,False
D5,5,all,all,first-hour MAE (opening-aligned),wt_med,4.981698618358054,4.6652139067649845,5.292705452442169,51171.0,True,783,33,wt_med,,,,,,,,
D5,6,all,all,first-hour MAE (opening-aligned),chronos2,6.0403870902834935,5.688728761672974,6.410193943977356,55293.0,True,813,33,wt_med,1.3213643585404515,1.0787700772285462,1.576580274105072,0.7240130186080933,1.9476610422134397,54130.0,0.9932292335639186,False
D5,6,all,all,first-hour MAE (opening-aligned),chronos2_grid,4.7726743520572805,4.487475252151489,5.069922924041748,55293.0,True,813,33,wt_med,0.04879238707244493,-0.11600064039230347,0.20879318714141842,-0.16606547832489013,0.22740985155105578,54130.0,0.9932292335639186,False
D5,6,all,all,first-hour MAE (opening-aligned),chronos2_nocov,7.037473250545311,6.60269170999527,7.4974964499473575,55293.0,True,813,33,wt_med,2.3271389375524913,2.0141245841979982,2.6265374660491942,1.3578424096107482,3.314973807334899,54130.0,0.9932292335639186,False
D5,6,all,all,first-hour MAE (opening-aligned),chronos2_owx,6.063540486620393,5.704436075687409,6.433895719051361,55293.0,True,813,33,wt_med,1.3436223755256318,1.0959104537963866,1.6018449068069458,0.763769555091858,1.966606342792511,54130.0,0.9932292335639186,False
D5,6,all,all,first-hour MAE (opening-aligned),chronos2_owx_x_h5,4.544123070254571,4.275968182086944,4.819428169727326,55166.0,True,817,33,wt_med,-0.15417652874909304,-0.2345456600189209,-0.08479740619659426,-0.3446387887001037,-0.017405408620834353,54499.0,1.0,True
D5,6,all,all,first-hour MAE (opening-aligned),chronos2_x_h5,4.543897513755651,4.27564172744751,4.819516277313232,55166.0,True,817,33,wt_med,-0.15440319009466386,-0.23470536470413209,-0.0851463794708252,-0.34551525115966797,-0.017677366733551032,54499.0,1.0,True
D5,6,all,all,first-hour MAE (opening-aligned),clim,4.890490529383196,4.590043866634369,5.20269193649292,51475.0,True,787,33,wt_med,0.18562640367151673,0.08084404468536377,0.2927906155586243,0.0015917837619781497,0.39829832315444946,51205.0,0.9395585240096148,False
D5,6,all,all,first-hour MAE (opening-aligned),h5,4.5430745386651195,4.275672364234924,4.8176911711692805,55166.0,True,817,33,wt_med,-0.1552654635864883,-0.23538285493850708,-0.08533891439437867,-0.3468690514564514,-0.017689687013626103,54499.0,1.0,True
D5,6,all,all,first-hour MAE (opening-aligned),lvlh5_cbd,4.395914810419845,4.043799161911011,4.796810698509216,26766.0,True,405,33,wt_med,-0.1521766598282781,-0.2829535365104675,-0.04349560737609864,-0.4214583277702332,-0.00022042989730835122,26424.0,0.4848529330813409,True
D5,6,all,all,first-hour MAE (opening-aligned),lvlh5_naive,4.544804526625179,4.277580845355987,4.818172574043274,55163.0,True,817,33,wt_med,-0.1536755550254183,-0.23235530853271485,-0.08382896184921265,-0.34428284168243406,-0.017020052671432504,54498.0,0.9999816510394686,True
D5,6,all,all,first-hour MAE (opening-aligned),lvlh5_tft,4.376501379928277,4.054150474071503,4.726267576217651,33347.0,True,514,33,wt_med,-0.17843495802558618,-0.303290581703186,-0.08109573125839235,-0.48231738805770874,0.00132012963294982,32980.0,0.6051487183251069,False
D5,6,all,all,first-hour MAE (opening-aligned),oracle_level,4.540092307332478,4.268196284770966,4.814473044872284,54847.0,True,817,33,wt_med,-0.15538738918745132,-0.23436721563339233,-0.08517738580703735,-0.3491780757904053,-0.017521762847900392,54193.0,0.9943852180773959,True
D5,6,all,all,first-hour MAE (opening-aligned),oracle_shape,4.34045085421335,4.0834550857543945,4.61014380455017,53838.0,True,799,33,wt_med,-0.3374981296484654,-0.5847713708877563,-0.09398912191391007,-0.9842151641845703,0.22289776802062986,53223.0,0.9765867263619515,False
D5,6,all,all,first-hour MAE (opening-aligned),prod_served,5.980685153021501,5.582008481025696,6.456120944023132,33394.0,True,513,33,wt_med,1.433828442986453,1.2054972171783447,1.6868820548057555,0.9888503968715667,1.96919606924057,32922.0,0.6040844786142865,False
D5,6,all,all,first-hour MAE (opening-aligned),prod_served_lin,6.075428332636857,5.687956869602203,6.539145386219024,33502.0,True,516,33,wt_med,1.5224974262702116,1.2927192807197572,1.7686489701271055,1.1043932676315307,2.034267807006836,33026.0,0.6059927705095506,False
D5,6,all,all,first-hour MAE (opening-aligned),snaive7,5.19468893885855,4.857721829414368,5.571615731716156,46695.0,True,778,33,wt_med,0.49245246452335323,0.2259337306022644,0.7390442371368408,0.20587300062179567,0.7528820753097534,46439.0,0.8521073781170296,False
D5,6,all,all,first-hour MAE (opening-aligned),wt_med,4.673911447916476,4.387862706184388,4.9763523697853085,54499.0,True,812,33,wt_med,,,,,,,,
D5,7,all,all,first-hour MAE (opening-aligned),chronos2,6.5191444895875845,6.129645884037018,6.945410645008087,52468.0,True,783,32,wt_med,1.46111057127096,1.200917088985443,1.7573828577995299,0.7729361653327942,2.1572710156440733,51205.0,0.9970209120292847,False
D5,7,all,all,first-hour MAE (opening-aligned),chronos2_grid,5.125883535549227,4.811311399936676,5.47708375453949,52468.0,True,783,32,wt_med,0.07066099522414415,-0.08390100002288818,0.23745036125183105,-0.17955918312072755,0.2914865136146545,51205.0,0.9970209120292847,False
D5,7,all,all,first-hour MAE (opening-aligned),chronos2_nocov,7.476133963170553,7.0032907128334045,7.963467490673065,52468.0,True,783,32,wt_med,2.4248765828285634,2.099806213378906,2.7940490961074826,1.3887065172195434,3.524997520446777,51205.0,0.9970209120292847,False
D5,7,all,all,first-hour MAE (opening-aligned),chronos2_owx,6.53414461966594,6.147654032707214,6.965343689918518,52468.0,True,783,32,wt_med,1.4785414801062045,1.2238997220993042,1.7853392720222472,0.8063413977622986,2.153091752529144,51205.0,0.9970209120292847,False
D5,7,all,all,first-hour MAE (opening-aligned),chronos2_owx_x_h5,4.853549871234396,4.555703270435333,5.178839242458343,52046.0,True,781,32,wt_med,-0.1940621403040348,-0.2793532609939575,-0.10504741668701177,-0.42132980823516847,-0.025563061237335268,51358.0,1.0,True
D5,7,all,all,first-hour MAE (opening-aligned),chronos2_x_h5,4.853765002567365,4.555920255184174,5.179270768165588,52046.0,True,781,32,wt_med,-0.19384412703724596,-0.27934759855270386,-0.10429856777191167,-0.4213167905807495,-0.025296354293823306,51358.0,1.0,True
D5,7,all,all,first-hour MAE (opening-aligned),clim,5.277455045570244,4.9247625231742855,5.643779659271241,48716.0,True,752,32,wt_med,0.24332445325568397,0.12901313304901124,0.35734986066818236,-0.006323850154876708,0.5309964776039123,48423.0,0.9428521359866039,False
D5,7,all,all,first-hour MAE (opening-aligned),h5,4.853159945048611,4.555442106723786,5.178754770755767,52046.0,True,781,32,wt_med,-0.19445729000350465,-0.2793498635292053,-0.1053228616714478,-0.4226333975791931,-0.025638282299041817,51358.0,1.0,True
D5,7,all,all,first-hour MAE (opening-aligned),lvlh5_cbd,4.531839909180036,4.145758736133575,4.95332762002945,25785.0,True,395,32,wt_med,-0.2258051802824017,-0.38227627277374265,-0.07766958475112921,-0.5418568134307861,-0.0031715810298919697,25470.0,0.49593052688967637,True
D5,7,all,all,first-hour MAE (opening-aligned),lvlh5_naive,4.857843329887892,4.559606528282165,5.182367408275604,52046.0,True,781,32,wt_med,-0.18971116579023217,-0.27607388496398927,-0.09683548212051393,-0.4162306904792786,-0.021929728984832766,51358.0,1.0,True
D5,7,all,all,first-hour MAE (opening-aligned),lvlh5_tft,4.381333440866546,4.055855548381805,4.757999241352081,31326.0,True,487,32,wt_med,-0.23578277432667072,-0.3786114931106567,-0.10062627792358399,-0.5706357598304749,-0.002549552917480475,30981.0,0.6032361073250516,True
D5,7,all,all,first-hour MAE (opening-aligned),oracle_level,4.822742686122578,4.521006631851196,5.137120485305786,51880.0,True,781,32,wt_med,-0.19894112310229595,-0.2841260671615601,-0.10938365459442145,-0.42987257838249204,-0.02837728261947635,51201.0,0.9969430273764555,True
D5,7,all,all,first-hour MAE (opening-aligned),oracle_shape,4.941358806526364,4.6259706020355225,5.2573386311531065,50002.0,True,753,32,wt_med,-0.08583839349026068,-0.36463764905929563,0.18632311820983882,-0.7471091747283936,0.5110461831092834,49350.0,0.9609019042797616,False
D5,7,all,all,first-hour MAE (opening-aligned),prod_served,6.383252920264093,5.954368901252747,6.866788375377655,31504.0,True,487,32,wt_med,1.762683728726147,1.4896558284759522,2.059847378730774,1.266875296831131,2.3935773849487303,31024.0,0.604073367342965,False
D5,7,all,all,first-hour MAE (opening-aligned),prod_served_lin,6.503937070249374,6.078787386417389,6.954858040809631,31559.0,True,488,32,wt_med,1.870563724701567,1.5904733180999755,2.1625875353813173,1.4157603979110718,2.4394396305084225,31079.0,0.605144281319366,False
D5,7,all,all,first-hour MAE (opening-aligned),wt_med,5.036303983799992,4.693580734729767,5.37584742307663,51358.0,True,777,32,wt_med,,,,,,,,
D5,10,all,all,first-hour MAE (opening-aligned),chronos2_owx_x_h5,4.674453491836525,4.362749254703521,4.95669595003128,56832.0,True,836,32,wt_med,-0.1559323561848096,-0.23853940963745118,-0.07564587593078614,-0.35540941953659055,-0.013599568605422977,55825.0,1.0,True
D5,10,all,all,first-hour MAE (opening-aligned),chronos2_x_h5,4.675017195003543,4.363281035423279,4.959290015697479,56832.0,True,836,32,wt_med,-0.15537074488145297,-0.23821090459823607,-0.07539106607437135,-0.3547199606895447,-0.01397731304168703,55825.0,1.0,True
D5,10,all,all,first-hour MAE (opening-aligned),clim,5.009084934472494,4.679314517974854,5.34728775024414,51734.0,True,779,32,wt_med,0.2744230806617809,0.19059892892837524,0.37356580495834346,0.09425822496414185,0.482125425338745,51437.0,0.921397223466189,False
D5,10,all,all,first-hour MAE (opening-aligned),h5,4.657545484938063,4.3493813395500185,4.933231747150421,56832.0,True,836,32,wt_med,-0.17286609941782327,-0.2497670531272888,-0.09724606275558473,-0.3657227635383606,-0.03135852813720706,55825.0,1.0,True
D5,10,all,all,first-hour MAE (opening-aligned),lvlh5_cbd,4.453200693630211,4.085744619369507,4.863393974304199,27939.0,True,417,32,wt_med,-0.17458723937031362,-0.31530716419219973,-0.041629207134246844,-0.3827549934387207,0.004544872045516954,27385.0,0.490550828481863,False
D5,10,all,all,first-hour MAE (opening-aligned),lvlh5_naive,4.670212211623639,4.35687792301178,4.949271309375763,56832.0,True,836,32,wt_med,-0.1601833557869332,-0.2363936424255371,-0.0826890230178833,-0.3531137466430664,-0.0194377899169922,55825.0,1.0,True
D5,10,all,all,first-hour MAE (opening-aligned),lvlh5_tft,4.463101342402338,4.1196328997612,4.834081852436066,33665.0,True,514,32,wt_med,-0.14430970241538255,-0.26296300888061525,-0.02199023962020877,-0.3987945556640625,0.037612628936767555,33047.0,0.591974921630094,False
D5,10,all,all,first-hour MAE (opening-aligned),oracle_level,4.64492667717725,4.33926020860672,4.927588415145874,56663.0,True,836,32,wt_med,-0.1879480230391568,-0.26834878921508787,-0.11112771034240725,-0.36777772903442385,-0.03970708847045901,55668.0,0.9971876399462606,True
D5,10,all,all,first-hour MAE (opening-aligned),oracle_shape,4.172100869678756,3.9321980595588686,4.410517716407776,56330.0,True,826,32,wt_med,-0.6429033329632672,-0.8911398231983185,-0.3962342381477356,-1.3400550842285157,-0.06885898709297184,55091.0,0.9868517689207345,True
D5,10,all,all,first-hour MAE (opening-aligned),prod_served,6.4221511228059684,5.9678445100784305,6.873238670825958,33443.0,True,509,32,wt_med,1.7991919933890363,1.5393736958503723,2.068372964859009,1.3332958459854125,2.3217591285705566,32673.0,0.5852754142409314,False
D5,10,all,all,first-hour MAE (opening-aligned),prod_served_lin,6.522840310261117,6.06845737695694,6.973503983020782,33778.0,True,515,32,wt_med,1.9002706349687664,1.6471040368080139,2.1678497314453127,1.4550820231437682,2.3822684049606324,32978.0,0.5907389162561576,False
D5,10,all,all,first-hour MAE (opening-aligned),wt_med,4.83371249440215,4.52245991230011,5.145282781124115,55825.0,True,826,32,wt_med,,,,,,,,
D5,14,all,all,first-hour MAE (opening-aligned),chronos2_owx_x_h5,5.000867870250286,4.696123814582824,5.325769639015197,50302.0,True,757,31,wt_med,-0.2073033734708707,-0.2923045516014099,-0.12349523305892951,-0.4371538877487183,-0.03398582935333256,49458.0,1.0,True
D5,14,all,all,first-hour MAE (opening-aligned),chronos2_x_h5,5.001413045939612,4.6965024948120115,5.326220917701721,50302.0,True,757,31,wt_med,-0.20676246522504993,-0.2917879819869995,-0.12266821861267095,-0.43692357540130616,-0.03350158929824832,49458.0,1.0,True
D5,14,all,all,first-hour MAE (opening-aligned),clim,5.359369012645293,5.000837230682373,5.709371209144592,46974.0,True,730,31,wt_med,0.18053021358806554,0.06158245801925659,0.293874442577362,-0.07804536819458008,0.44812662601470943,46585.0,0.9419103077358567,False
D5,14,all,all,first-hour MAE (opening-aligned),h5,5.00228619140392,4.6969255089759825,5.32797178030014,50302.0,True,757,31,wt_med,-0.2054306178980143,-0.28959953784942627,-0.12263958454132086,-0.4337612628936768,-0.033302736282348686,49458.0,1.0,True
D5,14,all,all,first-hour MAE (opening-aligned),lvlh5_cbd,4.67836337948697,4.2812087059021,5.110445022583008,23763.0,True,366,31,wt_med,-0.23566126304660173,-0.39934687614440917,-0.08775826692581178,-0.5544066071510315,-0.020029956102371224,23340.0,0.47191556472158197,True
D5,14,all,all,first-hour MAE (opening-aligned),lvlh5_naive,5.003528633365975,4.69930909872055,5.336786925792694,50290.0,True,756,31,wt_med,-0.19865100670620972,-0.2822991609573364,-0.11435214281082154,-0.42304388284683225,-0.029016792774200443,49448.0,0.9997978082413361,True
D5,14,all,all,first-hour MAE (opening-aligned),lvlh5_tft,4.553760025788483,4.183726215362549,4.945578002929688,29183.0,True,458,31,wt_med,-0.26515946487639486,-0.4099119544029236,-0.13313584327697756,-0.5982185959815979,-0.027731531858444226,28734.0,0.5809777993448987,True
D5,14,all,all,first-hour MAE (opening-aligned),oracle_level,4.961834504086214,4.671876323223114,5.272149050235748,50138.0,True,757,31,wt_med,-0.21880572243833285,-0.305476176738739,-0.13374415636062623,-0.45063602924346924,-0.03728988766670228,49302.0,0.996845808564843,True
D5,14,all,all,first-hour MAE (opening-aligned),oracle_shape,5.242666133929359,4.908068454265594,5.5889188885688785,48031.0,True,725,31,wt_med,0.06225994605131113,-0.232013475894928,0.3640165209770202,-0.648920738697052,0.7148598611354826,47269.0,0.9557402240284686,False
D5,14,all,all,first-hour MAE (opening-aligned),prod_served,6.426698531922158,5.960725772380829,6.921720564365387,29290.0,True,456,31,wt_med,1.615863439810295,1.3186856746673583,1.9299232244491578,1.0408099174499512,2.3642885446548463,28676.0,0.579805087144648,False
D5,14,all,all,first-hour MAE (opening-aligned),prod_served_lin,6.556504341903627,6.0930453658103945,7.058431339263916,29365.0,True,458,31,wt_med,1.7307595310978154,1.4206915855407716,2.0415161728858946,1.1992172360420228,2.4311306476593013,28748.0,0.5812608678070282,False
D5,14,all,all,first-hour MAE (opening-aligned),wt_med,5.2053358405111405,4.8746377825737,5.527516305446625,49458.0,True,751,31,wt_med,,,,,,,,
D5,21,all,all,first-hour MAE (opening-aligned),chronos2_owx_x_h5,5.088796200643629,4.7734519124031065,5.4306461095809935,48652.0,True,735,30,wt_med,-0.18694775052624735,-0.2573363661766052,-0.1159420967102051,-0.3856496691703796,-0.03298155069351198,47617.0,1.0,True
D5,21,all,all,first-hour MAE (opening-aligned),chronos2_x_h5,5.090056475920884,4.774227428436279,5.433057320117951,48652.0,True,735,30,wt_med,-0.18588348862973358,-0.25658918619155885,-0.11452631950378418,-0.38262372016906737,-0.03292262554168704,47617.0,1.0,True
D5,21,all,all,first-hour MAE (opening-aligned),clim,5.432639456082647,5.07269526720047,5.801156711578369,45301.0,True,705,30,wt_med,0.18598785822694452,0.07017141580581665,0.30750696659088134,-0.09010533094406127,0.4967316150665283,44804.0,0.9409244597517693,False
D5,21,all,all,first-hour MAE (opening-aligned),h5,5.091965643755652,4.776444947719574,5.436131417751312,48652.0,True,735,30,wt_med,-0.18386421866140257,-0.2551464319229126,-0.11349319219589234,-0.38033161163330076,-0.03211765289306641,47617.0,1.0,True
D5,21,all,all,first-hour MAE (opening-aligned),lvlh5_cbd,4.850248242016324,4.434630799293518,5.309535646438599,22017.0,True,339,30,wt_med,-0.21001718750977183,-0.3465713024139404,-0.08907817602157596,-0.48112322092056276,-0.014864158630371101,21448.0,0.4504273683768402,True
D5,21,all,all,first-hour MAE (opening-aligned),lvlh5_naive,5.094422402094489,4.777720665931701,5.435232472419739,48640.0,True,734,30,wt_med,-0.17275103839895856,-0.2473360776901245,-0.09827061891555787,-0.3592592477798462,-0.028792655467987083,47605.0,0.999747989163534,True
D5,21,all,all,first-hour MAE (opening-aligned),lvlh5_tft,4.767918749735927,4.373448121547699,5.193172478675843,27187.0,True,428,30,wt_med,-0.23207497366122176,-0.3512628674507141,-0.11954897642135622,-0.5156789064407349,-0.025730794668197637,26592.0,0.5584560136085852,True
D5,21,all,all,first-hour MAE (opening-aligned),oracle_level,5.048137216809998,4.73658789396286,5.38983199596405,48497.0,True,735,30,wt_med,-0.19598225819265647,-0.2692012429237366,-0.12227580547332766,-0.3970121622085571,-0.037591499090194706,47467.0,0.9968498645441753,True
D5,21,all,all,first-hour MAE (opening-aligned),oracle_shape,5.507331912212549,5.16050409078598,5.861110258102417,46240.0,True,700,30,wt_med,0.2325145554058281,-0.06445826292037964,0.5595395445823668,-0.4397712230682373,0.8847535729408262,45239.0,0.9500598525736607,False
D5,21,all,all,first-hour MAE (opening-aligned),prod_served,6.699698927889558,6.207786273956299,7.228201389312744,27236.0,True,424,30,wt_med,1.6990171990171996,1.3912366867065429,2.0092413306236265,1.2259555220603944,2.3140227913856504,26455.0,0.5555788898922653,False
D5,21,all,all,first-hour MAE (opening-aligned),prod_served_lin,6.90976355669162,6.42369909286499,7.457112872600555,27385.0,True,428,30,wt_med,1.8708967851099834,1.5623106241226197,2.1981293916702267,1.39297616481781,2.4743300557136534,26595.0,0.5585190163177016,False
D5,21,all,all,first-hour MAE (opening-aligned),wt_med,5.265493416216898,4.940793335437775,5.60794084072113,47617.0,True,726,30,wt_med,,,,,,,,
D5,30,all,all,first-hour MAE (opening-aligned),chronos2_owx_x_h5,4.6493220505817385,4.375893783569336,4.940294027328491,50908.0,True,751,29,wt_med,-0.14873331408930834,-0.22588292360305787,-0.07819662094116213,-0.3795495510101318,-0.023810255527496358,49386.0,1.0,True
D5,30,all,all,first-hour MAE (opening-aligned),chronos2_x_h5,4.651459997743744,4.377079772949219,4.94230352640152,50908.0,True,751,29,wt_med,-0.14680148108660962,-0.22386995553970337,-0.07561273574829103,-0.3757704019546509,-0.023237192630767834,49386.0,1.0,True
D5,30,all,all,first-hour MAE (opening-aligned),clim,4.979695709281962,4.662673830986023,5.307973849773407,45680.0,True,695,29,wt_med,0.3632248185873115,0.26833019256591795,0.46374707221984857,0.16506375074386598,0.6258900046348572,45063.0,0.9124650710727736,False
D5,30,all,all,first-hour MAE (opening-aligned),h5,4.633828425787695,4.361764824390411,4.925496971607208,50908.0,True,751,29,wt_med,-0.16328893816061196,-0.24182484149932862,-0.09451998472213746,-0.3952786445617676,-0.03092265725135804,49386.0,1.0,True
D5,30,all,all,first-hour MAE (opening-aligned),lvlh5_cbd,4.336101201521552,3.940616548061371,4.739824974536895,22626.0,True,335,29,wt_med,-0.1346845489091777,-0.27186418771743776,-0.006807243824005131,-0.42736886739730834,0.03233959674835204,21916.0,0.4437694893289596,False
D5,30,all,all,first-hour MAE (opening-aligned),lvlh5_naive,4.645887076695464,4.37580714225769,4.939137887954712,50908.0,True,751,29,wt_med,-0.1517331215881379,-0.23027045726776124,-0.07898992300033571,-0.382769250869751,-0.02366582155227663,49386.0,1.0,True
D5,30,all,all,first-hour MAE (opening-aligned),lvlh5_tft,4.20352578427836,3.82802175283432,4.602209281921387,23531.0,True,361,29,wt_med,-0.14425067865961783,-0.280583655834198,-0.026333224773406994,-0.5076742053031922,0.07670905590057372,22692.0,0.45948244441744623,False
D5,30,all,all,first-hour MAE (opening-aligned),oracle_level,4.630386514744719,4.365993070602417,4.9243160605430605,50773.0,True,751,29,wt_med,-0.162384887475576,-0.24370461702346802,-0.08948062658309937,-0.40762277841567995,-0.015784418582916262,49259.0,0.9974284210100028,True
D5,30,all,all,first-hour MAE (opening-aligned),oracle_shape,4.55563967530107,4.272845816612244,4.870601952075958,50887.0,True,750,29,wt_med,-0.21976930177612353,-0.446034574508667,0.030276370048522825,-0.8132943987846375,0.289280295372009,48624.0,0.984570526060017,False
D5,30,all,all,first-hour MAE (opening-aligned),prod_served,7.4860183639399,6.902914333343506,8.102698373794556,23960.0,True,366,29,wt_med,3.0844929552965734,2.7157848358154295,3.4727239489555357,2.389758270978928,3.8799343943595885,22996.0,0.4656380350706678,False
D5,30,all,all,first-hour MAE (opening-aligned),prod_served_lin,7.7183547542057225,7.160678839683532,8.323915338516235,24431.0,True,379,29,wt_med,3.281725070858026,2.912767028808594,3.67772262096405,2.5620747685432432,4.043322813510895,23286.0,0.47151014457538576,False
D5,30,all,all,first-hour MAE (opening-aligned),wt_med,4.76564208480136,4.471047282218933,5.074746811389923,49386.0,True,737,29,wt_med,,,,,,,,
D5,45,all,all,first-hour MAE (opening-aligned),chronos2_owx_x_h5,4.990196689344706,4.6620261669158936,5.32562757730484,46232.0,True,686,27,wt_med,-0.1687417577708139,-0.27558447122573854,-0.07932238578796387,-0.40304405689239503,-0.024239456653594983,44836.0,1.0,True
D5,45,all,all,first-hour MAE (opening-aligned),chronos2_x_h5,4.992002911326284,4.662275612354279,5.326293647289276,46232.0,True,686,27,wt_med,-0.16688319469689628,-0.2750427842140198,-0.0772016525268555,-0.4014305830001831,-0.024743902683258077,44836.0,1.0,True
D5,45,all,all,first-hour MAE (opening-aligned),clim,5.287715124887734,4.9224672555923465,5.638033032417297,41197.0,True,634,27,wt_med,0.30468654152864705,0.19232758283615112,0.4235723733901977,0.07384225130081176,0.5795866012573242,40755.0,0.9089793915603532,False
D5,45,all,all,first-hour MAE (opening-aligned),h5,4.965431140768299,4.642697870731354,5.290978872776031,46232.0,True,686,27,wt_med,-0.19411159559282698,-0.2948682904243469,-0.11068968772888187,-0.4329519748687744,-0.043521261215209966,44836.0,1.0,True
D5,45,all,all,first-hour MAE (opening-aligned),lvlh5_cbd,5.579906026709241,4.828755736351013,6.4752532839775085,4787.0,True,91,27,wt_med,0.03501828101154025,-0.17819392681121826,0.25309889316558837,-0.2724231481552124,0.2978824377059936,4749.0,0.10591935052190204,False
D5,45,all,all,first-hour MAE (opening-aligned),lvlh5_naive,4.965525437170787,4.64664980173111,5.288878774642944,46224.0,True,686,27,wt_med,-0.19098375921497368,-0.29310715198516846,-0.1054316282272339,-0.4185256719589233,-0.046660268306732214,44829.0,0.9998438754572219,True
D5,45,all,all,first-hour MAE (opening-aligned),lvlh5_tft,4.377884098156336,3.9233374655246736,4.900723338127136,16378.0,True,251,27,wt_med,-0.2381996012874108,-0.393158483505249,-0.10342525243759156,-0.6114440798759461,-0.003142642974853547,15996.0,0.35676688375412613,True
D5,45,all,all,first-hour MAE (opening-aligned),oracle_level,4.926063427836661,4.609960162639618,5.2512001395225525,46102.0,True,686,27,wt_med,-0.236388732488634,-0.3520249128341675,-0.13736648559570314,-0.46209529638290403,-0.06295945048332216,44710.0,0.9971897582299938,True
D5,45,all,all,first-hour MAE (opening-aligned),oracle_shape,4.765596574213018,4.469688212871551,5.090944302082062,46554.0,True,695,27,wt_med,-0.3849369878628277,-0.6757456660270691,-0.070622718334198,-1.0753339529037476,0.20121314525604242,44182.0,0.9854135070033009,False
D5,45,all,all,first-hour MAE (opening-aligned),prod_served,6.594391762173483,5.999530553817749,7.208379447460175,17189.0,True,266,27,wt_med,1.8613440344992807,1.471258533000946,2.232814598083496,1.2510019898414613,2.5154162406921388,16696.0,0.3723793380319386,False
D5,45,all,all,first-hour MAE (opening-aligned),prod_served_lin,6.714721700529282,6.136801671981812,7.324224424362183,17571.0,True,280,27,wt_med,1.940823442136498,1.5575161814689635,2.305499005317688,1.3768395483493805,2.5734397172927856,16850.0,0.3758140779730574,False
D5,45,all,all,first-hour MAE (opening-aligned),wt_med,5.172707199571772,4.8395374655723575,5.542435705661774,44836.0,True,673,27,wt_med,,,,,,,,
D5,60,all,all,first-hour MAE (opening-aligned),chronos2_owx_x_h5,5.264135878041075,4.909986674785614,5.701413071155548,38740.0,True,602,25,wt_med,-0.049039129704479656,-0.09931962490081787,-0.003346788883209235,-0.17421106100082398,0.045634877681732175,37853.0,1.0,False
D5,60,all,all,first-hour MAE (opening-aligned),chronos2_x_h5,5.269686661925883,4.915592110157013,5.70857697725296,38740.0,True,602,25,wt_med,-0.043392982160511906,-0.09311847686767578,0.0030328035354614236,-0.15907810926437377,0.04567617177963256,37853.0,1.0,False
D5,60,all,all,first-hour MAE (opening-aligned),clim,5.382205230934176,4.984728014469146,5.849867022037506,35443.0,True,572,25,wt_med,0.0985060158521982,-0.016144680976867668,0.21540830135345457,-0.20192415714263917,0.4602966547012329,35074.0,0.9265844186722321,False
D5,60,all,all,first-hour MAE (opening-aligned),h5,5.262277361899845,4.9070351123809814,5.701991176605224,38740.0,True,602,25,wt_med,-0.04935209890893777,-0.09623821973800659,-0.003872370719909685,-0.1721012830734253,0.035252106189727773,37853.0,1.0,False
D5,60,all,all,first-hour MAE (opening-aligned),lvlh5_naive,5.26874333652387,4.899632942676544,5.717386949062347,38603.0,True,599,25,wt_med,-0.03852292182027828,-0.08586465120315552,0.011000621318817128,-0.15195088386535643,0.0461918830871582,37726.0,0.9966449158587166,False
D5,60,all,all,first-hour MAE (opening-aligned),lvlh5_tft,0.004672897196261682,0.0,0.020836976123973724,428.0,True,18,25,wt_med,0.0,0.0,0.0,0.0,0.0,428.0,0.011306897735978655,False
D5,60,all,all,first-hour MAE (opening-aligned),oracle_level,5.262126280086597,4.900803434848785,5.693652725219726,38650.0,True,602,25,wt_med,-0.04943799055867437,-0.11962523460388183,0.010479426383972163,-0.2118348002433777,0.079397177696228,37767.0,0.9977280532586585,False
D5,60,all,all,first-hour MAE (opening-aligned),oracle_shape,5.339397412882466,4.9688017725944515,5.7220417857170105,37118.0,True,580,25,wt_med,-0.037038132030367876,-0.38364667892456056,0.29396862983703614,-0.8221148133277894,0.6348475635051727,36156.0,0.9551686788365519,False
D5,60,all,all,first-hour MAE (opening-aligned),prod_served,0.04962779156327544,0.0,0.20413423776626582,403.0,True,17,25,wt_med,0.04962779156327544,0.0,0.20413423776626582,0.0,1.2812500149011612,403.0,0.010646448101867751,False
D5,60,all,all,first-hour MAE (opening-aligned),prod_served_lin,0.04962779156327544,0.0,0.20413423776626582,403.0,True,17,25,wt_med,0.04962779156327544,0.0,0.20413423776626582,0.0,1.2812500149011612,403.0,0.010646448101867751,False
D5,60,all,all,first-hour MAE (opening-aligned),wt_med,5.304705043193406,4.943108379840851,5.743596196174622,37853.0,True,592,25,wt_med,,,,,,,,
D5,90,all,all,first-hour MAE (opening-aligned),chronos2_owx_x_h5,5.381292983920291,4.967111039161682,5.858384990692138,31796.0,True,491,21,clim,-0.14291348659127578,-0.31346105337142943,0.03395034074783321,-0.6578834176063537,0.25474625229835496,28289.0,0.987675441659102,False
D5,90,all,all,first-hour MAE (opening-aligned),chronos2_x_h5,5.3957050890242515,4.980678367614746,5.879288041591645,31796.0,True,491,21,clim,-0.12658852739734527,-0.29966344833374026,0.047601962089538506,-0.6359691977500915,0.25996675491333004,28289.0,0.987675441659102,False
D5,90,all,all,first-hour MAE (opening-aligned),clim,5.35772641575309,4.9212487697601315,5.809493541717529,28642.0,True,458,21,clim,,,,,,,,
D5,90,all,all,first-hour MAE (opening-aligned),h5,5.370461300163543,4.963354110717773,5.84516589641571,31796.0,True,491,21,clim,-0.1532751246067381,-0.3289784908294678,0.016981637477874754,-0.6680518984794617,0.24128373861312863,28289.0,0.987675441659102,False
D5,90,all,all,first-hour MAE (opening-aligned),lvlh5_naive,5.406543229846989,4.977090358734131,5.885428678989411,31487.0,True,485,21,clim,-0.14585059391859367,-0.32514324188232424,0.03174585103988646,-0.6599037170410156,0.24284559488296498,28054.0,0.9794707073528385,False
D5,90,all,all,first-hour MAE (opening-aligned),oracle_level,5.394505384364554,4.990624189376831,5.885577595233917,31570.0,True,491,21,clim,-0.154128616394404,-0.3426884412765503,0.03198117017745962,-0.6954475283622742,0.2814955115318298,28086.0,0.9805879477690106,False
D5,90,all,all,first-hour MAE (opening-aligned),oracle_shape,5.381269653213702,5.012037360668183,5.783629679679871,30657.0,True,467,21,clim,-0.004533646600664021,-0.3795563220977783,0.3785745859146118,-1.0106329798698426,0.8146881818771362,27780.0,0.9699043362893652,False
D5,90,all,all,first-hour MAE (opening-aligned),wt_med,5.427488932691376,5.018274772167206,5.908523082733154,30947.0,True,482,21,clim,-0.06944198719082895,-0.2394127607345581,0.10218905210494994,-0.5268535733222961,0.2985345602035522,28261.0,0.9866978562949514,False
UC3,0,all,all,"MAE, schedule known at origin",chronos2,6.140261672125643,5.82100772857666,6.467380785942077,593683.0,True,649,33,wt_med,-1.0038937374029393,-1.2209092259407044,-0.7929732203483582,-1.3025589466094971,-0.7082154750823976,587614.0,1.0,True
UC3,0,all,all,"MAE, schedule known at origin",chronos2_grid,6.006901679535201,5.676424252986908,6.3520370602607725,593683.0,True,649,33,wt_med,-1.1352358719209414,-1.3660364151000977,-0.9107282519340516,-1.4228882908821106,-0.8635145545005799,587614.0,1.0,True
UC3,0,all,all,"MAE, schedule known at origin",chronos2_nocov,6.43635911263303,6.101447677612304,6.784299921989441,593683.0,True,649,33,wt_med,-0.7061558170159747,-0.9299481153488159,-0.4754601240158081,-1.019246256351471,-0.38258466720581075,587614.0,1.0,True
UC3,0,all,all,"MAE, schedule known at origin",chronos2_owx,6.006556027467482,5.700165152549744,6.309175777435303,593683.0,True,649,33,wt_med,-1.1383852974097328,-1.3447086215019226,-0.9408991575241089,-1.4758973002433777,-0.7766127824783327,587614.0,1.0,True
UC3,0,all,all,"MAE, schedule known at origin",clim,7.931885751925524,7.515163064002991,8.3655371427536,558679.0,True,638,33,wt_med,0.7287105713952595,0.5945643663406373,0.8663853645324707,0.47634488344192505,1.0172902464866638,557495.0,0.948743562951189,False
UC3,0,all,all,"MAE, schedule known at origin",h5,7.0816540733646365,6.713347089290619,7.469435739517212,589930.0,True,648,33,wt_med,-0.052658611775758146,-0.07520294189453125,-0.02981281280517578,-0.09536374807357788,-0.019484746456146243,587614.0,1.0,True
UC3,0,all,all,"MAE, schedule known at origin",lvlh5_cbd,9.881639848280534,9.172471404075623,10.626728630065918,308325.0,True,329,33,wt_med,2.94871650945034,2.4902398109436037,3.455764949321747,1.9669252157211303,4.1417294263839715,307714.0,0.5236668969765866,False
UC3,0,all,all,"MAE, schedule known at origin",lvlh5_naive,7.552650241740678,7.181921815872192,7.93816659450531,565499.0,True,648,33,wt_med,0.4027535768359414,0.26113673448562624,0.5609424829483032,0.20889813899993898,0.5697880864143371,564130.0,0.9600349889553347,False
UC3,0,all,all,"MAE, schedule known at origin",lvlh5_tft,6.727532802921944,6.327291095256806,7.163611781597138,391955.0,True,427,33,wt_med,0.0918498484029362,-0.10670377016067505,0.32356747388839724,-0.20153989791870117,0.34982881546020494,391084.0,0.665545749420538,False
UC3,0,all,all,"MAE, schedule known at origin",oracle_level,5.041036076000479,4.821031272411346,5.267040193080902,588309.0,True,646,33,wt_med,-2.09723484120868,-2.3208828806877135,-1.8845637798309327,-2.6330204725265505,-1.5480152368545534,586094.0,0.9974132678935491,True
UC3,0,all,all,"MAE, schedule known at origin",oracle_shape,6.444460519283123,6.088772392272949,6.836960852146149,563060.0,True,623,33,wt_med,-0.7130942588717719,-0.9402162909507752,-0.47835941314697267,-1.143250858783722,-0.2978628993034364,561331.0,0.9552716579251005,True
UC3,0,all,all,"MAE, schedule known at origin",snaive7,8.309805442440695,7.896905446052552,8.79256854057312,510543.0,True,619,33,wt_med,1.0859995806380178,0.7691840767860413,1.4233666777610778,0.6501361489295959,1.5073865890502929,510299.0,0.8684255310458907,False
UC3,0,all,all,"MAE, schedule known at origin",wt_med,7.135038477640084,6.760962450504303,7.5183003664016725,587614.0,True,648,33,wt_med,,,,,,,,
UC3,1,all,all,"MAE, schedule known at origin",chronos2,6.5848662862899925,6.263591802120208,6.9134339690208435,611168.0,True,658,33,wt_med,-0.5642606639740055,-0.7851099133491516,-0.38502527475357057,-0.9529008507728577,-0.22215675115585326,599543.0,1.0,True
UC3,1,all,all,"MAE, schedule known at origin",chronos2_grid,6.535387421555123,6.218653583526612,6.8626669049263,611168.0,True,658,33,wt_med,-0.5984324142755266,-0.820073926448822,-0.4042307257652283,-0.907040023803711,-0.3201124787330629,599543.0,1.0,True
UC3,1,all,all,"MAE, schedule known at origin",chronos2_nocov,7.0186544142964244,6.685522782802582,7.378735733032227,611168.0,True,658,33,wt_med,-0.12788224096004885,-0.3545794725418091,0.07168917655944824,-0.4930007815361023,0.24146059751510596,599543.0,1.0,False
UC3,1,all,all,"MAE, schedule known at origin",chronos2_owx,6.474389355424293,6.175610184669495,6.7816383123397825,611168.0,True,658,33,wt_med,-0.6764323539121859,-0.8883457660675049,-0.5048807978630067,-1.0983262419700623,-0.3186055660247803,599543.0,1.0,True
UC3,1,all,all,"MAE, schedule known at origin",chronos2_owx_x_h5,6.843792048455907,6.551432549953461,7.15843642950058,603889.0,True,655,33,wt_med,-0.28527725123595715,-0.4340365886688232,-0.14352493286132814,-0.533686363697052,-0.07778334617614752,599430.0,0.9998115231101022,True
UC3,1,all,all,"MAE, schedule known at origin",chronos2_x_h5,6.840678698056314,6.548267233371734,7.151575791835785,603889.0,True,655,33,wt_med,-0.2882005428693635,-0.43874999284744265,-0.14404301643371584,-0.539222240447998,-0.08074481487274171,599430.0,0.9998115231101022,True
UC3,1,all,all,"MAE, schedule known at origin",clim,7.735306153406546,7.355004167556762,8.132615351676941,566938.0,True,650,33,wt_med,0.5913531552861198,0.45663291215896606,0.7295991778373717,0.3420663595199585,0.9059475779533386,565131.0,0.9426029492463426,False
UC3,1,all,all,"MAE, schedule known at origin",h5,7.057460818900297,6.7231019854545595,7.4062044501304625,604054.0,True,655,33,wt_med,-0.06375345471467408,-0.0945382833480835,-0.035413610935211184,-0.10851411819458008,-0.028484308719635015,599543.0,1.0,True
UC3,1,all,all,"MAE, schedule known at origin",lvlh5_cbd,9.451312561344546,8.837701296806335,10.178510999679565,296046.0,True,318,33,wt_med,2.9148965781853766,2.456113564968109,3.443115794658661,1.8396474480628968,4.189145970344542,294766.0,0.49165114095235873,False
UC3,1,all,all,"MAE, schedule known at origin",lvlh5_naive,7.635826177649958,7.317806696891784,8.000754833221436,582531.0,True,654,33,wt_med,0.522005139778865,0.39402381181716917,0.662677264213562,0.3350510835647583,0.7046435356140135,579234.0,0.966125865867836,False
UC3,1,all,all,"MAE, schedule known at origin",lvlh5_tft,6.77075642236336,6.3764495015144345,7.217913806438446,394257.0,True,426,33,wt_med,0.28168348475471383,0.03322415351867676,0.5265537023544311,-0.08442021608352661,0.5819873452186585,392245.0,0.6542399794510152,False
UC3,1,all,all,"MAE, schedule known at origin",oracle_level,5.271567855565407,5.062626659870148,5.504255962371826,602485.0,True,655,33,wt_med,-1.8659623725066163,-2.1010040760040285,-1.6592907905578613,-2.4373981595039367,-1.3401825428009033,598091.0,0.9975781553616672,True
UC3,1,all,all,"MAE, schedule known at origin",oracle_shape,6.305480346409264,5.991562604904175,6.654263579845429,581681.0,True,635,33,wt_med,-0.8076641329029837,-1.0141422986984252,-0.571690571308136,-1.226014006137848,-0.3561484217643738,576624.0,0.9617725500923203,True
UC3,1,all,all,"MAE, schedule known at origin",snaive7,8.518418587292642,8.091116261482238,8.972549962997437,525176.0,True,637,33,wt_med,1.3434237636706285,1.0501450181007386,1.6547356486320495,0.9681463241577148,1.7323801517486572,523202.0,0.8726680154717843,False
UC3,1,all,all,"MAE, schedule known at origin",wt_med,7.121843637570616,6.784155380725861,7.470826709270477,599543.0,True,655,33,wt_med,,,,,,,,
UC3,2,all,all,"MAE, schedule known at origin",chronos2,8.038082644031938,7.643965816497802,8.444025874137878,670710.0,True,656,33,wt_med,0.7490506994187509,0.5737164974212646,0.9254999399185181,0.533656644821167,0.98681081533432,651457.0,1.0,False
UC3,2,all,all,"MAE, schedule known at origin",chronos2_grid,7.977516004845163,7.5570393085479735,8.383816003799438,670710.0,True,656,33,wt_med,0.7014047890475155,0.5128944277763366,0.8870793223381043,0.4665901780128479,0.9524651050567626,651457.0,1.0,False
UC3,2,all,all,"MAE, schedule known at origin",chronos2_nocov,8.891436038355184,8.428628873825073,9.336930060386658,670710.0,True,656,33,wt_med,1.6120198070259573,1.385682499408722,1.852543568611145,1.1240746259689331,2.18922336101532,651457.0,1.0,False
UC3,2,all,all,"MAE, schedule known at origin",chronos2_owx,7.931211259311725,7.532834255695343,8.3219664812088,670710.0,True,656,33,wt_med,0.6389113562210111,0.4626563310623169,0.8022753238677978,0.4249329924583435,0.8953842520713806,651457.0,1.0,False
UC3,2,all,all,"MAE, schedule known at origin",chronos2_owx_x_h5,7.541654007188847,7.186640512943268,7.8947354555130005,658009.0,True,653,33,wt_med,0.2967368669828616,0.17164167165756225,0.4221848130226135,0.15630674362182617,0.44615375995635986,651269.0,0.9997114161026744,False
UC3,2,all,all,"MAE, schedule known at origin",chronos2_x_h5,7.551234658741093,7.200285542011261,7.904768085479736,658009.0,True,653,33,wt_med,0.3064986345473768,0.18431730270385743,0.4307835459709167,0.16611354351043703,0.45831664800643923,651269.0,0.9997114161026744,False
UC3,2,all,all,"MAE, schedule known at origin",clim,7.594064164929349,7.249904191493988,7.9324324369430546,604380.0,True,632,33,wt_med,0.4395573546926421,0.32675174474716184,0.5483102679252625,0.2971392273902893,0.6032490968704224,602017.0,0.9241085750863065,False
UC3,2,all,all,"MAE, schedule known at origin",h5,7.208194658164126,6.863250494003296,7.5423779606819155,658313.0,True,653,33,wt_med,-0.031131755434357977,-0.04878089427947998,-0.013410162925720217,-0.0782958984375,0.0015988826751708936,651457.0,1.0,False
UC3,2,all,all,"MAE, schedule known at origin",lvlh5_cbd,10.654706766366049,9.947259950637818,11.331037497520446,331547.0,True,326,33,wt_med,3.59810960788825,3.193029594421387,4.060815250873565,2.8075031995773316,4.497606110572814,328575.0,0.50436943650924,False
UC3,2,all,all,"MAE, schedule known at origin",lvlh5_naive,7.479229196185735,7.149258148670197,7.805370008945465,646501.0,True,652,33,wt_med,0.27705988989556385,0.17007181644439698,0.3947775602340698,0.1750434398651123,0.3784100532531738,640661.0,0.9834279161940082,False
UC3,2,all,all,"MAE, schedule known at origin",lvlh5_tft,7.508043057130952,7.144120061397553,7.905649983882904,428472.0,True,418,33,wt_med,0.4246712339631147,0.2437605619430542,0.633199656009674,0.17294348478317262,0.6691806554794312,424468.0,0.651567179414758,False
UC3,2,all,all,"MAE, schedule known at origin",oracle_level,5.6911936940666585,5.466084837913513,5.9201603651046755,656984.0,True,653,33,wt_med,-1.5645391610783008,-1.7426766276359558,-1.4011174440383911,-2.038497304916382,-1.1491841793060302,650310.0,0.9982393312221681,True
UC3,2,all,all,"MAE, schedule known at origin",oracle_shape,5.71820451332033,5.429372119903564,6.016097748279572,649621.0,True,643,33,wt_med,-1.4707952862016906,-1.680493175983429,-1.259175181388855,-1.897457766532898,-1.05014009475708,639254.0,0.9812681420262581,True
UC3,2,all,all,"MAE, schedule known at origin",snaive7,8.36245634207212,7.978694021701813,8.79952414035797,601838.0,True,647,33,wt_med,1.2263685809733254,0.9907893776893616,1.5003506898880004,0.8738630890846253,1.6180454373359678,595690.0,0.914396498924718,False
UC3,2,all,all,"MAE, schedule known at origin",wt_med,7.247082309346588,6.902228677272797,7.583796763420105,651457.0,True,653,33,wt_med,,,,,,,,
UC3,3,all,all,"MAE, schedule known at origin",chronos2,7.2594878637087925,6.869860947132111,7.645038473606109,657611.0,True,679,33,wt_med,0.051848761519577735,-0.15308037996292115,0.25320867300033567,-0.1383996844291687,0.23171960115432735,641739.0,1.0,False
UC3,3,all,all,"MAE, schedule known at origin",chronos2_grid,7.138971363021226,6.753206419944763,7.511196398735047,657611.0,True,679,33,wt_med,-0.06311185172868772,-0.29332125186920166,0.1571524977684021,-0.28400654792785646,0.1836941123008728,641739.0,1.0,False
UC3,3,all,all,"MAE, schedule known at origin",chronos2_nocov,7.8116071767639115,7.3664004564285275,8.213805723190308,657611.0,True,679,33,wt_med,0.6022016707041171,0.36640522480010984,0.8419380664825439,0.2862646460533142,0.9555086612701414,641739.0,1.0,False
UC3,3,all,all,"MAE, schedule known at origin",chronos2_owx,7.187024572650068,6.806185472011566,7.560860633850098,657611.0,True,679,33,wt_med,-0.024271542250621003,-0.2202449321746826,0.16767646074295042,-0.21698375940322875,0.169291865825653,641739.0,1.0,False
UC3,3,all,all,"MAE, schedule known at origin",chronos2_owx_x_h5,7.0739018114930525,6.733458733558654,7.403661096096039,646350.0,True,676,33,wt_med,-0.07390979786246543,-0.2060665011405945,0.06645849943161003,-0.23472673892974855,0.10588786602020261,641572.0,0.9997397695948042,False
UC3,3,all,all,"MAE, schedule known at origin",chronos2_x_h5,7.0797940032935465,6.741887843608856,7.405517590045929,646350.0,True,676,33,wt_med,-0.06775835993671642,-0.20182679891586303,0.07523212432861327,-0.2290166735649109,0.10943723917007428,641572.0,0.9997397695948042,False
UC3,3,all,all,"MAE, schedule known at origin",clim,7.619705898551523,7.235197746753693,8.000312280654907,599181.0,True,653,33,wt_med,0.6020323739501077,0.48378281593322753,0.7290301322937012,0.4177206754684448,0.7974718689918519,597085.0,0.9304171945292401,False
UC3,3,all,all,"MAE, schedule known at origin",h5,7.046795375423955,6.703132796287536,7.374329125881195,646589.0,True,676,33,wt_med,-0.09651071151979274,-0.12016580104827881,-0.0761876940727234,-0.14123340845108032,-0.06023136377334596,641739.0,1.0,True
UC3,3,all,all,"MAE, schedule known at origin",lvlh5_cbd,9.903305278803703,9.284724402427674,10.672944259643554,327749.0,True,338,33,wt_med,3.1502231494036534,2.6285156130790712,3.637124228477478,2.3206191658973694,4.035147511959075,325569.0,0.5073230705941201,False
UC3,3,all,all,"MAE, schedule known at origin",lvlh5_naive,7.139775289521006,6.780489933490753,7.474667549133301,636561.0,True,675,33,wt_med,0.030898359273261455,-0.09294537305831908,0.15712063312530516,-0.14508988857269287,0.1993414640426635,632540.0,0.9856655119916352,False
UC3,3,all,all,"MAE, schedule known at origin",lvlh5_tft,6.988312987412655,6.614188480377197,7.4137519836425785,424700.0,True,434,33,wt_med,0.19065485948466776,-0.02632991075515747,0.40605257749557494,-0.046699535846710195,0.43419286012649533,421943.0,0.6574993883806345,False
UC3,3,all,all,"MAE, schedule known at origin",oracle_level,5.061041498955322,4.866415178775787,5.266431760787964,645192.0,True,676,33,wt_med,-2.0936987071948012,-2.308911180496216,-1.860030472278595,-2.7016321301460264,-1.526864075660706,640453.0,0.9979960700534017,True
UC3,3,all,all,"MAE, schedule known at origin",oracle_shape,5.742417229334171,5.4047008633613585,6.069772660732269,637641.0,True,668,33,wt_med,-1.365323814963551,-1.5321464538574219,-1.1865983486175538,-1.795842969417572,-0.8848730444908144,631066.0,0.9833686280559543,True
UC3,3,all,all,"MAE, schedule known at origin",prod_served,7.506518926450585,7.116877698898316,7.924325859546661,422002.0,True,433,33,wt_med,0.7732306867620382,0.5155964732170105,1.0232874512672423,0.47846555709838867,1.070639729499817,417874.0,0.6511588044360713,False
UC3,3,all,all,"MAE, schedule known at origin",prod_served_lin,7.483796877739916,7.0965041518211365,7.901423537731171,422002.0,True,433,33,wt_med,0.7502064019297681,0.49314959049224855,0.9992371320724485,0.45781151056289676,1.0475203275680542,417874.0,0.6511588044360713,False
UC3,3,all,all,"MAE, schedule known at origin",snaive7,8.343074835790496,7.859087347984314,8.847685599327088,585228.0,True,671,33,wt_med,1.283366024879987,0.981098747253418,1.5887521982192994,0.8290637373924256,1.78990421295166,581190.0,0.90564855805865,False
UC3,3,all,all,"MAE, schedule known at origin",wt_med,7.147401046219725,6.797992670536042,7.480973219871521,641739.0,True,676,33,wt_med,,,,,,,,
UC3,4,all,all,"MAE, schedule known at origin",chronos2,7.398645053899378,6.969988822937012,7.8139037609100335,573268.0,True,623,33,wt_med,-0.33179116162879385,-0.5303690195083618,-0.11749994754791261,-0.6634291887283326,-0.06330825090408326,564206.0,1.0,True
UC3,4,all,all,"MAE, schedule known at origin",chronos2_grid,7.223656754697684,6.802397692203522,7.6705181956291195,573268.0,True,623,33,wt_med,-0.4957583275415942,-0.7188687205314637,-0.2679354786872864,-0.7951213717460632,-0.2435251832008362,564206.0,1.0,True
UC3,4,all,all,"MAE, schedule known at origin",chronos2_nocov,7.876456570200095,7.41266713142395,8.308997750282288,573268.0,True,623,33,wt_med,0.14692351463993436,-0.07023510932922364,0.38066765069961545,-0.28956993818283083,0.5572019934654235,564206.0,1.0,False
UC3,4,all,all,"MAE, schedule known at origin",chronos2_owx,7.3055553301346725,6.889767837524414,7.722488021850586,573268.0,True,623,33,wt_med,-0.4269316905452589,-0.6265372276306153,-0.22329686880111696,-0.7318933963775635,-0.18121055364608768,564206.0,1.0,True
UC3,4,all,all,"MAE, schedule known at origin",chronos2_owx_x_h5,7.300555964497564,6.91282103061676,7.68048357963562,567998.0,True,623,33,wt_med,-0.41055013776452043,-0.5488077402114868,-0.26413390636444095,-0.6212486028671265,-0.21853742599487305,564080.0,0.9997766773128963,True
UC3,4,all,all,"MAE, schedule known at origin",chronos2_x_h5,7.310960121178244,6.930078387260437,7.6935184597969055,567998.0,True,623,33,wt_med,-0.3997860138778515,-0.5377856373786927,-0.2545293211936951,-0.6094828486442566,-0.20997608900070192,564080.0,0.9997766773128963,True
UC3,4,all,all,"MAE, schedule known at origin",clim,8.232556572405478,7.785091853141784,8.675414562225342,541651.0,True,617,33,wt_med,0.5170691715532332,0.3771438717842102,0.651969051361084,0.30466885566711427,0.7517069339752197,539745.0,0.9566452678631564,False
UC3,4,all,all,"MAE, schedule known at origin",h5,7.658893362630941,7.261800944805145,8.058234691619873,568192.0,True,623,33,wt_med,-0.04149337741888548,-0.06440749168395996,-0.019279265403747563,-0.08186092376708984,-0.0035737395286560138,564206.0,1.0,True
UC3,4,all,all,"MAE, schedule known at origin",lvlh5_cbd,10.453179118611958,9.72003424167633,11.214791679382325,298739.0,True,321,33,wt_med,2.916642245382091,2.3656264901161195,3.4822611808776855,1.8555127143859864,4.177792227268219,296731.0,0.5259267005313663,False
UC3,4,all,all,"MAE, schedule known at origin",lvlh5_naive,7.872456732388843,7.465759348869324,8.25561101436615,552126.0,True,623,33,wt_med,0.19560137241502318,0.05142223834991455,0.34452295303344727,-0.0017911911010742177,0.3828859925270079,549148.0,0.9733111664888356,False
UC3,4,all,all,"MAE, schedule known at origin",lvlh5_tft,7.424297292948343,6.932147884368897,7.874650418758392,376604.0,True,405,33,wt_med,0.018524620131987746,-0.20712183713912963,0.2574959397315979,-0.3246725797653198,0.3617959141731262,374357.0,0.6635111998099985,False
UC3,4,all,all,"MAE, schedule known at origin",oracle_level,5.314865582650138,5.08507091999054,5.543692123889923,566853.0,True,623,33,wt_med,-2.406856615858703,-2.6555012226104737,-2.1474922060966493,-3.0783875584602356,-1.802202141284943,562973.0,0.9978146279904857,True
UC3,4,all,all,"MAE, schedule known at origin",oracle_shape,6.459476937580739,6.061752414703369,6.826128470897674,551476.0,True,608,33,wt_med,-1.2217757586613471,-1.4671029210090638,-0.9798046469688416,-1.721187949180603,-0.7506972908973695,547136.0,0.9697450931042917,True
UC3,4,all,all,"MAE, schedule known at origin",prod_served,7.617698437387829,7.15537474155426,8.081295275688172,376101.0,True,406,33,wt_med,0.2326400064370775,-0.06632910966873168,0.5408343553543091,-0.14182440042495728,0.632099688053131,372840.0,0.6608224655533618,False
UC3,4,all,all,"MAE, schedule known at origin",prod_served_lin,7.59786167811306,7.136772489547729,8.05599844455719,376101.0,True,406,33,wt_med,0.21263980527840332,-0.09043443202972412,0.5197604656219482,-0.15604041814804076,0.6066373229026795,372840.0,0.6608224655533618,False
UC3,4,all,all,"MAE, schedule known at origin",snaive7,8.674906861532817,8.146473932266236,9.227417635917664,501404.0,True,614,33,wt_med,1.0009464018740157,0.6328502416610718,1.4188360214233398,0.5329934358596802,1.4541361093521117,500316.0,0.8867612184202224,False
UC3,4,all,all,"MAE, schedule known at origin",wt_med,7.710306164769605,7.307956779003144,8.112839198112487,564206.0,True,623,33,wt_med,,,,,,,,
UC3,5,all,all,"MAE, schedule known at origin",chronos2,7.40868516540101,6.941183722019195,7.8978829979896545,562886.0,True,610,33,wt_med,-0.28041208718882427,-0.48875586986541747,-0.07902315855026265,-0.741956090927124,0.07123992443084717,553712.0,1.0,False
UC3,5,all,all,"MAE, schedule known at origin",chronos2_grid,7.1810305570156885,6.704026746749878,7.6715749382972716,562886.0,True,610,33,wt_med,-0.5028017940116012,-0.7250507950782776,-0.27819819450378425,-0.8794164180755615,-0.18102365732193004,553712.0,1.0,True
UC3,5,all,all,"MAE, schedule known at origin",chronos2_nocov,7.887994605637448,7.389737868309021,8.437031483650207,562886.0,True,610,33,wt_med,0.19739697405075773,-0.021953797340393065,0.42546923160552974,-0.3494372010231018,0.6918976783752439,553712.0,1.0,False
UC3,5,all,all,"MAE, schedule known at origin",chronos2_owx,7.416683410859763,6.944451761245728,7.914588797092438,562886.0,True,610,33,wt_med,-0.27254750299781705,-0.478124725818634,-0.07403503656387335,-0.7367360591888428,0.1028353452682495,553712.0,1.0,False
UC3,5,all,all,"MAE, schedule known at origin",chronos2_owx_x_h5,7.326665718703432,6.900066792964935,7.758064532279968,557654.0,True,610,33,wt_med,-0.3388382441171034,-0.4779341220855713,-0.20375396013259892,-0.6103654861450195,-0.12710645198822024,553631.0,0.9998537145664173,True
UC3,5,all,all,"MAE, schedule known at origin",chronos2_x_h5,7.338355656845762,6.911257314682007,7.772234880924224,557654.0,True,610,33,wt_med,-0.32698011667587235,-0.4697895526885986,-0.1919548630714417,-0.6034860014915466,-0.11096512079238892,553631.0,0.9998537145664173,True
UC3,5,all,all,"MAE, schedule known at origin",clim,8.147450451639669,7.701364457607269,8.595368146896362,530290.0,True,601,33,wt_med,0.5083867705488654,0.3527125000953674,0.6544941902160645,0.2773295283317566,0.7739506721496582,528034.0,0.9536257115612449,False
UC3,5,all,all,"MAE, schedule known at origin",h5,7.590436934498145,7.156571078300476,8.040646362304688,557801.0,True,610,33,wt_med,-0.06753183514173422,-0.09288169145584106,-0.044629788398742674,-0.10780019760131836,-0.03525350093841554,553712.0,1.0,True
UC3,5,all,all,"MAE, schedule known at origin",lvlh5_cbd,10.673248426087305,9.776149272918701,11.62072811126709,292846.0,True,314,33,wt_med,2.752585895506969,2.2818514108657837,3.2399220705032348,1.865608286857605,3.7466914176940915,290731.0,0.5250581529748317,False
UC3,5,all,all,"MAE, schedule known at origin",lvlh5_naive,7.7636186248300305,7.322935688495636,8.21249349117279,538864.0,True,610,33,wt_med,0.14726822539324314,0.003623664379119874,0.2926578879356384,-0.09440555572509765,0.3245373964309692,535864.0,0.9677666368075822,False
UC3,5,all,all,"MAE, schedule known at origin",lvlh5_tft,7.491731255490012,6.944983553886414,8.064129972457886,365849.0,True,397,33,wt_med,0.02757221372659746,-0.2217613935470581,0.2739516615867615,-0.42282010316848756,0.46374660730361933,363546.0,0.6565615337937412,False
UC3,5,all,all,"MAE, schedule known at origin",oracle_level,5.138257804853118,4.915607213973999,5.361462676525116,556337.0,True,609,33,wt_med,-2.54132224977446,-2.836176097393036,-2.265239226818085,-3.176089286804199,-1.9402996301651,552409.0,0.9976467911116248,True
UC3,5,all,all,"MAE, schedule known at origin",oracle_shape,6.503177017546742,6.072701299190522,6.965794122219085,538081.0,True,592,33,wt_med,-1.1201249814738121,-1.3397419571876525,-0.8928756475448609,-1.5713045835494994,-0.6373210430145265,533702.0,0.9638620799260266,True
UC3,5,all,all,"MAE, schedule known at origin",prod_served,7.67783036536984,7.133869397640228,8.229985737800598,365739.0,True,398,33,wt_med,0.22927641119843134,-0.08648896217346191,0.5424951076507568,-0.4148602724075317,0.8358776807785034,362015.0,0.6537965584997255,False
UC3,5,all,all,"MAE, schedule known at origin",prod_served_lin,7.660431345850456,7.120039319992065,8.211221837997437,365739.0,True,398,33,wt_med,0.21168632515227337,-0.09930137395858764,0.5269902467727661,-0.42470273971557615,0.812764811515808,362015.0,0.6537965584997255,False
UC3,5,all,all,"MAE, schedule known at origin",snaive7,8.502649572476107,7.974086332321167,9.085755014419556,492721.0,True,597,33,wt_med,0.7877431522665725,0.434994101524353,1.178191316127777,0.2612252116203308,1.2503389835357666,491513.0,0.8876690409454735,False
UC3,5,all,all,"MAE, schedule known at origin",wt_med,7.668967802756668,7.223229694366455,8.119881725311279,553712.0,True,610,33,wt_med,,,,,,,,
UC3,6,all,all,"MAE, schedule known at origin",chronos2,6.978167834416342,6.589869260787964,7.3593761086463925,582863.0,True,639,33,wt_med,-0.37833858876951254,-0.6089444160461426,-0.17384622097015381,-0.7704321503639221,-0.0683465957641602,573534.0,1.0,True
UC3,6,all,all,"MAE, schedule known at origin",chronos2_grid,6.861342605818591,6.473459875583648,7.273777151107788,582863.0,True,639,33,wt_med,-0.4905812550866102,-0.7427777647972107,-0.27035975456237793,-0.8238206505775452,-0.24508949518203735,573534.0,1.0,True
UC3,6,all,all,"MAE, schedule known at origin",chronos2_nocov,7.403844413843175,6.975483536720276,7.813909101486206,582863.0,True,639,33,wt_med,0.047470091553771354,-0.18868199586868287,0.25818185806274413,-0.40848023891448976,0.4479635000228882,573534.0,1.0,False
UC3,6,all,all,"MAE, schedule known at origin",chronos2_owx,6.937975365271587,6.5639115691185,7.3165130615234375,582863.0,True,639,33,wt_med,-0.42004944164530045,-0.6361923456192017,-0.23242610692977927,-0.8077973127365112,-0.14232836961746217,573534.0,1.0,True
UC3,6,all,all,"MAE, schedule known at origin",chronos2_owx_x_h5,6.998564111417258,6.654664778709412,7.3356515049934385,577348.0,True,639,33,wt_med,-0.3478346009441653,-0.49873790740966795,-0.2077598810195923,-0.6200455784797668,-0.12477118968963628,573444.0,0.9998430781784515,True
UC3,6,all,all,"MAE, schedule known at origin",chronos2_x_h5,7.006916614533597,6.659718716144562,7.348067116737366,577348.0,True,639,33,wt_med,-0.3392131837119834,-0.49035518169403075,-0.19781210422515869,-0.6201551079750061,-0.11742075681686409,573444.0,0.9998430781784515,True
UC3,6,all,all,"MAE, schedule known at origin",clim,7.869427936653862,7.483289563655854,8.293982076644898,548226.0,True,632,33,wt_med,0.4755898531159968,0.3342830419540405,0.6176830410957336,0.2359014630317688,0.7496769905090331,545941.0,0.9518895130890235,False
UC3,6,all,all,"MAE, schedule known at origin",h5,7.247505203670449,6.886368048191071,7.6161498665809635,577477.0,True,639,33,wt_med,-0.0914849860688296,-0.11602059602737427,-0.06736462116241455,-0.14451828002929687,-0.048935461044311526,573534.0,1.0,True
UC3,6,all,all,"MAE, schedule known at origin",lvlh5_cbd,9.971961608180086,9.323375010490418,10.725611519813537,300635.0,True,324,33,wt_med,2.7302518087984966,2.2422650694847106,3.27756804227829,1.7474408149719238,3.911891376972198,298500.0,0.5204573748025401,False
UC3,6,all,all,"MAE, schedule known at origin",lvlh5_naive,7.35930196845197,6.985308992862701,7.735661578178406,561978.0,True,639,33,wt_med,0.05635926328034646,-0.06946569681167603,0.19302053451538084,-0.1726401686668396,0.22929074764251706,558934.0,0.9745437933932426,False
UC3,6,all,all,"MAE, schedule known at origin",lvlh5_tft,7.13507042162427,6.728147983551025,7.590413844585418,378481.0,True,412,33,wt_med,0.13405691161944855,-0.10755343437194824,0.35145058631896964,-0.24658552408218384,0.49010056257247925,376133.0,0.655816394494485,False
UC3,6,all,all,"MAE, schedule known at origin",oracle_level,4.934118079156152,4.732446551322937,5.16229555606842,575747.0,True,639,33,wt_med,-2.4223556255189562,-2.66408451795578,-2.16549232006073,-3.041131842136383,-1.7859720289707186,571879.0,0.9971143820593025,True
UC3,6,all,all,"MAE, schedule known at origin",oracle_shape,6.145471737372942,5.7866104483604435,6.5115831136703495,561795.0,True,624,33,wt_med,-1.154352416232327,-1.3479757189750672,-0.9339157819747925,-1.638611876964569,-0.6849765300750733,556768.0,0.9707672082213086,True
UC3,6,all,all,"MAE, schedule known at origin",prod_served,7.488108436279168,7.061766088008881,7.96029816865921,378840.0,True,413,33,wt_med,0.5159591505535923,0.21251041889190675,0.7974631428718566,0.06529167890548707,0.8945817232131956,374644.0,0.6532202101357548,False
UC3,6,all,all,"MAE, schedule known at origin",prod_served_lin,7.474251992925773,7.049630069732666,7.944677519798279,378840.0,True,413,33,wt_med,0.5019214908019345,0.19566946029663085,0.7820587515830992,0.04894723892211914,0.8711231708526609,374644.0,0.6532202101357548,False
UC3,6,all,all,"MAE, schedule known at origin",snaive7,8.048424439290871,7.589937007427215,8.513619804382325,516578.0,True,628,33,wt_med,0.6939194757136642,0.35194337368011475,1.0172006964683533,0.2620727062225342,1.0427662611007686,514528.0,0.8971185666412105,False
UC3,6,all,all,"MAE, schedule known at origin",wt_med,7.344215861657722,6.967545437812805,7.719731652736664,573534.0,True,639,33,wt_med,,,,,,,,
UC3,7,all,all,"MAE, schedule known at origin",chronos2,7.435406287542773,7.0314213037490845,7.868445992469788,563656.0,True,616,32,wt_med,-0.21134022443800404,-0.4246519684791565,0.006543064117431548,-0.6008823871612549,0.10433787107467649,552712.0,1.0,False
UC3,7,all,all,"MAE, schedule known at origin",chronos2_grid,7.310096445548666,6.886854946613312,7.758884358406067,563656.0,True,616,32,wt_med,-0.3282860835277095,-0.5416566133499146,-0.09661566019058228,-0.6415585041046142,-0.09218194484710696,552712.0,1.0,True
UC3,7,all,all,"MAE, schedule known at origin",chronos2_nocov,7.898723317226913,7.472279906272888,8.381318998336791,563656.0,True,616,32,wt_med,0.25405516924108706,0.034572386741638185,0.5070357084274292,-0.1994943380355835,0.6848028421401977,552712.0,1.0,False
UC3,7,all,all,"MAE, schedule known at origin",chronos2_owx,7.387535195852512,6.989348995685577,7.805339300632476,563656.0,True,616,32,wt_med,-0.2591609385644098,-0.4593437075614929,-0.05386745929718019,-0.6180249452590942,0.03667610883712755,552712.0,1.0,False
UC3,7,all,all,"MAE, schedule known at origin",chronos2_owx_x_h5,7.370152553325356,6.9981873512268065,7.7694473505020145,556895.0,True,615,32,wt_med,-0.2738792554948706,-0.4219106674194336,-0.1317967653274536,-0.5233125805854797,-0.07034131288528443,552626.0,0.9998444035953625,True
UC3,7,all,all,"MAE, schedule known at origin",chronos2_x_h5,7.380518204320951,7.002167499065399,7.779738640785217,556895.0,True,615,32,wt_med,-0.26331132081716824,-0.4091076612472534,-0.12224146127700806,-0.5168454766273498,-0.0585563898086548,552626.0,0.9998444035953625,True
UC3,7,all,all,"MAE, schedule known at origin",clim,8.165019366394693,7.717953932285309,8.615875792503356,525911.0,True,604,32,wt_med,0.45614242824730145,0.314900267124176,0.6050667285919189,0.1638219475746155,0.7930045843124389,523604.0,0.9473360448117646,False
UC3,7,all,all,"MAE, schedule known at origin",h5,7.554037351266345,7.14772115945816,7.965986704826355,557036.0,True,615,32,wt_med,-0.08216847110249148,-0.10695182085037232,-0.05775952339172363,-0.13191256523132325,-0.04492186307907105,552712.0,1.0,True
UC3,7,all,all,"MAE, schedule known at origin",lvlh5_cbd,10.382486057421179,9.694887113571166,11.117945504188537,292432.0,True,315,32,wt_med,2.9423221957196617,2.463846981525421,3.4050753235816953,1.9270143151283263,4.0673610091209405,290723.0,0.5259936458770571,False
UC3,7,all,all,"MAE, schedule known at origin",lvlh5_naive,8.05670551647386,7.638291156291961,8.489879083633422,531220.0,True,614,32,wt_med,0.45202960585784435,0.2900922656059265,0.6264906406402587,0.20364346504211425,0.6865211963653565,528042.0,0.955365542995267,False
UC3,7,all,all,"MAE, schedule known at origin",lvlh5_tft,7.438027239101108,6.979830467700959,7.923837411403656,358014.0,True,390,32,wt_med,0.35108615386370534,0.09259436130523682,0.6140297412872314,0.01939940452575684,0.6551020622253417,355890.0,0.6438977261213796,False
UC3,7,all,all,"MAE, schedule known at origin",oracle_level,5.173960535229538,4.939652693271637,5.412107884883881,555543.0,True,613,32,wt_med,-2.4771023737676794,-2.725985074043274,-2.237764072418213,-3.0860645532608033,-1.8462041437625885,551374.0,0.9975792094255236,True
UC3,7,all,all,"MAE, schedule known at origin",oracle_shape,7.048618090157969,6.611670577526093,7.496960771083832,530362.0,True,587,32,wt_med,-0.562562120196942,-0.8211293935775756,-0.31581312417984014,-1.0908836483955384,-0.04175876379013062,525355.0,0.9505040599806047,True
UC3,7,all,all,"MAE, schedule known at origin",prod_served,7.870896727439335,7.406349074840546,8.371872520446777,357946.0,True,390,32,wt_med,0.7946531302876476,0.419146728515625,1.1381214141845701,0.39959689378738406,1.1348970890045165,354600.0,0.6415637800518172,False
UC3,7,all,all,"MAE, schedule known at origin",prod_served_lin,7.855744651427869,7.393266892433166,8.357917952537537,357946.0,True,390,32,wt_med,0.7793432741116755,0.4011601090431213,1.1211115598678587,0.38816089630126954,1.1179497838020325,354600.0,0.6415637800518172,False
UC3,7,all,all,"MAE, schedule known at origin",wt_med,7.648181150400209,7.234542417526245,8.050834679603577,552712.0,True,614,32,wt_med,,,,,,,,
UC3,10,all,all,"MAE, schedule known at origin",chronos2_owx_x_h5,7.077378463315062,6.731878471374512,7.409779000282287,601802.0,True,633,32,wt_med,-0.061725901599506194,-0.18873149156570435,0.07380694150924676,-0.2614468812942505,0.13990670442581174,595439.0,0.9997397556053285,False
UC3,10,all,all,"MAE, schedule known at origin",chronos2_x_h5,7.1030898352824146,6.755721008777618,7.435233199596405,601802.0,True,633,32,wt_med,-0.035901095535073146,-0.16470850706100465,0.09927599430084222,-0.2310059666633606,0.1689614415168762,595439.0,0.9997397556053285,False
UC3,10,all,all,"MAE, schedule known at origin",clim,7.569108807544182,7.207215869426728,7.938637793064117,555660.0,True,611,32,wt_med,0.5798838835506519,0.45378966331481935,0.7170095443725586,0.3629277110099793,0.7947879791259764,552721.0,0.9280164004338526,False
UC3,10,all,all,"MAE, schedule known at origin",h5,7.015814012201422,6.652639412879944,7.342944347858429,602061.0,True,633,32,wt_med,-0.11810320872943691,-0.140730082988739,-0.09633359909057618,-0.17055392265319824,-0.07639681100845337,595594.0,1.0,True
UC3,10,all,all,"MAE, schedule known at origin",lvlh5_cbd,9.8956863873651,9.247662878036499,10.617765188217163,304022.0,True,317,32,wt_med,3.077621167750875,2.6179636120796204,3.5161130547523496,2.345057249069214,3.8575084090232847,300873.0,0.505164591987159,False
UC3,10,all,all,"MAE, schedule known at origin",lvlh5_naive,7.07785110840013,6.730689144134521,7.394584619998932,590555.0,True,632,32,wt_med,-0.013105914583857903,-0.1471809983253479,0.1281166553497314,-0.2398770570755005,0.21149455308914183,585042.0,0.9822832332091995,False
UC3,10,all,all,"MAE, schedule known at origin",lvlh5_tft,7.099754377607862,6.665270698070526,7.532511472702026,378091.0,True,389,32,wt_med,0.2764036628162243,0.044619405269622804,0.49576522111892696,-0.05351278781890869,0.5930359482765197,374241.0,0.6283491774598132,False
UC3,10,all,all,"MAE, schedule known at origin",oracle_level,5.02562848632424,4.824068415164947,5.227655613422394,600759.0,True,633,32,wt_med,-2.121112534505004,-2.3439493775367737,-1.8978862404823302,-2.718721318244934,-1.5612822711467744,594442.0,0.9980657964989573,True
UC3,10,all,all,"MAE, schedule known at origin",oracle_shape,5.735792913155855,5.416979217529297,6.052880609035491,593036.0,True,623,32,wt_med,-1.3519250384500374,-1.5508959650993348,-1.1575934529304506,-1.8360479474067688,-0.8011229634284973,583740.0,0.9800971802939586,True
UC3,10,all,all,"MAE, schedule known at origin",prod_served,7.6321189673868375,7.169558823108673,8.102113223075866,377179.0,True,388,32,wt_med,0.8661822259118308,0.6051452398300171,1.1344582438468933,0.49446319341659545,1.2240551948547362,371012.0,0.622927699070172,False
UC3,10,all,all,"MAE, schedule known at origin",prod_served_lin,7.610956932915141,7.149539136886597,8.07985816001892,377179.0,True,388,32,wt_med,0.8447829854559963,0.5865403652191162,1.112405490875244,0.4718508362770081,1.2076628804206848,371012.0,0.622927699070172,False
UC3,10,all,all,"MAE, schedule known at origin",wt_med,7.143205774403369,6.773071205615997,7.475574815273285,595594.0,True,633,32,wt_med,,,,,,,,
UC3,14,all,all,"MAE, schedule known at origin",chronos2_owx_x_h5,7.4943522697962965,7.104039120674133,7.88485416173935,507637.0,True,570,31,wt_med,-0.24527363210333508,-0.3929136633872986,-0.106712543964386,-0.4957828402519226,-0.029266321659088136,502078.0,0.9997968855788761,True
UC3,14,all,all,"MAE, schedule known at origin",chronos2_x_h5,7.508845784873363,7.124574661254883,7.894054436683655,507637.0,True,570,31,wt_med,-0.23017339530340308,-0.3780917763710022,-0.09279263019561768,-0.48506932258605956,-0.008086955547332766,502078.0,0.9997968855788761,True
UC3,14,all,all,"MAE, schedule known at origin",clim,8.026611942552263,7.611803483963013,8.486249971389771,476816.0,True,561,31,wt_med,0.2411379286301365,0.08022168874740601,0.4009543180465698,-0.0693953275680542,0.5506457686424254,473281.0,0.9424529053327492,False
UC3,14,all,all,"MAE, schedule known at origin",h5,7.620451775080346,7.215367019176483,8.016274476051331,507808.0,True,570,31,wt_med,-0.11005167469831534,-0.1364946961402893,-0.08449279069900513,-0.1714357018470764,-0.0652585744857788,502180.0,1.0,True
UC3,14,all,all,"MAE, schedule known at origin",lvlh5_cbd,10.221015042245748,9.557249402999878,10.923691368103027,251930.0,True,275,31,wt_med,2.6853949085226354,2.223879027366638,3.1860637068748474,1.58985835313797,3.9831323862075805,249298.0,0.49643155840535264,False
UC3,14,all,all,"MAE, schedule known at origin",lvlh5_naive,8.06343386717486,7.634093463420868,8.471679759025573,478993.0,True,567,31,wt_med,0.40292762529157766,0.2363326668739319,0.5743316054344176,0.22527122497558594,0.5965185999870299,474662.0,0.9452029152893385,False
UC3,14,all,all,"MAE, schedule known at origin",lvlh5_tft,7.729891692468126,7.237869274616242,8.282951712608337,314537.0,True,347,31,wt_med,0.5818488628904968,0.28691959381103516,0.8851789355278015,0.1355818748474121,1.0995357871055602,311293.0,0.6198833087737464,False
UC3,14,all,all,"MAE, schedule known at origin",oracle_level,5.179750039699906,4.93277223110199,5.428525459766388,506336.0,True,569,31,wt_med,-2.574486872938058,-2.850830626487732,-2.3167194604873655,-3.2065945625305177,-1.9414213418960573,500883.0,0.9974172607431598,True
UC3,14,all,all,"MAE, schedule known at origin",oracle_shape,7.181290875050868,6.700487625598908,7.6108745574951175,478904.0,True,537,31,wt_med,-0.4748559842827298,-0.7462746620178222,-0.21768618822097782,-1.034843957424164,0.08965686559677084,471858.0,0.9396192600262854,False
UC3,14,all,all,"MAE, schedule known at origin",prod_served,8.146384074881722,7.604090845584869,8.734904980659485,313668.0,True,345,31,wt_med,1.0386736388643794,0.6456968665122986,1.4549494743347167,0.4866964936256409,1.6138759016990658,308272.0,0.6138675375363416,False
UC3,14,all,all,"MAE, schedule known at origin",prod_served_lin,8.130126040909497,7.590171778202057,8.718139219284058,313668.0,True,345,31,wt_med,1.0220653351585618,0.6309974431991577,1.4394477128982544,0.4737450242042542,1.58645840883255,308272.0,0.6138675375363416,False
UC3,14,all,all,"MAE, schedule known at origin",wt_med,7.7494573658847425,7.341621434688568,8.141285371780395,502180.0,True,569,31,wt_med,,,,,,,,
UC3,21,all,all,"MAE, schedule known at origin",chronos2_owx_x_h5,7.531879294277304,7.169891977310181,7.918709540367127,471709.0,True,535,30,wt_med,-0.23917982036659513,-0.40654850006103516,-0.08952863216400148,-0.49141291379928587,-0.017044401168823248,465059.0,0.9997871690909326,True
UC3,21,all,all,"MAE, schedule known at origin",chronos2_x_h5,7.551047791800384,7.194708812236786,7.943784904479981,471709.0,True,535,30,wt_med,-0.21954264307875793,-0.3810009002685547,-0.07097189426422124,-0.4784098982810974,0.000486683845519988,465059.0,0.9997871690909326,False
UC3,21,all,all,"MAE, schedule known at origin",clim,8.056838438221057,7.615953326225281,8.511717700958252,442060.0,True,525,30,wt_med,0.21997962940125948,0.06520833969116212,0.38659098148345944,-0.11355686187744139,0.5652324199676514,437886.0,0.9413704590698214,False
UC3,21,all,all,"MAE, schedule known at origin",h5,7.635630376181727,7.233970129489899,8.032650136947632,471873.0,True,535,30,wt_med,-0.12818655166631476,-0.1531909942626953,-0.10406124591827393,-0.19647130966186524,-0.07922219038009645,465158.0,1.0,True
UC3,21,all,all,"MAE, schedule known at origin",lvlh5_cbd,10.317551750559344,9.591030693054199,11.054423403739928,227823.0,True,247,30,wt_med,2.572071183916905,2.069015884399414,3.0815719723701473,1.4766979694366456,3.862222194671631,224421.0,0.48246187316997663,False
UC3,21,all,all,"MAE, schedule known at origin",lvlh5_naive,8.196046995283293,7.767464566230774,8.632122659683228,444266.0,True,534,30,wt_med,0.4632204969641922,0.3094884991645813,0.628253448009491,0.3203736424446106,0.6186746835708617,438898.0,0.9435460639180665,False
UC3,21,all,all,"MAE, schedule known at origin",lvlh5_tft,7.83065724244055,7.318829238414764,8.359378147125245,283594.0,True,312,30,wt_med,0.40794154970452823,0.16336002349853515,0.6615584850311279,0.1627660036087036,0.6954972267150878,279461.0,0.6007872593828334,False
UC3,21,all,all,"MAE, schedule known at origin",oracle_level,5.196971711199542,4.9330373167991635,5.456712472438812,470520.0,True,534,30,wt_med,-2.593744470716521,-2.848162257671356,-2.3406064033508303,-3.241820955276489,-1.9626816749572755,463969.0,0.9974438792840282,True
UC3,21,all,all,"MAE, schedule known at origin",oracle_shape,7.367270840016898,6.911665403842926,7.83098714351654,445513.0,True,502,30,wt_med,-0.3506635826381892,-0.6062909126281738,-0.07885597944259651,-0.8620387554168701,0.16195240020751947,436027.0,0.9373739675551103,False
UC3,21,all,all,"MAE, schedule known at origin",prod_served,8.242175162405609,7.7176310300827025,8.767714929580688,284319.0,True,310,30,wt_med,0.8501585194749914,0.5206688165664672,1.1739885330200195,0.5614611029624939,1.1132371187210082,277253.0,0.5960404851684804,False
UC3,21,all,all,"MAE, schedule known at origin",prod_served_lin,8.225170055465867,7.701251220703125,8.7487877368927,284319.0,True,310,30,wt_med,0.8327033431558899,0.5012821197509766,1.1605649709701538,0.5521078944206238,1.0892868041992185,277253.0,0.5960404851684804,False
UC3,21,all,all,"MAE, schedule known at origin",wt_med,7.781500049445564,7.36908917427063,8.179763197898865,465158.0,True,534,30,wt_med,,,,,,,,
UC3,30,all,all,"MAE, schedule known at origin",chronos2_owx_x_h5,7.767647335772669,7.363337755203247,8.177287769317626,461383.0,True,477,29,wt_med,0.29931271664397574,0.18046954870224,0.40737143754959104,0.1564993977546692,0.42694182395935054,451004.0,0.9997007574162287,False
UC3,30,all,all,"MAE, schedule known at origin",chronos2_x_h5,7.781687963135552,7.372229063510895,8.193294548988343,461383.0,True,477,29,wt_med,0.31377000901304086,0.19512274265289306,0.4252869486808777,0.1677849531173706,0.45078189373016353,451004.0,0.9997007574162287,False
UC3,30,all,all,"MAE, schedule known at origin",clim,7.806520228166043,7.374813163280487,8.2165016412735,417240.0,True,461,29,wt_med,0.40593856078085544,0.2820674777030945,0.5279988646507263,0.21970031261444092,0.6045355319976805,413905.0,0.9174666787841441,False
UC3,30,all,all,"MAE, schedule known at origin",h5,7.41315812847153,7.000793719291687,7.814405596256256,461612.0,True,477,29,wt_med,-0.05670910185109257,-0.07922471761703491,-0.035748004913330085,-0.10623974800109863,-0.02185148000717163,451139.0,1.0,True
UC3,30,all,all,"MAE, schedule known at origin",lvlh5_cbd,11.198246252709913,10.370499086380004,12.040656280517577,221936.0,True,220,29,wt_med,3.7655303997234526,3.293251895904541,4.29304871559143,3.081489372253418,4.580980801582337,216051.0,0.4789011812323918,False
UC3,30,all,all,"MAE, schedule known at origin",lvlh5_naive,7.825486238577528,7.408064019680023,8.255765128135682,451409.0,True,476,29,wt_med,0.4101930734280339,0.2922042965888977,0.5293931603431702,0.24317668676376344,0.574262797832489,442188.0,0.980159108390097,False
UC3,30,all,all,"MAE, schedule known at origin",lvlh5_tft,7.891069005456483,7.404290390014649,8.473976850509644,238116.0,True,233,29,wt_med,0.5921876877436327,0.3075342535972595,0.8874115467071533,0.22132471799850464,0.9857951879501343,232195.0,0.5146861610279758,False
UC3,30,all,all,"MAE, schedule known at origin",oracle_level,5.716999358434954,5.419573628902436,5.9842857122421265,460611.0,True,477,29,wt_med,-1.7951558194480093,-1.993789267539978,-1.600535833835602,-2.363937759399414,-1.3401899933815002,450277.0,0.9980892806873269,True
UC3,30,all,all,"MAE, schedule known at origin",oracle_shape,6.103867863863154,5.747112274169922,6.469599997997284,460426.0,True,468,29,wt_med,-1.2717560963350234,-1.5130381822586059,-1.0545125246047973,-1.7649598717689514,-0.8398726940155029,441104.0,0.9777563012730002,True
UC3,30,all,all,"MAE, schedule known at origin",prod_served,8.72807282436803,8.176333832740784,9.354360890388488,251674.0,True,242,29,wt_med,1.4072887272423227,0.9792057514190674,1.8991118550300596,0.8705572605133057,1.8578070998191833,239205.0,0.530224609266767,False
UC3,30,all,all,"MAE, schedule known at origin",prod_served_lin,8.694981404515365,8.143490982055663,9.322555899620056,251674.0,True,242,29,wt_med,1.3724096486277464,0.9461574554443359,1.8628138422966,0.8419907331466675,1.8167088508605957,239205.0,0.530224609266767,False
UC3,30,all,all,"MAE, schedule known at origin",wt_med,7.503669600721729,7.089303481578827,7.906857597827911,451139.0,True,477,29,wt_med,,,,,,,,
UC3,45,all,all,"MAE, schedule known at origin",chronos2_owx_x_h5,7.114304207133647,6.699818623065949,7.552105402946472,390921.0,True,420,27,wt_med,-0.061728583001755766,-0.1904319405555725,0.07034653425216666,-0.2836430430412292,0.13445476293563838,381217.0,0.9997456164735625,False
UC3,45,all,all,"MAE, schedule known at origin",chronos2_x_h5,7.159118516661533,6.737226784229279,7.599620425701142,390921.0,True,420,27,wt_med,-0.015567871860950433,-0.1380234718322754,0.11671677827835081,-0.23184300661087037,0.17514644861221307,381217.0,0.9997456164735625,False
UC3,45,all,all,"MAE, schedule known at origin",clim,7.721100483617048,7.2470867395401,8.210869288444519,353172.0,True,406,27,wt_med,0.5654209081550956,0.42175132036209106,0.7189694762229919,0.29498341083526614,0.8738887190818786,349720.0,0.9171444006776567,False
UC3,45,all,all,"MAE, schedule known at origin",h5,7.02512612121956,6.597516274452209,7.474933469295501,391092.0,True,420,27,wt_med,-0.14910054443319698,-0.17669769525527954,-0.12417628765106202,-0.22181708812713624,-0.09434747695922852,381314.0,1.0,True
UC3,45,all,all,"MAE, schedule known at origin",lvlh5_cbd,13.990450684326893,12.373889756202697,15.851256823539734,24651.0,True,42,27,wt_med,1.414440670818566,0.03889884948730469,2.6914466857910155,0.8344078063964844,2.538848876953125,24240.0,0.063569656503564,False
UC3,45,all,all,"MAE, schedule known at origin",lvlh5_naive,7.126886104236228,6.719697284698486,7.548743093013764,381491.0,True,419,27,wt_med,0.013396337131094782,-0.13121631145477294,0.1457251906394957,-0.27367552518844607,0.24744291305541988,372826.0,0.9777401301814252,False
UC3,45,all,all,"MAE, schedule known at origin",lvlh5_tft,7.515710234644031,6.773055922985077,8.307074403762817,145013.0,True,151,27,wt_med,0.4673371875043921,0.03881360292434693,0.8814749121665955,0.0767041563987732,0.8642178416252135,142182.0,0.37287379954578115,False
UC3,45,all,all,"MAE, schedule known at origin",oracle_level,4.841928424575879,4.6006571531295775,5.084828734397888,390221.0,True,420,27,wt_med,-2.3806207758363156,-2.71113007068634,-2.100171184539795,-3.247170150279999,-1.6497886776924133,380537.0,0.997962309277918,True
UC3,45,all,all,"MAE, schedule known at origin",oracle_shape,5.831268366273244,5.454210197925567,6.247414326667785,387421.0,True,411,27,wt_med,-1.2656942526038826,-1.4880747675895691,-1.0639898657798768,-1.8101993203163147,-0.7187032818794251,371800.0,0.9750494343244674,True
UC3,45,all,all,"MAE, schedule known at origin",prod_served,8.414064752916502,7.629034888744354,9.213262367248536,152580.0,True,163,27,wt_med,1.1494222156069451,0.6815108060836792,1.6362785816192627,0.5778529763221741,1.6765694499015806,147806.0,0.3876227990579942,False
UC3,45,all,all,"MAE, schedule known at origin",prod_served_lin,8.381835758290732,7.598826479911804,9.17689573764801,152580.0,True,163,27,wt_med,1.1162495094921727,0.648845374584198,1.6059694170951844,0.5496310591697693,1.649461007118225,147806.0,0.3876227990579942,False
UC3,45,all,all,"MAE, schedule known at origin",wt_med,7.230951394388876,6.780609285831451,7.694103467464447,381314.0,True,420,27,wt_med,,,,,,,,
UC3,60,all,all,"MAE, schedule known at origin",chronos2_owx_x_h5,7.561114946142426,7.043507218360901,8.096361565589905,273473.0,True,312,25,wt_med,-0.10785529689974283,-0.26101585626602175,0.04197385311126703,-0.2751889944076538,0.03701401948928829,266349.0,0.9997109891677238,False
UC3,60,all,all,"MAE, schedule known at origin",chronos2_x_h5,7.62096112147338,7.100902438163757,8.159115266799926,273473.0,True,312,25,wt_med,-0.04607217729431401,-0.1986433744430542,0.10926501750946044,-0.23799786567687986,0.14155420064926139,266349.0,0.9997109891677238,False
UC3,60,all,all,"MAE, schedule known at origin",clim,7.880193847619124,7.341873335838318,8.479339408874512,249887.0,True,302,25,wt_med,0.19446166312164515,-0.018571186065673824,0.41417719125747676,-0.22251092195510863,0.6100494861602783,246825.0,0.9264298529422804,False
UC3,60,all,all,"MAE, schedule known at origin",h5,7.549546964718438,7.038735032081604,8.112979292869568,273599.0,True,312,25,wt_med,-0.10779494118441857,-0.13709862232208253,-0.07978693246841431,-0.17201881408691405,-0.058552742004394545,266426.0,1.0,True
UC3,60,all,all,"MAE, schedule known at origin",lvlh5_naive,8.128020471693032,7.547994577884674,8.715299725532532,253514.0,True,310,25,wt_med,0.5257459000011329,0.31974477767944337,0.7155440330505372,0.2379252076148987,0.8104042291641235,247655.0,0.9295451645109711,False
UC3,60,all,all,"MAE, schedule known at origin",lvlh5_tft,0.4259307919203171,0.06173167172819376,1.1984730422496797,3072.0,True,9,25,wt_med,0.05809225025365039,-0.020352193713188173,0.21243209689855574,0.006101086735725403,1.07088041305542,3072.0,0.011530406191587909,False
UC3,60,all,all,"MAE, schedule known at origin",oracle_level,5.06366668676936,4.750146448612213,5.4093977332115175,272935.0,True,312,25,wt_med,-2.664277965486769,-2.988688564300537,-2.3448801279067992,-3.3229543924331666,-1.9014225363731385,265841.0,0.9978042683521878,True
UC3,60,all,all,"MAE, schedule known at origin",oracle_shape,7.026692721764417,6.453343641757965,7.596695530414581,256642.0,True,284,25,wt_med,-0.5245328779171237,-0.8431230783462524,-0.21220200061798103,-1.1230784893035888,0.03227685689926143,245987.0,0.9232845142741324,False
UC3,60,all,all,"MAE, schedule known at origin",prod_served,0.30601659751037347,0.014691478572785854,0.9334078893065452,2892.0,True,9,25,wt_med,-0.08471645919778698,-0.1666666716337204,0.0,-0.3166666030883789,-0.07202771306037903,2892.0,0.010854796453799553,True
UC3,60,all,all,"MAE, schedule known at origin",prod_served_lin,0.3055843706777317,0.014691478572785854,0.9326261907815931,2892.0,True,9,25,wt_med,-0.08514868603042874,-0.16733871437609196,0.0,-0.3166666030883789,-0.07248358428478241,2892.0,0.010854796453799553,True
UC3,60,all,all,"MAE, schedule known at origin",wt_med,7.707393422563864,7.189857184886932,8.266771078109741,266426.0,True,312,25,wt_med,,,,,,,,
UC3,90,all,all,"MAE, schedule known at origin",chronos2_owx_x_h5,6.861788556995186,6.226977622509002,7.555296015739441,182596.0,True,195,21,wt_med,-0.13255382167125074,-0.41791181564331054,0.10228338241577148,-0.4804565191268921,0.14925510883331286,176804.0,0.9998416576185306,False
UC3,90,all,all,"MAE, schedule known at origin",chronos2_x_h5,6.859788713206831,6.217465388774872,7.544866168498992,182596.0,True,195,21,wt_med,-0.13441079499279684,-0.4061223387718201,0.0964704513549804,-0.49372618198394774,0.15447062253952026,176804.0,0.9998416576185306,False
UC3,90,all,all,"MAE, schedule known at origin",clim,7.689346650020807,6.96963883638382,8.454342913627624,168210.0,True,196,21,wt_med,0.5209800567044898,0.2620877742767334,0.7907049417495727,0.2408277988433838,0.8567437052726745,165419.0,0.935458514296055,False
UC3,90,all,all,"MAE, schedule known at origin",h5,6.877531314668623,6.185242521762848,7.614113843441009,182662.0,True,195,21,wt_med,-0.10472298565870464,-0.14181751012802124,-0.07342293262481689,-0.1655297636985779,-0.05359858274459839,176832.0,1.0,True
UC3,90,all,all,"MAE, schedule known at origin",lvlh5_naive,7.084638025936065,6.385669827461243,7.846986651420593,172238.0,True,195,21,wt_med,0.17139291690138947,-0.15149327516555786,0.43805366754531844,-0.2142542600631714,0.5189278602600098,167130.0,0.9451343648208469,False
UC3,90,all,all,"MAE, schedule known at origin",oracle_level,4.159642303374606,3.826171177625656,4.552305889129639,182118.0,True,195,21,wt_med,-2.9255799418260215,-3.4814499378204347,-2.4237319469451903,-4.347161424160004,-1.6415467202663423,176344.0,0.9972403184943902,True
UC3,90,all,all,"MAE, schedule known at origin",oracle_shape,6.34287154784193,5.65140655040741,7.118616092205047,179031.0,True,183,21,wt_med,-0.5075699798389222,-0.8749142050743103,-0.15035383701324478,-1.2587260246276855,0.10761773586273189,166307.0,0.9404802298226566,False
UC3,90,all,all,"MAE, schedule known at origin",wt_med,7.0690910016286646,6.354048776626587,7.8282418012619015,176832.0,True,195,21,wt_med,,,,,,,,
D5,0,all,all,"first-hour MAE, schedule known at origin",chronos2,4.792082011631004,4.468367552757263,5.110715126991272,43398.0,True,639,33,wt_med,-0.15481032016094698,-0.4027091026306152,0.07263298034667967,-0.45967682600021365,0.1528424799442291,42668.0,1.0,False
D5,0,all,all,"first-hour MAE, schedule known at origin",chronos2_grid,4.305454669248575,3.9817425668239594,4.6319101572036745,43398.0,True,639,33,wt_med,-0.6387113174391272,-0.8275718212127685,-0.438178288936615,-0.9830753684043885,-0.3206942617893219,42668.0,1.0,True
D5,0,all,all,"first-hour MAE, schedule known at origin",chronos2_nocov,5.362120044435233,4.987802886962891,5.7406326055526735,43398.0,True,639,33,wt_med,0.41962998222028514,0.17579370737075806,0.669732093811035,0.08126868009567262,0.7620428919792174,42668.0,1.0,False
D5,0,all,all,"first-hour MAE, schedule known at origin",chronos2_owx,4.745173596056866,4.436284911632538,5.059663319587708,43398.0,True,639,33,wt_med,-0.20205219026424093,-0.4404783844947815,0.020704829692840564,-0.513173496723175,0.12547783255577086,42668.0,1.0,False
D5,0,all,all,"first-hour MAE, schedule known at origin",clim,5.380824952703375,4.963106238842011,5.8160275459289545,40172.0,True,615,33,wt_med,0.41592721273777133,0.2947008490562439,0.5494068622589111,0.15979501605033875,0.6927923798561096,40007.0,0.9376347614137058,False
D5,0,all,all,"first-hour MAE, schedule known at origin",h5,4.718134525715081,4.380242931842804,5.060956192016602,43107.0,True,638,33,wt_med,-0.2190781147464138,-0.32668858766555786,-0.10619686841964722,-0.5167096614837646,-0.015333944559097304,42668.0,1.0,True
D5,0,all,all,"first-hour MAE, schedule known at origin",lvlh5_cbd,4.462956593927894,4.0381507754325865,4.895942413806916,21080.0,True,324,33,wt_med,-0.24113492101369705,-0.4452775716781616,-0.04972723722457895,-0.6632852494716645,0.027038228511810293,20953.0,0.4910705915440142,False
D5,0,all,all,"first-hour MAE, schedule known at origin",lvlh5_naive,4.718134525715081,4.380242931842804,5.060956192016602,43107.0,True,638,33,wt_med,-0.2190781147464138,-0.32668858766555786,-0.10619686841964722,-0.5167096614837646,-0.015333944559097304,42668.0,1.0,True
D5,0,all,all,"first-hour MAE, schedule known at origin",lvlh5_tft,4.36590314621749,3.994302225112915,4.770994043350219,26953.0,True,417,33,wt_med,-0.28123950598858194,-0.45025707483291627,-0.11744161844253542,-0.6927809059619904,-0.007974642515182501,26801.0,0.6281288084747352,True
D5,0,all,all,"first-hour MAE, schedule known at origin",oracle_level,4.686097467293636,4.361537659168244,5.031902623176574,42958.0,True,638,33,wt_med,-0.21932387312186918,-0.3275666356086731,-0.10602816343307496,-0.5175506234169006,-0.015070956945419345,42529.0,0.9967422893034593,True
D5,0,all,all,"first-hour MAE, schedule known at origin",oracle_shape,4.743403963064493,4.415913617610931,5.100216090679169,41309.0,True,615,33,wt_med,-0.20853723389013723,-0.5189612150192261,0.10552765130996701,-0.9347167611122131,0.42478930354118327,40923.0,0.9591028405362333,False
D5,0,all,all,"first-hour MAE, schedule known at origin",snaive7,5.484360456917219,5.041438567638397,5.9699527502059935,35455.0,True,588,33,wt_med,0.5350342726580353,0.28310519456863403,0.8304494500160218,0.12948908209800722,0.9980522155761719,35451.0,0.830856848223493,False
D5,0,all,all,"first-hour MAE, schedule known at origin",wt_med,4.921803224899222,4.557695519924164,5.2922176122665405,42668.0,True,636,33,wt_med,,,,,,,,
D5,1,all,all,"first-hour MAE, schedule known at origin",chronos2,5.467173212216243,5.1260396361351015,5.8609695672988895,43631.0,True,653,33,wt_med,0.37533385399619856,0.1618360996246338,0.599019980430603,-0.013480639457702621,0.7698773980140686,42658.0,1.0,False
D5,1,all,all,"first-hour MAE, schedule known at origin",chronos2_grid,4.8335125161568095,4.475598549842834,5.218617403507232,43631.0,True,653,33,wt_med,-0.22590850896208003,-0.4161659836769104,-0.03564352989196781,-0.461016583442688,0.012726294994354124,42658.0,1.0,False
D5,1,all,all,"first-hour MAE, schedule known at origin",chronos2_nocov,6.119769697811621,5.7127177000045775,6.570394194126129,43631.0,True,653,33,wt_med,1.0404720448023541,0.7867232918739319,1.327079677581787,0.3361196756362915,1.9579789519309996,42658.0,1.0,False
D5,1,all,all,"first-hour MAE, schedule known at origin",chronos2_owx,5.417384116562361,5.0736984491348265,5.800547409057617,43631.0,True,653,33,wt_med,0.32300856614326356,0.11268346309661866,0.5341987133026123,-0.06898684501647948,0.7074215292930603,42658.0,1.0,False
D5,1,all,all,"first-hour MAE, schedule known at origin",chronos2_owx_x_h5,4.752515073113262,4.399744379520416,5.127252578735352,43289.0,True,649,33,wt_med,-0.29730355384687535,-0.439314591884613,-0.16089106798171998,-0.7088794350624085,-0.019469475746154864,42658.0,1.0,True
D5,1,all,all,"first-hour MAE, schedule known at origin",chronos2_x_h5,4.752515073113262,4.399744379520416,5.127252578735352,43289.0,True,649,33,wt_med,-0.29730355384687535,-0.439314591884613,-0.16089106798171998,-0.7088794350624085,-0.019469475746154864,42658.0,1.0,True
D5,1,all,all,"first-hour MAE, schedule known at origin",clim,5.378617262989688,4.955238878726959,5.813555681705475,40051.0,True,626,33,wt_med,0.31681923347751795,0.1758473038673401,0.4671518921852112,0.018017506599426268,0.6066795349121094,39764.0,0.9321580946129683,False
D5,1,all,all,"first-hour MAE, schedule known at origin",h5,4.752515073113262,4.399744379520416,5.127252578735352,43289.0,True,649,33,wt_med,-0.29730355384687535,-0.439314591884613,-0.16089106798171998,-0.7088794350624085,-0.019469475746154864,42658.0,1.0,True
D5,1,all,all,"first-hour MAE, schedule known at origin",lvlh5_cbd,4.262579554494829,3.8683755576610563,4.69622836112976,20112.0,True,315,33,wt_med,-0.3766591535186574,-0.6058621525764465,-0.14783196449279792,-0.978552496433258,0.016193175315856897,19965.0,0.46802475502836516,False
D5,1,all,all,"first-hour MAE, schedule known at origin",lvlh5_naive,4.752515073113262,4.399744379520416,5.127252578735352,43289.0,True,649,33,wt_med,-0.29730355384687535,-0.439314591884613,-0.16089106798171998,-0.7088794350624085,-0.019469475746154864,42658.0,1.0,True
D5,1,all,all,"first-hour MAE, schedule known at origin",lvlh5_tft,4.25377854903717,3.8866238355636598,4.653538131713867,26796.0,True,421,33,wt_med,-0.44866197183098677,-0.6602971673011779,-0.2536715626716614,-1.0221055746078491,-0.03054752349853519,26625.0,0.6241502180130339,True
D5,1,all,all,"first-hour MAE, schedule known at origin",oracle_level,4.755459337349397,4.400434935092926,5.131753158569336,43160.0,True,649,33,wt_med,-0.2978904119251391,-0.44055235385894775,-0.16079879999160768,-0.7096370100975037,-0.01935667991638195,42532.0,0.9970462750246144,True
D5,1,all,all,"first-hour MAE, schedule known at origin",oracle_shape,4.670466747511744,4.376011204719544,5.0400503277778625,41634.0,True,630,33,wt_med,-0.38958177379697023,-0.708521056175232,-0.03840110301971443,-1.139824342727661,0.22740938067436214,41083.0,0.9630784378076797,False
D5,1,all,all,"first-hour MAE, schedule known at origin",snaive7,5.9451570976491865,5.489536118507385,6.460312330722809,35392.0,True,611,33,wt_med,0.8826733234993762,0.534700870513916,1.2707197785377502,0.4402402758598328,1.3766508936882018,35252.0,0.8263866097801116,False
D5,1,all,all,"first-hour MAE, schedule known at origin",wt_med,5.041891321674715,4.663809812068939,5.466203796863556,42658.0,True,646,33,wt_med,,,,,,,,
D5,2,all,all,"first-hour MAE, schedule known at origin",chronos2,6.016979523589548,5.597210812568664,6.440155231952668,46537.0,True,652,33,wt_med,1.276740002741258,1.0546655535697937,1.4993505358695984,0.8317330062389374,1.817002820968628,45229.0,1.0,False
D5,2,all,all,"first-hour MAE, schedule known at origin",chronos2_grid,5.38879961030639,4.993085014820099,5.775882983207703,46537.0,True,652,33,wt_med,0.6656618274213111,0.47150267362594606,0.8512764215469358,0.3868504762649536,1.042678689956665,45229.0,1.0,False
D5,2,all,all,"first-hour MAE, schedule known at origin",chronos2_nocov,6.805874439299915,6.320433866977692,7.316077136993409,46537.0,True,652,33,wt_med,2.053566684713201,1.7973731756210327,2.3336934566497805,1.3738235116004944,2.8292648911476133,45229.0,1.0,False
D5,2,all,all,"first-hour MAE, schedule known at origin",chronos2_owx,5.989379375635723,5.568326890468597,6.39365953207016,46537.0,True,652,33,wt_med,1.2400191307025699,1.0259587645530701,1.4632327795028686,0.816602599620819,1.7743431448936462,45229.0,1.0,False
D5,2,all,all,"first-hour MAE, schedule known at origin",chronos2_owx_x_h5,4.526096376764316,4.20114676952362,4.881115818023682,45981.0,True,648,33,wt_med,-0.135546330893896,-0.2209356427192688,-0.041365897655487066,-0.3525909662246704,-0.01630227565765381,45229.0,1.0,True
D5,2,all,all,"first-hour MAE, schedule known at origin",chronos2_x_h5,4.526096376764316,4.20114676952362,4.881115818023682,45981.0,True,648,33,wt_med,-0.135546330893896,-0.2209356427192688,-0.041365897655487066,-0.3525909662246704,-0.01630227565765381,45229.0,1.0,True
D5,2,all,all,"first-hour MAE, schedule known at origin",clim,4.783404625534692,4.425510251522065,5.129189074039459,41379.0,True,607,33,wt_med,0.3865877951608203,0.2739026784896851,0.49672220945358275,0.16405295729637145,0.6796295642852781,41164.0,0.9101240354639722,False
D5,2,all,all,"first-hour MAE, schedule known at origin",h5,4.526096376764316,4.20114676952362,4.881115818023682,45981.0,True,648,33,wt_med,-0.135546330893896,-0.2209356427192688,-0.041365897655487066,-0.3525909662246704,-0.01630227565765381,45229.0,1.0,True
D5,2,all,all,"first-hour MAE, schedule known at origin",lvlh5_cbd,4.13268771331058,3.7279879331588743,4.567809355258942,21975.0,True,322,33,wt_med,-0.17068469505178374,-0.2973925471305847,-0.0542594850063324,-0.5226018548011779,-0.004250800609588628,21725.0,0.480333414402264,True
D5,2,all,all,"first-hour MAE, schedule known at origin",lvlh5_naive,4.526096376764316,4.20114676952362,4.881115818023682,45981.0,True,648,33,wt_med,-0.135546330893896,-0.2209356427192688,-0.041365897655487066,-0.3525909662246704,-0.01630227565765381,45229.0,1.0,True
D5,2,all,all,"first-hour MAE, schedule known at origin",lvlh5_tft,4.14196001367054,3.7911853015422823,4.523469758033753,27797.0,True,414,33,wt_med,-0.2101528384279474,-0.32780578136444094,-0.10077465772628785,-0.6357739686965942,-0.011320239305496218,27480.0,0.6075747860885715,True
D5,2,all,all,"first-hour MAE, schedule known at origin",oracle_level,4.529112258022323,4.205731153488159,4.8860635638237,45872.0,True,648,33,wt_med,-0.13569252077562322,-0.2213200569152832,-0.04146791696548462,-0.3534111261367798,-0.016230380535125735,45125.0,0.9977005903292135,True
D5,2,all,all,"first-hour MAE, schedule known at origin",oracle_shape,4.102692685236948,3.814842790365219,4.418741357326508,45435.0,True,639,33,wt_med,-0.49667918297726477,-0.7462474942207337,-0.25375187397003174,-1.2869840145111084,0.09456181526184076,44587.0,0.9858055672245684,False
D5,2,all,all,"first-hour MAE, schedule known at origin",snaive7,5.410904023689253,5.003268218040466,5.854235243797302,40187.0,True,624,33,wt_med,0.8713824757997948,0.6478999018669128,1.107284390926361,0.528200900554657,1.2845213055610656,39979.0,0.8839240310420305,False
D5,2,all,all,"first-hour MAE, schedule known at origin",wt_med,4.633111499259325,4.310803282260895,4.982706737518311,45229.0,True,644,33,wt_med,,,,,,,,
D5,3,all,all,"first-hour MAE, schedule known at origin",chronos2,5.875441385743857,5.475857150554657,6.275558722019196,46887.0,True,672,33,wt_med,0.8719574334428319,0.6490676283836365,1.0847360610961914,0.527834415435791,1.210879361629486,45484.0,1.0,False
D5,3,all,all,"first-hour MAE, schedule known at origin",chronos2_grid,5.131668765218386,4.781332182884216,5.4737170219421385,46887.0,True,672,33,wt_med,0.12418456535081024,-0.10869553089141845,0.3219144940376281,-0.11086059808731079,0.3743369340896606,45484.0,1.0,False
D5,3,all,all,"first-hour MAE, schedule known at origin",chronos2_nocov,6.628854888748659,6.159097480773926,7.101083004474639,46887.0,True,672,33,wt_med,1.618633308319227,1.323945689201355,1.8751914858818055,1.031182014942169,2.375852608680725,45484.0,1.0,False
D5,3,all,all,"first-hour MAE, schedule known at origin",chronos2_owx,5.8373787791038385,5.446287679672241,6.248695886135101,46887.0,True,672,33,wt_med,0.8307172474954658,0.6117311000823975,1.045207154750824,0.48759491443634034,1.1713717460632325,45484.0,1.0,False
D5,3,all,all,"first-hour MAE, schedule known at origin",chronos2_owx_x_h5,4.740996806322399,4.390201795101166,5.086777412891388,46185.0,True,668,33,wt_med,-0.19674500923401617,-0.2783458590507507,-0.12034977674484254,-0.4346190094947815,-0.028123915195465102,45484.0,1.0,True
D5,3,all,all,"first-hour MAE, schedule known at origin",chronos2_x_h5,4.740996806322399,4.390201795101166,5.086777412891388,46185.0,True,668,33,wt_med,-0.19674500923401617,-0.2783458590507507,-0.12034977674484254,-0.4346190094947815,-0.028123915195465102,45484.0,1.0,True
D5,3,all,all,"first-hour MAE, schedule known at origin",clim,5.168666762479639,4.78538738489151,5.563028371334076,41748.0,True,622,33,wt_med,0.396564995670162,0.2868527412414551,0.5207359433174132,0.18412492275238038,0.6593645811080933,41572.0,0.9139917333567849,False
D5,3,all,all,"first-hour MAE, schedule known at origin",h5,4.740996806322399,4.390201795101166,5.086777412891388,46185.0,True,668,33,wt_med,-0.19674500923401617,-0.2783458590507507,-0.12034977674484254,-0.4346190094947815,-0.028123915195465102,45484.0,1.0,True
D5,3,all,all,"first-hour MAE, schedule known at origin",lvlh5_cbd,4.459752164892658,4.0404425144195555,4.909195268154145,22172.0,True,334,33,wt_med,-0.19018380333272322,-0.3199839472770691,-0.07405889034271246,-0.47272979021072387,-0.005197799205780031,21844.0,0.48025679359774864,True
D5,3,all,all,"first-hour MAE, schedule known at origin",lvlh5_naive,4.740996806322399,4.390201795101166,5.086777412891388,46185.0,True,668,33,wt_med,-0.19674500923401617,-0.2783458590507507,-0.12034977674484254,-0.4346190094947815,-0.028123915195465102,45484.0,1.0,True
D5,3,all,all,"first-hour MAE, schedule known at origin",lvlh5_tft,4.397529484073256,4.038608884811401,4.764911723136902,28066.0,True,428,33,wt_med,-0.2183830171635046,-0.3331390380859375,-0.1088842034339905,-0.547038722038269,-0.013368278741836548,27675.0,0.6084557206929909,True
D5,3,all,all,"first-hour MAE, schedule known at origin",oracle_level,4.747869719074291,4.3986653804779055,5.0918457269668576,46062.0,True,668,33,wt_med,-0.19707405774741016,-0.27887741327285764,-0.12041609287261963,-0.4358258008956909,-0.028039181232452404,45370.0,0.9974936241315627,True
D5,3,all,all,"first-hour MAE, schedule known at origin",oracle_shape,4.327551078435066,4.0389877438545225,4.598550772666931,45708.0,True,661,33,wt_med,-0.5704717598555478,-0.841664171218872,-0.2914694905281067,-1.3496272683143615,0.0654201805591583,44862.0,0.9863248614897546,False
D5,3,all,all,"first-hour MAE, schedule known at origin",prod_served,6.534318601676851,6.03195173740387,7.048146188259125,28148.0,True,427,33,wt_med,1.922980984744414,1.6523429870605468,2.2260309934616087,1.3390901982784271,2.6084728240966797,27662.0,0.6081699059009762,False
D5,3,all,all,"first-hour MAE, schedule known at origin",prod_served_lin,6.5065191132584905,6.017225301265716,7.011177098751068,28148.0,True,427,33,wt_med,1.8937441255151466,1.6243436813354493,2.184314286708832,1.3532223999500275,2.476809227466583,27662.0,0.6081699059009762,False
D5,3,all,all,"first-hour MAE, schedule known at origin",snaive7,5.616532777943073,5.147079873085022,6.067322933673859,40332.0,True,643,33,wt_med,0.6842793780524268,0.4262413740158081,0.9724900960922241,0.3803523600101471,1.0078040003776547,40132.0,0.8823322487028405,False
D5,3,all,all,"first-hour MAE, schedule known at origin",wt_med,4.926666520094979,4.5603169918060305,5.32281996011734,45484.0,True,663,33,wt_med,,,,,,,,
D5,4,all,all,"first-hour MAE, schedule known at origin",chronos2,6.054433420125866,5.618911015987396,6.531263387203216,40620.0,True,610,33,wt_med,0.9505362130777151,0.693003249168396,1.230048942565918,0.5386924982070923,1.4181941986083983,39713.0,1.0,False
D5,4,all,all,"first-hour MAE, schedule known at origin",chronos2_grid,4.978290244806347,4.618234884738922,5.356933498382569,40620.0,True,610,33,wt_med,-0.11471957006279876,-0.3084872841835022,0.08951188325881955,-0.35386110544204713,0.10046973824501038,39713.0,1.0,False
D5,4,all,all,"first-hour MAE, schedule known at origin",chronos2_nocov,6.991387148527956,6.466045022010803,7.529958438873291,40620.0,True,610,33,wt_med,1.8854139435250161,1.5483516812324525,2.230262875556946,1.0028190732002258,2.980948448181152,39713.0,1.0,False
D5,4,all,all,"first-hour MAE, schedule known at origin",chronos2_owx,6.026715703987242,5.593626010417938,6.490853536128998,40620.0,True,610,33,wt_med,0.9178953173297852,0.651244854927063,1.19921932220459,0.5210746645927429,1.372862124443054,39713.0,1.0,False
D5,4,all,all,"first-hour MAE, schedule known at origin",chronos2_owx_x_h5,4.880311469924905,4.529423320293427,5.245539200305939,40349.0,True,610,33,wt_med,-0.18766367436355846,-0.29230711460113523,-0.09308661222457887,-0.4711114168167114,-0.017465370893478403,39713.0,1.0,True
D5,4,all,all,"first-hour MAE, schedule known at origin",chronos2_x_h5,4.880311469924905,4.529423320293427,5.245539200305939,40349.0,True,610,33,wt_med,-0.18766367436355846,-0.29230711460113523,-0.09308661222457887,-0.4711114168167114,-0.017465370893478403,39713.0,1.0,True
D5,4,all,all,"first-hour MAE, schedule known at origin",clim,5.345130388504524,4.954182302951812,5.778061866760254,37580.0,True,590,33,wt_med,0.28053736131533213,0.1452935218811035,0.4159757852554321,0.06280049085617066,0.552517771720886,37405.0,0.9418830106010626,False
D5,4,all,all,"first-hour MAE, schedule known at origin",h5,4.880311469924905,4.529423320293427,5.245539200305939,40349.0,True,610,33,wt_med,-0.18766367436355846,-0.29230711460113523,-0.09308661222457887,-0.4711114168167114,-0.017465370893478403,39713.0,1.0,True
D5,4,all,all,"first-hour MAE, schedule known at origin",lvlh5_cbd,4.897414987405542,4.396491158008575,5.509917402267456,19850.0,True,313,33,wt_med,-0.2132051282051286,-0.4055745005607605,-0.04186370372772217,-0.6579441070556641,0.006176662445068341,19500.0,0.4910230906755974,False
D5,4,all,all,"first-hour MAE, schedule known at origin",lvlh5_naive,4.880311469924905,4.529423320293427,5.245539200305939,40349.0,True,610,33,wt_med,-0.18766367436355846,-0.29230711460113523,-0.09308661222457887,-0.4711114168167114,-0.017465370893478403,39713.0,1.0,True
D5,4,all,all,"first-hour MAE, schedule known at origin",lvlh5_tft,4.756144523165101,4.287491583824158,5.256800854206086,25124.0,True,397,33,wt_med,-0.21640735502121622,-0.37663103342056276,-0.07344150543212892,-0.6145739316940307,0.002239322662353511,24745.0,0.6230957117316748,False
D5,4,all,all,"first-hour MAE, schedule known at origin",oracle_level,4.873383700998659,4.520785999298096,5.239657783508301,40254.0,True,610,33,wt_med,-0.1886149449939447,-0.29396986961364746,-0.09342583417892455,-0.47243863344192505,-0.01751869916915894,39632.0,0.9979603656233476,True
D5,4,all,all,"first-hour MAE, schedule known at origin",oracle_shape,4.618953004190066,4.282384812831879,4.938635432720185,39211.0,True,595,33,wt_med,-0.46587645829875335,-0.8072628736495971,-0.15100905895233158,-1.3017642140388488,0.2427021741867065,38637.0,0.9729055976632337,False
D5,4,all,all,"first-hour MAE, schedule known at origin",prod_served,6.580119457299949,6.0281226396560665,7.156441569328308,25281.0,True,398,33,wt_med,1.586256839394915,1.2865915060043336,1.8958450317382811,0.9567183315753937,2.3262792706489557,24856.0,0.6258907662478281,False
D5,4,all,all,"first-hour MAE, schedule known at origin",prod_served_lin,6.588376646493414,6.046310377120972,7.159955453872681,25281.0,True,398,33,wt_med,1.5951078210492442,1.2871273040771485,1.9250169038772582,1.0418899655342102,2.3009020209312436,24856.0,0.6258907662478281,False
D5,4,all,all,"first-hour MAE, schedule known at origin",snaive7,6.052973069060528,5.491166067123413,6.615635299682617,33753.0,True,579,33,wt_med,0.9216835217132662,0.5680418491363526,1.3089975714683533,0.4797277867794037,1.5303633809089658,33620.0,0.8465741696673633,False
D5,4,all,all,"first-hour MAE, schedule known at origin",wt_med,5.053987359302999,4.700227773189544,5.414618492126465,39713.0,True,606,33,wt_med,,,,,,,,
D5,5,all,all,"first-hour MAE, schedule known at origin",chronos2,6.306849139512499,5.824098551273346,6.825612568855286,39916.0,True,596,33,wt_med,1.0093003911485674,0.7279104113578796,1.30390065908432,0.45175420045852666,1.6521606922149659,38961.0,1.0,False
D5,5,all,all,"first-hour MAE, schedule known at origin",chronos2_grid,5.106793496732734,4.719204509258271,5.509069883823394,39916.0,True,596,33,wt_med,-0.1749544241954588,-0.37663668394088745,0.041049408912658625,-0.5174743413925171,0.10317317247390742,38961.0,1.0,False
D5,5,all,all,"first-hour MAE, schedule known at origin",chronos2_nocov,7.218537627712903,6.6629276990890505,7.806490206718445,39916.0,True,596,33,wt_med,1.9093641008838373,1.5790487289428712,2.2649995803833005,0.9814879417419434,3.0511873483657834,38961.0,1.0,False
D5,5,all,all,"first-hour MAE, schedule known at origin",chronos2_owx,6.332204765912251,5.855865812301635,6.858601045608521,39916.0,True,596,33,wt_med,1.0345204519462428,0.7390364170074463,1.3311781644821168,0.42875279784202575,1.6827947378158568,38961.0,1.0,False
D5,5,all,all,"first-hour MAE, schedule known at origin",chronos2_owx_x_h5,5.049400053075873,4.646769094467163,5.468044507503509,39566.0,True,596,33,wt_med,-0.14989187905854617,-0.2532069444656372,-0.055700290203094485,-0.3661494731903076,-0.008324670791625986,38961.0,1.0,True
D5,5,all,all,"first-hour MAE, schedule known at origin",chronos2_x_h5,5.049400053075873,4.646769094467163,5.468044507503509,39566.0,True,596,33,wt_med,-0.14989187905854617,-0.2532069444656372,-0.055700290203094485,-0.3661494731903076,-0.008324670791625986,38961.0,1.0,True
D5,5,all,all,"first-hour MAE, schedule known at origin",clim,5.437342714111757,4.9899383068084715,5.872938132286071,36955.0,True,573,33,wt_med,0.28226990861618795,0.13940300941467287,0.42308344841003415,0.07459046840667725,0.5167098760604857,36768.0,0.9437129437129437,False
D5,5,all,all,"first-hour MAE, schedule known at origin",h5,5.049400053075873,4.646769094467163,5.468044507503509,39566.0,True,596,33,wt_med,-0.14989187905854617,-0.2532069444656372,-0.055700290203094485,-0.3661494731903076,-0.008324670791625986,38961.0,1.0,True
D5,5,all,all,"first-hour MAE, schedule known at origin",lvlh5_cbd,5.21648541320598,4.61047055721283,5.843114483356476,19264.0,True,302,33,wt_med,-0.13759402479076144,-0.3207546591758728,0.029927468299865694,-0.44570944309234617,0.0462220549583435,18878.0,0.4845358178691512,False
D5,5,all,all,"first-hour MAE, schedule known at origin",lvlh5_naive,5.049400053075873,4.646769094467163,5.468044507503509,39566.0,True,596,33,wt_med,-0.14989187905854617,-0.2532069444656372,-0.055700290203094485,-0.3661494731903076,-0.008324670791625986,38961.0,1.0,True
D5,5,all,all,"first-hour MAE, schedule known at origin",lvlh5_tft,4.9422528222304924,4.439787912368774,5.469120419025421,24183.0,True,383,33,wt_med,-0.15291323356314113,-0.3055101871490479,-0.017671370506286636,-0.45814623832702633,0.03802521228790282,23788.0,0.6105592772259439,False
D5,5,all,all,"first-hour MAE, schedule known at origin",oracle_level,5.044382382014498,4.637500441074371,5.4627517580986025,39454.0,True,596,33,wt_med,-0.15030853473348316,-0.2537924528121948,-0.05598204135894777,-0.36696271896362304,-0.008640837669372566,38853.0,0.9972279972279973,True
D5,5,all,all,"first-hour MAE, schedule known at origin",oracle_shape,4.907364675933207,4.539358520507813,5.299001014232635,38368.0,True,579,33,wt_med,-0.34652135569883225,-0.659823763370514,0.01586036682128903,-1.0670751810073853,0.330489772558212,37804.0,0.9703036369703036,False
D5,5,all,all,"first-hour MAE, schedule known at origin",prod_served,6.655111512712039,6.033351349830627,7.329540693759919,24347.0,True,384,33,wt_med,1.4661301140174379,1.1434370040893556,1.7769158363342286,0.7650855183601379,2.2931957125663756,23856.0,0.6123046123046123,False
D5,5,all,all,"first-hour MAE, schedule known at origin",prod_served_lin,6.66924056351912,6.039617896080017,7.321482861042022,24347.0,True,384,33,wt_med,1.4801045858484239,1.1414347648620606,1.8078664898872374,0.8079195261001587,2.2725925922393797,23856.0,0.6123046123046123,False
D5,5,all,all,"first-hour MAE, schedule known at origin",snaive7,5.723425441872044,5.230263948440552,6.240778493881225,32136.0,True,552,33,wt_med,0.4452362388897555,0.15090651512145997,0.7921513915061951,0.021765685081481932,0.9454123020172118,32065.0,0.8230024896691563,False
D5,5,all,all,"first-hour MAE, schedule known at origin",wt_med,5.190626523959858,4.794276714324951,5.595689570903778,38961.0,True,591,33,wt_med,,,,,,,,
D5,6,all,all,"first-hour MAE, schedule known at origin",chronos2,5.800775237522625,5.382166957855224,6.256877422332764,43331.0,True,631,33,wt_med,0.9402622089163799,0.6875122904777526,1.2165237545967102,0.5015353679656982,1.425444209575653,42408.0,1.0,False
D5,6,all,all,"first-hour MAE, schedule known at origin",chronos2_grid,4.819131857127729,4.476357436180114,5.188954758644104,43331.0,True,631,33,wt_med,-0.035294987372330056,-0.23388642072677612,0.17006219625473012,-0.2956314206123352,0.17060251832008352,42408.0,1.0,False
D5,6,all,all,"first-hour MAE, schedule known at origin",chronos2_nocov,6.745785430973702,6.240268540382385,7.274942314624786,43331.0,True,631,33,wt_med,1.8916733652842401,1.5510916590690613,2.2098886728286744,1.0848873734474183,2.903883373737335,42408.0,1.0,False
D5,6,all,all,"first-hour MAE, schedule known at origin",chronos2_owx,5.840024485742908,5.406737911701202,6.285373246669769,43331.0,True,631,33,wt_med,0.9789917974331717,0.7097527742385864,1.2450228691101073,0.5166507482528686,1.5071412563323974,42408.0,1.0,False
D5,6,all,all,"first-hour MAE, schedule known at origin",chronos2_owx_x_h5,4.6190559907941235,4.299671232700348,4.967792749404907,43016.0,True,631,33,wt_med,-0.1940096797774009,-0.29128012657165525,-0.10489188432693483,-0.46644179821014403,-0.019505423307418855,42408.0,1.0,True
D5,6,all,all,"first-hour MAE, schedule known at origin",chronos2_x_h5,4.6190559907941235,4.299671232700348,4.967792749404907,43016.0,True,631,33,wt_med,-0.1940096797774009,-0.29128012657165525,-0.10489188432693483,-0.46644179821014403,-0.019505423307418855,42408.0,1.0,True
D5,6,all,all,"first-hour MAE, schedule known at origin",clim,5.022871648659464,4.662122583389282,5.4070381164550785,39984.0,True,610,33,wt_med,0.18138253716700614,0.043015241622924805,0.31153645515441897,-0.042122161388397215,0.4346720576286316,39753.0,0.9373938879456706,False
D5,6,all,all,"first-hour MAE, schedule known at origin",h5,4.6190559907941235,4.299671232700348,4.967792749404907,43016.0,True,631,33,wt_med,-0.1940096797774009,-0.29128012657165525,-0.10489188432693483,-0.46644179821014403,-0.019505423307418855,42408.0,1.0,True
D5,6,all,all,"first-hour MAE, schedule known at origin",lvlh5_cbd,4.659591062394604,4.227047979831696,5.126779961585998,20755.0,True,320,33,wt_med,-0.20624327101889062,-0.3756405234336853,-0.06657252311706548,-0.5795419096946716,-0.003186619281768811,20434.0,0.4818430484814186,True
D5,6,all,all,"first-hour MAE, schedule known at origin",lvlh5_naive,4.6190559907941235,4.299671232700348,4.967792749404907,43016.0,True,631,33,wt_med,-0.1940096797774009,-0.29128012657165525,-0.10489188432693483,-0.46644179821014403,-0.019505423307418855,42408.0,1.0,True
D5,6,all,all,"first-hour MAE, schedule known at origin",lvlh5_tft,4.573120386576364,4.178102922439575,5.017016232013702,26282.0,True,406,33,wt_med,-0.23241750828771846,-0.38706945180892943,-0.10757211446762087,-0.6188802003860473,3.540515899654983e-06,25942.0,0.6117242029805697,False
D5,6,all,all,"first-hour MAE, schedule known at origin",oracle_level,4.619409772589022,4.296281254291534,4.966382896900177,42742.0,True,631,33,wt_med,-0.19397927344343202,-0.2938056468963623,-0.10501257181167603,-0.4653820753097534,-0.01774722933769227,42144.0,0.9937747594793436,True
D5,6,all,all,"first-hour MAE, schedule known at origin",oracle_shape,4.530239175172413,4.219331347942353,4.872013735771179,41903.0,True,616,33,wt_med,-0.26909540780182883,-0.5605063319206238,0.025138294696807822,-1.0773091793060303,0.45525831580162046,41345.0,0.9749339747217506,False
D5,6,all,all,"first-hour MAE, schedule known at origin",prod_served,6.278273359540369,5.786351096630097,6.816877603530884,26456.0,True,407,33,wt_med,1.4833025901160557,1.2012600779533387,1.7703137636184691,0.9201171278953553,2.153463625907898,26022.0,0.6136106395019808,False
D5,6,all,all,"first-hour MAE, schedule known at origin",prod_served_lin,6.324718400362866,5.8282580256462095,6.868494129180908,26456.0,True,407,33,wt_med,1.53045019598801,1.2492027401924133,1.8242083430290221,1.0134317874908447,2.139135468006134,26022.0,0.6136106395019808,False
D5,6,all,all,"first-hour MAE, schedule known at origin",snaive7,5.165399809290287,4.745251786708832,5.607799482345581,36705.0,True,599,33,wt_med,0.3620019170204021,0.06690152883529664,0.6577821612358093,0.041246557235717775,0.6684262871742248,36515.0,0.8610403697415582,False
D5,6,all,all,"first-hour MAE, schedule known at origin",wt_med,4.7868680437653275,4.444071805477142,5.1471745610237125,42408.0,True,626,33,wt_med,,,,,,,,
D5,7,all,all,"first-hour MAE, schedule known at origin",chronos2,6.348046034071592,5.875917541980743,6.840716826915741,41185.0,True,607,32,wt_med,1.0153055749613573,0.7176953911781311,1.3298179149627685,0.4762840986251831,1.648653197288513,40131.0,1.0,False
D5,7,all,all,"first-hour MAE, schedule known at origin",chronos2_grid,5.288646800729044,4.891801500320435,5.7181763529777525,41185.0,True,607,32,wt_med,-0.02391016674904467,-0.20877047777175903,0.17616941928863525,-0.29565541744232177,0.23405386209487908,40131.0,1.0,False
D5,7,all,all,"first-hour MAE, schedule known at origin",chronos2_nocov,7.250927120883502,6.674261593818665,7.850382256507873,41185.0,True,607,32,wt_med,1.9209463145480914,1.5525813221931457,2.3142679214477537,1.0072711110115051,3.1073742151260375,40131.0,1.0,False
D5,7,all,all,"first-hour MAE, schedule known at origin",chronos2_owx,6.372892112113672,5.912805461883545,6.877603387832641,41185.0,True,607,32,wt_med,1.0435943359340207,0.7363879084587097,1.3662752866744994,0.48661103248596194,1.6868448138237,40131.0,1.0,False
D5,7,all,all,"first-hour MAE, schedule known at origin",chronos2_owx_x_h5,5.0500610144963085,4.670202386379242,5.430105626583099,40769.0,True,605,32,wt_med,-0.2428624380155,-0.35424519777297975,-0.1308256030082703,-0.5441734194755554,-0.02353053092956544,40131.0,1.0,True
D5,7,all,all,"first-hour MAE, schedule known at origin",chronos2_x_h5,5.0500610144963085,4.670202386379242,5.430105626583099,40769.0,True,605,32,wt_med,-0.2428624380155,-0.35424519777297975,-0.1308256030082703,-0.5441734194755554,-0.02353053092956544,40131.0,1.0,True
D5,7,all,all,"first-hour MAE, schedule known at origin",clim,5.517244561634805,5.0813474416732785,5.973489892482758,37925.0,True,583,32,wt_med,0.2229317119796086,0.08371247053146362,0.36350175142288205,-0.09782087802886963,0.5740586757659912,37664.0,0.9385263262814283,False
D5,7,all,all,"first-hour MAE, schedule known at origin",h5,5.0500610144963085,4.670202386379242,5.430105626583099,40769.0,True,605,32,wt_med,-0.2428624380155,-0.35424519777297975,-0.1308256030082703,-0.5441734194755554,-0.02353053092956544,40131.0,1.0,True
D5,7,all,all,"first-hour MAE, schedule known at origin",lvlh5_cbd,4.850014364944538,4.369405579566956,5.340056681632996,20014.0,True,311,32,wt_med,-0.2941885241743192,-0.5036437392234803,-0.10413984060287478,-0.7422952055931091,0.00019154548645018894,19711.0,0.49116642994194015,False
D5,7,all,all,"first-hour MAE, schedule known at origin",lvlh5_naive,5.0500610144963085,4.670202386379242,5.430105626583099,40769.0,True,605,32,wt_med,-0.2428624380155,-0.35424519777297975,-0.1308256030082703,-0.5441734194755554,-0.02353053092956544,40131.0,1.0,True
D5,7,all,all,"first-hour MAE, schedule known at origin",lvlh5_tft,4.6249694836635875,4.215284729003907,5.054671251773835,24577.0,True,383,32,wt_med,-0.3089951344219033,-0.49218116998672484,-0.13980739116668703,-0.7513795137405396,-0.010155975818634056,24252.0,0.6043208492188084,True
D5,7,all,all,"first-hour MAE, schedule known at origin",oracle_level,5.016658359792267,4.654346978664398,5.411721968650818,40629.0,True,605,32,wt_med,-0.24347639940998533,-0.35452481508255007,-0.1312342524528504,-0.5462913990020752,-0.023607170581817643,39999.0,0.9967107722209763,True
D5,7,all,all,"first-hour MAE, schedule known at origin",oracle_shape,5.2427638684771525,4.8634455561637875,5.658464968204498,38961.0,True,580,32,wt_med,-0.03887847850629189,-0.3895487070083618,0.30160633325576774,-0.894882595539093,0.692778742313385,38359.0,0.9558446089058334,False
D5,7,all,all,"first-hour MAE, schedule known at origin",prod_served,6.815738498789346,6.2853775262832645,7.378830969333649,24780.0,True,383,32,wt_med,1.8655450100661488,1.5389655828475952,2.2223552942276,1.2332497835159302,2.645547568798065,24339.0,0.6064887493458923,False
D5,7,all,all,"first-hour MAE, schedule known at origin",prod_served_lin,6.867731033091203,6.355568420886994,7.426747131347656,24780.0,True,383,32,wt_med,1.9166820740375528,1.576713502407074,2.2680107831954954,1.3487751841545106,2.6094815492630006,24339.0,0.6064887493458923,False
D5,7,all,all,"first-hour MAE, schedule known at origin",wt_med,5.2789240238219834,4.8716063618659975,5.683095169067383,40131.0,True,601,32,wt_med,,,,,,,,
D5,10,all,all,"first-hour MAE, schedule known at origin",chronos2_owx_x_h5,4.7509302582083315,4.3805852174758915,5.105369389057159,43066.0,True,626,32,wt_med,-0.23619725575769124,-0.32797626256942747,-0.14630261659622196,-0.5113110423088074,-0.035356116294860844,42161.0,1.0,True
D5,10,all,all,"first-hour MAE, schedule known at origin",chronos2_x_h5,4.7509302582083315,4.3805852174758915,5.105369389057159,43066.0,True,626,32,wt_med,-0.23619725575769124,-0.32797626256942747,-0.14630261659622196,-0.5113110423088074,-0.035356116294860844,42161.0,1.0,True
D5,10,all,all,"first-hour MAE, schedule known at origin",clim,5.1633500672808195,4.770010662078858,5.577056014537812,38644.0,True,578,32,wt_med,0.31210298864938046,0.20964667797088624,0.4271448850631714,0.08427640199661254,0.5795244693756103,38412.0,0.9110789592277223,False
D5,10,all,all,"first-hour MAE, schedule known at origin",h5,4.7509302582083315,4.3805852174758915,5.105369389057159,43066.0,True,626,32,wt_med,-0.23619725575769124,-0.32797626256942747,-0.14630261659622196,-0.5113110423088074,-0.035356116294860844,42161.0,1.0,True
D5,10,all,all,"first-hour MAE, schedule known at origin",lvlh5_cbd,4.483140418853303,4.0402923941612245,4.94447546005249,20389.0,True,312,32,wt_med,-0.29945758625885155,-0.4409643054008484,-0.16849683523178102,-0.7049086332321167,-0.024368941783905043,19911.0,0.47226109437631936,True
D5,10,all,all,"first-hour MAE, schedule known at origin",lvlh5_naive,4.7509302582083315,4.3805852174758915,5.105369389057159,43066.0,True,626,32,wt_med,-0.23619725575769124,-0.32797626256942747,-0.14630261659622196,-0.5113110423088074,-0.035356116294860844,42161.0,1.0,True
D5,10,all,all,"first-hour MAE, schedule known at origin",lvlh5_tft,4.464439353315459,4.069016003608704,4.885803616046905,24989.0,True,383,32,wt_med,-0.2760031085115955,-0.41069512367248534,-0.14302220940589905,-0.6800943493843078,-0.02321207523345948,24449.0,0.5798961125210502,True
D5,10,all,all,"first-hour MAE, schedule known at origin",oracle_level,4.755472806221043,4.384602451324463,5.117860651016235,42951.0,True,626,32,wt_med,-0.23660862897089618,-0.3286594033241272,-0.1464000821113587,-0.5119893431663514,-0.03542144298553467,42056.0,0.9975095467375062,True
D5,10,all,all,"first-hour MAE, schedule known at origin",oracle_shape,4.3583325634840016,4.0667882561683655,4.645781767368317,42682.0,True,617,32,wt_med,-0.6074541878598971,-0.9252559781074524,-0.3038714051246643,-1.52385972738266,0.10195994377136225,41582.0,0.9862669291525343,False
D5,10,all,all,"first-hour MAE, schedule known at origin",prod_served,6.586845872435184,5.99782909154892,7.133478713035584,25148.0,True,382,32,wt_med,1.8417397361304602,1.5221418380737304,2.154408586025238,1.2347512066364288,2.485334432125091,24406.0,0.5788762126135528,False
D5,10,all,all,"first-hour MAE, schedule known at origin",prod_served_lin,6.56236579449658,5.994692218303681,7.1026221990585325,25148.0,True,382,32,wt_med,1.8152093747439162,1.517715334892273,2.106184184551239,1.2402505159378052,2.4346875309944154,24406.0,0.5788762126135528,False
D5,10,all,all,"first-hour MAE, schedule known at origin",wt_med,4.9895756742012765,4.605646884441375,5.376322877407074,42161.0,True,616,32,wt_med,,,,,,,,
D5,14,all,all,"first-hour MAE, schedule known at origin",chronos2_owx_x_h5,5.005211529738239,4.616339790821075,5.38689968585968,37477.0,True,560,31,wt_med,-0.2710281010657143,-0.3863549709320068,-0.16162514686584475,-0.5775283575057983,-0.04117759466171274,36689.0,1.0,True
D5,14,all,all,"first-hour MAE, schedule known at origin",chronos2_x_h5,5.005211529738239,4.616339790821075,5.38689968585968,37477.0,True,560,31,wt_med,-0.2710281010657143,-0.3863549709320068,-0.16162514686584475,-0.5775283575057983,-0.04117759466171274,36689.0,1.0,True
D5,14,all,all,"first-hour MAE, schedule known at origin",clim,5.397949162333911,4.9641993880271915,5.821672534942627,34620.0,True,539,31,wt_med,0.1608137669534786,0.014557826519012452,0.2994288206100464,-0.15691906213760376,0.46580983400344844,34285.0,0.9344762735424786,False
D5,14,all,all,"first-hour MAE, schedule known at origin",h5,5.005211529738239,4.616339790821075,5.38689968585968,37477.0,True,560,31,wt_med,-0.2710281010657143,-0.3863549709320068,-0.16162514686584475,-0.5775283575057983,-0.04117759466171274,36689.0,1.0,True
D5,14,all,all,"first-hour MAE, schedule known at origin",lvlh5_cbd,4.760583733317724,4.263269364833832,5.278002560138702,17084.0,True,271,31,wt_med,-0.332154205887643,-0.5658777952194214,-0.12850157022476197,-0.7965173602104187,-0.02368198633193972,16679.0,0.45460492245632206,True
D5,14,all,all,"first-hour MAE, schedule known at origin",lvlh5_naive,5.005211529738239,4.616339790821075,5.38689968585968,37477.0,True,560,31,wt_med,-0.2710281010657143,-0.3863549709320068,-0.16162514686584475,-0.5775283575057983,-0.04117759466171274,36689.0,1.0,True
D5,14,all,all,"first-hour MAE, schedule known at origin",lvlh5_tft,4.52562958035756,4.10773218870163,4.954581546783447,21423.0,True,341,31,wt_med,-0.3592350923985528,-0.5505788564682007,-0.18068140745162964,-0.8172946691513061,-0.0338028371334076,20996.0,0.5722696175965548,True
D5,14,all,all,"first-hour MAE, schedule known at origin",oracle_level,4.968804400224966,4.5938561201095585,5.332320642471314,37339.0,True,560,31,wt_med,-0.27173318379516953,-0.3872958183288574,-0.16102143526077273,-0.5783876061439515,-0.041145050525665375,36557.0,0.9964021913925155,True
D5,14,all,all,"first-hour MAE, schedule known at origin",oracle_shape,5.368928997204712,4.949999809265137,5.769072878360748,35436.0,True,531,31,wt_med,0.12212560535975214,-0.249724280834198,0.48635314702987664,-0.78033047914505,0.9211003184318542,34737.0,0.9467960424105317,False
D5,14,all,all,"first-hour MAE, schedule known at origin",prod_served,6.669345846496934,6.070768046379089,7.278366601467132,21524.0,True,339,31,wt_med,1.7973366426423558,1.4515294790267945,2.1754762887954713,1.1398058354854583,2.573978328704834,20951.0,0.5710430919349123,False
D5,14,all,all,"first-hour MAE, schedule known at origin",prod_served_lin,6.730248792046088,6.126054835319519,7.340767073631286,21524.0,True,339,31,wt_med,1.858890983723927,1.4957121849060058,2.2348848581314087,1.2549819588661193,2.6014007091522218,20951.0,0.5710430919349123,False
D5,14,all,all,"first-hour MAE, schedule known at origin",wt_med,5.270694213524489,4.862675261497498,5.6649474740028385,36689.0,True,554,31,wt_med,,,,,,,,
D5,21,all,all,"first-hour MAE, schedule known at origin",chronos2_owx_x_h5,4.970802984607506,4.588815295696259,5.375697338581086,35147.0,True,527,30,wt_med,-0.2553104336122658,-0.3575930118560791,-0.15924836397171024,-0.5346527457237243,-0.047842788696289135,34178.0,1.0,True
D5,21,all,all,"first-hour MAE, schedule known at origin",chronos2_x_h5,4.970802984607506,4.588815295696259,5.375697338581086,35147.0,True,527,30,wt_med,-0.2553104336122658,-0.3575930118560791,-0.15924836397171024,-0.5346527457237243,-0.047842788696289135,34178.0,1.0,True
D5,21,all,all,"first-hour MAE, schedule known at origin",clim,5.4273903889026505,4.974133503437042,5.869740009307861,32296.0,True,503,30,wt_med,0.2270915083974261,0.0918757438659668,0.36323205232620237,-0.0861266791820526,0.5548868060111999,31855.0,0.9320323014804845,False
D5,21,all,all,"first-hour MAE, schedule known at origin",h5,4.970802984607506,4.588815295696259,5.375697338581086,35147.0,True,527,30,wt_med,-0.2553104336122658,-0.3575930118560791,-0.15924836397171024,-0.5346527457237243,-0.047842788696289135,34178.0,1.0,True
D5,21,all,all,"first-hour MAE, schedule known at origin",lvlh5_cbd,4.771665696922679,4.267117559909821,5.315013539791107,15468.0,True,244,30,wt_med,-0.292760734141603,-0.4925891160964966,-0.12105722427368167,-0.6978425145149231,-0.017612242698669473,14929.0,0.43680145122593483,True
D5,21,all,all,"first-hour MAE, schedule known at origin",lvlh5_naive,4.970802984607506,4.588815295696259,5.375697338581086,35147.0,True,527,30,wt_med,-0.2553104336122658,-0.3575930118560791,-0.15924836397171024,-0.5346527457237243,-0.047842788696289135,34178.0,1.0,True
D5,21,all,all,"first-hour MAE, schedule known at origin",lvlh5_tft,4.5850759224709785,4.130183863639831,5.050762355327606,19296.0,True,307,30,wt_med,-0.32652639163153196,-0.5007433652877807,-0.1719323992729187,-0.732519781589508,-0.03431655168533326,18737.0,0.5482181520276201,True
D5,21,all,all,"first-hour MAE, schedule known at origin",oracle_level,4.93186604134544,4.541427671909332,5.334414315223694,35022.0,True,527,30,wt_med,-0.2561441113427483,-0.35856090784072875,-0.1599510550498963,-0.536028516292572,-0.048114424943924025,34057.0,0.9964597109251565,True
D5,21,all,all,"first-hour MAE, schedule known at origin",oracle_shape,5.542280076036866,5.144566857814789,5.950039207935333,33022.0,True,496,30,wt_med,0.3102795604648181,-0.05549107789993285,0.6375531315803528,-0.4711107611656189,1.0436810135841366,32113.0,0.9395810170284978,False
D5,21,all,all,"first-hour MAE, schedule known at origin",prod_served,6.76183622063435,6.16274995803833,7.396156799793244,19453.0,True,305,30,wt_med,1.797949046627143,1.4709833025932313,2.1682516098022457,1.2176923513412476,2.4931291818618773,18723.0,0.5478085318040845,False
D5,21,all,all,"first-hour MAE, schedule known at origin",prod_served_lin,6.836753971109855,6.226599633693695,7.477429056167603,19453.0,True,305,30,wt_med,1.8751201730491909,1.5324501276016236,2.2677953243255615,1.3360982716083527,2.5443190336227417,18723.0,0.5478085318040845,False
D5,21,all,all,"first-hour MAE, schedule known at origin",wt_med,5.215548013341916,4.809762537479401,5.636732864379883,34178.0,True,518,30,wt_med,,,,,,,,
D5,30,all,all,"first-hour MAE, schedule known at origin",chronos2_owx_x_h5,4.431094156045044,4.056800007820129,4.811907172203064,32324.0,True,471,29,wt_med,-0.20302227020755392,-0.32021613121032716,-0.10526864528656008,-0.5268714189529419,-0.0331546187400818,31028.0,1.0,True
D5,30,all,all,"first-hour MAE, schedule known at origin",chronos2_x_h5,4.431094156045044,4.056800007820129,4.811907172203064,32324.0,True,471,29,wt_med,-0.20302227020755392,-0.32021613121032716,-0.10526864528656008,-0.5268714189529419,-0.0331546187400818,31028.0,1.0,True
D5,30,all,all,"first-hour MAE, schedule known at origin",clim,4.821308457535314,4.369097363948822,5.230553507804871,28247.0,True,432,29,wt_med,0.3510043450388203,0.23183445930480956,0.48032691478729245,0.09957611560821533,0.6495067596435546,28078.0,0.904924584246487,False
D5,30,all,all,"first-hour MAE, schedule known at origin",h5,4.431094156045044,4.056800007820129,4.811907172203064,32324.0,True,471,29,wt_med,-0.20302227020755392,-0.32021613121032716,-0.10526864528656008,-0.5268714189529419,-0.0331546187400818,31028.0,1.0,True
D5,30,all,all,"first-hour MAE, schedule known at origin",lvlh5_cbd,4.174318446468936,3.6928368389606474,4.674273574352265,14599.0,True,218,29,wt_med,-0.2135736744318999,-0.4077844977378845,-0.06446088552474978,-0.6695176005363465,-0.0024079144001007105,13994.0,0.45101198917107127,True
D5,30,all,all,"first-hour MAE, schedule known at origin",lvlh5_naive,4.431094156045044,4.056800007820129,4.811907172203064,32324.0,True,471,29,wt_med,-0.20302227020755392,-0.32021613121032716,-0.10526864528656008,-0.5268714189529419,-0.0331546187400818,31028.0,1.0,True
D5,30,all,all,"first-hour MAE, schedule known at origin",lvlh5_tft,3.975486650006576,3.520393359661102,4.459821105003357,15206.0,True,231,29,wt_med,-0.2263466850828726,-0.4218433856964111,-0.06713050603866579,-0.7544251799583435,0.023343932628631582,14480.0,0.4666752610545314,False
D5,30,all,all,"first-hour MAE, schedule known at origin",oracle_level,4.431557497828515,4.061331713199616,4.815867590904236,32236.0,True,471,29,wt_med,-0.20308864400206783,-0.320300817489624,-0.10558475255966192,-0.52682546377182,-0.03234058618545532,30944.0,0.9972927678226118,True
D5,30,all,all,"first-hour MAE, schedule known at origin",oracle_shape,4.259382226193641,3.8980132758617403,4.638859832286835,31930.0,True,463,29,wt_med,-0.3781776883647501,-0.6640361070632934,-0.07465984821319584,-1.215192401409149,0.2386801183223724,30504.0,0.9831120278458166,False
D5,30,all,all,"first-hour MAE, schedule known at origin",prod_served,7.338798158774198,6.585399425029754,8.197168564796447,15859.0,True,240,29,wt_med,3.0672885406984465,2.596292865276337,3.5620253801345827,2.1334536552429197,4.137723731994629,15062.0,0.48543251256929226,False
D5,30,all,all,"first-hour MAE, schedule known at origin",prod_served_lin,7.364390882148937,6.635098886489868,8.212147951126099,15859.0,True,240,29,wt_med,3.093779046607356,2.617231863737106,3.577460241317749,2.215195173025131,4.003502941131591,15062.0,0.48543251256929226,False
D5,30,all,all,"first-hour MAE, schedule known at origin",wt_med,4.608933866185381,4.194771718978882,5.018348681926727,31028.0,True,457,29,wt_med,,,,,,,,
D5,45,all,all,"first-hour MAE, schedule known at origin",chronos2_owx_x_h5,4.692554871378666,4.2925360083580015,5.110487449169159,28339.0,True,413,27,wt_med,-0.25007147863941626,-0.38912904262542725,-0.13787074089050294,-0.6341214179992676,-0.03725439906120304,27106.0,1.0,True
D5,45,all,all,"first-hour MAE, schedule known at origin",chronos2_x_h5,4.692554871378666,4.2925360083580015,5.110487449169159,28339.0,True,413,27,wt_med,-0.25007147863941626,-0.38912904262542725,-0.13787074089050294,-0.6341214179992676,-0.03725439906120304,27106.0,1.0,True
D5,45,all,all,"first-hour MAE, schedule known at origin",clim,5.209481245663443,4.680827701091767,5.748519909381867,24501.0,True,376,27,wt_med,0.36015333524660686,0.21545224189758302,0.5188295245170593,0.07146416902542115,0.7124169707298278,24391.0,0.8998376743156496,False
D5,45,all,all,"first-hour MAE, schedule known at origin",h5,4.692554871378666,4.2925360083580015,5.110487449169159,28339.0,True,413,27,wt_med,-0.25007147863941626,-0.38912904262542725,-0.13787074089050294,-0.6341214179992676,-0.03725439906120304,27106.0,1.0,True
D5,45,all,all,"first-hour MAE, schedule known at origin",lvlh5_cbd,9.805923694779116,8.567885184288025,11.301261758804321,1245.0,True,39,27,wt_med,-0.48400328137817894,-1.0409736633300781,-0.046144342422485385,-1.4523801803588867,-0.05154609680175781,1219.0,0.044971593005238696,True
D5,45,all,all,"first-hour MAE, schedule known at origin",lvlh5_naive,4.692554871378666,4.2925360083580015,5.110487449169159,28339.0,True,413,27,wt_med,-0.25007147863941626,-0.38912904262542725,-0.13787074089050294,-0.6341214179992676,-0.03725439906120304,27106.0,1.0,True
D5,45,all,all,"first-hour MAE, schedule known at origin",lvlh5_tft,4.066448382126349,3.4945743560791014,4.68029134273529,9735.0,True,146,27,wt_med,-0.3137646432374863,-0.5510725319385529,-0.1293137788772583,-0.8077282309532166,-0.023256772756576578,9390.0,0.34641776728399615,True
D5,45,all,all,"first-hour MAE, schedule known at origin",oracle_level,4.6969346302262185,4.297356581687927,5.115698313713073,28247.0,True,413,27,wt_med,-0.2502660558948726,-0.38986527919769287,-0.13746248483657839,-0.635453712940216,-0.036824405193328906,27015.0,0.9966428097100273,True
D5,45,all,all,"first-hour MAE, schedule known at origin",oracle_shape,4.408702148420862,4.026163685321808,4.8392740249633786,27859.0,True,406,27,wt_med,-0.5439902524562621,-0.9398785829544067,-0.14995965957641608,-1.4473944544792174,0.14618157148361202,26632.0,0.982513096731351,False
D5,45,all,all,"first-hour MAE, schedule known at origin",prod_served,6.811831649170999,5.933323037624359,7.782397782802581,10193.0,True,158,27,wt_med,2.1122428088852496,1.543144905567169,2.6713186740875243,1.1891988575458527,3.0982461690902707,9769.0,0.36039991145871764,False
D5,45,all,all,"first-hour MAE, schedule known at origin",prod_served_lin,6.788899244579613,5.92028238773346,7.7153511285781855,10193.0,True,158,27,wt_med,2.0885070119766613,1.5183714747428894,2.630125033855438,1.253406172990799,3.049600529670715,9769.0,0.36039991145871764,False
D5,45,all,all,"first-hour MAE, schedule known at origin",wt_med,4.985538257212426,4.541309869289398,5.474510264396668,27106.0,True,400,27,wt_med,,,,,,,,
D5,60,all,all,"first-hour MAE, schedule known at origin",chronos2_owx_x_h5,4.594384819373562,4.114781212806702,5.095374608039856,19986.0,True,300,25,wt_med,-0.08294253290496378,-0.16567181348800658,-0.014944279193878193,-0.29343862533569337,0.04151428937911986,19298.0,1.0,False
D5,60,all,all,"first-hour MAE, schedule known at origin",chronos2_x_h5,4.594384819373562,4.114781212806702,5.095374608039856,19986.0,True,300,25,wt_med,-0.08294253290496378,-0.16567181348800658,-0.014944279193878193,-0.29343862533569337,0.04151428937911986,19298.0,1.0,False
D5,60,all,all,"first-hour MAE, schedule known at origin",clim,4.734808702175544,4.224965500831604,5.280895531177521,17329.0,True,267,25,wt_med,0.026921293613074937,-0.1336091637611389,0.204785680770874,-0.3562066316604614,0.4921615839004516,17254.0,0.8940822883200331,False
D5,60,all,all,"first-hour MAE, schedule known at origin",h5,4.594384819373562,4.114781212806702,5.095374608039856,19986.0,True,300,25,wt_med,-0.08294253290496378,-0.16567181348800658,-0.014944279193878193,-0.29343862533569337,0.04151428937911986,19298.0,1.0,False
D5,60,all,all,"first-hour MAE, schedule known at origin",lvlh5_naive,4.594384819373562,4.114781212806702,5.095374608039856,19986.0,True,300,25,wt_med,-0.08294253290496378,-0.16567181348800658,-0.014944279193878193,-0.29343862533569337,0.04151428937911986,19298.0,1.0,False
D5,60,all,all,"first-hour MAE, schedule known at origin",lvlh5_tft,0.0,0.0,0.0,395.0,True,9,25,wt_med,0.0,0.0,0.0,0.0,0.0,395.0,0.0204684423256296,False
D5,60,all,all,"first-hour MAE, schedule known at origin",oracle_level,4.6001140865553385,4.121982085704803,5.101770865917206,19941.0,True,300,25,wt_med,-0.08299792261750216,-0.16602802276611328,-0.014878678321838396,-0.29389728307724,0.04182008504867553,19255.0,0.9977717898227796,False
D5,60,all,all,"first-hour MAE, schedule known at origin",oracle_shape,5.161777677255279,4.652212190628052,5.687639760971069,18289.0,True,274,25,wt_med,0.41589953553699743,-0.029947078227996825,0.8291426181793213,-0.5031384348869323,1.1502196669578553,18000.0,0.9327391439527413,False
D5,60,all,all,"first-hour MAE, schedule known at origin",prod_served,0.05390835579514825,0.0,0.23543586209416376,371.0,True,9,25,wt_med,0.05390835579514825,0.0,0.23543586209416376,0.0,1.3333333730697632,371.0,0.01922479013369261,False
D5,60,all,all,"first-hour MAE, schedule known at origin",prod_served_lin,0.05390835579514825,0.0,0.23543586209416376,371.0,True,9,25,wt_med,0.05390835579514825,0.0,0.23543586209416376,0.0,1.3333333730697632,371.0,0.01922479013369261,False
D5,60,all,all,"first-hour MAE, schedule known at origin",wt_med,4.688776038967768,4.178056120872498,5.239550232887268,19298.0,True,290,25,wt_med,,,,,,,,
D5,90,all,all,"first-hour MAE, schedule known at origin",chronos2_owx_x_h5,4.33266612291098,3.6974719285964968,5.013646340370178,15019.0,True,192,21,wt_med,-0.07282240795744954,-0.15368885993957518,-0.007460427284240734,-0.28891949653625487,0.009799692034721374,14477.0,1.0,False
D5,90,all,all,"first-hour MAE, schedule known at origin",chronos2_x_h5,4.33266612291098,3.6974719285964968,5.013646340370178,15019.0,True,192,21,wt_med,-0.07282240795744954,-0.15368885993957518,-0.007460427284240734,-0.28891949653625487,0.009799692034721374,14477.0,1.0,False
D5,90,all,all,"first-hour MAE, schedule known at origin",clim,4.444560265616555,3.8746135592460633,5.108482694625854,12951.0,True,173,21,wt_med,-0.09324261635998177,-0.3499772667884827,0.1376230478286743,-0.5694463372230529,0.20835107564926142,12934.0,0.893417144436002,False
D5,90,all,all,"first-hour MAE, schedule known at origin",h5,4.33266612291098,3.6974719285964968,5.013646340370178,15019.0,True,192,21,wt_med,-0.07282240795744954,-0.15368885993957518,-0.007460427284240734,-0.28891949653625487,0.009799692034721374,14477.0,1.0,False
D5,90,all,all,"first-hour MAE, schedule known at origin",lvlh5_naive,4.33266612291098,3.6974719285964968,5.013646340370178,15019.0,True,192,21,wt_med,-0.07282240795744954,-0.15368885993957518,-0.007460427284240734,-0.28891949653625487,0.009799692034721374,14477.0,1.0,False
D5,90,all,all,"first-hour MAE, schedule known at origin",oracle_level,4.3613675343018565,3.735903126001358,5.057899034023285,14868.0,True,192,21,wt_med,-0.07357970407593495,-0.15709400177001953,-0.007488405704498301,-0.292783722281456,0.009901347756385803,14328.0,0.9897078123920702,False
D5,90,all,all,"first-hour MAE, schedule known at origin",oracle_shape,4.606296194230462,3.987395465373993,5.2691213369369505,14102.0,True,180,21,wt_med,0.20481085697568346,-0.27157896757125854,0.631092882156372,-0.8321357369422913,0.900356078147888,13927.0,0.9620087034606617,False
D5,90,all,all,"first-hour MAE, schedule known at origin",wt_med,4.420460040063549,3.7725399851799013,5.127211844921112,14477.0,True,184,21,wt_med,,,,,,,,
UC3,0,all,all,"MAE, schedule projected at origin",chronos2,6.192289819130049,5.903403699398041,6.50879956483841,171865.0,True,174,33,wt_med,-0.4014538422513514,-0.6365999937057495,-0.16153128147125254,-0.810347318649292,-0.09881637096405031,170583.0,0.9839983386883714,True
UC3,0,all,all,"MAE, schedule projected at origin",chronos2_grid,5.954342158149459,5.66285229921341,6.292485904693604,171865.0,True,174,33,wt_med,-0.637344875722456,-0.9068861126899719,-0.3785817027091981,-1.112177801132202,-0.30809226036071785,170583.0,0.9839983386883714,True
UC3,0,all,all,"MAE, schedule projected at origin",chronos2_nocov,6.4294408634717275,6.096536350250244,6.787725615501404,171865.0,True,174,33,wt_med,-0.16459904731301478,-0.44643354415893555,0.1137001633644104,-0.5583782076835632,0.1881800055503844,170583.0,0.9839983386883714,False
UC3,0,all,all,"MAE, schedule projected at origin",chronos2_owx,6.155836052473287,5.870595443248749,6.455406510829926,171865.0,True,174,33,wt_med,-0.43915418966568875,-0.6851842641830445,-0.1985079169273377,-0.8795050859451294,-0.16098527908325197,170583.0,0.9839983386883714,True
UC3,0,all,all,"MAE, schedule projected at origin",clim,7.134865521912209,6.754807984828949,7.595903849601745,169061.0,True,171,33,wt_med,0.5117890296858425,0.34590868949890136,0.69220472574234,0.33215831518173217,0.8916439533233642,168801.0,0.9737189729863807,False
UC3,0,all,all,"MAE, schedule projected at origin",h5,6.59986262155475,6.1913053631782535,7.012080442905426,173790.0,True,173,33,wt_med,0.022263306356247625,0.0003631472587585452,0.04591588973999023,0.003969037532806398,0.07352089881896967,173357.0,1.0,False
UC3,0,all,all,"MAE, schedule projected at origin",lvlh5_cbd,7.927810548095321,7.324309229850769,8.577329087257384,83255.0,True,77,33,wt_med,2.0301455223759097,1.493767213821411,2.567809271812439,1.4931571006774902,3.001790630817412,83168.0,0.47974988030480453,False
UC3,0,all,all,"MAE, schedule projected at origin",lvlh5_naive,7.224724758845337,6.846974229812622,7.662365508079529,168730.0,True,173,33,wt_med,0.6006860016267828,0.46220897436141967,0.7542657613754272,0.41468971967697144,0.7345796465873718,168584.0,0.9724672208217724,False
UC3,0,all,all,"MAE, schedule projected at origin",lvlh5_tft,6.046301868081781,5.666580927371979,6.516998147964477,98231.0,True,97,33,wt_med,0.12936892424971624,-0.15303221940994263,0.41955131292343134,-0.1005927562713623,0.657408821582794,98042.0,0.565549703790444,False
UC3,0,all,all,"MAE, schedule projected at origin",oracle_level,5.233085524783675,4.996844470500946,5.49004579782486,173243.0,True,173,33,wt_med,-1.3583161533808283,-1.6197227716445923,-1.0976874351501464,-2.008162808418274,-1.1268614411354065,172909.0,0.9974157374666152,True
UC3,0,all,all,"MAE, schedule projected at origin",oracle_shape,5.343609922708318,4.926037120819092,5.829483354091645,168404.0,True,170,33,wt_med,-1.2846754738455362,-1.5361645221710205,-0.9994026303291321,-1.6582276701927186,-0.7345829129219059,168105.0,0.9697041365505864,True
UC3,0,all,all,"MAE, schedule projected at origin",snaive7,8.422151493314116,7.937635886669159,8.943132376670837,149868.0,True,171,33,wt_med,1.7575862782670235,1.3856637477874756,2.157229208946228,1.2517141103744507,2.055910384654999,149777.0,0.8639801104080019,False
UC3,0,all,all,"MAE, schedule projected at origin",wt_med,6.5869275541224175,6.181960797309875,6.996974229812622,173357.0,True,173,33,wt_med,,,,,,,,
UC3,1,all,all,"MAE, schedule projected at origin",chronos2,6.504530910706427,6.097070801258087,7.013234627246857,193969.0,True,201,33,wt_med,-0.4633509724127478,-0.7309548139572144,-0.21653889417648323,-0.8111606359481811,-0.21511033773422245,192006.0,0.9714641328435688,True
UC3,1,all,all,"MAE, schedule projected at origin",chronos2_grid,6.265478282566288,5.868882262706757,6.763062214851379,193969.0,True,201,33,wt_med,-0.7023057270244752,-0.9667823553085327,-0.4533146977424622,-1.1872522234916687,-0.44188309907913215,192006.0,0.9714641328435688,True
UC3,1,all,all,"MAE, schedule projected at origin",chronos2_nocov,6.870599767447374,6.421666514873505,7.4330284833908085,193969.0,True,201,33,wt_med,-0.09722068171381348,-0.3897372245788574,0.18764221668243403,-0.375003182888031,0.1345760107040405,192006.0,0.9714641328435688,False
UC3,1,all,all,"MAE, schedule projected at origin",chronos2_owx,6.494221698052362,6.085063946247101,7.000152051448822,193969.0,True,201,33,wt_med,-0.47378965228174863,-0.7437167882919311,-0.22759156227111826,-0.8337624073028564,-0.23588718175888063,192006.0,0.9714641328435688,True
UC3,1,all,all,"MAE, schedule projected at origin",chronos2_owx_x_h5,6.631506308236303,6.224909806251526,7.141479325294495,198051.0,True,200,33,wt_med,-0.3560246198617616,-0.5411591291427612,-0.17140523195266733,-0.659485912322998,-0.1436551213264466,197556.0,0.9995446404177165,True
UC3,1,all,all,"MAE, schedule projected at origin",chronos2_x_h5,6.638472930516791,6.231079423427582,7.152867376804352,198051.0,True,200,33,wt_med,-0.3490836581072605,-0.5369381308555603,-0.16228878498077398,-0.6584551334381104,-0.12647428512573244,197556.0,0.9995446404177165,True
UC3,1,all,all,"MAE, schedule projected at origin",clim,7.528892909352936,7.013007497787475,8.156052899360656,192902.0,True,198,33,wt_med,0.5171133623672537,0.3514718174934387,0.6859992504119873,0.3035192251205444,0.7091309189796448,192189.0,0.9723900306608786,False
UC3,1,all,all,"MAE, schedule projected at origin",h5,6.996648745384103,6.492543363571167,7.6481382012367245,198228.0,True,200,33,wt_med,0.014275206682654584,-0.007109737396240234,0.03688864707946777,-0.0014073729515075683,0.06120618581771849,197646.0,1.0,False
UC3,1,all,all,"MAE, schedule projected at origin",lvlh5_cbd,7.6999874253098515,7.081624710559845,8.43045392036438,93946.0,True,92,33,wt_med,1.4863833503961121,0.9646241068840027,2.1013966917991636,0.7573423385620117,2.8518498897552487,93807.0,0.4746212926140676,False
UC3,1,all,all,"MAE, schedule projected at origin",lvlh5_naive,6.8696365249261895,6.408185720443726,7.433360350131989,194321.0,True,200,33,wt_med,-0.16427595824394192,-0.3466797471046448,0.0008239865303039495,-0.4181501388549805,0.13855367898941037,194036.0,0.9817350211995183,False
UC3,1,all,all,"MAE, schedule projected at origin",lvlh5_tft,6.257528212977185,5.818042278289795,6.800878095626831,114773.0,True,119,33,wt_med,-0.15570103414497716,-0.46022768020629884,0.18392504453659034,-0.5485299944877624,0.23407869338989246,114559.0,0.5796170931868088,False
UC3,1,all,all,"MAE, schedule projected at origin",oracle_level,5.427005655853584,5.098660159111023,5.7766593337059025,197485.0,True,200,33,wt_med,-1.570179630645792,-1.9343354463577271,-1.2791422843933107,-2.5269903421401976,-1.1415062189102172,197025.0,0.996858018882244,True
UC3,1,all,all,"MAE, schedule projected at origin",oracle_shape,4.832723480689176,4.409650933742523,5.384528386592865,194308.0,True,197,33,wt_med,-2.203283512612936,-2.449826169013977,-1.9304121613502503,-2.684874880313873,-1.5299766302108768,193455.0,0.9787954221183328,True
UC3,1,all,all,"MAE, schedule projected at origin",snaive7,8.049340498290182,7.547074854373932,8.66909737586975,173995.0,True,198,33,wt_med,0.9307567511592314,0.6149723529815674,1.2724521160125732,0.49403109550476076,1.2499520182609558,173822.0,0.8794612590186495,False
UC3,1,all,all,"MAE, schedule projected at origin",wt_med,6.992205761816582,6.496856951713562,7.6384645938873295,197646.0,True,200,33,wt_med,,,,,,,,
UC3,2,all,all,"MAE, schedule projected at origin",chronos2,7.006668770876537,6.632758069038391,7.422444272041321,227361.0,True,225,33,wt_med,0.4712222177098493,0.26409770250320436,0.68382511138916,0.21602860689163209,0.6985294342041015,223897.0,0.9808213777242362,False
UC3,2,all,all,"MAE, schedule projected at origin",chronos2_grid,6.655273419828412,6.281353604793549,7.054988884925842,227361.0,True,225,33,wt_med,0.10989641219697965,-0.13284679651260375,0.3673290610313415,-0.23053570985794067,0.5090523004531853,223897.0,0.9808213777242362,False
UC3,2,all,all,"MAE, schedule projected at origin",chronos2_nocov,7.707493894473849,7.291604936122894,8.16118221282959,227361.0,True,225,33,wt_med,1.1773483736049482,0.8729690074920654,1.5041557669639587,0.774631118774414,1.746448230743408,223897.0,0.9808213777242362,False
UC3,2,all,all,"MAE, schedule projected at origin",chronos2_owx,6.944874985207845,6.574643611907959,7.352541744709015,227361.0,True,225,33,wt_med,0.4080013328951644,0.2023108959197998,0.6136069416999816,0.131178617477417,0.6198476195335388,223897.0,0.9808213777242362,False
UC3,2,all,all,"MAE, schedule projected at origin",chronos2_owx_x_h5,6.815169527328746,6.472831428050995,7.2035688877105715,229224.0,True,223,33,wt_med,0.2725427149191084,0.1275983929634094,0.4269242525100707,0.03414142131805421,0.42713443040847765,228160.0,0.9994962216624685,False
UC3,2,all,all,"MAE, schedule projected at origin",chronos2_x_h5,6.832750099322827,6.486629569530487,7.211867558956146,229224.0,True,223,33,wt_med,0.29016954908258086,0.14254884719848632,0.44258055686950676,0.0580190658569336,0.4447374582290649,228160.0,0.9994962216624685,False
UC3,2,all,all,"MAE, schedule projected at origin",clim,6.735149567814635,6.383917427062988,7.1507288932800295,220970.0,True,222,33,wt_med,0.2672900092043271,0.13603533506393434,0.41462466716766355,0.14032335281372071,0.4054130792617798,219462.0,0.9613930566203045,False
UC3,2,all,all,"MAE, schedule projected at origin",h5,6.5061794000749575,6.161807572841644,6.923130679130554,229462.0,True,223,33,wt_med,-0.032668382433468146,-0.05252060890197754,-0.01114217042922974,-0.07877215147018432,0.021316492557525633,228275.0,1.0,False
UC3,2,all,all,"MAE, schedule projected at origin",lvlh5_cbd,8.720419649052356,8.03459084033966,9.535842490196227,111084.0,True,102,33,wt_med,2.2614819947989826,1.8176634669303895,2.754656112194061,1.7099525570869445,2.967246353626251,110700.0,0.4849414083890045,False
UC3,2,all,all,"MAE, schedule projected at origin",lvlh5_naive,6.597232219151333,6.262084341049194,6.991923534870147,226296.0,True,223,33,wt_med,0.04002033513564118,-0.06969203948974609,0.1534388184547424,-0.129397189617157,0.22740255594253528,225530.0,0.9879750301171832,False
UC3,2,all,all,"MAE, schedule projected at origin",lvlh5_tft,7.214532633657462,6.699780428409577,7.769649004936218,137145.0,True,132,33,wt_med,0.8876322167712152,0.48895639181137085,1.2876845717430114,0.28875279426574707,1.3582024812698363,136539.0,0.5981338298105355,False
UC3,2,all,all,"MAE, schedule projected at origin",oracle_level,5.363854750123312,5.143195462226868,5.619851303100586,228672.0,True,223,33,wt_med,-1.1868089558048638,-1.4332061052322387,-0.9747654438018799,-2.0578848481178285,-0.7785476684570313,227669.0,0.9973453071952688,True
UC3,2,all,all,"MAE, schedule projected at origin",oracle_shape,4.483685253505652,4.098383343219757,4.926774740219116,228107.0,True,221,33,wt_med,-2.105196976787256,-2.321764063835144,-1.8904074668884276,-2.4400688767433167,-1.6718642711639407,225023.0,0.9857540247508487,True
UC3,2,all,all,"MAE, schedule projected at origin",snaive7,7.665781960815039,7.2675527215003966,8.167116570472718,204211.0,True,222,33,wt_med,1.0890716872969284,0.7877270936965942,1.4042285323143004,0.4648416876792908,1.5620522379875181,203746.0,0.892546270945132,False
UC3,2,all,all,"MAE, schedule projected at origin",wt_med,6.545541561712846,6.205830609798431,6.9624291300773615,228275.0,True,223,33,wt_med,,,,,,,,
UC3,3,all,all,"MAE, schedule projected at origin",chronos2,6.250393268058677,5.8953888535499575,6.644210135936737,194427.0,True,202,33,wt_med,0.12365364549632218,-0.11134872436523437,0.3464016437530517,-0.18555681705474852,0.3268460035324096,192279.0,0.9914508319712071,False
UC3,3,all,all,"MAE, schedule projected at origin",chronos2_grid,6.075330678134243,5.690363597869873,6.510159814357758,194427.0,True,202,33,wt_med,-0.06161719259963405,-0.31775134801864624,0.20378192663192746,-0.3759178400039673,0.221475875377655,192279.0,0.9914508319712071,False
UC3,3,all,all,"MAE, schedule projected at origin",chronos2_nocov,6.674391098683956,6.279085052013397,7.1207051277160645,194427.0,True,202,33,wt_med,0.547733706844304,0.2753844499588013,0.8231205344200134,0.12149491310119628,0.7732344746589661,192279.0,0.9914508319712071,False
UC3,3,all,all,"MAE, schedule projected at origin",chronos2_owx,6.226107189564769,5.868845355510712,6.607563531398773,194427.0,True,202,33,wt_med,0.0992498660029435,-0.12738113403320311,0.3343668222427368,-0.1989885687828064,0.2882317543029785,192279.0,0.9914508319712071,False
UC3,3,all,all,"MAE, schedule projected at origin",chronos2_owx_x_h5,6.239845286204088,5.878221821784973,6.683012080192566,194344.0,True,200,33,wt_med,0.14380760972451245,-0.033036279678344715,0.350700831413269,-0.1193392515182495,0.3426348567008971,193906.0,0.9998401542769043,False
UC3,3,all,all,"MAE, schedule projected at origin",chronos2_x_h5,6.2367469007725616,5.878111970424652,6.679088819026947,194344.0,True,200,33,wt_med,0.14062537561202593,-0.03710601329803467,0.3463471531867981,-0.13016897439956665,0.3503494381904602,193906.0,0.9998401542769043,False
UC3,3,all,all,"MAE, schedule projected at origin",clim,6.498344597439784,6.15775648355484,6.910169458389282,189984.0,True,201,33,wt_med,0.36022906250330333,0.21141616106033326,0.5136942744255065,0.19471596479415895,0.6119021773338317,189206.0,0.9756054801301454,False
UC3,3,all,all,"MAE, schedule projected at origin",h5,5.9885208280821605,5.642217528820038,6.374679672718048,194401.0,True,200,33,wt_med,-0.10600091782382925,-0.12734487056732177,-0.08613941669464112,-0.1368478298187256,-0.08486090898513794,193937.0,1.0,True
UC3,3,all,all,"MAE, schedule projected at origin",lvlh5_cbd,7.48502324008591,6.773927438259125,8.373022222518921,97074.0,True,91,33,wt_med,1.5709791067909489,0.9358221530914307,2.3118207812309266,0.7977162957191467,2.7391666173934937,96955.0,0.49993038976574866,False
UC3,3,all,all,"MAE, schedule projected at origin",lvlh5_naive,6.031762163962403,5.683373165130615,6.420789361000061,191328.0,True,200,33,wt_med,-0.09556516626731781,-0.2400410532951355,0.04849299192428588,-0.24421298503875732,0.09612870216369611,191089.0,0.9853148187297937,False
UC3,3,all,all,"MAE, schedule projected at origin",lvlh5_tft,6.25977720721331,5.7124849319458,6.876374137401581,113025.0,True,116,33,wt_med,0.4874498554440869,0.17247663736343385,0.8095890641212463,0.20189273357391357,0.7802972912788388,112873.0,0.582008590418538,False
UC3,3,all,all,"MAE, schedule projected at origin",oracle_level,4.759663875422498,4.540131568908691,4.998667371273041,193726.0,True,200,33,wt_med,-1.3422663688740357,-1.62679580450058,-1.109429728984833,-1.9533530235290528,-1.0311530590057374,193333.0,0.9968855865564591,True
UC3,3,all,all,"MAE, schedule projected at origin",oracle_shape,4.222584618684494,3.871255946159363,4.626991772651672,191045.0,True,198,33,wt_med,-1.9052375076434869,-2.1046301424503326,-1.692847454547882,-2.330988609790802,-1.336252170801163,190605.0,0.9828191629240424,True
UC3,3,all,all,"MAE, schedule projected at origin",prod_served,7.68419899381212,6.98583973646164,8.415828394889832,114094.0,True,118,33,wt_med,1.844158636547137,1.3288815021514893,2.395862317085266,0.8825930953025818,2.488668513298035,113946.0,0.5875413149631066,False
UC3,3,all,all,"MAE, schedule projected at origin",prod_served_lin,7.669521730389329,6.9780020236969,8.401005578041076,114402.0,True,118,33,wt_med,1.8339096408218287,1.3223761081695558,2.3794687509536745,0.8765793204307556,2.4753904461860654,114233.0,0.5890211769801533,False
UC3,3,all,all,"MAE, schedule projected at origin",snaive7,7.284163425262481,6.870073747634888,7.757508563995361,170965.0,True,200,33,wt_med,1.127620947572221,0.8398474216461181,1.3979647636413575,0.776291573047638,1.3648595690727234,169929.0,0.8762072219328957,False
UC3,3,all,all,"MAE, schedule projected at origin",wt_med,6.099372476629008,5.7475576281547545,6.488048565387726,193937.0,True,200,33,wt_med,,,,,,,,
UC3,4,all,all,"MAE, schedule projected at origin",chronos2,7.490097259416692,6.938377583026886,8.085160207748412,199886.0,True,206,33,wt_med,0.15820127838690023,-0.16781758069992064,0.47517327070236204,-0.17104150056838988,0.5348652482032773,197595.0,0.9809513880614799,False
UC3,4,all,all,"MAE, schedule projected at origin",chronos2_grid,7.123427740856718,6.592252576351166,7.698564803600311,199886.0,True,206,33,wt_med,-0.22443087086081093,-0.5710916519165039,0.08856861591339105,-0.5027668118476868,0.3233484864234924,197595.0,0.9809513880614799,False
UC3,4,all,all,"MAE, schedule projected at origin",chronos2_nocov,7.920384388848901,7.360759198665619,8.54569387435913,199886.0,True,206,33,wt_med,0.5927148857774052,0.23547713756561278,0.9162729382514954,0.23091994524002077,1.0891143083572388,197595.0,0.9809513880614799,False
UC3,4,all,all,"MAE, schedule projected at origin",chronos2_owx,7.468267062973194,6.906219685077668,8.083759760856628,199886.0,True,206,33,wt_med,0.13514025329400248,-0.18070091009140016,0.4452177643775939,-0.1750483274459839,0.5273261189460753,197595.0,0.9809513880614799,False
UC3,4,all,all,"MAE, schedule projected at origin",chronos2_owx_x_h5,7.255323605008462,6.750054705142975,7.857852911949157,201871.0,True,204,33,wt_med,-0.045258443250697056,-0.2559853672981262,0.13991378545761105,-0.27798484563827514,0.3957316398620605,201337.0,0.9995283768219548,False
UC3,4,all,all,"MAE, schedule projected at origin",chronos2_x_h5,7.260570970883882,6.757489585876465,7.865117156505584,201871.0,True,204,33,wt_med,-0.03975456976915659,-0.2530172348022461,0.14904228448867796,-0.2800886631011963,0.39745286703109733,201337.0,0.9995283768219548,False
UC3,4,all,all,"MAE, schedule projected at origin",clim,7.368477515029239,6.9293071866035465,7.874176633358002,195286.0,True,200,33,wt_med,0.19909012354568922,0.013410508632659912,0.38224775791168214,0.0740821361541748,0.4248107314109802,194422.0,0.9651991739147703,False
UC3,4,all,all,"MAE, schedule projected at origin",h5,7.292360464886055,6.753539824485779,7.870713639259338,202028.0,True,204,33,wt_med,-0.0036404965447403015,-0.02687019109725952,0.018797504901885986,-0.05026426315307617,0.05252543687820433,201432.0,1.0,False
UC3,4,all,all,"MAE, schedule projected at origin",lvlh5_cbd,8.813278041600885,7.91778553724289,9.728327226638793,97356.0,True,91,33,wt_med,1.875974524415307,1.2010570764541626,2.4835156202316284,1.386837089061737,3.049276018142699,97211.0,0.48259958695738514,False
UC3,4,all,all,"MAE, schedule projected at origin",lvlh5_naive,7.704970263621982,7.130892360210419,8.363164353370665,196754.0,True,204,33,wt_med,0.4060867397861214,0.17273930311203003,0.6407656550407409,0.15952364206314087,0.8375504255294797,196504.0,0.9755351681957186,False
UC3,4,all,all,"MAE, schedule projected at origin",lvlh5_tft,7.579095471580192,7.018543636798858,8.17706925868988,119821.0,True,121,33,wt_med,0.7060329484289918,0.32442482709884646,1.1135143041610718,0.38766989707946775,1.1156522274017329,119563.0,0.5935650740696612,False
UC3,4,all,all,"MAE, schedule projected at origin",oracle_level,5.629164461782746,5.198399984836579,6.204489922523498,201307.0,True,204,33,wt_med,-1.6791531945242797,-2.1287946105003357,-1.1859355449676514,-2.429353725910187,-0.7457636117935181,200803.0,0.9968773581158902,True
UC3,4,all,all,"MAE, schedule projected at origin",oracle_shape,5.853496913566573,5.281216764450074,6.511675310134888,196365.0,True,200,33,wt_med,-1.4543740079901655,-1.7810377836227418,-1.109173047542572,-1.7853495836257935,-0.874414622783661,195905.0,0.972561459946781,True
UC3,4,all,all,"MAE, schedule projected at origin",prod_served,8.62444420070366,7.904347050189972,9.355898523330689,118523.0,True,121,33,wt_med,1.7774396695474062,1.115889024734497,2.4616506695747375,0.46475181579589847,2.9335374236106873,118141.0,0.5865056197625005,False
UC3,4,all,all,"MAE, schedule projected at origin",prod_served_lin,8.606340115179284,7.884940254688263,9.335511612892152,118945.0,True,121,33,wt_med,1.755074166575259,1.0921964645385742,2.4377297043800352,0.45828518867492674,2.897470211982727,118517.0,0.5883722546566583,False
UC3,4,all,all,"MAE, schedule projected at origin",snaive7,8.817452552196874,8.207550072669983,9.53821165561676,174771.0,True,202,33,wt_med,1.3483932293456107,0.8480883240699768,1.8219342470169066,0.9728854656219482,2.2946898579597472,174636.0,0.8669724770642202,False
UC3,4,all,all,"MAE, schedule projected at origin",wt_med,7.30181649390365,6.760058653354645,7.873614621162415,201432.0,True,204,33,wt_med,,,,,,,,
UC3,5,all,all,"MAE, schedule projected at origin",chronos2,7.500762505090717,7.042956650257111,7.945013403892517,187166.0,True,198,33,wt_med,0.28985865038764036,0.010057079792022706,0.5611468076705932,-0.1644726514816284,0.5789475321769715,184465.0,0.9804301955385948,False
UC3,5,all,all,"MAE, schedule projected at origin",chronos2_grid,7.012387354935973,6.517593014240265,7.447511196136475,187166.0,True,198,33,wt_med,-0.2140051824132172,-0.49870887994766233,0.08691332340240465,-0.6771503686904907,0.11734627485275265,184465.0,0.9804301955385948,False
UC3,5,all,all,"MAE, schedule projected at origin",chronos2_nocov,7.926419160297348,7.394600486755371,8.402799654006959,187166.0,True,198,33,wt_med,0.7184839576742075,0.39299142360687256,1.0543265461921691,0.237898850440979,1.0847151279449463,184465.0,0.9804301955385948,False
UC3,5,all,all,"MAE, schedule projected at origin",chronos2_owx,7.478525561413953,7.008099329471588,7.924031162261963,187166.0,True,198,33,wt_med,0.2666927677673909,-0.009254455566406238,0.5320918560028076,-0.16268231868743896,0.5376424789428711,184465.0,0.9804301955385948,False
UC3,5,all,all,"MAE, schedule projected at origin",chronos2_owx_x_h5,7.141072355982485,6.683351886272431,7.583385682106018,188801.0,True,196,33,wt_med,-0.08868973640678846,-0.2781166911125183,0.09832048416137694,-0.3151914715766907,0.09299576282501218,188039.0,0.9994259807490952,False
UC3,5,all,all,"MAE, schedule projected at origin",chronos2_x_h5,7.1398675220859245,6.683581781387329,7.58241822719574,188801.0,True,196,33,wt_med,-0.0898332520433538,-0.28257137537002563,0.09864908456802365,-0.3195954918861389,0.0916600465774536,188039.0,0.9994259807490952,False
UC3,5,all,all,"MAE, schedule projected at origin",clim,7.687160642049019,7.197989392280578,8.14203462600708,184908.0,True,194,33,wt_med,0.40607984739065284,0.197413432598114,0.6043429732322693,0.19460924863815307,0.673761236667633,183475.0,0.9751683524053001,False
UC3,5,all,all,"MAE, schedule projected at origin",h5,7.236705378164599,6.742654478549957,7.692087924480438,189005.0,True,196,33,wt_med,0.01440462776446072,-0.00904085636138916,0.03758982419967651,-0.02214515209197998,0.053776443004608154,188147.0,1.0,False
UC3,5,all,all,"MAE, schedule projected at origin",lvlh5_cbd,8.263009067049744,7.579876172542572,8.961070036888122,93568.0,True,93,33,wt_med,1.8390681840827678,1.3428962469100951,2.3268623948097225,1.2641187191009522,2.7063475251197815,93298.0,0.49587822287891914,False
UC3,5,all,all,"MAE, schedule projected at origin",lvlh5_naive,7.425758603286787,6.942868280410766,7.9062539935112,184779.0,True,196,33,wt_med,0.21058468136774522,-0.013985025882720947,0.44659876823425293,-0.025482213497161864,0.47517471313476556,184330.0,0.9797126714749638,False
UC3,5,all,all,"MAE, schedule projected at origin",lvlh5_tft,6.837367938673077,6.352212393283844,7.3753839969635,112352.0,True,116,33,wt_med,0.246037588763377,-0.06030471324920654,0.5480053067207334,-0.08760677576065064,0.6204984784126281,111871.0,0.5945935890553663,False
UC3,5,all,all,"MAE, schedule projected at origin",oracle_level,5.422432055210906,5.154801142215729,5.678508722782135,188376.0,True,196,33,wt_med,-1.8191665006196738,-2.136437439918518,-1.4841524481773376,-2.4575666546821595,-1.4329121589660645,187640.0,0.9973052985165854,True
UC3,5,all,all,"MAE, schedule projected at origin",oracle_shape,5.4310756488519765,4.940633940696716,5.958027923107147,184626.0,True,193,33,wt_med,-1.7930146769071982,-2.154198479652405,-1.4188026309013366,-2.191801881790161,-1.218275821208954,183829.0,0.9770498599499328,True
UC3,5,all,all,"MAE, schedule projected at origin",prod_served,7.6460049774934635,7.102624464035034,8.275684285163878,111301.0,True,117,33,wt_med,1.0532017615102784,0.5573148727416992,1.6056099653244018,-0.16546428203582764,1.8126529335975645,110814.0,0.588975641386788,False
UC3,5,all,all,"MAE, schedule projected at origin",prod_served_lin,7.625946224931184,7.088065755367279,8.251531505584717,111892.0,True,117,33,wt_med,1.033361038727648,0.5360471606254578,1.580904233455658,-0.17095876932144163,1.7912307500839233,111290.0,0.5915055780852206,False
UC3,5,all,all,"MAE, schedule projected at origin",snaive7,8.696374558002812,8.099031233787537,9.277243185043334,164311.0,True,195,33,wt_med,1.3681851991854543,0.8966104745864868,1.8485378503799437,0.7590382337570191,1.8690376043319703,164018.0,0.8717545323603353,False
UC3,5,all,all,"MAE, schedule projected at origin",wt_med,7.2331767182043825,6.7406585812568665,7.6812669873237605,188147.0,True,196,33,wt_med,,,,,,,,
UC3,6,all,all,"MAE, schedule projected at origin",chronos2,7.253072137754189,6.835858154296875,7.696300828456879,189999.0,True,189,33,wt_med,0.25847227327008326,-0.10335860252380372,0.5783663868904114,-0.3023174285888672,0.5610325694084167,186836.0,0.9782911478568661,False
UC3,6,all,all,"MAE, schedule projected at origin",chronos2_grid,6.736070028743575,6.303986024856568,7.167626810073853,189999.0,True,189,33,wt_med,-0.27243482896584403,-0.5982055544853211,0.014754927158355625,-0.6869871854782105,0.07551133632659893,186836.0,0.9782911478568661,False
UC3,6,all,all,"MAE, schedule projected at origin",chronos2_nocov,7.537411804588822,7.128540945053101,7.970448553562164,189999.0,True,189,33,wt_med,0.5449333237520584,0.19081583023071289,0.8595827817916868,-0.025848531723022445,0.8068129181861877,186836.0,0.9782911478568661,False
UC3,6,all,all,"MAE, schedule projected at origin",chronos2_owx,7.212570099574163,6.7916707515716555,7.645869791507721,189999.0,True,189,33,wt_med,0.21667574586894567,-0.146445369720459,0.5356879591941833,-0.33468968868255616,0.515916097164154,186836.0,0.9782911478568661,False
UC3,6,all,all,"MAE, schedule projected at origin",chronos2_owx_x_h5,6.885884903604314,6.46967066526413,7.310206866264343,191581.0,True,187,33,wt_med,-0.11705667995266644,-0.31252541542053225,0.08105115890502923,-0.35922993421554567,0.02594568729400632,190869.0,0.9994083212030453,False
UC3,6,all,all,"MAE, schedule projected at origin",chronos2_x_h5,6.888411049607508,6.478884267807007,7.316796445846557,191581.0,True,187,33,wt_med,-0.11449153139475143,-0.31275168657302854,0.08484201431274409,-0.36801929473876954,0.03317521810531614,190869.0,0.9994083212030453,False
UC3,6,all,all,"MAE, schedule projected at origin",clim,7.464009737119274,6.945235657691955,8.025332880020141,186092.0,True,183,33,wt_med,0.4423101902968112,0.2531641960144043,0.6636322855949401,0.3045684456825256,0.8111872911453246,184764.0,0.9674419578808474,False
UC3,6,all,all,"MAE, schedule projected at origin",h5,6.984340050574833,6.500351071357727,7.489334356784821,191795.0,True,187,33,wt_med,-0.011346291797132757,-0.03275285959243775,0.012881743907928466,-0.040265452861785886,0.020547544956207274,190982.0,1.0,False
UC3,6,all,all,"MAE, schedule projected at origin",lvlh5_cbd,8.092372197446654,7.361834478378296,8.899465346336365,94778.0,True,86,33,wt_med,1.9018747408442795,1.3178852319717407,2.428631091117859,0.865297281742096,3.165200150012969,94606.0,0.4953660554397797,False
UC3,6,all,all,"MAE, schedule projected at origin",lvlh5_naive,7.156664959291126,6.73082777261734,7.623992836475372,186883.0,True,187,33,wt_med,0.1466118497990081,-0.09843317270278931,0.3756276965141296,-0.32820214033126827,0.32404892444610595,186534.0,0.976709847001288,False
UC3,6,all,all,"MAE, schedule projected at origin",lvlh5_tft,6.746995499394821,6.268970060348511,7.292979872226715,113579.0,True,109,33,wt_med,0.47603420309473954,0.20788036584854128,0.7593029618263244,0.32036432027816775,0.6877485275268554,113203.0,0.5927417243509859,False
UC3,6,all,all,"MAE, schedule projected at origin",oracle_level,5.277072663817939,5.034176564216613,5.533325827121734,191085.0,True,187,33,wt_med,-1.7374309621192632,-2.090615487098694,-1.43667072057724,-2.6818563759326937,-1.4244295477867128,190405.0,0.9969787728686473,True
UC3,6,all,all,"MAE, schedule projected at origin",oracle_shape,5.210847706342483,4.797473025321961,5.6684642910957335,186776.0,True,184,33,wt_med,-1.808029365797215,-2.1490147948265075,-1.4502697825431825,-2.4212379813194276,-1.3417208433151244,185975.0,0.9737828695898043,True
UC3,6,all,all,"MAE, schedule projected at origin",prod_served,7.482104759965653,6.948509538173676,8.095488786697388,112963.0,True,110,33,wt_med,1.2147333748775928,0.7509675860404968,1.6856295108795165,0.31898624897003175,1.7275433063507077,112330.0,0.5881706129373448,False
UC3,6,all,all,"MAE, schedule projected at origin",prod_served_lin,7.472011801203917,6.9396629452705385,8.080993795394898,113463.0,True,110,33,wt_med,1.2015763867946285,0.7435720324516296,1.6670740008354186,0.316449773311615,1.7065799951553342,112742.0,0.5903278843032328,False
UC3,6,all,all,"MAE, schedule projected at origin",snaive7,8.063726215050838,7.601835441589356,8.577463221549987,169067.0,True,188,33,wt_med,0.9942640384021297,0.5234242796897889,1.4675925731658936,0.34374260902404785,1.426585865020752,168324.0,0.8813605470672629,False
UC3,6,all,all,"MAE, schedule projected at origin",wt_med,7.001735765674252,6.522943770885467,7.510832715034485,190982.0,True,187,33,wt_med,,,,,,,,
UC3,7,all,all,"MAE, schedule projected at origin",chronos2,7.343363497735472,6.960592973232269,7.714000225067139,176167.0,True,181,32,wt_med,0.4356852666762201,0.18056585788726806,0.696910810470581,-0.022846531867980954,0.6941960692405701,173351.0,0.9802037862167235,False
UC3,7,all,all,"MAE, schedule projected at origin",chronos2_grid,6.996526469821191,6.614837002754212,7.387134110927581,176167.0,True,181,32,wt_med,0.08423977419011486,-0.18511725664138795,0.33982292413711546,-0.29692189693450927,0.29662231206893913,173351.0,0.9802037862167235,False
UC3,7,all,all,"MAE, schedule projected at origin",chronos2_nocov,7.664366789791517,7.26752405166626,8.058599495887757,176167.0,True,181,32,wt_med,0.7622021886974526,0.48664082288742067,1.03564133644104,0.3718708634376526,0.9884303689002991,173351.0,0.9802037862167235,False
UC3,7,all,all,"MAE, schedule projected at origin",chronos2_owx,7.328723228264598,6.945219385623932,7.688875675201416,176167.0,True,181,32,wt_med,0.42154118444395383,0.16794151067733765,0.6762526035308838,-0.013204455375671376,0.6736391544342041,173351.0,0.9802037862167235,False
UC3,7,all,all,"MAE, schedule projected at origin",chronos2_owx_x_h5,6.993240044131558,6.592762362957001,7.377508413791657,177292.0,True,179,32,wt_med,0.06133176346734093,-0.08636924028396606,0.20602009296417223,-0.06386244297027588,0.20214275121688838,176767.0,0.9995193721303689,False
UC3,7,all,all,"MAE, schedule projected at origin",chronos2_x_h5,6.98582062120553,6.5907973647117615,7.364616215229034,177292.0,True,179,32,wt_med,0.05383716155921103,-0.09754903316497802,0.20115163326263427,-0.0691210389137268,0.19165877103805537,176767.0,0.9995193721303689,False
UC3,7,all,all,"MAE, schedule projected at origin",clim,7.45977792232462,7.048405146598816,7.932146620750427,173723.0,True,178,32,wt_med,0.48700417536534424,0.3045069694519043,0.70296311378479,0.26742961406707766,0.8292289018630981,172440.0,0.9750525863433832,False
UC3,7,all,all,"MAE, schedule projected at origin",h5,6.931567710651918,6.5134522914886475,7.354007279872894,177461.0,True,179,32,wt_med,0.005921971478977106,-0.014173734188079833,0.028713655471801738,-0.026280748844146728,0.05472457408905024,176852.0,1.0,False
UC3,7,all,all,"MAE, schedule projected at origin",lvlh5_cbd,8.381568191923913,7.721362459659576,9.096677446365357,88722.0,True,85,32,wt_med,2.194793522321321,1.6216259479522706,2.7830401778221128,1.4351646780967713,3.6079425811767556,88581.0,0.5008764390563861,False
UC3,7,all,all,"MAE, schedule projected at origin",lvlh5_naive,7.518916997750636,7.092436993122101,7.972067415714264,171941.0,True,179,32,wt_med,0.5563017013327913,0.4244659185409546,0.7004558801651001,0.34669334888458253,0.6905974745750427,171737.0,0.9710775111392577,False
UC3,7,all,all,"MAE, schedule projected at origin",lvlh5_tft,6.86562891247577,6.3990120649337765,7.400166499614715,104811.0,True,105,32,wt_med,0.6165726293987035,0.3204368829727173,0.9305114150047301,0.3958924889564514,1.1343987226486205,104555.0,0.5912005518738832,False
UC3,7,all,all,"MAE, schedule projected at origin",oracle_level,5.304057196913665,5.060095262527466,5.557505536079407,176875.0,True,179,32,wt_med,-1.6349918277953357,-1.9274367213249206,-1.3470279574394226,-2.473300111293793,-1.3725486874580384,176379.0,0.9973254472666411,True
UC3,7,all,all,"MAE, schedule projected at origin",oracle_shape,5.622059838977781,5.179013609886169,6.101207983493805,171773.0,True,176,32,wt_med,-1.3399485729756329,-1.5888269066810607,-1.0675359964370728,-1.845337724685669,-0.8151485681533814,171254.0,0.968346413950648,True
UC3,7,all,all,"MAE, schedule projected at origin",prod_served,7.570773093238681,7.001186048984527,8.1934814453125,103959.0,True,106,32,wt_med,1.3448217596168703,0.9256282210350036,1.7803393363952638,0.7890310287475586,2.017360603809357,103568.0,0.5856196141406373,False
UC3,7,all,all,"MAE, schedule projected at origin",prod_served_lin,7.578508536608734,7.010619854927063,8.197568130493163,104374.0,True,106,32,wt_med,1.3418215890611318,0.9169071674346924,1.7746991991996766,0.7781096458435058,2.002355718612671,103923.0,0.5876269423020378,False
UC3,7,all,all,"MAE, schedule projected at origin",wt_med,6.931694298057132,6.530214202404022,7.345722818374633,176852.0,True,179,32,wt_med,,,,,,,,
UC3,10,all,all,"MAE, schedule projected at origin",chronos2_owx_x_h5,6.96501338813668,6.516993999481201,7.532668709754944,209361.0,True,216,32,wt_med,0.07844206781615437,-0.1027714967727661,0.2784695625305176,-0.2468070864677429,0.2702687144279479,208825.0,0.999736690923018,False
UC3,10,all,all,"MAE, schedule projected at origin",chronos2_x_h5,6.976971443888083,6.525160253047943,7.539570784568786,209361.0,True,216,32,wt_med,0.09039914494751411,-0.08861973285675048,0.2896080136299133,-0.2371015667915344,0.2830147624015808,208825.0,0.999736690923018,False
UC3,10,all,all,"MAE, schedule projected at origin",clim,7.283043293821646,6.8225218772888185,7.836958253383637,205087.0,True,216,32,wt_med,0.35257634290370543,0.18618639707565307,0.5259010195732117,0.08534328937530518,0.5947470784187316,203719.0,0.9752920337035619,False
UC3,10,all,all,"MAE, schedule projected at origin",h5,6.784571598401551,6.316271877288818,7.330776000022888,209453.0,True,216,32,wt_med,-0.09950031118345404,-0.12242523431777955,-0.07758991718292237,-0.13597770929336547,-0.06975966691970827,208880.0,1.0,True
UC3,10,all,all,"MAE, schedule projected at origin",lvlh5_cbd,9.604014800364519,8.435201573371888,11.012319421768188,110639.0,True,106,32,wt_med,2.6257770268519725,1.7897908806800842,3.560615837574005,1.279448425769806,4.9463329076766955,110441.0,0.5287294140176177,False
UC3,10,all,all,"MAE, schedule projected at origin",lvlh5_naive,6.764474774397102,6.310969460010528,7.308153295516967,206779.0,True,216,32,wt_med,-0.13325200787054925,-0.2809291362762451,0.005622911453247025,-0.3446836709976196,0.04937022924423215,206453.0,0.9883808885484489,False
UC3,10,all,all,"MAE, schedule projected at origin",lvlh5_tft,7.641093358936301,6.834381115436554,8.540247559547424,129745.0,True,132,32,wt_med,0.6938085509694769,0.25463839769363406,1.1299168825149535,0.05700650215148927,1.1329981565475462,129514.0,0.6200402144772118,False
UC3,10,all,all,"MAE, schedule projected at origin",oracle_level,5.015528552851869,4.784484922885895,5.281163430213928,208727.0,True,216,32,wt_med,-1.8756263220014784,-2.259615182876587,-1.5429820060729982,-3.040867495536804,-1.3206685185432436,208243.0,0.9969504021447722,True
UC3,10,all,all,"MAE, schedule projected at origin",oracle_shape,4.972957739426448,4.493197667598724,5.5297389149665825,206559.0,True,214,32,wt_med,-1.9243596970223882,-2.135087859630585,-1.7168895602226257,-2.3718988418579103,-1.5033671379089357,205914.0,0.9858004595940253,True
UC3,10,all,all,"MAE, schedule projected at origin",prod_served,9.117297255981043,8.13134844303131,10.058911991119384,130830.0,True,134,32,wt_med,2.153059115336916,1.500568401813507,2.8332716345787046,0.9672812819480896,2.960099482536316,130626.0,0.6253638452700115,False
UC3,10,all,all,"MAE, schedule projected at origin",prod_served_lin,9.10575735983356,8.127111673355103,10.048714280128479,131219.0,True,134,32,wt_med,2.1492621792913873,1.4968634843826294,2.8226133227348322,0.9797515630722046,2.95139741897583,130960.0,0.6269628494829568,False
UC3,10,all,all,"MAE, schedule projected at origin",wt_med,6.886901570279586,6.424986112117767,7.439083933830261,208880.0,True,216,32,wt_med,,,,,,,,
UC3,14,all,all,"MAE, schedule projected at origin",chronos2_owx_x_h5,7.991739783422946,7.498684740066528,8.541094851493835,200535.0,True,201,31,wt_med,0.1337298857947422,-0.03409382104873657,0.3193314313888549,-0.017290198802947992,0.2836086511611938,199913.0,0.9994550599434062,False
UC3,14,all,all,"MAE, schedule projected at origin",chronos2_x_h5,7.989771552221625,7.493322396278382,8.538387870788574,200535.0,True,201,31,wt_med,0.13173919384349908,-0.03395192623138427,0.3101595759391784,-0.011769747734069825,0.2707397818565368,199913.0,0.9994550599434062,False
UC3,14,all,all,"MAE, schedule projected at origin",clim,8.323998618082793,7.791951239109039,8.918542051315308,196828.0,True,200,31,wt_med,0.42737891796199445,0.2350449800491333,0.6507437825202941,0.22238558530807495,0.6636022448539733,195446.0,0.9771225165231825,False
UC3,14,all,all,"MAE, schedule projected at origin",h5,7.857465426538868,7.348774027824402,8.443913912773132,200732.0,True,201,31,wt_med,0.005902163262041071,-0.020031023025512695,0.03212459087371826,-0.03262763023376465,0.059133970737457256,200022.0,1.0,False
UC3,14,all,all,"MAE, schedule projected at origin",lvlh5_cbd,9.968144439648317,8.869057011604308,11.212408065795898,101648.0,True,97,31,wt_med,2.7614156650103867,2.004459357261658,3.6002731442451474,1.703333854675293,4.509175109863281,101485.0,0.5073691893891672,False
UC3,14,all,all,"MAE, schedule projected at origin",lvlh5_naive,8.68369338316895,8.114829897880554,9.347530102729797,195427.0,True,200,31,wt_med,0.7979118271696972,0.533972442150116,1.0971285700798035,0.369055712223053,1.4710630655288697,195182.0,0.9758026617072122,False
UC3,14,all,all,"MAE, schedule projected at origin",lvlh5_tft,7.743935492474313,7.116237187385559,8.406808829307556,120234.0,True,119,31,wt_med,0.30532861104354314,-0.10803481340408325,0.7442504167556763,-0.2638622522354126,1.0223938941955564,119947.0,0.5996690364059953,False
UC3,14,all,all,"MAE, schedule projected at origin",oracle_level,5.630128429733943,5.377734673023224,5.9103263974189755,200131.0,True,200,31,wt_med,-2.234080968816082,-2.617008113861084,-1.8764101982116699,-3.552859365940094,-1.5513960480690003,199540.0,0.9975902650708423,True
UC3,14,all,all,"MAE, schedule projected at origin",oracle_shape,6.8438878692575,6.227766215801239,7.5972205042839045,195438.0,True,197,31,wt_med,-1.0393084121907519,-1.4629315733909607,-0.507745659351349,-1.695550298690796,0.0534202218055723,194703.0,0.9734079251282359,False
UC3,14,all,all,"MAE, schedule projected at origin",prod_served,8.416046050548974,7.69720071554184,9.189595603942871,120042.0,True,121,31,wt_med,0.93893101024302,0.33051154613494876,1.5516958713531492,-0.13655098676681515,1.9337714076042174,119496.0,0.5974142844287128,False
UC3,14,all,all,"MAE, schedule projected at origin",prod_served_lin,8.410297178298688,7.694030821323395,9.17774577140808,120601.0,True,121,31,wt_med,0.9248933075493246,0.31441330909729004,1.5373023629188538,-0.15710896253585813,1.9142577171325683,119971.0,0.5997890232074472,False
UC3,14,all,all,"MAE, schedule projected at origin",wt_med,7.860007899131095,7.355374896526337,8.42712070941925,200022.0,True,201,31,wt_med,,,,,,,,
UC3,21,all,all,"MAE, schedule projected at origin",chronos2_owx_x_h5,8.52912438186169,8.014235162734986,9.089851808547973,212917.0,True,217,30,wt_med,0.2761929695162273,0.09976487159729004,0.45590120553970337,0.08425259590148926,0.47479443550109857,212082.0,0.9993167693083349,False
UC3,21,all,all,"MAE, schedule projected at origin",chronos2_x_h5,8.527677178960806,8.016472053527831,9.090824389457703,212917.0,True,217,30,wt_med,0.2746871689959036,0.09752473831176758,0.45662236213684076,0.08773858547210693,0.4701346397399902,212082.0,0.9993167693083349,False
UC3,21,all,all,"MAE, schedule projected at origin",clim,8.4449199113099,7.912546133995056,9.01127998828888,209268.0,True,215,30,wt_med,0.1997247507062312,0.0009865999221801783,0.42033746242523184,-0.048328053951263425,0.4935041189193725,207085.0,0.9757712260928157,False
UC3,21,all,all,"MAE, schedule projected at origin",h5,8.257196745839666,7.734773135185241,8.83584520816803,213204.0,True,217,30,wt_med,0.011927087505359424,-0.01535184383392334,0.03764441013336181,-0.0275610089302063,0.06810078620910642,212227.0,1.0,False
UC3,21,all,all,"MAE, schedule projected at origin",lvlh5_cbd,10.3419923923018,9.239621376991272,11.698487067222596,99914.0,True,98,30,wt_med,2.7245457108673046,1.9657284498214722,3.573981952667236,1.6934172630310058,4.396771478652954,99724.0,0.4698930861765939,False
UC3,21,all,all,"MAE, schedule projected at origin",lvlh5_naive,9.230849558029947,8.623640370368957,9.897857570648194,205235.0,True,215,30,wt_med,0.9138760706100317,0.6419084310531616,1.2221765518188477,0.5859912872314453,1.5359818935394287,204898.0,0.9654662224881848,False
UC3,21,all,all,"MAE, schedule projected at origin",lvlh5_tft,8.453358426554633,7.740277326107025,9.278800058364867,122821.0,True,124,30,wt_med,0.6913043019438359,0.20256036520004272,1.2218600392341614,0.19352136850357055,1.554877197742462,122478.0,0.5771084734741574,False
UC3,21,all,all,"MAE, schedule projected at origin",oracle_level,5.884040423233272,5.618474137783051,6.196270906925202,212500.0,True,216,30,wt_med,-2.3745831312136696,-2.7654132604599,-1.9908812522888184,-3.5624897599220278,-1.604536259174347,211690.0,0.997469690472937,True
UC3,21,all,all,"MAE, schedule projected at origin",oracle_shape,7.527019020842543,6.860034143924713,8.304683518409728,205166.0,True,207,30,wt_med,-0.7851109365805318,-1.2601738691329956,-0.1902649402618412,-1.4621954679489135,0.575056982040405,204191.0,0.9621348838743421,False
UC3,21,all,all,"MAE, schedule projected at origin",prod_served,9.497834824534834,8.66603512763977,10.48004071712494,122161.0,True,125,30,wt_med,1.6763921252192233,0.9960226535797119,2.474763429164886,0.682549774646759,2.930410087108611,121451.0,0.572269315402847,False
UC3,21,all,all,"MAE, schedule projected at origin",prod_served_lin,9.493387335573145,8.669522404670715,10.473734283447266,122927.0,True,125,30,wt_med,1.656868064370829,0.9883862733840942,2.4632689476013185,0.6607903003692627,2.921564173698425,122105.0,0.5753509214190465,False
UC3,21,all,all,"MAE, schedule projected at origin",wt_med,8.256571972463448,7.728168606758118,8.822733664512635,212227.0,True,217,30,wt_med,,,,,,,,
UC3,30,all,all,"MAE, schedule projected at origin",chronos2_owx_x_h5,8.46685162514564,8.059467577934265,8.922283625602722,299647.0,True,294,29,wt_med,0.32374483729584114,0.18180737495422364,0.4742945909500122,0.046709442138671876,0.4900673508644104,297332.0,0.9993513150155449,False
UC3,30,all,all,"MAE, schedule projected at origin",chronos2_x_h5,8.481669123329535,8.06388030052185,8.947091269493104,299647.0,True,294,29,wt_med,0.33858611451274,0.19250433444976806,0.48668887615203854,0.07979166507720947,0.5052579760551452,297332.0,0.9993513150155449,False
UC3,30,all,all,"MAE, schedule projected at origin",clim,8.244823447909086,7.772401213645935,8.705159282684326,285808.0,True,289,29,wt_med,0.21693682159164496,0.02384986877441407,0.4098090767860411,-0.013974475860595699,0.5503880977630614,282739.0,0.95030333585413,False
UC3,30,all,all,"MAE, schedule projected at origin",h5,8.067746747966124,7.63832346200943,8.546229267120362,300043.0,True,294,29,wt_med,-0.07062095622216624,-0.09345219135284424,-0.04791424274444582,-0.11609280109405518,-0.03159313201904297,297525.0,1.0,True
UC3,30,all,all,"MAE, schedule projected at origin",lvlh5_cbd,10.480647913725162,9.63728437423706,11.419582414627076,128089.0,True,122,29,wt_med,2.42494505034,1.764636492729187,3.0911321163177488,1.207989716529846,3.7232136011123655,127371.0,0.42810184018149733,False
UC3,30,all,all,"MAE, schedule projected at origin",lvlh5_naive,8.455685633459408,8.039348220825195,8.920370769500732,292970.0,True,293,29,wt_med,0.3202704445303137,0.16355949640274048,0.48639575242996214,0.11299030780792237,0.5119172811508179,291338.0,0.9792051088143854,False
UC3,30,all,all,"MAE, schedule projected at origin",lvlh5_tft,9.232658257491192,8.592042469978333,9.933185386657716,138324.0,True,135,29,wt_med,1.2589095117737363,0.78411465883255,1.752891755104065,0.29100301265716555,2.1805101394653317,137376.0,0.4617292664481976,False
UC3,30,all,all,"MAE, schedule projected at origin",oracle_level,6.031646214058913,5.777400636672974,6.292090094089508,299152.0,True,294,29,wt_med,-2.1282609345278543,-2.447645390033722,-1.8414884686470032,-2.862963390350342,-1.5299246430397035,296882.0,0.9978388370725149,True
UC3,30,all,all,"MAE, schedule projected at origin",oracle_shape,6.650826359593646,6.181536746025086,7.185538375377655,298238.0,True,287,29,wt_med,-1.499919082604193,-1.8091993927955627,-1.1849074482917785,-1.922301983833313,-1.057375741004944,290659.0,0.9769229476514578,True
UC3,30,all,all,"MAE, schedule projected at origin",prod_served,10.772773063934846,9.951653647422791,11.672561359405517,140956.0,True,139,29,wt_med,2.783293413604355,2.0438684225082397,3.611876904964447,0.979582953453064,4.4503947496414185,139029.0,0.46728510209226115,False
UC3,30,all,all,"MAE, schedule projected at origin",prod_served_lin,10.732423072315898,9.915064835548401,11.6173335313797,141919.0,True,139,29,wt_med,2.7508907235581592,2.0176506280899047,3.5748342275619507,0.9599096775054932,4.40847440958023,139353.0,0.46837408621124277,False
UC3,30,all,all,"MAE, schedule projected at origin",wt_med,8.139731115032351,7.710946118831634,8.62239441871643,297525.0,True,294,29,wt_med,,,,,,,,
UC3,45,all,all,"MAE, schedule projected at origin",chronos2_owx_x_h5,8.338531740816613,7.846383893489838,8.830647134780884,280166.0,True,298,27,wt_med,-0.23766954977850574,-0.4395908236503601,-0.033101081848144594,-0.6550112962722778,0.09582860469818101,278353.0,0.999630103140173,False
UC3,45,all,all,"MAE, schedule projected at origin",chronos2_x_h5,8.347750256531693,7.856736755371093,8.845231008529662,280166.0,True,298,27,wt_med,-0.22829653761984758,-0.43409161567687987,-0.023191332817077664,-0.6402133464813232,0.11215327978134156,278353.0,0.999630103140173,False
UC3,45,all,all,"MAE, schedule projected at origin",clim,8.761957205197426,8.310568451881409,9.313228225708007,265593.0,True,293,27,wt_med,0.3449672641326611,0.11556751728057861,0.5713278532028199,0.045425367355346684,0.7324260950088499,263167.0,0.9450936593214009,False
UC3,45,all,all,"MAE, schedule projected at origin",h5,8.43297011968531,7.94690728187561,8.936400961875915,280402.0,True,298,27,wt_med,-0.13614134728646654,-0.16245269775390625,-0.1121142625808716,-0.18987410068511962,-0.09259812831878664,278456.0,1.0,True
UC3,45,all,all,"MAE, schedule projected at origin",lvlh5_cbd,8.98318649661845,7.851513946056366,10.318112230300903,54684.0,True,60,27,wt_med,1.78140521451306,0.9301735758781433,2.680647242069244,0.9109079003334045,3.505863261222839,54573.0,0.19598428477030483,False
UC3,45,all,all,"MAE, schedule projected at origin",lvlh5_naive,8.177402281449782,7.711944043636322,8.651343655586242,274674.0,True,296,27,wt_med,-0.41514624066562433,-0.6415652990341186,-0.19989513158798222,-0.7307945609092712,-0.10572531223297124,273357.0,0.9816883098227368,True
UC3,45,all,all,"MAE, schedule projected at origin",lvlh5_tft,8.319375444414563,7.5226278424263,9.174631929397583,102942.0,True,116,27,wt_med,0.17366059226507957,-0.22228810787200928,0.5402649283409118,-0.43214316368103023,0.5695013761520386,102496.0,0.3680868790760479,False
UC3,45,all,all,"MAE, schedule projected at origin",oracle_level,5.54280461650062,5.298987066745758,5.803872072696685,279663.0,True,298,27,wt_med,-3.0478756317986146,-3.4665223240852354,-2.650523281097412,-3.8781996250152586,-2.3751070618629457,277896.0,0.9979889102766685,True
UC3,45,all,all,"MAE, schedule projected at origin",oracle_shape,6.7415681355971255,6.281005585193634,7.248756408691406,278973.0,True,291,27,wt_med,-1.8302900020169073,-2.0806603908538817,-1.563974666595459,-2.3808568477630616,-1.3548111557960512,272751.0,0.9795120234435603,True
UC3,45,all,all,"MAE, schedule projected at origin",prod_served,8.990090025336471,8.205171847343445,9.814583945274354,111302.0,True,123,27,wt_med,1.009541535340361,0.42317599058151245,1.6260058522224425,0.09511852264404297,1.649962592124939,110412.0,0.3965150688079984,False
UC3,45,all,all,"MAE, schedule projected at origin",prod_served_lin,8.96744221941857,8.191651010513306,9.789733052253723,111759.0,True,123,27,wt_med,0.9914956913311208,0.4093447208404541,1.6158593773841858,0.06886320114135742,1.6350053787231444,110591.0,0.3971578992731347,False
UC3,45,all,all,"MAE, schedule projected at origin",wt_med,8.581587396213406,8.093522787094116,9.07885055541992,278456.0,True,298,27,wt_med,,,,,,,,
UC3,60,all,all,"MAE, schedule projected at origin",chronos2_owx_x_h5,8.976082808841484,8.434675574302673,9.56368989944458,294920.0,True,323,25,clim,0.05345340965707557,-0.17603228092193604,0.2498678922653198,-0.3562232255935669,0.35041321516036983,279011.0,0.9907040823210678,False
UC3,60,all,all,"MAE, schedule projected at origin",chronos2_x_h5,8.98064405635444,8.432394790649415,9.564380002021789,294920.0,True,323,25,clim,0.05820073897314515,-0.1631459951400757,0.25136361122131345,-0.31822502613067627,0.34880399703979487,279011.0,0.9907040823210678,False
UC3,60,all,all,"MAE, schedule projected at origin",clim,8.889097003504611,8.3646311044693,9.485963726043702,281629.0,True,317,25,clim,,,,,,,,
UC3,60,all,all,"MAE, schedule projected at origin",h5,8.901662988730783,8.33367133140564,9.527243590354919,295229.0,True,323,25,clim,0.0037458794654057215,-0.18843557834625244,0.2140578031539917,-0.4594649076461792,0.4550064444541931,279090.0,0.9909845932059553,False
UC3,60,all,all,"MAE, schedule projected at origin",lvlh5_naive,9.082482016550195,8.54055459499359,9.702553462982177,278651.0,True,323,25,clim,0.2723675011397493,0.0025054216384887765,0.5267038106918335,-0.20918450355529783,0.7555524349212646,270586.0,0.9607888392175522,False
UC3,60,all,all,"MAE, schedule projected at origin",lvlh5_tft,0.9846649482904096,0.23580827228724957,2.0948146998882287,280.0,True,9,25,clim,0.13987774157342114,-0.3760816931724548,0.585019490122795,-1.2397446632385254,0.37392085790634155,262.0,0.0009303019220321771,False
UC3,60,all,all,"MAE, schedule projected at origin",oracle_level,6.285674050456795,5.905396497249603,6.696840131282806,294348.0,True,323,25,clim,-2.723111227428718,-3.1971566438674928,-2.2782688140869145,-3.831585896015167,-1.830992364883423,278525.0,0.9889784077634051,True
UC3,60,all,all,"MAE, schedule projected at origin",oracle_shape,7.437450150328999,6.889386451244354,8.040548658370971,281917.0,True,306,25,clim,-1.3719715457638602,-1.7672140955924989,-0.9861741423606872,-2.2565707921981812,-0.33094122409820587,269930.0,0.9584595336417769,True
UC3,60,all,all,"MAE, schedule projected at origin",prod_served,0.677536231884058,0.0,1.9516326189041133,276.0,True,9,25,clim,-0.03816793893129766,-0.1162790060043335,0.0,-0.26315784454345703,0.0,262.0,0.0009303019220321771,False
UC3,60,all,all,"MAE, schedule projected at origin",prod_served_lin,0.6723214285714286,0.0,1.9359837055206295,280.0,True,9,25,clim,-0.03816793893129766,-0.1162790060043335,0.0,-0.26315784454345703,0.0,262.0,0.0009303019220321771,False
UC3,60,all,all,"MAE, schedule projected at origin",wt_med,8.913965750691501,8.35773286819458,9.528019833564759,293203.0,True,323,25,clim,0.030837581675882575,-0.15837385654449462,0.2342691421508789,-0.43286666870117185,0.4917956113815307,278540.0,0.9890316693238267,False
UC3,90,all,all,"MAE, schedule projected at origin",chronos2_owx_x_h5,9.2733883558802,8.811274433135987,9.758402967453003,271248.0,True,325,21,wt_med,0.09257800088433932,-0.04717938899993896,0.2408649682998657,-0.09802777767181396,0.25742478370666505,268622.0,0.9994865307337402,False
UC3,90,all,all,"MAE, schedule projected at origin",chronos2_x_h5,9.300909799460058,8.82808210849762,9.758990931510926,271248.0,True,325,21,wt_med,0.12055203076475252,-0.02390205860137939,0.2751394510269165,-0.11359652280807495,0.3489605665206909,268622.0,0.9994865307337402,False
UC3,90,all,all,"MAE, schedule projected at origin",clim,9.224182897730426,8.729941463470459,9.764289164543152,252294.0,True,309,21,wt_med,0.12788144675419666,-0.10637931823730468,0.38391532897949215,-0.4601308822631836,0.8780194520950315,249137.0,0.9269869028129186,False
UC3,90,all,all,"MAE, schedule projected at origin",h5,9.105485108710464,8.633334994316101,9.588955450057982,271501.0,True,325,21,wt_med,-0.07739851540407727,-0.10254521369934082,-0.05319206714630127,-0.12468471527099609,-0.03619623184204102,268760.0,1.0,True
UC3,90,all,all,"MAE, schedule projected at origin",lvlh5_naive,9.805050136460121,9.290953993797302,10.364161729812622,250443.0,True,319,21,wt_med,0.6171491156817392,0.42418053150177004,0.820467710494995,0.32818605899810793,0.9044932842254637,249073.0,0.9267487721387111,False
UC3,90,all,all,"MAE, schedule projected at origin",oracle_level,6.086310595673931,5.811859846115112,6.391954982280732,270534.0,True,325,21,wt_med,-3.1107634897925385,-3.4854065060615538,-2.7535441517829895,-3.9221498370170593,-2.2293488025665287,267934.0,0.9969266259860098,True
UC3,90,all,all,"MAE, schedule projected at origin",oracle_shape,8.254976703025447,7.701613163948059,8.844710326194763,255100.0,True,290,21,wt_med,-0.901762080987428,-1.2198084592819214,-0.5771606922149659,-1.5566887021064757,-0.3013686537742616,247676.0,0.9215508260157762,True
UC3,90,all,all,"MAE, schedule projected at origin",wt_med,9.17146338740884,8.699652004241944,9.66257905960083,268760.0,True,325,21,wt_med,,,,,,,,
D5,0,all,all,"first-hour MAE, schedule projected at origin",chronos2,4.730847636289709,4.44943734407425,5.055535423755646,10896.0,True,169,33,wt_med,0.8598674980054803,0.6190263032913208,1.088442438840866,0.14601681232452396,1.3696169793605804,10802.0,0.9826253070135541,False
D5,0,all,all,"first-hour MAE, schedule projected at origin",chronos2_grid,3.668055549242073,3.4215622365474703,3.9686563193798063,10896.0,True,169,33,wt_med,-0.20619307701465406,-0.39936991333961486,-0.03801681399345402,-0.5757860481739044,0.11997002959251395,10802.0,0.9826253070135541,False
D5,0,all,all,"first-hour MAE, schedule projected at origin",chronos2_nocov,5.748079249512257,5.366491842269897,6.197627258300781,10896.0,True,169,33,wt_med,1.8865109137574119,1.5020595908164978,2.2666485786437987,0.5519275307655335,3.1064726889133447,10802.0,0.9826253070135541,False
D5,0,all,all,"first-hour MAE, schedule projected at origin",chronos2_owx,4.729380853550725,4.451941335201264,5.055411088466644,10896.0,True,169,33,wt_med,0.8583338230633113,0.6092277228832245,1.0854494929313658,0.13382209539413456,1.3787534058094024,10802.0,0.9826253070135541,False
D5,0,all,all,"first-hour MAE, schedule projected at origin",clim,4.200440107156525,3.856131857633591,4.577975964546203,10452.0,True,162,33,wt_med,0.3292472706378091,0.22498485445976257,0.44717736840248107,0.182379412651062,0.5294572472572326,10442.0,0.9498771945783681,False
D5,0,all,all,"first-hour MAE, schedule projected at origin",h5,3.907754556170097,3.5718868553638456,4.291721630096435,11029.0,True,171,33,wt_med,-0.0006595105976527904,-0.03365002870559693,0.03995642066001892,-0.021838515996932983,0.04044370651245116,10993.0,1.0,False
D5,0,all,all,"first-hour MAE, schedule projected at origin",lvlh5_cbd,2.96300474506885,2.6779692232608796,3.311813050508499,5374.0,True,77,33,wt_med,-0.01677226984718594,-0.036884385347366336,0.0014914512634277277,-0.0567092776298523,0.008964961767196652,5366.0,0.48812880924224505,False
D5,0,all,all,"first-hour MAE, schedule projected at origin",lvlh5_naive,3.9180840362880787,3.5792227268218992,4.306575846672058,11029.0,True,171,33,wt_med,0.009703796617958727,-0.028915423154830932,0.06355347037315368,-0.00982074737548828,0.07765833139419555,10993.0,1.0,False
D5,0,all,all,"first-hour MAE, schedule projected at origin",lvlh5_tft,3.1472478176527643,2.8241586923599242,3.498799479007721,6186.0,True,95,33,wt_med,-0.008831631826283992,-0.027283447980880737,0.008998191356658934,-0.038492625951766966,0.026619517803192133,6171.0,0.5613572273264805,False
D5,0,all,all,"first-hour MAE, schedule projected at origin",oracle_level,3.929245942216672,3.5831228852272035,4.342392408847809,11000.0,True,171,33,wt_med,0.02424353528348311,-0.028073734045028685,0.10634531378746032,-0.007149815559387207,0.16076102256774902,10965.0,0.9974529245883744,False
D5,0,all,all,"first-hour MAE, schedule projected at origin",oracle_shape,3.6951534194586646,3.3560681879520415,4.086664915084839,10789.0,True,168,33,wt_med,-0.20121480361310295,-0.5129942297935486,0.1375762522220611,-0.5728564500808716,0.24474520683288553,10742.0,0.9771672882743564,False
D5,0,all,all,"first-hour MAE, schedule projected at origin",snaive7,5.22995136296799,4.696011090278626,5.8276725053787235,8841.0,True,164,33,wt_med,1.265644449473803,0.8985635042190552,1.6456459760665894,0.9869716763496399,1.8069605588912965,8837.0,0.8038751933048304,False
D5,0,all,all,"first-hour MAE, schedule projected at origin",wt_med,3.9163558628217956,3.585995888710022,4.283897066116333,10993.0,True,171,33,wt_med,,,,,,,,
D5,1,all,all,"first-hour MAE, schedule projected at origin",chronos2,5.219527712566097,4.786933946609497,5.710294806957245,11275.0,True,184,33,wt_med,1.176232360456491,0.806014358997345,1.534978598356247,-0.18815089464187623,2.033668780326843,11145.0,0.9275905118601748,False
D5,1,all,all,"first-hour MAE, schedule projected at origin",chronos2_grid,3.8096572069476817,3.441487950086594,4.226595401763916,11275.0,True,184,33,wt_med,-0.2456562023838842,-0.4659669935703278,-0.052203965187072834,-0.752166485786438,0.07341153621673582,11145.0,0.9275905118601748,False
D5,1,all,all,"first-hour MAE, schedule projected at origin",chronos2_nocov,6.237354841676361,5.736498630046844,6.810597515106201,11275.0,True,184,33,wt_med,2.2030747715696295,1.6637498199939729,2.800508552789688,0.14983047246932985,3.6058721959590914,11145.0,0.9275905118601748,False
D5,1,all,all,"first-hour MAE, schedule projected at origin",chronos2_owx,5.257472481315258,4.822481501102447,5.74547963142395,11275.0,True,184,33,wt_med,1.2135970203370565,0.8462664723396301,1.5828703165054319,-0.14206960201263427,2.0689289450645445,11145.0,0.9275905118601748,False
D5,1,all,all,"first-hour MAE, schedule projected at origin",chronos2_owx_x_h5,4.043647279711795,3.602552753686905,4.559753334522247,12086.0,True,195,33,wt_med,0.013561796000777449,-0.02453675866127014,0.046793460845947266,0.0007830023765563965,0.05453616380691528,12015.0,1.0,False
D5,1,all,all,"first-hour MAE, schedule projected at origin",chronos2_x_h5,4.044336032598963,3.6023658931255342,4.56100777387619,12086.0,True,195,33,wt_med,0.014238455981113063,-0.023833894729614256,0.047596102952957145,0.0016422510147094727,0.05419573783874511,12015.0,1.0,False
D5,1,all,all,"first-hour MAE, schedule projected at origin",clim,4.453710094909405,4.0002145886421205,4.9585835337638855,11590.0,True,189,33,wt_med,0.4547646182168843,0.284542441368103,0.6520566165447235,0.12251275181770326,0.9840118288993831,11407.0,0.9493965875988348,False
D5,1,all,all,"first-hour MAE, schedule projected at origin",h5,4.02620800926692,3.5865752160549165,4.5489715218544005,12086.0,True,195,33,wt_med,-0.0027829796088223446,-0.03550268411636352,0.02873425483703612,-0.04549738168716431,0.06157716512680053,12015.0,1.0,False
D5,1,all,all,"first-hour MAE, schedule projected at origin",lvlh5_cbd,3.3058367892022313,2.8082484722137453,4.008093845844269,5890.0,True,89,33,wt_med,0.06134813307080078,-0.01688392162322998,0.16415463089942928,0.007292789220809936,0.22973836660385116,5848.0,0.4867249271743654,False
D5,1,all,all,"first-hour MAE, schedule projected at origin",lvlh5_naive,4.036664217263644,3.5987572193145754,4.561985826492309,12086.0,True,195,33,wt_med,0.006056314158811915,-0.02873167395591736,0.04061152935028076,-0.02369130253791809,0.07107782363891602,12015.0,1.0,False
D5,1,all,all,"first-hour MAE, schedule projected at origin",lvlh5_tft,3.4588973021209837,3.023934930562973,4.01967875957489,6971.0,True,115,33,wt_med,0.018016478017332194,-0.00754774808883667,0.048874169588088975,0.0024746060371398926,0.05152324438095091,6924.0,0.5762796504369538,False
D5,1,all,all,"first-hour MAE, schedule projected at origin",oracle_level,4.071235018413687,3.62543603181839,4.614007842540741,12053.0,True,195,33,wt_med,0.04345227922639072,-0.013883978128433228,0.10654506683349606,0.004392290115356446,0.14423387050628658,11985.0,0.9975031210986267,False
D5,1,all,all,"first-hour MAE, schedule projected at origin",oracle_shape,3.2981058259379394,2.965958058834076,3.7278268158435823,12029.0,True,196,33,wt_med,-0.738849381138059,-1.0590501129627228,-0.44116945266723634,-1.207334303855896,-0.3692339777946473,11804.0,0.9824386183936745,True
D5,1,all,all,"first-hour MAE, schedule projected at origin",snaive7,4.846908442330559,4.302280902862549,5.485017621517182,10092.0,True,190,33,wt_med,0.8272555643879178,0.455832576751709,1.2588920831680297,0.3979246258735657,1.6291692852973931,10064.0,0.8376196421140242,False
D5,1,all,all,"first-hour MAE, schedule projected at origin",wt_med,4.037786100707449,3.602054315805435,4.536399936676025,12015.0,True,195,33,wt_med,,,,,,,,
D5,2,all,all,"first-hour MAE, schedule projected at origin",chronos2,5.547063778959331,5.135907757282257,5.948446893692016,12747.0,True,206,33,wt_med,1.8380058014207572,1.5631577849388123,2.131813275814056,0.8178866982460022,2.6845564484596247,12482.0,0.9216569445469984,False
D5,2,all,all,"first-hour MAE, schedule projected at origin",chronos2_grid,4.061806910251406,3.710046911239624,4.505871593952179,12747.0,True,206,33,wt_med,0.322842710695479,0.1505929410457611,0.5097925066947937,0.08902398347854615,0.6284861207008361,12482.0,0.9216569445469984,False
D5,2,all,all,"first-hour MAE, schedule projected at origin",chronos2_nocov,6.695657146615758,6.161285555362701,7.240086960792541,12747.0,True,206,33,wt_med,3.0143231163229665,2.5388863146305085,3.487655508518219,1.5270914435386658,4.308667850494385,12482.0,0.9216569445469984,False
D5,2,all,all,"first-hour MAE, schedule projected at origin",chronos2_owx,5.52310761999895,5.127208769321442,5.928565585613251,12747.0,True,206,33,wt_med,1.8113041941009067,1.5350764274597168,2.098084497451782,0.7720443964004516,2.6762591183185576,12482.0,0.9216569445469984,False
D5,2,all,all,"first-hour MAE, schedule projected at origin",chronos2_owx_x_h5,3.806351066861981,3.4749937832355497,4.170977389812469,13667.0,True,220,33,wt_med,0.015496004290938892,-0.06867000460624695,0.10899286866188047,-0.13475048542022705,0.1268639743328094,13543.0,1.0,False
D5,2,all,all,"first-hour MAE, schedule projected at origin",chronos2_x_h5,3.8114103094175724,3.47828089594841,4.181762909889221,13667.0,True,220,33,wt_med,0.020651851649333253,-0.06333020925521851,0.11165978908538818,-0.11253939867019652,0.12990314364433286,13543.0,1.0,False
D5,2,all,all,"first-hour MAE, schedule projected at origin",clim,4.118003144654088,3.740163117647171,4.558972191810608,12720.0,True,206,33,wt_med,0.3913216878040999,0.27988238334655763,0.5239216268062591,0.19466049075126649,0.7157229423522949,12537.0,0.9257180831425829,False
D5,2,all,all,"first-hour MAE, schedule projected at origin",h5,3.7666733738201508,3.4415950179100037,4.1135316610336305,13667.0,True,220,33,wt_med,-0.023185409436609294,-0.09202658534049987,0.04568110704421995,-0.12777084112167358,0.012982010841369625,13543.0,1.0,False
D5,2,all,all,"first-hour MAE, schedule projected at origin",lvlh5_cbd,3.50908001601116,2.99928395152092,4.153392624855042,6821.0,True,100,33,wt_med,0.12008688182077165,-0.03871352672576904,0.3256490588188171,0.002225583791732788,0.34121142625808715,6742.0,0.4978217529350956,False
D5,2,all,all,"first-hour MAE, schedule projected at origin",lvlh5_naive,3.8052459598368573,3.4775437235832216,4.169659066200256,13667.0,True,220,33,wt_med,0.011623987995796004,-0.06244237422943115,0.08890118002891538,-0.09031081199645996,0.08849753737449645,13543.0,1.0,False
D5,2,all,all,"first-hour MAE, schedule projected at origin",lvlh5_tft,3.5053164013109677,3.084703469276428,3.9950075268745424,8157.0,True,130,33,wt_med,0.013687373580193896,-0.0772569715976715,0.11048254966735839,-0.10642781257629394,0.1076352775096893,8070.0,0.5958797902975707,False
D5,2,all,all,"first-hour MAE, schedule projected at origin",oracle_level,3.7727842470094646,3.4525917172431946,4.131533014774322,13605.0,True,220,33,wt_med,-0.0014162591166577698,-0.09188295602798462,0.09675242900848388,-0.18903141021728515,0.10941998958587645,13490.0,0.9960865391715277,False
D5,2,all,all,"first-hour MAE, schedule projected at origin",oracle_shape,3.0340099672152787,2.669249302148819,3.443329584598541,13679.0,True,221,33,wt_med,-0.7366074380130394,-1.0274747610092163,-0.4383290529251099,-1.158336156606674,-0.24601669907569895,13377.0,0.9877427453296906,True
D5,2,all,all,"first-hour MAE, schedule projected at origin",snaive7,4.459590704127645,4.100171852111816,4.88109985589981,11532.0,True,215,33,wt_med,0.6710595217315412,0.47915676832199094,0.8869672656059264,0.35567726492881774,1.063399052619934,11458.0,0.8460459277855719,False
D5,2,all,all,"first-hour MAE, schedule projected at origin",wt_med,3.7997858672376874,3.466023939847946,4.164416766166687,13543.0,True,220,33,wt_med,,,,,,,,
D5,3,all,all,"first-hour MAE, schedule projected at origin",chronos2,5.927702438659279,5.383770096302032,6.482908856868744,12541.0,True,193,33,wt_med,1.9716532382616672,1.5955108880996705,2.3790051639080048,0.6893763065338134,3.3052412271499634,12372.0,0.9673182173573104,False
D5,3,all,all,"first-hour MAE, schedule projected at origin",chronos2_grid,4.329499087087675,3.861389327049255,4.853986930847168,12541.0,True,193,33,wt_med,0.35039843681981697,0.15940006375312804,0.5516925513744354,0.15554088950157166,0.6165026187896728,12372.0,0.9673182173573104,False
D5,3,all,all,"first-hour MAE, schedule projected at origin",chronos2_nocov,7.073010924862253,6.456469249725342,7.700187730789184,12541.0,True,193,33,wt_med,3.132872604953792,2.6207260370254515,3.6738900065422055,1.222296953201294,4.830114912986755,12372.0,0.9673182173573104,False
D5,3,all,all,"first-hour MAE, schedule projected at origin",chronos2_owx,5.962687459481351,5.390718245506287,6.54901522397995,12541.0,True,193,33,wt_med,2.006023157656559,1.6140403032302857,2.410358840227127,0.7338274121284485,3.3232881307601922,12372.0,0.9673182173573104,False
D5,3,all,all,"first-hour MAE, schedule projected at origin",chronos2_owx_x_h5,3.9719595328868205,3.5145086348056793,4.511040341854096,12853.0,True,196,33,wt_med,0.010450576974542436,-0.1297039806842804,0.1454894185066223,-0.15778383016586303,0.1502899169921875,12790.0,1.0,False
D5,3,all,all,"first-hour MAE, schedule projected at origin",chronos2_x_h5,3.9727395020785186,3.514903777837753,4.511015331745147,12853.0,True,196,33,wt_med,0.011176153824506319,-0.12876833081245423,0.14625442028045652,-0.1577558934688568,0.1517044425010681,12790.0,1.0,False
D5,3,all,all,"first-hour MAE, schedule projected at origin",clim,4.080198751642576,3.6521990060806275,4.585926818847656,12176.0,True,187,33,wt_med,0.09085300649831396,0.0002524495124816898,0.19830328226089478,-0.0522333025932312,0.22814103364944457,12157.0,0.9505082095387021,False
D5,3,all,all,"first-hour MAE, schedule projected at origin",h5,3.933989146502762,3.5112448155879976,4.448091447353363,12853.0,True,196,33,wt_med,-0.026998631743549772,-0.15134670734405517,0.08847079277038572,-0.18310034275054932,0.03977713584899901,12790.0,1.0,False
D5,3,all,all,"first-hour MAE, schedule projected at origin",lvlh5_cbd,3.70005595562829,3.0854779899120333,4.499490547180176,6571.0,True,91,33,wt_med,-0.024300339813485117,-0.5093864262104034,0.4104247093200682,-0.9156730353832245,0.4174907565116882,6541.0,0.5114151681000781,False
D5,3,all,all,"first-hour MAE, schedule projected at origin",lvlh5_naive,3.9453338089945316,3.5240686535835266,4.442646968364715,12853.0,True,196,33,wt_med,-0.015899650713501412,-0.14585081338882447,0.10310109853744506,-0.22676353454589843,0.07753504514694211,12790.0,1.0,False
D5,3,all,all,"first-hour MAE, schedule projected at origin",lvlh5_tft,3.82178858646585,3.22136647105217,4.54878294467926,7661.0,True,115,33,wt_med,0.09401432052948433,-0.12123725414276122,0.29493405818939195,0.010144698619842529,0.32754616737365705,7628.0,0.5964034401876466,False
D5,3,all,all,"first-hour MAE, schedule projected at origin",oracle_level,3.8474606464472,3.450416362285614,4.31922744512558,12791.0,True,196,33,wt_med,-0.09885978820935204,-0.33321117162704467,0.09097225069999691,-0.5840532660484314,0.08666955828666685,12731.0,0.9953870211102424,False
D5,3,all,all,"first-hour MAE, schedule projected at origin",oracle_shape,3.0570883075724353,2.7652029275894163,3.4144507884979247,12709.0,True,194,33,wt_med,-0.8964973003617973,-1.252827274799347,-0.575667577981949,-1.672828483581543,-0.3857659101486206,12621.0,0.9867865519937451,True
D5,3,all,all,"first-hour MAE, schedule projected at origin",prod_served,5.004362644853442,4.423465812206269,5.7156769871711735,7335.0,True,112,33,wt_med,1.2364245657228827,0.9297353327274323,1.5626335859298706,0.8257551789283752,1.7040487587451931,7311.0,0.571618451915559,False
D5,3,all,all,"first-hour MAE, schedule projected at origin",prod_served_lin,5.410634524435102,4.769036567211151,6.164295136928558,7612.0,True,117,33,wt_med,1.6106232668691405,1.2838321447372436,1.9499991595745088,1.2150351643562316,2.186630743741989,7573.0,0.592103205629398,False
D5,3,all,all,"first-hour MAE, schedule projected at origin",snaive7,4.873297525417226,4.379800975322723,5.441246306896209,10426.0,True,187,33,wt_med,0.8482409638554218,0.5169083118438721,1.1817876815795898,0.5026861131191254,1.2290511131286619,10375.0,0.8111806098514465,False
D5,3,all,all,"first-hour MAE, schedule projected at origin",wt_med,3.966340891321345,3.5562725603580474,4.434940361976623,12790.0,True,196,33,wt_med,,,,,,,,
D5,4,all,all,"first-hour MAE, schedule projected at origin",chronos2,6.670949299080369,6.102496373653412,7.38735876083374,12869.0,True,199,33,clim,2.2400289380528653,1.7736026763916015,2.718809175491333,0.4987895369529724,3.8564784407615655,12066.0,0.9873169135095328,False
D5,4,all,all,"first-hour MAE, schedule projected at origin",chronos2_grid,4.661257649127564,4.153991138935089,5.311177885532379,12869.0,True,199,33,clim,0.12977556464645623,-0.12328773736953735,0.37515008449554443,-0.19933245182037354,0.6621801853179928,12066.0,0.9873169135095328,False
D5,4,all,all,"first-hour MAE, schedule projected at origin",chronos2_nocov,7.943299467556774,7.226445245742798,8.774033904075623,12869.0,True,199,33,clim,3.559203325842578,2.9218610525131226,4.237607705593109,1.3693837523460388,5.677057933807372,12066.0,0.9873169135095328,False
D5,4,all,all,"first-hour MAE, schedule projected at origin",chronos2_owx,6.672101069463792,6.100275552272796,7.397336661815642,12869.0,True,199,33,clim,2.2337616384671577,1.758164882659912,2.730532681941986,0.4496890306472779,3.851929676532744,12066.0,0.9873169135095328,False
D5,4,all,all,"first-hour MAE, schedule projected at origin",chronos2_owx_x_h5,4.391630486448735,3.814781993627548,5.21593302488327,12941.0,True,200,33,clim,-0.20608354508498827,-0.32949197888374326,-0.08538194894790649,-0.4040016055107117,0.0465798497200012,12215.0,0.9995090418132723,False
D5,4,all,all,"first-hour MAE, schedule projected at origin",chronos2_x_h5,4.391381042905695,3.814901053905487,5.215928447246552,12941.0,True,200,33,clim,-0.20630937967542806,-0.32941521406173707,-0.0854317307472229,-0.4034377098083496,0.04545773267745971,12215.0,0.9995090418132723,False
D5,4,all,all,"first-hour MAE, schedule projected at origin",clim,4.3604451354226335,3.9539737939834594,4.875188255310058,12221.0,True,190,33,clim,,,,,,,,
D5,4,all,all,"first-hour MAE, schedule projected at origin",h5,4.384596437678695,3.804592841863632,5.206470584869384,12941.0,True,200,33,clim,-0.2101463364715519,-0.3316329777240753,-0.08751872777938846,-0.4101261019706726,0.04064016342163084,12215.0,0.9995090418132723,False
D5,4,all,all,"first-hour MAE, schedule projected at origin",lvlh5_cbd,3.6901855523187463,3.1973698258399965,4.336092400550842,6411.0,True,90,33,clim,-0.18302191962945535,-0.3572028160095215,-0.00039160251617431977,-0.45115983486175537,0.13186186552047727,6329.0,0.5178790606333361,False
D5,4,all,all,"first-hour MAE, schedule projected at origin",lvlh5_naive,4.39506919639378,3.8191256642341616,5.212395811080932,12940.0,True,200,33,clim,-0.19865518973561436,-0.32482649087905885,-0.07635290622711183,-0.38106158971786497,0.035847139358520415,12215.0,0.9995090418132723,False
D5,4,all,all,"first-hour MAE, schedule projected at origin",lvlh5_tft,3.7311398770544564,3.314760982990265,4.2396138429641725,7701.0,True,120,33,clim,-0.2214083275106966,-0.3855638146400452,-0.06781100630760199,-0.46554080247879026,0.03474823236465439,7573.0,0.6196710580148924,False
D5,4,all,all,"first-hour MAE, schedule projected at origin",oracle_level,4.407881195467469,3.829028141498566,5.215864157676696,12895.0,True,200,33,clim,-0.1889303147520902,-0.3194456934928894,-0.06623677015304567,-0.3915201187133789,0.10074862241744986,12184.0,0.9969724245151788,False
D5,4,all,all,"first-hour MAE, schedule projected at origin",oracle_shape,4.008802104729764,3.532874286174774,4.5956759572029116,12724.0,True,197,33,clim,-0.4454568566028074,-0.8354045510292053,-0.08786826133728029,-1.2085820734500885,0.21434006690978957,12150.0,0.9941903281237214,False
D5,4,all,all,"first-hour MAE, schedule projected at origin",prod_served,5.458557730198345,4.9785209655761715,5.9993878364562985,7613.0,True,118,33,clim,1.5705111228813555,1.1275687634944915,2.0470226824283597,0.7832534909248352,2.4867653965950014,7552.0,0.6179527043613452,False
D5,4,all,all,"first-hour MAE, schedule projected at origin",prod_served_lin,5.736430707228289,5.247276020050049,6.300320613384247,7692.0,True,120,33,clim,1.7943829843276706,1.3336812615394593,2.2780767440795895,0.9344849824905396,2.764154106378555,7593.0,0.621307585303985,False
D5,4,all,all,"first-hour MAE, schedule projected at origin",snaive7,5.436348251222264,4.741784715652466,6.345274889469146,10636.0,True,193,33,clim,0.7252252252252251,0.35868284702301023,1.104242992401123,0.33164966106414795,1.7804987311363212,10101.0,0.8265281073561902,False
D5,4,all,all,"first-hour MAE, schedule projected at origin",wt_med,4.400124165761292,3.823560494184494,5.212717449665069,12886.0,True,200,33,clim,-0.20099164071463704,-0.3082878828048706,-0.0935447096824646,-0.3520210742950439,-0.03598430156707792,12202.0,0.9984452990753621,True
D5,5,all,all,"first-hour MAE, schedule projected at origin",chronos2,6.606515003521976,6.1144375681877134,7.127311003208161,12190.0,True,188,33,wt_med,2.34887941742772,1.9297438859939575,2.7813344478607176,0.7893589019775391,3.3446927249431604,11969.0,0.9802620802620803,False
D5,5,all,all,"first-hour MAE, schedule projected at origin",chronos2_grid,4.552981583655516,4.189732027053833,4.9418446063995365,12190.0,True,188,33,wt_med,0.2540668691446619,0.019327890872955323,0.46954992413520813,-0.05202382802963257,0.6911566376686095,11969.0,0.9802620802620803,False
D5,5,all,all,"first-hour MAE, schedule projected at origin",chronos2_nocov,7.85691140896967,7.199744212627411,8.582431244850158,12190.0,True,188,33,wt_med,3.620815470559484,3.036768877506256,4.235572028160095,1.8260204195976257,5.02910133600235,11969.0,0.9802620802620803,False
D5,5,all,all,"first-hour MAE, schedule projected at origin",chronos2_owx,6.614795322746796,6.1176388502120975,7.138245177268982,12190.0,True,188,33,wt_med,2.3566588097740535,1.9233277440071106,2.791385281085968,0.7684538125991821,3.378864681720733,11969.0,0.9802620802620803,False
D5,5,all,all,"first-hour MAE, schedule projected at origin",chronos2_owx_x_h5,4.275194286750477,3.9210202932357787,4.644388723373413,12319.0,True,192,33,wt_med,-0.030454445341383085,-0.1348691463470459,0.04070816636085509,-0.10468945503234862,0.006389129161834714,12210.0,1.0,False
D5,5,all,all,"first-hour MAE, schedule projected at origin",chronos2_x_h5,4.276516885263832,3.9240530252456667,4.645576238632202,12319.0,True,192,33,wt_med,-0.029078766282722768,-0.13077452182769775,0.04026678800582883,-0.09560376405715942,0.006479597091674803,12210.0,1.0,False
D5,5,all,all,"first-hour MAE, schedule projected at origin",clim,4.6367865225044005,4.223710572719574,5.123742234706879,11931.0,True,185,33,wt_med,0.27141645462256214,0.14417285919189454,0.40561801195144653,0.06519678235054016,0.5486637830734252,11790.0,0.9656019656019657,False
D5,5,all,all,"first-hour MAE, schedule projected at origin",h5,4.298375476905593,3.9423793137073515,4.71030535697937,12319.0,True,192,33,wt_med,-0.0068642506142504445,-0.0504243016242981,0.027134835720062252,-0.06332204937934875,0.09052411317825317,12210.0,1.0,False
D5,5,all,all,"first-hour MAE, schedule projected at origin",lvlh5_cbd,3.675238982168428,3.248537629842758,4.1954715847969055,6311.0,True,89,33,wt_med,0.055819840460424874,-0.015074700117111206,0.16869732141494748,-0.0028834283351898194,0.32780010700225826,6253.0,0.5121212121212121,False
D5,5,all,all,"first-hour MAE, schedule projected at origin",lvlh5_naive,4.296307371088673,3.9354063749313353,4.671277809143066,12317.0,True,192,33,wt_med,-0.006769805868330536,-0.09919352531433105,0.06152254343032835,-0.03236942291259766,0.024395942687988278,12208.0,0.9998361998361999,False
D5,5,all,all,"first-hour MAE, schedule projected at origin",lvlh5_tft,3.839002357154886,3.4344493985176086,4.318257284164429,7326.0,True,112,33,wt_med,0.009212966480343976,-0.026100283861160277,0.05735046863555907,-0.04810404181480408,0.13905184268951415,7261.0,0.5946764946764946,False
D5,5,all,all,"first-hour MAE, schedule projected at origin",oracle_level,4.266267766038207,3.9096274197101595,4.676686036586761,12280.0,True,192,33,wt_med,-0.01068164444798203,-0.05238227844238281,0.03049278259277341,-0.04923728108406067,0.03751044273376464,12173.0,0.996969696969697,False
D5,5,all,all,"first-hour MAE, schedule projected at origin",oracle_shape,3.7763065501057986,3.4122151017189024,4.192857706546784,12180.0,True,190,33,wt_med,-0.5162944336134498,-0.8403944969177246,-0.15217633247375492,-1.0454201400279999,-0.03620709180831911,12029.0,0.9851760851760851,True
D5,5,all,all,"first-hour MAE, schedule projected at origin",prod_served,5.155614010798837,4.685976088047028,5.734008240699768,7223.0,True,110,33,wt_med,1.3375052148518978,1.041516524553299,1.6662698805332183,0.9985112845897675,1.891723752021789,7191.0,0.5889434889434889,False
D5,5,all,all,"first-hour MAE, schedule projected at origin",prod_served_lin,5.374488194349666,4.926878869533539,5.895837843418121,7327.0,True,114,33,wt_med,1.5076636288318142,1.212377667427063,1.8188269078731536,1.085696280002594,1.9792289257049558,7242.0,0.5931203931203931,False
D5,5,all,all,"first-hour MAE, schedule projected at origin",snaive7,5.234696895022179,4.772861361503601,5.747347056865692,10145.0,True,186,33,wt_med,0.9002572729071838,0.544452679157257,1.2784174919128417,0.5812749683856964,1.6039214491844178,10106.0,0.8276822276822277,False
D5,5,all,all,"first-hour MAE, schedule projected at origin",wt_med,4.315028665028665,3.9549055099487305,4.732891213893891,12210.0,True,192,33,wt_med,,,,,,,,
D5,6,all,all,"first-hour MAE, schedule projected at origin",chronos2,6.908354085098838,6.281363046169281,7.570059812068939,11962.0,True,182,33,wt_med,2.7001205401867248,2.1566290259361267,3.25950670838356,0.6475320100784302,3.97107635140419,11722.0,0.9694814324704325,False
D5,6,all,all,"first-hour MAE, schedule projected at origin",chronos2_grid,4.6043872635931775,4.1721618413925174,5.071041107177734,11962.0,True,182,33,wt_med,0.35300475488118277,0.13899129629135132,0.5695368885993958,0.13946945667266847,0.6037434697151184,11722.0,0.9694814324704325,False
D5,6,all,all,"first-hour MAE, schedule projected at origin",chronos2_nocov,8.094079579742552,7.3991087675094604,8.853965544700623,11962.0,True,182,33,wt_med,3.9025717978793955,3.2441460251808167,4.602168893814087,1.3593777775764466,5.53305685520172,11722.0,0.9694814324704325,False
D5,6,all,all,"first-hour MAE, schedule projected at origin",chronos2_owx,6.873202067795973,6.270076620578766,7.529685389995575,11962.0,True,182,33,wt_med,2.6627874971554766,2.13214647769928,3.212435209751129,0.6598195314407349,3.965860241651535,11722.0,0.9694814324704325,False
D5,6,all,all,"first-hour MAE, schedule projected at origin",chronos2_owx_x_h5,4.27882969495174,3.8700190246105195,4.772067523002624,12150.0,True,186,33,wt_med,-0.014465647200132103,-0.05125393271446228,0.02102367877960204,-0.06907712221145629,0.014863693714141842,12091.0,1.0,False
D5,6,all,all,"first-hour MAE, schedule projected at origin",chronos2_x_h5,4.277805575625039,3.8694778263568876,4.7711202025413515,12150.0,True,186,33,wt_med,-0.015487301047809154,-0.051967310905456546,0.020170080661773674,-0.07598881721496582,0.014463448524475096,12091.0,1.0,False
D5,6,all,all,"first-hour MAE, schedule projected at origin",clim,4.429858149856409,3.9995509028434753,4.892430031299591,11491.0,True,177,33,wt_med,0.20035801606706194,0.09431161880493165,0.30628865957260126,0.09497678279876709,0.37208642959594723,11452.0,0.9471507733024563,False
D5,6,all,all,"first-hour MAE, schedule projected at origin",h5,4.274068930041152,3.862279051542282,4.76862086057663,12150.0,True,186,33,wt_med,-0.019373914481845667,-0.05425670146942139,0.0126832365989685,-0.07964388728141784,0.017951238155364986,12091.0,1.0,False
D5,6,all,all,"first-hour MAE, schedule projected at origin",lvlh5_cbd,3.4854838322571267,3.005530470609665,4.058260154724121,6011.0,True,85,33,wt_med,0.03226359610978102,-0.0033351957798004148,0.07279284000396727,3.835558891296392e-05,0.16602295637130735,5990.0,0.4954098089488049,False
D5,6,all,all,"first-hour MAE, schedule projected at origin",lvlh5_naive,4.281858862453672,3.8748376667499542,4.783412027359009,12147.0,True,186,33,wt_med,-0.012195855895388519,-0.06123945713043213,0.031171119213104247,-0.05879132747650146,0.025614464282989486,12090.0,0.9999172938549334,False
D5,6,all,all,"first-hour MAE, schedule projected at origin",lvlh5_tft,3.6450731091957893,3.2233324229717253,4.171194553375244,7065.0,True,108,33,wt_med,0.020544200670099766,-0.006807994842529297,0.05204212665557861,-0.001603412628173828,0.07929087877273559,7038.0,0.5820858489785791,False
D5,6,all,all,"first-hour MAE, schedule projected at origin",oracle_level,4.260027284614987,3.849788761138916,4.739545798301696,12105.0,True,186,33,wt_med,-0.020403874365972463,-0.09063631296157837,0.03911259174346923,-0.06955821514129638,0.015223979949951167,12049.0,0.9965263419072037,False
D5,6,all,all,"first-hour MAE, schedule projected at origin",oracle_shape,3.67411654226131,3.3170426726341247,4.090143537521362,11935.0,True,183,33,wt_med,-0.5755946555576377,-0.9314004421234131,-0.2483728408813481,-1.0433108448982238,-0.18343741297721877,11878.0,0.9823835911008187,True
D5,6,all,all,"first-hour MAE, schedule projected at origin",prod_served,4.845921014701643,4.399623513221741,5.39278267621994,6938.0,True,106,33,wt_med,1.2472463768115944,0.9079082608222961,1.601769757270813,0.8858719348907471,1.6261373698711394,6900.0,0.5706724009593913,False
D5,6,all,all,"first-hour MAE, schedule projected at origin",prod_served_lin,5.139405336361056,4.6528123140335085,5.7404412150383,7046.0,True,109,33,wt_med,1.4929504568817813,1.1810113847255708,1.8430837035179137,0.9723676800727844,2.0288831591606136,7004.0,0.5792738400463154,False
D5,6,all,all,"first-hour MAE, schedule projected at origin",snaive7,5.302302302302302,4.785924553871155,5.9091697335243225,9990.0,True,179,33,wt_med,0.9724405481660625,0.5243070960044861,1.4358145534992217,0.6048992872238159,1.6401898980140683,9924.0,0.8207757836407245,False
D5,6,all,all,"first-hour MAE, schedule projected at origin",wt_med,4.27772723513357,3.872204464673996,4.760759508609771,12091.0,True,186,33,wt_med,,,,,,,,
D5,7,all,all,"first-hour MAE, schedule projected at origin",chronos2,7.143684938973932,6.634508001804352,7.721755313873291,11283.0,True,176,32,wt_med,3.0766605357734527,2.5357605814933777,3.595368003845215,0.7700047254562378,4.657989680767059,11074.0,0.9863721385944598,False
D5,7,all,all,"first-hour MAE, schedule projected at origin",chronos2_grid,4.531768045304547,4.153625583648681,4.9955291390419,11283.0,True,176,32,wt_med,0.4133768432597211,0.20857384204864501,0.6330586910247802,0.24942625761032106,0.7027805566787719,11074.0,0.9863721385944598,False
D5,7,all,all,"first-hour MAE, schedule projected at origin",chronos2_nocov,8.298179855184395,7.6229679703712465,9.054961681365967,11283.0,True,176,32,wt_med,4.251066360358235,3.578932356834412,4.929280805587768,1.787957537174225,6.340938901901245,11074.0,0.9863721385944598,False
D5,7,all,all,"first-hour MAE, schedule projected at origin",chronos2_owx,7.1227455700816265,6.612417268753052,7.695228648185729,11283.0,True,176,32,wt_med,3.05474374150894,2.527869713306427,3.5788387060165405,0.8100946903228761,4.6551163315773,11074.0,0.9863721385944598,False
D5,7,all,all,"first-hour MAE, schedule projected at origin",chronos2_owx_x_h5,4.143115997008543,3.7483028531074525,4.622704482078552,11277.0,True,176,32,wt_med,-0.01962509145227198,-0.06759928464889527,0.023303568363189697,-0.06297866702079773,0.009205055236816405,11227.0,1.0,False
D5,7,all,all,"first-hour MAE, schedule projected at origin",chronos2_x_h5,4.144108878568867,3.7486113250255584,4.6226568698883055,11277.0,True,176,32,wt_med,-0.01862778804479337,-0.06592198014259339,0.02452559471130371,-0.057317376136779785,0.009396880865097044,11227.0,1.0,False
D5,7,all,all,"first-hour MAE, schedule projected at origin",clim,4.434714113613196,4.03050035238266,4.891595304012299,10791.0,True,169,32,wt_med,0.3147132633144345,0.19395526647567748,0.4462884545326232,0.15017645359039308,0.49085673093795773,10759.0,0.9583147768771711,False
D5,7,all,all,"first-hour MAE, schedule projected at origin",h5,4.141316396204664,3.7475752592086793,4.619734537601471,11277.0,True,176,32,wt_med,-0.02143270686737342,-0.06917685270309448,0.021320891380310052,-0.06606695652008057,0.005155748128890987,11227.0,1.0,False
D5,7,all,all,"first-hour MAE, schedule projected at origin",lvlh5_cbd,3.4284014136557315,2.9536555290222166,4.092409944534301,5771.0,True,84,32,wt_med,0.008246580692347738,-0.018412888050079346,0.04044052362442015,-0.038313543796539305,0.10936465263366699,5759.0,0.5129598289837,False
D5,7,all,all,"first-hour MAE, schedule projected at origin",lvlh5_naive,4.162931315717413,3.7545778095722198,4.648132932186127,11277.0,True,176,32,wt_med,0.00027847575890849185,-0.0508439302444458,0.05517098903656006,-0.02683427333831787,0.03876310586929317,11227.0,1.0,False
D5,7,all,all,"first-hour MAE, schedule projected at origin",lvlh5_tft,3.4941141455897764,3.049024748802185,4.099257147312164,6749.0,True,104,32,wt_med,0.02808201346194128,-0.01678841710090637,0.1003625750541687,-0.023249614238739013,0.20059207081794725,6729.0,0.5993586888750334,False
D5,7,all,all,"first-hour MAE, schedule projected at origin",oracle_level,4.1224849396533045,3.7353580415248873,4.602452743053436,11251.0,True,176,32,wt_med,-0.03991893804326718,-0.0916815996170044,0.008389919996261588,-0.16341404914855956,0.002622240781784056,11202.0,0.9977732252605327,False
D5,7,all,all,"first-hour MAE, schedule projected at origin",oracle_shape,3.877773749134406,3.5038113236427306,4.278121197223664,11041.0,True,173,32,wt_med,-0.24973024854166814,-0.630990594625473,0.13721098899841308,-0.6977986216545105,0.16333832144737237,10991.0,0.9789792464594281,False
D5,7,all,all,"first-hour MAE, schedule projected at origin",prod_served,4.789411064842356,4.269573509693146,5.422680342197418,6724.0,True,104,32,wt_med,1.388182498130142,0.9964653730392456,1.8137382447719574,1.1757427096366881,1.9884775280952454,6685.0,0.5954395653335709,False
D5,7,all,all,"first-hour MAE, schedule projected at origin",prod_served_lin,5.174122289423218,4.638285660743714,5.827791297435761,6779.0,True,105,32,wt_med,1.7040244807121665,1.277235496044159,2.1335619270801542,1.446010172367096,2.4559189856052397,6740.0,0.6003384697603991,False
D5,7,all,all,"first-hour MAE, schedule projected at origin",wt_med,4.169056738220362,3.777476567029953,4.643571424484253,11227.0,True,176,32,wt_med,,,,,,,,
D5,10,all,all,"first-hour MAE, schedule projected at origin",chronos2_owx_x_h5,4.435201100396152,3.9557223856449126,4.972030997276306,13766.0,True,210,32,wt_med,0.09172926785590185,-0.06179897785186767,0.2504511713981628,-0.09032430052757263,0.31449320316314683,13664.0,1.0,False
D5,10,all,all,"first-hour MAE, schedule projected at origin",chronos2_x_h5,4.437528310797713,3.955398344993591,4.973435735702514,13766.0,True,210,32,wt_med,0.09402376075767549,-0.06116279363632202,0.2558517694473266,-0.09104251861572266,0.3236188054084777,13664.0,1.0,False
D5,10,all,all,"first-hour MAE, schedule projected at origin",clim,4.55366692131398,4.088296723365784,5.07328120470047,13090.0,True,201,32,wt_med,0.16330134357005743,0.03508774638175965,0.3015648841857909,-0.01414368152618408,0.4688984394073486,13025.0,0.9532347775175644,False
D5,10,all,all,"first-hour MAE, schedule projected at origin",h5,4.365397537411012,3.9260079324245454,4.8495639085769655,13766.0,True,210,32,wt_med,0.022545557669789495,-0.09761472940444946,0.14871953725814815,-0.125430428981781,0.15552949905395508,13664.0,1.0,False
D5,10,all,all,"first-hour MAE, schedule projected at origin",lvlh5_cbd,4.372347573421783,3.7627761006355285,5.179739153385162,7550.0,True,105,32,wt_med,0.15807177546748452,-0.16767770051956177,0.5193811535835265,-0.1606766104698181,0.6998029112815857,7474.0,0.5469847775175644,False
D5,10,all,all,"first-hour MAE, schedule projected at origin",lvlh5_naive,4.417691261876697,3.9575064420700072,4.923415780067444,13766.0,True,210,32,wt_med,0.07436158249374092,-0.058025550842285153,0.20812445878982544,-0.08136059045791626,0.2344207882881163,13664.0,1.0,False
D5,10,all,all,"first-hour MAE, schedule projected at origin",lvlh5_tft,4.459247544026591,3.8175588965415956,5.267279124259948,8676.0,True,131,32,wt_med,0.23016948875073773,-0.01632435321807861,0.5062880635261535,0.04775797724723816,0.5379897356033324,8598.0,0.6292447306791569,False
D5,10,all,all,"first-hour MAE, schedule projected at origin",oracle_level,4.298655762025563,3.886551338434219,4.772307968139648,13712.0,True,210,32,wt_med,-0.03760491085393536,-0.23969173431396484,0.15755562782287594,-0.3248313903808594,0.17849234342575065,13612.0,0.9961943793911007,False
D5,10,all,all,"first-hour MAE, schedule projected at origin",oracle_shape,3.589690175438173,3.2230739831924438,4.021983551979065,13648.0,True,209,32,wt_med,-0.7520192076903642,-1.078041660785675,-0.4330201387405396,-1.354040253162384,-0.24490732550621033,13509.0,0.9886563231850117,True
D5,10,all,all,"first-hour MAE, schedule projected at origin",prod_served,5.92284508740205,5.24818342924118,6.714002311229706,8295.0,True,127,32,wt_med,1.6735817104149033,1.2915080904960632,2.0750197052955626,1.209435224533081,2.2505849957466126,8267.0,0.6050204918032787,False
D5,10,all,all,"first-hour MAE, schedule projected at origin",prod_served_lin,6.407662224797219,5.666309094429016,7.259093999862671,8630.0,True,133,32,wt_med,2.142455086327578,1.7229418754577637,2.5639168977737428,1.6198500096797943,2.8828025221824642,8572.0,0.6273419203747073,False
D5,10,all,all,"first-hour MAE, schedule projected at origin",wt_med,4.352788348946135,3.9326340019702912,4.805816197395324,13664.0,True,210,32,wt_med,,,,,,,,
D5,14,all,all,"first-hour MAE, schedule projected at origin",chronos2_owx_x_h5,4.9881749013122665,4.513540852069855,5.572768998146057,12825.0,True,197,31,wt_med,-0.02420395059302649,-0.061731159687042236,0.010119175910949702,-0.07461824417114257,0.010770273208618163,12769.0,1.0,False
D5,14,all,all,"first-hour MAE, schedule projected at origin",chronos2_x_h5,4.990313180261547,4.51490763425827,5.574572050571442,12825.0,True,197,31,wt_med,-0.022108857788437852,-0.06110836267471313,0.013774716854095433,-0.0707921028137207,0.016898238658905027,12769.0,1.0,False
D5,14,all,all,"first-hour MAE, schedule projected at origin",clim,5.25125465436296,4.765602421760559,5.807358372211456,12354.0,True,191,31,wt_med,0.23548780487804866,0.019510650634765626,0.4518640041351317,-0.04708529710769653,0.5327588558197021,12300.0,0.963270420549769,False
D5,14,all,all,"first-hour MAE, schedule projected at origin",h5,4.993737816764132,4.517835104465485,5.5788245558738705,12825.0,True,197,31,wt_med,-0.016950231028271645,-0.048196041584014894,0.01378296613693237,-0.05915104150772094,0.015764963626861563,12769.0,1.0,False
D5,14,all,all,"first-hour MAE, schedule projected at origin",lvlh5_cbd,4.468054572054032,3.8051290571689607,5.32126396894455,6679.0,True,95,31,wt_med,0.005954979806685579,-0.031041538715362547,0.0530124187469482,-0.045261490345001223,0.09967806339263914,6661.0,0.5216540057952854,False
D5,14,all,all,"first-hour MAE, schedule projected at origin",lvlh5_naive,4.998606296103554,4.528162050247192,5.580102360248565,12813.0,True,196,31,wt_med,0.009472138913028338,-0.03144471645355225,0.057577037811279284,-0.023316919803619385,0.08069965839385985,12759.0,0.9992168533166262,False
D5,14,all,all,"first-hour MAE, schedule projected at origin",lvlh5_tft,4.631419630487794,3.955552649497986,5.465608537197113,7760.0,True,117,31,wt_med,-0.009898173140133082,-0.030852270126342774,0.011667430400848382,-0.05027141571044922,0.028648877143859854,7738.0,0.6059989035946433,False
D5,14,all,all,"first-hour MAE, schedule projected at origin",oracle_level,4.941500966159434,4.470755136013031,5.525715756416321,12799.0,True,197,31,wt_med,-0.06699174010629161,-0.12991514205932617,-0.016082906723022466,-0.21248167753219604,-0.0015820026397705136,12745.0,0.9981204479599028,True
D5,14,all,all,"first-hour MAE, schedule projected at origin",oracle_shape,4.887425893911464,4.308799576759339,5.562357246875763,12595.0,True,194,31,wt_med,-0.10367952150353243,-0.596479332447052,0.45933367013931264,-0.5636364817619324,0.7277836680412282,12532.0,0.981439423604041,False
D5,14,all,all,"first-hour MAE, schedule projected at origin",prod_served,5.754184908575843,5.112050640583038,6.5438451886177065,7766.0,True,117,31,wt_med,1.1236893203883493,0.5792703986167907,1.6977176904678344,0.18282077312469483,2.420726001262665,7725.0,0.6049808129062574,False
D5,14,all,all,"first-hour MAE, schedule projected at origin",prod_served_lin,6.079565744165285,5.429182291030884,6.856824910640716,7841.0,True,119,31,wt_med,1.3864627420802877,0.827772057056427,1.985178506374359,0.40958926677703855,2.6521761238574983,7797.0,0.6106194690265486,False
D5,14,all,all,"first-hour MAE, schedule projected at origin",wt_med,5.017542485707573,4.54398912191391,5.605595290660858,12769.0,True,197,31,wt_med,,,,,,,,
D5,21,all,all,"first-hour MAE, schedule projected at origin",chronos2_owx_x_h5,5.395875620415687,4.8443196535110475,6.046328783035278,13505.0,True,208,30,wt_med,-0.013088104532203992,-0.04519726037979126,0.022447884082794186,-0.042706191539764404,0.006586861610412591,13439.0,1.0,False
D5,21,all,all,"first-hour MAE, schedule projected at origin",chronos2_x_h5,5.400415784265298,4.847886192798614,6.051317095756531,13505.0,True,208,30,wt_med,-0.00931721691212406,-0.03929052352905273,0.0258358359336853,-0.031002068519592287,0.008180153369903562,13439.0,1.0,False
D5,21,all,all,"first-hour MAE, schedule projected at origin",clim,5.445674740484429,4.900691199302673,6.0809247374534605,13005.0,True,202,30,wt_med,0.0848714186423658,-0.14027023315429688,0.3088828802108764,-0.37912434339523315,0.5676203608512879,12949.0,0.9635389537912047,False
D5,21,all,all,"first-hour MAE, schedule projected at origin",h5,5.407293594964828,4.853666210174561,6.05785722732544,13505.0,True,208,30,wt_med,-0.002162549296822469,-0.030166125297546385,0.03090331554412841,-0.023713552951812746,0.029759860038757302,13439.0,1.0,False
D5,21,all,all,"first-hour MAE, schedule projected at origin",lvlh5_cbd,5.03585135814222,4.243187689781189,5.9770453572273246,6549.0,True,95,30,wt_med,-0.02052824631225203,-0.07950981855392455,0.037861049175262444,-0.13210999965667725,0.05084831714630119,6519.0,0.48508073517374806,False
D5,21,all,all,"first-hour MAE, schedule projected at origin",lvlh5_naive,5.416430233296963,4.872967958450317,6.0595396757125854,13493.0,True,207,30,wt_med,0.03740126737302418,-0.008716201782226563,0.09053714275360106,-0.006369185447692871,0.15793349742889398,13427.0,0.9991070764193765,False
D5,21,all,all,"first-hour MAE, schedule projected at origin",lvlh5_tft,5.215027505901742,4.452019083499908,6.132329642772675,7891.0,True,121,30,wt_med,-0.006774372959798214,-0.07222886085510254,0.05827966928482055,-0.071161949634552,0.05521360635757444,7855.0,0.5844928938165042,False
D5,21,all,all,"first-hour MAE, schedule projected at origin",oracle_level,5.3503301004552455,4.797755110263824,5.988634395599365,13475.0,True,208,30,wt_med,-0.04319089109849639,-0.12074201107025147,0.02735309600830077,-0.1892051815986633,0.016659736633300778,13410.0,0.9978421013468264,False
D5,21,all,all,"first-hour MAE, schedule projected at origin",oracle_shape,5.420022314254719,4.809608507156372,6.1935419797897335,13218.0,True,204,30,wt_med,0.04226104272417608,-0.5696556687355041,0.7433820366859435,-0.8005285382270813,1.3230712413787842,13126.0,0.9767095766054021,False
D5,21,all,all,"first-hour MAE, schedule projected at origin",prod_served,6.54439162276757,5.7980842113494875,7.444172811508179,7783.0,True,119,30,wt_med,1.45945421624418,0.794408118724823,2.1268754124641416,0.6963093280792236,2.9477823138236996,7732.0,0.5753404271151127,False
D5,21,all,all,"first-hour MAE, schedule projected at origin",prod_served_lin,7.088817448310641,6.306362318992615,8.028524398803711,7932.0,True,123,30,wt_med,1.860851753048781,1.194065225124359,2.536047124862671,0.977423095703125,3.5887871026992793,7872.0,0.5857578688890542,False
D5,21,all,all,"first-hour MAE, schedule projected at origin",wt_med,5.392514323982439,4.842445576190949,6.050612580776215,13439.0,True,208,30,wt_med,,,,,,,,
D5,30,all,all,"first-hour MAE, schedule projected at origin",chronos2_owx_x_h5,5.028895794824319,4.638892900943756,5.4156907081604,18584.0,True,280,29,wt_med,-0.056976165683332525,-0.1391817808151245,0.02150641679763794,-0.220849871635437,0.0034885644912719723,18358.0,1.0,False
D5,30,all,all,"first-hour MAE, schedule projected at origin",chronos2_x_h5,5.034752371133152,4.6441819906234745,5.420800578594208,18584.0,True,280,29,wt_med,-0.05177922131731716,-0.13597729206085205,0.029634785652160645,-0.21366724967956544,0.014913535118103024,18358.0,1.0,False
D5,30,all,all,"first-hour MAE, schedule projected at origin",clim,5.2363333906958065,4.814760625362396,5.654774463176727,17433.0,True,263,29,wt_med,0.3834265528407421,0.22232298851013182,0.5437994599342346,0.16094117164611815,0.7894970417022704,16985.0,0.9252097178341867,False
D5,30,all,all,"first-hour MAE, schedule projected at origin",h5,4.98645340077486,4.605698192119599,5.379107415676117,18584.0,True,280,29,wt_med,-0.09613315720666726,-0.17323366403579712,-0.02266391515731812,-0.28018759489059447,-0.011883044242858888,18358.0,1.0,True
D5,30,all,all,"first-hour MAE, schedule projected at origin",lvlh5_cbd,4.630341445823674,3.98954558968544,5.347115266323089,8027.0,True,117,29,wt_med,0.004670970222981019,-0.19324033260345458,0.214097499847412,-0.15870146751403807,0.17987277507781982,7922.0,0.43152848894215057,False
D5,30,all,all,"first-hour MAE, schedule projected at origin",lvlh5_naive,5.019486213969689,4.6319575071334835,5.404688382148743,18584.0,True,280,29,wt_med,-0.06504613480508947,-0.1471256136894226,0.01599184274673461,-0.23069359064102174,-0.0009089350700378421,18358.0,1.0,True
D5,30,all,all,"first-hour MAE, schedule projected at origin",lvlh5_tft,4.620049877459952,4.034014904499054,5.298584246635437,8325.0,True,130,29,wt_med,0.0005070141081304769,-0.15834364295005798,0.15725008249282835,-0.2131567120552063,0.2219295144081114,8212.0,0.44732541671206016,False
D5,30,all,all,"first-hour MAE, schedule projected at origin",oracle_level,4.976151859153782,4.608622968196869,5.36644606590271,18537.0,True,280,29,wt_med,-0.09361409621399908,-0.19510492086410522,0.003335797786712634,-0.3254400134086609,0.02755622863769531,18315.0,0.9976576969168754,False
D5,30,all,all,"first-hour MAE, schedule projected at origin",oracle_shape,5.054637425472523,4.586631178855896,5.610206830501556,18957.0,True,287,29,wt_med,0.04690230001744666,-0.361819863319397,0.4532326579093932,-0.9526903748512268,0.9905553936958311,18120.0,0.9870356247957294,False
D5,30,all,all,"first-hour MAE, schedule projected at origin",prod_served,7.7742254042710774,7.129983377456665,8.562941551208496,8101.0,True,126,29,wt_med,3.117154020670532,2.588030457496643,3.6725858092308044,2.125583529472351,4.188565361499786,7934.0,0.4321821549188365,False
D5,30,all,all,"first-hour MAE, schedule projected at origin",prod_served_lin,8.373220951936538,7.704097485542297,9.210992169380187,8572.0,True,139,29,wt_med,3.6259423638132304,3.0782691478729247,4.244607543945312,2.423775535821915,4.792085957527161,8224.0,0.44797908268874603,False
D5,30,all,all,"first-hour MAE, schedule projected at origin",wt_med,5.030504412245342,4.63698126077652,5.431265211105346,18358.0,True,280,29,wt_med,,,,,,,,
D5,45,all,all,"first-hour MAE, schedule projected at origin",chronos2_owx_x_h5,5.4616029084996605,4.948050045967102,6.008119511604309,17893.0,True,273,27,clim,-0.2618416243422681,-0.5039790868759155,-0.02034652233123781,-0.722472858428955,0.004297995567321741,16388.0,0.9815524676569238,False
D5,45,all,all,"first-hour MAE, schedule projected at origin",chronos2_x_h5,5.46626983157865,4.952945911884308,6.016528153419495,17893.0,True,273,27,clim,-0.258626565379644,-0.4982574701309204,-0.021904480457306016,-0.7158764958381653,0.0065428614616393176,16388.0,0.9815524676569238,False
D5,45,all,all,"first-hour MAE, schedule projected at origin",clim,5.402521562050791,4.914809894561768,5.8890075325965885,16696.0,True,258,27,clim,,,,,,,,
D5,45,all,all,"first-hour MAE, schedule projected at origin",h5,5.39761359190745,4.90450234413147,5.901259672641753,17893.0,True,273,27,clim,-0.3145746887966805,-0.5410334825515747,-0.08611809015274051,-0.7732680082321167,-0.0797129571437836,16388.0,0.9815524676569238,True
D5,45,all,all,"first-hour MAE, schedule projected at origin",lvlh5_cbd,4.094476326893602,3.4352828085422518,4.896887695789337,3542.0,True,52,27,clim,-0.6265879101082756,-1.3522589027881622,0.028403127193450863,-2.2261026382446287,0.06182818412780761,3536.0,0.21178725443219934,False
D5,45,all,all,"first-hour MAE, schedule projected at origin",lvlh5_naive,5.398050618271315,4.907522308826446,5.9022247195243835,17885.0,True,273,27,clim,-0.31488997106838745,-0.5459651350975037,-0.07595722675323488,-0.7382025837898254,-0.08388748168945316,16388.0,0.9815524676569238,True
D5,45,all,all,"first-hour MAE, schedule projected at origin",lvlh5_tft,4.83427830191246,4.070507729053498,5.668062520027161,6643.0,True,105,27,clim,-0.6395651283436496,-1.1078024625778198,-0.1859549164772036,-1.4184250116348267,-0.08220046758651739,6525.0,0.39081217057977957,True
D5,45,all,all,"first-hour MAE, schedule projected at origin",oracle_level,5.288550190429894,4.8405030250549315,5.776870703697204,17855.0,True,273,27,clim,-0.4130201298563918,-0.694632625579834,-0.14044106006622317,-0.8430589318275452,-0.15120525360107426,16370.0,0.9804743651173934,True
D5,45,all,all,"first-hour MAE, schedule projected at origin",oracle_shape,5.297435130412198,4.879103910923004,5.784028995037079,18695.0,True,289,27,clim,-0.23822315822107676,-0.6654399633407593,0.21440516710281365,-1.3128570795059205,0.7372223854064941,16623.0,0.9956276952563489,False
D5,45,all,all,"first-hour MAE, schedule projected at origin",prod_served,6.2775871926815325,5.492310583591461,7.110158085823059,6996.0,True,108,27,clim,1.062997251555041,0.5959344744682312,1.5167960882186888,0.3631462097167969,1.5965100169181823,6913.0,0.4140512697652132,False
D5,45,all,all,"first-hour MAE, schedule projected at origin",prod_served_lin,6.612242477636216,5.856427145004273,7.42634254693985,7378.0,True,122,27,clim,1.2890082012788433,0.8291306972503663,1.7180336594581602,0.6191503882408143,1.7685883045196533,7194.0,0.4308816482989938,False
D5,45,all,all,"first-hour MAE, schedule projected at origin",wt_med,5.458855047941342,4.93436450958252,5.96113862991333,17730.0,True,273,27,clim,-0.22201173307259836,-0.4050539493560791,-0.03990457057952883,-0.530412757396698,-0.03165873289108279,16364.0,0.9801149976042166,True
D5,60,all,all,"first-hour MAE, schedule projected at origin",chronos2_owx_x_h5,5.977884660089113,5.4021300911903385,6.638315188884735,18754.0,True,302,25,wt_med,-0.013778128628601394,-0.07505258321762084,0.04903919696807861,-0.12960089445114137,0.10661743879318235,18555.0,1.0,False
D5,60,all,all,"first-hour MAE, schedule projected at origin",chronos2_x_h5,5.989350873574101,5.410934722423553,6.656949806213379,18754.0,True,302,25,wt_med,-0.002259744204898162,-0.0614848256111145,0.05673106908798215,-0.10863440036773682,0.11481459140777586,18555.0,1.0,False
D5,60,all,all,"first-hour MAE, schedule projected at origin",clim,6.001545765706084,5.4056923389434814,6.692933714389801,18114.0,True,305,25,wt_med,0.16781705948372583,0.015539431571960452,0.33673330545425406,-0.1811011791229248,0.5825977444648741,17820.0,0.9603880355699272,False
D5,60,all,all,"first-hour MAE, schedule projected at origin",h5,5.974045536952117,5.390843832492829,6.64142814874649,18754.0,True,302,25,wt_med,-0.01441659929938055,-0.06142982244491577,0.03626344203948972,-0.11550164222717285,0.08829202651977537,18555.0,1.0,False
D5,60,all,all,"first-hour MAE, schedule projected at origin",lvlh5_naive,5.99269076756894,5.407555389404297,6.680933177471161,18617.0,True,299,25,wt_med,0.00799377313914551,-0.05108157396316528,0.07047426700592037,-0.09087705612182617,0.13067116737365722,18428.0,0.9931554836971167,False
D5,60,all,all,"first-hour MAE, schedule projected at origin",lvlh5_tft,0.06060606060606061,0.0,0.24390244483947754,33.0,True,9,25,wt_med,0.0,0.0,0.0,0.0,0.0,33.0,0.0017784963621665319,False
D5,60,all,all,"first-hour MAE, schedule projected at origin",oracle_level,5.967732413562827,5.385126996040344,6.646185803413391,18709.0,True,302,25,wt_med,-0.014531092773846233,-0.12313160896301269,0.09432977437973021,-0.21108801364898683,0.1732413053512572,18512.0,0.9976825653462679,False
D5,60,all,all,"first-hour MAE, schedule projected at origin",oracle_shape,5.511923162783449,4.992265594005585,6.118641340732575,18829.0,True,306,25,wt_med,-0.48608406815135385,-1.0086198687553405,-0.006800734996795663,-1.747822093963623,0.4191752791404721,18156.0,0.9784963621665319,False
D5,60,all,all,"first-hour MAE, schedule projected at origin",prod_served,0.0,0.0,0.0,32.0,True,8,25,wt_med,0.0,0.0,0.0,0.0,0.0,32.0,0.0017246025330099704,False
D5,60,all,all,"first-hour MAE, schedule projected at origin",prod_served_lin,0.0,0.0,0.0,32.0,True,8,25,wt_med,0.0,0.0,0.0,0.0,0.0,32.0,0.0017246025330099704,False
D5,60,all,all,"first-hour MAE, schedule projected at origin",wt_med,5.94529776340609,5.37652325630188,6.597747874259948,18555.0,True,302,25,wt_med,,,,,,,,
D5,90,all,all,"first-hour MAE, schedule projected at origin",chronos2_owx_x_h5,6.320038100776631,5.749646484851837,6.939846241474152,16777.0,True,299,21,clim,-0.2742608392846826,-0.5103575110435485,-0.050598216056823735,-1.1390718579292298,0.3828211665153503,15349.0,0.9782040660251099,False
D5,90,all,all,"first-hour MAE, schedule projected at origin",chronos2_x_h5,6.34735211960512,5.773350644111633,6.965899395942688,16777.0,True,299,21,clim,-0.24417309606772086,-0.47199292182922364,-0.01113139390945435,-1.0515724062919616,0.38229727745056136,15349.0,0.9782040660251099,False
D5,90,all,all,"first-hour MAE, schedule projected at origin",clim,6.111433305716653,5.494743514060974,6.773416757583618,15691.0,True,285,21,clim,,,,,,,,
D5,90,all,all,"first-hour MAE, schedule projected at origin",h5,6.29950974548489,5.734653317928315,6.923375368118286,16777.0,True,299,21,clim,-0.29335787347709985,-0.5209643125534058,-0.068265700340271,-1.1297446250915528,0.3473852992057799,15349.0,0.9782040660251099,False
D5,90,all,all,"first-hour MAE, schedule projected at origin",lvlh5_naive,6.385931149999522,5.8084015369415285,7.04260983467102,16468.0,True,293,21,clim,-0.281754834047387,-0.5214827656745911,-0.05036984682083137,-1.1089502215385436,0.3672860622406004,15114.0,0.9632273277675101,False
D5,90,all,all,"first-hour MAE, schedule projected at origin",oracle_level,6.314197250891446,5.741154670715332,6.9629763007164005,16702.0,True,299,21,clim,-0.2977171292151297,-0.5887812376022339,-0.03337229490280155,-1.1696702241897583,0.4009723782539368,15285.0,0.974125294754955,False
D5,90,all,all,"first-hour MAE, schedule projected at origin",oracle_shape,6.041413157809393,5.60225625038147,6.5308415532112125,16555.0,True,287,21,clim,-0.2247354260810619,-0.8078015089035034,0.40753983259201015,-1.9923012495040893,1.2006425499916074,15113.0,0.9631635969664138,False
D5,90,all,all,"first-hour MAE, schedule projected at origin",wt_med,6.312659380692168,5.734564733505249,6.971192169189453,16470.0,True,298,21,clim,-0.20672669145951517,-0.4298462152481079,0.008016252517700008,-0.9658611536026,0.37865715026855457,15327.0,0.9768019884009942,False
D2,w0-45,headliners,all,live-window MAE (headliners),chronos2,6.7693021421574615,6.595228433609009,6.944197487831116,100116.0,True,821,33,persistence,-0.644790543306077,-0.7400548458099365,-0.5437155485153199,-0.9413212895393371,-0.3329975366592407,90035.0,0.9974629974297616,True
D2,w0-45,headliners,all,live-window MAE (headliners),clim,14.212761756300338,13.615217900276184,14.734093379974365,96225.0,True,807,33,persistence,7.4149784755634345,6.847313070297242,7.975269150733948,5.77726149559021,9.006107425689697,86878.0,0.9624878135247718,False
D2,w0-45,headliners,all,live-window MAE (headliners),h5,12.888573147064413,12.380478191375733,13.374001002311706,99963.0,True,819,33,persistence,6.145334692084395,5.652501058578491,6.6515257358551025,4.761973822116852,7.427177977561951,89911.0,0.9960892493131259,False
D2,w0-45,headliners,all,live-window MAE (headliners),lvlh5_naive,13.384347672564424,12.871755218505859,13.88207025527954,97263.0,True,804,33,persistence,6.643612631539125,6.1044490218162535,7.156709778308868,5.227856302261353,8.021788382530213,87362.0,0.9678498626251884,False
D2,w0-45,headliners,all,live-window MAE (headliners),lvlh5_tft,11.743884035590805,11.20846266746521,12.371532750129699,63524.0,True,522,33,persistence,5.2792007120634885,4.743018841743469,5.847198235988617,4.123615133762359,6.415329658985138,57013.0,0.6316250110786138,False
D2,w0-45,headliners,all,live-window MAE (headliners),persistence,7.146835947886201,6.912513709068298,7.35986475944519,90264.0,True,821,33,persistence,,,,,,,,
D2,w0-45,headliners,all,live-window MAE (headliners),snaive7,15.133243406989106,14.567200541496277,15.747770404815673,87479.0,True,788,33,persistence,8.315409309791331,7.758856499195099,8.918312788009644,6.889244878292084,9.638071560859679,79744.0,0.8834529823628468,False
D2,w0-45,headliners,all,live-window MAE (headliners),wt_med,12.935052818490986,12.427751231193543,13.435657238960266,99681.0,True,819,33,persistence,6.165983332590578,5.677787971496582,6.678956258296966,4.7831677317619326,7.454815173149109,89756.0,0.9943720641673314,False
D3,0,all,all,best-time hit rate (top-2),chronos2,0.7556522359318165,0.7434994295239449,0.7680678412318229,14021.0,False,810,33,wt_med,-0.06511065790467563,-0.07357830405235291,-0.054954683780670165,-0.08745967298746109,-0.04589065313339235,13239.0,0.9546437842515143,False
D3,0,all,all,best-time hit rate (top-2),chronos2_grid,0.8063618857428143,0.7952788054943085,0.8167855024337769,14021.0,False,810,33,wt_med,-0.012991917818566456,-0.02154081463813782,-0.005102448165416724,-0.029744791984558105,0.0031520366668701147,13239.0,0.9546437842515143,False
D3,0,all,all,best-time hit rate (top-2),chronos2_nocov,0.7030169032166037,0.6908415108919144,0.7161209344863891,14021.0,False,810,33,wt_med,-0.11926882695067609,-0.1301101729273796,-0.10767199248075485,-0.144750939309597,-0.09564502984285354,13239.0,0.9546437842515143,False
D3,0,all,all,best-time hit rate (top-2),chronos2_owx,0.7589330290278867,0.7464040830731392,0.7712427601218224,14021.0,False,810,33,wt_med,-0.06224035047964349,-0.07133101820945739,-0.05259737074375153,-0.08531958609819412,-0.04238305389881135,13239.0,0.9546437842515143,False
D3,0,all,all,best-time hit rate (top-2),clim,0.8222423295220861,0.8112088516354561,0.8321988120675087,12157.0,False,752,33,wt_med,-0.00857761492338438,-0.013812309503555298,-0.003612346947193148,-0.0145587757229805,-0.002963128685951233,12008.0,0.8658782809345256,False
D3,0,all,all,best-time hit rate (top-2),h5,0.8285435947394058,0.8184426769614219,0.8383375734090805,14371.0,False,808,33,wt_med,0.005480242284395698,0.00043094158172607433,0.010827739536762237,-0.0027683064341545104,0.013939729332923888,13868.0,1.0,False
D3,0,all,all,best-time hit rate (top-2),lvlh5_cbd,0.7559951226121122,0.7400946408510208,0.7704667255282402,7381.0,False,404,18,wt_med,-0.05980296933536833,-0.07140392959117889,-0.04932308942079544,-0.07758189141750335,-0.0415887787938118,7207.0,0.5196856071531584,False
D3,0,all,all,best-time hit rate (top-2),lvlh5_naive,0.8061842294940176,0.7945498466491699,0.8162475317716599,13874.0,False,784,33,wt_med,-0.019324744557974283,-0.026008398830890657,-0.013034231960773473,-0.031227259337902068,-0.0077669620513916016,13506.0,0.9738967406980098,False
D3,0,all,all,best-time hit rate (top-2),lvlh5_tft,0.7873437157271331,0.7744704410433769,0.8010127231478691,9118.0,False,516,19,wt_med,-0.025242280820374163,-0.03427354395389557,-0.016230303049087524,-0.037474732100963595,-0.013248416781425477,8874.0,0.6398903951543121,False
D3,0,all,all,best-time hit rate (top-2),snaive7,0.8138633058652448,0.7983039990067482,0.8275946468114853,6189.0,False,662,33,wt_med,-0.034678334143574796,-0.04527795016765594,-0.024651874601840974,-0.04801218956708908,-0.02293172776699066,6171.0,0.44498125180271125,False
D3,0,all,all,best-time hit rate (top-2),wt_med,0.8256417652148832,0.8150607541203498,0.8354557767510414,13868.0,False,799,33,wt_med,,,,,,,,
D3,1,all,all,best-time hit rate (top-2),chronos2,0.7232361754290384,0.7104613676667213,0.737461532652378,14684.0,False,849,33,wt_med,-0.0890508754790712,-0.10219790786504745,-0.07651638686656952,-0.12111815214157104,-0.06282500177621841,13307.0,0.9275756308378642,False
D3,1,all,all,best-time hit rate (top-2),chronos2_grid,0.7911332062108417,0.780954284965992,0.8023822799324989,14684.0,False,849,33,wt_med,-0.01931314345833024,-0.027602678537368773,-0.011019653081893928,-0.036808907985687256,-0.0038382545113563545,13307.0,0.9275756308378642,False
D3,1,all,all,best-time hit rate (top-2),chronos2_nocov,0.6381776082811224,0.6216123923659325,0.6546833246946335,14684.0,False,849,33,wt_med,-0.17404373637934922,-0.19153160750865936,-0.1570001557469368,-0.2135913148522377,-0.13358327746391296,13307.0,0.9275756308378642,False
D3,1,all,all,best-time hit rate (top-2),chronos2_owx,0.7246663034595479,0.7117081493139267,0.7384583085775376,14684.0,False,849,33,wt_med,-0.08807394604343577,-0.1014631912112236,-0.07476367056369781,-0.1192641794681549,-0.06227996051311493,13307.0,0.9275756308378642,False
D3,1,all,all,best-time hit rate (top-2),chronos2_owx_x_h5,0.7902342461233917,0.7808016031980515,0.7992638990283012,15155.0,False,840,33,wt_med,-0.02823086574654954,-0.035369330644607545,-0.02180401831865311,-0.038489484786987306,-0.015768399834632876,14346.0,1.0,False
D3,1,all,all,best-time hit rate (top-2),chronos2_x_h5,0.7891784889475421,0.7798162400722504,0.7986529171466827,15155.0,False,840,33,wt_med,-0.02920674752544261,-0.03670881688594818,-0.02277118712663651,-0.03973012864589691,-0.016728080809116364,14346.0,1.0,False
D3,1,all,all,best-time hit rate (top-2),clim,0.8169374849915952,0.8061797127127648,0.8270751118659974,12493.0,False,776,33,wt_med,-0.00908867600098262,-0.014536243677139283,-0.004263579845428467,-0.016057614982128144,-0.0032385110855102546,12213.0,0.8513174404015057,False
D3,1,all,all,best-time hit rate (top-2),h5,0.8210491586935005,0.8117896035313606,0.8309263601899147,15155.0,False,840,33,wt_med,0.00257911612993178,-0.0031507045030593874,0.00788529813289642,-0.007022342085838317,0.011618915200233459,14346.0,1.0,False
D3,1,all,all,best-time hit rate (top-2),lvlh5_cbd,0.7438226258848671,0.7285027340054512,0.7592292115092277,7487.0,False,409,18,wt_med,-0.06676888764984668,-0.07903858870267869,-0.055345283448696145,-0.08528255671262741,-0.04904800057411194,7174.0,0.5000697058413495,False
D3,1,all,all,best-time hit rate (top-2),lvlh5_naive,0.7942651843817787,0.7849847629666329,0.8035747811198235,14752.0,False,820,33,wt_med,-0.025723015703829955,-0.03308683335781097,-0.018906405568122866,-0.03644455224275589,-0.013466472923755647,14073.0,0.9809703053115851,False
D3,1,all,all,best-time hit rate (top-2),lvlh5_tft,0.7810841743835188,0.7678556352853775,0.792790450155735,9611.0,False,539,19,wt_med,-0.029756733275412728,-0.03945306539535522,-0.020680245757102967,-0.042229995131492615,-0.016883350908756256,9208.0,0.6418513871462429,False
D3,1,all,all,best-time hit rate (top-2),snaive7,0.8032510351173133,0.7884149685502052,0.8172260537743569,6521.0,False,710,33,wt_med,-0.03206225680933861,-0.041458599269390106,-0.022498258948326112,-0.043687406182289126,-0.020667801797389987,6425.0,0.4478600306705702,False
D3,1,all,all,best-time hit rate (top-2),wt_med,0.8213439286212184,0.8115796372294426,0.831942367553711,14346.0,False,829,33,wt_med,,,,,,,,
D3,2,all,all,best-time hit rate (top-2),chronos2,0.6799657324684861,0.6654180526733399,0.6944408640265465,16342.0,False,868,33,clim,-0.1395230416702028,-0.15713417232036592,-0.1232560008764267,-0.17367461174726487,-0.10725381076335908,11783.0,0.9293319662433945,False
D3,2,all,all,best-time hit rate (top-2),chronos2_grid,0.7795251499204504,0.7676829114556313,0.7905958265066146,16342.0,False,868,33,clim,-0.03216498345073404,-0.04133296012878418,-0.02328685075044632,-0.05238050520420075,-0.013458880782127385,11783.0,0.9293319662433945,False
D3,2,all,all,best-time hit rate (top-2),chronos2_nocov,0.5664545343287235,0.549712835252285,0.5832187697291374,16342.0,False,868,33,clim,-0.2584231519986421,-0.27952129691839217,-0.2375209778547287,-0.29844021797180176,-0.21996614038944245,11783.0,0.9293319662433945,False
D3,2,all,all,best-time hit rate (top-2),chronos2_owx,0.6853506302778117,0.6709783732891083,0.7000808924436569,16342.0,False,868,33,clim,-0.13426122379699568,-0.15150555968284607,-0.11799196153879166,-0.17008077055215837,-0.09987580180168154,11783.0,0.9293319662433945,False
D3,2,all,all,best-time hit rate (top-2),chronos2_owx_x_h5,0.7812103258569615,0.7702715113759041,0.792190945148468,16541.0,False,853,33,clim,-0.03597294070831669,-0.044328853487968445,-0.02801843136548996,-0.055202716588974,-0.021705082058906557,12565.0,0.9910087546336462,False
D3,2,all,all,best-time hit rate (top-2),chronos2_x_h5,0.7813312375309837,0.7702184960246086,0.7922461807727814,16541.0,False,853,33,clim,-0.03605252686032623,-0.044345954060554506,-0.02814791053533554,-0.055200377106666566,-0.021409609913825994,12565.0,0.9910087546336462,False
D3,2,all,all,best-time hit rate (top-2),clim,0.8352393721902358,0.8249978497624397,0.8451362729072571,12679.0,False,755,33,clim,,,,,,,,
D3,2,all,all,best-time hit rate (top-2),h5,0.8176047397376217,0.8068276166915893,0.8276608482003212,16541.0,False,853,33,clim,-7.958615200953645e-05,-0.007201270759105682,0.006616821885108948,-0.01722862422466278,0.011766536533832549,12565.0,0.9910087546336462,False
D3,2,all,all,best-time hit rate (top-2),lvlh5_cbd,0.7279000594883998,0.7131006494164467,0.7422093465924263,8405.0,False,424,18,clim,-0.08319906254577414,-0.09664947390556336,-0.07006413042545319,-0.11111485064029694,-0.055330902338027954,6827.0,0.5384494045271709,False
D3,2,all,all,best-time hit rate (top-2),lvlh5_naive,0.8044223937277961,0.7936204507946968,0.8147252589464188,16326.0,False,843,33,clim,-0.01610460017539661,-0.023410132527351378,-0.008934085071086886,-0.030945347249507902,-0.004476161301136017,12543.0,0.9892736020190867,False
D3,2,all,all,best-time hit rate (top-2),lvlh5_tft,0.7883412322274882,0.7744065880775451,0.8010322526097298,10550.0,False,543,19,clim,-0.025391996255558213,-0.03643956184387207,-0.015621674060821536,-0.04936119318008423,-0.007279266417026526,8546.0,0.6740279201829797,False
D3,2,all,all,best-time hit rate (top-2),snaive7,0.8326211695763643,0.8192163422703743,0.8453875809907914,8191.0,False,760,33,clim,-0.022793330273826018,-0.03090735524892807,-0.01522091031074524,-0.0340858981013298,-0.011778506636619574,6537.0,0.515576938244341,False
D3,2,all,all,best-time hit rate (top-2),wt_med,0.830042636930141,0.8196610063314438,0.8400025516748428,15245.0,False,839,33,clim,0.007530364372469567,0.003289102017879486,0.012395671010017394,0.0030885785818099976,0.012736682593822478,12350.0,0.9740515813549965,True
D3,3,all,all,best-time hit rate (top-2),chronos2,0.6854604897908827,0.6726354733109474,0.6990925386548043,16211.0,False,870,33,clim,-0.12634538152610442,-0.14207845330238342,-0.1101636290550232,-0.1543082818388939,-0.09586634039878845,12450.0,0.9697016901627853,False
D3,3,all,all,best-time hit rate (top-2),chronos2_grid,0.7881685275430264,0.7778985634446144,0.7978752434253692,16211.0,False,870,33,clim,-0.016787148594377577,-0.026833879947662353,-0.007151432335376743,-0.0362805038690567,0.004201368987560272,12450.0,0.9697016901627853,False
D3,3,all,all,best-time hit rate (top-2),chronos2_nocov,0.5775707852692616,0.5608515188097953,0.5946107164025307,16211.0,False,870,33,clim,-0.2402409638554217,-0.2584270596504211,-0.22002387940883636,-0.27125451117753985,-0.20347628146409988,12450.0,0.9697016901627853,False
D3,3,all,all,best-time hit rate (top-2),chronos2_owx,0.6863857874282895,0.6735173374414444,0.7002117350697518,16211.0,False,870,33,clim,-0.12522088353413663,-0.14136895537376404,-0.10920714437961579,-0.1538586512207985,-0.09519278705120088,12450.0,0.9697016901627853,False
D3,3,all,all,best-time hit rate (top-2),chronos2_owx_x_h5,0.790410529614541,0.780568215250969,0.8001240313053131,15955.0,False,857,33,clim,-0.024418877670814743,-0.03321839421987534,-0.015345436334609988,-0.04040495753288269,-0.009240089356899264,12777.0,0.9951709634706752,False
D3,3,all,all,best-time hit rate (top-2),chronos2_x_h5,0.7900971482293951,0.7802750527858734,0.7998281747102738,15955.0,False,857,33,clim,-0.02473194020505587,-0.03345269560813904,-0.01565821021795273,-0.04088515192270279,-0.00923365652561188,12777.0,0.9951709634706752,False
D3,3,all,all,best-time hit rate (top-2),clim,0.8249084819690007,0.8145842269062996,0.8353796750307083,12839.0,False,782,33,clim,,,,,,,,
D3,3,all,all,best-time hit rate (top-2),h5,0.823953371772374,0.8143829002976417,0.8340086802840233,15956.0,False,857,33,clim,0.009783204195037976,0.0028408139944076536,0.01690540760755539,0.0003723859786987305,0.019464217126369466,12777.0,0.9951709634706752,True
D3,3,all,all,best-time hit rate (top-2),lvlh5_cbd,0.7363336186865599,0.7234041631221771,0.7503909930586815,8177.0,False,428,18,clim,-0.07306198763123828,-0.0871318981051445,-0.05845549553632736,-0.09759984165430069,-0.045896150171756744,6953.0,0.5415530804579796,False
D3,3,all,all,best-time hit rate (top-2),lvlh5_naive,0.8002034846750604,0.7903367906808854,0.8102580785751343,15726.0,False,849,33,clim,-0.016159397552557242,-0.024287937581539153,-0.007908827066421511,-0.02940623611211777,-0.0014405712485313425,12748.0,0.9929122205779266,False
D3,3,all,all,best-time hit rate (top-2),lvlh5_tft,0.7856306130417805,0.7743804275989532,0.7970081567764282,10244.0,False,548,19,clim,-0.023068050749711633,-0.03504413515329361,-0.012196420133113863,-0.042650431394577026,-0.004430077970027925,8670.0,0.6752862372458914,False
D3,3,all,all,best-time hit rate (top-2),prod_served,0.7244669457696427,0.7092060968279839,0.739322891831398,10271.0,False,550,19,clim,-0.07915414837069557,-0.09151147603988648,-0.0671289086341858,-0.10663498789072037,-0.049888920783996586,8654.0,0.6740400342705818,False
D3,3,all,all,best-time hit rate (top-2),prod_served_lin,0.75550169655841,0.7405459076166153,0.7702246949076652,10315.0,False,550,19,clim,-0.04451345755693581,-0.057868468761444095,-0.03323846757411957,-0.06979629248380662,-0.022309514880180365,8694.0,0.6771555417088558,False
D3,3,all,all,best-time hit rate (top-2),snaive7,0.8047931449993305,0.791612708568573,0.8185095712542534,7469.0,False,737,33,clim,-0.03640088244563511,-0.046612903475761414,-0.025931265950202943,-0.046253475546836856,-0.027964608371257783,6346.0,0.4942752550821715,False
D3,3,all,all,best-time hit rate (top-2),wt_med,0.8203844613536243,0.8095540061593056,0.8303450822830201,14982.0,False,846,33,clim,0.0034848724853476787,-0.0018968150019645692,0.008045500516891478,-0.0007452875375747681,0.00814925581216812,12626.0,0.9834099228911909,False
D3,4,all,all,best-time hit rate (top-2),chronos2,0.6804641618906107,0.66541698127985,0.6949477389454841,14133.0,False,821,33,clim,-0.12482554082344732,-0.1413397327065468,-0.10764376372098923,-0.1545561209321022,-0.09326576441526413,11464.0,0.9452506596306068,False
D3,4,all,all,best-time hit rate (top-2),chronos2_grid,0.7872355480082077,0.7751727506518364,0.7984838336706161,14133.0,False,821,33,clim,-0.01290997906489888,-0.02180322855710983,-0.0038350999355316177,-0.026204055547714232,-9.241253137589768e-05,11464.0,0.9452506596306068,False
D3,4,all,all,best-time hit rate (top-2),chronos2_nocov,0.5721361352862095,0.5543512016534805,0.5902180805802345,14133.0,False,821,33,clim,-0.2388346127006281,-0.25809757560491564,-0.21867715716362,-0.2812947019934654,-0.19752480387687685,11464.0,0.9452506596306068,False
D3,4,all,all,best-time hit rate (top-2),chronos2_owx,0.6828698790065804,0.6673796668648719,0.6972286939620972,14133.0,False,821,33,clim,-0.12212142358688072,-0.13778821974992753,-0.10524749010801315,-0.1499607741832733,-0.09189420044422152,11464.0,0.9452506596306068,False
D3,4,all,all,best-time hit rate (top-2),chronos2_owx_x_h5,0.7883495145631068,0.7774966418743133,0.7997020438313485,14420.0,False,819,33,clim,-0.017849730178497225,-0.024511198699474334,-0.0106350377202034,-0.0293612465262413,-0.006415960192680364,12045.0,0.9931563324538258,False
D3,4,all,all,best-time hit rate (top-2),chronos2_x_h5,0.7882108183079057,0.7773885443806648,0.7994145452976227,14420.0,False,819,33,clim,-0.017849730178497225,-0.024612778425216676,-0.010665491223335266,-0.029376350343227386,-0.006446109712123873,12045.0,0.9931563324538258,False
D3,4,all,all,best-time hit rate (top-2),clim,0.8163753298153035,0.805452361702919,0.8273893848061562,12128.0,False,764,33,clim,,,,,,,,
D3,4,all,all,best-time hit rate (top-2),h5,0.8184466019417476,0.8079234659671783,0.8290657043457031,14420.0,False,819,33,clim,0.010626816106268255,0.00507936030626297,0.016176955401897432,0.0034840226173400877,0.018533268570899965,12045.0,0.9931563324538258,True
D3,4,all,all,best-time hit rate (top-2),lvlh5_cbd,0.7319780660692792,0.7163512438535691,0.7459383711218834,7477.0,False,410,18,clim,-0.06260627608594838,-0.07447875142097474,-0.05035102516412735,-0.08041405081748962,-0.045010508596897134,6469.0,0.5333937994722955,False
D3,4,all,all,best-time hit rate (top-2),lvlh5_naive,0.7993322915186817,0.7889210224151612,0.810601894557476,14078.0,False,802,33,clim,-0.008934535738142957,-0.01509828120470047,-0.002347946166992188,-0.018615201115608215,0.0005209326744079587,11976.0,0.987467018469657,False
D3,4,all,all,best-time hit rate (top-2),lvlh5_tft,0.7767837896098297,0.7634503975510597,0.7896177172660828,9278.0,False,524,19,clim,-0.02419555999002254,-0.03261534124612808,-0.015368297696113586,-0.0350038468837738,-0.013129028677940371,8018.0,0.6611147757255936,False
D3,4,all,all,best-time hit rate (top-2),prod_served,0.7282023681377826,0.713295179605484,0.7434364095330238,9290.0,False,524,19,clim,-0.0693548387096774,-0.08016451299190522,-0.058324992656707764,-0.09790646284818649,-0.04214708060026169,8060.0,0.6645778364116095,False
D3,4,all,all,best-time hit rate (top-2),prod_served_lin,0.7531910329293146,0.7380157828330993,0.7679477006196975,9323.0,False,524,19,clim,-0.04320376330774944,-0.05451890081167221,-0.03186351507902146,-0.0680293545126915,-0.022164595127105717,8078.0,0.6660620052770448,False
D3,4,all,all,best-time hit rate (top-2),snaive7,0.7982704402515723,0.7823990106582641,0.8140999108552933,6360.0,False,668,33,clim,-0.03422190201729103,-0.044220492243766785,-0.024044016003608705,-0.050269342958927155,-0.01974715143442154,5552.0,0.4577836411609499,False
D3,4,all,all,best-time hit rate (top-2),wt_med,0.815026781128476,0.8033012911677361,0.8259541496634484,13629.0,False,811,33,clim,0.0032040472175379753,-0.0017886400222778321,0.007460038363933559,-0.003121779859066009,0.009151506423950193,11860.0,0.9779023746701847,False
D3,5,all,all,best-time hit rate (top-2),chronos2,0.6761904761904762,0.6603154540061951,0.6925439178943634,13440.0,False,798,33,clim,-0.1392173036385299,-0.15664126873016357,-0.12299036979675293,-0.17553557008504866,-0.10015973448753358,10911.0,0.9404413032235821,False
D3,5,all,all,best-time hit rate (top-2),chronos2_grid,0.7936011904761905,0.7817627936601639,0.8051794394850731,13440.0,False,798,33,clim,-0.008981761525066467,-0.017917925119400022,0.00044637769460678086,-0.026895684003829957,0.00763677805662155,10911.0,0.9404413032235821,False
D3,5,all,all,best-time hit rate (top-2),chronos2_nocov,0.5602678571428571,0.5409631550312042,0.578630656003952,13440.0,False,798,33,clim,-0.2601044817156998,-0.2793563574552536,-0.24107194691896439,-0.30693063884973526,-0.20932583659887316,10911.0,0.9404413032235821,False
D3,5,all,all,best-time hit rate (top-2),chronos2_owx,0.6790922619047619,0.6635360240936279,0.6948809176683426,13440.0,False,798,33,clim,-0.13628448354871237,-0.15344465225934983,-0.1195502981543541,-0.17336003631353378,-0.0960774227976799,10911.0,0.9404413032235821,False
D3,5,all,all,best-time hit rate (top-2),chronos2_owx_x_h5,0.7882876312718786,0.7774384871125222,0.7993908271193504,13712.0,False,795,33,clim,-0.022199007573779017,-0.030053143203258515,-0.014139990508556367,-0.03395181745290756,-0.009659066796302802,11487.0,0.990087915876573,False
D3,5,all,all,best-time hit rate (top-2),chronos2_x_h5,0.7891627771295215,0.7785414561629296,0.8002648577094078,13712.0,False,795,33,clim,-0.02106729346217462,-0.029056669771671297,-0.012986420094966889,-0.03276316374540329,-0.008026473224163055,11487.0,0.990087915876573,False
D3,5,all,all,best-time hit rate (top-2),clim,0.8191691087743492,0.8081718549132347,0.830838768184185,11602.0,False,737,33,clim,,,,,,,,
D3,5,all,all,best-time hit rate (top-2),h5,0.82126449354627,0.8104817524552346,0.8317551091313362,13713.0,False,795,33,clim,0.009314066852367686,0.0035932764410972597,0.014877752959728239,0.0013774916529655456,0.01828078776597976,11488.0,0.9901741079124289,True
D3,5,all,all,best-time hit rate (top-2),lvlh5_cbd,0.7399010717230008,0.7245709851384163,0.7554497137665749,7278.0,False,403,18,clim,-0.05951235162014756,-0.0726470872759819,-0.04688877463340759,-0.07978939563035965,-0.03816301077604295,6234.0,0.537321151525599,False
D3,5,all,all,best-time hit rate (top-2),lvlh5_naive,0.7969851507424629,0.7862258419394493,0.8072109341621398,13334.0,False,778,33,clim,-0.016553667341727585,-0.023622290790081026,-0.009304581582546234,-0.02674359530210495,-0.004343956708908084,11357.0,0.9788829512153077,False
D3,5,all,all,best-time hit rate (top-2),lvlh5_tft,0.777300474790866,0.7637354373931885,0.7915364310145379,8846.0,False,507,19,clim,-0.027469624933967207,-0.03707526624202728,-0.018423311412334442,-0.04078973531723022,-0.013071307539939882,7572.0,0.6526460955007757,False
D3,5,all,all,best-time hit rate (top-2),prod_served,0.7291076085724005,0.7135513097047805,0.7449258103966713,8819.0,False,506,19,clim,-0.06969977516201564,-0.0823416456580162,-0.05896914899349213,-0.09897529780864715,-0.043979574739933025,7561.0,0.651697983106361,False
D3,5,all,all,best-time hit rate (top-2),prod_served_lin,0.7555655498088599,0.7389995247125626,0.7713539659976959,8894.0,False,506,19,clim,-0.037158613445378186,-0.049042369425296786,-0.02708379179239273,-0.062009046971797946,-0.018042708933353423,7616.0,0.6564385450784348,False
D3,5,all,all,best-time hit rate (top-2),snaive7,0.8079030383529803,0.7930807337164879,0.8229296743869782,6023.0,False,658,33,clim,-0.026398958914296333,-0.03635196685791016,-0.016431479156017306,-0.038329145312309264,-0.016121409833431244,5379.0,0.4636269608688157,False
D3,5,all,all,best-time hit rate (top-2),wt_med,0.818660472319009,0.807281744480133,0.8293810367584229,12915.0,False,788,33,clim,0.004172214824678222,-0.0008966729044914245,0.00883735120296478,-0.003895537555217743,0.011669743061065673,11265.0,0.9709532839165661,False
D3,6,all,all,best-time hit rate (top-2),chronos2,0.6719958358120166,0.6563161179423332,0.6862967133522033,13448.0,False,817,33,wt_med,-0.14218202558461668,-0.15818091928958894,-0.1266622319817543,-0.17711807489395143,-0.10709848552942278,12273.0,0.9372279495990836,False
D3,6,all,all,best-time hit rate (top-2),chronos2_grid,0.7919393218322427,0.7811925277113915,0.8023033335804939,13448.0,False,817,33,wt_med,-0.018821803959912065,-0.027689866721630096,-0.010294322669506088,-0.034052465856075284,-0.0050641894340515145,12273.0,0.9372279495990836,False
D3,6,all,all,best-time hit rate (top-2),chronos2_nocov,0.5619422962522308,0.5431049972772598,0.5795038118958473,13448.0,False,817,33,wt_med,-0.2529128982318912,-0.27290098667144774,-0.23296453505754472,-0.2986961409449577,-0.2046603485941887,12273.0,0.9372279495990836,False
D3,6,all,all,best-time hit rate (top-2),chronos2_owx,0.677498512790006,0.6625563859939575,0.6914542257785797,13448.0,False,817,33,wt_med,-0.13631548928542336,-0.15215393751859665,-0.12129240781068802,-0.17078279852867126,-0.10054224878549575,12273.0,0.9372279495990836,False
D3,6,all,all,best-time hit rate (top-2),chronos2_owx_x_h5,0.7906082159965162,0.7798290565609932,0.801557956635952,13778.0,False,814,33,wt_med,-0.024209561631281518,-0.03182903528213501,-0.016876964271068575,-0.03458049446344376,-0.01333265006542206,13094.0,0.9999236349751813,False
D3,6,all,all,best-time hit rate (top-2),chronos2_x_h5,0.7896646828276963,0.7789324387907982,0.8002798959612847,13778.0,False,814,33,wt_med,-0.02527875362761567,-0.03264896869659424,-0.01800097078084946,-0.036161322891712186,-0.014224973320961003,13094.0,0.9999236349751813,False
D3,6,all,all,best-time hit rate (top-2),clim,0.8118547832071576,0.7997122496366501,0.8227600544691086,11624.0,False,754,33,wt_med,-0.007689588120912139,-0.012266255915164948,-0.003188718855381014,-0.013378773629665375,-0.0023168221116066008,11314.0,0.8639938907980145,False
D3,6,all,all,best-time hit rate (top-2),h5,0.8219883889695211,0.8117203548550606,0.8320764794945716,13780.0,False,814,33,wt_med,0.006414662084765155,0.001093636453151703,0.011392126977443694,0.0004485368728637696,0.012682478129863738,13095.0,1.0,True
D3,6,all,all,best-time hit rate (top-2),lvlh5_cbd,0.7442540743836189,0.7285041153430939,0.758422988653183,7179.0,False,405,18,wt_med,-0.06331909880724484,-0.07436830997467041,-0.052151557803153996,-0.07890713065862656,-0.04549478888511658,6791.0,0.5185948835433372,False
D3,6,all,all,best-time hit rate (top-2),lvlh5_naive,0.8008320332813312,0.7909150257706642,0.8108414560556412,13461.0,False,797,33,wt_med,-0.017383206580785293,-0.024030661582946776,-0.010986848175525669,-0.026297251880168914,-0.008993332087993623,12886.0,0.9840397098129057,False
D3,6,all,all,best-time hit rate (top-2),lvlh5_tft,0.7716203914428766,0.7579091593623162,0.7848660573363304,8788.0,False,514,19,wt_med,-0.03167746580273578,-0.041283045709133145,-0.022427497804164892,-0.044484905898571014,-0.019019293785095214,8334.0,0.6364261168384879,False
D3,6,all,all,best-time hit rate (top-2),prod_served,0.7237020316027089,0.7063769206404686,0.7403638958930969,8860.0,False,515,19,wt_med,-0.08407565588773647,-0.09883978366851806,-0.07041378468275071,-0.11944313049316406,-0.05048894584178925,8195.0,0.6258113783886979,False
D3,6,all,all,best-time hit rate (top-2),prod_served_lin,0.7544431946006749,0.7371164560317993,0.770609712600708,8890.0,False,516,19,wt_med,-0.05147864184008766,-0.06597379446029664,-0.038416300714015965,-0.08628393709659576,-0.022868771851062775,8217.0,0.6274914089347079,False
D3,6,all,all,best-time hit rate (top-2),snaive7,0.8198425196850394,0.8052670359611511,0.8339740067720414,6350.0,False,692,33,wt_med,-0.02944942381562099,-0.039366519451141356,-0.02082086056470871,-0.04350604563951492,-0.015136875212192535,6248.0,0.4771286750668194,False
D3,6,all,all,best-time hit rate (top-2),wt_med,0.8192439862542955,0.8089473932981491,0.8295838415622712,13095.0,False,806,33,wt_med,,,,,,,,
D3,7,all,all,best-time hit rate (top-2),chronos2,0.6593561816965281,0.644071564078331,0.6755292057991028,13451.0,False,782,32,clim,-0.16277989408157578,-0.1802213728427887,-0.14446768313646316,-0.1989114597439766,-0.12237996757030488,10763.0,0.9460314669948141,False
D3,7,all,all,best-time hit rate (top-2),chronos2_grid,0.7760761281689094,0.7639924675226212,0.7876880839467049,13451.0,False,782,32,clim,-0.03066059648796804,-0.03977382779121399,-0.021401129662990574,-0.048026053607463835,-0.013007500767707826,10763.0,0.9460314669948141,False
D3,7,all,all,best-time hit rate (top-2),chronos2_nocov,0.5453869600773177,0.5265467450022697,0.566024012863636,13451.0,False,782,32,clim,-0.2807767351110285,-0.3012587308883667,-0.25976327508687974,-0.3219625025987625,-0.2312454700469971,10763.0,0.9460314669948141,False
D3,7,all,all,best-time hit rate (top-2),chronos2_owx,0.6607687160805888,0.6454605236649513,0.6771827057003975,13451.0,False,782,32,clim,-0.16101458701105642,-0.178277088701725,-0.14305981546640398,-0.19697275608778,-0.12064537554979325,10763.0,0.9460314669948141,False
D3,7,all,all,best-time hit rate (top-2),chronos2_owx_x_h5,0.7935166127609526,0.7820203453302383,0.8039099425077438,13604.0,False,779,32,clim,-0.021510135434186117,-0.030091367661952972,-0.013842064142227174,-0.03224743604660034,-0.009615989029407504,11297.0,0.9929682693152853,False
D3,7,all,all,best-time hit rate (top-2),chronos2_x_h5,0.7937371361364305,0.7823720693588256,0.80410146266222,13604.0,False,779,32,clim,-0.021333097282464353,-0.029828271269798277,-0.013717560470104218,-0.03201591670513153,-0.01012810915708542,11297.0,0.9929682693152853,False
D3,7,all,all,best-time hit rate (top-2),clim,0.8245583194163664,0.8136429354548455,0.8345293805003167,11377.0,False,719,32,clim,,,,,,,,
D3,7,all,all,best-time hit rate (top-2),h5,0.8277104005880191,0.8172768339514732,0.8375836417078972,13605.0,False,779,32,clim,0.010532837670384154,0.004255111515522003,0.01674043983221054,0.0023748889565467835,0.018988576531410218,11298.0,0.9930561659488442,True
D3,7,all,all,best-time hit rate (top-2),lvlh5_cbd,0.7520859850091924,0.7369768887758255,0.7663408011198044,7071.0,False,395,17,clim,-0.05853578998858633,-0.07115862369537354,-0.046043185889720915,-0.08161079436540604,-0.037245289981365205,6133.0,0.5390700536169465,False
D3,7,all,all,best-time hit rate (top-2),lvlh5_naive,0.8036219148773592,0.7928912654519081,0.8134001910686492,13087.0,False,753,32,clim,-0.014248588583206323,-0.022060059010982513,-0.006608115136623383,-0.023541726171970367,-0.004191263020038605,11159.0,0.9808385338841522,False
D3,7,all,all,best-time hit rate (top-2),lvlh5_tft,0.7832052040212891,0.7692508608102798,0.7966805577278138,8455.0,False,487,18,clim,-0.02640264026402639,-0.037557277083396914,-0.015157352387905124,-0.04190956801176071,-0.01053464859724046,7272.0,0.6391843192405731,False
D3,7,all,all,best-time hit rate (top-2),prod_served,0.7219995284131101,0.7056993246078491,0.7384039297699928,8482.0,False,484,18,clim,-0.08523425761507997,-0.09864802956581116,-0.07143407464027406,-0.12453269511461258,-0.053269676864147186,7321.0,0.6434912542849609,False
D3,7,all,all,best-time hit rate (top-2),prod_served_lin,0.7497062279670975,0.7334718033671379,0.7654941588640213,8510.0,False,484,18,clim,-0.0560021801335332,-0.06916367113590241,-0.04305606484413147,-0.09297849237918854,-0.028414383530616767,7339.0,0.6450733936890217,False
D3,7,all,all,best-time hit rate (top-2),wt_med,0.8227985712067091,0.8116826325654983,0.8332707241177559,12878.0,False,764,32,clim,0.003155142882899198,-0.0018442943692207336,0.008474670350551605,-0.0027015596628189088,0.008531974256038665,11093.0,0.9750373560692626,False
D3,10,all,all,best-time hit rate (top-2),chronos2_owx_x_h5,0.7838690593571288,0.7736914396286011,0.7946130812168122,15213.0,False,827,32,clim,-0.03155703580349711,-0.041144038736820224,-0.02216617465019226,-0.05006457418203354,-0.013891269266605383,12010.0,0.9927260704248636,False
D3,10,all,all,best-time hit rate (top-2),chronos2_x_h5,0.7838033261026753,0.7736843019723892,0.7941123336553574,15213.0,False,827,32,clim,-0.0317235636969192,-0.041456712782382964,-0.022024618089199068,-0.0503686785697937,-0.013896222412586213,12010.0,0.9927260704248636,False
D3,10,all,all,best-time hit rate (top-2),clim,0.8247644238717143,0.8137580335140229,0.8354231134057045,12098.0,False,748,32,clim,,,,,,,,
D3,10,all,all,best-time hit rate (top-2),h5,0.8191915872494249,0.8090358972549438,0.8303916499018669,15215.0,False,827,32,clim,0.004496253122397986,-0.0037084534764289857,0.01235007643699646,-0.006083916127681732,0.015267845988273618,12010.0,0.9927260704248636,False
D3,10,all,all,best-time hit rate (top-2),lvlh5_cbd,0.7252914343639129,0.7114218786358834,0.7393040224909783,7892.0,False,422,17,clim,-0.08278145695364247,-0.09854031652212143,-0.06825558692216874,-0.1064708337187767,-0.057958087325096136,6644.0,0.5491816829227971,False
D3,10,all,all,best-time hit rate (top-2),lvlh5_naive,0.793186212414161,0.7834896862506866,0.8037941917777062,14999.0,False,819,32,clim,-0.023881095524382112,-0.03318047374486923,-0.01437211185693741,-0.03930716961622238,-0.007427425682544714,11976.0,0.9899156885435609,False
D3,10,all,all,best-time hit rate (top-2),lvlh5_tft,0.7759453781512605,0.7633302628993988,0.7882197096943855,9520.0,False,519,18,clim,-0.03374040035251169,-0.045928466320037845,-0.021509046852588656,-0.05684320032596588,-0.0137075573205948,7943.0,0.6565548024466854,False
D3,10,all,all,best-time hit rate (top-2),prod_served,0.7253156696336163,0.7083809360861778,0.7408168092370033,9662.0,False,520,18,clim,-0.0771752837326608,-0.08931296467781066,-0.06513206958770752,-0.10547293275594712,-0.04992032498121263,7930.0,0.6554802446685403,False
D3,10,all,all,best-time hit rate (top-2),prod_served_lin,0.7555784061696658,0.739274249970913,0.7710870534181595,9725.0,False,521,18,clim,-0.042939409113670446,-0.05584768205881119,-0.031037326157093054,-0.06703690588474273,-0.0222790151834488,7988.0,0.6602744255248801,False
D3,10,all,all,best-time hit rate (top-2),wt_med,0.8226254002134472,0.812240070104599,0.8322415977716446,14055.0,False,812,32,clim,0.005338983050847457,0.0005015492439270021,0.010388921201229095,0.0005577728152275087,0.010711699724197386,11800.0,0.9753678293932881,True
D3,14,all,all,best-time hit rate (top-2),chronos2_owx_x_h5,0.7863453192808432,0.7744890347123146,0.7971297964453697,12904.0,False,751,31,clim,-0.028131785141131016,-0.036965197324752806,-0.020153965055942538,-0.040930503606796266,-0.016219019889831543,10593.0,0.9882451721242653,False
D3,14,all,all,best-time hit rate (top-2),chronos2_x_h5,0.7859578425294482,0.773967856168747,0.79692951887846,12904.0,False,751,31,clim,-0.028414991031813552,-0.037068530917167664,-0.02031383812427521,-0.041448289155960084,-0.016354143619537357,10593.0,0.9882451721242653,False
D3,14,all,all,best-time hit rate (top-2),clim,0.8254501352738128,0.814329968392849,0.8361564680933953,10719.0,False,689,31,clim,,,,,,,,
D3,14,all,all,best-time hit rate (top-2),h5,0.8214645486245641,0.8108958512544632,0.8320813626050949,12905.0,False,751,31,clim,0.0054753138865287765,-0.0006597310304641723,0.011769232153892514,-0.00274931788444519,0.013677713274955748,10593.0,0.9882451721242653,False
D3,14,all,all,best-time hit rate (top-2),lvlh5_cbd,0.7416096954630205,0.7253017902374268,0.7584897667169571,6436.0,False,365,16,clim,-0.07058823529411762,-0.08543882220983505,-0.05662543028593064,-0.09492452293634415,-0.047550174593925486,5525.0,0.5154398731224927,False
D3,14,all,all,best-time hit rate (top-2),lvlh5_naive,0.7974765448075056,0.7862136870622635,0.8084766164422035,12364.0,False,723,31,clim,-0.0198351858949789,-0.027719004452228545,-0.011814041435718537,-0.031040671467781066,-0.01009968221187592,10436.0,0.973598283421961,False
D3,14,all,all,best-time hit rate (top-2),lvlh5_tft,0.7703048936715348,0.7558060079813004,0.7848254978656769,7806.0,False,457,17,clim,-0.03546634470268639,-0.04768974632024765,-0.023074951767921452,-0.050610826909542085,-0.02144071310758591,6626.0,0.6181546786080792,False
D3,14,all,all,best-time hit rate (top-2),prod_served,0.7184576485461441,0.701560115814209,0.7351984336972237,7910.0,False,453,17,clim,-0.08469494828361568,-0.09811253100633621,-0.07100604176521302,-0.12573331594467163,-0.05228223353624344,6671.0,0.6223528314208415,False
D3,14,all,all,best-time hit rate (top-2),prod_served_lin,0.7468194986774153,0.7305304616689682,0.7642575860023498,7939.0,False,453,17,clim,-0.05367020481387352,-0.0673033982515335,-0.03938941359519958,-0.09307805001735688,-0.025401905179023746,6689.0,0.6240320925459465,False
D3,14,all,all,best-time hit rate (top-2),wt_med,0.8203021248339973,0.8090638428926468,0.831091396510601,12048.0,False,731,31,clim,-0.0015458937198068456,-0.006330646574497223,0.0034274786710739133,-0.006434826552867889,0.002676552534103393,10350.0,0.9655751469353484,False
D3,21,all,all,best-time hit rate (top-2),chronos2_owx_x_h5,0.7804299844682416,0.767948617041111,0.7915717497467994,12233.0,False,727,30,clim,-0.03202416918428996,-0.04152431786060333,-0.023801621794700623,-0.04664722830057144,-0.01991191804409027,9930.0,0.9848259446593276,False
D3,21,all,all,best-time hit rate (top-2),chronos2_x_h5,0.7799395078884983,0.7676821157336235,0.7911747470498085,12233.0,False,727,30,clim,-0.03232628398791537,-0.041756533086299896,-0.024031957983970648,-0.04702902883291245,-0.02019295394420624,9930.0,0.9848259446593276,False
D3,21,all,all,best-time hit rate (top-2),clim,0.826242189824457,0.8147535055875779,0.8370789974927902,10083.0,False,657,30,clim,,,,,,,,
D3,21,all,all,best-time hit rate (top-2),h5,0.8179441085144632,0.807086206972599,0.8284828022122384,12238.0,False,727,30,clim,0.002719033232628454,-0.003937016427516937,0.00967701971530914,-0.006649772822856903,0.011396692693233488,9930.0,0.9848259446593276,False
D3,21,all,all,best-time hit rate (top-2),lvlh5_cbd,0.7341384589215854,0.715411564707756,0.7519651100039482,5879.0,False,338,15,clim,-0.07583703106091166,-0.0939286231994629,-0.06015896946191788,-0.10202738046646118,-0.05085913687944413,4958.0,0.49171873450361997,False
D3,21,all,all,best-time hit rate (top-2),lvlh5_naive,0.7925141001538198,0.7799783393740654,0.8040939971804619,11702.0,False,696,30,clim,-0.023377422331590236,-0.03185872584581375,-0.014260466396808625,-0.037154103815555575,-0.012030936777591707,9753.0,0.9672716453436477,False
D3,21,all,all,best-time hit rate (top-2),lvlh5_tft,0.7672016748080949,0.7511206820607186,0.7826479390263558,7165.0,False,428,16,clim,-0.03689482470784633,-0.05116759091615677,-0.023458221554756166,-0.05431004613637924,-0.020762673020362866,5990.0,0.5940692254289398,False
D3,21,all,all,best-time hit rate (top-2),prod_served,0.7196504164959716,0.7027823075652122,0.7378916293382645,7323.0,False,423,16,clim,-0.083760966727363,-0.09853906333446502,-0.06892583966255188,-0.1281109407544136,-0.049201802909374245,6041.0,0.5991272438758306,False
D3,21,all,all,best-time hit rate (top-2),prod_served_lin,0.7431679129843644,0.7248723700642585,0.7621837019920349,7355.0,False,424,16,clim,-0.05477643953143041,-0.07047720551490784,-0.039831945300102235,-0.09628955125808716,-0.02551170736551285,6061.0,0.6011107805216701,False
D3,21,all,all,best-time hit rate (top-2),wt_med,0.8197188111763659,0.8076915115118026,0.8309375569224358,11238.0,False,696,30,clim,-0.0015566625155666314,-0.00685831755399704,0.0039020031690597504,-0.006647904217243194,0.003005923330783841,9636.0,0.9556679559654865,False
D3,30,all,all,best-time hit rate (top-2),chronos2_owx_x_h5,0.7715969087152804,0.7590418919920922,0.7839926540851593,13069.0,False,721,29,clim,-0.03767820773930752,-0.045925118029117584,-0.028761820495128633,-0.0536588191986084,-0.02358782440423966,9820.0,0.9811169947047658,False
D3,30,all,all,best-time hit rate (top-2),chronos2_x_h5,0.77121432397276,0.7588867738842964,0.7835747167468071,13069.0,False,721,29,clim,-0.03828920570264771,-0.04645652025938034,-0.029498460888862613,-0.05477780103683472,-0.02433352172374726,9820.0,0.9811169947047658,False
D3,30,all,all,best-time hit rate (top-2),clim,0.8371465680887201,0.8254941731691361,0.8481189370155334,10009.0,False,625,29,clim,,,,,,,,
D3,30,all,all,best-time hit rate (top-2),h5,0.8138485080336649,0.802136866748333,0.8259950891137123,13070.0,False,721,29,clim,0.00020366598777998846,-0.006315435469150543,0.007359050214290619,-0.009256666898727417,0.008295637369155883,9820.0,0.9811169947047658,False
D3,30,all,all,best-time hit rate (top-2),lvlh5_cbd,0.6989928525016245,0.6794477447867393,0.7160327926278114,6156.0,False,330,14,clim,-0.10616438356164382,-0.12057859301567078,-0.09110929071903229,-0.13188699036836624,-0.0806482657790184,4964.0,0.4959536417224498,False
D3,30,all,all,best-time hit rate (top-2),lvlh5_naive,0.7950781612753444,0.7831491738557815,0.807085745036602,12922.0,False,710,29,clim,-0.022453561951418566,-0.02999509871006012,-0.015119910240173342,-0.03258346766233444,-0.013359570503234865,9798.0,0.978918972924368,False
D3,30,all,all,best-time hit rate (top-2),lvlh5_tft,0.7797721242391135,0.760871022939682,0.7951748713850975,6407.0,False,350,14,clim,-0.02049580324028888,-0.03164728432893753,-0.00806386172771454,-0.03814926445484161,-0.006216144561767583,5123.0,0.5118393445898691,False
D3,30,all,all,best-time hit rate (top-2),prod_served,0.7200447928331467,0.7000127732753754,0.7385377421975136,7144.0,False,372,14,clim,-0.08738601823708203,-0.10303655862808228,-0.07115177512168884,-0.12523621767759324,-0.05412506014108659,5264.0,0.5259266660005995,False
D3,30,all,all,best-time hit rate (top-2),prod_served_lin,0.7309392265193371,0.7098878517746925,0.7498656809329987,7240.0,False,374,14,clim,-0.06897203325774759,-0.0846414566040039,-0.05319861620664597,-0.10535510331392288,-0.038469102978706364,5292.0,0.5287241482665601,False
D3,30,all,all,best-time hit rate (top-2),wt_med,0.8288555478018144,0.8179683744907379,0.8400590047240257,11464.0,False,687,29,clim,0.004728877679697319,-0.00021353363990783675,0.009489044547080994,-0.0005690127611160279,0.010520000755786895,9516.0,0.9507443301029074,False
D3,45,all,all,best-time hit rate (top-2),chronos2_owx_x_h5,0.7788761706555671,0.767021918296814,0.7913815349340438,11532.0,False,676,27,clim,-0.02398800599700146,-0.032632333040237424,-0.01420203596353531,-0.04026023894548416,-0.010448557138443,8671.0,0.9832180519333258,False
D3,45,all,all,best-time hit rate (top-2),chronos2_x_h5,0.7780090183836281,0.7664609998464584,0.7904160469770432,11532.0,False,676,27,clim,-0.025371929419905404,-0.03422880321741104,-0.015574875473976135,-0.04156204611063004,-0.010909351706504823,8671.0,0.9832180519333258,False
D3,45,all,all,best-time hit rate (top-2),clim,0.8250368522508221,0.8137402132153511,0.8368300303816796,8819.0,False,575,27,clim,,,,,,,,
D3,45,all,all,best-time hit rate (top-2),h5,0.8135945899080977,0.8009078726172447,0.8261533707380295,11534.0,False,676,27,clim,0.012455310806135378,0.005217474699020386,0.019617210328578945,0.004666170477867127,0.02159335762262344,8671.0,0.9832180519333258,True
D3,45,all,all,best-time hit rate (top-2),lvlh5_cbd,0.7058823529411765,0.6760119631886482,0.7346064567565918,1530.0,False,100,12,clim,-0.055679287305122505,-0.08765684664249421,-0.026954720914363864,-0.0934087485074997,-0.0029318034648895272,1347.0,0.15273840571493366,False
D3,45,all,all,best-time hit rate (top-2),lvlh5_naive,0.7808122632367193,0.7685209825634957,0.7926271870732308,11351.0,False,664,27,clim,-0.024435437174290642,-0.03291832953691483,-0.01497011035680771,-0.03889671266078949,-0.009497138857841493,8635.0,0.9791359564576483,False
D3,45,all,all,best-time hit rate (top-2),lvlh5_tft,0.7767739092111062,0.7579037323594093,0.7972676113247872,4538.0,False,261,11,clim,-0.01638477801268501,-0.033038145303726195,0.0,-0.035389688611030576,0.0011253967881202625,3784.0,0.4290735911101032,False
D3,45,all,all,best-time hit rate (top-2),prod_served,0.7286024906107926,0.7087029963731766,0.7500573366880416,5059.0,False,280,12,clim,-0.06663339156476167,-0.08168174922466279,-0.052238610386848454,-0.09515889883041381,-0.03794670104980469,4007.0,0.45435990475110555,False
D3,45,all,all,best-time hit rate (top-2),prod_served_lin,0.7539698098412076,0.733731435239315,0.7750307440757751,5101.0,False,283,12,clim,-0.03449987589972692,-0.05094374269247055,-0.02139030992984772,-0.06243743896484375,-0.009771086275577545,4029.0,0.4568545186529085,False
D3,45,all,all,best-time hit rate (top-2),wt_med,0.8183781661103475,0.8068280667066574,0.8295731097459793,10186.0,False,636,27,clim,0.000706880301602264,-0.00451863557100296,0.005867153406143188,-0.005156753957271576,0.0071360245347023,8488.0,0.9624673999319651,False
D3,60,all,all,best-time hit rate (top-2),chronos2_owx_x_h5,0.785767550868222,0.7729716166853905,0.7982903957366944,9387.0,False,586,25,clim,-0.02002164502164505,-0.02794518172740936,-0.012023958563804626,-0.030629482865333558,-0.009842672944068908,7392.0,0.9811521104327051,False
D3,60,all,all,best-time hit rate (top-2),chronos2_x_h5,0.7844891871737509,0.7717288449406624,0.7974019199609756,9387.0,False,586,25,clim,-0.022186147186147198,-0.029967440664768218,-0.014217333495616912,-0.03270033150911331,-0.012508065998554233,7392.0,0.9811521104327051,False
D3,60,all,all,best-time hit rate (top-2),clim,0.8258561189275285,0.8134895130991936,0.8369568228721619,7534.0,False,521,25,clim,,,,,,,,
D3,60,all,all,best-time hit rate (top-2),h5,0.8128661199275748,0.8001256600022316,0.8246392130851745,9389.0,False,588,25,clim,0.0041937229437229995,-0.0026256680488586427,0.010879284143447873,-0.004189838469028473,0.011208494007587432,7392.0,0.9811521104327051,False
D3,60,all,all,best-time hit rate (top-2),lvlh5_naive,0.789795464650956,0.7769417017698288,0.8029027000069618,8996.0,False,555,25,clim,-0.017065785851912985,-0.024889503419399262,-0.009121601283550267,-0.02677823305130005,-0.008472555875778198,7266.0,0.9644279267321476,False
D3,60,all,all,best-time hit rate (top-2),lvlh5_tft,1.0,1.0,1.0,9.0,False,6,7,clim,0.0,0.0,0.0,0.0,0.0,9.0,0.0011945845500398195,False
D3,60,all,all,best-time hit rate (top-2),prod_served,1.0,1.0,1.0,9.0,False,6,7,clim,0.0,0.0,0.0,0.0,0.0,9.0,0.0011945845500398195,False
D3,60,all,all,best-time hit rate (top-2),prod_served_lin,1.0,1.0,1.0,9.0,False,6,7,clim,0.0,0.0,0.0,0.0,0.0,9.0,0.0011945845500398195,False
D3,60,all,all,best-time hit rate (top-2),wt_med,0.8215811965811965,0.8095141917467117,0.8336274608969688,8424.0,False,555,25,clim,-0.0036196575247111618,-0.010150276124477386,0.002702981233596801,-0.010188542306423187,0.0014582976698875414,7183.0,0.953411202548447,False
D3,90,all,all,best-time hit rate (top-2),chronos2_owx_x_h5,0.7781306715063521,0.7633940756320954,0.7929901346564293,6612.0,False,467,21,clim,-0.037511781338360084,-0.04736507683992386,-0.027813029289245606,-0.050272195041179656,-0.02518790066242218,5305.0,0.9712559502013914,False
D3,90,all,all,best-time hit rate (top-2),chronos2_x_h5,0.779340592861464,0.7653669744729996,0.7942725986242294,6612.0,False,467,21,clim,-0.03638077285579644,-0.04593915492296219,-0.026927827298641203,-0.04963259249925613,-0.02428022623062134,5305.0,0.9712559502013914,False
D3,90,all,all,best-time hit rate (top-2),clim,0.8262541193701941,0.8105963632464409,0.8398490220308303,5462.0,False,409,21,clim,,,,,,,,
D3,90,all,all,best-time hit rate (top-2),h5,0.811280810524724,0.7972857385873795,0.8239211693406105,6613.0,False,467,21,clim,-0.005465510742555524,-0.012606903910636902,0.0018545255064964258,-0.015406504273414612,0.004634125530719756,5306.0,0.9714390333211278,False
D3,90,all,all,best-time hit rate (top-2),lvlh5_naive,0.7796771130104464,0.7639822781085968,0.7941005095839501,6318.0,False,437,21,clim,-0.03493282149712096,-0.04428537040948868,-0.02494617402553559,-0.050542664527893064,-0.022584946453571324,5210.0,0.9538630538264372,False
D3,90,all,all,best-time hit rate (top-2),wt_med,0.8186922060766182,0.8041306048631668,0.8317393004894257,6056.0,False,444,21,clim,-0.005397070161912043,-0.011791309714317322,0.0013458460569381705,-0.013858756422996521,0.0019007965922355646,5188.0,0.9498352251922373,False
D3,0,all,all,best-time hit rate (±30 min),chronos2,0.7674202981242422,0.7559524118900299,0.7789859130978585,14021.0,False,810,33,clim,-0.04975812024879056,-0.058995196223258974,-0.04014035612344742,-0.06944570094347,-0.03200163841247559,11576.0,0.9522086040964054,False
D3,0,all,all,best-time hit rate (±30 min),chronos2_grid,0.8109977890307396,0.8005694717168808,0.8209333553910255,14021.0,False,810,33,clim,-0.003714581893572877,-0.012409105896949768,0.004515655338764191,-0.023342221975326538,0.013607802987098693,11576.0,0.9522086040964054,False
D3,0,all,all,best-time hit rate (±30 min),chronos2_nocov,0.7226303402039798,0.711269274353981,0.7357887208461762,14021.0,False,810,33,clim,-0.09727021423635107,-0.10778708457946777,-0.08592663556337357,-0.12029618918895721,-0.07604414373636247,11576.0,0.9522086040964054,False
D3,0,all,all,best-time hit rate (±30 min),chronos2_owx,0.7690606946722773,0.7579207286238671,0.78082295358181,14021.0,False,810,33,clim,-0.04803040774015199,-0.05739677399396896,-0.038209207355976105,-0.06790192872285843,-0.029982738196849823,11576.0,0.9522086040964054,False
D3,0,all,all,best-time hit rate (±30 min),clim,0.8266019577198322,0.8163413718342781,0.8363349735736847,12157.0,False,752,33,clim,,,,,,,,
D3,0,all,all,best-time hit rate (±30 min),h5,0.8329274232830005,0.8233561754226685,0.8417931154370308,14371.0,False,808,33,clim,0.01361161524500909,0.008036799728870392,0.019016459584236145,0.007905314862728118,0.020408543944358825,12122.0,0.9971210002467714,True
D3,0,all,all,best-time hit rate (±30 min),lvlh5_cbd,0.781059477035632,0.7651781052350998,0.7949099972844124,7381.0,False,404,18,clim,-0.03868501529051982,-0.05238933712244034,-0.026306791603565218,-0.058520044386386874,-0.01774684637784958,6540.0,0.5379616681747141,False
D3,0,all,all,best-time hit rate (±30 min),lvlh5_naive,0.8203113737927058,0.8106154769659042,0.8296458587050438,13874.0,False,784,33,clim,-0.00016673614005835447,-0.006625869870185852,0.006405051052570342,-0.007949817180633544,0.009358674287796019,11995.0,0.986674343999342,False
D3,0,all,all,best-time hit rate (±30 min),lvlh5_tft,0.8037946918183813,0.7907793745398521,0.8161490529775619,9118.0,False,516,19,clim,-0.010347836928063847,-0.019605639576911926,-0.0008716449141502406,-0.02115173637866974,0.0005233228206634502,8021.0,0.6597844863041868,False
D3,0,all,all,best-time hit rate (±30 min),snaive7,0.8188721925997738,0.8045461282134057,0.831975457072258,6189.0,False,662,33,clim,-0.023129743404409098,-0.03266926854848862,-0.012156623601913453,-0.03579267561435699,-0.013168890774250033,5534.0,0.45521098955334377,False
D3,0,all,all,best-time hit rate (±30 min),wt_med,0.8254975483126622,0.8157538577914238,0.8354769244790077,13868.0,False,799,33,clim,0.003747501665556263,-0.00043678730726242064,0.008531588315963744,-0.0017414405941963194,0.009418098628520964,12008.0,0.9877436867648268,False
D3,1,all,all,best-time hit rate (±30 min),chronos2,0.738627077090711,0.7264148220419884,0.7514933496713638,14684.0,False,849,33,wt_med,-0.07762831592394981,-0.08945827335119247,-0.06471485495567322,-0.10562022477388382,-0.05582268536090851,13307.0,0.9275756308378642,False
D3,1,all,all,best-time hit rate (±30 min),chronos2_grid,0.797943339689458,0.7884534895420074,0.8080237865447998,14684.0,False,849,33,wt_med,-0.01788532351394001,-0.026138754189014436,-0.00962747782468796,-0.03116067051887512,-0.004540860652923586,13307.0,0.9275756308378642,False
D3,1,all,all,best-time hit rate (±30 min),chronos2_nocov,0.6662353582130209,0.6502581641077996,0.68159349411726,14684.0,False,849,33,wt_med,-0.1490193131434583,-0.16492390185594558,-0.1334736868739128,-0.18209615498781204,-0.11502385437488556,13307.0,0.9275756308378642,False
D3,1,all,all,best-time hit rate (±30 min),chronos2_owx,0.7379460637428493,0.7262844562530517,0.7510927841067314,14684.0,False,849,33,wt_med,-0.07815435485083033,-0.08966197222471237,-0.06551711857318879,-0.1048295482993126,-0.05672141909599305,13307.0,0.9275756308378642,False
D3,1,all,all,best-time hit rate (±30 min),chronos2_owx_x_h5,0.8051468162322666,0.7958498626947403,0.8143054440617561,15155.0,False,840,33,wt_med,-0.017635577861424778,-0.02416006475687027,-0.011118806898593904,-0.024678540229797364,-0.009275810420513154,14346.0,1.0,False
D3,1,all,all,best-time hit rate (±30 min),chronos2_x_h5,0.8043549983503794,0.7948954239487648,0.8136208221316338,15155.0,False,840,33,wt_med,-0.01847204795761892,-0.0250166118144989,-0.012187771499156957,-0.02545236349105835,-0.010353419184684754,14346.0,1.0,False
D3,1,all,all,best-time hit rate (±30 min),clim,0.8210197710718002,0.8106849357485771,0.8305681705474853,12493.0,False,776,33,wt_med,-0.008024236469335921,-0.01348048895597458,-0.003419689834117892,-0.01370604634284973,-0.002653171122074128,12213.0,0.8513174404015057,False
D3,1,all,all,best-time hit rate (±30 min),h5,0.8273837017485979,0.8184083357453347,0.8366300299763679,15155.0,False,840,33,wt_med,0.004670291370416857,-0.0005719169974327085,0.009279230237007139,-8.664429187774652e-05,0.010624875128269195,14346.0,1.0,False
D3,1,all,all,best-time hit rate (±30 min),lvlh5_cbd,0.7704020301856551,0.755344508588314,0.783537769317627,7487.0,False,409,18,wt_med,-0.042654028436018954,-0.05494607239961624,-0.03169278353452683,-0.06042401641607285,-0.025637058913707732,7174.0,0.5000697058413495,False
D3,1,all,all,best-time hit rate (±30 min),lvlh5_naive,0.8068736442516269,0.7977300375699997,0.81536386013031,14752.0,False,820,33,wt_med,-0.01740922333546502,-0.02363073527812958,-0.010963627696037292,-0.0247272789478302,-0.008837810158729554,14073.0,0.9809703053115851,False
D3,1,all,all,best-time hit rate (±30 min),lvlh5_tft,0.7973155759026116,0.7854615584015846,0.8083516597747803,9611.0,False,539,19,wt_med,-0.016290182450043433,-0.024961347877979278,-0.00845342129468918,-0.02514214664697647,-0.006741650402545931,9208.0,0.6418513871462429,False
D3,1,all,all,best-time hit rate (±30 min),snaive7,0.8136788836068087,0.7996213763952256,0.8271863743662834,6521.0,False,710,33,wt_med,-0.025058365758754864,-0.035829782485961914,-0.016136692464351655,-0.03595738559961319,-0.014778766036033633,6425.0,0.4478600306705702,False
D3,1,all,all,best-time hit rate (±30 min),wt_med,0.8251080440540918,0.8156933501362801,0.8352392673492431,14346.0,False,829,33,wt_med,,,,,,,,
D3,2,all,all,best-time hit rate (±30 min),chronos2,0.6942846652796475,0.6805641278624535,0.7073441848158837,16342.0,False,868,33,snaive7,-0.12367310397749076,-0.1420489013195038,-0.10665892213582992,-0.1606002300977707,-0.08555911779403687,7819.0,0.9545842998412892,False
D3,2,all,all,best-time hit rate (±30 min),chronos2_grid,0.7850324317708971,0.7739102855324745,0.7956299394369125,16342.0,False,868,33,snaive7,-0.028008696764292074,-0.03860958218574524,-0.016308596730232244,-0.05196164548397064,-0.0013809934258461084,7819.0,0.9545842998412892,False
D3,2,all,all,best-time hit rate (±30 min),chronos2_nocov,0.5868926691959369,0.5702897489070893,0.6035699307918548,16342.0,False,868,33,snaive7,-0.22547640363217802,-0.24843987673521042,-0.20583603382110596,-0.26107724457979203,-0.18908718675374986,7819.0,0.9545842998412892,False
D3,2,all,all,best-time hit rate (±30 min),chronos2_owx,0.6970994982254314,0.6828780680894851,0.7100408166646958,16342.0,False,868,33,snaive7,-0.1209873385343394,-0.1393359884619713,-0.1046165645122528,-0.15701969116926193,-0.08485044986009599,7819.0,0.9545842998412892,False
D3,2,all,all,best-time hit rate (±30 min),chronos2_owx_x_h5,0.8049090139652983,0.7948151871562004,0.8143298000097274,16541.0,False,853,33,snaive7,-0.011391778107974204,-0.020539966225624085,-0.0012150943279266371,-0.02623768150806427,0.005713783204555509,8076.0,0.9859602002197534,False
D3,2,all,all,best-time hit rate (±30 min),chronos2_x_h5,0.804606734780243,0.794582200050354,0.8143721535801888,16541.0,False,853,33,snaive7,-0.012010896483407585,-0.021306045353412628,-0.0018485784530639653,-0.02610533982515335,0.004653416574001296,8076.0,0.9859602002197534,False
D3,2,all,all,best-time hit rate (±30 min),clim,0.8433630412493098,0.8333322986960411,0.8530792132019996,12679.0,False,755,33,snaive7,0.01789811840293709,0.0103797048330307,0.025715303421020505,0.00668797791004181,0.030190645158290858,6537.0,0.7980710535954096,True
D3,2,all,all,best-time hit rate (±30 min),h5,0.8300586421619007,0.8203074038028717,0.8391103968024254,16541.0,False,853,33,snaive7,0.01609707776126801,0.008095736801624297,0.025061094760894773,0.00493999868631363,0.029491965472698212,8076.0,0.9859602002197534,True
D3,2,all,all,best-time hit rate (±30 min),lvlh5_cbd,0.7631171921475313,0.7503816470503807,0.7757646635174751,8405.0,False,424,18,snaive7,-0.05013927576601673,-0.06266312897205353,-0.036177124083042154,-0.07347649931907654,-0.024826709926128388,3949.0,0.4821145159321206,False
D3,2,all,all,best-time hit rate (±30 min),lvlh5_naive,0.8199191473722895,0.8106211721897125,0.8289189010858535,16326.0,False,843,33,snaive7,0.0031234382808594807,-0.005561408400535583,0.01253613382577896,-0.01034621000289917,0.018674197793006896,8004.0,0.9771700647051642,False
D3,2,all,all,best-time hit rate (±30 min),lvlh5_tft,0.8123222748815165,0.8009020999073982,0.8228382587432861,10550.0,False,543,19,snaive7,0.0047837352999799965,-0.005155785381793976,0.015433713793754576,-0.00728079229593277,0.019000732898712156,5017.0,0.6125015260651935,False
D3,2,all,all,best-time hit rate (±30 min),snaive7,0.8458063728482481,0.8335914313793182,0.8566092357039452,8191.0,False,760,33,snaive7,,,,,,,,
D3,2,all,all,best-time hit rate (±30 min),wt_med,0.8313545424729419,0.8214950680732727,0.84076838940382,15245.0,False,839,33,snaive7,0.011996464200025203,0.004072119295597076,0.019930259883403776,0.0030636653304100037,0.022880464792251587,7919.0,0.9667928213893298,True
D3,3,all,all,best-time hit rate (±30 min),chronos2,0.7043982481031399,0.6912902057170868,0.7174916058778763,16211.0,False,870,33,clim,-0.11365461847389557,-0.12877648919820786,-0.0979399248957634,-0.1417936399579048,-0.08176514804363251,12450.0,0.9697016901627853,False
D3,3,all,all,best-time hit rate (±30 min),chronos2_grid,0.7905743014002837,0.7813114002346992,0.7997626721858978,16211.0,False,870,33,clim,-0.021044176706827233,-0.030763138830661774,-0.01195029616355896,-0.03933315724134445,-0.0010939627885818515,12450.0,0.9697016901627853,False
D3,3,all,all,best-time hit rate (±30 min),chronos2_nocov,0.6015668373326754,0.5863319411873817,0.6184709057211876,16211.0,False,870,33,clim,-0.22016064257028112,-0.23707061856985093,-0.2003276586532593,-0.24896559864282608,-0.1873155787587166,12450.0,0.9697016901627853,False
D3,3,all,all,best-time hit rate (±30 min),chronos2_owx,0.7056936647955092,0.6926075205206871,0.7187011435627937,16211.0,False,870,33,clim,-0.11092369477911646,-0.12635156661272048,-0.09525297731161117,-0.13917642086744308,-0.07917949259281158,12450.0,0.9697016901627853,False
D3,3,all,all,best-time hit rate (±30 min),chronos2_owx_x_h5,0.8093387652773425,0.8005067199468613,0.8177010133862496,15955.0,False,857,33,clim,-0.009861469828598257,-0.016632795333862305,-0.002402199804782868,-0.02033715844154358,0.0031118214130401597,12777.0,0.9951709634706752,False
D3,3,all,all,best-time hit rate (±30 min),chronos2_x_h5,0.8094641178314008,0.8006261184811592,0.8179926872253418,15955.0,False,857,33,clim,-0.009783204195037976,-0.01679871529340744,-0.0023907274007797276,-0.02052329033613205,0.0036162510514259325,12777.0,0.9951709634706752,False
D3,3,all,all,best-time hit rate (±30 min),clim,0.8289586416387569,0.819633948802948,0.8386925235390663,12839.0,False,782,33,clim,,,,,,,,
D3,3,all,all,best-time hit rate (±30 min),h5,0.828465780897468,0.8196160241961479,0.836916646361351,15956.0,False,857,33,clim,0.009626672927917301,0.00412473976612091,0.01497807502746582,0.0012386009097099305,0.019356903433799744,12777.0,0.9951709634706752,True
D3,3,all,all,best-time hit rate (±30 min),lvlh5_cbd,0.7737556561085973,0.7625980406999588,0.7852004140615463,8177.0,False,428,18,clim,-0.041564792176039145,-0.05438521951436996,-0.029223817586898806,-0.06256738305091858,-0.016907574236392976,6953.0,0.5415530804579796,False
D3,3,all,all,best-time hit rate (±30 min),lvlh5_naive,0.8150833015388529,0.806084431707859,0.8234692752361298,15726.0,False,849,33,clim,-0.006589268904926282,-0.013509044051170349,0.0002464473247528059,-0.01807514429092407,0.007107578217983238,12748.0,0.9929122205779266,False
D3,3,all,all,best-time hit rate (±30 min),lvlh5_tft,0.8058375634517766,0.7960254043340683,0.8160291209816932,10244.0,False,548,19,clim,-0.007727797001153336,-0.016289252042770385,0.0002427563071250889,-0.021265527606010436,0.00815315544605255,8670.0,0.6752862372458914,False
D3,3,all,all,best-time hit rate (±30 min),prod_served,0.7553305423035732,0.7414141088724137,0.7690194070339202,10271.0,False,550,19,clim,-0.05373237809105624,-0.0664682686328888,-0.042600747942924504,-0.07631714195013047,-0.031680221855640414,8654.0,0.6740400342705818,False
D3,3,all,all,best-time hit rate (±30 min),prod_served_lin,0.7755695588948134,0.7615651786327362,0.7887972429394722,10315.0,False,550,19,clim,-0.03243616287094553,-0.04482857584953308,-0.0219945564866066,-0.05508096069097519,-0.013449040055274964,8694.0,0.6771555417088558,False
D3,3,all,all,best-time hit rate (±30 min),snaive7,0.8161735172044451,0.8035875394940376,0.8287376254796982,7469.0,False,737,33,clim,-0.02363693665300981,-0.033984418213367465,-0.013943935930728915,-0.033846054971218106,-0.014104932546615602,6346.0,0.4942752550821715,False
D3,3,all,all,best-time hit rate (±30 min),wt_med,0.8208516886930984,0.81081071048975,0.8301234260201454,14982.0,False,846,33,clim,0.0015048313004910607,-0.0034147605299949643,0.005773496627807616,-0.0031401291489601135,0.006298872828483581,12626.0,0.9834099228911909,False
D3,4,all,all,best-time hit rate (±30 min),chronos2,0.6990023349607302,0.6848338782787323,0.7119209066033363,14133.0,False,821,33,wt_med,-0.11548311990686855,-0.12997853755950928,-0.10059677660465241,-0.13980819284915924,-0.09039881229400634,12885.0,0.9454105216817081,False
D3,4,all,all,best-time hit rate (±30 min),chronos2_grid,0.7960800962286846,0.784547658264637,0.8069703325629234,14133.0,False,821,33,wt_med,-0.01637563057819169,-0.024864313006401063,-0.007484893500804902,-0.02839238941669464,-0.004637187719345097,12885.0,0.9454105216817081,False
D3,4,all,all,best-time hit rate (±30 min),chronos2_nocov,0.5994481001910422,0.5823891520500183,0.6171817615628242,14133.0,False,821,33,wt_med,-0.2142801707411719,-0.23135749101638795,-0.1952446773648262,-0.2532211527228355,-0.17407298237085342,12885.0,0.9454105216817081,False
D3,4,all,all,best-time hit rate (±30 min),chronos2_owx,0.700983513762117,0.6868142262101173,0.7143541231751442,14133.0,False,821,33,wt_med,-0.11369809856422197,-0.1285584971308708,-0.09947188049554825,-0.13823819905519485,-0.08909290283918381,12885.0,0.9454105216817081,False
D3,4,all,all,best-time hit rate (±30 min),chronos2_owx_x_h5,0.8072815533980583,0.7974672302603721,0.8170511603355408,14420.0,False,819,33,wt_med,-0.011886418666079757,-0.01740660220384598,-0.005817480385303497,-0.019694344699382783,-0.003763465583324434,13629.0,1.0,False
D3,4,all,all,best-time hit rate (±30 min),chronos2_x_h5,0.8068654646324549,0.7970384821295738,0.8166559413075447,14420.0,False,819,33,wt_med,-0.012253283439724205,-0.017723295092582702,-0.006209722161293032,-0.0201135590672493,-0.004216353595256806,13629.0,1.0,False
D3,4,all,all,best-time hit rate (±30 min),clim,0.8184366754617414,0.808542500436306,0.8289259031414986,12128.0,False,764,33,wt_med,-0.006998313659359212,-0.011714273691177368,-0.001765985786914826,-0.012297834455966949,-0.0012769043445587174,11860.0,0.8702032430845991,False
D3,4,all,all,best-time hit rate (±30 min),h5,0.8255894590846047,0.8161772876977921,0.8353218987584115,14420.0,False,819,33,wt_med,0.006603565925599741,0.0019520267844200135,0.01156516522169113,0.0005092963576316834,0.013972185552120209,13629.0,1.0,True
D3,4,all,all,best-time hit rate (±30 min),lvlh5_cbd,0.7639427577905578,0.7496333524584771,0.7767554253339768,7477.0,False,410,18,wt_med,-0.03941026368018141,-0.04996553808450699,-0.029057048261165622,-0.0553010955452919,-0.022979977726936347,7054.0,0.5175728226575684,False
D3,4,all,all,best-time hit rate (±30 min),lvlh5_naive,0.8148174456598949,0.8052707418799401,0.8247347071766853,14078.0,False,802,33,wt_med,-0.005432760288754945,-0.011042638123035431,0.0008765608072280853,-0.012540914118289948,0.0019099161028861993,13437.0,0.9859123926920537,False
D3,4,all,all,best-time hit rate (±30 min),lvlh5_tft,0.7986635050657469,0.7870764836668969,0.8101701751351357,9278.0,False,524,19,wt_med,-0.014004326539906686,-0.02184485048055649,-0.006242197751998901,-0.023415014147758484,-0.00454528629779816,8783.0,0.6444346613838139,False
D3,4,all,all,best-time hit rate (±30 min),prod_served,0.759956942949408,0.7448911815881729,0.7748141810297966,9290.0,False,524,19,wt_med,-0.052844588344125754,-0.06385218054056167,-0.04212339073419571,-0.077446947991848,-0.03130617290735245,8648.0,0.6345293124954142,False
D3,4,all,all,best-time hit rate (±30 min),prod_served_lin,0.7746433551431943,0.7606832057237625,0.7883137449622154,9323.0,False,524,19,wt_med,-0.03866128101557986,-0.04919499456882477,-0.02882262617349625,-0.060056693851947784,-0.019524852931499484,8665.0,0.6357766527258053,False
D3,4,all,all,best-time hit rate (±30 min),snaive7,0.8135220125786163,0.7990609139204026,0.8283436447381973,6360.0,False,668,33,wt_med,-0.022525380710659904,-0.032038675248622896,-0.01307690739631653,-0.03612792640924454,-0.010836482048034671,6304.0,0.4625431066109032,False
D3,4,all,all,best-time hit rate (±30 min),wt_med,0.8223640766013648,0.8119694292545319,0.8322759434580803,13629.0,False,811,33,wt_med,,,,,,,,
D3,5,all,all,best-time hit rate (±30 min),chronos2,0.7,0.6851895779371262,0.714668482542038,13440.0,False,798,33,wt_med,-0.11667075463984966,-0.13146777004003524,-0.10184309929609299,-0.14808527678251265,-0.08264285922050477,12231.0,0.9470383275261324,False
D3,5,all,all,best-time hit rate (±30 min),chronos2_grid,0.8017857142857143,0.7910892307758332,0.8124013021588326,13440.0,False,798,33,wt_med,-0.011446324912108619,-0.01947774589061737,-0.0030004724860191356,-0.027251626551151275,0.00388969033956527,12231.0,0.9470383275261324,False
D3,5,all,all,best-time hit rate (±30 min),chronos2_nocov,0.5912946428571428,0.5728418231010437,0.6090724974870682,13440.0,False,798,33,wt_med,-0.22524732237756528,-0.2438482567667961,-0.2072661206126213,-0.27085878849029543,-0.17773306667804722,12231.0,0.9470383275261324,False
D3,5,all,all,best-time hit rate (±30 min),chronos2_owx,0.702827380952381,0.6885743334889411,0.7175925567746162,13440.0,False,798,33,wt_med,-0.11413621126645412,-0.1286150723695755,-0.09929428845643998,-0.14637984186410904,-0.07965728342533113,12231.0,0.9470383275261324,False
D3,5,all,all,best-time hit rate (±30 min),chronos2_owx_x_h5,0.8052071178529755,0.7951492577791214,0.814841377735138,13712.0,False,795,33,wt_med,-0.015408439798683782,-0.021499587595462798,-0.008365269005298616,-0.02578711658716202,-0.003513900935649872,12915.0,1.0,False
D3,5,all,all,best-time hit rate (±30 min),chronos2_x_h5,0.805061260210035,0.7949032351374626,0.8149012565612793,13712.0,False,795,33,wt_med,-0.01548586914440575,-0.021716503798961638,-0.008682700991630555,-0.025580668449401857,-0.0039636090397834785,12915.0,1.0,False
D3,5,all,all,best-time hit rate (±30 min),clim,0.8236510946388553,0.8136838883161545,0.8338074833154678,11602.0,False,737,33,wt_med,-0.004971149578339995,-0.009641696512699126,-0.000449424982070923,-0.010806350409984589,0.0012515217065811152,11265.0,0.8722415795586528,False
D3,5,all,all,best-time hit rate (±30 min),h5,0.8253482097279954,0.815176522731781,0.8354703575372696,13713.0,False,795,33,wt_med,0.005032907471931858,7.612556219100952e-05,0.010070802271366119,-0.0019295185804367064,0.012522640824317931,12915.0,1.0,False
D3,5,all,all,best-time hit rate (±30 min),lvlh5_cbd,0.7691673536685902,0.7547622814774513,0.7844709485769272,7278.0,False,403,18,wt_med,-0.042972774098601896,-0.05392288118600845,-0.03124552369117737,-0.06255037486553192,-0.022624883055686953,6795.0,0.5261324041811847,False
D3,5,all,all,best-time hit rate (±30 min),lvlh5_naive,0.8085345732713365,0.7983761012554169,0.8183709949254989,13334.0,False,778,33,wt_med,-0.01311838153943412,-0.019303055107593538,-0.006323735415935517,-0.022761426866054535,-0.002719739079475404,12654.0,0.9797909407665505,False
D3,5,all,all,best-time hit rate (±30 min),lvlh5_tft,0.7958399276509157,0.782833942770958,0.8091718703508377,8846.0,False,507,19,wt_med,-0.01830884124307397,-0.02658083587884903,-0.009813322126865389,-0.03265664130449295,-0.003058278560638431,8302.0,0.6428184281842818,False
D3,5,all,all,best-time hit rate (±30 min),prod_served,0.7580224515251163,0.7425941959023475,0.7727149471640586,8819.0,False,506,19,wt_med,-0.05534421401398948,-0.06635382324457169,-0.04483875781297684,-0.08010530173778534,-0.03135028928518296,8149.0,0.6309717382888115,False
D3,5,all,all,best-time hit rate (±30 min),prod_served_lin,0.7755790420508207,0.7597682014107704,0.7906789258122444,8894.0,False,506,19,wt_med,-0.03561409928040005,-0.04667888879776001,-0.02529442459344864,-0.06041010320186615,-0.015004786849021913,8199.0,0.6348432055749129,False
D3,5,all,all,best-time hit rate (±30 min),snaive7,0.8198572140129503,0.8060585975646972,0.8341822326183319,6023.0,False,658,33,wt_med,-0.02268526298101159,-0.03122691214084625,-0.013943023979663852,-0.035038092732429506,-0.010270930826663973,5951.0,0.4607820363917925,False
D3,5,all,all,best-time hit rate (±30 min),wt_med,0.8238482384823849,0.8133934006094933,0.8338145956397056,12915.0,False,788,33,wt_med,,,,,,,,
D3,6,all,all,best-time hit rate (±30 min),chronos2,0.6963860797144557,0.6818978503346443,0.7094748556613922,13448.0,False,817,33,wt_med,-0.12018251446264161,-0.13560500890016555,-0.1056104302406311,-0.15292686671018602,-0.08591400384902954,12273.0,0.9372279495990836,False
D3,6,all,all,best-time hit rate (±30 min),chronos2_grid,0.7962522308149911,0.7856408432126045,0.8056919619441032,13448.0,False,817,33,wt_med,-0.01711073087264725,-0.02639007717370987,-0.008306872844696046,-0.029694116115570067,-0.0035606920719146768,12273.0,0.9372279495990836,False
D3,6,all,all,best-time hit rate (±30 min),chronos2_nocov,0.591017251635931,0.5730394318699836,0.6073784038424492,13448.0,False,817,33,wt_med,-0.22618756620223257,-0.24476632624864578,-0.20758419036865236,-0.26978159695863724,-0.1783843740820885,12273.0,0.9372279495990836,False
D3,6,all,all,best-time hit rate (±30 min),chronos2_owx,0.6990630577037478,0.6850960537791252,0.7111835643649101,13448.0,False,817,33,wt_med,-0.11676036828811209,-0.13216513991355897,-0.10206235349178314,-0.14821265786886215,-0.0848971277475357,12273.0,0.9372279495990836,False
D3,6,all,all,best-time hit rate (±30 min),chronos2_owx_x_h5,0.8083901872550443,0.7987131312489509,0.8174517676234245,13778.0,False,814,33,wt_med,-0.011226515961509143,-0.017591796815395355,-0.004959207773208619,-0.01976553052663803,-0.0008018970489501964,13094.0,0.9999236349751813,False
D3,6,all,all,best-time hit rate (±30 min),chronos2_x_h5,0.8075192335607491,0.7978403404355049,0.8165949419140816,13778.0,False,814,33,wt_med,-0.012295707957843294,-0.01858092248439789,-0.006146942079067231,-0.020746609568595885,-0.0020108774304389964,13094.0,0.9999236349751813,False
D3,6,all,all,best-time hit rate (±30 min),clim,0.8179628355127323,0.807076758146286,0.8278693497180939,11624.0,False,754,33,wt_med,-0.004507689588120867,-0.009006503224372863,0.00018163472414016723,-0.00914863646030426,0.0,11314.0,0.8639938907980145,False
D3,6,all,all,best-time hit rate (±30 min),h5,0.8279390420899855,0.818776150047779,0.836687158048153,13780.0,False,814,33,wt_med,0.008323787705231012,0.0036251768469810486,0.012964214384555816,0.0027330204844474796,0.015069100260734557,13095.0,1.0,True
D3,6,all,all,best-time hit rate (±30 min),lvlh5_cbd,0.776988438501184,0.7635776683688164,0.7893144294619561,7179.0,False,405,18,wt_med,-0.03578265351200127,-0.04664060771465302,-0.02408711761236191,-0.053681005537509915,-0.016560034453868878,6791.0,0.5185948835433372,False
D3,6,all,all,best-time hit rate (±30 min),lvlh5_naive,0.8145011514746304,0.8053853541612626,0.8232330590486526,13461.0,False,797,33,wt_med,-0.007837963681514792,-0.013799542188644409,-0.0019390791654586804,-0.016489504277706145,0.0015185937285423243,12886.0,0.9840397098129057,False
D3,6,all,all,best-time hit rate (±30 min),lvlh5_tft,0.7917614929449249,0.7798568427562713,0.8031323447823524,8788.0,False,514,19,wt_med,-0.017398608111351077,-0.026230594515800475,-0.009003199636936195,-0.029454003274440765,-0.004282997548580176,8334.0,0.6364261168384879,False
D3,6,all,all,best-time hit rate (±30 min),prod_served,0.7589164785553048,0.7423976808786392,0.7739499539136887,8860.0,False,515,19,wt_med,-0.05186089078706535,-0.06416264325380325,-0.04014616310596466,-0.08265559822320938,-0.026122269034385682,8195.0,0.6258113783886979,False
D3,6,all,all,best-time hit rate (±30 min),prod_served_lin,0.7760404949381328,0.7608452916145325,0.7910415902733803,8890.0,False,516,19,wt_med,-0.034075696726299065,-0.0468120738863945,-0.022315563261508943,-0.06350450068712235,-0.01098561137914658,8217.0,0.6274914089347079,False
D3,6,all,all,best-time hit rate (±30 min),snaive7,0.8280314960629921,0.8151763886213302,0.8402210950851441,6350.0,False,692,33,wt_med,-0.020806658130601785,-0.029415084421634673,-0.011815690994262695,-0.033199115097522734,-0.008775109052658082,6248.0,0.4771286750668194,False
D3,6,all,all,best-time hit rate (±30 min),wt_med,0.8225276823214968,0.8123270496726036,0.8322542101144791,13095.0,False,806,33,wt_med,,,,,,,,
D3,7,all,all,best-time hit rate (±30 min),chronos2,0.6764552821351573,0.6618553936481476,0.6918960496783256,13451.0,False,782,32,wt_med,-0.14699606040709123,-0.16255382895469667,-0.13028750121593477,-0.1806361421942711,-0.10981483757495882,12184.0,0.9461096443547135,False
D3,7,all,all,best-time hit rate (±30 min),chronos2_grid,0.7872277154114936,0.775472742319107,0.7983596950769425,13451.0,False,782,32,wt_med,-0.03143466841759679,-0.04076234698295593,-0.022162143886089326,-0.04858552217483521,-0.015738421678543092,12184.0,0.9461096443547135,False
D3,7,all,all,best-time hit rate (±30 min),chronos2_nocov,0.5746784625678388,0.5558793142437934,0.5932757049798966,13451.0,False,782,32,wt_med,-0.2504103742613263,-0.26991953104734423,-0.23059374392032625,-0.294482547044754,-0.19969271868467334,12184.0,0.9461096443547135,False
D3,7,all,all,best-time hit rate (±30 min),chronos2_owx,0.6790573191584269,0.6640461817383766,0.6949887096881866,13451.0,False,782,32,wt_med,-0.1443696651346027,-0.16008806824684144,-0.12769871652126313,-0.1775239109992981,-0.10790916830301285,12184.0,0.9461096443547135,False
D3,7,all,all,best-time hit rate (±30 min),chronos2_owx_x_h5,0.8113790061746545,0.801448467373848,0.820524913072586,13604.0,False,779,32,wt_med,-0.014132629290262488,-0.02024504393339157,-0.007665018737316132,-0.022752957046031953,-0.004408900439739228,12878.0,1.0,False
D3,7,all,all,best-time hit rate (±30 min),chronos2_x_h5,0.8106439282563952,0.8006001487374306,0.8201258286833764,13604.0,False,779,32,wt_med,-0.015064451001708279,-0.021219131350517274,-0.008434730768203738,-0.023709453642368317,-0.005385591089725497,12878.0,1.0,False
D3,7,all,all,best-time hit rate (±30 min),clim,0.8270194251560166,0.816568361222744,0.8366704672574997,11377.0,False,719,32,wt_med,-0.00423690615703598,-0.009172104299068451,0.0004642575979232786,-0.008479543030261993,0.00034686625003814637,11093.0,0.8613915204224258,False
D3,7,all,all,best-time hit rate (±30 min),h5,0.8323410510841602,0.822817075252533,0.8416535630822182,13605.0,False,779,32,wt_med,0.007221618263705598,0.0026793688535690307,0.011971299350261689,0.002325466275215149,0.013220593333244324,12878.0,1.0,True
D3,7,all,all,best-time hit rate (±30 min),lvlh5_cbd,0.7793805685193042,0.7648584857583046,0.7934350103139878,7071.0,False,395,17,wt_med,-0.03883928571428574,-0.05172380954027176,-0.02636167109012604,-0.05828338861465454,-0.018906866014003768,6720.0,0.521820158409691,False
D3,7,all,all,best-time hit rate (±30 min),lvlh5_naive,0.8175288454191182,0.8077054798603058,0.8264327809214592,13087.0,False,753,32,wt_med,-0.010309278350515427,-0.01636144667863846,-0.004057833552360536,-0.018387365341186523,-0.0018051221966743477,12513.0,0.9716570896101879,False
D3,7,all,all,best-time hit rate (±30 min),lvlh5_tft,0.8016558249556476,0.788873165845871,0.8143150195479393,8455.0,False,487,18,wt_med,-0.016556703597659705,-0.02583925873041153,-0.006679403781890874,-0.0274133563041687,-0.0048311084508895884,8033.0,0.6237769840037273,False
D3,7,all,all,best-time hit rate (±30 min),prod_served,0.755717991039849,0.7396147161722183,0.7709777504205704,8482.0,False,484,18,wt_med,-0.061639509915371926,-0.07612596899271011,-0.04799280762672424,-0.0978672981262207,-0.033820523321628576,7917.0,0.6147693741264172,False
D3,7,all,all,best-time hit rate (±30 min),prod_served_lin,0.7702702702702703,0.755559828877449,0.7849600106477738,8510.0,False,484,18,wt_med,-0.04663473657675821,-0.06086501777172089,-0.03308685570955277,-0.07905278503894805,-0.022233033180236818,7934.0,0.6160894548842988,False
D3,7,all,all,best-time hit rate (±30 min),wt_med,0.8280012424289486,0.8179319351911545,0.8375227883458137,12878.0,False,764,32,wt_med,,,,,,,,
D3,10,all,all,best-time hit rate (±30 min),chronos2_owx_x_h5,0.8031289029119831,0.7936599612236023,0.8128291845321656,15213.0,False,827,32,clim,-0.016236469608659432,-0.02337842732667923,-0.008146922290325166,-0.029395388066768648,-0.0008893102407455459,12010.0,0.9927260704248636,False
D3,10,all,all,best-time hit rate (±30 min),chronos2_x_h5,0.802800236639716,0.7935184687376022,0.812201376259327,15213.0,False,827,32,clim,-0.01673605328892591,-0.023936344683170317,-0.0086574524641037,-0.02944527566432953,-0.001466475427150727,12010.0,0.9927260704248636,False
D3,10,all,all,best-time hit rate (±30 min),clim,0.8279054389155233,0.8180079773068428,0.8383975923061371,12098.0,False,748,32,clim,,,,,,,,
D3,10,all,all,best-time hit rate (±30 min),h5,0.8241866579033849,0.8147401854395866,0.8336144700646401,15215.0,False,827,32,clim,0.006994171523730275,0.0014209777116775512,0.012873920798301696,-0.0013413116335868832,0.01625075340270996,12010.0,0.9927260704248636,False
D3,10,all,all,best-time hit rate (±30 min),lvlh5_cbd,0.7606436898124683,0.7489549607038498,0.7725801929831505,7892.0,False,422,17,clim,-0.05177603853100543,-0.06535032987594605,-0.038446538150310516,-0.07563054710626602,-0.026231281459331516,6644.0,0.5491816829227971,False
D3,10,all,all,best-time hit rate (±30 min),lvlh5_naive,0.8096539769317954,0.8005567401647568,0.818803896009922,14999.0,False,819,32,clim,-0.01060454241816966,-0.017338792979717254,-0.003058739006519319,-0.02231844961643219,0.003274731338024136,11976.0,0.9899156885435609,False
D3,10,all,all,best-time hit rate (±30 min),lvlh5_tft,0.7985294117647059,0.7881745234131813,0.8093590259552002,9520.0,False,519,18,clim,-0.015737127030089337,-0.025188168883323668,-0.006358765065670014,-0.0308575764298439,0.0014320716261863602,7943.0,0.6565548024466854,False
D3,10,all,all,best-time hit rate (±30 min),prod_served,0.7545021734630512,0.7393125921487809,0.7687065824866295,9662.0,False,520,18,clim,-0.05056746532156364,-0.06268460899591446,-0.03943629860877991,-0.07194876521825791,-0.029715958237648013,7930.0,0.6554802446685403,False
D3,10,all,all,best-time hit rate (±30 min),prod_served_lin,0.7743958868894601,0.7597340509295464,0.7879159018397331,9725.0,False,521,18,clim,-0.03004506760140202,-0.0433747798204422,-0.018973763287067413,-0.05181673914194107,-0.011224003136157998,7988.0,0.6602744255248801,False
D3,10,all,all,best-time hit rate (±30 min),wt_med,0.8205620775524725,0.8103895023465156,0.8300958335399627,14055.0,False,812,32,clim,0.001864406779661043,-0.0032176360487937926,0.006571975350379944,-0.0032057002186775207,0.007033012807369232,11800.0,0.9753678293932881,False
D3,14,all,all,best-time hit rate (±30 min),chronos2_owx_x_h5,0.8030068195908245,0.7923949226737023,0.8127051889896393,12904.0,False,751,31,clim,-0.019163598602850884,-0.027802114188671113,-0.010947971045970919,-0.029242829978466035,-0.010158888995647432,10593.0,0.9882451721242653,False
D3,14,all,all,best-time hit rate (±30 min),chronos2_x_h5,0.8028518288902666,0.7919510468840599,0.8127132371068001,12904.0,False,751,31,clim,-0.019258000566411693,-0.02787795215845108,-0.01081899106502533,-0.02912483215332031,-0.010549531877040863,10593.0,0.9882451721242653,False
D3,14,all,all,best-time hit rate (±30 min),clim,0.8303013340796717,0.8198422983288765,0.8402183666825295,10719.0,False,689,31,clim,,,,,,,,
D3,14,all,all,best-time hit rate (±30 min),h5,0.828438589693917,0.8179545179009438,0.8374881982803345,12905.0,False,751,31,clim,0.005380911922968079,-0.0007266178727149963,0.011672545969486236,-0.0006990835070610046,0.012262006103992461,10593.0,0.9882451721242653,False
D3,14,all,all,best-time hit rate (±30 min),lvlh5_cbd,0.7736171535114978,0.7584451735019684,0.7892840847373008,6436.0,False,365,16,clim,-0.04271493212669686,-0.05729667693376541,-0.02860431224107742,-0.06646613329648972,-0.020079863071441655,5525.0,0.5154398731224927,False
D3,14,all,all,best-time hit rate (±30 min),lvlh5_naive,0.813409899708832,0.8030957713723182,0.8229436933994293,12364.0,False,723,31,clim,-0.010923725565350706,-0.018396665155887604,-0.003505609929561616,-0.02062186151742935,-0.002171099185943604,10436.0,0.973598283421961,False
D3,14,all,all,best-time hit rate (±30 min),lvlh5_tft,0.7933640789136561,0.7792330458760262,0.8071873977780342,7806.0,False,457,17,clim,-0.021279806821611902,-0.03344922363758087,-0.010035839676857002,-0.034295499324798584,-0.007792270183563237,6626.0,0.6181546786080792,False
D3,14,all,all,best-time hit rate (±30 min),prod_served,0.7512010113780025,0.735651633143425,0.7676154330372811,7910.0,False,453,17,clim,-0.05831209713686103,-0.0720831274986267,-0.04561594575643539,-0.09582429826259613,-0.03036652952432633,6671.0,0.6223528314208415,False
D3,14,all,all,best-time hit rate (±30 min),prod_served_lin,0.768484695805517,0.7531604200601578,0.7836656510829926,7939.0,False,453,17,clim,-0.04096277470473908,-0.0539099171757698,-0.028497318923473364,-0.07553634494543075,-0.016399516165256513,6689.0,0.6240320925459465,False
D3,14,all,all,best-time hit rate (±30 min),wt_med,0.8242861885790173,0.8136646613478661,0.8340462297201157,12048.0,False,731,31,clim,-0.0024154589371980784,-0.0072263643145561215,0.0031252294778823845,-0.006872083246707916,0.001364842057228087,10350.0,0.9655751469353484,False
D3,21,all,all,best-time hit rate (±30 min),chronos2_owx_x_h5,0.8012752391073327,0.7900176256895065,0.8116744041442872,12233.0,False,727,30,clim,-0.017220543806646504,-0.02588728815317154,-0.0092305526137352,-0.02960509657859802,-0.006046867370605471,9930.0,0.9848259446593276,False
D3,21,all,all,best-time hit rate (±30 min),chronos2_x_h5,0.8014387313005804,0.7903542697429657,0.8115983113646508,12233.0,False,727,30,clim,-0.017019133937562936,-0.025563588738441466,-0.009162168204784394,-0.029032625257968903,-0.006830470263957981,9930.0,0.9848259446593276,False
D3,21,all,all,best-time hit rate (±30 min),clim,0.8289199642963404,0.8183068245649338,0.8389044165611267,10083.0,False,657,30,clim,,,,,,,,
D3,21,all,all,best-time hit rate (±30 min),h5,0.8252165386501062,0.8149314507842064,0.8349489033222198,12238.0,False,727,30,clim,0.004632426988922522,-0.002340281009674072,0.01145258694887161,-0.0030858725309371947,0.012922856211662292,9930.0,0.9848259446593276,False
D3,21,all,all,best-time hit rate (±30 min),lvlh5_cbd,0.767307365198163,0.7500794425606727,0.7825620517134666,5879.0,False,338,15,clim,-0.04598628479225486,-0.06300638169050217,-0.029603408277034764,-0.07007855474948883,-0.02149201333522797,4958.0,0.49171873450361997,False
D3,21,all,all,best-time hit rate (±30 min),lvlh5_naive,0.808921551871475,0.7979005575180054,0.8189974650740623,11702.0,False,696,30,clim,-0.013021634368912127,-0.021471600234508514,-0.004514853656291964,-0.025124594569206238,-0.002289631962776185,9753.0,0.9672716453436477,False
D3,21,all,all,best-time hit rate (±30 min),lvlh5_tft,0.7910676901605025,0.776436610519886,0.8055237650871276,7165.0,False,428,16,clim,-0.019532554257095103,-0.031609320640563966,-0.0067185878753662125,-0.035593940317630766,-0.004076704382896425,5990.0,0.5940692254289398,False
D3,21,all,all,best-time hit rate (±30 min),prod_served,0.7513314215485457,0.7341589570045471,0.7685821563005447,7323.0,False,423,16,clim,-0.05413011090878994,-0.06774821579456329,-0.040198574960231784,-0.09520339965820312,-0.02510052621364594,6041.0,0.5991272438758306,False
D3,21,all,all,best-time hit rate (±30 min),prod_served_lin,0.7649218218898708,0.7474572822451592,0.7822038471698761,7355.0,False,424,16,clim,-0.038277511961722466,-0.05185834020376205,-0.024770705401897436,-0.07603190094232559,-0.012256206572055818,6061.0,0.6011107805216701,False
D3,21,all,all,best-time hit rate (±30 min),wt_med,0.8223883253247909,0.8115613698959351,0.8323021084070206,11238.0,False,696,30,clim,-0.002490660024906499,-0.007486003637313843,0.0025260463356971737,-0.009078350663185119,0.004159601032733917,9636.0,0.9556679559654865,False
D3,30,all,all,best-time hit rate (±30 min),chronos2_owx_x_h5,0.8005203152498278,0.7894361853599549,0.8110637396574021,13069.0,False,721,29,clim,-0.019450101832993894,-0.026895299553871155,-0.012202052772045136,-0.02990555614233017,-0.00881900489330292,9820.0,0.9811169947047658,False
D3,30,all,all,best-time hit rate (±30 min),chronos2_x_h5,0.7992195271252582,0.7879770770668983,0.8092573001980782,13069.0,False,721,29,clim,-0.020875763747454146,-0.02818436324596405,-0.013589499890804291,-0.0313370555639267,-0.01041911393404007,9820.0,0.9811169947047658,False
D3,30,all,all,best-time hit rate (±30 min),clim,0.8415426116495154,0.8301987051963806,0.8510407149791718,10009.0,False,625,29,clim,,,,,,,,
D3,30,all,all,best-time hit rate (±30 min),h5,0.8281560826319816,0.8180289104580879,0.8383855417370796,13070.0,False,721,29,clim,0.006211812627291313,0.0005520522594451904,0.011939154565334318,-0.0016702130436897279,0.013595138490200035,9820.0,0.9811169947047658,False
D3,30,all,all,best-time hit rate (±30 min),lvlh5_cbd,0.7413905133203379,0.7233002677559852,0.7572542667388916,6156.0,False,330,14,clim,-0.07312651087832389,-0.08632885813713073,-0.060080887377262124,-0.09332034587860108,-0.052445049583911905,4964.0,0.4959536417224498,False
D3,30,all,all,best-time hit rate (±30 min),lvlh5_naive,0.8150441108187587,0.8043837606906891,0.8252861857414245,12922.0,False,710,29,clim,-0.009389671361502261,-0.015290114283561706,-0.0027794703841209425,-0.018281476199626924,0.0002969369292259216,9798.0,0.978918972924368,False
D3,30,all,all,best-time hit rate (±30 min),lvlh5_tft,0.804120493210551,0.788084177672863,0.819257065653801,6407.0,False,350,14,clim,-0.00819832129611553,-0.01771572232246399,0.0019450172781944272,-0.025601933896541595,0.006067124009132384,5123.0,0.5118393445898691,False
D3,30,all,all,best-time hit rate (±30 min),prod_served,0.7537793952967525,0.7346448093652725,0.7714417770504951,7144.0,False,372,14,clim,-0.06041033434650456,-0.07485172599554062,-0.04482156336307526,-0.09313598722219467,-0.03273330181837082,5264.0,0.5259266660005995,False
D3,30,all,all,best-time hit rate (±30 min),prod_served_lin,0.7578729281767956,0.7379419848322868,0.775160126388073,7240.0,False,374,14,clim,-0.0487528344671202,-0.06479292660951615,-0.03427194356918336,-0.07946238368749618,-0.02238308489322663,5292.0,0.5287241482665601,False
D3,30,all,all,best-time hit rate (±30 min),wt_med,0.8366189811584089,0.8259112432599067,0.8467835664749146,11464.0,False,687,29,clim,0.007040773434216163,0.002242471277713776,0.012008081376552581,0.0019736915826797487,0.012118540704250336,9516.0,0.9507443301029074,True
D3,45,all,all,best-time hit rate (±30 min),chronos2_owx_x_h5,0.8015088449531738,0.7915774002671242,0.8120629653334618,11532.0,False,676,27,clim,-0.014761849844308617,-0.02301905006170273,-0.006418161094188692,-0.026226235926151274,-0.0036879748106002836,8671.0,0.9832180519333258,False
D3,45,all,all,best-time hit rate (±30 min),chronos2_x_h5,0.8011619840443982,0.7913379698991776,0.8116825878620147,11532.0,False,676,27,clim,-0.014992503748125996,-0.02319474667310715,-0.006848624348640444,-0.02702341079711914,-0.0032117784023284915,8671.0,0.9832180519333258,False
D3,45,all,all,best-time hit rate (±30 min),clim,0.8312733870053294,0.8204042330384255,0.8425309419631958,8819.0,False,575,27,clim,,,,,,,,
D3,45,all,all,best-time hit rate (±30 min),h5,0.8220045084099185,0.811742976307869,0.8323988944292069,11534.0,False,676,27,clim,0.007611578825971632,0.0016968831419944762,0.013895843923091887,0.0005295783281326295,0.015690429508686064,8671.0,0.9832180519333258,True
D3,45,all,all,best-time hit rate (±30 min),lvlh5_cbd,0.738562091503268,0.7098893523216248,0.7644200950860978,1530.0,False,100,12,clim,-0.04231625835189312,-0.07306041270494461,-0.013833455741405501,-0.08537695556879044,0.012035256624221797,1347.0,0.15273840571493366,False
D3,45,all,all,best-time hit rate (±30 min),lvlh5_naive,0.8033653422605938,0.7935420989990234,0.8139330878853798,11351.0,False,664,27,clim,-0.012507237984945019,-0.02029893845319748,-0.004051837325096134,-0.024646352231502532,-0.0005234494805336068,8635.0,0.9791359564576483,False
D3,45,all,all,best-time hit rate (±30 min),lvlh5_tft,0.7957249889819303,0.7796807184815406,0.8126393228769302,4538.0,False,261,11,clim,-0.015327695560253707,-0.029298558831214905,-0.0017304837703704834,-0.03232666999101639,0.000654073059558868,3784.0,0.4290735911101032,False
D3,45,all,all,best-time hit rate (±30 min),prod_served,0.7626013046056533,0.7426079690456391,0.7820739254355431,5059.0,False,280,12,clim,-0.043673571250311904,-0.05827258378267288,-0.029747487604618074,-0.07001653611660004,-0.018464928865432738,4007.0,0.45435990475110555,False
D3,45,all,all,best-time hit rate (±30 min),prod_served_lin,0.7806312487747501,0.7612351432442666,0.7985323190689086,5101.0,False,283,12,clim,-0.022586249689749316,-0.038688720762729646,-0.008330234885215762,-0.04619055986404419,0.0,4029.0,0.4568545186529085,False
D3,45,all,all,best-time hit rate (±30 min),wt_med,0.8193599057529943,0.8083712801337242,0.8307855814695358,10186.0,False,636,27,clim,-0.0030631479736098477,-0.008349955081939697,0.002301141619682309,-0.008897602558135986,0.0026410713791847227,8488.0,0.9624673999319651,False
D3,60,all,all,best-time hit rate (±30 min),chronos2_owx_x_h5,0.8019601576648556,0.790727524459362,0.8129721954464912,9387.0,False,586,25,clim,-0.012445887445887371,-0.019891098141670227,-0.004583540558815003,-0.02208755016326904,-0.0032596990466117865,7392.0,0.9811521104327051,False
D3,60,all,all,best-time hit rate (±30 min),chronos2_x_h5,0.8018536273569831,0.7904117822647094,0.8129493787884712,9387.0,False,586,25,clim,-0.01298701298701288,-0.020296828448772432,-0.005063529312610629,-0.022964958846569062,-0.003361640870571138,7392.0,0.9811521104327051,False
D3,60,all,all,best-time hit rate (±30 min),clim,0.8251924608441731,0.8141891434788704,0.835719233751297,7534.0,False,521,25,clim,,,,,,,,
D3,60,all,all,best-time hit rate (±30 min),h5,0.8204281606134839,0.809294055402279,0.831000742316246,9389.0,False,588,25,clim,0.004870129870129913,-0.0018752336502075194,0.011396592855453485,-0.0033746138215065002,0.012751585245132447,7392.0,0.9811521104327051,False
D3,60,all,all,best-time hit rate (±30 min),lvlh5_naive,0.8040240106714095,0.7928890004754067,0.8150787368416786,8996.0,False,555,25,clim,-0.011010184420589098,-0.019139277935028075,-0.0028178527951240543,-0.02152513563632965,-0.0007614538073539756,7266.0,0.9644279267321476,False
D3,60,all,all,best-time hit rate (±30 min),lvlh5_tft,1.0,1.0,1.0,9.0,False,6,7,clim,0.0,0.0,0.0,0.0,0.0,9.0,0.0011945845500398195,False
D3,60,all,all,best-time hit rate (±30 min),prod_served,1.0,1.0,1.0,9.0,False,6,7,clim,0.0,0.0,0.0,0.0,0.0,9.0,0.0011945845500398195,False
D3,60,all,all,best-time hit rate (±30 min),prod_served_lin,1.0,1.0,1.0,9.0,False,6,7,clim,0.0,0.0,0.0,0.0,0.0,9.0,0.0011945845500398195,False
D3,60,all,all,best-time hit rate (±30 min),wt_med,0.8251424501424501,0.8146736696362495,0.8353421494364739,8424.0,False,555,25,clim,-0.001252958373938462,-0.007179880142211914,0.005017459392547607,-0.00832790434360504,0.005299901962280273,7183.0,0.953411202548447,False
D3,90,all,all,best-time hit rate (±30 min),chronos2_owx_x_h5,0.7952208106473079,0.7823776811361313,0.8080622017383575,6612.0,False,467,21,clim,-0.02808671065032997,-0.03862753957509994,-0.01799719333648682,-0.043692730367183685,-0.013902699947357187,5305.0,0.9712559502013914,False
D3,90,all,all,best-time hit rate (±30 min),chronos2_x_h5,0.79491833030853,0.7820501118898392,0.8076018080115318,6612.0,False,467,21,clim,-0.029029217719132916,-0.039681315422058105,-0.018341842293739318,-0.04532107710838318,-0.013847529888153078,5305.0,0.9712559502013914,False
D3,90,all,all,best-time hit rate (±30 min),clim,0.829732698645185,0.8141361489892006,0.8426027059555053,5462.0,False,409,21,clim,,,,,,,,
D3,90,all,all,best-time hit rate (±30 min),h5,0.8165734159987903,0.8041936367750168,0.8279733031988143,6613.0,False,467,21,clim,-0.00659630606860151,-0.013550812005996704,0.0009718686342239376,-0.01694309413433075,0.0030983790755271866,5306.0,0.9714390333211278,False
D3,90,all,all,best-time hit rate (±30 min),lvlh5_naive,0.7937638493194049,0.7799147993326188,0.8068833768367767,6318.0,False,437,21,clim,-0.027831094049904026,-0.03827946037054062,-0.01767401993274689,-0.04672021716833115,-0.010749675333499908,5210.0,0.9538630538264372,False
D3,90,all,all,best-time hit rate (±30 min),wt_med,0.821003963011889,0.8083817794919014,0.8321857750415802,6056.0,False,444,21,clim,-0.005782575173477245,-0.012057536840438842,0.0007368579506874082,-0.014826926589012145,0.0031608447432518003,5188.0,0.9498352251922373,False
D3,0,all,all,best-time regret (min),chronos2,4.351258826046644,4.124067163467407,4.590175068378448,14021.0,True,810,33,wt_med,1.0894327366115264,0.8943656623363495,1.278015613555908,0.7348971009254456,1.484459751844406,13239.0,0.9546437842515143,False
D3,0,all,all,best-time regret (min),chronos2_grid,3.3742956993081807,3.1744329810142515,3.6001347064971925,14021.0,True,810,33,wt_med,0.14192914872724538,-0.02791069746017456,0.34135110378265376,-0.2148928761482239,0.542151802778244,13239.0,0.9546437842515143,False
D3,0,all,all,best-time regret (min),chronos2_nocov,5.684544611653948,5.389521336555481,5.966677129268646,14021.0,True,810,33,wt_med,2.4529042979076965,2.187207394838333,2.712219762802124,1.8616449773311614,3.028608924150467,13239.0,0.9546437842515143,False
D3,0,all,all,best-time regret (min),chronos2_owx,4.292632479851651,4.074487483501434,4.517219734191895,14021.0,True,810,33,wt_med,1.0324042601404941,0.8298299014568329,1.2247330725193022,0.6683880031108856,1.4462074995040892,13239.0,0.9546437842515143,False
D3,0,all,all,best-time regret (min),clim,3.2016944969976144,3.002835124731064,3.423066258430481,12157.0,True,752,33,wt_med,0.14148900732844805,0.021827322244644166,0.25909160971641537,-0.019372367858886717,0.30360124707221986,12008.0,0.8658782809345256,False
D3,0,all,all,best-time regret (min),h5,2.928675805441514,2.755782496929169,3.127656453847885,14371.0,True,808,33,wt_med,-0.2652869916354197,-0.3854419708251953,-0.15419466495513917,-0.43751494884490966,-0.11928970217704776,13868.0,1.0,True
D3,0,all,all,best-time regret (min),lvlh5_cbd,4.123695976154993,3.819578856229782,4.477520525455475,7381.0,True,404,18,wt_med,0.9655890106840568,0.7196367919445038,1.231970489025116,0.6578805029392243,1.271192729473114,7207.0,0.5196856071531584,False
D3,0,all,all,best-time regret (min),lvlh5_naive,3.332564509153813,3.15250079035759,3.55678585767746,13874.0,True,784,33,wt_med,0.1931734044128537,0.060974687337875366,0.3336077034473419,0.005544763803482057,0.36631760001182556,13506.0,0.9738967406980098,False
D3,0,all,all,best-time regret (min),lvlh5_tft,3.4699495503399866,3.2492892324924467,3.7206618487834926,9118.0,True,516,19,wt_med,0.21298174442190643,0.00681748390197754,0.4384298622608184,0.014653688669204716,0.39109425544738763,8874.0,0.6398903951543121,False
D3,0,all,all,best-time regret (min),snaive7,3.7629665535627725,3.415813982486725,4.150941073894501,6189.0,True,662,33,wt_med,1.0687084751255873,0.8364646852016449,1.2907368063926696,0.7170974254608155,1.439260858297348,6171.0,0.44498125180271125,False
D3,0,all,all,best-time regret (min),wt_med,3.1432073839053936,2.9443295896053314,3.356832766532898,13868.0,True,799,33,wt_med,,,,,,,,
D3,1,all,all,best-time regret (min),chronos2,5.066058294742577,4.80673862695694,5.331099641323089,14684.0,True,849,33,wt_med,1.6336514616367324,1.3475573539733887,1.8971572279930113,1.1731202721595764,2.086546075344086,13307.0,0.9275756308378642,False
D3,1,all,all,best-time regret (min),chronos2_grid,3.8246390629256335,3.5902938723564146,4.065162241458893,14684.0,True,849,33,wt_med,0.3743142706846019,0.1847245991230011,0.5740920245647431,0.039392262697219856,0.7503684639930724,13307.0,0.9275756308378642,False
D3,1,all,all,best-time regret (min),chronos2_nocov,7.544061563606647,7.089792001247406,8.051339912414551,14684.0,True,849,33,wt_med,4.094010671075374,3.6590464770793916,4.549778580665588,2.9863298714160917,5.2966265201568605,13307.0,0.9275756308378642,False
D3,1,all,all,best-time regret (min),chronos2_owx,5.030032688640698,4.768831396102906,5.295968866348266,14684.0,True,849,33,wt_med,1.6044187269857964,1.3350798189640045,1.8653366625308991,1.1569951891899108,2.0620905876159665,13307.0,0.9275756308378642,False
D3,1,all,all,best-time regret (min),chronos2_owx_x_h5,3.6201913559881227,3.400170826911926,3.8340016067028047,15155.0,True,840,33,wt_med,0.3381430363864495,0.17424335479736328,0.5140414118766784,0.15930776596069335,0.5077392280101776,14346.0,1.0,False
D3,1,all,all,best-time regret (min),chronos2_x_h5,3.634378093038601,3.420749378204346,3.845226711034775,15155.0,True,840,33,wt_med,0.35208420465635015,0.19035027623176576,0.5318183064460754,0.17009319067001344,0.5199337303638458,14346.0,1.0,False
D3,1,all,all,best-time regret (min),clim,3.307852397342512,3.098136156797409,3.5133426070213316,12493.0,True,776,33,wt_med,0.16695324654057142,0.04461711049079895,0.2877798974514007,0.008315324783325197,0.33922973275184626,12213.0,0.8513174404015057,False
D3,1,all,all,best-time regret (min),h5,3.1542065324975255,2.955782729387283,3.3553453981876373,15155.0,True,840,33,wt_med,-0.13278962777080716,-0.27143747806549073,0.014851659536361672,-0.31303149461746216,0.0337457239627838,14346.0,1.0,False
D3,1,all,all,best-time regret (min),lvlh5_cbd,4.062775477494323,3.7757442474365233,4.388282775878906,7487.0,True,409,18,wt_med,0.9280735991078899,0.6373785197734833,1.2590283930301667,0.594818252325058,1.3032738804817199,7174.0,0.5000697058413495,False
D3,1,all,all,best-time regret (min),lvlh5_naive,3.558161605206074,3.367019307613373,3.7637769401073458,14752.0,True,820,33,wt_med,0.31549776167128574,0.16149465441703797,0.47454180717468253,0.12664570808410644,0.4911343097686767,14073.0,0.9809703053115851,False
D3,1,all,all,best-time regret (min),lvlh5_tft,3.554885027572573,3.309021866321564,3.8168774008750916,9611.0,True,539,19,wt_med,0.27258905299739355,0.06294928789138794,0.4891550958156585,0.07041115760803224,0.45723478198051454,9208.0,0.6418513871462429,False
D3,1,all,all,best-time regret (min),snaive7,3.944026989725502,3.6032426238059996,4.323424291610718,6521.0,True,710,33,wt_med,0.8437354085603115,0.578303861618042,1.1327639102935791,0.4338684856891632,1.3909223377704618,6425.0,0.4478600306705702,False
D3,1,all,all,best-time regret (min),wt_med,3.2273804544820854,3.01915825009346,3.426630800962448,14346.0,True,829,33,wt_med,,,,,,,,
D3,2,all,all,best-time regret (min),chronos2,6.446640558071228,6.060959887504578,6.843293690681458,16342.0,True,868,33,clim,3.0,2.5707821369171144,3.4274150788784024,2.2159747838974,3.7500637412071227,11783.0,0.9293319662433945,False
D3,2,all,all,best-time regret (min),chronos2_grid,4.559417451964264,4.247438681125641,4.895672607421875,16342.0,True,868,33,clim,0.8521598913689212,0.6234958410263062,1.0773057043552399,0.36493473649024966,1.3663701713085175,11783.0,0.9293319662433945,False
D3,2,all,all,best-time regret (min),chronos2_nocov,10.436911026802106,9.799281859397889,11.12211344242096,16342.0,True,868,33,clim,7.062547738266995,6.378516030311585,7.776668405532837,5.539312636852264,8.726929831504822,11783.0,0.9293319662433945,False
D3,2,all,all,best-time regret (min),chronos2_owx,6.3701505323705785,5.999382793903351,6.7574249625205995,16342.0,True,868,33,clim,2.873970975133667,2.457022339105606,3.284273886680603,2.11665164232254,3.5851448833942414,11783.0,0.9293319662433945,False
D3,2,all,all,best-time regret (min),chronos2_owx_x_h5,3.8023094129738224,3.605273824930191,4.032961928844452,16541.0,True,853,33,clim,0.3913251094309591,0.23805885314941405,0.5501472294330597,0.15067775249481202,0.6310543894767761,12565.0,0.9910087546336462,False
D3,2,all,all,best-time regret (min),chronos2_x_h5,3.8157910646272897,3.6144821882247924,4.043964254856109,16541.0,True,853,33,clim,0.4058893752487065,0.2507716238498688,0.5578096508979796,0.16448397636413575,0.6535460472106933,12565.0,0.9910087546336462,False
D3,2,all,all,best-time regret (min),clim,3.010726397980913,2.8274821877479552,3.213697427511215,12679.0,True,755,33,clim,,,,,,,,
D3,2,all,all,best-time regret (min),h5,3.214255486367209,3.0285963356494903,3.435849720239639,16541.0,True,853,33,clim,-0.15702347791484295,-0.2822213649749756,-0.017497903108596884,-0.34276005029678347,0.02482115030288695,12565.0,0.9910087546336462,False
D3,2,all,all,best-time regret (min),lvlh5_cbd,4.587150505651398,4.303792154788971,4.89274046421051,8405.0,True,424,18,clim,1.241833894829354,0.9709228932857513,1.4970015764236448,0.7347060859203338,1.6731199502944947,6827.0,0.5384494045271709,False
D3,2,all,all,best-time regret (min),lvlh5_naive,3.3978316795295846,3.209760195016861,3.604943060874939,16326.0,True,843,33,clim,0.06481702941879952,-0.0723198413848877,0.20339634418487548,-0.1301007926464081,0.25236158370971673,12543.0,0.9892736020190867,False
D3,2,all,all,best-time regret (min),lvlh5_tft,3.5049289099526066,3.276029098033905,3.780181074142456,10550.0,True,543,19,clim,0.20009361104610335,0.020537787675857552,0.3686575412750244,-0.054472166299819935,0.47733836770057675,8546.0,0.6740279201829797,False
D3,2,all,all,best-time regret (min),snaive7,3.503845684287633,3.1778286933898925,3.890245670080185,8191.0,True,760,33,clim,0.6613125286828825,0.4601935803890228,0.8919383645057678,0.4039917945861816,0.9666623532772064,6537.0,0.515576938244341,False
D3,2,all,all,best-time regret (min),wt_med,3.231485733027222,3.027880722284317,3.4599662721157074,15245.0,True,839,33,clim,-0.06566801619433216,-0.1768118381500244,0.060703182220458965,-0.15832922458648682,0.0356226027011871,12350.0,0.9740515813549965,False
D3,3,all,all,best-time regret (min),chronos2,6.068101906113133,5.726743710041046,6.416832470893859,16211.0,True,870,33,clim,2.616224899598394,2.210301637649536,3.015350669622421,1.7718607187271118,3.337491500377655,12450.0,0.9697016901627853,False
D3,3,all,all,best-time regret (min),chronos2_grid,4.042070199247425,3.7696365237236025,4.319115734100341,16211.0,True,870,33,clim,0.374698795180723,0.1519683301448822,0.6129172086715697,-0.07019348740577698,0.7905155718326567,12450.0,0.9697016901627853,False
D3,3,all,all,best-time regret (min),chronos2_nocov,9.571217074825736,8.976747488975525,10.162207651138306,16211.0,True,870,33,clim,6.164979919678714,5.553100204467773,6.729832601547241,4.900333189964295,7.448315858840942,12450.0,0.9697016901627853,False
D3,3,all,all,best-time regret (min),chronos2_owx,6.0201098019863055,5.691182625293732,6.361285531520844,16211.0,True,870,33,clim,2.5604819277108435,2.1585280895233154,2.9596293985843656,1.7501869201660156,3.258065092563629,12450.0,0.9697016901627853,False
D3,3,all,all,best-time regret (min),chronos2_owx_x_h5,3.561328737073018,3.3708964467048643,3.7563237071037294,15955.0,True,857,33,clim,0.21084761681145814,0.04696065783500672,0.3618174314498901,-0.06046159267425537,0.4648610234260558,12777.0,0.9951709634706752,False
D3,3,all,all,best-time regret (min),chronos2_x_h5,3.5519899717956753,3.3667294085025787,3.750255447626114,15955.0,True,857,33,clim,0.20419503795883243,0.03715608716011048,0.3620169639587402,-0.07377908825874328,0.4606579184532165,12777.0,0.9951709634706752,False
D3,3,all,all,best-time regret (min),clim,3.1455720850533533,2.9474403500556945,3.3547284722328183,12839.0,True,782,33,clim,,,,,,,,
D3,3,all,all,best-time regret (min),h5,3.089934820757082,2.89838747382164,3.3098915338516237,15956.0,True,857,33,clim,-0.2642247788995853,-0.414445036649704,-0.08945355415344239,-0.4755361318588257,-0.08818984031677247,12777.0,0.9951709634706752,True
D3,3,all,all,best-time regret (min),lvlh5_cbd,4.262076556194203,4.003853297233581,4.531362986564636,8177.0,True,428,18,clim,0.9818783259024881,0.7323991417884826,1.222800624370575,0.528294837474823,1.348340183496475,6953.0,0.5415530804579796,False
D3,3,all,all,best-time regret (min),lvlh5_naive,3.4296706091822458,3.2360312223434446,3.6368270397186278,15726.0,True,849,33,clim,0.1266865390649512,-0.02944575548171997,0.28731742501258845,-0.1366817593574524,0.3341449797153473,12748.0,0.9929122205779266,False
D3,3,all,all,best-time regret (min),lvlh5_tft,3.6269035532994924,3.3914528131484984,3.865927702188492,10244.0,True,548,19,clim,0.2217993079584777,0.030067038536071778,0.41214022040367126,-0.07630010247230529,0.48827661871910094,8670.0,0.6752862372458914,False
D3,3,all,all,best-time regret (min),prod_served,4.7483205140687375,4.418484222888947,5.094694483280182,10271.0,True,550,19,clim,1.3111855789230416,1.0637643933296204,1.5826678991317749,0.6846418082714081,2.0324275672435754,8654.0,0.6740400342705818,False
D3,3,all,all,best-time regret (min),prod_served_lin,3.935046049442559,3.671024912595749,4.232715892791748,10315.0,True,550,19,clim,0.47296986427421217,0.2517829656600952,0.7093562185764312,0.03916110396385193,0.9646254241466522,8694.0,0.6771555417088558,False
D3,3,all,all,best-time regret (min),snaive7,3.595795956620699,3.3015340745449064,3.8916934549808504,7469.0,True,737,33,clim,0.6397730854081312,0.4264892995357513,0.8750752449035644,0.44922571182250975,0.8678154349327087,6346.0,0.4942752550821715,False
D3,3,all,all,best-time regret (min),wt_med,3.302296088639701,3.1019460558891296,3.5341699361801147,14982.0,True,846,33,clim,-0.05354031363852352,-0.16964174509048463,0.06372718811035155,-0.16693150997161865,0.05394458174705505,12626.0,0.9834099228911909,False
D3,4,all,all,best-time regret (min),chronos2,6.4753413995613105,6.044684064388275,6.988801074028015,14133.0,True,821,33,wt_med,2.9867287543655414,2.53126255273819,3.480679976940155,2.1178646624088286,3.8148219347000123,12885.0,0.9454105216817081,False
D3,4,all,all,best-time regret (min),chronos2_grid,3.8650675723484045,3.631571131944656,4.110079419612885,14133.0,True,821,33,wt_med,0.3421032207993795,0.15671380162239074,0.5477439761161804,0.028187018632888795,0.6617189466953277,12885.0,0.9454105216817081,False
D3,4,all,all,best-time regret (min),chronos2_nocov,10.296186230807331,9.591422843933106,11.014986395835876,14133.0,True,821,33,wt_med,6.816608459448972,6.126859939098358,7.529781556129455,5.129133725166321,8.662855625152588,12885.0,0.9454105216817081,False
D3,4,all,all,best-time regret (min),chronos2_owx,6.423830750725253,6.007031929492951,6.930068075656891,14133.0,True,821,33,wt_med,2.9323244082266204,2.47658828496933,3.416283982992172,2.0923262000083924,3.737478333711624,12885.0,0.9454105216817081,False
D3,4,all,all,best-time regret (min),chronos2_owx_x_h5,3.6244105409153953,3.3966846227645875,3.8550717413425444,14420.0,True,819,33,wt_med,0.251228996991709,0.10976707339286805,0.405993628501892,0.06030130386352539,0.4459513843059539,13629.0,1.0,False
D3,4,all,all,best-time regret (min),chronos2_x_h5,3.6313453536754507,3.4058632016181947,3.8612437665462496,14420.0,True,819,33,wt_med,0.2574656981436645,0.12196365594863892,0.41083016395568844,0.06965923309326172,0.4494501829147338,13629.0,1.0,False
D3,4,all,all,best-time regret (min),clim,3.4047658311345645,3.1427344620227813,3.691763699054718,12128.0,True,764,33,wt_med,0.1688870151770656,0.04007053375244141,0.32542023658752434,0.03162596225738525,0.3044012665748596,11860.0,0.8702032430845991,False
D3,4,all,all,best-time regret (min),h5,3.194382801664355,2.9585377991199495,3.4549385130405423,14420.0,True,819,33,wt_med,-0.17763592339863532,-0.31330193281173707,-0.035115700960159306,-0.34389854669570924,-0.02490459680557255,13629.0,1.0,True
D3,4,all,all,best-time regret (min),lvlh5_cbd,4.3615086264544605,4.088986432552337,4.6958859920501705,7477.0,True,410,18,wt_med,0.8147150552877802,0.5383278787136078,1.0939326465129853,0.4737775564193726,1.1235225439071654,7054.0,0.5175728226575684,False
D3,4,all,all,best-time regret (min),lvlh5_naive,3.4421792868305157,3.2059936940670015,3.699827641248703,14078.0,True,802,33,wt_med,0.10299918136488806,-0.04453281164169311,0.2558023393154144,-0.06552545428276062,0.26520944237709043,13437.0,0.9859123926920537,False
D3,4,all,all,best-time regret (min),lvlh5_tft,3.7787238629014874,3.504817169904709,4.071166729927063,9278.0,True,524,19,wt_med,0.3386086758510758,0.14757362604141236,0.5570526123046875,0.10406657457351685,0.5873125076293944,8783.0,0.6444346613838139,False
D3,4,all,all,best-time regret (min),prod_served,5.101076426264801,4.7181735157966616,5.479908680915832,9290.0,True,524,19,wt_med,1.7046716003700277,1.3848165333271027,2.041525900363922,0.8882373929023742,2.743953412771224,8648.0,0.6345293124954142,False
D3,4,all,all,best-time regret (min),prod_served_lin,4.248525152847796,3.940095788240433,4.563860356807709,9323.0,True,524,19,wt_med,0.821927293710329,0.574401193857193,1.0912607491016388,0.3001981496810913,1.4527846097946167,8665.0,0.6357766527258053,False
D3,4,all,all,best-time regret (min),snaive7,3.9726415094339624,3.6416999459266663,4.340731060504913,6360.0,True,668,33,wt_med,0.9127538071065988,0.6737411081790924,1.1559705018997193,0.5777889013290405,1.2576389491558075,6304.0,0.4625431066109032,False
D3,4,all,all,best-time regret (min),wt_med,3.3157971971531293,3.0987376868724823,3.5373936533927917,13629.0,True,811,33,wt_med,,,,,,,,
D3,5,all,all,best-time regret (min),chronos2,6.510639880952381,6.00927460193634,7.0491577029228205,13440.0,True,798,33,wt_med,3.1651541165889956,2.6798413693904877,3.6872088730335233,2.1829836547374724,4.231687426567078,12231.0,0.9470383275261324,False
D3,5,all,all,best-time regret (min),chronos2_grid,3.7583333333333333,3.503748446702957,4.0249523520469666,13440.0,True,798,33,wt_med,0.25778758891341713,0.04044087529182435,0.47084695696830736,-0.05473655462265014,0.6041138589382171,12231.0,0.9470383275261324,False
D3,5,all,all,best-time regret (min),chronos2_nocov,10.384151785714286,9.614086985588074,11.180521821975708,13440.0,True,798,33,wt_med,6.973836971629467,6.22689129114151,7.783286774158477,5.076191258430481,8.969668650627133,12231.0,0.9470383275261324,False
D3,5,all,all,best-time regret (min),chronos2_owx,6.370535714285714,5.891216385364532,6.879071688652038,13440.0,True,798,33,wt_med,2.997710735017579,2.5258144974708556,3.507477366924286,2.054847317934036,4.062928283214569,12231.0,0.9470383275261324,False
D3,5,all,all,best-time regret (min),chronos2_owx_x_h5,3.623030921820303,3.3844891130924224,3.864040905237198,13712.0,True,795,33,wt_med,0.33302361595044516,0.17513861656188964,0.4885585784912109,0.11252049803733825,0.5246314644813537,12915.0,1.0,False
D3,5,all,all,best-time regret (min),chronos2_x_h5,3.636668611435239,3.391414523124695,3.879625767469406,13712.0,True,795,33,wt_med,0.346341463414634,0.18511274456977844,0.5046917617321014,0.12665336728096008,0.5414104402065277,12915.0,1.0,False
D3,5,all,all,best-time regret (min),clim,3.320892949491467,3.072121226787567,3.6031671941280363,11602.0,True,737,33,wt_med,0.1859742565468263,0.04982268810272217,0.3579076051712035,0.029116928577423096,0.3627111136913299,11265.0,0.8722415795586528,False
D3,5,all,all,best-time regret (min),h5,3.167942827973456,2.936128330230713,3.42201052904129,13713.0,True,795,33,wt_med,-0.12435152922957826,-0.24572924375534058,0.013177716732025132,-0.2867142617702484,0.03793314099311828,12915.0,1.0,False
D3,5,all,all,best-time regret (min),lvlh5_cbd,4.473893926902996,4.060176575183869,4.896331489086151,7278.0,True,403,18,wt_med,1.0060338484179545,0.7002347707748413,1.3033839404582976,0.582900857925415,1.4752191126346588,6795.0,0.5261324041811847,False
D3,5,all,all,best-time regret (min),lvlh5_naive,3.541397930103495,3.2946768701076508,3.8085986614227294,13334.0,True,778,33,wt_med,0.2909751857120275,0.13528707027435302,0.4373961508274078,0.09899044036865234,0.4826517343521118,12654.0,0.9797909407665505,False
D3,5,all,all,best-time regret (min),lvlh5_tft,3.854171376893511,3.518992453813553,4.197414982318878,8846.0,True,507,19,wt_med,0.44121898337749954,0.23639311790466308,0.6577671825885772,0.16169477701187135,0.7358546197414396,8302.0,0.6428184281842818,False
D3,5,all,all,best-time regret (min),prod_served,4.949313981177005,4.551424241065979,5.337450635433197,8819.0,True,506,19,wt_med,1.4923303472818752,1.196596759557724,1.8009321808815002,0.8624475955963135,2.1951696276664734,8149.0,0.6309717382888115,False
D3,5,all,all,best-time regret (min),prod_served_lin,4.153249381605577,3.8013256549835206,4.513434779644013,8894.0,True,506,19,wt_med,0.6661788022929627,0.4119208872318268,0.9361460566520691,0.1981762409210205,1.1730257213115691,8199.0,0.6348432055749129,False
D3,5,all,all,best-time regret (min),snaive7,3.653162875643367,3.315396285057068,4.004293882846833,6023.0,True,658,33,wt_med,0.7877667618887583,0.5628880560398102,1.0247562170028686,0.44300305247306826,1.101714414358139,5951.0,0.4607820363917925,False
D3,5,all,all,best-time regret (min),wt_med,3.207820363917925,2.9968047022819517,3.425110989809036,12915.0,True,788,33,wt_med,,,,,,,,
D3,6,all,all,best-time regret (min),chronos2,6.436273051754908,6.051047992706299,6.848395323753357,13448.0,True,817,33,wt_med,2.9758820174366494,2.5374905109405517,3.4323388934135437,2.008643716573715,3.978601652383804,12273.0,0.9372279495990836,False
D3,6,all,all,best-time regret (min),chronos2_grid,3.91337001784652,3.677027404308319,4.184710323810577,13448.0,True,817,33,wt_med,0.29145278253075846,0.08335636854171753,0.5156692981719969,-0.03499706983566283,0.6564126014709473,12273.0,0.9372279495990836,False
D3,6,all,all,best-time regret (min),chronos2_nocov,10.034651992861392,9.379996180534363,10.743413496017457,13448.0,True,817,33,wt_med,6.60979385643282,5.918788313865662,7.323658430576324,4.9008313655853275,8.415218186378478,12273.0,0.9372279495990836,False
D3,6,all,all,best-time regret (min),chronos2_owx,6.322947650208209,5.939749121665955,6.731653225421906,13448.0,True,817,33,wt_med,2.8510551617371465,2.428743588924408,3.2915668904781343,1.9155424654483795,3.8106129348278044,12273.0,0.9372279495990836,False
D3,6,all,all,best-time regret (min),chronos2_owx_x_h5,3.6206270866598924,3.4075982868671417,3.852350175380707,13778.0,True,814,33,wt_med,0.20459752558423672,0.031510663032531736,0.3646410763263702,-0.023740541934967035,0.41511058807373047,13094.0,0.9999236349751813,False
D3,6,all,all,best-time regret (min),chronos2_x_h5,3.6329655973290755,3.4122129678726196,3.862712264060974,13778.0,True,814,33,wt_med,0.2198716969604395,0.05261368155479431,0.3827075958251952,-0.012626171112060547,0.4342284619808197,13094.0,0.9999236349751813,False
D3,6,all,all,best-time regret (min),clim,3.3702684101858225,3.138521081209183,3.6097065806388855,11624.0,True,754,33,wt_med,0.08264097578221641,-0.046527206897735596,0.19903323054313657,-0.023284041881561277,0.1884136915206909,11314.0,0.8639938907980145,False
D3,6,all,all,best-time regret (min),h5,3.13388969521045,2.929459196329117,3.3518934547901154,13780.0,True,814,33,wt_med,-0.2696449026345933,-0.39902392625808714,-0.15229178667068485,-0.411329185962677,-0.1508848786354065,13095.0,1.0,True
D3,6,all,all,best-time regret (min),lvlh5_cbd,4.389051399916423,4.041988790035248,4.73543518781662,7179.0,True,405,18,wt_med,0.9449271094095124,0.6343713343143463,1.2493073046207426,0.5578008115291596,1.324391734600067,6791.0,0.5185948835433372,False
D3,6,all,all,best-time regret (min),lvlh5_naive,3.535027115370329,3.3092157781124114,3.7690252006053924,13461.0,True,797,33,wt_med,0.1681670029489366,5.027055740356602e-05,0.33880483508110043,-0.048119187355041504,0.35945544838905336,12886.0,0.9840397098129057,False
D3,6,all,all,best-time regret (min),lvlh5_tft,4.00967228038234,3.7040557622909547,4.325747311115265,8788.0,True,514,19,wt_med,0.4061675065994721,0.1521892011165619,0.6330310463905334,0.12331340909004213,0.6607518672943116,8334.0,0.6364261168384879,False
D3,6,all,all,best-time regret (min),prod_served,5.130474040632055,4.7256234884262085,5.568064546585083,8860.0,True,515,19,wt_med,1.6307504575960956,1.3249847531318664,1.9589194416999818,0.9544059991836548,2.3457325100898743,8195.0,0.6258113783886979,False
D3,6,all,all,best-time regret (min),prod_served_lin,4.26119235095613,3.9367341697216034,4.625936496257782,8890.0,True,516,19,wt_med,0.7426067907995617,0.45660616755485534,1.037713474035263,0.337828528881073,1.174734365940094,8217.0,0.6274914089347079,False
D3,6,all,all,best-time regret (min),snaive7,3.6508661417322834,3.3536114513874056,3.9754597306251527,6350.0,True,692,33,wt_med,0.7596030729833547,0.5069680154323578,1.0376014709472656,0.401117616891861,1.1728624522686004,6248.0,0.4771286750668194,False
D3,6,all,all,best-time regret (min),wt_med,3.29049255441008,3.0757246017456055,3.5192759931087494,13095.0,True,806,33,wt_med,,,,,,,,
D3,7,all,all,best-time regret (min),chronos2,6.879637201695041,6.450669467449188,7.297448146343231,13451.0,True,782,32,wt_med,3.608749179251477,3.143376725912094,4.058130860328674,2.597143656015396,4.675453042984008,12184.0,0.9461096443547135,False
D3,7,all,all,best-time regret (min),chronos2_grid,4.16942978217233,3.899245631694794,4.448384928703308,13451.0,True,782,32,wt_med,0.7487688772160213,0.5248752713203431,0.9815338015556335,0.33564632534980776,1.2026302337646484,12184.0,0.9461096443547135,False
D3,7,all,all,best-time regret (min),chronos2_nocov,10.54055460560553,9.83793647289276,11.278980278968811,13451.0,True,782,32,wt_med,7.346766250820749,6.60422101020813,8.057316184043884,5.453869903087616,9.208223724365235,12184.0,0.9461096443547135,False
D3,7,all,all,best-time regret (min),chronos2_owx,6.764106757861869,6.3198228001594545,7.184350824356079,13451.0,True,782,32,wt_med,3.4865397242284963,3.01334508061409,3.9484516859054564,2.4849397420883177,4.508888077735899,12184.0,0.9461096443547135,False
D3,7,all,all,best-time regret (min),chronos2_owx_x_h5,3.583798882681564,3.3753316938877105,3.8213774144649504,13604.0,True,779,32,wt_med,0.33157322565615743,0.1863541543483734,0.4931474983692169,0.14540325999259948,0.5018429577350616,12878.0,1.0,False
D3,7,all,all,best-time regret (min),chronos2_x_h5,3.6122463981182005,3.401972097158432,3.85838103890419,13604.0,True,779,32,wt_med,0.36473054822177353,0.21176939606666564,0.5265959620475769,0.16850040555000306,0.5378983378410339,12878.0,1.0,False
D3,7,all,all,best-time regret (min),clim,3.196185286103542,2.9919643104076385,3.4120206594467164,11377.0,True,719,32,wt_med,0.06851167402866665,-0.06950481534004212,0.20469114184379575,-0.09211708307266235,0.20587790608406067,11093.0,0.8613915204224258,False
D3,7,all,all,best-time regret (min),h5,3.0186696067622196,2.8341532230377195,3.251530820131302,13605.0,True,779,32,wt_med,-0.2350520267122227,-0.35837353467941285,-0.10326082706451417,-0.3969481587409973,-0.1004917144775391,12878.0,1.0,True
D3,7,all,all,best-time regret (min),lvlh5_cbd,4.348889831706972,3.9992237865924833,4.748827528953552,7071.0,True,395,17,wt_med,0.9965773809523806,0.6924776017665863,1.3335353076457976,0.5704599380493164,1.3931110084056852,6720.0,0.521820158409691,False
D3,7,all,all,best-time regret (min),lvlh5_naive,3.452662947963628,3.2472091019153595,3.7152845680713655,13087.0,True,753,32,wt_med,0.23679373451610308,0.07981154918670655,0.39241525530815125,0.03926834464073181,0.4102680623531341,12513.0,0.9716570896101879,False
D3,7,all,all,best-time regret (min),lvlh5_tft,3.8292134831460674,3.5286910831928253,4.179857778549194,8455.0,True,487,18,wt_med,0.43433337482883116,0.19106715321540832,0.7040866792201995,0.1488944947719574,0.7039520442485809,8033.0,0.6237769840037273,False
D3,7,all,all,best-time regret (min),prod_served,5.04963452016034,4.684278762340545,5.474024140834808,8482.0,True,484,18,wt_med,1.6976127320954908,1.404033899307251,2.0225092589855196,0.974675452709198,2.4781473517417907,7917.0,0.6147693741264172,False
D3,7,all,all,best-time regret (min),prod_served_lin,4.274735605170388,3.946604299545288,4.634389007091523,8510.0,True,484,18,wt_med,0.9210990673052684,0.6596406638622284,1.2075641214847563,0.4767836034297943,1.4046052813529968,7934.0,0.6160894548842988,False
D3,7,all,all,best-time regret (min),wt_med,3.1928094424600095,2.9827270328998567,3.423596519231796,12878.0,True,764,32,wt_med,,,,,,,,
D3,10,all,all,best-time regret (min),chronos2_owx_x_h5,3.6940774337737463,3.4842572689056395,3.904236805438995,15213.0,True,827,32,clim,0.347127393838468,0.17441902160644532,0.507770448923111,0.058089441061019896,0.6246707975864411,12010.0,0.9927260704248636,False
D3,10,all,all,best-time regret (min),chronos2_x_h5,3.714323276145402,3.5005998015403748,3.9323617815971375,15213.0,True,827,32,clim,0.37194004995836805,0.19432315230369568,0.543706625699997,0.08876548409461975,0.645015776157379,12010.0,0.9927260704248636,False
D3,10,all,all,best-time regret (min),clim,3.1400231443213755,2.9368901669979097,3.3521533608436584,12098.0,True,748,32,clim,,,,,,,,
D3,10,all,all,best-time regret (min),h5,3.1427538613210646,2.9406209766864775,3.3537803709506986,15215.0,True,827,32,clim,-0.17477102414654455,-0.33253294229507446,-0.005094182491302509,-0.37299308776855467,0.005675470829009975,12010.0,0.9927260704248636,False
D3,10,all,all,best-time regret (min),lvlh5_cbd,4.536239229599595,4.250404334068298,4.827350676059723,7892.0,True,422,17,clim,1.1782059000602052,0.927670681476593,1.4622361481189727,0.7072218537330628,1.6177384018898011,6644.0,0.5491816829227971,False
D3,10,all,all,best-time regret (min),lvlh5_naive,3.5404360290686046,3.3413136482238768,3.759829592704773,14999.0,True,819,32,clim,0.2764696058784235,0.09426559209823608,0.45332706570625303,-0.0010898172855377168,0.55699325799942,11976.0,0.9899156885435609,False
D3,10,all,all,best-time regret (min),lvlh5_tft,3.761449579831933,3.5154325008392333,4.035044372081757,9520.0,True,519,18,clim,0.3999748205967517,0.1856812596321106,0.6241438210010528,0.07157002091407776,0.7206853926181793,7943.0,0.6565548024466854,False
D3,10,all,all,best-time regret (min),prod_served,4.7352515007244875,4.4076425433158875,5.088215398788452,9662.0,True,520,18,clim,1.3243379571248424,1.0780040621757507,1.5891874969005584,0.6904938399791718,2.0460068762302397,7930.0,0.6554802446685403,False
D3,10,all,all,best-time regret (min),prod_served_lin,3.921233933161954,3.6508935272693632,4.231231641769409,9725.0,True,521,18,clim,0.47371056584877325,0.24242272973060608,0.7190864026546477,0.03758982419967651,0.9901992917060852,7988.0,0.6602744255248801,False
D3,10,all,all,best-time regret (min),wt_med,3.2589825684809677,3.04851376414299,3.4593344211578367,14055.0,True,812,32,clim,-0.06796610169491535,-0.19007279276847838,0.05806390047073362,-0.19752431511878968,0.07357943058013915,11800.0,0.9753678293932881,False
D3,14,all,all,best-time regret (min),chronos2_owx_x_h5,3.753642281463112,3.5257037699222566,3.999295878410339,12904.0,True,751,31,clim,0.39478901161144186,0.1920793890953064,0.5917612791061401,0.14824384450912476,0.648386788368225,10593.0,0.9882451721242653,False
D3,14,all,all,best-time regret (min),chronos2_x_h5,3.7673589584624922,3.5448907136917116,4.019371581077576,12904.0,True,751,31,clim,0.4105541395261021,0.2065879225730896,0.6191876709461211,0.15710585713386535,0.6678752124309539,10593.0,0.9882451721242653,False
D3,14,all,all,best-time regret (min),clim,3.2039369344155237,2.9934813022613525,3.4291119039058686,10719.0,True,689,31,clim,,,,,,,,
D3,14,all,all,best-time regret (min),h5,3.1488570321580784,2.954022008180618,3.366840195655823,12905.0,True,751,31,clim,-0.17785329934862615,-0.31693904995918276,-0.038072925806045536,-0.3548302471637726,-0.02915820479393007,10593.0,0.9882451721242653,True
D3,14,all,all,best-time regret (min),lvlh5_cbd,4.561218147917962,4.1607245922088625,5.005331122875214,6436.0,True,365,16,clim,1.1752036199095017,0.7701912164688111,1.604068076610565,0.5374037325382233,1.9346212565898895,5525.0,0.5154398731224927,False
D3,14,all,all,best-time regret (min),lvlh5_naive,3.5777256551277903,3.35977218747139,3.8260092437267303,12364.0,True,723,31,clim,0.2781717133001149,0.09315165281295777,0.4555884420871734,0.04212695360183716,0.49646543264389037,10436.0,0.973598283421961,False
D3,14,all,all,best-time regret (min),lvlh5_tft,3.941583397386626,3.6150025129318237,4.315563797950745,7806.0,True,457,17,clim,0.4858134621189256,0.20312148928642274,0.7933269083499908,0.11036767363548279,0.8730704009532928,6626.0,0.6181546786080792,False
D3,14,all,all,best-time regret (min),prod_served,5.131858407079646,4.752749443054199,5.5710149765014645,7910.0,True,453,17,clim,1.5843201918752814,1.2336409389972687,1.936838412284851,0.9086741983890534,2.3882729470729824,6671.0,0.6223528314208415,False
D3,14,all,all,best-time regret (min),prod_served_lin,4.309610782214385,3.95742644071579,4.687905657291412,7939.0,True,453,17,clim,0.7706682613245626,0.44237772822380067,1.1121257722377778,0.24565730094909669,1.3950086534023283,6689.0,0.6240320925459465,False
D3,14,all,all,best-time regret (min),wt_med,3.2638612217795484,3.0609087467193605,3.4866297781467437,12048.0,True,731,31,clim,-0.017681159420289916,-0.1460232615470886,0.11371037364006041,-0.13233041763305664,0.12276498675346371,10350.0,0.9655751469353484,False
D3,21,all,all,best-time regret (min),chronos2_owx_x_h5,3.7997220632714788,3.5768503129482268,4.064076745510102,12233.0,True,727,30,clim,0.32437059415911396,0.1494203507900238,0.5047333180904389,0.08579685091972351,0.5745469212532044,9930.0,0.9848259446593276,False
D3,21,all,all,best-time regret (min),chronos2_x_h5,3.8177879506253576,3.5956791162490847,4.085781550407409,12233.0,True,727,30,clim,0.33907351460221546,0.1657608211040497,0.5220267295837402,0.10351266264915467,0.5873609066009521,9930.0,0.9848259446593276,False
D3,21,all,all,best-time regret (min),clim,3.250322324704949,3.0360320150852202,3.4885599315166473,10083.0,True,657,30,clim,,,,,,,,
D3,21,all,all,best-time regret (min),h5,3.220297434221278,3.0030850768089294,3.469497358798981,12238.0,True,727,30,clim,-0.20332326283987934,-0.34557896852493286,-0.04947137832641605,-0.4004854619503021,-0.02211525440216077,9930.0,0.9848259446593276,True
D3,21,all,all,best-time regret (min),lvlh5_cbd,4.78040483075353,4.301448857784271,5.293594574928283,5879.0,True,338,15,clim,1.3089955627269063,0.8330661058425903,1.8210600018501282,0.6083924889564514,2.1998620867729186,4958.0,0.49171873450361997,False
D3,21,all,all,best-time regret (min),lvlh5_naive,3.682020167492736,3.446038806438446,3.951764118671417,11702.0,True,696,30,clim,0.2921152465907926,0.11026787161827087,0.4672486007213592,0.06190319061279298,0.5391342520713804,9753.0,0.9672716453436477,False
D3,21,all,all,best-time regret (min),lvlh5_tft,4.152407536636427,3.779472070932388,4.59099850654602,7165.0,True,428,16,clim,0.48564273789649404,0.16527944803237915,0.8242098033428191,0.06867015957832337,0.9299504101276398,5990.0,0.5940692254289398,False
D3,21,all,all,best-time regret (min),prod_served,5.096818243889117,4.72336962223053,5.520685768127441,7323.0,True,423,16,clim,1.5302102300943554,1.1983746230602264,1.889150220155716,0.8461806058883667,2.3153693079948416,6041.0,0.5991272438758306,False
D3,21,all,all,best-time regret (min),prod_served_lin,4.316655336505779,3.96314879655838,4.685914373397827,7355.0,True,424,16,clim,0.7191882527635705,0.3672029376029968,1.0876196265220641,0.1709170639514923,1.3188961684703826,6061.0,0.6011107805216701,False
D3,21,all,all,best-time regret (min),wt_med,3.298896600818651,3.0885226130485535,3.547528451681137,11238.0,True,696,30,clim,-0.006122872561228565,-0.1404191255569458,0.13202765583992002,-0.12377423048019409,0.12570932507514948,9636.0,0.9556679559654865,False
D3,30,all,all,best-time regret (min),chronos2_owx_x_h5,3.9631953477695308,3.7275885581970214,4.204242479801178,13069.0,True,721,29,clim,0.38869653767820767,0.219876629114151,0.5441036164760589,0.13368000984191894,0.6513793408870697,9820.0,0.9811169947047658,False
D3,30,all,all,best-time regret (min),chronos2_x_h5,3.985385262835718,3.7582559883594513,4.224170255661011,13069.0,True,721,29,clim,0.410590631364562,0.2411259174346924,0.5648119866847991,0.16194816827774047,0.6606591880321503,9820.0,0.9811169947047658,False
D3,30,all,all,best-time regret (min),clim,3.098411429713258,2.8951451659202574,3.3402830839157103,10009.0,True,625,29,clim,,,,,,,,
D3,30,all,all,best-time regret (min),h5,3.3104820198928846,3.0914926052093508,3.5224870681762694,13070.0,True,721,29,clim,-0.16354378818737292,-0.3079325258731842,-0.028432232141494783,-0.3531502425670624,0.004026484489440911,9820.0,0.9811169947047658,False
D3,30,all,all,best-time regret (min),lvlh5_cbd,5.3505523066926575,4.956922125816345,5.770159304141998,6156.0,True,330,14,clim,1.7910958904109586,1.4701438784599303,2.109875464439392,1.2667236089706422,2.3424715518951413,4964.0,0.4959536417224498,False
D3,30,all,all,best-time regret (min),lvlh5_naive,3.5667079399473764,3.3471973121166227,3.7889805018901823,12922.0,True,710,29,clim,0.14941824862216802,0.000469332933425904,0.28672701120376587,-0.062403577566146846,0.32721639275550835,9798.0,0.978918972924368,False
D3,30,all,all,best-time regret (min),lvlh5_tft,3.822381769939129,3.4715590476989746,4.184550249576569,6407.0,True,350,14,clim,0.203396447394105,-0.03054516315460205,0.4069950103759765,-0.08108956217765807,0.5178465127944946,5123.0,0.5118393445898691,False
D3,30,all,all,best-time regret (min),prod_served,5.184490481522956,4.750337600708008,5.686968314647674,7144.0,True,372,14,clim,1.7537993920972643,1.374258917570114,2.1370281279087067,0.885347455739975,2.739906406402588,5264.0,0.5259266660005995,False
D3,30,all,all,best-time regret (min),prod_served_lin,4.74792817679558,4.313872337341309,5.210218143463134,7240.0,True,374,14,clim,1.1806500377928946,0.8381891071796417,1.5317140579223631,0.403836590051651,2.0934190094470977,5292.0,0.5287241482665601,False
D3,30,all,all,best-time regret (min),wt_med,3.178646196789951,2.9566872000694273,3.4022970736026763,11464.0,True,687,29,clim,-0.14323245060949974,-0.2600293576717377,-0.041209167242050204,-0.2723184108734131,-0.013721603155136146,9516.0,0.9507443301029074,True
D3,45,all,all,best-time regret (min),chronos2_owx_x_h5,3.683576135969476,3.464727061986923,3.893165624141693,11532.0,True,676,27,clim,0.3320262945450354,0.137560898065567,0.5200566649436951,0.0972133219242096,0.5384668648242951,8671.0,0.9832180519333258,False
D3,45,all,all,best-time regret (min),chronos2_x_h5,3.7082899757197363,3.483799070119858,3.914595288038254,11532.0,True,676,27,clim,0.3648944758390038,0.17632127404212952,0.5517662346363067,0.11896790862083435,0.5798987329006194,8671.0,0.9832180519333258,False
D3,45,all,all,best-time regret (min),clim,3.0478512302982197,2.8299664556980133,3.2628777086734773,8819.0,True,575,27,clim,,,,,,,,
D3,45,all,all,best-time regret (min),h5,3.1893532165770764,2.971865737438202,3.413266158103943,11534.0,True,676,27,clim,-0.20274478145542574,-0.38548617959022524,-0.01157202124595645,-0.4002431333065033,-0.0391848087310791,8671.0,0.9832180519333258,True
D3,45,all,all,best-time regret (min),lvlh5_cbd,5.049019607843137,4.415791594982148,5.739445972442627,1530.0,True,100,12,clim,0.89977728285078,0.22515201568603516,1.5451212465763091,0.04709498882293702,1.5353255212306975,1347.0,0.15273840571493366,False
D3,45,all,all,best-time regret (min),lvlh5_naive,3.663641969870496,3.437118190526962,3.883372926712036,11351.0,True,664,27,clim,0.3271569195136075,0.14176095128059388,0.5042903125286102,0.08264840245246888,0.5434420943260193,8635.0,0.9791359564576483,False
D3,45,all,all,best-time regret (min),lvlh5_tft,3.909211106214191,3.5024656116962434,4.322595143318176,4538.0,True,261,11,clim,0.2817124735729388,-0.08887634873390197,0.6536068141460418,-0.14037882089614867,0.679628974199295,3784.0,0.4290735911101032,False
D3,45,all,all,best-time regret (min),prod_served,4.834552283059893,4.316767871379852,5.337179493904114,5059.0,True,280,12,clim,1.2894933865734965,0.9550613701343537,1.6485585629940032,0.6054502904415131,2.035223579406738,4007.0,0.45435990475110555,False
D3,45,all,all,best-time regret (min),prod_served_lin,4.05763575769457,3.6456210017204285,4.461548054218293,5101.0,True,283,12,clim,0.4534623976172747,0.15501126646995544,0.7649879872798919,-0.10545743703842163,1.0795616507530208,4029.0,0.4568545186529085,False
D3,45,all,all,best-time regret (min),wt_med,3.2414097781268407,3.0272715270519255,3.462005007266998,10186.0,True,636,27,clim,0.02686145146088581,-0.10760954022407532,0.160044527053833,-0.11759679317474366,0.15840641260147095,8488.0,0.9624673999319651,False
D3,60,all,all,best-time regret (min),chronos2_owx_x_h5,4.180781932459785,3.7758281767368316,4.594079232215881,9387.0,True,586,25,clim,0.23227813852813828,0.05859703421592712,0.39789320826530455,-0.06906120181083679,0.5713027596473693,7392.0,0.9811521104327051,False
D3,60,all,all,best-time regret (min),chronos2_x_h5,4.177586023223607,3.769648605585098,4.592718482017517,9387.0,True,586,25,clim,0.24174783549783552,0.06601526141166687,0.4120230793952942,-0.056623321771621694,0.5845917284488678,7392.0,0.9811521104327051,False
D3,60,all,all,best-time regret (min),clim,3.3305017255110165,3.089118856191635,3.569965088367462,7534.0,True,521,25,clim,,,,,,,,
D3,60,all,all,best-time regret (min),h5,3.7294706571519862,3.3418074250221252,4.151777613162994,9389.0,True,588,25,clim,-0.17978896103896114,-0.33051087260246276,-0.037246668338775636,-0.4349964499473572,0.09349563121795652,7392.0,0.9811521104327051,False
D3,60,all,all,best-time regret (min),lvlh5_naive,4.186305024455313,3.771115380525589,4.608287417888641,8996.0,True,555,25,clim,0.22598403523259014,0.037734746932983405,0.4006391048431396,-0.07616230845451355,0.5562485396862027,7266.0,0.9644279267321476,False
D3,60,all,all,best-time regret (min),lvlh5_tft,0.0,0.0,0.0,9.0,True,6,7,clim,0.0,0.0,0.0,0.0,0.0,9.0,0.0011945845500398195,False
D3,60,all,all,best-time regret (min),prod_served,0.0,0.0,0.0,9.0,True,6,7,clim,0.0,0.0,0.0,0.0,0.0,9.0,0.0011945845500398195,False
D3,60,all,all,best-time regret (min),prod_served_lin,0.0,0.0,0.0,9.0,True,6,7,clim,0.0,0.0,0.0,0.0,0.0,9.0,0.0011945845500398195,False
D3,60,all,all,best-time regret (min),wt_med,3.5490265906932574,3.238236218690872,3.868911975622177,8424.0,True,555,25,clim,0.043018237505220824,-0.11948756575584411,0.19356095194816586,-0.18104301691055297,0.27626760005950923,7183.0,0.953411202548447,False
D3,90,all,all,best-time regret (min),chronos2_owx_x_h5,4.254385964912281,3.876678204536438,4.668325912952423,6612.0,True,467,21,clim,0.49066918001885007,0.2801234483718872,0.704071718454361,0.1219158709049225,0.9016833126544951,5305.0,0.9712559502013914,False
D3,90,all,all,best-time regret (min),chronos2_x_h5,4.2607380520266185,3.8881332337856294,4.6794650793075565,6612.0,True,467,21,clim,0.5032987747408106,0.292592054605484,0.7213413655757904,0.14035443663597108,0.9129537582397461,5305.0,0.9712559502013914,False
D3,90,all,all,best-time regret (min),clim,3.2903698279018676,2.989750164747238,3.6203680157661435,5462.0,True,409,21,clim,,,,,,,,
D3,90,all,all,best-time regret (min),h5,3.676999848782701,3.345611935853958,4.0398692965507506,6613.0,True,467,21,clim,-0.02751601960045269,-0.18680830001831053,0.13373941779136655,-0.27654175758361815,0.2314253985881805,5306.0,0.9714390333211278,False
D3,90,all,all,best-time regret (min),lvlh5_naive,4.287907565685344,3.894837409257889,4.705492281913757,6318.0,True,437,21,clim,0.5401151631477927,0.3292771100997925,0.768059480190277,0.17636491656303405,0.9564861178398132,5210.0,0.9538630538264372,False
D3,90,all,all,best-time regret (min),wt_med,3.419418758256275,3.1456152617931368,3.7608336985111235,6056.0,True,444,21,clim,0.08365458750963795,-0.07226677536964417,0.2514184951782226,-0.09304819703102112,0.2824713051319122,5188.0,0.9498352251922373,False
UC2/UC3,0,all,all,Spearman of slots within ride-day,chronos2,0.4074466302894976,0.39335883408784866,0.42079766765236853,14011.0,False,810,33,wt_med,-0.04256828097124887,-0.051482591032981875,-0.03378882110118866,-0.06701637506484985,-0.024581423401832593,12044.0,0.9512676723797489,False
UC2/UC3,0,all,all,Spearman of slots within ride-day,chronos2_grid,0.4763308589944462,0.4658837549388409,0.48762536272406576,14008.0,False,810,33,wt_med,0.024607053617431485,0.017522097378969193,0.031568861752748485,0.006977896392345429,0.038501274585723874,12044.0,0.9512676723797489,True
UC2/UC3,0,all,all,Spearman of slots within ride-day,chronos2_nocov,0.3280248155517594,0.31082292795181277,0.3454248867928982,14011.0,False,810,33,wt_med,-0.12740983362597447,-0.1407602049410343,-0.11351776793599129,-0.1655260644853115,-0.09541903138160708,12044.0,0.9512676723797489,False
UC2/UC3,0,all,all,Spearman of slots within ride-day,chronos2_owx,0.4081950276778476,0.39463497027754785,0.42134671434760096,14011.0,False,810,33,wt_med,-0.041854789581847573,-0.05074203684926033,-0.03302543312311173,-0.06704069301486015,-0.02341165766119957,12044.0,0.9512676723797489,False
UC2/UC3,0,all,all,Spearman of slots within ride-day,clim,0.472570337873812,0.46069103106856346,0.48321504071354865,11096.0,False,751,33,wt_med,-0.025738717870749495,-0.03126078620553017,-0.02122241407632828,-0.034008655697107315,-0.01945397257804871,10781.0,0.851512518758392,False
UC2/UC3,0,all,all,Spearman of slots within ride-day,h5,0.5059702010033221,0.4972257949411869,0.515682828426361,12872.0,False,806,33,wt_med,0.008564626168488298,0.00509679764509201,0.012190306931734084,-0.001309247314929962,0.01691904217004776,12376.0,0.9774899297053945,False
UC2/UC3,0,all,all,Spearman of slots within ride-day,lvlh5_cbd,0.4560763097605451,0.4440529301762581,0.46734011769294737,7015.0,False,404,18,wt_med,-0.0220933599802699,-0.027881719917058945,-0.015623999387025833,-0.03665246367454529,-0.006963078677654283,6479.0,0.5117289313640313,False
UC2/UC3,0,all,all,Spearman of slots within ride-day,lvlh5_naive,0.4883064000521576,0.47884556353092195,0.49772976264357566,12909.0,False,782,33,wt_med,-0.0003954734377940028,-0.004000137746334076,0.0031502544879913313,-0.010868630558252334,0.008383745700120923,12198.0,0.9634310086091146,False
UC2/UC3,0,all,all,Spearman of slots within ride-day,lvlh5_tft,0.4603258993828832,0.4488018274307251,0.4719325676560402,8810.0,False,516,19,wt_med,-0.0046598219191956725,-0.01026039496064186,0.0010133579373359665,-0.019065655767917633,0.007178804278373716,8027.0,0.6339941552799937,False
UC2/UC3,0,all,all,Spearman of slots within ride-day,snaive7,0.42711669432081767,0.4134814448654652,0.44005050882697105,5680.0,False,656,33,wt_med,-0.0794311663843294,-0.08907002061605454,-0.06998470723628998,-0.0941215381026268,-0.06395075619220733,5338.0,0.42160966748282125,False
UC2/UC3,0,all,all,Spearman of slots within ride-day,wt_med,0.4949183871370656,0.4845352776348591,0.5047544136643409,12661.0,False,797,33,wt_med,,,,,,,,
UC2/UC3,1,all,all,Spearman of slots within ride-day,chronos2,0.3668955227016966,0.353238907456398,0.38167165890336036,14666.0,False,849,33,wt_med,-0.05517393816914701,-0.06674450933933258,-0.04372983053326607,-0.08564986884593964,-0.02960861623287201,11960.0,0.922697114642802,False
UC2/UC3,1,all,all,Spearman of slots within ride-day,chronos2_grid,0.44684543666958,0.43549691438674926,0.4581607453525066,14650.0,False,849,33,wt_med,0.025751895855536944,0.01806049942970276,0.034024453908205035,0.004641238600015641,0.04348495006561279,11960.0,0.922697114642802,True
UC2/UC3,1,all,all,Spearman of slots within ride-day,chronos2_nocov,0.269296842407141,0.2506563186645508,0.2883131459355354,14666.0,False,849,33,wt_med,-0.15828116323714597,-0.17637333944439887,-0.14046888872981073,-0.20209464356303214,-0.1171751655638218,11960.0,0.922697114642802,False
UC2/UC3,1,all,all,Spearman of slots within ride-day,chronos2_owx,0.3682346445931513,0.354367284476757,0.38262061700224875,14665.0,False,849,33,wt_med,-0.05364667534637857,-0.06500326320528985,-0.04285264015197754,-0.08419597446918488,-0.02816654592752457,11960.0,0.922697114642802,False
UC2/UC3,1,all,all,Spearman of slots within ride-day,chronos2_owx_x_h5,0.4408174158663902,0.4304881699383259,0.4514088936150074,14650.0,False,840,33,wt_med,-0.0023261584881936193,-0.0065192773938179014,0.0018207818269729609,-0.011631397157907486,0.006336733698844906,12840.0,0.990587872241938,False
UC2/UC3,1,all,all,Spearman of slots within ride-day,chronos2_x_h5,0.44066943541467235,0.4302802927792072,0.4513241723179817,14650.0,False,840,33,wt_med,-0.0024300923528876583,-0.006519974023103714,0.0017283111810684195,-0.011870559304952621,0.006256409734487533,12840.0,0.990587872241938,False
UC2/UC3,1,all,all,Spearman of slots within ride-day,clim,0.4488771937959426,0.4374163575470448,0.45946524739265443,11308.0,False,771,33,wt_med,-0.02678073750032839,-0.0320031151175499,-0.021906574070453644,-0.03407211676239967,-0.020880997925996785,10851.0,0.8371393303502546,False
UC2/UC3,1,all,all,Spearman of slots within ride-day,h5,0.47964884958660897,0.46866966038942337,0.49021770507097245,13402.0,False,836,33,wt_med,0.007559768003090606,0.004174699634313583,0.011092574894428253,-0.0008826389908790588,0.016294953972101213,12645.0,0.9755438975466749,False
UC2/UC3,1,all,all,Spearman of slots within ride-day,lvlh5_cbd,0.42172992225864697,0.40875650495290755,0.4352863974869251,7066.0,False,408,18,wt_med,-0.025278497933723387,-0.032117365300655364,-0.0182174950838089,-0.03950923085212708,-0.010258905589580538,6401.0,0.4938281129455331,False
UC2/UC3,1,all,all,Spearman of slots within ride-day,lvlh5_naive,0.45999031095734233,0.44959996864199636,0.47029743790626527,13658.0,False,818,33,wt_med,-0.001026054338715332,-0.004961981624364853,0.0031501144170761096,-0.011250884085893632,0.009266664832830425,12571.0,0.969834902021293,False
UC2/UC3,1,all,all,Spearman of slots within ride-day,lvlh5_tft,0.42757421739657486,0.4154031626880169,0.44059069603681567,9254.0,False,539,19,wt_med,-0.006879393551393276,-0.012559769302606582,-0.0011566266417503365,-0.02194209396839142,0.005299028754234314,8218.0,0.6340070976701127,False
UC2/UC3,1,all,all,Spearman of slots within ride-day,snaive7,0.4138371536899025,0.4009162411093712,0.4262896955013275,5968.0,False,695,33,wt_med,-0.06788038564706433,-0.07960818484425544,-0.055972118675708775,-0.08798964992165566,-0.04053487852215767,5476.0,0.42246566887825954,False
UC2/UC3,1,all,all,Spearman of slots within ride-day,wt_med,0.469588072827314,0.4582097604870796,0.48039381876587867,12962.0,False,826,33,wt_med,,,,,,,,
UC2/UC3,2,all,all,Spearman of slots within ride-day,chronos2,0.3597700663450616,0.34519625157117845,0.3726530343294144,16297.0,False,868,33,wt_med,-0.09370515559087322,-0.10765414759516716,-0.08235531151294709,-0.1257072240114212,-0.06724457442760468,13006.0,0.9260234959060164,False
UC2/UC3,2,all,all,Spearman of slots within ride-day,chronos2_grid,0.4610462471622586,0.45013037174940107,0.4718439817428589,16282.0,False,868,33,wt_med,0.006326317540438442,-0.0002582810819149017,0.01325000375509262,-0.012542597204446792,0.020142874866724014,13006.0,0.9260234959060164,False
UC2/UC3,2,all,all,Spearman of slots within ride-day,chronos2_nocov,0.2315370481096435,0.21340746320784093,0.24980993308126925,16297.0,False,868,33,wt_med,-0.2267319758954024,-0.24649942219257354,-0.2086521938443184,-0.27105322033166884,-0.18474873676896095,13006.0,0.9260234959060164,False
UC2/UC3,2,all,all,Spearman of slots within ride-day,chronos2_owx,0.36117728017543466,0.3466702029109001,0.37470910176634786,16296.0,False,868,33,wt_med,-0.09277441344831772,-0.10636179149150848,-0.08092176020145417,-0.1247798003256321,-0.06623116657137872,13006.0,0.9260234959060164,False
UC2/UC3,2,all,all,Spearman of slots within ride-day,chronos2_owx_x_h5,0.47225448883763715,0.46271242275834085,0.48138745948672296,16116.0,False,853,33,wt_med,-0.004479468674320142,-0.008883848041296005,-0.0004800319671630868,-0.019906730949878694,0.006862248480319977,13957.0,0.9937344250622997,False
UC2/UC3,2,all,all,Spearman of slots within ride-day,chronos2_x_h5,0.47206927066422383,0.46247184798121455,0.4811361044645309,16116.0,False,853,33,wt_med,-0.004542338589122785,-0.008958833664655686,-0.0006007000803947452,-0.019874582439661025,0.006622842699289321,13957.0,0.9937344250622997,False
UC2/UC3,2,all,all,Spearman of slots within ride-day,clim,0.4924423884573136,0.4826792165637016,0.5014447584748268,11718.0,False,748,33,wt_med,-0.014776204561484318,-0.018886906653642656,-0.010426324605941773,-0.020944362878799437,-0.008301969617605211,11229.0,0.799501601993592,False
UC2/UC3,2,all,all,Spearman of slots within ride-day,h5,0.5152401186963429,0.5060287103056907,0.524076546728611,14924.0,False,848,33,wt_med,0.009631829134359449,0.005809040367603302,0.012981770932674407,-0.003115324676036834,0.019036144763231275,13721.0,0.9769312922748309,False
UC2/UC3,2,all,all,Spearman of slots within ride-day,lvlh5_cbd,0.44622895118158573,0.4357869394123554,0.45601565316319465,7999.0,False,424,18,wt_med,-0.025393637359181598,-0.03230373486876488,-0.019331355392932893,-0.04115811660885811,-0.01085595563054085,7106.0,0.5059451762192951,False
UC2/UC3,2,all,all,Spearman of slots within ride-day,lvlh5_naive,0.5010846984698141,0.49212333410978315,0.5096764385700225,15270.0,False,840,33,wt_med,0.0065102406829358195,0.002359814941883087,0.010175354778766632,-0.0071647435426712034,0.015875156968832016,13803.0,0.9827696689213243,False
UC2/UC3,2,all,all,Spearman of slots within ride-day,lvlh5_tft,0.46515239716265305,0.4546118788421154,0.47523348331451415,10252.0,False,543,19,wt_med,0.0011502238149395105,-0.005074498057365417,0.0064254142343997955,-0.017173588275909424,0.01379345059394836,8967.0,0.6384478462086152,False
UC2/UC3,2,all,all,Spearman of slots within ride-day,snaive7,0.45428765913560537,0.44161990359425546,0.46565893590450286,7612.0,False,752,33,wt_med,-0.059069750081306216,-0.06791654825210572,-0.050710950046777725,-0.0753069669008255,-0.039370739459991456,6981.0,0.49704521181915273,False
UC2/UC3,2,all,all,Spearman of slots within ride-day,wt_med,0.503421767245544,0.4946073092520237,0.5115391805768013,14045.0,False,835,33,wt_med,,,,,,,,
UC2/UC3,3,all,all,Spearman of slots within ride-day,chronos2,0.35310021648540435,0.3382148168981075,0.3675451047718525,16173.0,False,870,33,wt_med,-0.0913772487146266,-0.10364598557353019,-0.07934585809707642,-0.1175726942718029,-0.0666027307510376,13522.0,0.9691800458715596,False
UC2/UC3,3,all,all,Spearman of slots within ride-day,chronos2_grid,0.45311526853035383,0.44098413065075875,0.4637372836470604,16158.0,False,870,33,wt_med,0.006960897787931963,-0.0007121473550796506,0.013629847764968868,-0.008704946935176849,0.019604088366031645,13522.0,0.9691800458715596,False
UC2/UC3,3,all,all,Spearman of slots within ride-day,chronos2_nocov,0.2119125498753037,0.19120150059461594,0.23179727755486965,16172.0,False,870,33,wt_med,-0.23782295646747864,-0.25730179697275163,-0.21741168946027756,-0.27133721485733986,-0.20235408172011377,13522.0,0.9691800458715596,False
UC2/UC3,3,all,all,Spearman of slots within ride-day,chronos2_owx,0.353100874705385,0.3382592111825943,0.3677220806479454,16173.0,False,870,33,wt_med,-0.09133469610214046,-0.10367629081010818,-0.07965902239084244,-0.11684593409299851,-0.06727937310934066,13522.0,0.9691800458715596,False
UC2/UC3,3,all,all,Spearman of slots within ride-day,chronos2_owx_x_h5,0.4653958167953196,0.4560657739639282,0.4748236328363418,15569.0,False,857,33,wt_med,0.001001609343837917,-0.0031957484781742094,0.004950407892465591,-0.008859623223543167,0.009046101570129394,13859.0,0.9933342889908257,False
UC2/UC3,3,all,all,Spearman of slots within ride-day,chronos2_x_h5,0.4656206234016837,0.456198912858963,0.4752247020602226,15569.0,False,857,33,wt_med,0.0008074695341638294,-0.0034595720469951627,0.004719097912311553,-0.009296976029872894,0.00890870690345764,13859.0,0.9933342889908257,False
UC2/UC3,3,all,all,Spearman of slots within ride-day,clim,0.47858314173741895,0.46864688098430635,0.4894775107502937,11983.0,False,781,33,wt_med,-0.009695579030458257,-0.013682552427053452,-0.005478794872760775,-0.015750765800476074,-0.004171841591596604,11609.0,0.8320670871559633,False
UC2/UC3,3,all,all,Spearman of slots within ride-day,h5,0.5052333168166332,0.4961777500808239,0.514385586977005,14561.0,False,856,33,wt_med,0.016386296943376788,0.012274795770645141,0.01986347362399101,0.00885876789689064,0.022635063529014586,13654.0,0.9786410550458715,True
UC2/UC3,3,all,all,Spearman of slots within ride-day,lvlh5_cbd,0.4430020309159105,0.43084027618169785,0.45443366691470144,7827.0,False,428,18,wt_med,-0.020430011037477547,-0.028445596992969512,-0.013120000064373017,-0.03510029315948486,-0.00548272505402565,7152.0,0.5126146788990825,False
UC2/UC3,3,all,all,Spearman of slots within ride-day,lvlh5_naive,0.48846523648915424,0.4795719347894192,0.49775536358356476,14773.0,False,848,33,wt_med,0.007137461725734984,0.0030363596975803374,0.010776061564683914,-0.0009619556367397308,0.01401718258857727,13679.0,0.9804329128440367,False
UC2/UC3,3,all,all,Spearman of slots within ride-day,lvlh5_tft,0.4547482817980754,0.44337321296334264,0.4658105194568634,9962.0,False,548,19,wt_med,0.0016459860127173154,-0.004577510803937912,0.007191802561283111,-0.011559297889471054,0.012198083102703093,8970.0,0.6429185779816514,False
UC2/UC3,3,all,all,Spearman of slots within ride-day,prod_served,0.44796598818716965,0.43663827776908876,0.4585713021457195,9237.0,False,549,19,wt_med,-0.0266603628715969,-0.035489891469478604,-0.018383190780878068,-0.04194146767258644,-0.013032123446464539,8405.0,0.6024225917431193,False
UC2/UC3,3,all,all,Spearman of slots within ride-day,prod_served_lin,0.4590874405080359,0.4477540999650955,0.4699616491794586,9368.0,False,550,19,wt_med,-0.013511406263285786,-0.022635550796985628,-0.005023308098316194,-0.026919199526309966,0.00025088042020797723,8515.0,0.6103067660550459,False
UC2/UC3,3,all,all,Spearman of slots within ride-day,snaive7,0.4322760999186651,0.41980010718107225,0.4450551725924015,6818.0,False,726,33,wt_med,-0.07056952621508039,-0.07799642905592918,-0.06257477402687073,-0.08273737877607346,-0.05733246430754662,6368.0,0.45642201834862384,False
UC2/UC3,3,all,all,Spearman of slots within ride-day,wt_med,0.4860287875386072,0.47741466388106346,0.49501570463180544,13952.0,False,844,33,wt_med,,,,,,,,
UC2/UC3,4,all,all,Spearman of slots within ride-day,chronos2,0.3493089683966257,0.3339468240737915,0.3650178603827953,14123.0,False,820,33,wt_med,-0.08967039647501213,-0.10283132791519164,-0.0769531100988388,-0.11065659746527672,-0.06749151349067688,11663.0,0.9415516267054169,False
UC2/UC3,4,all,all,Spearman of slots within ride-day,chronos2_grid,0.4594194185018477,0.44764166995882987,0.4708328276872635,14122.0,False,820,33,wt_med,0.02242588095873166,0.01602238491177559,0.029488077014684675,0.0123725526034832,0.03306990563869476,11663.0,0.9415516267054169,True
UC2/UC3,4,all,all,Spearman of slots within ride-day,chronos2_nocov,0.20821765928360841,0.18798986375331878,0.22879205495119095,14123.0,False,820,33,wt_med,-0.2401362658372179,-0.26121593415737154,-0.21920276060700417,-0.28032428547739985,-0.19923950955271721,11663.0,0.9415516267054169,False
UC2/UC3,4,all,all,Spearman of slots within ride-day,chronos2_owx,0.34976978350385146,0.3344746075570583,0.3652475826442242,14123.0,False,820,33,wt_med,-0.089050140152791,-0.10161504223942756,-0.07687686905264854,-0.10946464911103249,-0.06737029254436493,11663.0,0.9415516267054169,False
UC2/UC3,4,all,all,Spearman of slots within ride-day,chronos2_owx_x_h5,0.46708880512806733,0.4571597263216972,0.47677596732974054,13919.0,False,818,33,wt_med,0.00794774557274841,0.004300303012132645,0.01175835207104683,0.001998443156480789,0.015230542421340941,12262.0,0.9899087753289739,True
UC2/UC3,4,all,all,Spearman of slots within ride-day,chronos2_x_h5,0.466714598661236,0.4569405041635036,0.4764865547418594,13919.0,False,818,33,wt_med,0.007885386880968848,0.004224760085344314,0.011723136901855469,0.0018712416291236877,0.015209583193063734,12262.0,0.9899087753289739,True
UC2/UC3,4,all,all,Spearman of slots within ride-day,clim,0.47183093973952983,0.46098443120718,0.4827992632985115,11044.0,False,760,33,wt_med,-0.014494155914109408,-0.019771166890859605,-0.009382592886686325,-0.024397922307252885,-0.007712540775537492,10588.0,0.8547670945345928,False
UC2/UC3,4,all,all,Spearman of slots within ride-day,h5,0.5026386280046033,0.49298451766371726,0.5119871482253074,12843.0,False,815,33,wt_med,0.01617811503754102,0.013199507445096969,0.01936415135860443,0.011016952991485595,0.0229203000664711,12103.0,0.9770727375474287,True
UC2/UC3,4,all,all,Spearman of slots within ride-day,lvlh5_cbd,0.4498454092213502,0.438413754850626,0.46221056357026097,7052.0,False,410,18,wt_med,-0.014099210925501926,-0.02070891484618187,-0.007345755398273469,-0.025629036873579026,4.2063742876050815e-05,6295.0,0.5081940744328731,False
UC2/UC3,4,all,all,Spearman of slots within ride-day,lvlh5_naive,0.48641300016741584,0.4770596116781235,0.495936132222414,13076.0,False,801,33,wt_med,0.00997458066755319,0.006549152731895447,0.013560087978839874,0.004687567055225372,0.016972896456718446,12065.0,0.9740050052474368,True
UC2/UC3,4,all,all,Spearman of slots within ride-day,lvlh5_tft,0.45664020812573414,0.4460857294499874,0.46891539767384527,8889.0,False,524,19,wt_med,0.0044411345019859105,-0.00035696402192115785,0.00939994528889656,-0.0034526653587818143,0.013248471170663833,7824.0,0.6316299346088642,False
UC2/UC3,4,all,all,Spearman of slots within ride-day,prod_served,0.46382919490388647,0.4528581738471985,0.47572233229875566,8412.0,False,524,19,wt_med,-0.010822593748693599,-0.018682365864515302,-0.0038404479622840887,-0.02151251584291458,-0.0012412212789058733,7475.0,0.6034552353273593,False
UC2/UC3,4,all,all,Spearman of slots within ride-day,prod_served_lin,0.4748570110008136,0.4640760898590088,0.4866139359772205,8525.0,False,524,19,wt_med,0.0006924873668434084,-0.007506807893514633,0.008345234394073486,-0.010048768669366836,0.010638163983821867,7543.0,0.6089448615483976,False
UC2/UC3,4,all,all,Spearman of slots within ride-day,snaive7,0.42112480591389617,0.4081893891096115,0.4354823164641857,5820.0,False,665,33,wt_med,-0.0766751823905445,-0.08560331240296364,-0.06800821423530579,-0.088052798807621,-0.06454507783055305,5367.0,0.43327682247517557,False
UC2/UC3,4,all,all,Spearman of slots within ride-day,wt_med,0.48345430065244804,0.47303220480680463,0.4934961922466755,12387.0,False,806,33,wt_med,,,,,,,,
UC2/UC3,5,all,all,Spearman of slots within ride-day,chronos2,0.34084394013016295,0.3250087484717369,0.356006083637476,13411.0,False,798,33,wt_med,-0.10561933729990669,-0.11970471069216729,-0.09197281002998352,-0.12715109065175056,-0.08345125690102577,11164.0,0.9436226861634689,False
UC2/UC3,5,all,all,Spearman of slots within ride-day,chronos2_grid,0.4610232839001643,0.449063428491354,0.47215883806347847,13401.0,False,798,33,wt_med,0.019088867102350304,0.01246655359864235,0.025497565418481822,0.007999691367149352,0.028197580575942995,11164.0,0.9436226861634689,True
UC2/UC3,5,all,all,Spearman of slots within ride-day,chronos2_nocov,0.19679334788241357,0.17585074864327907,0.21701941601932048,13409.0,False,798,33,wt_med,-0.2575059710439427,-0.2787136726081371,-0.23546452820301056,-0.2997871473431587,-0.21534338966012,11164.0,0.9436226861634689,False
UC2/UC3,5,all,all,Spearman of slots within ride-day,chronos2_owx,0.34043570693752373,0.3246255345642567,0.35565919429063797,13411.0,False,798,33,wt_med,-0.10577529698241922,-0.11969909742474556,-0.09220054000616074,-0.12744947299361228,-0.08425248637795449,11164.0,0.9436226861634689,False
UC2/UC3,5,all,all,Spearman of slots within ride-day,chronos2_owx_x_h5,0.47082163591789955,0.45994050428271294,0.48056904077529905,13270.0,False,794,33,wt_med,0.0050343583712882944,0.0011419676244258882,0.008750681579113006,-0.0018149435520172117,0.013083021342754363,11733.0,0.9917166765277661,False
UC2/UC3,5,all,all,Spearman of slots within ride-day,chronos2_x_h5,0.4706545632503433,0.45996282771229746,0.4803683698177338,13270.0,False,794,33,wt_med,0.005066223083907306,0.0011640414595603943,0.008809910714626312,-0.0018556922674179076,0.013046810775995253,11733.0,0.9917166765277661,False
UC2/UC3,5,all,all,Spearman of slots within ride-day,clim,0.47380957907950716,0.46207504644989966,0.4842401996254921,10640.0,False,729,33,wt_med,-0.01773457194652528,-0.022495439648628233,-0.012464281916618351,-0.027710602432489396,-0.010120040923357011,10149.0,0.857831121629617,False
UC2/UC3,5,all,all,Spearman of slots within ride-day,h5,0.5055991444681648,0.49456625431776047,0.5145572170615196,12311.0,False,791,33,wt_med,0.014021209177624838,0.01085091382265091,0.017282835394144058,0.007979161292314529,0.021344336122274397,11577.0,0.978530977939312,True
UC2/UC3,5,all,all,Spearman of slots within ride-day,lvlh5_cbd,0.45183685999130074,0.4383580148220062,0.46347284242510794,6872.0,False,402,18,wt_med,-0.014973630292321294,-0.021073321998119354,-0.008806364983320237,-0.027081236243247986,-0.001459237188100815,6079.0,0.5138196264052066,False
UC2/UC3,5,all,all,Spearman of slots within ride-day,lvlh5_naive,0.4903883043001439,0.47962773591279984,0.49970248267054557,12389.0,False,776,33,wt_med,0.006044127087558138,0.0025490038096904755,0.009656254947185515,-0.0002940312027931212,0.013803461939096451,11466.0,0.9691488462513735,False
UC2/UC3,5,all,all,Spearman of slots within ride-day,lvlh5_tft,0.4557917725498936,0.44306420534849167,0.4675381600856781,8505.0,False,506,19,wt_med,-0.0006904539894398432,-0.00566200390458107,0.004134548455476757,-0.008158813416957855,0.008331541717052459,7480.0,0.6322373425745922,False
UC2/UC3,5,all,all,Spearman of slots within ride-day,prod_served,0.4563916254884909,0.4447629667818546,0.4677731402218342,7924.0,False,506,19,wt_med,-0.02251494235397139,-0.02962525486946106,-0.015420645475387577,-0.03430801033973694,-0.010029517859220512,7040.0,0.5950469106584397,False
UC2/UC3,5,all,all,Spearman of slots within ride-day,prod_served_lin,0.4682302340571548,0.45616898089647295,0.47975253090262415,8094.0,False,506,19,wt_med,-0.009810138625603537,-0.017035317420959473,-0.002712441235780716,-0.022139523923397065,0.004807133972644798,7162.0,0.6053588031442819,False
UC2/UC3,5,all,all,Spearman of slots within ride-day,snaive7,0.4254864841528383,0.4123657070100307,0.437766931951046,5532.0,False,653,33,wt_med,-0.0736478825563226,-0.08292343020439148,-0.06364602968096733,-0.08532480299472808,-0.06153066903352738,5156.0,0.4358042430901868,False
UC2/UC3,5,all,all,Spearman of slots within ride-day,wt_med,0.487553020954679,0.47694733664393424,0.4971953757107258,11831.0,False,784,33,wt_med,,,,,,,,
UC2/UC3,6,all,all,Spearman of slots within ride-day,chronos2,0.32199838207192466,0.30580403804779055,0.3368151821196079,13432.0,False,816,33,wt_med,-0.11420179716766571,-0.12841440588235856,-0.1003282628953457,-0.14113312661647798,-0.08580075949430467,11184.0,0.9327773144286906,False
UC2/UC3,6,all,all,Spearman of slots within ride-day,chronos2_grid,0.44812507388985545,0.4367708534002304,0.4585793636739254,13426.0,False,816,33,wt_med,0.014807966220993118,0.008039318025112152,0.02168096452951431,0.0019819177687168126,0.02691046670079231,11184.0,0.9327773144286906,True
UC2/UC3,6,all,all,Spearman of slots within ride-day,chronos2_nocov,0.18406641212173208,0.1631279893219471,0.2049032747745514,13432.0,False,816,33,wt_med,-0.26490761452893163,-0.28779069036245347,-0.24357349202036857,-0.30633099377155304,-0.21982428878545762,11184.0,0.9327773144286906,False
UC2/UC3,6,all,all,Spearman of slots within ride-day,chronos2_owx,0.3223906098359057,0.30672476887702943,0.33710663840174676,13432.0,False,816,33,wt_med,-0.1138870901195434,-0.12781842723488807,-0.0994693972170353,-0.1406611107289791,-0.08604630231857303,11184.0,0.9327773144286906,False
UC2/UC3,6,all,all,Spearman of slots within ride-day,chronos2_owx_x_h5,0.4551241560135005,0.4450627937912941,0.4652756154537201,13360.0,False,814,33,wt_med,0.0007590574749276047,-0.004113110899925232,0.005022725462913513,-0.0071296744048595425,0.007780096679925918,11899.0,0.9924103419516264,False
UC2/UC3,6,all,all,Spearman of slots within ride-day,chronos2_x_h5,0.45493673708688426,0.4447804942727089,0.46497266069054605,13360.0,False,814,33,wt_med,0.0006509662778904635,-0.004042175412178039,0.004888822138309479,-0.007167133688926697,0.0076686784625053395,11899.0,0.9924103419516264,False
UC2/UC3,6,all,all,Spearman of slots within ride-day,clim,0.4658092562559763,0.45439144521951674,0.4758857823908329,10651.0,False,748,33,wt_med,-0.015595526724889008,-0.020253659784793855,-0.011158449202775955,-0.022488859295845032,-0.009837640076875688,10195.0,0.8502919099249374,False
UC2/UC3,6,all,all,Spearman of slots within ride-day,h5,0.4903168891248069,0.4806912772357464,0.499834718555212,12382.0,False,813,33,wt_med,0.010069468980784368,0.005836354196071625,0.01411856561899185,0.0029905587434768677,0.016651898622512814,11745.0,0.9795663052543786,True
UC2/UC3,6,all,all,Spearman of slots within ride-day,lvlh5_cbd,0.44157180155940673,0.42877610996365545,0.45478684827685356,6826.0,False,405,18,wt_med,-0.01991800880857797,-0.025843269377946853,-0.013710295408964158,-0.030866651237010954,-0.0077067971229553235,6138.0,0.5119266055045871,False
UC2/UC3,6,all,all,Spearman of slots within ride-day,lvlh5_naive,0.4722798148109,0.46286261901259423,0.48176717236638067,12562.0,False,797,33,wt_med,0.0007481722523582923,-0.0028462879359722137,0.004193799942731857,-0.005201061069965362,0.00649962872266769,11696.0,0.9754795663052543,False
UC2/UC3,6,all,all,Spearman of slots within ride-day,lvlh5_tft,0.4415096023277988,0.42921854481101035,0.45507602468132974,8482.0,False,514,19,wt_med,-0.006395512739262088,-0.012663520127534866,-0.0002012647688388849,-0.016352270543575288,0.001569614559411999,7565.0,0.6309424520433695,False
UC2/UC3,6,all,all,Spearman of slots within ride-day,prod_served,0.4426064106081966,0.43081717044115064,0.455148559063673,7945.0,False,515,19,wt_med,-0.023825618399557547,-0.031195078045129776,-0.017093469947576524,-0.033992224186658856,-0.013386037945747376,7081.0,0.5905754795663053,False
UC2/UC3,6,all,all,Spearman of slots within ride-day,prod_served_lin,0.4516216042931388,0.43948654383420943,0.46424109265208247,8058.0,False,516,19,wt_med,-0.014029126199474384,-0.021978028863668442,-0.00681567043066025,-0.024480180442333223,-0.0025626175105571748,7164.0,0.5974979149291076,False
UC2/UC3,6,all,all,Spearman of slots within ride-day,snaive7,0.4200921644549503,0.4077851787209511,0.431539848446846,5730.0,False,677,33,wt_med,-0.06876854811456878,-0.07962573692202568,-0.058786123245954516,-0.08561343103647232,-0.050208513438701634,5296.0,0.4417014178482068,False
UC2/UC3,6,all,all,Spearman of slots within ride-day,wt_med,0.47850755720770727,0.4685759387910366,0.48830424547195433,11990.0,False,800,33,wt_med,,,,,,,,
UC2/UC3,7,all,all,Spearman of slots within ride-day,chronos2,0.31208528636803257,0.2967367835342884,0.3290173217654228,13427.0,False,782,32,wt_med,-0.1278073575178515,-0.14277523458004,-0.1116510733962059,-0.15786224007606506,-0.09392980635166169,11075.0,0.9423927842069435,False
UC2/UC3,7,all,all,Spearman of slots within ride-day,chronos2_grid,0.44016326607377027,0.428654208779335,0.4517297998070717,13422.0,False,782,32,wt_med,0.008165550365697327,0.001302115619182587,0.015797310322523118,-0.010001954436302184,0.021796675771474837,11075.0,0.9423927842069435,False
UC2/UC3,7,all,all,Spearman of slots within ride-day,chronos2_nocov,0.17420175031781646,0.15183602459728718,0.1955441318452358,13426.0,False,782,32,wt_med,-0.27805829184840325,-0.30038595721125605,-0.25367768108844757,-0.3266834862530231,-0.22501351349055768,11075.0,0.9423927842069435,False
UC2/UC3,7,all,all,Spearman of slots within ride-day,chronos2_owx,0.31374459029950647,0.2984314806759357,0.33017652630805966,13427.0,False,782,32,wt_med,-0.1257491958343318,-0.14019349962472916,-0.10989564582705498,-0.15627085864543916,-0.09160564467310907,11075.0,0.9423927842069435,False
UC2/UC3,7,all,all,Spearman of slots within ride-day,chronos2_owx_x_h5,0.4557178848066184,0.4456187538802624,0.46597371324896814,13192.0,False,779,32,wt_med,0.002094112189061914,-0.0026284538209438322,0.0063073717057704915,-0.00929381400346756,0.012556114792823791,11645.0,0.9908951667801226,False
UC2/UC3,7,all,all,Spearman of slots within ride-day,chronos2_x_h5,0.4554905658279567,0.445045980066061,0.46592352613806726,13192.0,False,779,32,wt_med,0.002053583831816308,-0.002639808505773544,0.006324172765016556,-0.009261690080165863,0.012585629522800445,11645.0,0.9908951667801226,False
UC2/UC3,7,all,all,Spearman of slots within ride-day,clim,0.46701479003399304,0.4544198766350746,0.47816113829612733,10409.0,False,715,32,wt_med,-0.016710578729393244,-0.02183364927768707,-0.0122124582529068,-0.024526700377464294,-0.010658934712409975,9975.0,0.8487916950306331,False
UC2/UC3,7,all,all,Spearman of slots within ride-day,h5,0.4938879034673005,0.48399372175335886,0.5037463620305062,12142.0,False,779,32,wt_med,0.011904596847427562,0.00791027992963791,0.01564270183444023,0.0011369898915290833,0.02122431471943855,11482.0,0.9770251872021783,True
UC2/UC3,7,all,all,Spearman of slots within ride-day,lvlh5_cbd,0.4403424493300271,0.42736021652817724,0.4526573337614536,6696.0,False,395,17,wt_med,-0.020115559537917826,-0.026773686707019805,-0.01305168867111206,-0.03599602356553078,-0.0025133311748504693,6019.0,0.5121681415929203,False
UC2/UC3,7,all,all,Spearman of slots within ride-day,lvlh5_naive,0.47677481762966645,0.4663702465593815,0.486686909198761,12148.0,False,752,32,wt_med,0.002974387580712723,-0.0012098781764507294,0.006775605678558347,-0.008143994957208633,0.0124341182410717,11312.0,0.9625595643294759,False
UC2/UC3,7,all,all,Spearman of slots within ride-day,lvlh5_tft,0.4451470432155665,0.43287848606705664,0.45755460038781165,8161.0,False,487,18,wt_med,-0.0018484241587701233,-0.008126608282327651,0.0039923667907714845,-0.01694633364677429,0.011154119670391082,7243.0,0.6163206262763785,False
UC2/UC3,7,all,all,Spearman of slots within ride-day,prod_served,0.44596846085599573,0.43279191553592683,0.4584542378783226,7630.0,False,483,18,wt_med,-0.024012290668287806,-0.032850419729948045,-0.015587574988603593,-0.03396809697151184,-0.014002307504415513,6837.0,0.5817733151803949,False
UC2/UC3,7,all,all,Spearman of slots within ride-day,prod_served_lin,0.45708763871003866,0.4434416711330414,0.46980564668774605,7744.0,False,483,18,wt_med,-0.011605084396677956,-0.020348665863275526,-0.0029620982706546816,-0.021404222398996354,0.0006529696285724599,6925.0,0.5892614023144996,False
UC2/UC3,7,all,all,Spearman of slots within ride-day,wt_med,0.47849710564393116,0.466830974817276,0.48936923667788507,11752.0,False,763,32,wt_med,,,,,,,,
UC2/UC3,10,all,all,Spearman of slots within ride-day,chronos2_owx_x_h5,0.4599624374974289,0.45023110806941985,0.4694884203374386,14832.0,False,827,32,wt_med,0.002608748648457837,-0.0022303514182567593,0.006612572818994521,-0.006463333964347839,0.010454672574996948,12965.0,0.9934865900383142,False
UC2/UC3,10,all,all,Spearman of slots within ride-day,chronos2_x_h5,0.4597387010985862,0.4500624567270279,0.46930802538990973,14832.0,False,827,32,wt_med,0.00249882720670791,-0.0023396164178848267,0.006564018130302427,-0.0065743386745452876,0.010231304913759232,12965.0,0.9934865900383142,False
UC2/UC3,10,all,all,Spearman of slots within ride-day,clim,0.4754591640954905,0.4655586421489716,0.48634247705340383,11258.0,False,747,32,wt_med,-0.005198822503295952,-0.009402895718812943,-0.000819295644760132,-0.012499443441629409,0.001704689115285871,10814.0,0.8286590038314177,False
UC2/UC3,10,all,all,Spearman of slots within ride-day,h5,0.4978306378377142,0.4886508099734783,0.5070828467607498,13824.0,False,825,32,wt_med,0.015841654120911264,0.011314788460731506,0.01971277892589569,0.008021169900894165,0.02245356664061546,12756.0,0.9774712643678161,True
UC2/UC3,10,all,all,Spearman of slots within ride-day,lvlh5_cbd,0.4279413951860214,0.41478169411420823,0.4400628380477428,7523.0,False,421,17,wt_med,-0.022096925457168293,-0.03027118220925331,-0.015190969407558444,-0.03585468828678131,-0.00839820057153702,6717.0,0.5147126436781609,False
UC2/UC3,10,all,all,Spearman of slots within ride-day,lvlh5_naive,0.4804983191691034,0.4709205150604248,0.4898121103644371,14030.0,False,818,32,wt_med,0.006875439994723509,0.0021095417439937593,0.010809984058141708,-0.001835326850414276,0.014152089506387711,12783.0,0.9795402298850575,False
UC2/UC3,10,all,all,Spearman of slots within ride-day,lvlh5_tft,0.44188215646325724,0.42891450226306915,0.4532871559262276,9264.0,False,519,18,wt_med,0.0004715379612338366,-0.006914859265089035,0.007126928120851516,-0.01334153711795807,0.010838768631219861,8159.0,0.6252107279693486,False
UC2/UC3,10,all,all,Spearman of slots within ride-day,prod_served,0.4422876386801472,0.4298844374716282,0.4541410706937313,8652.0,False,518,18,wt_med,-0.022192086830279956,-0.030851670354604722,-0.013561688363552095,-0.038990142196416853,-0.007389423996210105,7642.0,0.5855938697318007,False
UC2/UC3,10,all,all,Spearman of slots within ride-day,prod_served_lin,0.454688200936633,0.4418977901339531,0.46675543785095214,8784.0,False,521,18,wt_med,-0.009170609909109673,-0.01856684386730194,-7.384195923805273e-05,-0.02437584102153778,0.005991496890783306,7755.0,0.5942528735632184,False
UC2/UC3,10,all,all,Spearman of slots within ride-day,wt_med,0.47883018024939095,0.4694397605955601,0.4880251459777355,13050.0,False,809,32,wt_med,,,,,,,,
UC2/UC3,14,all,all,Spearman of slots within ride-day,chronos2_owx_x_h5,0.4453176558021534,0.4342850029468536,0.4561584211885929,12522.0,False,750,31,wt_med,0.005591097207233886,0.0011105939745903017,0.0101573146879673,-0.0039177991449832915,0.015078471601009369,10891.0,0.9911721878412814,False
UC2/UC3,14,all,all,Spearman of slots within ride-day,chronos2_x_h5,0.44509655297639034,0.4341575525701046,0.4561229571700096,12522.0,False,750,31,wt_med,0.005460644921636115,0.0008713945746421814,0.010083673894405364,-0.00416865423321724,0.015145344287157057,10891.0,0.9911721878412814,False
UC2/UC3,14,all,all,Spearman of slots within ride-day,clim,0.46100265061653967,0.44855829402804376,0.4722779832780361,9813.0,False,684,31,wt_med,-0.009156657705411686,-0.01405973955988884,-0.004333844035863877,-0.015813834965229034,-0.0039032235741615303,9312.0,0.8474699672369858,False
UC2/UC3,14,all,all,Spearman of slots within ride-day,h5,0.48064550202299255,0.47013564631342886,0.49097845479846003,11498.0,False,747,31,wt_med,0.01339531985561404,0.0097093403339386,0.017672862112522125,0.004348421841859818,0.02240486294031143,10735.0,0.9769748816891154,True
UC2/UC3,14,all,all,Spearman of slots within ride-day,lvlh5_cbd,0.4256999499635455,0.41100248843431475,0.4386879116296768,6090.0,False,364,16,wt_med,-0.02140356129762977,-0.028682278096675874,-0.014075064659118654,-0.03587011843919754,-0.0043751835823059165,5347.0,0.4866217692027667,False
UC2/UC3,14,all,all,Spearman of slots within ride-day,lvlh5_naive,0.46582085501874027,0.4549574188888073,0.47593739330768586,11461.0,False,719,31,wt_med,0.005344255917824614,0.0012116856873035432,0.009836569428443907,-0.004711930453777313,0.014248518645763396,10561.0,0.9611394248270841,False
UC2/UC3,14,all,all,Spearman of slots within ride-day,lvlh5_tft,0.43001245803413873,0.41681269481778144,0.4426399052143097,7530.0,False,456,17,wt_med,-0.0014104845007503197,-0.008085524290800094,0.005793897807598112,-0.015842243283987045,0.011751274764537805,6561.0,0.5971059337459046,False
UC2/UC3,14,all,all,Spearman of slots within ride-day,prod_served,0.43811429785174516,0.4243579156696796,0.45109877064824105,7061.0,False,453,17,wt_med,-0.016318934937402496,-0.025203228741884232,-0.007402724027633668,-0.02849905788898468,-0.0025311321020126346,6104.0,0.5555151073898799,False
UC2/UC3,14,all,all,Spearman of slots within ride-day,prod_served_lin,0.4495637406257386,0.43483529463410375,0.46278922334313394,7163.0,False,453,17,wt_med,-0.003774062607439066,-0.013361921906471253,0.005646668374538422,-0.016602011024951936,0.011273465305566787,6169.0,0.561430651619949,False
UC2/UC3,14,all,all,Spearman of slots within ride-day,wt_med,0.46446430078025275,0.4521652370691299,0.47606912404298785,10988.0,False,729,31,wt_med,,,,,,,,
UC2/UC3,21,all,all,Spearman of slots within ride-day,chronos2_owx_x_h5,0.43522414602792786,0.42365185767412183,0.4462736055254936,11894.0,False,724,30,clim,0.013846161478833774,0.007048065960407257,0.020736010372638704,-0.0002815276384353635,0.030266970396041867,9019.0,0.9755543537047052,False
UC2/UC3,21,all,all,Spearman of slots within ride-day,chronos2_x_h5,0.43477591210578825,0.4230998747050762,0.44589483812451364,11894.0,False,724,30,clim,0.013748791000237848,0.0071040824055671695,0.02057771906256676,-0.00041915401816368077,0.02986760884523391,9019.0,0.9755543537047052,False
UC2/UC3,21,all,all,Spearman of slots within ride-day,clim,0.4554815551183253,0.4422223687171936,0.46790421232581136,9245.0,False,653,30,clim,,,,,,,,
UC2/UC3,21,all,all,Spearman of slots within ride-day,h5,0.47132998943069065,0.45999154821038246,0.4825283408164978,10906.0,False,719,30,clim,0.022208387631185045,0.016060806065797805,0.028315328061580654,0.009437259286642075,0.03744364008307457,8820.0,0.9540292049756626,True
UC2/UC3,21,all,all,Spearman of slots within ride-day,lvlh5_cbd,0.4129931110450717,0.3967973940074444,0.42745384350419047,5563.0,False,337,15,clim,-0.014850080210777272,-0.026790905743837357,-0.003097993880510332,-0.03755321055650711,0.008591946214437481,4441.0,0.4803677663601947,False
UC2/UC3,21,all,all,Spearman of slots within ride-day,lvlh5_naive,0.4556851014301341,0.4441313199698925,0.4672139398753643,10844.0,False,691,30,clim,0.014393436345068122,0.008063244819641113,0.021127083897590635,0.001932656764984131,0.02961708903312683,8815.0,0.9534883720930233,True
UC2/UC3,21,all,all,Spearman of slots within ride-day,lvlh5_tft,0.4188140464899512,0.4033726565539837,0.43248616978526117,6916.0,False,426,16,clim,0.007020547861107396,-0.0037157863378524778,0.01734131723642349,-0.016251224279403686,0.0308131568133831,5398.0,0.58388318009735,False
UC2/UC3,21,all,all,Spearman of slots within ride-day,prod_served,0.4332650561751407,0.4188504084944725,0.4475338339805603,6547.0,False,422,16,clim,-0.004401336794216171,-0.012565559148788452,0.004082516580820076,-0.019610451906919478,0.01250879019498825,5240.0,0.5667928610059492,False
UC2/UC3,21,all,all,Spearman of slots within ride-day,prod_served_lin,0.4449636263024439,0.42997909635305404,0.45841594263911245,6634.0,False,424,16,clim,0.007017169052207339,-0.0015282139182090759,0.015729936957359313,-0.008090826123952864,0.025133568048477172,5299.0,0.5731746890210925,False
UC2/UC3,21,all,all,Spearman of slots within ride-day,wt_med,0.45489432013523873,0.4418258160352707,0.4666547656059265,10252.0,False,693,30,clim,0.006017694837691712,0.0008576720952987671,0.011320993304252625,-0.0002767086029052733,0.013205373287200924,8678.0,0.9386695511087074,False
UC2/UC3,30,all,all,Spearman of slots within ride-day,chronos2_owx_x_h5,0.44692846685384613,0.4360850974917412,0.4577991172671318,12747.0,False,721,29,wt_med,-0.0025828520702000923,-0.007950682938098908,0.002614623308181762,-0.01783180832862854,0.008113727718591689,10476.0,0.9933624122890196,False
UC2/UC3,30,all,all,Spearman of slots within ride-day,chronos2_x_h5,0.4465512427033174,0.4356054082512856,0.4572673119604587,12747.0,False,721,29,wt_med,-0.002682168914465266,-0.008086767792701722,0.0023818686604499795,-0.0182042233645916,0.008111248910427093,10476.0,0.9933624122890196,False
UC2/UC3,30,all,all,Spearman of slots within ride-day,clim,0.47077522087492224,0.45864760130643845,0.4809973008930683,9245.0,False,616,29,wt_med,-0.007493205157406035,-0.01334085464477539,-0.0017456516623497018,-0.018660318851470948,0.003907801210880278,8621.0,0.8174663379480371,False
UC2/UC3,30,all,all,Spearman of slots within ride-day,h5,0.48650981108367375,0.47555503994226456,0.49692552015185354,11743.0,False,716,29,wt_med,0.010352223433120533,0.005265811830759049,0.014438873529434204,-0.0019691899418830872,0.018290798366069793,10292.0,0.9759150388772995,False
UC2/UC3,30,all,all,Spearman of slots within ride-day,lvlh5_cbd,0.41718877129889803,0.4033840484917164,0.4302196428179741,5818.0,False,330,14,wt_med,-0.02724417155391845,-0.03425989374518394,-0.02110057696700096,-0.03921760693192482,-0.015537498146295552,4744.0,0.4498388014413048,False
UC2/UC3,30,all,all,Spearman of slots within ride-day,lvlh5_naive,0.47329608430753656,0.463072170317173,0.4832434818148613,12033.0,False,706,29,wt_med,0.006060950170516999,0.0008554488420486452,0.010720590502023696,-0.00659031942486763,0.014880087971687316,10355.0,0.9818888678171819,False
UC2/UC3,30,all,all,Spearman of slots within ride-day,lvlh5_tft,0.4419855178754304,0.4288535386323929,0.45386236160993576,6218.0,False,350,14,wt_med,0.010877778583081699,0.0039808288216590885,0.017056676000356673,-0.0014939874410629273,0.02079709619283676,4976.0,0.4718376635691257,False
UC2/UC3,30,all,all,Spearman of slots within ride-day,prod_served,0.42659781223810755,0.4113271817564964,0.4409575141966343,6371.0,False,368,14,wt_med,-0.013208611757767663,-0.023998941481113433,-0.002938377857208257,-0.02908630296587944,0.0026954099535942033,4824.0,0.4574246159681396,False
UC2/UC3,30,all,all,Spearman of slots within ride-day,prod_served_lin,0.4355399847718119,0.4204414956271648,0.45006493479013443,6520.0,False,371,14,wt_med,-0.0024606454526726607,-0.013376490771770477,0.008017527312040322,-0.01703842505812645,0.014628692716360091,4894.0,0.46406220367912004,False
UC2/UC3,30,all,all,Spearman of slots within ride-day,wt_med,0.4762214396629275,0.46574935764074327,0.4861001014709473,10546.0,False,682,29,wt_med,,,,,,,,
UC2/UC3,45,all,all,Spearman of slots within ride-day,chronos2_owx_x_h5,0.43394822729888904,0.42176508978009225,0.4462454803287983,11243.0,False,676,27,wt_med,0.004521314979407831,0.00023235231637954728,0.008667746931314467,-0.0023782476782798767,0.01137054935097694,9386.0,0.9937533086289042,False
UC2/UC3,45,all,all,Spearman of slots within ride-day,chronos2_x_h5,0.43393282766468516,0.4218968957662582,0.4461440086364746,11243.0,False,676,27,wt_med,0.004315929455849299,-1.5738606452941844e-05,0.008461487293243407,-0.002477947622537613,0.011233178526163099,9386.0,0.9937533086289042,False
UC2/UC3,45,all,all,Spearman of slots within ride-day,clim,0.4548385167234339,0.4423296950757504,0.4671041861176491,8217.0,False,570,27,wt_med,0.0005979785055889031,-0.004923219233751297,0.006783366203308105,-0.008628885447978973,0.011092956364154815,7767.0,0.8223398623610376,False
UC2/UC3,45,all,all,Spearman of slots within ride-day,h5,0.47217718127075,0.460959729552269,0.4836561195552349,10427.0,False,671,27,wt_med,0.016596176631925308,0.012646438181400299,0.020286493748426435,0.010949471592903137,0.0226742222905159,9228.0,0.9770248808893595,True
UC2/UC3,45,all,all,Spearman of slots within ride-day,lvlh5_cbd,0.3267926000711756,0.2939364895224571,0.3578063666820526,1495.0,False,99,12,wt_med,-0.015898817500303086,-0.029969039559364318,-0.0014804482460022046,-0.03468329459428787,0.01155631840229033,1377.0,0.14579142403388037,False
UC2/UC3,45,all,all,Spearman of slots within ride-day,lvlh5_naive,0.45452366316331355,0.44310315400362016,0.46634697914123535,10575.0,False,660,27,wt_med,0.005149811293651052,0.0007400877773761751,0.009482371062040328,-0.0014280728995800017,0.01258876547217369,9259.0,0.9803070407623081,False
UC2/UC3,45,all,all,Spearman of slots within ride-day,lvlh5_tft,0.41541977133147384,0.3960437536239624,0.43346401378512384,4390.0,False,261,11,wt_med,0.012868974974066472,0.006051386892795563,0.01994693279266357,0.0038020528852939607,0.023645058274269104,3690.0,0.3906829010058232,True
UC2/UC3,45,all,all,Spearman of slots within ride-day,prod_served,0.4302665912123767,0.41207732632756233,0.4467460297048092,4529.0,False,276,12,wt_med,0.0068684998099409755,-0.005149423331022263,0.019184623658657075,-0.00963810533285141,0.022449843585491177,3726.0,0.394494441503441,False
UC2/UC3,45,all,all,Spearman of slots within ride-day,prod_served_lin,0.44126315217442863,0.4222490333020687,0.4582736693322659,4614.0,False,280,12,wt_med,0.018896299624263424,0.006333246827125549,0.031423576176166534,0.0033100478351116183,0.03525662645697593,3780.0,0.40021175224986766,True
UC2/UC3,45,all,all,Spearman of slots within ride-day,wt_med,0.45554736467662016,0.44461998641490935,0.4667208336293697,9445.0,False,629,27,wt_med,,,,,,,,
UC2/UC3,60,all,all,Spearman of slots within ride-day,chronos2_owx_x_h5,0.42188652611696287,0.40784133672714235,0.4366718605160713,9127.0,False,584,25,clim,0.010809742936798428,0.004478080570697785,0.017552403360605238,-0.0015900194644927973,0.023714360594749444,6702.0,0.9704604691572546,False
UC2/UC3,60,all,all,Spearman of slots within ride-day,chronos2_x_h5,0.42203896840761895,0.4079040355980396,0.43695376738905906,9127.0,False,584,25,clim,0.011099080172253806,0.004820976406335831,0.017849450558423994,-0.0014944069087505338,0.02365218251943588,6702.0,0.9704604691572546,False
UC2/UC3,60,all,all,Spearman of slots within ride-day,clim,0.4513817878998768,0.43658243119716644,0.4658195927739143,6906.0,False,514,25,clim,,,,,,,,
UC2/UC3,60,all,all,Spearman of slots within ride-day,h5,0.45196072399786724,0.43687004372477534,0.46719294786453247,8409.0,False,578,25,clim,0.014703602813643135,0.00825130268931389,0.021441797167062758,0.004639961570501327,0.02647050842642784,6544.0,0.9475818129163046,True
UC2/UC3,60,all,all,Spearman of slots within ride-day,lvlh5_naive,0.44344530660012105,0.42897371724247935,0.45829912200570105,8380.0,False,555,25,clim,0.009134001752244658,0.0024968288838863374,0.015895230323076246,-0.002403246611356735,0.022265533357858656,6543.0,0.9474370112945265,False
UC2/UC3,60,all,all,Spearman of slots within ride-day,lvlh5_tft,0.114049344838497,-0.19986550286412239,0.3152123242616653,9.0,False,6,7,clim,0.23411484211512337,-0.08903336524963379,0.7163397073745728,-0.08903336524963379,0.7163397073745728,3.0,0.0004344048653344917,False
UC2/UC3,60,all,all,Spearman of slots within ride-day,prod_served,0.2892833497703758,-0.27216553688049316,0.658153235912323,3.0,False,3,7,clim,0.0613328601020903,0.06053894758224487,0.06212678551673889,0.06053894758224487,0.06212678551673889,2.0,0.0002896032435563278,True
UC2/UC3,60,all,all,Spearman of slots within ride-day,prod_served_lin,0.350322453828261,-0.21905069053173065,0.7122748494148254,3.0,False,3,7,clim,0.11495107317023215,0.11466056108474731,0.1152416318655014,0.11466056108474731,0.1152416318655014,2.0,0.0002896032435563278,True
UC2/UC3,60,all,all,Spearman of slots within ride-day,wt_med,0.44336794965382437,0.42905872538685796,0.458274333178997,7735.0,False,549,25,clim,-0.0034214724714828892,-0.009514781087636948,0.003048327565193176,-0.013029056042432785,0.005644783377647397,6453.0,0.9344048653344917,False
UC2/UC3,90,all,all,Spearman of slots within ride-day,chronos2_owx_x_h5,0.40948708120151234,0.3929818294942379,0.4240113519132137,6438.0,False,465,21,clim,0.003244764706923531,-0.003760754317045212,0.011048953235149383,-0.011050318181514739,0.01764437183737754,4931.0,0.9619586422161529,False
UC2/UC3,90,all,all,Spearman of slots within ride-day,chronos2_x_h5,0.40954596996500325,0.39324270486831664,0.4241866461932659,6438.0,False,465,21,clim,0.0033644422930377282,-0.0036561653017997743,0.011281169950962067,-0.011005199700593948,0.01809840202331543,4931.0,0.9619586422161529,False
UC2/UC3,90,all,all,Spearman of slots within ride-day,clim,0.4358228300434028,0.4184952832758427,0.45143083184957505,5126.0,False,401,21,clim,,,,,,,,
UC2/UC3,90,all,all,Spearman of slots within ride-day,h5,0.4398732231583179,0.42374317795038224,0.45505276694893837,6014.0,False,457,21,clim,0.009968608183369532,0.003464808315038681,0.01739840358495712,-0.0020627833902835844,0.024202089011669158,4833.0,0.942840421381194,False
UC2/UC3,90,all,all,Spearman of slots within ride-day,lvlh5_naive,0.4243493607073753,0.40669559463858607,0.4394389107823372,5931.0,False,432,21,clim,-0.0034636402745800154,-0.010658683627843857,0.004442180693149564,-0.017175810039043424,0.010679868608713146,4802.0,0.9367928209129925,False
UC2/UC3,90,all,all,Spearman of slots within ride-day,wt_med,0.42791310953984424,0.4112766370177269,0.4421604685485363,5607.0,False,438,21,clim,-0.0029987665689107934,-0.008728885650634765,0.0024884022772312165,-0.013347229361534117,0.007278125733137127,4769.0,0.9303550526726493,False
UC3,0,all,all,dayPeak abs error (min),chronos2,7.5384568962120015,7.166428661346435,7.896048998832702,20199.0,True,818,33,wt_med,-0.7129116878861739,-0.9783105254173279,-0.4500976920127869,-1.1941695928573608,-0.27710394859313964,19061.0,0.9631632137443153,True
UC3,0,all,all,dayPeak abs error (min),chronos2_grid,7.396590479811063,7.016134560108185,7.7562496900558475,20199.0,True,818,33,wt_med,-0.8412387272923993,-1.1129249215126038,-0.5767918586730958,-1.2814614653587342,-0.45834221839904804,19061.0,0.9631632137443153,True
UC3,0,all,all,dayPeak abs error (min),chronos2_nocov,8.169600857273826,7.7591439366340635,8.573755383491516,20199.0,True,818,33,wt_med,-0.08018550425760118,-0.36363515853881834,0.21113135814666747,-0.6284488797187805,0.4593255043029784,19061.0,0.9631632137443153,False
UC3,0,all,all,dayPeak abs error (min),chronos2_owx,7.415711538120866,7.055368208885193,7.760823893547058,20199.0,True,818,33,wt_med,-0.8394294181004405,-1.0847946643829345,-0.5897559881210328,-1.3341663599014282,-0.36288530826568605,19061.0,0.9631632137443153,True
UC3,0,all,all,dayPeak abs error (min),clim,8.737737714451875,8.282636618614196,9.199203515052796,17195.0,True,775,33,wt_med,0.5595313787825251,0.4074102282524109,0.7261051058769226,0.30591663122177126,0.8606355428695679,16986.0,0.858312278928752,False
UC3,0,all,all,dayPeak abs error (min),h5,8.321668984531303,7.932534277439117,8.725338864326478,20493.0,True,817,33,wt_med,0.14816416119252196,0.10516769886016845,0.19167485237121581,0.10927600860595703,0.18677153587341308,19790.0,1.0,False
UC3,0,all,all,dayPeak abs error (min),lvlh5_cbd,12.647997611099152,11.892578673362731,13.471809577941894,10288.0,True,406,18,wt_med,4.781881900798087,4.290761184692383,5.379847049713135,3.4601860523223875,6.385415863990783,10070.0,0.5088428499242041,False
UC3,0,all,all,dayPeak abs error (min),lvlh5_naive,8.768177803118483,8.371155500411987,9.184698247909546,19605.0,True,791,33,wt_med,0.5337705191207238,0.3564594745635986,0.7289508938789367,0.28664785623550415,0.7889891743659972,19092.0,0.9647296614451744,False
UC3,0,all,all,dayPeak abs error (min),lvlh5_tft,7.67054826367282,7.239711272716522,8.13162453174591,13314.0,True,522,19,wt_med,0.017102948864280876,-0.26253174543380736,0.30925158262252805,-0.4467454791069031,0.4551018953323364,12975.0,0.655634158665993,False
UC3,0,all,all,dayPeak abs error (min),snaive7,8.117307692307692,7.576074111461639,8.69471480846405,9516.0,True,699,33,wt_med,0.5708798735511067,0.08897364139556886,1.1123349785804748,0.06484811305999756,1.1150027513504028,9490.0,0.47953511874684185,False
UC3,0,all,all,dayPeak abs error (min),wt_med,8.171071248105104,7.781753432750702,8.558049535751342,19790.0,True,810,33,wt_med,,,,,,,,
UC3,1,all,all,dayPeak abs error (min),chronos2,8.230614442619226,7.848734021186829,8.610895490646362,20777.0,True,854,33,wt_med,-0.048975628621984235,-0.3471611499786377,0.20831279754638657,-0.5498907208442688,0.4340628147125244,18920.0,0.9402176613824976,False
UC3,1,all,all,dayPeak abs error (min),chronos2_grid,8.076065661112315,7.709168183803558,8.464522051811219,20777.0,True,854,33,wt_med,-0.21296349375998957,-0.5099002003669739,0.057096433639526364,-0.6296674132347106,0.17323584556579577,18920.0,0.9402176613824976,False
UC3,1,all,all,dayPeak abs error (min),chronos2_nocov,9.010060057096384,8.59107847213745,9.41383183002472,20777.0,True,854,33,wt_med,0.6837072067381715,0.3549116611480713,0.9728939533233643,0.14558141231536864,1.2151451110839844,18920.0,0.9402176613824976,False
UC3,1,all,all,dayPeak abs error (min),chronos2_owx,8.113335114452122,7.735657262802124,8.472697114944458,20777.0,True,854,33,wt_med,-0.16524688314181635,-0.4598823070526123,0.07588765621185302,-0.6880339741706848,0.3539727210998535,18920.0,0.9402176613824976,False
UC3,1,all,all,dayPeak abs error (min),chronos2_owx_x_h5,7.546768815034906,7.222744798660278,7.874997973442078,21171.0,True,847,33,wt_med,-0.6227280222358988,-0.8232892751693726,-0.42145237922668466,-0.9333386063575745,-0.3720201015472414,20123.0,1.0,True
UC3,1,all,all,dayPeak abs error (min),chronos2_x_h5,7.548488933012409,7.222352337837219,7.877853107452393,21171.0,True,847,33,wt_med,-0.6217745213800185,-0.8265525102615356,-0.4213133931159974,-0.9407088160514832,-0.36271470785141,20123.0,1.0,True
UC3,1,all,all,dayPeak abs error (min),clim,8.417204858113164,8.010377120971679,8.865917897224426,17373.0,True,794,33,wt_med,0.4777888738765208,0.31936073303222656,0.6536635994911194,0.23523541688919067,0.7928498983383179,17023.0,0.8459474233464195,False
UC3,1,all,all,dayPeak abs error (min),h5,8.339400004723442,7.96358026266098,8.726513767242432,21171.0,True,847,33,wt_med,0.17215530735973772,0.1281964063644409,0.21800689697265624,0.1130267858505249,0.23455116748809812,20123.0,1.0,False
UC3,1,all,all,dayPeak abs error (min),lvlh5_cbd,11.98627799895251,11.326127171516418,12.718642592430115,10265.0,True,410,18,wt_med,4.5933089129735984,4.030370700359344,5.198706769943238,3.1284751653671266,6.249433529376983,9860.0,0.48998658251751726,False
UC3,1,all,all,dayPeak abs error (min),lvlh5_naive,8.603912628821265,8.2526859998703,8.99311180114746,20446.0,True,825,33,wt_med,0.3723136901289923,0.21382062435150148,0.5577541708946228,0.1721456050872803,0.591426157951355,19589.0,0.9734632013119316,False
UC3,1,all,all,dayPeak abs error (min),lvlh5_tft,7.461761223280315,7.057126820087433,7.872065711021423,13734.0,True,543,19,wt_med,0.02792300504628109,-0.24569562673568726,0.3120010018348694,-0.47835215330123904,0.5237110137939451,13205.0,0.6562142821646871,False
UC3,1,all,all,dayPeak abs error (min),snaive7,8.207776549783985,7.690343689918518,8.777892875671387,9953.0,True,743,33,wt_med,0.6729071071683492,0.17781792879104616,1.1627503991127013,0.2669408321380615,1.12296462059021,9807.0,0.4873527804005367,False
UC3,1,all,all,dayPeak abs error (min),wt_med,8.086468220444267,7.710692274570465,8.474496793746948,20123.0,True,835,33,wt_med,,,,,,,,
UC3,2,all,all,dayPeak abs error (min),chronos2,10.77384463128621,10.205622959136964,11.292429733276366,21660.0,True,875,33,snaive7,1.6678281209692498,1.1759857535362244,2.1553303241729735,1.115800130367279,2.2617443680763243,10991.0,0.9621815635122122,False
UC3,2,all,all,dayPeak abs error (min),chronos2_grid,10.568470306979872,10.002853608131408,11.101229953765868,21660.0,True,875,33,snaive7,1.514370923991982,1.0196253776550293,2.0242371439933775,0.8430890083312989,2.203156411647796,10991.0,0.9621815635122122,False
UC3,2,all,all,dayPeak abs error (min),chronos2_nocov,12.273396408284912,11.626451396942139,12.876695036888123,21660.0,True,875,33,snaive7,2.8501483384042947,2.281665825843811,3.4086241722106934,1.9695098996162415,3.847903609275818,10991.0,0.9621815635122122,False
UC3,2,all,all,dayPeak abs error (min),chronos2_owx,10.646950189926399,10.094657230377198,11.179120063781738,21660.0,True,875,33,snaive7,1.5573407009207374,1.0788338661193848,2.050052523612976,0.9719142198562623,2.181821084022522,10991.0,0.9621815635122122,False
UC3,2,all,all,dayPeak abs error (min),chronos2_owx_x_h5,8.541639186050523,8.151320242881775,8.92763023376465,21638.0,True,862,33,snaive7,0.07899041498708037,-0.3050064444541931,0.431466257572174,-0.3695059061050415,0.5018571376800537,11263.0,0.9859931716711897,False
UC3,2,all,all,dayPeak abs error (min),chronos2_x_h5,8.556938357610038,8.163775491714478,8.94361686706543,21638.0,True,862,33,snaive7,0.09115787353728333,-0.2953711152076721,0.4432074427604675,-0.3575797319412231,0.5117408871650694,11263.0,0.9859931716711897,False
UC3,2,all,all,dayPeak abs error (min),clim,7.9688383472272575,7.59893513917923,8.315499544143677,16554.0,True,774,33,snaive7,-0.08035871478873169,-0.5309924960136414,0.3012305736541747,-0.6186813831329345,0.43802148103713984,9088.0,0.7955878490764248,False
UC3,2,all,all,dayPeak abs error (min),h5,8.409908614076437,8.015220117568969,8.790257096290588,21639.0,True,862,33,snaive7,0.009141658527923369,-0.4239819884300232,0.3845291137695312,-0.37755963802337644,0.39669041633605945,11263.0,0.9859931716711897,False
UC3,2,all,all,dayPeak abs error (min),lvlh5_cbd,14.09395725719105,13.321947360038758,14.85740840435028,10693.0,True,424,18,snaive7,5.795509515052933,4.990014970302582,6.634533703327179,4.568690848350525,7.353182601928711,5388.0,0.4716799439726867,False
UC3,2,all,all,dayPeak abs error (min),lvlh5_naive,8.047167692044145,7.681800353527069,8.398773050308227,21314.0,True,851,33,snaive7,-0.331633812548799,-0.704019296169281,-0.010966682434082074,-0.6588878870010376,-0.0378235697746277,11146.0,0.9757506784557471,True
UC3,2,all,all,dayPeak abs error (min),lvlh5_tft,8.39966727664482,7.984161782264709,8.826127815246583,13842.0,True,544,19,snaive7,0.26515857836864054,-0.1270457148551941,0.6696363449096678,-0.10486328601837158,0.6406545042991638,6993.0,0.6121859406460649,False
UC3,2,all,all,dayPeak abs error (min),snaive7,7.612789985117744,7.165196216106414,8.100376009941101,11423.0,True,783,33,snaive7,,,,,,,,
UC3,2,all,all,dayPeak abs error (min),wt_med,7.9791272344900115,7.603005468845367,8.353659868240356,19971.0,True,847,33,snaive7,-0.21771332911048802,-0.6284451603889465,0.14905070066452022,-0.6094457864761352,0.16347506046295165,11051.0,0.9674341241355161,False
UC3,3,all,all,dayPeak abs error (min),chronos2,8.933660078135523,8.49141480922699,9.396320104598999,22519.0,True,880,33,wt_med,1.2370469408191225,0.948935067653656,1.5411628127098083,0.999440324306488,1.5180708408355712,20243.0,0.9753312454830162,False
UC3,3,all,all,dayPeak abs error (min),chronos2_grid,8.893150905468277,8.467339205741883,9.367691922187806,22519.0,True,880,33,wt_med,1.2405131183617302,0.9210666418075562,1.5601789951324463,0.920543622970581,1.6205435752868653,20243.0,0.9753312454830162,False
UC3,3,all,all,dayPeak abs error (min),chronos2_nocov,9.789092697994107,9.313596439361572,10.291344571113585,22519.0,True,880,33,wt_med,2.0537570179589375,1.689794921875,2.3961949706077577,1.5403974771499633,2.6920512557029723,20243.0,0.9753312454830162,False
UC3,3,all,all,dayPeak abs error (min),chronos2_owx,8.846277034616719,8.412394714355468,9.293945717811585,22519.0,True,880,33,wt_med,1.145230495701818,0.8582206964492798,1.4368818759918212,0.8811200857162476,1.4402546882629395,20243.0,0.9753312454830162,False
UC3,3,all,all,dayPeak abs error (min),chronos2_owx_x_h5,7.598215441578188,7.224525809288025,7.952530491352081,22047.0,True,867,33,wt_med,0.20476628521824303,0.012972092628479006,0.40159275531768795,-0.03718683719635008,0.44212306737899776,20755.0,1.0,False
UC3,3,all,all,dayPeak abs error (min),chronos2_x_h5,7.6028456386169765,7.231054699420929,7.964916574954986,22047.0,True,867,33,wt_med,0.21289321623937596,0.02296708822250366,0.4088640093803405,-0.027960038185119624,0.4571935653686523,20755.0,1.0,False
UC3,3,all,all,dayPeak abs error (min),clim,7.6134746339802515,7.257483637332916,7.976082170009613,17622.0,True,805,33,wt_med,0.42848353552859564,0.2941484093666077,0.5529815316200256,0.2475432634353638,0.6571497917175293,17310.0,0.8340158997831848,False
UC3,3,all,all,dayPeak abs error (min),h5,7.4284436230043545,7.06344484090805,7.779452443122864,22048.0,True,867,33,wt_med,0.03701096121416558,-0.008246076107025147,0.07841876745223998,-0.019706094264984132,0.0858744740486145,20755.0,1.0,False
UC3,3,all,all,dayPeak abs error (min),lvlh5_cbd,12.709496511536274,11.98179988861084,13.493893456459045,10914.0,True,428,18,wt_med,5.542504607170921,4.96842257976532,6.1354268312454225,4.3609499335289,6.899108290672302,10333.0,0.4978559383281137,False
UC3,3,all,all,dayPeak abs error (min),lvlh5_naive,7.760133923070331,7.365827369689941,8.143204283714294,21719.0,True,859,33,wt_med,0.37995674752126973,0.19839357137680053,0.5606927990913391,0.10375943183898927,0.604872715473175,20566.0,0.990893760539629,False
UC3,3,all,all,dayPeak abs error (min),lvlh5_tft,7.826325229618096,7.391880786418914,8.284996271133423,14133.0,True,548,19,wt_med,0.6124893356195384,0.36316236257553103,0.8868681669235229,0.37835079431533813,0.8833557128906249,13377.0,0.6445193929173693,False
UC3,3,all,all,dayPeak abs error (min),prod_served,7.54478536242083,7.111225068569183,7.965799486637115,14210.0,True,550,19,wt_med,0.39358906392002346,0.11281702518463135,0.6951481461524962,0.12823967933654787,0.6570178389549255,13204.0,0.6361840520356541,False
UC3,3,all,all,dayPeak abs error (min),prod_served_lin,7.560064183501683,7.132999813556671,7.982355165481567,14256.0,True,550,19,wt_med,0.39858469202898483,0.12033683061599731,0.6944788217544555,0.12006959915161133,0.6604602217674255,13248.0,0.6383040231269573,False
UC3,3,all,all,dayPeak abs error (min),snaive7,7.817624418188328,7.27869679927826,8.402400350570678,11172.0,True,775,33,wt_med,1.112151540078603,0.7154182672500611,1.4990930080413818,0.6635199427604676,1.6132818698883056,10941.0,0.527150084317032,False
UC3,3,all,all,dayPeak abs error (min),wt_med,7.29388099253192,6.938567817211151,7.636306250095368,20755.0,True,860,33,wt_med,,,,,,,,
UC3,4,all,all,dayPeak abs error (min),chronos2,9.272450697498137,8.777300834655762,9.86208164691925,20362.0,True,827,33,snaive7,-0.22644809553327505,-0.789561927318573,0.29669851064682,-0.6097815275192261,0.15081269741058345,9662.0,0.9802171045957188,False
UC3,4,all,all,dayPeak abs error (min),chronos2_grid,9.06307545051794,8.577177476882934,9.634978747367859,20362.0,True,827,33,snaive7,-0.44416413913229924,-0.9818653464317322,0.058725261688232396,-0.8566453456878662,-0.05952429771423346,9662.0,0.9802171045957188,True
UC3,4,all,all,dayPeak abs error (min),chronos2_nocov,9.908897648041732,9.395278716087342,10.518032789230347,20362.0,True,827,33,snaive7,0.24792750483836556,-0.36088316440582274,0.8026471853256225,-0.340124773979187,0.894977593421936,9662.0,0.9802171045957188,False
UC3,4,all,all,dayPeak abs error (min),chronos2_owx,9.165813570645033,8.66938271522522,9.732451057434082,20362.0,True,827,33,snaive7,-0.32171674591985067,-0.8947116374969483,0.2228255867958068,-0.7260281801223755,0.09056010246276848,9662.0,0.9802171045957188,False
UC3,4,all,all,dayPeak abs error (min),chronos2_owx_x_h5,8.303728537416818,7.856875038146972,8.781520748138428,20572.0,True,824,33,snaive7,-0.965270122936257,-1.4355802297592164,-0.5047700881958008,-1.3295130491256715,-0.645253038406372,9826.0,0.9968550268844476,True
UC3,4,all,all,dayPeak abs error (min),chronos2_x_h5,8.314534122209572,7.875125062465668,8.802755451202392,20572.0,True,824,33,snaive7,-0.9643935940207289,-1.4333585262298585,-0.5065947771072388,-1.317966842651367,-0.6479151010513305,9826.0,0.9968550268844476,True
UC3,4,all,all,dayPeak abs error (min),clim,8.976748038360942,8.484784197807311,9.502276134490966,17205.0,True,783,33,snaive7,-0.12593378107693987,-0.7307735443115234,0.4424155473709106,-0.703323757648468,0.393265926837921,8487.0,0.8610124784417166,False
UC3,4,all,all,dayPeak abs error (min),h5,9.048779287380906,8.565307807922363,9.5678209066391,20572.0,True,824,33,snaive7,-0.17808747201302566,-0.7251644849777221,0.29841848611831656,-0.571077275276184,0.25590310096740704,9826.0,0.9968550268844476,False
UC3,4,all,all,dayPeak abs error (min),lvlh5_cbd,13.157486881136315,12.347816443443298,14.023787212371825,10260.0,True,412,18,snaive7,4.550927169578953,3.5871853709220884,5.563224196434021,3.3727540612220763,5.972373747825623,5009.0,0.50816678502587,False
UC3,4,all,all,dayPeak abs error (min),lvlh5_naive,9.056639063811726,8.614054751396178,9.552053451538086,19992.0,True,807,33,snaive7,-0.17390936135486612,-0.6137428045272827,0.23993567228317245,-0.5108837127685547,0.12333176136016842,9692.0,0.9832606269656082,False
UC3,4,all,all,dayPeak abs error (min),lvlh5_tft,8.636685852811404,8.094685673713684,9.214975166320801,13295.0,True,526,19,snaive7,-0.047202662189594236,-0.5918111562728882,0.4889371156692504,-0.5219806075096131,0.3716484785079956,6360.0,0.6452267424165568,False
UC3,4,all,all,dayPeak abs error (min),prod_served,8.111829652996844,7.558204257488251,8.673549008369445,13314.0,True,526,19,snaive7,-0.43084318360914065,-0.9565739750862121,0.10443317890167231,-1.0020809531211854,0.11194176673889156,6345.0,0.643704981231612,False
UC3,4,all,all,dayPeak abs error (min),prod_served_lin,8.093891779591226,7.536554133892059,8.648255848884583,13357.0,True,526,19,snaive7,-0.4579545454545455,-0.9869114875793457,0.07553647756576537,-1.018235182762146,0.09021183252334593,6347.0,0.643907882722938,False
UC3,4,all,all,dayPeak abs error (min),snaive7,8.422887288221569,7.7451443552970884,9.142562961578369,9857.0,True,712,33,snaive7,,,,,,,,
UC3,4,all,all,dayPeak abs error (min),wt_med,8.784542425019225,8.317992043495178,9.280200910568237,19505.0,True,818,33,snaive7,-0.28238002660390826,-0.7982288479804993,0.18283009529113753,-0.6650948762893677,0.12865966558456404,9773.0,0.9914781373643097,False
UC3,5,all,all,dayPeak abs error (min),chronos2,8.956975681819074,8.412593531608582,9.488098239898681,19621.0,True,803,33,snaive7,-0.17684146844201454,-0.726049542427063,0.31957709789276123,-0.8088234782218933,0.4604926824569699,9407.0,0.98265956335527,False
UC3,5,all,all,dayPeak abs error (min),chronos2_grid,8.711336411791143,8.167763543128967,9.24302921295166,19621.0,True,803,33,snaive7,-0.39297489905010075,-0.8948989987373352,0.054981780052184924,-0.9693294882774353,0.22027690410614006,9407.0,0.98265956335527,False
UC3,5,all,all,dayPeak abs error (min),chronos2_nocov,9.466933268022174,8.9036288022995,10.003782558441163,19621.0,True,803,33,snaive7,0.18437376069480216,-0.39229384660720823,0.6691402316093441,-0.5228908658027649,0.9428940534591673,9407.0,0.98265956335527,False
UC3,5,all,all,dayPeak abs error (min),chronos2_owx,8.931501689265126,8.386050486564637,9.443470740318299,19621.0,True,803,33,snaive7,-0.20397081829807995,-0.7569879531860352,0.2665687799453733,-0.8191110014915466,0.41788241863250725,9407.0,0.98265956335527,False
UC3,5,all,all,dayPeak abs error (min),chronos2_owx_x_h5,8.092096848470042,7.657381546497345,8.503871417045593,19793.0,True,801,33,snaive7,-0.8471040210211651,-1.3058382272720337,-0.4341954112052918,-1.2754953026771545,-0.5382462620735169,9554.0,0.9980152512274104,True
UC3,5,all,all,dayPeak abs error (min),chronos2_x_h5,8.093431671061996,7.66284464597702,8.513120031356811,19793.0,True,801,33,snaive7,-0.8490685382428369,-1.2966346979141234,-0.4381285548210145,-1.2751463532447815,-0.540680205821991,9554.0,0.9980152512274104,True
UC3,5,all,all,dayPeak abs error (min),clim,8.917711523449228,8.42224645614624,9.397596764564513,16653.0,True,756,33,snaive7,0.08454588402031327,-0.45241124629974366,0.6294819831848144,-0.37130917310714723,0.6158497929573059,8467.0,0.8844667293429437,False
UC3,5,all,all,dayPeak abs error (min),h5,8.74627759674649,8.299160528182984,9.193186569213868,19794.0,True,801,33,snaive7,-0.14327441385807038,-0.6454026699066162,0.3252257943153381,-0.644259762763977,0.4068169116973877,9554.0,0.9980152512274104,False
UC3,5,all,all,dayPeak abs error (min),lvlh5_cbd,13.199758284640822,12.278823304176331,14.151711487770081,10081.0,True,407,18,snaive7,4.3374827850894135,3.398248791694641,5.246220993995666,3.083733689785004,5.707064795494079,4751.0,0.49629165360910893,False
UC3,5,all,all,dayPeak abs error (min),lvlh5_naive,8.739894360941927,8.263222408294677,9.188955354690552,19181.0,True,783,33,snaive7,-0.07484010241151573,-0.5200198888778687,0.33458749055862425,-0.4632444381713867,0.2940066099166869,9412.0,0.9831818656638462,False
UC3,5,all,all,dayPeak abs error (min),lvlh5_tft,8.42704379636376,7.860634076595306,8.97009925842285,12796.0,True,512,19,snaive7,0.14314362081251186,-0.4601729989051819,0.7039955496788023,-0.2627160906791687,0.5645974278450011,6051.0,0.6320902538389219,False
UC3,5,all,all,dayPeak abs error (min),prod_served,7.879766841405211,7.328444719314575,8.390829014778138,12781.0,True,511,19,snaive7,-0.2879741593506715,-0.9017309188842774,0.252895975112915,-0.7342928051948547,0.18267934322357177,6037.0,0.6306278073749086,False
UC3,5,all,all,dayPeak abs error (min),prod_served_lin,7.852845189096839,7.310984468460083,8.351664924621582,12877.0,True,511,19,snaive7,-0.3256856104411039,-0.9320452570915222,0.22706400156021103,-0.7752989530563354,0.1399651765823364,6053.0,0.6322991747623524,False
UC3,5,all,all,dayPeak abs error (min),snaive7,8.093084717434452,7.512622046470642,8.792164397239684,9573.0,True,691,33,snaive7,,,,,,,,
UC3,5,all,all,dayPeak abs error (min),wt_med,8.547488511274983,8.115602278709412,8.991729402542115,18714.0,True,796,33,snaive7,-0.20534282700421969,-0.7015705227851867,0.27187434434890745,-0.7370335817337036,0.3821725487709045,9480.0,0.9902851770604826,False
UC3,6,all,all,dayPeak abs error (min),chronos2,8.413796547035547,7.973664677143097,8.873292922973633,19972.0,True,827,33,snaive7,-0.2917821245642296,-0.7081379890441895,0.14087078571319578,-0.6154210567474365,0.03909072875976549,10072.0,0.9776742380120365,False
UC3,6,all,all,dayPeak abs error (min),chronos2_grid,8.309797726230443,7.883634984493256,8.765741777420043,19972.0,True,827,33,snaive7,-0.37966207445756694,-0.7299236536026001,-0.008855903148651197,-0.6868626475334167,-0.1165513157844544,10072.0,0.9776742380120365,True
UC3,6,all,all,dayPeak abs error (min),chronos2_nocov,8.851758433286017,8.393285870552063,9.347237181663512,19972.0,True,827,33,snaive7,0.04266708955772458,-0.37471617460250856,0.4914215207099914,-0.3549082040786743,0.5067224621772766,10072.0,0.9776742380120365,False
UC3,6,all,all,dayPeak abs error (min),chronos2_owx,8.355445810515587,7.919894301891327,8.7959064245224,19972.0,True,827,33,snaive7,-0.3506243582374058,-0.7667594909667969,0.09368909597396849,-0.6692055463790894,-0.01138050556182864,10072.0,0.9776742380120365,True
UC3,6,all,all,dayPeak abs error (min),chronos2_owx_x_h5,7.767050934606025,7.40047550201416,8.137875580787659,20220.0,True,823,33,snaive7,-0.7233084994874597,-1.0976517081260682,-0.3458595275878906,-1.0366677284240722,-0.44659699201583875,10216.0,0.9916521063871093,True
UC3,6,all,all,dayPeak abs error (min),chronos2_x_h5,7.774587263633011,7.404641628265381,8.143096995353698,20220.0,True,823,33,snaive7,-0.7203700811354521,-1.0969277501106263,-0.338364899158478,-1.029625928401947,-0.44595150947570805,10216.0,0.9916521063871093,True
UC3,6,all,all,dayPeak abs error (min),clim,8.567072306238185,8.168046712875366,9.009355187416077,16928.0,True,777,33,snaive7,0.35469775474956844,-0.13638774156570432,0.8789977192878722,-0.12295702695846557,0.8516721844673156,8685.0,0.8430401863715783,False
UC3,6,all,all,dayPeak abs error (min),h5,8.384730566681501,8.008340167999268,8.762149786949157,20223.0,True,823,33,snaive7,-0.02727745424292749,-0.4691705584526062,0.43471754789352407,-0.48663790225982667,0.4659747004508972,10217.0,0.9917491749174917,False
UC3,6,all,all,dayPeak abs error (min),lvlh5_cbd,12.661045971496408,11.943580174446106,13.476788187026976,10037.0,True,409,18,snaive7,4.2031230752847435,3.355574536323547,5.116179430484771,2.8810646772384643,5.620099902153015,4929.0,0.47845078625509607,False
UC3,6,all,all,dayPeak abs error (min),lvlh5_naive,8.388010814447409,7.9905232906341555,8.771135687828064,19669.0,True,805,33,snaive7,-0.11254667928931017,-0.505872118473053,0.2898992538452148,-0.38606289625167844,0.1630604863166806,10101.0,0.9804892253931276,False
UC3,6,all,all,dayPeak abs error (min),lvlh5_tft,8.18587735208194,7.722353005409241,8.687497663497926,12890.0,True,520,19,snaive7,-0.02655641120534824,-0.45980201959609984,0.43501061201095576,-0.4860895037651062,0.44487334489822383,6334.0,0.6148320714424383,False
UC3,6,all,all,dayPeak abs error (min),prod_served,7.686073322573208,7.245356750488281,8.164407086372375,13011.0,True,522,19,snaive7,-0.2586043574360595,-0.6754226326942444,0.20277656316757187,-0.7165475845336914,0.21281164884567258,6334.0,0.6148320714424383,False
UC3,6,all,all,dayPeak abs error (min),prod_served_lin,7.674036693733721,7.237037444114685,8.14666428565979,13054.0,True,522,19,snaive7,-0.28020915548539893,-0.6959640502929687,0.19011164903640748,-0.7339454293251038,0.16302424669265747,6335.0,0.6149291399728208,False
UC3,6,all,all,dayPeak abs error (min),snaive7,7.527150067947971,7.00816103219986,8.134005427360535,10302.0,True,730,33,snaive7,,,,,,,,
UC3,6,all,all,dayPeak abs error (min),wt_med,8.247228277795077,7.877629637718201,8.632349324226379,19266.0,True,818,33,snaive7,-0.03220623028391145,-0.45850610733032227,0.41086729764938346,-0.5095288038253785,0.4794202446937559,10144.0,0.9846631721995729,False
UC3,7,all,all,dayPeak abs error (min),chronos2,9.113667303337273,8.642391705513,9.58044126033783,19388.0,True,791,32,wt_med,0.312333700187855,0.015291833877563478,0.6054432868957519,-0.3141911745071411,0.8449483394622802,17598.0,0.9554264618057441,False
UC3,7,all,all,dayPeak abs error (min),chronos2_grid,9.138853908350033,8.659958219528198,9.64750509262085,19388.0,True,791,32,wt_med,0.3414283232006614,0.06433756351470947,0.6324942827224731,-0.16604039669036866,0.754708313941955,17598.0,0.9554264618057441,False
UC3,7,all,all,dayPeak abs error (min),chronos2_nocov,9.64396472849107,9.126932549476624,10.140181422233582,19388.0,True,791,32,wt_med,0.855184776149752,0.5269854068756104,1.1739455699920653,0.14460034370422364,1.5368661880493162,17598.0,0.9554264618057441,False
UC3,7,all,all,dayPeak abs error (min),chronos2_owx,9.056411565830714,8.586118721961975,9.50836730003357,19388.0,True,791,32,wt_med,0.2537999580009149,-0.02576606273651123,0.5386347770690917,-0.35835630893707277,0.7958022594451903,17598.0,0.9554264618057441,False
UC3,7,all,all,dayPeak abs error (min),chronos2_owx_x_h5,8.306683634224225,7.916082108020783,8.708171677589416,19434.0,True,788,32,wt_med,-0.3787490707087571,-0.559319019317627,-0.2021880626678467,-0.7502880811691284,-0.032398605346679744,18419.0,1.0,True
UC3,7,all,all,dayPeak abs error (min),chronos2_x_h5,8.317054306124017,7.9210147023200985,8.717130041122436,19434.0,True,788,32,wt_med,-0.36831546306604146,-0.55250084400177,-0.19073624610900886,-0.740035080909729,-0.030163216590881545,18419.0,1.0,True
UC3,7,all,all,dayPeak abs error (min),clim,8.911512667660208,8.438855457305909,9.385025668144227,16104.0,True,742,32,wt_med,0.31701978749124926,0.13948841094970704,0.48691585063934323,0.06304705142974854,0.6460813045501709,15717.0,0.8533036538357132,False
UC3,7,all,all,dayPeak abs error (min),h5,8.794232005967999,8.379853701591491,9.228868174552918,19437.0,True,788,32,wt_med,0.12944954937835895,0.0844336748123169,0.17821576595306396,0.08158794641494752,0.17245361804962156,18419.0,1.0,False
UC3,7,all,all,dayPeak abs error (min),lvlh5_cbd,13.217205703842414,12.486338496208191,14.100980401039124,9904.0,True,400,17,wt_med,4.782139745684736,4.219354355335236,5.366589450836182,3.347619044780731,6.321237158775329,9458.0,0.5134915033389434,False
UC3,7,all,all,dayPeak abs error (min),lvlh5_naive,9.281930239542985,8.86965732574463,9.72926082611084,18508.0,True,760,32,wt_med,0.63813430894775,0.4556505918502808,0.8336489915847778,0.34430081844329835,0.9104055643081663,17698.0,0.9608556381996851,False
UC3,7,all,all,dayPeak abs error (min),lvlh5_tft,8.64608697830713,8.134621047973633,9.170078706741332,12351.0,True,493,18,wt_med,0.5260062234746226,0.18496605157852172,0.8527708649635315,0.06547508239746094,0.9521214604377746,11763.0,0.6386340192192844,False
UC3,7,all,all,dayPeak abs error (min),prod_served,8.244325153374234,7.76307954788208,8.76747555732727,12388.0,True,491,18,wt_med,0.1934107189091243,-0.17648394107818602,0.5762288689613342,-0.28077447414398193,0.5901035785675048,11587.0,0.6290786687659482,False
UC3,7,all,all,dayPeak abs error (min),prod_served_lin,8.208185110663985,7.720324468612671,8.727677702903748,12425.0,True,492,18,wt_med,0.14900633020411824,-0.2231985330581665,0.5311248779296873,-0.3179715633392334,0.5413795113563536,11611.0,0.630381671100494,False
UC3,7,all,all,dayPeak abs error (min),wt_med,8.645265758184484,8.237134337425232,9.07624592781067,18419.0,True,778,32,wt_med,,,,,,,,
UC3,10,all,all,dayPeak abs error (min),chronos2_owx_x_h5,7.713786872106214,7.353273415565491,8.068773317337037,20952.0,True,837,32,wt_med,0.13566389946726698,-0.043603515625,0.3234454989433288,-0.1501884341239929,0.3995842456817627,19354.0,1.0,False
UC3,10,all,all,dayPeak abs error (min),chronos2_x_h5,7.7391403830035275,7.373438239097595,8.092138504981994,20952.0,True,837,32,wt_med,0.16190681357833903,-0.017097425460815427,0.3504572987556457,-0.12373920679092407,0.42181235551834106,19354.0,1.0,False
UC3,10,all,all,dayPeak abs error (min),clim,7.78805685193042,7.4157104134559635,8.167656850814819,16499.0,True,768,32,wt_med,0.4007131734662108,0.25278587341308595,0.5461084008216858,0.17881133556365966,0.6687368512153624,16055.0,0.8295442802521442,False
UC3,10,all,all,dayPeak abs error (min),h5,7.587202025866183,7.238636112213134,7.935614764690399,20954.0,True,837,32,wt_med,0.008465304329853929,-0.03470720052719116,0.04992916584014892,-0.040667927265167235,0.05609987974166868,19354.0,1.0,False
UC3,10,all,all,dayPeak abs error (min),lvlh5_cbd,13.279043756021384,12.551409459114074,14.051177501678467,10524.0,True,422,17,wt_med,5.698572229045572,5.146270537376404,6.292476940155029,4.4676575541496275,7.10230221748352,9759.0,0.5042368502635114,False
UC3,10,all,all,dayPeak abs error (min),lvlh5_naive,7.899215086836927,7.5294597864151,8.277450251579285,20625.0,True,828,32,wt_med,0.34146549042616314,0.16311641931533813,0.5370581388473511,0.03025164604187012,0.590598177909851,19166.0,0.9902862457373153,False
UC3,10,all,all,dayPeak abs error (min),lvlh5_tft,8.22692848173378,7.773844516277313,8.699004673957825,13151.0,True,519,18,wt_med,0.7159164793343793,0.4595134139060974,0.9817579627037047,0.38302065134048463,1.0488413453102112,12186.0,0.6296372842823189,False
UC3,10,all,all,dayPeak abs error (min),prod_served,8.123221757322176,7.655641031265259,8.623521637916564,13384.0,True,520,18,wt_med,0.6228589263420714,0.29814682006835935,0.9525682568550108,0.2708279490470886,1.002108895778656,12015.0,0.620801901415728,False
UC3,10,all,all,dayPeak abs error (min),prod_served_lin,8.129189897413024,7.6661628723144535,8.620423221588135,13452.0,True,521,18,wt_med,0.6062494823159117,0.2900081157684326,0.9358267545700072,0.25310717821121215,0.9744277358055115,12073.0,0.6237986979435776,False
UC3,10,all,all,dayPeak abs error (min),wt_med,7.476661155316731,7.118048286437988,7.8246647953987125,19354.0,True,827,32,wt_med,,,,,,,,
UC3,14,all,all,dayPeak abs error (min),chronos2_owx_x_h5,8.717375408549184,8.313909578323365,9.14300696849823,18483.0,True,761,31,wt_med,-0.25641289781618504,-0.43482925891876223,-0.07961990833282472,-0.6297949075698852,0.08337533473968482,17237.0,1.0,False
UC3,14,all,all,dayPeak abs error (min),chronos2_x_h5,8.733330279491664,8.336943054199219,9.153437662124634,18483.0,True,761,31,wt_med,-0.2398763830888715,-0.4149096250534058,-0.06392788887023929,-0.6223408699035644,0.09118125438690149,17237.0,1.0,False
UC3,14,all,all,dayPeak abs error (min),clim,8.991619560930722,8.517659235000611,9.474686741828918,15214.0,True,715,31,wt_med,0.13968847775812954,-0.06100075244903564,0.32111692428588856,-0.11382932662963867,0.4224242925643919,14702.0,0.8529326448918025,False
UC3,14,all,all,dayPeak abs error (min),h5,9.091751866277182,8.674889945983887,9.546207427978516,18486.0,True,761,31,wt_med,0.10146813540639243,0.05058424472808838,0.153373384475708,0.05778539180755615,0.1423331260681152,17237.0,1.0,False
UC3,14,all,all,dayPeak abs error (min),lvlh5_cbd,13.467872086550576,12.670931124687195,14.353824639320374,8995.0,True,370,16,wt_med,4.72265263491799,4.144967699050904,5.391192507743836,3.1403234958648683,6.440332698822021,8380.0,0.48616348552532346,False
UC3,14,all,all,dayPeak abs error (min),lvlh5_naive,9.690913546902994,9.236313724517823,10.158230710029603,17507.0,True,729,31,wt_med,0.7815032770318613,0.5789921760559082,0.9973718404769897,0.4820457696914673,1.0793397188186644,16479.0,0.956024830306898,False
UC3,14,all,all,dayPeak abs error (min),lvlh5_tft,9.105630361385632,8.587043595314025,9.720805501937866,11381.0,True,463,17,wt_med,0.6567280837768017,0.2884789705276489,1.0436645507812499,0.021697759628295905,1.3212451934814446,10586.0,0.6141439925741138,False
UC3,14,all,all,dayPeak abs error (min),prod_served,8.810857291757143,8.288091945648194,9.413672733306885,11513.0,True,458,17,wt_med,0.4070207629164653,-0.030295014381408678,0.8627968311309814,-0.2939876317977905,1.1025416374206543,10355.0,0.6007425886175088,False
UC3,14,all,all,dayPeak abs error (min),prod_served_lin,8.788195766966759,8.267313957214355,9.396664190292359,11552.0,True,459,17,wt_med,0.37658718689788095,-0.06513023376464842,0.829199743270874,-0.3090386867523193,1.075248122215271,10380.0,0.6021929570110808,False
UC3,14,all,all,dayPeak abs error (min),wt_med,8.913726286476766,8.495947098731994,9.36565284729004,17237.0,True,751,31,wt_med,,,,,,,,
UC3,21,all,all,dayPeak abs error (min),chronos2_owx_x_h5,8.926130368270956,8.536008667945861,9.352580738067626,17523.0,True,739,30,clim,-0.18638445064567755,-0.4306122064590454,0.05629703998565673,-0.6242324113845825,0.24098542928695665,14084.0,0.9853774574966767,False
UC3,21,all,all,dayPeak abs error (min),chronos2_x_h5,8.949732941031236,8.557561254501342,9.373412585258484,17523.0,True,739,30,clim,-0.16096246990282737,-0.3992616653442383,0.07992262840270996,-0.5920292854309082,0.25949434041976926,14084.0,0.9853774574966767,False
UC3,21,all,all,dayPeak abs error (min),clim,8.911309732036662,8.461004972457886,9.386347723007201,14293.0,True,683,30,clim,,,,,,,,
UC3,21,all,all,dayPeak abs error (min),h5,9.216044126875461,8.78816568851471,9.679829287528992,17529.0,True,739,30,clim,0.13586028472025014,-0.04272439479827881,0.33098711967468253,-0.1389071464538574,0.38643364906311034,14084.0,0.9853774574966767,False
UC3,21,all,all,dayPeak abs error (min),lvlh5_cbd,13.633348639307483,12.825585055351258,14.567091846466065,8200.0,True,343,15,clim,4.840089566586379,4.1889176845550535,5.51307954788208,3.372405302524567,6.562183666229248,6911.0,0.48352340306443714,False
UC3,21,all,all,dayPeak abs error (min),lvlh5_naive,10.088604810720632,9.633993363380432,10.58102343082428,16553.0,True,702,30,clim,1.1086814509328136,0.804655933380127,1.4219849824905395,0.6855608701705933,1.5103590965270997,13702.0,0.958651087945148,False
UC3,21,all,all,dayPeak abs error (min),lvlh5_tft,9.302528743807864,8.782837462425231,9.87385184764862,10413.0,True,433,16,clim,0.7853440710664223,0.36631135940551757,1.2418574333190915,0.34802682399749757,1.256853675842285,8669.0,0.6065206744560274,False
UC3,21,all,all,dayPeak abs error (min),prod_served,9.096052631578948,8.532959842681885,9.664141535758972,10640.0,True,427,16,clim,0.6339532230462055,0.1441899299621582,1.1515281558036803,0.10152995586395265,1.1715632915496825,8765.0,0.6132372490030085,False
UC3,21,all,all,dayPeak abs error (min),prod_served_lin,9.061320445609436,8.504896092414857,9.631242179870606,10682.0,True,429,16,clim,0.5935936078252961,0.10181803703308105,1.1066558837890623,0.07465877532958985,1.1307911038398744,8792.0,0.6151262855943469,False
UC3,21,all,all,dayPeak abs error (min),wt_med,8.98491291142379,8.568391489982606,9.438056325912475,16133.0,True,718,30,clim,0.05587998830580254,-0.12116472721099854,0.25041115283966064,-0.21934854984283447,0.3216318368911742,13682.0,0.9572518015811936,False
UC3,30,all,all,dayPeak abs error (min),chronos2_owx_x_h5,9.077783069364207,8.67514877319336,9.506640148162841,17027.0,True,727,29,clim,0.33589861757749695,0.12778851985931397,0.5483355283737182,0.06305508613586426,0.602150297164917,12672.0,0.9828589156906848,False
UC3,30,all,all,dayPeak abs error (min),chronos2_x_h5,9.087942860984297,8.687855768203736,9.516601705551148,17027.0,True,727,29,clim,0.3527100005816539,0.14403438568115234,0.5557365417480469,0.08246753215789795,0.6123017668724059,12672.0,0.9828589156906848,False
UC3,30,all,all,dayPeak abs error (min),clim,8.362177150391684,7.985704708099365,8.762122058868409,12893.0,True,649,29,clim,,,,,,,,
UC3,30,all,all,dayPeak abs error (min),h5,8.865605913789054,8.471454620361328,9.264076280593873,17028.0,True,727,29,clim,0.272560566603536,0.06906559467315673,0.47582952976226806,-0.002569818496704099,0.5368893384933472,12672.0,0.9828589156906848,False
UC3,30,all,all,dayPeak abs error (min),lvlh5_cbd,15.42437383098927,14.567707347869874,16.393813562393188,7761.0,True,331,14,clim,6.247973021533394,5.526797842979431,6.9463495969772335,5.094656658172608,7.405942225456237,6226.0,0.4828976964244163,False
UC3,30,all,all,dayPeak abs error (min),lvlh5_naive,8.914600279394659,8.525713562965393,9.302314615249633,16798.0,True,714,29,clim,0.3149211634916984,0.07414731979370119,0.57062509059906,-0.02447781562805174,0.6288553237915038,12644.0,0.9806871946017218,False
UC3,30,all,all,dayPeak abs error (min),lvlh5_tft,9.548814349910373,9.012067556381226,10.160602593421936,8378.0,True,352,14,clim,0.5275278848867515,0.11818141937255859,0.9700437068939208,-0.1916279315948486,1.1739433884620665,6658.0,0.516404250368417,False
UC3,30,all,all,dayPeak abs error (min),prod_served,9.584943030561176,9.045931959152222,10.218635773658752,9391.0,True,373,14,clim,0.8254121079504007,0.30066628456115724,1.3624488830566406,-0.050545334815979,1.6900663018226618,6855.0,0.531683859458621,False
UC3,30,all,all,dayPeak abs error (min),prod_served_lin,9.57431763094109,9.027811360359191,10.203786039352417,9489.0,True,375,14,clim,0.7658651750690098,0.25730080604553224,1.3012062311172485,-0.0918530225753784,1.635708677768707,6883.0,0.533855580547584,False
UC3,30,all,all,dayPeak abs error (min),wt_med,8.371835887825448,7.982048392295837,8.761344194412231,14941.0,True,698,29,clim,0.0170385810037601,-0.17996060848236084,0.21550326347351073,-0.25949587821960446,0.2935410141944884,12234.0,0.9488869929419065,False
UC3,45,all,all,dayPeak abs error (min),chronos2_owx_x_h5,8.290504531003393,7.899505794048309,8.692207884788512,15785.0,True,683,27,wt_med,-0.1507849201782676,-0.38048741817474363,0.05043758153915393,-0.5490035057067871,0.16921329498291016,13843.0,1.0,False
UC3,45,all,all,dayPeak abs error (min),chronos2_x_h5,8.32410405297703,7.931281852722168,8.71814296245575,15785.0,True,683,27,wt_med,-0.11504081240824249,-0.3403362989425659,0.09038817882537839,-0.5127055168151855,0.20279984474182117,13843.0,1.0,False
UC3,45,all,all,dayPeak abs error (min),clim,8.515872415532023,8.098800539970398,8.949857044219971,11898.0,True,597,27,wt_med,0.2402998856740819,0.04073278903961182,0.43486349582672107,-0.057425367832183834,0.5764467477798462,11371.0,0.8214259914758362,False
UC3,45,all,all,dayPeak abs error (min),h5,8.305535804776081,7.915532791614533,8.703344941139221,15787.0,True,683,27,wt_med,-0.08355441378313877,-0.1365818977355957,-0.032585096359252934,-0.17627098560333251,0.00588681697845458,13843.0,1.0,False
UC3,45,all,all,dayPeak abs error (min),lvlh5_cbd,14.833231750418136,13.209905767440796,16.73152389526367,1872.0,True,102,12,wt_med,4.818682874079629,3.6888094663619997,5.9584815979003904,3.1458621978759767,7.076522874832153,1754.0,0.12670663873437837,False
UC3,45,all,all,dayPeak abs error (min),lvlh5_naive,8.525376639957575,8.139539861679078,8.91013536453247,15528.0,True,671,27,wt_med,0.11999738918812852,-0.10773682594299316,0.3260061740875244,-0.2302394151687622,0.42706258296966554,13713.0,0.9906089720436322,False
UC3,45,all,all,dayPeak abs error (min),lvlh5_tft,8.966351718178274,8.301590323448181,9.673395419120789,6238.0,True,264,11,wt_med,0.3527578808860774,-0.06864502429962158,0.7325698852539061,-0.03153893947601318,0.7520255327224731,5534.0,0.39976883623492016,False
UC3,45,all,all,dayPeak abs error (min),prod_served,9.015062156692686,8.355531716346741,9.688317131996154,6918.0,True,281,12,wt_med,0.4186967854039967,-0.07794458866119382,0.9115857481956481,-0.04893255233764648,0.9404314279556274,5755.0,0.4157335837607455,False
UC3,45,all,all,dayPeak abs error (min),prod_served_lin,9.008539212869865,8.369176316261292,9.668491744995118,6962.0,True,284,12,wt_med,0.3830273640457218,-0.1267063856124878,0.8629891157150268,-0.11708004474639892,0.9366015076637267,5774.0,0.41710611861590696,False
UC3,45,all,all,dayPeak abs error (min),wt_med,8.48152495846276,8.067586374282836,8.913742470741273,13843.0,True,652,27,wt_med,,,,,,,,
UC3,60,all,all,dayPeak abs error (min),chronos2_owx_x_h5,8.930980662583568,8.447355699539184,9.393167328834533,13533.0,True,599,25,wt_med,-0.14888433442966864,-0.35386643409729,0.044358897209167476,-0.4624659061431885,0.12137548923492426,12069.0,0.999917149958575,False
UC3,60,all,all,dayPeak abs error (min),chronos2_x_h5,8.947907249760508,8.4570707321167,9.410098552703857,13533.0,True,599,25,wt_med,-0.1328325660826799,-0.3365752935409546,0.059783434867858865,-0.44863047599792477,0.16941096782684317,12069.0,0.999917149958575,False
UC3,60,all,all,dayPeak abs error (min),clim,9.045535292450156,8.496693801879882,9.595206332206725,10583.0,True,543,25,wt_med,-0.026866931479640144,-0.23562517166137695,0.1761029481887817,-0.4376444578170776,0.3551372647285461,10070.0,0.8342999171499585,False
UC3,60,all,all,dayPeak abs error (min),h5,9.154596661003177,8.658270525932313,9.685549235343933,13537.0,True,601,25,wt_med,0.06894262634631332,0.016114306449890137,0.12284693717956542,-0.012313318252563476,0.14769375324249268,12070.0,1.0,False
UC3,60,all,all,dayPeak abs error (min),lvlh5_naive,9.672170317397791,9.136689901351929,10.188485431671143,12833.0,True,563,25,wt_med,0.5803576176014626,0.33012092113494873,0.7974621057510376,0.3262468814849854,0.8397563219070434,11621.0,0.9628003314001657,False
UC3,60,all,all,dayPeak abs error (min),lvlh5_tft,0.393603458964777,0.09657784719020128,0.7844828277826309,107.0,True,16,7,wt_med,-0.00826569991372772,-0.13381448090076445,0.13862518817186353,-2.3193931579589844,0.6952875182032585,107.0,0.008864954432477217,False
UC3,60,all,all,dayPeak abs error (min),prod_served,0.43000000000000005,0.06241776319220663,0.9914724811911573,100.0,True,15,7,wt_med,0.0,-0.18757440522313118,0.3571428366005421,-0.11235956847667694,1.94047611951828,100.0,0.008285004142502071,False
UC3,60,all,all,dayPeak abs error (min),prod_served_lin,0.43000000000000005,0.06241776319220663,0.9914724811911573,100.0,True,15,7,wt_med,0.0,-0.18757440522313118,0.3571428366005421,-0.11235956847667694,1.94047611951828,100.0,0.008285004142502071,False
UC3,60,all,all,dayPeak abs error (min),wt_med,8.963347141673571,8.456990909576415,9.537361598014831,12070.0,True,574,25,wt_med,,,,,,,,
UC3,90,all,all,dayPeak abs error (min),chronos2_owx_x_h5,8.39167016572863,7.889660763740539,8.936629605293273,9817.0,True,478,21,wt_med,-0.13037646220696963,-0.3442565441131592,0.08184225559234615,-0.4444474220275879,0.1466509580612182,8894.0,0.9998875772906127,False
UC3,90,all,all,dayPeak abs error (min),chronos2_x_h5,8.396705063379013,7.895902621746063,8.930210208892822,9817.0,True,478,21,wt_med,-0.130835932123901,-0.3453152418136597,0.07542195320129393,-0.46329622268676757,0.1959969520568847,8894.0,0.9998875772906127,False
UC3,90,all,all,dayPeak abs error (min),clim,8.861363344876235,8.271228218078614,9.47745954990387,7797.0,True,433,21,wt_med,0.19708260342271977,-0.04868621826171875,0.4595355033874509,-0.27533682584762575,0.7648513555526733,7421.0,0.8342889263631253,False
UC3,90,all,all,dayPeak abs error (min),h5,8.498920350376858,7.95082426071167,9.061799669265747,9818.0,True,478,21,wt_med,-0.07285764474423928,-0.13147737979888915,-0.005013990402221712,-0.1579024076461792,0.010476768016815182,8895.0,1.0,False
UC3,90,all,all,dayPeak abs error (min),lvlh5_naive,9.07536335429189,8.539779829978944,9.68691918849945,9303.0,True,446,21,wt_med,0.7237335362108848,0.45842092037200927,0.9982876777648926,0.3560198903083801,1.1052041053771973,8520.0,0.9578414839797639,False
UC3,90,all,all,dayPeak abs error (min),wt_med,8.423940415964024,7.877098798751831,8.98436348438263,8895.0,True,463,21,wt_med,,,,,,,,
D5,0,all,all,rope-drop worth agreement,chronos2,0.9113322441705035,0.9040888085961342,0.9184729173779488,20199.0,False,818,33,prod_ropedrop_hist,,,,,,,,
D5,0,all,all,rope-drop worth agreement,chronos2_grid,0.9138076142383287,0.906624086201191,0.920468594133854,20199.0,False,818,33,prod_ropedrop_hist,,,,,,,,
D5,0,all,all,rope-drop worth agreement,chronos2_nocov,0.9083618000891133,0.9007019191980362,0.915976770222187,20199.0,False,818,33,prod_ropedrop_hist,,,,,,,,
D5,0,all,all,rope-drop worth agreement,chronos2_owx,0.912272884796277,0.9049709677696228,0.9192874565720558,20199.0,False,818,33,prod_ropedrop_hist,,,,,,,,
D5,0,all,all,rope-drop worth agreement,clim,0.9120093050305321,0.9041647255420685,0.9192513555288315,17195.0,False,775,33,prod_ropedrop_hist,,,,,,,,
D5,0,all,all,rope-drop worth agreement,h5,0.9107012150490411,0.9029517665505409,0.9175498396158218,20493.0,False,817,33,prod_ropedrop_hist,,,,,,,,
D5,0,all,all,rope-drop worth agreement,lvlh5_cbd,0.9035769828926905,0.891991525888443,0.9139863342046738,10288.0,False,406,18,prod_ropedrop_hist,,,,,,,,
D5,0,all,all,rope-drop worth agreement,lvlh5_naive,0.9081356796735527,0.9002536788582802,0.9150530576705933,19605.0,False,791,33,prod_ropedrop_hist,,,,,,,,
D5,0,all,all,rope-drop worth agreement,lvlh5_tft,0.916554003304792,0.908208204805851,0.9249450162053108,13314.0,False,522,19,prod_ropedrop_hist,,,,,,,,
D5,0,all,all,rope-drop worth agreement,prod_ropedrop_hist,0.9174835775644264,0.9115873500704765,0.9233610838651657,19790.0,False,810,33,prod_ropedrop_hist,,,,,,,,
D5,0,all,all,rope-drop worth agreement,snaive7,0.9213955443463641,0.9125893414020538,0.9295632004737854,9516.0,False,699,33,prod_ropedrop_hist,,,,,,,,
D5,0,all,all,rope-drop worth agreement,wt_med,0.9156139464375948,0.9086659699678421,0.9220557302236557,19790.0,False,810,33,prod_ropedrop_hist,,,,,,,,
D5,1,all,all,rope-drop worth agreement,chronos2,0.905424267218559,0.8975569769740105,0.9122841149568558,20777.0,False,854,33,prod_ropedrop_hist,,,,,,,,
D5,1,all,all,rope-drop worth agreement,chronos2_grid,0.9109111036241998,0.9035901755094529,0.9175798043608665,20777.0,False,854,33,prod_ropedrop_hist,,,,,,,,
D5,1,all,all,rope-drop worth agreement,chronos2_nocov,0.9009481638350099,0.8926008239388465,0.9084418579936028,20777.0,False,854,33,prod_ropedrop_hist,,,,,,,,
D5,1,all,all,rope-drop worth agreement,chronos2_owx,0.9062906098089233,0.8983642190694809,0.9131835713982582,20777.0,False,854,33,prod_ropedrop_hist,,,,,,,,
D5,1,all,all,rope-drop worth agreement,chronos2_owx_x_h5,0.9107741722167115,0.904136136174202,0.9169954687356949,21171.0,False,847,33,prod_ropedrop_hist,,,,,,,,
D5,1,all,all,rope-drop worth agreement,chronos2_x_h5,0.9106324689433659,0.903934209048748,0.9168012648820877,21171.0,False,847,33,prod_ropedrop_hist,,,,,,,,
D5,1,all,all,rope-drop worth agreement,clim,0.910378173027111,0.9025012090802192,0.9174449056386947,17373.0,False,794,33,prod_ropedrop_hist,,,,,,,,
D5,1,all,all,rope-drop worth agreement,h5,0.9069954182608285,0.8996711760759354,0.9138798043131828,21171.0,False,847,33,prod_ropedrop_hist,,,,,,,,
D5,1,all,all,rope-drop worth agreement,lvlh5_cbd,0.9128105211885046,0.9026326790452004,0.9222330823540688,10265.0,False,410,18,prod_ropedrop_hist,,,,,,,,
D5,1,all,all,rope-drop worth agreement,lvlh5_naive,0.9063875574684535,0.8990857020020485,0.9129476994276047,20446.0,False,825,33,prod_ropedrop_hist,,,,,,,,
D5,1,all,all,rope-drop worth agreement,lvlh5_tft,0.9218727246250182,0.9145621925592422,0.9291453093290329,13734.0,False,543,19,prod_ropedrop_hist,,,,,,,,
D5,1,all,all,rope-drop worth agreement,prod_ropedrop_hist,0.9154201659792277,0.9088950037956238,0.9215381264686584,20123.0,False,835,33,prod_ropedrop_hist,,,,,,,,
D5,1,all,all,rope-drop worth agreement,snaive7,0.9137948357279212,0.9043784573674202,0.9223962634801864,9953.0,False,743,33,prod_ropedrop_hist,,,,,,,,
D5,1,all,all,rope-drop worth agreement,wt_med,0.9116433931322367,0.9041935086250306,0.9179966032505036,20123.0,False,835,33,prod_ropedrop_hist,,,,,,,,
D5,2,all,all,rope-drop worth agreement,chronos2,0.8708679593721145,0.8620160818099976,0.8800320506095887,21660.0,False,875,33,snaive7,-0.01755982167227732,-0.02506062835454941,-0.009429155290126804,-0.032588090002536776,-0.0036876916885376036,10991.0,0.9621815635122122,False
D5,2,all,all,rope-drop worth agreement,chronos2_grid,0.8800554016620499,0.8717480883002281,0.8887423649430275,21660.0,False,875,33,snaive7,-0.007278682558456873,-0.014147083461284637,0.00026408284902572446,-0.01677805185317993,0.0013518899679183937,10991.0,0.9621815635122122,False
D5,2,all,all,rope-drop worth agreement,chronos2_nocov,0.866112650046168,0.8568039625883103,0.8756034299731255,21660.0,False,875,33,snaive7,-0.022290965335274304,-0.030681058764457703,-0.013536968827247621,-0.04338378012180328,-0.004727260768413545,10991.0,0.9621815635122122,False
D5,2,all,all,rope-drop worth agreement,chronos2_owx,0.8713296398891966,0.86252351552248,0.8802440419793129,21660.0,False,875,33,snaive7,-0.016831953416431622,-0.024514764547348022,-0.008972255885601044,-0.031522896885871884,-0.0031615510582923894,10991.0,0.9621815635122122,False
D5,2,all,all,rope-drop worth agreement,chronos2_owx_x_h5,0.8871429891856918,0.8798472464084626,0.8943057104945182,21638.0,False,862,33,snaive7,-0.003906596821450781,-0.010659295320510864,0.00362526923418045,-0.011979985237121581,0.0032755523920059175,11263.0,0.9859931716711897,False
D5,2,all,all,rope-drop worth agreement,chronos2_x_h5,0.886542194287827,0.879083999991417,0.8936595752835274,21638.0,False,862,33,snaive7,-0.004439314569830488,-0.011223948001861573,0.0028021439909934943,-0.012611785531044006,0.0027283743023872363,11263.0,0.9859931716711897,False
D5,2,all,all,rope-drop worth agreement,clim,0.8915065845112964,0.8843115553259849,0.8992926746606826,16554.0,False,774,33,snaive7,-0.0008802816901408717,-0.007988306879997253,0.006818036735057828,-0.008457086980342865,0.00662197023630142,9088.0,0.7955878490764248,False
D5,2,all,all,rope-drop worth agreement,h5,0.8804935533065299,0.8727967500686645,0.888190521299839,21639.0,False,862,33,snaive7,-0.008701056556867703,-0.015701863169670104,-0.001513943076133731,-0.018308423459529877,0.0009595438838005036,11263.0,0.9859931716711897,False
D5,2,all,all,rope-drop worth agreement,lvlh5_cbd,0.8822594220518096,0.8710128590464592,0.8931619673967361,10693.0,False,424,18,snaive7,-0.009651076466221209,-0.018795230984687807,0.0009400948882102964,-0.022576096653938293,0.0019449710845947164,5388.0,0.4716799439726867,False
D5,2,all,all,rope-drop worth agreement,lvlh5_naive,0.8866941916111476,0.879506203532219,0.8940887212753296,21314.0,False,851,33,snaive7,-0.004485914229319987,-0.011120948195457458,0.0024835571646690366,-0.012206381559371949,0.0026576399803161614,11146.0,0.9757506784557471,False
D5,2,all,all,rope-drop worth agreement,lvlh5_tft,0.8927900592399942,0.8843879267573357,0.9012497961521149,13842.0,False,544,19,snaive7,-0.002288002288002189,-0.009675851464271546,0.006015911698341369,-0.01080644428730011,0.005515797436237335,6993.0,0.6121859406460649,False
D5,2,all,all,rope-drop worth agreement,prod_ropedrop_hist,0.8988533373391417,0.8922398164868355,0.9056143507361412,19971.0,False,847,33,snaive7,0.006786716134286497,-2.3037195205687167e-06,0.013640405237674713,-0.0018325164914131163,0.015277475118637085,11051.0,0.9674341241355161,False
D5,2,all,all,rope-drop worth agreement,snaive7,0.910268756018559,0.9020769253373147,0.9183113589882851,11423.0,False,783,33,snaive7,,,,,,,,
D5,2,all,all,rope-drop worth agreement,wt_med,0.8941465124430424,0.8871389642357826,0.9009764805436135,19971.0,False,847,33,snaive7,0.0009953850330287617,-0.0056351467967033384,0.00813802033662796,-0.005897125601768493,0.006954494118690491,11051.0,0.9674341241355161,False
D5,3,all,all,rope-drop worth agreement,chronos2,0.9055908344065011,0.8981187090277671,0.9127040788531303,22519.0,False,880,33,snaive7,0.004431581803382434,-0.0022899076342582704,0.011513142287731166,-0.00831649899482727,0.016934067010879513,11057.0,0.9897064088793412,False
D5,3,all,all,rope-drop worth agreement,chronos2_grid,0.9129179803721302,0.9056859225034714,0.9196464747190476,22519.0,False,880,33,snaive7,0.012480781405444508,0.006575161218643188,0.018814195692539216,0.004972156882286072,0.02171371430158615,11057.0,0.9897064088793412,True
D5,3,all,all,rope-drop worth agreement,chronos2_nocov,0.9012833607176163,0.8935468643903732,0.9088060691952705,22519.0,False,880,33,snaive7,0.00036176177986790847,-0.007495121657848358,0.008138756453990934,-0.015887963771820068,0.015115141868591303,11057.0,0.9897064088793412,False
D5,3,all,all,rope-drop worth agreement,chronos2_owx,0.9057240552422399,0.8983444318175315,0.9127969413995742,22519.0,False,880,33,snaive7,0.004793343583250453,-0.0020363077521324156,0.01168462038040161,-0.0076648533344268795,0.016941882669925686,11057.0,0.9897064088793412,False
D5,3,all,all,rope-drop worth agreement,chronos2_owx_x_h5,0.9168594366580487,0.9103286907076835,0.9232662916183472,22047.0,False,867,33,snaive7,0.014755137141305386,0.008768297731876373,0.021230110526084898,0.007897303998470306,0.022902165353298184,11047.0,0.9888113139992839,True
D5,3,all,all,rope-drop worth agreement,chronos2_x_h5,0.9164058602077381,0.910004235804081,0.9229472637176513,22047.0,False,867,33,snaive7,0.014574092513804704,0.008650711178779602,0.021147486567497254,0.007507462799549103,0.023004476726055142,11047.0,0.9888113139992839,True
D5,3,all,all,rope-drop worth agreement,clim,0.9161275678129611,0.9098261192440986,0.922853909432888,17622.0,False,805,33,snaive7,0.014668094218415417,0.007698626816272735,0.021246267855167388,0.007824905216693878,0.022170829772949218,9340.0,0.8360186179735052,True
D5,3,all,all,rope-drop worth agreement,h5,0.9139604499274311,0.9075367972254753,0.9201701432466507,22048.0,False,867,33,snaive7,0.012401556983796524,0.006581424176692963,0.018573781847953795,0.00530722439289093,0.02084333449602127,11047.0,0.9888113139992839,True
D5,3,all,all,rope-drop worth agreement,lvlh5_cbd,0.9106652006597031,0.8998163595795632,0.9198425516486168,10914.0,False,428,18,snaive7,0.003711263685284849,-0.004955941438674926,0.012002648413181305,-0.0115221306681633,0.018032768368721006,5389.0,0.48236663086287146,False
D5,3,all,all,rope-drop worth agreement,lvlh5_naive,0.9125650352226161,0.9055064842104912,0.9192931905388833,21719.0,False,859,33,snaive7,0.012161667885881466,0.0062126174569129946,0.018657965958118437,0.004368516802787781,0.021324257552623745,10936.0,0.9788757608306481,True
D5,3,all,all,rope-drop worth agreement,lvlh5_tft,0.9159414137125875,0.9078639015555382,0.9238634899258613,14133.0,False,548,19,snaive7,0.008949191685912239,0.0009924277663230898,0.016770029067993165,0.002500186860561371,0.017043718695640562,6928.0,0.6201217329036878,True
D5,3,all,all,rope-drop worth agreement,prod_ropedrop_hist,0.9153938809925319,0.9093892723321915,0.9216150715947151,20755.0,False,860,33,snaive7,0.011881912073850587,0.005926097929477692,0.018604734539985655,0.004245002567768097,0.020402994751930234,10941.0,0.9793233082706767,True
D5,3,all,all,rope-drop worth agreement,prod_served,0.9092188599577762,0.9008282482624054,0.9174451604485512,14210.0,False,550,19,snaive7,0.0008698173383588914,-0.007807055115699768,0.009150400757789607,-0.015912325680255888,0.014986436069011688,6898.0,0.617436448263516,False
D5,3,all,all,rope-drop worth agreement,prod_served_lin,0.9063552188552189,0.8974739626049996,0.9149327710270881,14256.0,False,550,19,snaive7,-0.0018794274974700542,-0.011193808913230897,0.006589822471141815,-0.020622411370277406,0.014182490110397336,6917.0,0.6191371285356247,False
D5,3,all,all,rope-drop worth agreement,snaive7,0.9193519513068386,0.9113162487745285,0.9270416676998139,11172.0,False,775,33,snaive7,,,,,,,,
D5,3,all,all,rope-drop worth agreement,wt_med,0.9189592869188148,0.9129790365695953,0.924875108897686,20755.0,False,860,33,snaive7,0.015172287725070843,0.009749783575534821,0.020807215571403505,0.00917632132768631,0.022490228712558746,10941.0,0.9793233082706767,True
D5,4,all,all,rope-drop worth agreement,chronos2,0.8990767115214615,0.8906341806054116,0.9066459149122238,20362.0,False,827,33,snaive7,-0.008797350445042484,-0.017497003078460693,0.00020852088928222172,-0.024230378866195678,0.005087220668792724,9662.0,0.9802171045957188,False
D5,4,all,all,rope-drop worth agreement,chronos2_grid,0.9099793733425008,0.9027840584516525,0.9168326005339622,20362.0,False,827,33,snaive7,0.004243427861726379,-0.003207261860370636,0.012052731215953821,-0.0037505567073822022,0.012357375025749205,9662.0,0.9802171045957188,False
D5,4,all,all,rope-drop worth agreement,chronos2_nocov,0.8946076023966212,0.8854883775115013,0.9029480502009392,20362.0,False,827,33,snaive7,-0.013558269509418408,-0.023373907804489134,-0.003831268846988681,-0.03542647361755371,0.004827630519866942,9662.0,0.9802171045957188,False
D5,4,all,all,rope-drop worth agreement,chronos2_owx,0.899715155682153,0.8911899358034134,0.9072984620928765,20362.0,False,827,33,snaive7,-0.007658869799213486,-0.016353097558021546,0.0013098150491714464,-0.022355322539806367,0.005397471785545348,9662.0,0.9802171045957188,False
D5,4,all,all,rope-drop worth agreement,chronos2_owx_x_h5,0.9109955279020028,0.9038953438401223,0.9176058396697044,20572.0,False,824,33,snaive7,0.009769997964583776,0.0030247509479522706,0.017403769493103027,0.0029480889439582824,0.016429141163825985,9826.0,0.9968550268844476,True
D5,4,all,all,rope-drop worth agreement,chronos2_x_h5,0.9108496986194828,0.9036595702171326,0.917657345533371,20572.0,False,824,33,snaive7,0.009871768776714807,0.0030711516737937927,0.017299485206604,0.0034787327051162722,0.016521443426609037,9826.0,0.9968550268844476,True
D5,4,all,all,rope-drop worth agreement,clim,0.9096774193548387,0.9023553609848023,0.9167443543672562,17205.0,False,783,33,snaive7,0.009072699422646324,0.0014830708503723146,0.017272968590259553,0.0015272736549377442,0.017932993173599244,8487.0,0.8610124784417166,True
D5,4,all,all,rope-drop worth agreement,h5,0.908273381294964,0.900886307656765,0.9150441452860832,20572.0,False,824,33,snaive7,0.006208019539995946,-0.0007858678698539733,0.013769944012165069,-0.0009750157594680786,0.01337672472000122,9826.0,0.9968550268844476,False
D5,4,all,all,rope-drop worth agreement,lvlh5_cbd,0.8985380116959064,0.886431235074997,0.9087493419647217,10260.0,False,412,18,snaive7,-0.008983829107606311,-0.01931932121515274,0.0019150748848915094,-0.023406465351581574,0.0034013405442237838,5009.0,0.50816678502587,False
D5,4,all,all,rope-drop worth agreement,lvlh5_naive,0.907563025210084,0.9001731872558594,0.9146610870957375,19992.0,False,807,33,snaive7,0.005262071811803493,-0.0015258193016052246,0.012629081308841704,-0.001107466220855713,0.011934386193752287,9692.0,0.9832606269656082,False
D5,4,all,all,rope-drop worth agreement,lvlh5_tft,0.9110943963896202,0.9022431060671806,0.9193906038999557,13295.0,False,526,19,snaive7,0.004559748427673038,-0.0038009166717529294,0.013380075991153713,-0.002140529453754425,0.011646473407745361,6360.0,0.6452267424165568,False
D5,4,all,all,rope-drop worth agreement,prod_ropedrop_hist,0.9114073314534735,0.9050161764025688,0.9179145157337188,19505.0,False,818,33,snaive7,0.004502199938606344,-0.0029341965913772584,0.012343044579029079,-0.00433463454246521,0.014034944772720331,9773.0,0.9914781373643097,False
D5,4,all,all,rope-drop worth agreement,prod_served,0.9015322217214962,0.8916357010602951,0.9109595626592636,13314.0,False,526,19,snaive7,-0.007407407407407418,-0.017507085204124452,0.0017949968576431272,-0.029243814945220947,0.008266817033290862,6345.0,0.643704981231612,False
D5,4,all,all,rope-drop worth agreement,prod_served_lin,0.8991540016470765,0.8892630323767662,0.9087276339530945,13357.0,False,526,19,snaive7,-0.010556168268473276,-0.02096962034702301,-0.000593519210815432,-0.03308505713939667,0.006115271151065825,6347.0,0.643907882722938,False
D5,4,all,all,rope-drop worth agreement,snaive7,0.9181292482499747,0.909424951672554,0.9267002031207084,9857.0,False,712,33,snaive7,,,,,,,,
D5,4,all,all,rope-drop worth agreement,wt_med,0.9123814406562419,0.90525683760643,0.9190174072980881,19505.0,False,818,33,snaive7,0.008902077151335286,0.002240799367427826,0.015906257927417754,0.0024750828742980957,0.015766027569770812,9773.0,0.9914781373643097,True
D5,5,all,all,rope-drop worth agreement,chronos2,0.9031140104989552,0.8947089955210685,0.9124939799308777,19621.0,False,803,33,snaive7,-0.01509514191559469,-0.024219778180122376,-0.00608882158994675,-0.03659678101539612,0.0029698103666305543,9407.0,0.98265956335527,False
D5,5,all,all,rope-drop worth agreement,chronos2_grid,0.9130013760766525,0.9056342840194702,0.9212258458137512,19621.0,False,803,33,snaive7,-0.0010630381630699626,-0.008068650960922241,0.006128960847854614,-0.011748340725898743,0.008584992587566375,9407.0,0.98265956335527,False
D5,5,all,all,rope-drop worth agreement,chronos2_nocov,0.8992406095509913,0.8903471916913986,0.9091551512479782,19621.0,False,803,33,snaive7,-0.019347294567874984,-0.028798575699329376,-0.00935029685497284,-0.04504006803035736,0.0029498904943466185,9407.0,0.98265956335527,False
D5,5,all,all,rope-drop worth agreement,chronos2_owx,0.9035727027164773,0.8950105905532837,0.9129175990819931,19621.0,False,803,33,snaive7,-0.014563622834059653,-0.023472356796264648,-0.005897292494773867,-0.03553985953330994,0.0032826825976371753,9407.0,0.98265956335527,False
D5,5,all,all,rope-drop worth agreement,chronos2_owx_x_h5,0.9124437932602435,0.9050619810819626,0.9199665322899818,19793.0,False,801,33,snaive7,0.0012560184216034997,-0.005484049022197723,0.008219827711582183,-0.006344731152057648,0.008887676894664763,9554.0,0.9980152512274104,False
D5,5,all,all,rope-drop worth agreement,chronos2_x_h5,0.912090132875259,0.9048120468854904,0.9195350617170334,19793.0,False,801,33,snaive7,0.001465354825204157,-0.005107268691062927,0.008376222848892213,-0.006532061100006104,0.009281620383262633,9554.0,0.9980152512274104,False
D5,5,all,all,rope-drop worth agreement,clim,0.9105266318381072,0.903062815964222,0.9181558310985565,16653.0,False,756,33,snaive7,0.0017715837959134673,-0.005851033329963684,0.009161129593849179,-0.004228459298610687,0.00797828733921051,8467.0,0.8844667293429437,False
D5,5,all,all,rope-drop worth agreement,h5,0.911690411235728,0.9043599307537079,0.9192644789814949,19794.0,False,801,33,snaive7,0.0009420138162026248,-0.005852270126342774,0.008063246309757232,-0.007340934872627258,0.008884137868881224,9554.0,0.9980152512274104,False
D5,5,all,all,rope-drop worth agreement,lvlh5_cbd,0.9002083126673941,0.8892029896378517,0.9116454005241394,10081.0,False,407,18,snaive7,-0.01199747421595454,-0.022980518639087677,-0.001808574795722962,-0.029943832755088808,0.004204609990119928,4751.0,0.49629165360910893,False
D5,5,all,all,rope-drop worth agreement,lvlh5_naive,0.9106407382305406,0.9032546907663346,0.9184485077857971,19181.0,False,783,33,snaive7,0.0009562260943476453,-0.00559581071138382,0.00770210474729538,-0.006875278055667877,0.008143258094787597,9412.0,0.9831818656638462,False
D5,5,all,all,rope-drop worth agreement,lvlh5_tft,0.9140356361362926,0.9049365147948265,0.9228062242269516,12796.0,False,512,19,snaive7,-0.0009915716410511255,-0.0091672345995903,0.0074146509170532225,-0.011086608469486236,0.008245955407619474,6051.0,0.6320902538389219,False
D5,5,all,all,rope-drop worth agreement,prod_ropedrop_hist,0.9142887677674468,0.907918794453144,0.9212030038237572,18714.0,False,796,33,snaive7,-0.004746835443037889,-0.011984361708164215,0.0028540477156639072,-0.013181371986865998,0.0027090996503829957,9480.0,0.9902851770604826,False
D5,5,all,all,rope-drop worth agreement,prod_served,0.9054847038572882,0.8958570405840873,0.9159159421920776,12781.0,False,511,19,snaive7,-0.012589034288553846,-0.02185709625482559,-0.0033810392022132875,-0.032829076051712036,0.004156556725502011,6037.0,0.6306278073749086,False
D5,5,all,all,rope-drop worth agreement,prod_served_lin,0.903471305428283,0.8934724733233452,0.913837119936943,12877.0,False,511,19,snaive7,-0.01519907483892291,-0.024947267770767213,-0.005807381868362428,-0.03640227168798447,0.0028082117438316305,6053.0,0.6322991747623524,False
D5,5,all,all,rope-drop worth agreement,snaive7,0.9279222814164838,0.9196185946464539,0.9358814164996148,9573.0,False,691,33,snaive7,,,,,,,,
D5,5,all,all,rope-drop worth agreement,wt_med,0.9158384097467137,0.908831636607647,0.9231252387166023,18714.0,False,796,33,snaive7,0.0035864978902954148,-0.0029489308595657348,0.010104842483997345,-0.002933688461780548,0.009630027413368224,9480.0,0.9902851770604826,False
D5,6,all,all,rope-drop worth agreement,chronos2,0.9065191267774885,0.898431758582592,0.9139762461185456,19972.0,False,827,33,snaive7,-0.012509928514694124,-0.0199999526143074,-0.0043153703212738094,-0.0328346386551857,0.0046662107110023495,10072.0,0.9776742380120365,False
D5,6,all,all,rope-drop worth agreement,chronos2_grid,0.9159823753254557,0.9086200267076492,0.9228107765316963,19972.0,False,827,33,snaive7,0.00019857029388403724,-0.006313206255435943,0.006601114571094509,-0.011664454638957976,0.011385975778102872,10072.0,0.9776742380120365,False
D5,6,all,all,rope-drop worth agreement,chronos2_nocov,0.9016623272581614,0.8934120967984199,0.9098067551851272,19972.0,False,827,33,snaive7,-0.01797061159650515,-0.026110711693763732,-0.008841571211814881,-0.042170143127441405,0.003138130903244012,10072.0,0.9776742380120365,False
D5,6,all,all,rope-drop worth agreement,chronos2_owx,0.9075705988383738,0.8993455171585083,0.9151901692152024,19972.0,False,827,33,snaive7,-0.010822081016679808,-0.018193735182285307,-0.0028546661138534562,-0.030191923677921294,0.005847109854221343,10072.0,0.9776742380120365,False
D5,6,all,all,rope-drop worth agreement,chronos2_owx_x_h5,0.9149851632047478,0.9081354036927223,0.9214753806591034,20220.0,False,823,33,snaive7,0.0019577133907595634,-0.003760358691215515,0.008115941286087036,-0.0062172263860702515,0.01080774962902069,10216.0,0.9916521063871093,False
D5,6,all,all,rope-drop worth agreement,chronos2_x_h5,0.9147378832838774,0.9079206734895706,0.921278327703476,20220.0,False,823,33,snaive7,0.0013703993735316722,-0.004233506321907043,0.007382208108901975,-0.00749315470457077,0.01053251177072525,10216.0,0.9916521063871093,False
D5,6,all,all,rope-drop worth agreement,clim,0.9146384688090737,0.9076008528470993,0.9216838657855988,16928.0,False,777,33,snaive7,0.0028785261945882823,-0.003969858586788178,0.010073915123939512,-0.005457288026809692,0.01314757615327835,8685.0,0.8430401863715783,False
D5,6,all,all,rope-drop worth agreement,h5,0.9148988775157,0.9082812249660492,0.9216175898909569,20223.0,False,823,33,snaive7,0.0010766369775864204,-0.005134952068328857,0.007497957348823545,-0.00718989074230194,0.010180145502090454,10217.0,0.9917491749174917,False
D5,6,all,all,rope-drop worth agreement,lvlh5_cbd,0.9047524160605759,0.893727220594883,0.9146410837769509,10037.0,False,409,18,snaive7,-0.009535402718604202,-0.01949443370103836,0.0009253367781639092,-0.027533751726150513,0.0070865109562873825,4929.0,0.47845078625509607,False
D5,6,all,all,rope-drop worth agreement,lvlh5_naive,0.9146372464283898,0.9076291516423225,0.9213519796729088,19669.0,False,805,33,snaive7,0.001980001980002033,-0.004140292108058929,0.008534863591194153,-0.0066127866506576535,0.011265227198600767,10101.0,0.9804892253931276,False
D5,6,all,all,rope-drop worth agreement,lvlh5_tft,0.9164468580294802,0.9075387284159661,0.9247672125697136,12890.0,False,520,19,snaive7,0.004104831070413595,-0.0028600499033927915,0.012123781442642211,-0.0019271180033683776,0.011656968295574189,6334.0,0.6148320714424383,False
D5,6,all,all,rope-drop worth agreement,prod_ropedrop_hist,0.9173673829544274,0.9112870186567307,0.9233814001083374,19266.0,False,818,33,snaive7,0.0019716088328075587,-0.004372920095920563,0.008310072124004362,-0.004321666061878204,0.008642922341823577,10144.0,0.9846631721995729,False
D5,6,all,all,rope-drop worth agreement,prod_served,0.9103066635923449,0.9013745456933975,0.9195609331130982,13011.0,False,522,19,snaive7,-0.00710451531417744,-0.016817426681518553,0.0017348304390907275,-0.02511487007141113,0.009258502721786497,6334.0,0.6148320714424383,False
D5,6,all,all,rope-drop worth agreement,prod_served_lin,0.9086103876206527,0.8990373581647872,0.9182630851864815,13054.0,False,522,19,snaive7,-0.009471191791633804,-0.019478513300418852,-0.00030719339847565415,-0.027734263241291045,0.0072703376412391624,6335.0,0.6149291399728208,False
D5,6,all,all,rope-drop worth agreement,snaive7,0.9274898078043099,0.918608908355236,0.9350861370563507,10302.0,False,730,33,snaive7,,,,,,,,
D5,6,all,all,rope-drop worth agreement,wt_med,0.9179902418768816,0.9114540174603463,0.9244510471820832,19266.0,False,818,33,snaive7,0.002563091482649771,-0.003253614902496338,0.009012158215045928,-0.005878570675849915,0.012289816141128536,10144.0,0.9846631721995729,False
D5,7,all,all,rope-drop worth agreement,chronos2,0.9007117804827729,0.8917637184262276,0.9089915230870247,19388.0,False,791,32,wt_med,-0.016081372883282263,-0.020725713670253755,-0.011621856689453125,-0.029304060339927673,-0.004432965815067293,17598.0,0.9554264618057441,False
D5,7,all,all,rope-drop worth agreement,chronos2_grid,0.90813905508562,0.8999514773488044,0.9153728976845741,19388.0,False,791,32,wt_med,-0.008466871235367712,-0.011761251091957092,-0.00509670525789261,-0.017737042903900147,-0.001375241577625275,17598.0,0.9554264618057441,False
D5,7,all,all,rope-drop worth agreement,chronos2_nocov,0.8951929028264907,0.8854905992746354,0.9044838264584542,19388.0,False,791,32,wt_med,-0.02204795999545406,-0.027710592746734618,-0.016539837419986724,-0.04191809296607971,-0.006012667715549473,17598.0,0.9554264618057441,False
D5,7,all,all,rope-drop worth agreement,chronos2_owx,0.9011759851454508,0.89244444668293,0.909321554005146,19388.0,False,791,32,wt_med,-0.015569951130810389,-0.02017458379268646,-0.011312854290008546,-0.02881859689950943,-0.003967072069644929,17598.0,0.9554264618057441,False
D5,7,all,all,rope-drop worth agreement,chronos2_owx_x_h5,0.9090254193681178,0.9015112891793251,0.9158316716551781,19434.0,False,788,32,wt_med,-0.004994842282425749,-0.007476256787776947,-0.0026966005563735965,-0.009100636839866639,-0.0011973246932029736,18419.0,1.0,False
D5,7,all,all,rope-drop worth agreement,chronos2_x_h5,0.9091797880004117,0.9018118783831597,0.9158826157450676,19434.0,False,788,32,wt_med,-0.0047776752266681655,-0.007392525672912598,-0.002396787703037262,-0.00894770324230194,-0.001017732918262482,18419.0,1.0,False
D5,7,all,all,rope-drop worth agreement,clim,0.9116989567809239,0.9038820371031762,0.918777059018612,16104.0,False,742,32,wt_med,0.0015270089711777457,-0.0005208894610404969,0.0038120359182357787,-0.0009110048413276671,0.003737074136734008,15717.0,0.8533036538357132,False
D5,7,all,all,rope-drop worth agreement,h5,0.9104800123475845,0.902875030040741,0.9174680709838867,19437.0,False,788,32,wt_med,-0.0033660893642435408,-0.0052673593163490295,-0.0014870166778564468,-0.007907700538635255,-0.00015221536159515386,18419.0,1.0,False
D5,7,all,all,rope-drop worth agreement,lvlh5_cbd,0.9027665589660743,0.8909208312630653,0.9131217405200005,9904.0,False,400,17,wt_med,-0.014696553182491079,-0.019865816831588744,-0.01015113592147827,-0.027543236315250397,-0.004184815287590029,9458.0,0.5134915033389434,False
D5,7,all,all,rope-drop worth agreement,lvlh5_naive,0.9070672141776529,0.8994283959269523,0.9138440921902656,18508.0,False,760,32,wt_med,-0.005932873771047564,-0.008598661422729493,-0.0033981993794441226,-0.010742715001106263,-0.0018171072006225595,17698.0,0.9608556381996851,False
D5,7,all,all,rope-drop worth agreement,lvlh5_tft,0.9136102339891506,0.9051882132887841,0.9216877475380898,12351.0,False,493,18,wt_med,-0.006375924509053887,-0.009525300562381744,-0.003081689774990082,-0.01038123220205307,-0.002857266366481782,11763.0,0.6386340192192844,False
D5,7,all,all,rope-drop worth agreement,prod_ropedrop_hist,0.9128074271133069,0.9065592408180236,0.9190240487456321,18419.0,False,778,32,wt_med,-0.0007057929312124234,-0.0057937875390052795,0.004207897186279296,-0.007971088588237762,0.005837072432041164,18419.0,1.0,False
D5,7,all,all,rope-drop worth agreement,prod_served,0.9036971262512109,0.893931259214878,0.9135557413101196,12388.0,False,491,18,wt_med,-0.01674290152757396,-0.022458095848560334,-0.011437296867370607,-0.033739706873893736,-0.002986058592796327,11587.0,0.6290786687659482,False
D5,7,all,all,rope-drop worth agreement,prod_served_lin,0.9010060362173038,0.891233329474926,0.911150474846363,12425.0,False,492,18,wt_med,-0.01955042631986903,-0.02582571655511856,-0.01382838785648346,-0.03844815492630005,-0.004671190679073334,11611.0,0.630381671100494,False
D5,7,all,all,rope-drop worth agreement,wt_med,0.9135132200445193,0.9062057808041573,0.9200852751731873,18419.0,False,778,32,wt_med,,,,,,,,
D5,10,all,all,rope-drop worth agreement,chronos2_owx_x_h5,0.9155211912943871,0.9087468177080155,0.9220589339733124,20952.0,False,837,32,wt_med,-0.004856877131342419,-0.008343654870986938,-0.0015358835458755497,-0.012080347537994385,0.0010872930288314815,19354.0,1.0,False
D5,10,all,all,rope-drop worth agreement,chronos2_x_h5,0.9155689194348988,0.9089110553264618,0.9220093369483948,20952.0,False,837,32,wt_med,-0.004753539320037192,-0.008181989192962646,-0.0014598101377487184,-0.011491088569164276,0.0009380444884300225,19354.0,1.0,False
D5,10,all,all,rope-drop worth agreement,clim,0.915449421177041,0.9088953495025635,0.9220904007554054,16499.0,False,768,32,wt_med,-0.0008097165991902688,-0.0033783331513404847,0.0016484230756759644,-0.003908652067184448,0.002157288789749145,16055.0,0.8295442802521442,False
D5,10,all,all,rope-drop worth agreement,h5,0.9154338073876109,0.9090991497039795,0.9216442659497261,20954.0,False,837,32,wt_med,-0.00480520822568975,-0.007736459374427795,-0.002006001770496369,-0.010834088921546936,0.00030586868524551267,19354.0,1.0,False
D5,10,all,all,rope-drop worth agreement,lvlh5_cbd,0.9083048270619536,0.8975572660565376,0.9180421695113182,10524.0,False,422,17,wt_med,-0.012501280868941422,-0.017267097532749177,-0.00810290277004242,-0.024280737340450286,-0.0019342526793479948,9759.0,0.5042368502635114,False
D5,10,all,all,rope-drop worth agreement,lvlh5_naive,0.912630303030303,0.9059622704982757,0.9190315961837768,20625.0,False,828,32,wt_med,-0.007304601899196461,-0.011111465096473695,-0.003964312374591827,-0.015135705471038818,-0.0007542639970779424,19166.0,0.9902862457373153,False
D5,10,all,all,rope-drop worth agreement,lvlh5_tft,0.9152916128051098,0.9068393334746361,0.9233068838715554,13151.0,False,519,18,wt_med,-0.004021007713769897,-0.008049409091472625,0.0,-0.009699346125125885,0.0016150489449501032,12186.0,0.6296372842823189,False
D5,10,all,all,rope-drop worth agreement,prod_ropedrop_hist,0.9134545830319314,0.9071690633893013,0.9199818447232246,19354.0,False,827,32,wt_med,-0.006665288829182603,-0.011128963530063629,-0.00220475047826767,-0.012122417986392974,-0.001715289056301117,19354.0,1.0,False
D5,10,all,all,rope-drop worth agreement,prod_served,0.9072773460848774,0.8984478175640106,0.9158186838030815,13384.0,False,520,18,wt_med,-0.012317935913441547,-0.017190660536289214,-0.00794796794652939,-0.026730746030807495,-0.0011743783950805666,12015.0,0.620801901415728,False
D5,10,all,all,rope-drop worth agreement,prod_served_lin,0.9034344335414808,0.8944148242473602,0.9124532416462898,13452.0,False,521,18,wt_med,-0.01606891410585609,-0.021848881244659425,-0.011386646330356602,-0.03334348499774933,-0.0026236608624458334,12073.0,0.6237986979435776,False
D5,10,all,all,rope-drop worth agreement,wt_med,0.920119871861114,0.9138652145862579,0.9260689407587052,19354.0,False,827,32,wt_med,,,,,,,,
D5,14,all,all,rope-drop worth agreement,chronos2_owx_x_h5,0.9092679759779256,0.901811657845974,0.9161122053861618,18483.0,False,761,31,wt_med,-0.0045251493879445714,-0.007318545877933502,-0.001872766017913819,-0.008479821681976318,-0.0011202335357666016,17237.0,1.0,False
D5,14,all,all,rope-drop worth agreement,chronos2_x_h5,0.9098090136882541,0.9022468596696853,0.916506627202034,18483.0,False,761,31,wt_med,-0.0040030167662585825,-0.006944189965724945,-0.0013532936573028569,-0.008105306327342987,-7.770508527755744e-05,17237.0,1.0,False
D5,14,all,all,rope-drop worth agreement,clim,0.9113316682003418,0.9031733676791192,0.9189213156700134,15214.0,False,715,31,wt_med,0.0006121616106652406,-0.0013829633593559266,0.002808403968811035,-0.0010616108775138855,0.0025375276803970333,14702.0,0.8529326448918025,False
D5,14,all,all,rope-drop worth agreement,h5,0.9107432651736449,0.9026439785957336,0.9178040280938149,18486.0,False,761,31,wt_med,-0.0028427220514010143,-0.005122384428977967,-0.0007776424288749697,-0.008130934834480286,0.001040646433830261,17237.0,1.0,False
D5,14,all,all,rope-drop worth agreement,lvlh5_cbd,0.9046136742634797,0.8932993292808533,0.9154997855424881,8995.0,False,370,16,wt_med,-0.013126491646778038,-0.017951387166976928,-0.008450816571712495,-0.02441374659538269,-0.0035777658224105838,8380.0,0.48616348552532346,False
D5,14,all,all,rope-drop worth agreement,lvlh5_naive,0.9074655851944936,0.8991723090410233,0.9148921340703964,17507.0,False,729,31,wt_med,-0.005582863037805641,-0.008514304459095002,-0.0028436899185180667,-0.010317125916481018,-0.0015491560101509095,16479.0,0.956024830306898,False
D5,14,all,all,rope-drop worth agreement,lvlh5_tft,0.9132765134873913,0.9045872405171395,0.9214025601744652,11381.0,False,463,17,wt_med,-0.005478934441715433,-0.009143917262554169,-0.00217641144990921,-0.011311906576156616,-0.0005155622959136965,10586.0,0.6141439925741138,False
D5,14,all,all,rope-drop worth agreement,prod_ropedrop_hist,0.9097870859198236,0.9032111421227456,0.9162153050303459,17237.0,False,751,31,wt_med,-0.0038289725590300305,-0.009212861955165862,0.0014724880456924436,-0.01139029860496521,0.0031024068593978873,17237.0,1.0,False
D5,14,all,all,rope-drop worth agreement,prod_served,0.9055849908798749,0.8949935451149941,0.91543607711792,11513.0,False,458,17,wt_med,-0.014872042491549942,-0.02135857045650482,-0.009423059225082398,-0.03281587660312653,-0.0005086898803710938,10355.0,0.6007425886175088,False
D5,14,all,all,rope-drop worth agreement,prod_served_lin,0.9033067867036011,0.8926830306649208,0.9133029192686081,11552.0,False,459,17,wt_med,-0.017437379576107914,-0.023940907418727876,-0.011622408032417299,-0.035956254601478575,-0.002790024876594551,10380.0,0.6021929570110808,False
D5,14,all,all,rope-drop worth agreement,wt_med,0.9136160584788536,0.9060331374406815,0.9204908937215805,17237.0,False,751,31,wt_med,,,,,,,,
D5,21,all,all,rope-drop worth agreement,chronos2_owx_x_h5,0.9070935342121783,0.8988499537110328,0.914757239818573,17523.0,False,739,30,wt_med,-0.006136870815769968,-0.009489715099334717,-0.0032488107681274414,-0.011265559494495392,-0.0012571841478347787,16132.0,0.9999380152482489,False
D5,21,all,all,rope-drop worth agreement,chronos2_x_h5,0.9072076699195343,0.8988911733031273,0.9148496881127357,17523.0,False,739,30,wt_med,-0.006136870815769968,-0.009321220219135284,-0.0032314807176589974,-0.011366814374923706,-0.0010679587721824646,16132.0,0.9999380152482489,False
D5,21,all,all,rope-drop worth agreement,clim,0.9118449590708738,0.9033337980508804,0.9194461613893509,14293.0,False,683,30,wt_med,0.0011694196754860053,-0.0013791531324386596,0.0034459441900253295,-0.0013584956526756285,0.003901813924312591,13682.0,0.8480753734581293,False
D5,21,all,all,rope-drop worth agreement,h5,0.9104341377146443,0.9022294685244561,0.9176922544836998,17529.0,False,739,30,wt_med,-0.002789313828798101,-0.0054404973983764645,-0.0005008980631828309,-0.007325652241706848,0.0010624364018440241,16133.0,1.0,False
D5,21,all,all,rope-drop worth agreement,lvlh5_cbd,0.9031707317073171,0.8919167011976242,0.9142300292849541,8200.0,False,343,15,wt_med,-0.013431833445265329,-0.019083572924137114,-0.008681043982505798,-0.025815071165561677,-0.002237024903297426,7445.0,0.46147647678671044,False
D5,21,all,all,rope-drop worth agreement,lvlh5_naive,0.9060593245937293,0.8978060781955719,0.9136490732431412,16553.0,False,702,30,wt_med,-0.00508176428431828,-0.008301429450511932,-0.002365049719810489,-0.009702204167842865,-0.0007994011044502266,15349.0,0.9514039546271618,False
D5,21,all,all,rope-drop worth agreement,lvlh5_tft,0.9109766637856526,0.9017688617110252,0.9197877243161201,10413.0,False,433,16,wt_med,-0.006545608108108114,-0.010500839352607727,-0.0028312355279922485,-0.011749732494354247,-0.0019438922405242921,9472.0,0.5871195685861278,False
D5,21,all,all,rope-drop worth agreement,prod_ropedrop_hist,0.9087584454224261,0.9019728362560272,0.9157872125506401,16133.0,False,718,30,wt_med,-0.004710841133081178,-0.010333630442619323,0.0010381862521171563,-0.012503165006637573,0.0026393085718154903,16133.0,1.0,False
D5,21,all,all,rope-drop worth agreement,prod_served,0.9060150375939849,0.8955902710556984,0.9156785890460014,10640.0,False,427,16,wt_med,-0.013481191563383343,-0.019275912642478944,-0.007776039838790895,-0.029261432588100433,-0.0013964787125587464,9198.0,0.5701357466063348,False
D5,21,all,all,rope-drop worth agreement,prod_served_lin,0.9033888784871746,0.8926499545574188,0.9133544653654099,10682.0,False,429,16,wt_med,-0.016482324875298215,-0.02274206131696701,-0.010818383097648621,-0.033888410031795504,-0.0029260680079460145,9222.0,0.5716233806483605,False
D5,21,all,all,rope-drop worth agreement,wt_med,0.9134692865555073,0.9059562817215919,0.9206861898303031,16133.0,False,718,30,wt_med,,,,,,,,
D5,30,all,all,rope-drop worth agreement,chronos2_owx_x_h5,0.8819521935749104,0.8736567720770836,0.8902946010231971,17027.0,False,727,29,prod_ropedrop_hist,,,,,,,,
D5,30,all,all,rope-drop worth agreement,chronos2_x_h5,0.8814236213073354,0.8731864675879478,0.8897542238235474,17027.0,False,727,29,prod_ropedrop_hist,,,,,,,,
D5,30,all,all,rope-drop worth agreement,clim,0.8904056464748313,0.8821829870343209,0.8988047704100609,12893.0,False,649,29,prod_ropedrop_hist,,,,,,,,
D5,30,all,all,rope-drop worth agreement,h5,0.8799624148461358,0.8714792191982269,0.8881469026207924,17028.0,False,727,29,prod_ropedrop_hist,,,,,,,,
D5,30,all,all,rope-drop worth agreement,lvlh5_cbd,0.8707640767942275,0.8573176547884941,0.8838401079177857,7761.0,False,331,14,prod_ropedrop_hist,,,,,,,,
D5,30,all,all,rope-drop worth agreement,lvlh5_naive,0.884033813549232,0.8757807672023773,0.8922328621149063,16798.0,False,714,29,prod_ropedrop_hist,,,,,,,,
D5,30,all,all,rope-drop worth agreement,lvlh5_tft,0.8811172117450465,0.869720833003521,0.8916534394025802,8378.0,False,352,14,prod_ropedrop_hist,,,,,,,,
D5,30,all,all,rope-drop worth agreement,prod_ropedrop_hist,0.8923097516899806,0.8847034573554993,0.8997342944145202,14941.0,False,698,29,prod_ropedrop_hist,,,,,,,,
D5,30,all,all,rope-drop worth agreement,prod_served,0.8803109360025556,0.8685567542910576,0.8913247734308243,9391.0,False,373,14,prod_ropedrop_hist,,,,,,,,
D5,30,all,all,rope-drop worth agreement,prod_served_lin,0.8755400990620719,0.863057242333889,0.8872025728225708,9489.0,False,375,14,prod_ropedrop_hist,,,,,,,,
D5,30,all,all,rope-drop worth agreement,wt_med,0.8921089619168731,0.8845848709344863,0.900011932849884,14941.0,False,698,29,prod_ropedrop_hist,,,,,,,,
D5,45,all,all,rope-drop worth agreement,chronos2_owx_x_h5,0.9136522014570795,0.9062735319137574,0.9206658989191056,15785.0,False,683,27,clim,-0.0005975755506231195,-0.004790110886096955,0.0037014842033386225,-0.006773027777671813,0.005115480720996856,11714.0,0.9845352160026896,False
D5,45,all,all,rope-drop worth agreement,chronos2_x_h5,0.9132720937598986,0.9059363320469856,0.9206197470426559,15785.0,False,683,27,clim,-0.0013658869728530032,-0.005482208728790283,0.0028172567486762995,-0.00771598219871521,0.004276743531227111,11714.0,0.9845352160026896,False
D5,45,all,all,rope-drop worth agreement,clim,0.9114977307110439,0.9040035605430603,0.9190519243478775,11898.0,False,597,27,clim,,,,,,,,
D5,45,all,all,rope-drop worth agreement,h5,0.9129663647304744,0.9058623492717743,0.9206407889723778,15787.0,False,683,27,clim,-0.0008536793580331548,-0.00502767413854599,0.003558349609375,-0.006055660545825958,0.003867039084434507,11714.0,0.9845352160026896,False
D5,45,all,all,rope-drop worth agreement,lvlh5_cbd,0.8504273504273504,0.8240597113966942,0.8764572456479073,1872.0,False,102,12,clim,-0.017693715680292876,-0.032292595505714415,-0.0041441842913627625,-0.039311131834983824,0.0,1639.0,0.13775424441082534,False
D5,45,all,all,rope-drop worth agreement,lvlh5_naive,0.9099690880989181,0.9023379668593406,0.9177928969264031,15528.0,False,671,27,clim,-0.004199880003428524,-0.008930426836013795,0.0005129590630531305,-0.012458831071853638,0.003284953534603119,11667.0,0.9805849722642461,False
D5,45,all,all,rope-drop worth agreement,lvlh5_tft,0.909426098108368,0.8971553102135659,0.9222681909799576,6238.0,False,264,11,clim,-0.0007739938080495445,-0.007000991702079773,0.005721154808998107,-0.007786840200424194,0.005309453606605528,5168.0,0.4343587157505463,False
D5,45,all,all,rope-drop worth agreement,prod_ropedrop_hist,0.898360182041465,0.8906305104494094,0.906244033575058,13843.0,False,652,27,clim,-0.014598540145985384,-0.020960231125354768,-0.00795406997203827,-0.023646537959575654,-0.004416134953498841,11371.0,0.9557068414859641,False
D5,45,all,all,rope-drop worth agreement,prod_served,0.9001156403584851,0.8868275210261345,0.9125056996941566,6918.0,False,281,12,clim,-0.009733700642791554,-0.016858780384063722,-0.0028129205107688907,-0.021692414581775666,-0.0005937561392784131,5445.0,0.4576399394856278,False
D5,45,all,all,rope-drop worth agreement,prod_served_lin,0.8971559896581442,0.8836656779050827,0.9097034588456154,6962.0,False,284,12,clim,-0.012438265959392791,-0.020029540359973907,-0.005200892686843874,-0.025651679933071138,-0.001425386965274812,5467.0,0.4594889897461758,False
D5,45,all,all,rope-drop worth agreement,wt_med,0.9098461316188687,0.9026432007551193,0.917063444852829,13843.0,False,652,27,clim,0.001055316155131436,-0.00213448703289032,0.0041921108961105345,-0.0013190865516662597,0.0037256285548210133,11371.0,0.9557068414859641,False
D5,60,all,all,rope-drop worth agreement,chronos2_owx_x_h5,0.9064508978053647,0.8973734244704247,0.9146569460630417,13533.0,False,599,25,wt_med,-0.005551412710249393,-0.009752826392650604,-0.001463384926319123,-0.011002615094184875,-0.0012577489018440256,12069.0,0.999917149958575,False
D5,60,all,all,rope-drop worth agreement,chronos2_x_h5,0.9068203650336215,0.897966568171978,0.9148119077086448,13533.0,False,599,25,wt_med,-0.005137128179633743,-0.009319405257701873,-0.0009349092841148381,-0.01030188649892807,-0.0004888445138931277,12069.0,0.999917149958575,False
D5,60,all,all,rope-drop worth agreement,clim,0.903146555797033,0.8927738815546036,0.9120559185743332,10583.0,False,543,25,wt_med,-0.0034756703078451245,-0.006586351990699768,-0.0006950259208679199,-0.00794745832681656,0.0021506711840629574,10070.0,0.8342999171499585,False
D5,60,all,all,rope-drop worth agreement,h5,0.9096550195759769,0.9010185942053794,0.9174278929829598,13537.0,False,601,25,wt_med,-0.0014913007456504035,-0.00446062684059143,0.001488849520683288,-0.006660257279872894,0.003268037736415863,12070.0,1.0,False
D5,60,all,all,rope-drop worth agreement,lvlh5_naive,0.9057118366710823,0.8968712881207466,0.9141169756650924,12833.0,False,563,25,wt_med,-0.004646760175544329,-0.008304277062416076,-0.001080828905105591,-0.009961639344692231,-0.00012685358524322515,11621.0,0.9628003314001657,False
D5,60,all,all,rope-drop worth agreement,lvlh5_tft,1.0,1.0,1.0,107.0,False,16,7,wt_med,0.0,0.0,0.0,0.0,0.0,107.0,0.008864954432477217,False
D5,60,all,all,rope-drop worth agreement,prod_ropedrop_hist,0.896263153533847,0.8863257735967636,0.9049879521131515,12069.0,False,574,25,wt_med,-0.011931394481730084,-0.01824387162923813,-0.005532853305339816,-0.020566141605377196,-0.0024629667401313803,12069.0,0.999917149958575,False
D5,60,all,all,rope-drop worth agreement,prod_served,1.0,1.0,1.0,100.0,False,15,7,wt_med,0.0,0.0,0.0,0.0,0.0,100.0,0.008285004142502071,False
D5,60,all,all,rope-drop worth agreement,prod_served_lin,1.0,1.0,1.0,100.0,False,15,7,wt_med,0.0,0.0,0.0,0.0,0.0,100.0,0.008285004142502071,False
D5,60,all,all,rope-drop worth agreement,wt_med,0.9082021541010771,0.8988905265927315,0.9165781974792481,12070.0,False,574,25,wt_med,,,,,,,,
D5,90,all,all,rope-drop worth agreement,chronos2_owx_x_h5,0.9131099113782215,0.9033422023057938,0.9223646700382233,9817.0,False,478,21,wt_med,-0.0031481897908702816,-0.007142272591590881,0.0009617120027542097,-0.008882905542850494,0.0027039453387260434,8894.0,0.9998875772906127,False
D5,90,all,all,rope-drop worth agreement,chronos2_x_h5,0.9128043190384028,0.9032495081424713,0.9220481112599372,9817.0,False,478,21,wt_med,-0.0034854958398921054,-0.007290267944335937,0.0006112247705459587,-0.00937081128358841,0.002442668378353118,8894.0,0.9998875772906127,False
D5,90,all,all,rope-drop worth agreement,clim,0.9113761703219186,0.900970159471035,0.9217095315456391,7797.0,False,433,21,wt_med,-0.0033688182185689364,-0.006851835548877716,0.0002887070178985595,-0.008328963816165925,0.0021557494997978197,7421.0,0.8342889263631253,False
D5,90,all,all,rope-drop worth agreement,h5,0.9152576899572215,0.9055745884776115,0.9242789909243584,9818.0,False,478,21,wt_med,-0.0008993816750982875,-0.004426027834415436,0.002807997167110442,-0.007036477327346802,0.0046379297971725466,8895.0,1.0,False
D5,90,all,all,rope-drop worth agreement,lvlh5_naive,0.9130388046866602,0.902430246770382,0.9225505083799362,9303.0,False,446,21,wt_med,-0.0019953051643192277,-0.006244105100631714,0.002339883148670196,-0.008692707121372222,0.004331570863723755,8520.0,0.9578414839797639,False
D5,90,all,all,rope-drop worth agreement,prod_ropedrop_hist,0.8933108487914558,0.8833271488547325,0.9038869217038155,8895.0,False,463,21,wt_med,-0.020123664980326028,-0.028451500833034514,-0.01207539588212967,-0.03337937891483307,-0.007704670727252963,8895.0,1.0,False
D5,90,all,all,rope-drop worth agreement,wt_med,0.9134345137717819,0.9033310174942016,0.9226179793477058,8895.0,False,463,21,wt_med,,,,,,,,
D4,0,all,all,dayPeak pairwise ordering (headliners),chronos2,0.8399595959595959,0.8314537048339844,0.8477591663599015,24750.0,False,773,33,wt_med,0.07314642284525719,0.06446189284324647,0.08204234838485717,0.053451327979564665,0.09785426259040832,23077.0,0.952335754374381,True
D4,0,all,all,dayPeak pairwise ordering (headliners),chronos2_grid,0.8390707070707071,0.830155822634697,0.8467810213565826,24750.0,False,773,33,wt_med,0.07297309008969965,0.0639105424284935,0.08218001276254654,0.05465150475502014,0.09619484096765518,23077.0,0.952335754374381,True
D4,0,all,all,dayPeak pairwise ordering (headliners),chronos2_nocov,0.836040404040404,0.8271763458847999,0.8438750565052032,24750.0,False,773,33,wt_med,0.06820643931186898,0.059134398400783536,0.0772815003991127,0.04878592491149902,0.09260658025741576,23077.0,0.952335754374381,True
D4,0,all,all,dayPeak pairwise ordering (headliners),chronos2_owx,0.8414141414141414,0.8331185489892959,0.8489002466201783,24750.0,False,773,33,wt_med,0.07444641851193834,0.06555747091770173,0.08312963396310806,0.0553162008523941,0.09919369667768478,23077.0,0.952335754374381,True
D4,0,all,all,dayPeak pairwise ordering (headliners),clim,0.7618555732932669,0.750403393805027,0.7732141524553299,21298.0,False,706,33,wt_med,-0.01837095004055933,-0.024946703016757964,-0.012568634748458863,-0.0250122532248497,-0.011941261589527132,20957.0,0.8648481346979201,False
D4,0,all,all,dayPeak pairwise ordering (headliners),h5,0.7968645105240295,0.7879979774355889,0.8062781244516373,25323.0,False,796,33,wt_med,0.02562726972598217,0.021809783577919007,0.029385900497436522,0.019946733117103578,0.03255671411752701,24232.0,1.0,True
D4,0,all,all,dayPeak pairwise ordering (headliners),lvlh5_cbd,0.7367809862971278,0.7212268590927124,0.7521414563059807,12917.0,False,400,18,wt_med,-0.03493658770040675,-0.05167320221662521,-0.019590395689010633,-0.06892607063055038,-0.005735111236572273,12537.0,0.517373720699901,False
D4,0,all,all,dayPeak pairwise ordering (headliners),lvlh5_naive,0.7954249959369414,0.7859498560428619,0.8055037736892701,24612.0,False,771,33,wt_med,0.023527926259522713,0.017358317971229553,0.029703715443611146,0.013983556628227234,0.03567751049995422,23759.0,0.9804803565533179,True
D4,0,all,all,dayPeak pairwise ordering (headliners),lvlh5_tft,0.8058653194504344,0.795114952325821,0.8170219019055367,16231.0,False,510,19,wt_med,0.04365028717294195,0.03552338778972626,0.05177650451660156,0.03188049495220184,0.057582433521747585,15670.0,0.6466655661934632,True
D4,0,all,all,dayPeak pairwise ordering (headliners),snaive7,0.7665040650406504,0.7467205002903938,0.784207458794117,6150.0,False,547,33,wt_med,-0.017621145374449254,-0.0345110759139061,-0.0014461234211921696,-0.04460565596818924,0.010003870725631704,6129.0,0.25293000990425885,False
D4,0,all,all,dayPeak pairwise ordering (headliners),wt_med,0.772160779135028,0.7621170088648797,0.7825671747326851,24232.0,False,781,33,wt_med,,,,,,,,
D4,1,all,all,dayPeak pairwise ordering (headliners),chronos2,0.8251804330392943,0.8162860810756684,0.8336554661393165,24940.0,False,790,33,wt_med,0.06473386183465457,0.05603495538234711,0.0743569016456604,0.04894886165857315,0.08415249586105347,22075.0,0.9219813724261788,True
D4,1,all,all,dayPeak pairwise ordering (headliners),chronos2_grid,0.8217722534081796,0.8122624963521957,0.8311060115694999,24940.0,False,790,33,wt_med,0.06292185730464317,0.05411393195390701,0.07284121960401535,0.047310958802700046,0.08236266523599625,22075.0,0.9219813724261788,True
D4,1,all,all,dayPeak pairwise ordering (headliners),chronos2_nocov,0.8219727345629511,0.8127677083015442,0.8306765645742417,24940.0,False,790,33,wt_med,0.06192525481313693,0.0531455010175705,0.07166013568639755,0.04522280097007751,0.08076137155294418,22075.0,0.9219813724261788,True
D4,1,all,all,dayPeak pairwise ordering (headliners),chronos2_owx,0.8266639935846031,0.8177511423826218,0.8353329882025718,24940.0,False,790,33,wt_med,0.06609286523216307,0.05735304057598114,0.07574494928121567,0.04961016178131104,0.08616821467876434,22075.0,0.9219813724261788,True
D4,1,all,all,dayPeak pairwise ordering (headliners),chronos2_owx_x_h5,0.8229049630002712,0.8141603752970695,0.8322526961565018,25811.0,False,825,33,wt_med,0.05663450695401584,0.04949198216199875,0.06409286558628081,0.043700942397117616,0.07134229540824889,23943.0,1.0,True
D4,1,all,all,dayPeak pairwise ordering (headliners),chronos2_x_h5,0.8228274766572392,0.8140907034277916,0.8317116871476173,25811.0,False,825,33,wt_med,0.05696863383870032,0.04980060756206513,0.06467169672250747,0.04386641383171082,0.0715134173631668,23943.0,1.0,True
D4,1,all,all,dayPeak pairwise ordering (headliners),clim,0.7565892950764977,0.7451115354895592,0.7678025633096695,20981.0,False,708,33,wt_med,-0.016189536031589347,-0.023539817333221434,-0.009654052555561066,-0.024617771804332732,-0.008505831658840182,20260.0,0.8461763354633922,False
D4,1,all,all,dayPeak pairwise ordering (headliners),h5,0.7942350160784162,0.7847666800022125,0.8043266892433166,25811.0,False,825,33,wt_med,0.02773253142881016,0.024101033806800842,0.03148592859506607,0.022650542855262756,0.03340523689985275,23943.0,1.0,True
D4,1,all,all,dayPeak pairwise ordering (headliners),lvlh5_cbd,0.7469343122705616,0.732249516248703,0.761472424864769,12803.0,False,403,18,wt_med,-0.02029950083194676,-0.03507927060127258,-0.0044121742248535165,-0.05034406930208206,0.007434929907321926,12020.0,0.5020256442383996,False
D4,1,all,all,dayPeak pairwise ordering (headliners),lvlh5_naive,0.7999682741116751,0.7899683132767678,0.8104104667901992,25216.0,False,806,33,wt_med,0.033691178342597716,0.026640842854976653,0.0409026488661766,0.02098716050386429,0.04595410227775573,23567.0,0.9842960364198304,True
D4,1,all,all,dayPeak pairwise ordering (headliners),lvlh5_tft,0.8036549086272843,0.7928802907466889,0.8158317118883133,16471.0,False,530,19,wt_med,0.046458886801010846,0.037498456239700315,0.056331181526184076,0.034088827669620514,0.06065553575754165,15433.0,0.6445725264169068,True
D4,1,all,all,dayPeak pairwise ordering (headliners),snaive7,0.762171975573527,0.744138988852501,0.7816652655601501,6059.0,False,564,33,wt_med,-0.015590947191953086,-0.03180145472288132,0.001945488154888152,-0.03612943440675735,0.003930191695690154,5965.0,0.2491333583928497,False
D4,1,all,all,dayPeak pairwise ordering (headliners),wt_med,0.7681159420289855,0.7583156436681747,0.778496553003788,23943.0,False,797,33,wt_med,,,,,,,,
D4,2,all,all,dayPeak pairwise ordering (headliners),chronos2,0.8029878986164216,0.7933037921786308,0.8115670561790467,25369.0,False,799,33,wt_med,0.0293218454697054,0.02112550288438797,0.0369647279381752,0.013774366676807403,0.046068647503852846,21588.0,0.9143583227445997,True
D4,2,all,all,dayPeak pairwise ordering (headliners),chronos2_grid,0.8020024439276282,0.7923551499843597,0.811240841448307,25369.0,False,799,33,wt_med,0.02663516768575136,0.018490569293498994,0.03506264239549637,0.013346455991268158,0.03974991887807846,21588.0,0.9143583227445997,True
D4,2,all,all,dayPeak pairwise ordering (headliners),chronos2_nocov,0.7973905159840751,0.7877052158117295,0.806486064195633,25369.0,False,799,33,wt_med,0.024319066147859947,0.015963302552700044,0.032419916987419126,0.009049549698829651,0.04122369885444641,21588.0,0.9143583227445997,True
D4,2,all,all,dayPeak pairwise ordering (headliners),chronos2_owx,0.8073633174346644,0.7981870606541633,0.8161919593811036,25369.0,False,799,33,wt_med,0.033444506207152114,0.025408220291137696,0.04115517288446426,0.01755882501602173,0.049894405901432036,21588.0,0.9143583227445997,True
D4,2,all,all,dayPeak pairwise ordering (headliners),chronos2_owx_x_h5,0.8157864589300035,0.8060906887054443,0.8240633547306061,26187.0,False,828,33,wt_med,0.033756882676831856,0.026524157822132112,0.04085438400506973,0.023597267270088196,0.045087528228759756,23610.0,1.0,True
D4,2,all,all,dayPeak pairwise ordering (headliners),chronos2_x_h5,0.8136861801657311,0.8041160821914672,0.8219114929437638,26187.0,False,828,33,wt_med,0.031512071156289734,0.024556940793991087,0.03859000355005264,0.02176573872566223,0.04266089349985122,23610.0,1.0,True
D4,2,all,all,dayPeak pairwise ordering (headliners),clim,0.7813064807642655,0.770361664891243,0.7922371581196785,19365.0,False,686,33,wt_med,-0.013815261044176741,-0.020804177224636077,-0.007327798008918763,-0.023722000420093536,-0.0038450211286544817,18675.0,0.7909783989834815,False
D4,2,all,all,dayPeak pairwise ordering (headliners),h5,0.8096001832970557,0.8006058037281036,0.8181579560041428,26187.0,False,828,33,wt_med,0.025540025412960632,0.021929478645324706,0.029287251830101012,0.019249948859214782,0.03298691809177399,23610.0,1.0,True
D4,2,all,all,dayPeak pairwise ordering (headliners),lvlh5_cbd,0.7381321520856404,0.7233445897698403,0.7546888589859009,13545.0,False,415,18,wt_med,-0.048879837067209775,-0.06244103163480759,-0.034312148392200474,-0.0845731645822525,-0.01244499683380127,12275.0,0.5199068191444304,False
D4,2,all,all,dayPeak pairwise ordering (headliners),lvlh5_naive,0.812132466728567,0.8027513742446899,0.8202090442180634,25848.0,False,818,33,wt_med,0.02998424123684995,0.024025827646255493,0.03641492873430252,0.02088320255279541,0.04098922163248062,23479.0,0.9944515036001694,True
D4,2,all,all,dayPeak pairwise ordering (headliners),lvlh5_tft,0.8027307806470763,0.7913870275020599,0.8134822711348534,16845.0,False,528,19,wt_med,0.023472331497508492,0.014519867300987244,0.033019389212131496,0.010305455327033997,0.04106634855270386,15252.0,0.645997458703939,True
D4,2,all,all,dayPeak pairwise ordering (headliners),snaive7,0.7737496300680675,0.7564986348152161,0.790081262588501,6758.0,False,619,33,wt_med,-0.013534063260340568,-0.028339120745658874,0.0016928598284721367,-0.024906125664710996,-0.0007420778274536189,6576.0,0.2785260482846252,False
D4,2,all,all,dayPeak pairwise ordering (headliners),wt_med,0.7869123252858958,0.7765429154038429,0.7974463745951652,23610.0,False,787,33,wt_med,,,,,,,,
D4,3,all,all,dayPeak pairwise ordering (headliners),chronos2,0.8022328548644339,0.7930209338665009,0.812177774310112,26961.0,False,838,33,wt_med,0.031509401998983555,0.023912397027015687,0.039055930078029634,0.01978592127561569,0.044679856300354,23612.0,0.9667144319344934,True
D4,3,all,all,dayPeak pairwise ordering (headliners),chronos2_grid,0.802752123437558,0.7934225842356681,0.8126111596822738,26961.0,False,838,33,wt_med,0.031848212773166185,0.023899132013320924,0.0397257074713707,0.018159312009811402,0.04599117338657379,23612.0,0.9667144319344934,True
D4,3,all,all,dayPeak pairwise ordering (headliners),chronos2_nocov,0.7994139683246171,0.7899255231022835,0.8095210567116737,26961.0,False,838,33,wt_med,0.029349483313569347,0.02133808583021164,0.03732930421829224,0.017922724783420562,0.042203222215175626,23612.0,0.9667144319344934,True
D4,3,all,all,dayPeak pairwise ordering (headliners),chronos2_owx,0.8054968287526427,0.795991738140583,0.8154205366969108,26961.0,False,838,33,wt_med,0.03409283415212605,0.02639734297990799,0.041712014377117156,0.022214029729366303,0.04803602546453476,23612.0,0.9667144319344934,True
D4,3,all,all,dayPeak pairwise ordering (headliners),chronos2_owx_x_h5,0.8143018867924529,0.8053328812122345,0.8236960574984551,26500.0,False,845,33,wt_med,0.03901740020470823,0.03192041963338852,0.045546092092990875,0.02694570869207382,0.052846901118755334,24425.0,1.0,True
D4,3,all,all,dayPeak pairwise ordering (headliners),chronos2_x_h5,0.8139245283018868,0.8051738351583481,0.8235389083623886,26500.0,False,845,33,wt_med,0.038567041965199556,0.031693361699581146,0.045105841755867,0.02647487223148346,0.052298791706562035,24425.0,1.0,True
D4,3,all,all,dayPeak pairwise ordering (headliners),clim,0.7741070993519465,0.763228839635849,0.7847561255097389,20523.0,False,728,33,wt_med,-0.010369410239792654,-0.016939002275466918,-0.004767756164073945,-0.020964691042900087,8.432716131210257e-05,20059.0,0.8212487205731832,False
D4,3,all,all,dayPeak pairwise ordering (headliners),h5,0.7990188679245283,0.7898874789476394,0.8091227278113365,26500.0,False,845,33,wt_med,0.0232958034800409,0.019569990038871766,0.02715342938899994,0.015724867582321167,0.03203449994325638,24425.0,1.0,True
D4,3,all,all,dayPeak pairwise ordering (headliners),lvlh5_cbd,0.7354951286898357,0.7203336805105209,0.7505705922842025,13754.0,False,424,18,wt_med,-0.04084507042253527,-0.05771161168813706,-0.024502249062061315,-0.07428905367851257,-0.007779544591903687,12780.0,0.5232343909928352,False
D4,3,all,all,dayPeak pairwise ordering (headliners),lvlh5_naive,0.8024158097932036,0.7932504251599312,0.8122465059161186,26161.0,False,836,33,wt_med,0.02639066430250303,0.019516536593437196,0.03299128413200378,0.015703043341636656,0.038534215092658995,24251.0,0.9928761514841351,True
D4,3,all,all,dayPeak pairwise ordering (headliners),lvlh5_tft,0.8024626517273576,0.7915820688009262,0.8137836754322052,17136.0,False,540,19,wt_med,0.0364875954800834,0.02774214744567871,0.045088866353034975,0.021732629835605623,0.05553713589906692,15841.0,0.6485568065506653,True
D4,3,all,all,dayPeak pairwise ordering (headliners),prod_served,0.7600972109709524,0.7484447106719017,0.7724708616733551,17282.0,False,537,19,wt_med,-0.007410719989778269,-0.01655823439359665,0.001664096117019649,-0.023452845215797425,0.009701596200466152,15653.0,0.6408597748208802,False
D4,3,all,all,dayPeak pairwise ordering (headliners),prod_served_lin,0.793841726618705,0.7829950973391533,0.8050795823335648,17375.0,False,540,19,wt_med,0.02560843871131724,0.016791631281375886,0.03475767821073532,0.010012677311897278,0.04467007070779799,15737.0,0.6442988741044012,True
D4,3,all,all,dayPeak pairwise ordering (headliners),snaive7,0.7562952243125904,0.7390530720353127,0.7740449488162995,6910.0,False,603,33,wt_med,-0.024671295612350375,-0.03821963518857956,-0.010429079830646514,-0.04327773302793503,-0.007118350267410287,6769.0,0.2771340839303992,False
D4,3,all,all,dayPeak pairwise ordering (headliners),wt_med,0.7798976458546572,0.7704757720232009,0.7904716163873673,24425.0,False,817,33,wt_med,,,,,,,,
D4,4,all,all,dayPeak pairwise ordering (headliners),chronos2,0.8116932422171602,0.8025976493954659,0.8213018164038658,25023.0,False,776,33,wt_med,0.052944330265391804,0.04514956027269364,0.061119063198566435,0.039107172191143035,0.07057259678840637,22382.0,0.9420430152784208,True
D4,4,all,all,dayPeak pairwise ordering (headliners),chronos2_grid,0.8096151540582663,0.7996423035860062,0.8197951778769493,25023.0,False,776,33,wt_med,0.052408185148780206,0.044074101746082305,0.06113077402114868,0.03877109885215759,0.07011477053165435,22382.0,0.9420430152784208,True
D4,4,all,all,dayPeak pairwise ordering (headliners),chronos2_nocov,0.8131718818686808,0.8035251185297966,0.8225658714771271,25023.0,False,776,33,wt_med,0.053703869180591446,0.045942796766757964,0.06181038022041321,0.03952084183692932,0.07196942865848541,22382.0,0.9420430152784208,True
D4,4,all,all,dayPeak pairwise ordering (headliners),chronos2_owx,0.8143707788834272,0.8057187318801879,0.8234692201018333,25023.0,False,776,33,wt_med,0.05638459476364932,0.04836522042751312,0.06455099284648895,0.041830599308013916,0.07479568123817443,22382.0,0.9420430152784208,True
D4,4,all,all,dayPeak pairwise ordering (headliners),chronos2_owx_x_h5,0.8154897494305239,0.8068439692258835,0.8247970297932625,25462.0,False,808,33,wt_med,0.05362178542867968,0.04632470607757568,0.060560160875320436,0.040785597264766695,0.06878104954957961,23759.0,1.0,True
D4,4,all,all,dayPeak pairwise ordering (headliners),chronos2_x_h5,0.8146649909669311,0.8060513600707054,0.8238940179347992,25462.0,False,808,33,wt_med,0.052906267098783655,0.04546302407979965,0.05977538526058197,0.04002702385187149,0.06764929890632629,23759.0,1.0,True
D4,4,all,all,dayPeak pairwise ordering (headliners),clim,0.7542819186791289,0.7416907027363777,0.7658811703324317,21077.0,False,706,33,wt_med,-0.017751767861497236,-0.024994996190071107,-0.010382905602455141,-0.027352182567119597,-0.009142550826072694,20505.0,0.8630413737951934,False
D4,4,all,all,dayPeak pairwise ordering (headliners),h5,0.7883905427696175,0.77749352902174,0.7987795516848564,25462.0,False,808,33,wt_med,0.026179553011490442,0.022275927662849426,0.030039529502391814,0.02054363191127777,0.03218571394681931,23759.0,1.0,True
D4,4,all,all,dayPeak pairwise ordering (headliners),lvlh5_cbd,0.7291682578477049,0.7137692794203758,0.7450853869318962,13093.0,False,406,18,wt_med,-0.03155320016306562,-0.046371926367282865,-0.015863735973834992,-0.06288884580135345,-0.0012856960296631003,12265.0,0.5162254303632308,False
D4,4,all,all,dayPeak pairwise ordering (headliners),lvlh5_naive,0.7893138312752268,0.7791979879140853,0.7995686814188957,25023.0,False,790,33,wt_med,0.024101999322263645,0.016680227220058443,0.031047086417675018,0.012638165056705475,0.036903481185436245,23608.0,0.9936445136579822,True
D4,4,all,all,dayPeak pairwise ordering (headliners),lvlh5_tft,0.7896545376449653,0.778287923336029,0.8022376865148544,16297.0,False,516,19,wt_med,0.034024733363868354,0.02501082271337509,0.04311863332986832,0.02417205274105072,0.046439094841480254,15283.0,0.6432509785765395,True
D4,4,all,all,dayPeak pairwise ordering (headliners),prod_served,0.7543163931425783,0.7410927221179009,0.7678586781024933,16391.0,False,507,19,wt_med,-0.0013285505513485063,-0.01187821924686432,0.008269281685352325,-0.01325169950723648,0.011505456268787384,15054.0,0.6336125257797045,False
D4,4,all,all,dayPeak pairwise ordering (headliners),prod_served_lin,0.786466898105853,0.7743375629186631,0.7985865920782089,16419.0,False,510,19,wt_med,0.02985668789808915,0.019430001080036164,0.03936130553483963,0.019454242289066316,0.04174277186393737,15072.0,0.6343701334231239,True
D4,4,all,all,dayPeak pairwise ordering (headliners),snaive7,0.7536365028326443,0.7325465321540833,0.7742443472146988,6531.0,False,560,33,wt_med,-0.0077603600807077955,-0.026683372259140015,0.010536719858646392,-0.030873613059520723,0.013641832768917082,6443.0,0.27118144703059893,False
D4,4,all,all,dayPeak pairwise ordering (headliners),wt_med,0.7665305778862747,0.7556928440928459,0.7775423914194107,23759.0,False,783,33,wt_med,,,,,,,,
D4,5,all,all,dayPeak pairwise ordering (headliners),chronos2,0.8157795867251095,0.8068018808960915,0.8250538080930709,23955.0,False,754,33,wt_med,0.05524244259164379,0.047318974137306215,0.06368820965290069,0.04250875860452652,0.07029059529304504,21469.0,0.9434849483629971,True
D4,5,all,all,dayPeak pairwise ordering (headliners),chronos2_grid,0.8171154247547485,0.8081937104463577,0.8271011069417,23955.0,False,754,33,wt_med,0.05752480320462061,0.0491837352514267,0.0663074180483818,0.04524285942316055,0.07166492789983749,21469.0,0.9434849483629971,True
D4,5,all,all,dayPeak pairwise ordering (headliners),chronos2_nocov,0.817407639323732,0.8083423152565956,0.8268012046813965,23955.0,False,754,33,wt_med,0.05794401229680002,0.050383472442626955,0.06629239320755005,0.045530283451080324,0.07305473685264587,21469.0,0.9434849483629971,True
D4,5,all,all,dayPeak pairwise ordering (headliners),chronos2_owx,0.8191191817992068,0.8104195863008499,0.8279143452644349,23955.0,False,754,33,wt_med,0.05868927290511905,0.050926537811756135,0.06708442717790604,0.04533116072416306,0.07484130561351776,21469.0,0.9434849483629971,True
D4,5,all,all,dayPeak pairwise ordering (headliners),chronos2_owx_x_h5,0.8147617488128377,0.8049482837319374,0.824071079492569,24428.0,False,781,33,wt_med,0.05466930344979126,0.04758084118366242,0.06141266375780106,0.042578257620334625,0.06898908913135529,22755.0,1.0,True
D4,5,all,all,dayPeak pairwise ordering (headliners),chronos2_x_h5,0.8135336499099394,0.8037057101726532,0.8229396492242813,24428.0,False,781,33,wt_med,0.053043287189628696,0.045704853534698484,0.060037733614444734,0.040714886784553525,0.06717754453420638,22755.0,1.0,True
D4,5,all,all,dayPeak pairwise ordering (headliners),clim,0.7597421623205391,0.7488780230283737,0.7707997128367424,20478.0,False,687,33,wt_med,-0.009639162250820066,-0.01662423312664032,-0.002471259236335755,-0.017373502254486084,-0.002532772719860078,19815.0,0.8707976268951879,False
D4,5,all,all,dayPeak pairwise ordering (headliners),h5,0.7893810381529393,0.7800200939178467,0.7991575047373771,24428.0,False,781,33,wt_med,0.029312239068336687,0.025639770925045012,0.03346633315086365,0.024078528583049773,0.0351071834564209,22755.0,1.0,True
D4,5,all,all,dayPeak pairwise ordering (headliners),lvlh5_cbd,0.7340484265320609,0.7194175615906715,0.751048669219017,12679.0,False,396,18,wt_med,-0.02809804423947393,-0.04168955087661743,-0.012938623130321505,-0.0566411554813385,-0.0004595428705215472,11709.0,0.5145682267633487,False
D4,5,all,all,dayPeak pairwise ordering (headliners),lvlh5_naive,0.79973225118186,0.7907029375433922,0.808815386891365,23903.0,False,765,33,wt_med,0.03750834260289204,0.030898803472518922,0.04378425180912018,0.0279247984290123,0.04836266934871673,22475.0,0.987695012085256,True
D4,5,all,all,dayPeak pairwise ordering (headliners),lvlh5_tft,0.7961951282216081,0.7839531198143959,0.8074864998459816,15559.0,False,498,19,wt_med,0.03868204738550807,0.031027159094810484,0.04734438508749008,0.030102053284645082,0.049281869828701017,14477.0,0.6362118215776752,True
D4,5,all,all,dayPeak pairwise ordering (headliners),prod_served,0.7586935638808837,0.7463485136628151,0.7707748383283615,15615.0,False,490,19,wt_med,0.0002803279837410022,-0.00892373025417328,0.009485059976577758,-0.012705804407596588,0.013702431321144104,14269.0,0.6270709734124368,False
D4,5,all,all,dayPeak pairwise ordering (headliners),prod_served_lin,0.790793913541733,0.7787557914853096,0.8022547498345375,15707.0,False,494,19,wt_med,0.03361696191937502,0.024802529811859132,0.0428542673587799,0.02121722847223282,0.04714543968439102,14338.0,0.630103274005713,True
D4,5,all,all,dayPeak pairwise ordering (headliners),snaive7,0.7665455694203127,0.7483615189790725,0.7844940677285195,6331.0,False,545,33,wt_med,0.0011205378581718994,-0.013445642590522767,0.016454122960567474,-0.014263324439525604,0.015406487882137289,6247.0,0.2745330696550209,False
D4,5,all,all,dayPeak pairwise ordering (headliners),wt_med,0.7636563392660953,0.7537086457014084,0.7737383797764779,22755.0,False,754,33,wt_med,,,,,,,,
D4,6,all,all,dayPeak pairwise ordering (headliners),chronos2,0.8045555045680197,0.7943610548973083,0.8142992630600929,23971.0,False,775,33,wt_med,0.05398042113040269,0.04575730264186859,0.06298911571502686,0.037945955991744995,0.0735057309269905,21656.0,0.9368402837861222,True
D4,6,all,all,dayPeak pairwise ordering (headliners),chronos2_grid,0.8025530849776814,0.7918257221579552,0.8124800249934196,23971.0,False,775,33,wt_med,0.05291835980790538,0.04470944255590439,0.06144354641437531,0.03846962302923203,0.06949813961982727,21656.0,0.9368402837861222,True
D4,6,all,all,dayPeak pairwise ordering (headliners),chronos2_nocov,0.8022193483792917,0.7923883453011513,0.8115660890936851,23971.0,False,775,33,wt_med,0.051579239009974076,0.04332775175571442,0.05986358672380447,0.03632336258888245,0.07006148099899291,21656.0,0.9368402837861222,True
D4,6,all,all,dayPeak pairwise ordering (headliners),chronos2_owx,0.8068082266071503,0.7969617277383805,0.8163448825478554,23971.0,False,775,33,wt_med,0.056704839305504184,0.04840843230485916,0.06561717391014099,0.040658126771450046,0.07629830539226531,21656.0,0.9368402837861222,True
D4,6,all,all,dayPeak pairwise ordering (headliners),chronos2_owx_x_h5,0.8041115408100956,0.7946889519691467,0.8136031031608582,24565.0,False,803,33,wt_med,0.052258176155044134,0.045376533269882204,0.05962602943181992,0.039130781590938565,0.06636914759874343,23116.0,1.0,True
D4,6,all,all,dayPeak pairwise ordering (headliners),chronos2_x_h5,0.8025239161408508,0.7928618878126145,0.812411105632782,24565.0,False,803,33,wt_med,0.05065755320989784,0.043730694055557254,0.058147484064102174,0.03721962720155716,0.06545253992080688,23116.0,1.0,True
D4,6,all,all,dayPeak pairwise ordering (headliners),clim,0.7519690746557139,0.7403187930583954,0.7635202720761299,20695.0,False,703,33,wt_med,-0.009812756583558624,-0.016679267585277557,-0.002946157753467561,-0.019740989804267882,-0.0009640604257583643,19974.0,0.864076829901367,False
D4,6,all,all,dayPeak pairwise ordering (headliners),h5,0.7814370038672909,0.7707576408982277,0.7914777040481568,24565.0,False,803,33,wt_med,0.02781623118186538,0.024042597413063048,0.03156807869672775,0.021802490949630736,0.0347334161400795,23116.0,1.0,True
D4,6,all,all,dayPeak pairwise ordering (headliners),lvlh5_cbd,0.7309128465877492,0.7155933231115341,0.7452112138271332,12587.0,False,401,18,wt_med,-0.02744599745870402,-0.04291485249996185,-0.01156617850065232,-0.05625874251127243,5.42253255843623e-06,11805.0,0.510685239660841,False
D4,6,all,all,dayPeak pairwise ordering (headliners),lvlh5_naive,0.7921038443992867,0.7815940901637077,0.8025051295757294,24113.0,False,788,33,wt_med,0.03877765148203205,0.031805919110774995,0.04609159231185913,0.025884288549423217,0.052464614808559414,22874.0,0.9895310607371518,True
D4,6,all,all,dayPeak pairwise ordering (headliners),lvlh5_tft,0.791856072731929,0.7793258473277092,0.8043832898139953,15619.0,False,511,19,wt_med,0.04177723344900319,0.03273070603609085,0.05053663849830627,0.03242979496717453,0.052906656265258784,14697.0,0.6357933898598374,True
D4,6,all,all,dayPeak pairwise ordering (headliners),prod_served,0.7431635048537529,0.7290259912610054,0.7563679054379463,15761.0,False,507,19,wt_med,-0.005320986801188643,-0.015304195880889892,0.004133564233779905,-0.020124810934066772,0.009811225533485408,14471.0,0.6260166118705658,False
D4,6,all,all,dayPeak pairwise ordering (headliners),prod_served_lin,0.7771656534954408,0.7642928808927536,0.7890844956040383,15792.0,False,508,19,wt_med,0.028894558995931297,0.01941041201353073,0.03886478543281555,0.01583046466112137,0.043446445465087885,14501.0,0.6273144142585222,True
D4,6,all,all,dayPeak pairwise ordering (headliners),snaive7,0.7615703798276412,0.7445704579353333,0.7783303543925285,6266.0,False,584,33,wt_med,0.0006526350138684744,-0.015458783507347107,0.01749231219291687,-0.02257078289985657,0.02437998354434966,6129.0,0.2651410278594913,False
D4,6,all,all,dayPeak pairwise ordering (headliners),wt_med,0.7565755320989791,0.7455903634428978,0.7674296662211418,23116.0,False,783,33,wt_med,,,,,,,,
D4,7,all,all,dayPeak pairwise ordering (headliners),chronos2,0.8019098098603399,0.7920207753777504,0.8112681686878205,23772.0,False,744,32,wt_med,0.04945029019015712,0.041423195600509645,0.05759753733873367,0.034230925142765045,0.0687234655022621,21193.0,0.9421204712158258,True
D4,7,all,all,dayPeak pairwise ordering (headliners),chronos2_grid,0.7998906276291435,0.7895326822996139,0.8094792038202285,23772.0,False,744,32,wt_med,0.046241683574765324,0.03797193616628647,0.055024637281894676,0.03247939795255661,0.06370598524808883,21193.0,0.9421204712158258,True
D4,7,all,all,dayPeak pairwise ordering (headliners),chronos2_nocov,0.8009843513377082,0.7909124806523323,0.8104137167334556,23772.0,False,744,32,wt_med,0.048081913839475354,0.04014018326997757,0.05630212277173995,0.03382905721664429,0.06640215665102005,21193.0,0.9421204712158258,True
D4,7,all,all,dayPeak pairwise ordering (headliners),chronos2_owx,0.805190980986034,0.7950266435742378,0.8144701689481735,23772.0,False,744,32,wt_med,0.05256452602274342,0.04410019218921661,0.06109696477651596,0.03743801712989807,0.07171323746442794,21193.0,0.9421204712158258,True
D4,7,all,all,dayPeak pairwise ordering (headliners),chronos2_owx_x_h5,0.8070292329474473,0.7979272857308388,0.8156740635633468,24014.0,False,764,32,wt_med,0.049344298733051795,0.041992266476154325,0.05654563456773758,0.03533024340867996,0.06617218255996704,22495.0,1.0,True
D4,7,all,all,dayPeak pairwise ordering (headliners),chronos2_x_h5,0.8061547430665446,0.7968129739165306,0.8145567283034325,24014.0,False,764,32,wt_med,0.0484107579462103,0.04109312295913696,0.05592221617698669,0.03419402092695236,0.06527321189641952,22495.0,1.0,True
D4,7,all,all,dayPeak pairwise ordering (headliners),clim,0.7555045184482501,0.7433672770857811,0.7673167556524276,20029.0,False,667,32,wt_med,-0.013946786063506744,-0.021126283705234526,-0.0071688205003738415,-0.020459122955799103,-0.008404362201690675,19431.0,0.8637919537675038,False
D4,7,all,all,dayPeak pairwise ordering (headliners),h5,0.7837927875406013,0.7735829949378967,0.7936799377202988,24014.0,False,764,32,wt_med,0.02636141364747724,0.02238581031560898,0.03032771944999695,0.021173733472824096,0.032924868166446686,22495.0,1.0,True
D4,7,all,all,dayPeak pairwise ordering (headliners),lvlh5_cbd,0.719023678235485,0.7025503203272819,0.7341709941625595,12332.0,False,389,17,wt_med,-0.04303579128934887,-0.058880840241909024,-0.026920293271541596,-0.07741373926401138,-0.01399411708116533,11595.0,0.515447877306068,False
D4,7,all,all,dayPeak pairwise ordering (headliners),lvlh5_naive,0.7844805362206755,0.7745338469743729,0.7952414453029633,23274.0,False,738,32,wt_med,0.023488710852148542,0.016563796997070314,0.030038908123970032,0.013499900698661804,0.03553097546100616,21968.0,0.9765725716825961,True
D4,7,all,all,dayPeak pairwise ordering (headliners),lvlh5_tft,0.7838464084740152,0.771832101047039,0.7958908721804618,15105.0,False,478,18,wt_med,0.033567909922589734,0.024376483261585237,0.041890373826026915,0.024748632311820985,0.04554581940174103,14210.0,0.6316959324294288,True
D4,7,all,all,dayPeak pairwise ordering (headliners),prod_served,0.7474980247563866,0.7342984408140183,0.760194756090641,15188.0,False,473,18,wt_med,-0.004919786096256762,-0.01481001228094101,0.004953362047672272,-0.019848571717739107,0.011072291433811185,14025.0,0.6234718826405868,False
D4,7,all,all,dayPeak pairwise ordering (headliners),prod_served_lin,0.7832632132526952,0.7709948033094406,0.7952553242444992,15212.0,False,474,18,wt_med,0.03176411936471757,0.022627100348472595,0.040781520307064056,0.019423966109752656,0.04668541550636292,14041.0,0.6241831518115136,True
D4,7,all,all,dayPeak pairwise ordering (headliners),wt_med,0.7603911980440098,0.7495764300227166,0.7711304858326912,22495.0,False,739,32,wt_med,,,,,,,,
D4,10,all,all,dayPeak pairwise ordering (headliners),chronos2_owx_x_h5,0.810825782455585,0.8019302994012832,0.8205675706267357,25273.0,False,813,32,wt_med,0.044774814167030996,0.037550079822540286,0.05164659321308136,0.031714928150177,0.060359804332256316,22870.0,1.0,True
D4,10,all,all,dayPeak pairwise ordering (headliners),chronos2_x_h5,0.809955288252285,0.8008585840463638,0.8198143899440765,25273.0,False,813,32,wt_med,0.04368167905553122,0.03630509227514267,0.0507462203502655,0.030202989280223847,0.05985640734434128,22870.0,1.0,True
D4,10,all,all,dayPeak pairwise ordering (headliners),clim,0.7669511249030256,0.7555512189865112,0.7786495551466942,19335.0,False,690,32,wt_med,-0.008656158161902128,-0.015381458401679992,-0.0021898880600929264,-0.01941056251525879,0.002009423077106476,18715.0,0.8183209444687364,False
D4,10,all,all,dayPeak pairwise ordering (headliners),h5,0.7921101570846357,0.7827320724725724,0.8020080909132957,25273.0,False,813,32,wt_med,0.024923480542194953,0.020700839161872864,0.029266732931137084,0.017394295334815978,0.03490027189254761,22870.0,1.0,True
D4,10,all,all,dayPeak pairwise ordering (headliners),lvlh5_cbd,0.7153062775497796,0.6985556364059449,0.7333923161029816,13158.0,False,413,17,wt_med,-0.05148664538887959,-0.0693152129650116,-0.032787024974823005,-0.08551944196224212,-0.018100646138191276,11906.0,0.5205946655006559,False
D4,10,all,all,dayPeak pairwise ordering (headliners),lvlh5_naive,0.7946475143441801,0.7849988520145417,0.8044310674071312,24923.0,False,805,32,wt_med,0.02766641702277639,0.02099844366312027,0.0344896599650383,0.015895271301269533,0.041291847825050354,22699.0,0.9925229558373415,True
D4,10,all,all,dayPeak pairwise ordering (headliners),lvlh5_tft,0.7886387861307919,0.7771746486425399,0.8007350653409958,15949.0,False,507,18,wt_med,0.032791440878143674,0.02353975772857666,0.04157492816448212,0.020946413278579712,0.04792191535234451,14394.0,0.6293834717971141,True
D4,10,all,all,dayPeak pairwise ordering (headliners),prod_served,0.7455450411699643,0.7333687007427215,0.7582176461815834,16274.0,False,505,18,wt_med,-0.006695799266986158,-0.01613902598619461,0.003062856197357177,-0.022156573832035065,0.01086294054985046,14188.0,0.6203760384783559,False
D4,10,all,all,dayPeak pairwise ordering (headliners),prod_served_lin,0.7796465569774528,0.7674659714102745,0.7913803845643997,16410.0,False,509,18,wt_med,0.025778957663825652,0.015544454753398895,0.035548046231269836,0.01035405695438385,0.04395970553159713,14314.0,0.6258854394403148,True
D4,10,all,all,dayPeak pairwise ordering (headliners),wt_med,0.7717971141233056,0.7611609742045402,0.7830256164073944,22870.0,False,768,32,wt_med,,,,,,,,
D4,14,all,all,dayPeak pairwise ordering (headliners),chronos2_owx_x_h5,0.7983740548100878,0.788245677947998,0.8072918444871903,22879.0,False,737,31,wt_med,0.05070409224080896,0.043115757405757904,0.05791445225477218,0.03731820583343506,0.0669351503252983,21162.0,1.0,True
D4,14,all,all,dayPeak pairwise ordering (headliners),chronos2_x_h5,0.7973250579133704,0.7870053246617317,0.8063844934105873,22879.0,False,737,31,wt_med,0.04971174747188356,0.04195988178253174,0.05682720541954041,0.03625492453575134,0.06623096317052841,21162.0,1.0,True
D4,14,all,all,dayPeak pairwise ordering (headliners),clim,0.7500793231094659,0.7376207932829857,0.7620552033185959,18910.0,False,636,31,wt_med,-0.009458864936207623,-0.016628021001815797,-0.002399347722530367,-0.017009264230728148,-0.002453930675983429,18184.0,0.8592760608638125,False
D4,14,all,all,dayPeak pairwise ordering (headliners),h5,0.7752087066742428,0.7644984588027001,0.7859608367085457,22879.0,False,737,31,wt_med,0.026935072299404506,0.022549179196357728,0.031648670136928556,0.021010006964206695,0.03369604200124741,21162.0,1.0,True
D4,14,all,all,dayPeak pairwise ordering (headliners),lvlh5_cbd,0.7165636477649378,0.6991902887821198,0.7326076984405517,11163.0,False,357,16,wt_med,-0.03413926499032882,-0.0510899543762207,-0.018757741153240207,-0.06450613737106323,-0.0059538945555687025,10340.0,0.48861166241376053,False
D4,14,all,all,dayPeak pairwise ordering (headliners),lvlh5_naive,0.7775312443397935,0.7666177213191986,0.7878877118229866,22084.0,False,707,31,wt_med,0.025186838784819976,0.017819902300834654,0.0319591760635376,0.014213363826274871,0.03796682059764862,20606.0,0.9737264908798791,True
D4,14,all,all,dayPeak pairwise ordering (headliners),lvlh5_tft,0.7801069827960099,0.7668972223997116,0.793264415860176,13834.0,False,446,17,wt_med,0.03996253512332182,0.030915568768978118,0.04868754744529724,0.028109213709831236,0.054360331594943995,12812.0,0.6054248180701257,True
D4,14,all,all,dayPeak pairwise ordering (headliners),prod_served,0.7354196301564723,0.7211399778723717,0.7497991889715194,14060.0,False,439,17,wt_med,-0.0011972224439301682,-0.011055850982666015,0.008147552609443661,-0.013184843957424164,0.013196219503879546,12529.0,0.5920517909460353,False
D4,14,all,all,dayPeak pairwise ordering (headliners),prod_served_lin,0.7700227208179494,0.7563645750284195,0.7833853155374527,14084.0,False,440,17,wt_med,0.0345157433240334,0.02486317455768585,0.044382624328136444,0.022042125463485718,0.048679782450199126,12545.0,0.5928078631509309,True
D4,14,all,all,dayPeak pairwise ordering (headliners),wt_med,0.753520461204045,0.741594959795475,0.7647768273949623,21162.0,False,705,31,wt_med,,,,,,,,
D4,21,all,all,dayPeak pairwise ordering (headliners),chronos2_owx_x_h5,0.7878145451193659,0.777655453979969,0.7975836962461471,21698.0,False,708,30,wt_med,0.04223075368761364,0.0341943547129631,0.049633263051509856,0.02768826186656952,0.05984408557415009,19796.0,1.0,True
D4,21,all,all,dayPeak pairwise ordering (headliners),chronos2_x_h5,0.785924970043322,0.7755721926689148,0.795509061217308,21698.0,False,708,30,wt_med,0.04000808244089715,0.0318108081817627,0.04736022651195526,0.025388501584529877,0.05777902007102966,19796.0,1.0,True
D4,21,all,all,dayPeak pairwise ordering (headliners),clim,0.7470571669952126,0.733724020421505,0.7597300574183464,17755.0,False,605,30,wt_med,-0.011273288240180368,-0.018934416770935058,-0.004152415692806246,-0.021486395597457887,-0.003521139919757845,16854.0,0.8513841180036371,False
D4,21,all,all,dayPeak pairwise ordering (headliners),h5,0.7679048760254401,0.7568271636962891,0.7793445304036141,21698.0,False,708,30,wt_med,0.023489593857344948,0.018801988661289216,0.028178511559963225,0.016773797571659088,0.030647091567516327,19796.0,1.0,True
D4,21,all,all,dayPeak pairwise ordering (headliners),lvlh5_cbd,0.7164807202975142,0.6975022032856941,0.7341461330652237,10218.0,False,329,15,wt_med,-0.03218837761935622,-0.04980078339576721,-0.014043386280536654,-0.0667932689189911,-0.0002152994275093091,9258.0,0.46767023641139627,False
D4,21,all,all,dayPeak pairwise ordering (headliners),lvlh5_naive,0.76839393071858,0.7571473836898803,0.7797714486718178,20958.0,False,672,30,wt_med,0.018677042801556354,0.011038394272327423,0.025808307528495788,0.007929627597332001,0.030478563904762265,19275.0,0.9736815518286522,True
D4,21,all,all,dayPeak pairwise ordering (headliners),lvlh5_tft,0.7702595758151314,0.7561428800225258,0.7845325604081154,12636.0,False,411,16,wt_med,0.03620780129438517,0.026526883244514465,0.046283891797065733,0.021512436866760253,0.05196336358785629,11434.0,0.577591432612649,True
D4,21,all,all,dayPeak pairwise ordering (headliners),prod_served,0.7274978716817584,0.7115755468606949,0.7428216025233269,12921.0,False,404,16,wt_med,0.0005421033610407688,-0.010696476697921753,0.01129940599203109,-0.01652415096759796,0.017292393743991837,11068.0,0.5591028490604163,False
D4,21,all,all,dayPeak pairwise ordering (headliners),prod_served_lin,0.7599845500193124,0.7457226246595383,0.775055642426014,12945.0,False,405,16,wt_med,0.03347167087693981,0.0232144296169281,0.044461984932422635,0.018662023544311523,0.049611447751522056,11084.0,0.5599110931501313,True
D4,21,all,all,dayPeak pairwise ordering (headliners),wt_med,0.7504041220448575,0.7375759139657021,0.7622346922755241,19796.0,False,662,30,wt_med,,,,,,,,
D4,30,all,all,dayPeak pairwise ordering (headliners),chronos2_owx_x_h5,0.7893371757925072,0.7781447634100914,0.8002252474427223,20820.0,False,683,29,wt_med,0.03276913432495576,0.02533540427684784,0.040510271489620206,0.020215459167957306,0.046611945331096645,17547.0,1.0,True
D4,30,all,all,dayPeak pairwise ordering (headliners),chronos2_x_h5,0.7871277617675312,0.77540023624897,0.7980652540922165,20820.0,False,683,29,wt_med,0.030147603578959292,0.022897689044475554,0.03781069964170456,0.01836503893136978,0.04349503517150879,17547.0,1.0,True
D4,30,all,all,dayPeak pairwise ordering (headliners),clim,0.7593402225755167,0.7460595041513443,0.7728957161307335,15096.0,False,550,29,wt_med,-0.010443307757885711,-0.018258315324783326,-0.0024976968765258825,-0.024532002210617066,0.0015800893306732117,14076.0,0.8021884082749188,False
D4,30,all,all,dayPeak pairwise ordering (headliners),h5,0.7804995196926032,0.7690422743558883,0.7920118659734726,20820.0,False,683,29,wt_med,0.025531429874052547,0.02198501080274582,0.029558460414409637,0.019529084861278533,0.03233614712953567,17547.0,1.0,True
D4,30,all,all,dayPeak pairwise ordering (headliners),lvlh5_cbd,0.7068126520681265,0.6888949245214462,0.7234240502119065,9864.0,False,319,14,wt_med,-0.047499686677528574,-0.06713072061538697,-0.026633065938949593,-0.0926823154091835,-0.0011721134185791022,7979.0,0.45472160483273494,False
D4,30,all,all,dayPeak pairwise ordering (headliners),lvlh5_naive,0.7875491671927354,0.776461410522461,0.7986866772174835,20593.0,False,676,29,wt_med,0.03323972720499746,0.02591322362422943,0.04114417731761932,0.02272404879331589,0.04434850662946701,17449.0,0.994414999715051,True
D4,30,all,all,dayPeak pairwise ordering (headliners),lvlh5_tft,0.7799318071115441,0.7643294706940651,0.795843280851841,10265.0,False,335,13,wt_med,0.030623273688002883,0.01897292137145996,0.042725193500518795,0.012786372005939484,0.05223198533058166,8327.0,0.47455405482418644,True
D4,30,all,all,dayPeak pairwise ordering (headliners),prod_served,0.7211753148164687,0.7055411159992218,0.7371762290596962,11197.0,False,351,14,wt_med,-0.01992557916216542,-0.03380980640649796,-0.006899288296699526,-0.041122712194919586,0.0036045819520950195,8331.0,0.4747820140194905,False
D4,30,all,all,dayPeak pairwise ordering (headliners),prod_served_lin,0.754736750196455,0.7398366421461106,0.7696379750967026,11453.0,False,355,14,wt_med,0.012144302893201564,-0.0020763978362083432,0.02475877255201339,-0.008243653178215026,0.03513806164264679,8399.0,0.4786573203396592,False
D4,30,all,all,dayPeak pairwise ordering (headliners),wt_med,0.7664558044110105,0.7538667514920234,0.7782630771398544,17547.0,False,618,29,wt_med,,,,,,,,
D4,45,all,all,dayPeak pairwise ordering (headliners),chronos2_owx_x_h5,0.7843137254901961,0.7728035748004913,0.7955137997865677,19278.0,False,632,27,wt_med,0.03970518307180215,0.032197557389736176,0.04812298864126205,0.026748034358024596,0.054460979998111725,16824.0,1.0,True
D4,45,all,all,dayPeak pairwise ordering (headliners),chronos2_x_h5,0.7827056748625376,0.7711075425148011,0.7941604733467102,19278.0,False,632,27,wt_med,0.037743699476937675,0.029905229806900024,0.046229346096515654,0.02362053394317627,0.053279840946197504,16824.0,1.0,True
D4,45,all,all,dayPeak pairwise ordering (headliners),clim,0.7505706134094151,0.7360024303197861,0.7648605346679688,14020.0,False,513,27,wt_med,-0.0034213462253626092,-0.01303015798330307,0.005980288982391357,-0.019021455943584443,0.01137501150369644,13445.0,0.7991559676652401,False
D4,45,all,all,dayPeak pairwise ordering (headliners),h5,0.7696337794377011,0.7577828586101532,0.7815645232796669,19278.0,False,632,27,wt_med,0.024013314312886336,0.019529658555984496,0.028407213091850278,0.01627103388309479,0.03217820227146149,16824.0,1.0,True
D4,45,all,all,dayPeak pairwise ordering (headliners),lvlh5_cbd,0.7033536585365854,0.6703086167573928,0.7343855768442153,3280.0,False,98,12,wt_med,-0.09976874793524937,-0.13456640690565108,-0.06478778421878816,-0.15502057373523712,-0.06384382247924805,3027.0,0.17992154065620541,False
D4,45,all,all,dayPeak pairwise ordering (headliners),lvlh5_naive,0.7743738465594516,0.7627996519207955,0.7864767462015152,18965.0,False,623,27,wt_med,0.02680338190321996,0.0197292760014534,0.03413833230733871,0.013786871731281281,0.039295236766338344,16677.0,0.9912624821683309,True
D4,45,all,all,dayPeak pairwise ordering (headliners),lvlh5_tft,0.7689998635557375,0.7500519156455994,0.7878066658973694,7329.0,False,245,9,wt_med,0.025529939656506184,0.011996713280677796,0.038927766680717464,0.008100955188274384,0.04605796933174133,6463.0,0.38415359010936756,True
D4,45,all,all,dayPeak pairwise ordering (headliners),prod_served,0.7139085563422537,0.6925519198179245,0.7321297153830528,8333.0,False,266,12,wt_med,-0.022003813994425636,-0.036627112329006194,-0.008724622428417211,-0.046161918342113493,0.0016627907752990645,6817.0,0.40519495958155016,False
D4,45,all,all,dayPeak pairwise ordering (headliners),prod_served_lin,0.7454242928452579,0.7245105773210525,0.7628698095679283,8414.0,False,268,12,wt_med,0.007724821454598407,-0.007397198677062988,0.0212834894657135,-0.01646185666322708,0.03439338356256485,6861.0,0.40781027104136947,False
D4,45,all,all,dayPeak pairwise ordering (headliners),wt_med,0.7549928673323824,0.7416780292987823,0.767862743139267,16824.0,False,577,27,wt_med,,,,,,,,
D4,60,all,all,dayPeak pairwise ordering (headliners),chronos2_owx_x_h5,0.7696297621176892,0.7556042909622193,0.7830754846334458,16773.0,False,551,25,wt_med,0.0368583299825761,0.027222295105457307,0.04612291604280472,0.017550176382064818,0.05698655247688293,14922.0,1.0,True
D4,60,all,all,dayPeak pairwise ordering (headliners),chronos2_x_h5,0.76652954152507,0.7534512490034103,0.7798038244247436,16773.0,False,551,25,wt_med,0.03350757271143279,0.023629161715507507,0.042827357351779935,0.014224231243133545,0.05496055036783218,14922.0,1.0,True
D4,60,all,all,dayPeak pairwise ordering (headliners),clim,0.7396246982792183,0.724999725818634,0.7546750739216804,12843.0,False,461,25,wt_med,-0.006786035483607233,-0.01595834195613861,0.0024217858910560554,-0.015149948000907899,0.002611775696277613,12231.0,0.8196622436670687,False
D4,60,all,all,dayPeak pairwise ordering (headliners),h5,0.7567519227329637,0.7438333064317704,0.7700932905077934,16773.0,False,551,25,wt_med,0.02358933118884876,0.018876436352729797,0.028900998830795287,0.017713233828544617,0.029668426513671867,14922.0,1.0,True
D4,60,all,all,dayPeak pairwise ordering (headliners),lvlh5_naive,0.7561320464744575,0.741599653661251,0.7701126083731651,16267.0,False,524,25,wt_med,0.015107179312691343,0.006121344864368439,0.023875023424625396,-0.00148174911737442,0.029094377160072325,14695.0,0.9847875619890095,False
D4,60,all,all,dayPeak pairwise ordering (headliners),wt_med,0.7423937809945047,0.728593111038208,0.7572303771972656,14922.0,False,513,25,wt_med,,,,,,,,
D4,90,all,all,dayPeak pairwise ordering (headliners),chronos2_owx_x_h5,0.777759336099585,0.7629094541072845,0.7910729080438614,12050.0,False,411,21,clim,0.05285961871750433,0.0394235759973526,0.06522180438041687,0.03382056951522827,0.07316168397665024,9232.0,0.9747650723260479,True
D4,90,all,all,dayPeak pairwise ordering (headliners),chronos2_x_h5,0.7734439834024897,0.7585281014442444,0.7870559379458427,12050.0,False,411,21,clim,0.048418544194107405,0.03525714129209519,0.06036825776100158,0.03070756196975708,0.0704647272825241,9232.0,0.9747650723260479,True
D4,90,all,all,dayPeak pairwise ordering (headliners),clim,0.7476507232604793,0.7304833173751831,0.7630863547325134,9471.0,False,355,21,clim,,,,,,,,
D4,90,all,all,dayPeak pairwise ordering (headliners),h5,0.7602489626556017,0.7453121230006218,0.7747584581375122,12050.0,False,411,21,clim,0.032603986135181895,0.022668257355690002,0.04329522252082825,0.018675361573696137,0.04761274456977844,9232.0,0.9747650723260479,True
D4,90,all,all,dayPeak pairwise ordering (headliners),lvlh5_naive,0.7660237003719401,0.7508081540465354,0.7798597767949105,11561.0,False,392,21,clim,0.03477020949873866,0.02124093919992447,0.04770825952291489,0.018147704005241395,0.05226529687643051,9117.0,0.962622743110548,True
D4,90,all,all,dayPeak pairwise ordering (headliners),wt_med,0.7398494843445136,0.7230411380529403,0.7549947872757912,10763.0,False,386,21,clim,0.007660708337959399,-0.0019353479146957397,0.018326538801193233,-0.007303960621356964,0.02433124482631683,9007.0,0.9510083412522436,False
UC3,0,all,all,dayPeak Spearman across rides,chronos2,0.8491471093112903,0.8381829634308815,0.8597368538379669,795.0,False,795,33,wt_med,0.009801242296400448,0.0018832013010978699,0.017765764892101285,-0.010781791806221009,0.03187382668256758,775.0,0.9748427672955975,False
UC3,0,all,all,dayPeak Spearman across rides,chronos2_grid,0.854053607829956,0.844029775261879,0.8643750920891762,795.0,False,795,33,wt_med,0.01461027685394456,0.006709839403629303,0.022593313455581666,-0.00492188036441803,0.037029488384723655,775.0,0.9748427672955975,False
UC3,0,all,all,dayPeak Spearman across rides,chronos2_nocov,0.8451989127393936,0.8343118354678154,0.8562248989939689,795.0,False,795,33,wt_med,0.0062029222129271755,-0.00222916454076767,0.014046357572078701,-0.01452406942844391,0.028669178485870354,775.0,0.9748427672955975,False
UC3,0,all,all,dayPeak Spearman across rides,chronos2_owx,0.8493997108314678,0.8383974999189376,0.8600459367036819,795.0,False,795,33,wt_med,0.01054447592572072,0.0025039315223693848,0.01855671852827072,-0.009576515853404998,0.03266762197017669,775.0,0.9748427672955975,False
UC3,0,all,all,dayPeak Spearman across rides,clim,0.8362712269369261,0.823324416577816,0.8496269553899765,722.0,False,722,33,wt_med,-0.015488025041647369,-0.022469928860664366,-0.008833591639995577,-0.02337319254875183,-0.008366130292415626,718.0,0.9031446540880503,False
UC3,0,all,all,dayPeak Spearman across rides,h5,0.8451422130657926,0.8333012297749519,0.8571921929717063,808.0,False,808,33,wt_med,0.0007544852374458122,-0.0018089249730110168,0.0035444363951683037,-0.0036026552319526673,0.005704356729984281,795.0,1.0,False
UC3,0,all,all,dayPeak Spearman across rides,lvlh5_cbd,0.715793015785208,0.6919791013002395,0.7362337857484818,406.0,False,406,18,wt_med,-0.13244753433580614,-0.15375872999429702,-0.1117497816681862,-0.1936919391155243,-0.08769554644823074,405.0,0.5094339622641509,False
UC3,0,all,all,dayPeak Spearman across rides,lvlh5_naive,0.8379306076089114,0.8264307722449302,0.8491198882460594,784.0,False,784,33,wt_med,-0.007859441711206006,-0.013641619682312011,-0.0015903607010841377,-0.018591004610061645,0.004136346280574796,777.0,0.9773584905660377,False
UC3,0,all,all,dayPeak Spearman across rides,lvlh5_tft,0.8199529489407501,0.8046026021242142,0.8350776866078377,520.0,False,520,19,wt_med,-0.02110714694286442,-0.03178831040859222,-0.01044818460941315,-0.041888847947120667,-0.002382287383079531,517.0,0.650314465408805,False
UC3,0,all,all,dayPeak Spearman across rides,snaive7,0.8406651601114863,0.8271346524357795,0.8542197838425636,582.0,False,582,33,wt_med,-0.00935696868983349,-0.020830462872982024,0.001507909595966338,-0.02457125633955002,0.008208602666854848,577.0,0.7257861635220125,False
UC3,0,all,all,dayPeak Spearman across rides,wt_med,0.8438453378866443,0.8315994352102279,0.8562079802155494,795.0,False,795,33,wt_med,,,,,,,,
UC3,1,all,all,dayPeak Spearman across rides,chronos2,0.8360337426500938,0.8254092738032341,0.8465324893593789,825.0,False,825,33,wt_med,-8.136791141710731e-05,-0.009278252720832825,0.009049323201179503,-0.020973391830921173,0.022216409444808956,782.0,0.9618696186961869,False
UC3,1,all,all,dayPeak Spearman across rides,chronos2_grid,0.8387563278932193,0.8280458346009254,0.8492234975099564,825.0,False,825,33,wt_med,0.006192591267862202,-0.0027705341577529906,0.015394991636276244,-0.014661714434623718,0.029079465568065642,782.0,0.9618696186961869,False
UC3,1,all,all,dayPeak Spearman across rides,chronos2_nocov,0.8343819041767774,0.8243128925561904,0.8444092512130738,825.0,False,825,33,wt_med,-0.0014505624751017798,-0.010678240656852722,0.007257062196731567,-0.022326348721981047,0.01988241523504255,782.0,0.9618696186961869,False
UC3,1,all,all,dayPeak Spearman across rides,chronos2_owx,0.8365079503250861,0.8257445752620697,0.8472165659070015,825.0,False,825,33,wt_med,0.00018465908676845721,-0.009057615697383881,0.009274984896183013,-0.020832413434982298,0.021437770128250114,782.0,0.9618696186961869,False
UC3,1,all,all,dayPeak Spearman across rides,chronos2_owx_x_h5,0.8428496744844223,0.8328008189797401,0.8522163584828377,836.0,False,836,33,wt_med,-0.0014183285144176994,-0.008391982316970826,0.00582844316959381,-0.017652779817581177,0.013740406930446623,813.0,1.0,False
UC3,1,all,all,dayPeak Spearman across rides,chronos2_x_h5,0.8429464903341853,0.8330772817134857,0.8522659733891487,836.0,False,836,33,wt_med,-0.0008722904260474174,-0.007603263854980469,0.006327691674232481,-0.01676493287086487,0.014025272428989408,813.0,1.0,False
UC3,1,all,all,dayPeak Spearman across rides,clim,0.833222054521028,0.8184695333242417,0.846967488527298,734.0,False,734,33,wt_med,-0.01592068713375372,-0.022891117632389067,-0.009777334332466126,-0.024021989107131957,-0.009342804551124574,725.0,0.8917589175891759,False
UC3,1,all,all,dayPeak Spearman across rides,h5,0.8420477732279567,0.830551864206791,0.85340496301651,833.0,False,833,33,wt_med,-0.0035799945397642086,-0.006370925903320312,-0.001055833697319031,-0.007560013234615326,-0.00042970329523086626,813.0,1.0,False
UC3,1,all,all,dayPeak Spearman across rides,lvlh5_cbd,0.7067634185843136,0.6827639877796173,0.7277635276317597,408.0,False,408,18,wt_med,-0.1383296928335087,-0.15970329195261002,-0.11834580153226852,-0.19592020958662032,-0.0973710611462593,404.0,0.4969249692496925,False
UC3,1,all,all,dayPeak Spearman across rides,lvlh5_naive,0.8374905756011352,0.8259834051132202,0.8487201929092407,817.0,False,817,33,wt_med,-0.0057116060261310775,-0.01140369325876236,0.0009161829948425293,-0.013481681048870087,0.0018496185541152952,799.0,0.982779827798278,False
UC3,1,all,all,dayPeak Spearman across rides,lvlh5_tft,0.8103623187073,0.7947392642498017,0.8257379129528999,538.0,False,538,19,wt_med,-0.02827662944618159,-0.03826895952224731,-0.01856659948825836,-0.05014722794294357,-0.010981506109237678,530.0,0.6519065190651907,False
UC3,1,all,all,dayPeak Spearman across rides,snaive7,0.834323850327733,0.8209061294794082,0.8488707587122917,595.0,False,595,33,wt_med,-0.011736882738618504,-0.022407445311546325,0.0003172665834426863,-0.02972150444984436,0.007781839370727538,585.0,0.7195571955719557,False
UC3,1,all,all,dayPeak Spearman across rides,wt_med,0.8438464280451308,0.8324951961636543,0.8552435338497162,813.0,False,813,33,wt_med,,,,,,,,
UC3,2,all,all,dayPeak Spearman across rides,chronos2,0.8452703331228469,0.8359227806329728,0.8542960390448571,841.0,False,841,33,wt_med,-0.023199187304038138,-0.029979680478572846,-0.016530852019786834,-0.03775639981031418,-0.011254690587520601,777.0,0.9676214196762142,False
UC3,2,all,all,dayPeak Spearman across rides,chronos2_grid,0.8445849089360112,0.8338755294680595,0.8546478047966957,841.0,False,841,33,wt_med,-0.022631175827995342,-0.029610641300678253,-0.015569430589675906,-0.037373481690883635,-0.010740450024604798,777.0,0.9676214196762142,False
UC3,2,all,all,dayPeak Spearman across rides,chronos2_nocov,0.837268971800483,0.8272467195987702,0.8469930544495583,841.0,False,841,33,wt_med,-0.03234227203865647,-0.040448378026485446,-0.024029600620269775,-0.052691735327243805,-0.01643337309360504,777.0,0.9676214196762142,False
UC3,2,all,all,dayPeak Spearman across rides,chronos2_owx,0.8463852974814029,0.836985944211483,0.8555989608168602,841.0,False,841,33,wt_med,-0.021695630609940175,-0.028889775276184082,-0.014941394329071047,-0.03619113713502884,-0.010016489028930667,777.0,0.9676214196762142,False
UC3,2,all,all,dayPeak Spearman across rides,chronos2_owx_x_h5,0.8609015737247411,0.8515583962202072,0.8695970579981804,839.0,False,839,33,wt_med,-0.019032581533268145,-0.024655762314796447,-0.012980818748474121,-0.0326542928814888,-0.007410992681980141,803.0,1.0,False
UC3,2,all,all,dayPeak Spearman across rides,chronos2_x_h5,0.8604127437789182,0.8510209947824479,0.868969875574112,839.0,False,839,33,wt_med,-0.01931976997243845,-0.02508254498243332,-0.01322365403175354,-0.03320925086736679,-0.0073802947998046885,803.0,1.0,False
UC3,2,all,all,dayPeak Spearman across rides,clim,0.8735862818534489,0.8641230002045631,0.8827393189072609,708.0,False,708,33,wt_med,-0.01133362155246731,-0.0157303586602211,-0.0068498566746711745,-0.022139179706573486,-0.004410995543003083,699.0,0.8704856787048568,False
UC3,2,all,all,dayPeak Spearman across rides,h5,0.8822690109570881,0.8750038549304009,0.8889951586723328,836.0,False,836,33,wt_med,-8.675890472997771e-05,-0.002292458713054657,0.001970180869102478,-0.003816251456737518,0.004501217603683471,803.0,1.0,False
UC3,2,all,all,dayPeak Spearman across rides,lvlh5_cbd,0.7410151710402039,0.7247034117579461,0.7573252692818642,418.0,False,418,18,wt_med,-0.1349008690372211,-0.14968487173318862,-0.12034008353948594,-0.17643808275461198,-0.10195621699094773,403.0,0.50186799501868,False
UC3,2,all,all,dayPeak Spearman across rides,lvlh5_naive,0.8758691595543538,0.8679499611258507,0.8833500906825066,829.0,False,829,33,wt_med,-0.005329351473418176,-0.010286985337734223,-0.0005762234330177312,-0.011283963918685913,0.0009671032428741455,796.0,0.9912826899128269,False
UC3,2,all,all,dayPeak Spearman across rides,lvlh5_tft,0.8423939691457346,0.830776734650135,0.853379325568676,534.0,False,534,19,wt_med,-0.037807757252141916,-0.045839375257492064,-0.029645681381225593,-0.056394219398498535,-0.023357564210891725,517.0,0.6438356164383562,False
UC3,2,all,all,dayPeak Spearman across rides,snaive7,0.8578819642534057,0.8457248076796532,0.8689724460244179,670.0,False,670,33,wt_med,-0.014349086218989449,-0.023593030869960785,-0.00623162388801575,-0.025257544219493867,-0.0039421662688255334,648.0,0.8069738480697385,False
UC3,2,all,all,dayPeak Spearman across rides,wt_med,0.8830506098873351,0.8752392962574959,0.8907907113432885,803.0,False,803,33,wt_med,,,,,,,,
UC3,3,all,all,dayPeak Spearman across rides,chronos2,0.845315679889689,0.836100634932518,0.854897002875805,857.0,False,857,33,wt_med,-0.013533683140607544,-0.02032584249973297,-0.007537266612052923,-0.02463049292564392,-0.004769308865070344,817.0,0.9879081015719468,False
UC3,3,all,all,dayPeak Spearman across rides,chronos2_grid,0.8455438592475949,0.8355358317494392,0.8559846684336663,857.0,False,857,33,wt_med,-0.01443021797436439,-0.021228539943695068,-0.007586251199245453,-0.027195556461811064,-0.004160891473293306,817.0,0.9879081015719468,False
UC3,3,all,all,dayPeak Spearman across rides,chronos2_nocov,0.8408049910388844,0.8312501609325409,0.8508824929594994,857.0,False,857,33,wt_med,-0.018265582215565734,-0.025970186293125152,-0.011122055351734161,-0.035107669234275815,-0.006113687157630922,817.0,0.9879081015719468,False
UC3,3,all,all,dayPeak Spearman across rides,chronos2_owx,0.8462548601678661,0.8368582561612129,0.8556167483329773,857.0,False,857,33,wt_med,-0.012770504841316144,-0.01953567862510681,-0.006499701738357545,-0.023803310096263887,-0.004112525284290315,817.0,0.9879081015719468,False
UC3,3,all,all,dayPeak Spearman across rides,chronos2_owx_x_h5,0.8422687701049796,0.8326063334941864,0.851645915210247,851.0,False,851,33,wt_med,-0.018092045029976855,-0.024082039296627045,-0.011707748472690582,-0.03206962645053864,-0.006547041237354279,827.0,1.0,False
UC3,3,all,all,dayPeak Spearman across rides,chronos2_x_h5,0.8414873299196297,0.8319066062569618,0.8509557396173477,851.0,False,851,33,wt_med,-0.01898862324395556,-0.02499653398990631,-0.01268305778503418,-0.03290812522172928,-0.006971712410449983,827.0,1.0,False
UC3,3,all,all,dayPeak Spearman across rides,clim,0.8592276626717525,0.8490495413541794,0.8683972775936126,740.0,False,740,33,wt_med,-0.00928656145999962,-0.013357143104076385,-0.005269758403301239,-0.015441504120826722,-0.004462985694408418,733.0,0.8863361547762999,False
UC3,3,all,all,dayPeak Spearman across rides,h5,0.8599631262586096,0.8505405947566033,0.8688170954585075,850.0,False,850,33,wt_med,-0.00015951405908876115,-0.002223318815231323,0.0019471541047096249,-0.002764657139778137,0.0025169968605041502,827.0,1.0,False
UC3,3,all,all,dayPeak Spearman across rides,lvlh5_cbd,0.6973384907695931,0.6752923235297204,0.717500576376915,426.0,False,426,18,wt_med,-0.16589269469137924,-0.18553397804498672,-0.14836407452821732,-0.22100598514080047,-0.12611292898654938,416.0,0.5030229746070133,False
UC3,3,all,all,dayPeak Spearman across rides,lvlh5_naive,0.8524279851861147,0.8429249063134193,0.8621139541268349,843.0,False,843,33,wt_med,-0.008205359573904891,-0.01330702006816864,-0.003104665875434877,-0.014996623992919922,-0.0019874781370162963,823.0,0.9951632406287787,False
UC3,3,all,all,dayPeak Spearman across rides,lvlh5_tft,0.8206067614114922,0.808498740196228,0.8326055333018303,545.0,False,545,19,wt_med,-0.04019849328795755,-0.04854691475629806,-0.03127072304487229,-0.0616017147898674,-0.0233588919043541,533.0,0.6444981862152358,False
UC3,3,all,all,dayPeak Spearman across rides,prod_served,0.8638296340558804,0.8543875873088836,0.8729605555534363,542.0,False,542,19,wt_med,-0.0028873477513651213,-0.008790378272533417,0.0031469017267227125,-0.011144690215587616,0.004583352804183959,529.0,0.6396614268440145,False
UC3,3,all,all,dayPeak Spearman across rides,prod_served_lin,0.8608456448002308,0.8502174392342567,0.8713483214378357,545.0,False,545,19,wt_med,-0.0034282668672500627,-0.010328958928585052,0.0030507385730743405,-0.012946175038814544,0.004893699288368223,532.0,0.6432889963724304,False
UC3,3,all,all,dayPeak Spearman across rides,snaive7,0.8461866675486672,0.8335831999778748,0.8573573470115662,632.0,False,632,33,wt_med,-0.014198122558619852,-0.023971889913082123,-0.004023309051990511,-0.02728351503610611,-0.0012016639113426211,622.0,0.7521160822249093,False
UC3,3,all,all,dayPeak Spearman across rides,wt_med,0.8608255437921689,0.8512211531400681,0.8702716991305351,827.0,False,827,33,wt_med,,,,,,,,
UC3,4,all,all,dayPeak Spearman across rides,chronos2,0.8358036934191428,0.8237612202763558,0.846232870221138,801.0,False,801,33,wt_med,0.0005639408017270586,-0.006560197472572326,0.0082618772983551,-0.016393446922302247,0.019736763834953302,770.0,0.9697732997481109,False
UC3,4,all,all,dayPeak Spearman across rides,chronos2_grid,0.8371767705896765,0.8253818839788437,0.8473070353269577,801.0,False,801,33,wt_med,0.0038146409797669145,-0.0037676930427551266,0.011391110718250275,-0.011316139996051787,0.023159068822860715,770.0,0.9697732997481109,False
UC3,4,all,all,dayPeak Spearman across rides,chronos2_nocov,0.8342850958547896,0.8222168788313866,0.8453373566269875,801.0,False,801,33,wt_med,-0.001633499716224729,-0.00862128883600235,0.005487352609634397,-0.017787717282772064,0.01572950184345245,770.0,0.9697732997481109,False
UC3,4,all,all,dayPeak Spearman across rides,chronos2_owx,0.836880948435192,0.8250660941004753,0.8475730136036873,801.0,False,801,33,wt_med,0.0018118757128754437,-0.005504725873470306,0.009520110487937923,-0.015087823569774627,0.020811647176742554,770.0,0.9697732997481109,False
UC3,4,all,all,dayPeak Spearman across rides,chronos2_owx_x_h5,0.8393813198191791,0.8288391321897507,0.84995306879282,816.0,False,816,33,wt_med,-0.004789606394272727,-0.011718976497650146,0.002010668814182281,-0.018463194370269775,0.011618487536907194,794.0,1.0,False
UC3,4,all,all,dayPeak Spearman across rides,chronos2_x_h5,0.8389865663386171,0.8284529387950897,0.849532550573349,816.0,False,816,33,wt_med,-0.004884427893209864,-0.01178412139415741,0.0018411502242088283,-0.018272709846496583,0.011603283882141109,794.0,1.0,False
UC3,4,all,all,dayPeak Spearman across rides,clim,0.8331761708058171,0.8177971497178078,0.847029909491539,731.0,False,731,33,wt_med,-0.009592842224714904,-0.016131438314914703,-0.003015637397766114,-0.02032840996980667,-0.001346459984779363,719.0,0.9055415617128464,False
UC3,4,all,all,dayPeak Spearman across rides,h5,0.8449365073757326,0.8343040868639946,0.8564448013901711,814.0,False,814,33,wt_med,-0.0006787810531529992,-0.0027280136942863463,0.0014785453677177423,-0.0037076368927955626,0.0024136692285537716,794.0,1.0,False
UC3,4,all,all,dayPeak Spearman across rides,lvlh5_cbd,0.7137684554322223,0.6900477811694146,0.7353578865528106,410.0,False,410,18,wt_med,-0.12916713198037666,-0.1507865846157074,-0.11094996929168702,-0.18726112991571425,-0.08805195540189743,398.0,0.5012594458438288,False
UC3,4,all,all,dayPeak Spearman across rides,lvlh5_naive,0.8321538039928577,0.820132514834404,0.8442379906773567,798.0,False,798,33,wt_med,-0.013201351066519762,-0.02040129005908966,-0.006415110826492311,-0.02030203342437744,-0.006226773560047152,784.0,0.9874055415617129,False
UC3,4,all,all,dayPeak Spearman across rides,lvlh5_tft,0.8153667400762429,0.8002668932080269,0.830060213804245,522.0,False,522,19,wt_med,-0.02501140086730902,-0.035218799114227296,-0.015028825402259827,-0.0423758327960968,-0.00643363744020463,510.0,0.6423173803526449,False
UC3,4,all,all,dayPeak Spearman across rides,prod_served,0.8443186919701183,0.829457500576973,0.8583169221878052,517.0,False,517,19,wt_med,0.007556825860170813,-0.001263672113418579,0.016256117820739747,-0.005408190190792084,0.021557448804378508,503.0,0.6335012594458438,False
UC3,4,all,all,dayPeak Spearman across rides,prod_served_lin,0.8464684383012271,0.8324173092842102,0.8605274111032486,519.0,False,519,19,wt_med,0.008828030999548875,8.53866338729859e-05,0.01735539734363556,-0.003158958256244659,0.022397544980049134,505.0,0.6360201511335013,False
UC3,4,all,all,dayPeak Spearman across rides,snaive7,0.841575069166514,0.8267762839794159,0.8540005072951317,588.0,False,588,33,wt_med,-0.010904183432617565,-0.021782569587230682,-0.0019223958253860528,-0.022608016431331635,2.875477075576628e-05,581.0,0.7317380352644837,False
UC3,4,all,all,dayPeak Spearman across rides,wt_med,0.8430453260230092,0.831585057079792,0.8548910126090049,794.0,False,794,33,wt_med,,,,,,,,
UC3,5,all,all,dayPeak Spearman across rides,chronos2,0.8210280727894212,0.807491809129715,0.835259148478508,782.0,False,782,33,wt_med,-0.0003594242722618768,-0.009637020528316498,0.009994237124919892,-0.02026528716087341,0.022098171710968013,745.0,0.9700520833333334,False
UC3,5,all,all,dayPeak Spearman across rides,chronos2_grid,0.8292017241658868,0.8171557620167732,0.8425055265426635,782.0,False,782,33,wt_med,0.008010858409486898,-0.0010513797402381896,0.01875397115945816,-0.010806132853031157,0.031060637533664705,745.0,0.9700520833333334,False
UC3,5,all,all,dayPeak Spearman across rides,chronos2_nocov,0.8209128977427171,0.8083207905292511,0.8349090769886971,782.0,False,782,33,wt_med,0.0008397089750877829,-0.007225789129734039,0.010841304063796997,-0.017235779762268068,0.021751944720745084,745.0,0.9700520833333334,False
UC3,5,all,all,dayPeak Spearman across rides,chronos2_owx,0.8227723757182358,0.8097057625651359,0.8369290679693222,782.0,False,782,33,wt_med,0.0019314383993414008,-0.007371504604816437,0.012116704881191251,-0.017837554216384888,0.02450842261314392,745.0,0.9700520833333334,False
UC3,5,all,all,dayPeak Spearman across rides,chronos2_owx_x_h5,0.8283728326448274,0.8153775915503502,0.8409202352166176,792.0,False,792,33,wt_med,-0.005362626290472017,-0.013453379273414612,0.0032048806548118586,-0.02178201973438263,0.013920435309410091,768.0,1.0,False
UC3,5,all,all,dayPeak Spearman across rides,chronos2_x_h5,0.8284232421541696,0.8161536037921906,0.8410276472568512,792.0,False,792,33,wt_med,-0.005964402287843229,-0.014030343294143677,0.0028362974524497983,-0.02224995642900467,0.01351667046546936,768.0,1.0,False
UC3,5,all,all,dayPeak Spearman across rides,clim,0.8284959803891648,0.8126869350671768,0.843429109454155,711.0,False,711,33,wt_med,-0.006766066253862446,-0.014467518031597137,0.00040854811668395753,-0.013219644129276276,0.00020722150802612253,697.0,0.9075520833333334,False
UC3,5,all,all,dayPeak Spearman across rides,h5,0.8345109181643597,0.8209388688206672,0.8488965108990669,790.0,False,790,33,wt_med,0.0008759720810566085,-0.0014740079641342163,0.0032225936651229855,-0.002002565562725067,0.00380973219871521,767.0,0.9986979166666666,False
UC3,5,all,all,dayPeak Spearman across rides,lvlh5_cbd,0.7052439855249961,0.6806004017591476,0.7286718219518662,401.0,False,401,18,wt_med,-0.13146265373613597,-0.15378297567367555,-0.10822340101003647,-0.18409647345542907,-0.0874552071094513,388.0,0.5052083333333334,False
UC3,5,all,all,dayPeak Spearman across rides,lvlh5_naive,0.832702202101298,0.821373100578785,0.8457071214914322,773.0,False,773,33,wt_med,-0.0022033708570562416,-0.009353677928447723,0.005632178485393523,-0.014463885128498078,0.01395587623119354,755.0,0.9830729166666666,False
UC3,5,all,all,dayPeak Spearman across rides,lvlh5_tft,0.8063023528055165,0.7869468852877617,0.8242376208305359,505.0,False,505,19,wt_med,-0.03118016460165618,-0.04376397132873535,-0.02029078155755997,-0.052730831503868106,-0.010771842300891881,493.0,0.6419270833333334,False
UC3,5,all,all,dayPeak Spearman across rides,prod_served,0.8365850325234957,0.8183129146695137,0.8540786072611809,502.0,False,502,19,wt_med,0.004892345990497149,-0.0064135268330574036,0.016750393807888026,-0.007885314524173737,0.018540281057357787,485.0,0.6315104166666666,False
UC3,5,all,all,dayPeak Spearman across rides,prod_served_lin,0.8393644241775703,0.8215668484568596,0.8562993690371513,504.0,False,504,19,wt_med,0.007084372496886204,-0.004145900905132294,0.018589670956134795,-0.005698783695697785,0.020403696596622466,489.0,0.63671875,False
UC3,5,all,all,dayPeak Spearman across rides,snaive7,0.8300016936536415,0.8160191893577575,0.8442257344722748,582.0,False,582,33,wt_med,-0.001435989825472772,-0.014203649759292603,0.012268672883510587,-0.01891881674528122,0.019732391834259032,576.0,0.75,False
UC3,5,all,all,dayPeak Spearman across rides,wt_med,0.8354485501175818,0.8214634001255036,0.8500349998474122,768.0,False,768,33,wt_med,,,,,,,,
UC3,6,all,all,dayPeak Spearman across rides,chronos2,0.8142031898239191,0.801841278374195,0.8259470805525779,797.0,False,797,33,wt_med,-0.00575015396854639,-0.01438162922859192,0.003805188834667205,-0.024648113548755644,0.01157703250646591,765.0,0.9659090909090909,False
UC3,6,all,all,dayPeak Spearman across rides,chronos2_grid,0.8183473452494684,0.8059044539928436,0.829782597720623,797.0,False,797,33,wt_med,-0.0024964467536692236,-0.010683825612068177,0.006471647322177885,-0.01989370435476303,0.015502749383449555,765.0,0.9659090909090909,False
UC3,6,all,all,dayPeak Spearman across rides,chronos2_nocov,0.8139094398290375,0.8008076444268226,0.8254622742533684,797.0,False,797,33,wt_med,-0.005832309789426393,-0.014242269098758698,0.0031712606549262994,-0.02461799532175064,0.010817202925682067,765.0,0.9659090909090909,False
UC3,6,all,all,dayPeak Spearman across rides,chronos2_owx,0.8145218022373836,0.8014094948768615,0.826753905415535,797.0,False,797,33,wt_med,-0.0053697733503181855,-0.014217399060726166,0.0034873679280281048,-0.02400881052017212,0.012093898653984065,765.0,0.9659090909090909,False
UC3,6,all,all,dayPeak Spearman across rides,chronos2_owx_x_h5,0.8271074606696258,0.8160169959068299,0.8385296553373337,811.0,False,811,33,wt_med,-0.006407045404465794,-0.013000118732452392,0.001300416886806486,-0.02203367054462433,0.007625463604927062,792.0,1.0,False
UC3,6,all,all,dayPeak Spearman across rides,chronos2_x_h5,0.8265201798852518,0.8155999913811683,0.8381940692663192,811.0,False,811,33,wt_med,-0.00690251274337772,-0.013559843599796294,0.0009228736162185658,-0.02257706820964813,0.007428276538848875,792.0,1.0,False
UC3,6,all,all,dayPeak Spearman across rides,clim,0.8293004072582472,0.8159592941403389,0.8422339856624603,720.0,False,720,33,wt_med,-0.007328249787358909,-0.014010941982269287,-0.0010142162442207357,-0.016246598958969117,0.000584279000759122,713.0,0.9002525252525253,False
UC3,6,all,all,dayPeak Spearman across rides,h5,0.8320360870955101,0.8195907935500145,0.8432819932699204,810.0,False,810,33,wt_med,-0.00039566535529445,-0.00288073867559433,0.002324731647968292,-0.003639417886734009,0.0031772643327713014,792.0,1.0,False
UC3,6,all,all,dayPeak Spearman across rides,lvlh5_cbd,0.6823441580764563,0.6572365820407867,0.7051779389381408,404.0,False,404,18,wt_med,-0.1545234874880803,-0.177123786509037,-0.1317581683397293,-0.21052662879228592,-0.11093519479036332,397.0,0.5012626262626263,False
UC3,6,all,all,dayPeak Spearman across rides,lvlh5_naive,0.8221774534979059,0.8083472684025764,0.8345000654458999,791.0,False,791,33,wt_med,-0.011867489773737305,-0.018295291066169738,-0.005684368312358857,-0.021410810947418212,-0.0041634202003479025,780.0,0.9848484848484849,False
UC3,6,all,all,dayPeak Spearman across rides,lvlh5_tft,0.8026878011344614,0.7867223396897316,0.8189121231436729,514.0,False,514,19,wt_med,-0.032133995178106445,-0.043548201024532315,-0.021385104954242708,-0.04767279624938965,-0.018743824958801277,506.0,0.6388888888888888,False
UC3,6,all,all,dayPeak Spearman across rides,prod_served,0.8294618526112527,0.8123517036437988,0.8458755597472191,510.0,False,510,19,wt_med,-0.003990756073987578,-0.01233195960521698,0.005009956657886504,-0.014243952929973602,0.004312776029109953,498.0,0.6287878787878788,False
UC3,6,all,all,dayPeak Spearman across rides,prod_served_lin,0.8290634838440294,0.8120315000414848,0.8461418196558952,513.0,False,513,19,wt_med,-0.0002980813517929892,-0.009025682508945466,0.009094586968421936,-0.00876777172088623,0.007237660884857176,499.0,0.6300505050505051,False
UC3,6,all,all,dayPeak Spearman across rides,snaive7,0.822519987025902,0.806577916443348,0.8372938334941864,608.0,False,608,33,wt_med,-0.007134915496999628,-0.020656172931194306,0.005684708058834073,-0.025106789171695707,0.010305847227573392,601.0,0.7588383838383839,False
UC3,6,all,all,dayPeak Spearman across rides,wt_med,0.8341941997518,0.8219020634889602,0.846482190489769,792.0,False,792,33,wt_med,,,,,,,,
UC3,7,all,all,dayPeak Spearman across rides,chronos2,0.8216164527823566,0.8103678375482559,0.8339545026421546,768.0,False,768,32,wt_med,-0.0007509591638903412,-0.008716590702533722,0.007041780650615692,-0.021119077503681184,0.022061239182949055,733.0,0.9695767195767195,False
UC3,7,all,all,dayPeak Spearman across rides,chronos2_grid,0.823621248884911,0.8113814204931259,0.8361504003405571,768.0,False,768,32,wt_med,-8.150766961612099e-05,-0.008891318738460541,0.008561810851097106,-0.019331619143486023,0.021927620470523834,733.0,0.9695767195767195,False
UC3,7,all,all,dayPeak Spearman across rides,chronos2_nocov,0.8194456108254453,0.8069905042648315,0.8329741671681404,768.0,False,768,32,wt_med,-0.0016860929045947604,-0.009626829624176025,0.005942530930042267,-0.020917730033397676,0.018776747584342956,733.0,0.9695767195767195,False
UC3,7,all,all,dayPeak Spearman across rides,chronos2_owx,0.8212660439297119,0.8090408697724343,0.8339602902531624,768.0,False,768,32,wt_med,0.00045108525151316137,-0.007189801335334778,0.008187729120254516,-0.019497965276241303,0.023594306409358976,733.0,0.9695767195767195,False
UC3,7,all,all,dayPeak Spearman across rides,chronos2_owx_x_h5,0.8345291730578224,0.8240542426705361,0.8447435200214386,776.0,False,776,32,wt_med,0.004405461295365898,-0.003790478408336639,0.012931442260742186,-0.011358940601348877,0.022152836620807633,756.0,1.0,False
UC3,7,all,all,dayPeak Spearman across rides,chronos2_x_h5,0.8332341048806986,0.8229400724172592,0.8435335457324982,776.0,False,776,32,wt_med,0.0029328753001127694,-0.00510995090007782,0.01138441413640976,-0.01210869699716568,0.02040245085954666,756.0,1.0,False
UC3,7,all,all,dayPeak Spearman across rides,clim,0.8252173102857809,0.8101451054215432,0.840189078450203,684.0,False,684,32,wt_med,-0.011359520897514575,-0.017167426645755768,-0.00486164391040802,-0.01951877474784851,-0.0046906054019928,674.0,0.8915343915343915,False
UC3,7,all,all,dayPeak Spearman across rides,h5,0.8313986716874927,0.8183728203177452,0.8443410143256187,775.0,False,775,32,wt_med,-0.00022131612411835366,-0.0025660440325736998,0.00250699073076248,-0.0033769965171813964,0.0030986398458480837,755.0,0.9986772486772487,False
UC3,7,all,all,dayPeak Spearman across rides,lvlh5_cbd,0.6728119440650461,0.6486611530184746,0.695658403635025,395.0,False,395,17,wt_med,-0.1572323466693043,-0.17996146231889726,-0.13632673770189285,-0.21705733835697175,-0.11320466548204423,389.0,0.5145502645502645,False
UC3,7,all,all,dayPeak Spearman across rides,lvlh5_naive,0.8247156655383453,0.8117935955524445,0.8372036129236221,752.0,False,752,32,wt_med,-0.008093233356851193,-0.014807437360286713,-0.0016170784831047063,-0.018966831266880035,0.004666122794151304,736.0,0.9735449735449735,False
UC3,7,all,all,dayPeak Spearman across rides,lvlh5_tft,0.799061353418033,0.7820338904857635,0.8163999378681183,488.0,False,488,18,wt_med,-0.028809502056250325,-0.04058524668216705,-0.017767187952995304,-0.04717964679002762,-0.011217604577541363,479.0,0.6335978835978836,False
UC3,7,all,all,dayPeak Spearman across rides,prod_served,0.8294976222909528,0.8124488174915314,0.8473098799586296,482.0,False,482,18,wt_med,0.00326620842950498,-0.007230247557163238,0.01353798657655715,-0.006295718252658844,0.013112330436706543,470.0,0.6216931216931217,False
UC3,7,all,all,dayPeak Spearman across rides,prod_served_lin,0.832948783853619,0.8156729906797409,0.8501951858401299,483.0,False,483,18,wt_med,0.004690467859761571,-0.0054691419005393985,0.014267408847808836,-0.003949801623821258,0.013886941969394682,472.0,0.6243386243386243,False
UC3,7,all,all,dayPeak Spearman across rides,wt_med,0.829662403305937,0.815344212949276,0.8442311137914658,756.0,False,756,32,wt_med,,,,,,,,
UC3,10,all,all,dayPeak Spearman across rides,chronos2_owx_x_h5,0.8431489946197904,0.8339170634746551,0.8526991114020348,818.0,False,818,32,clim,-0.008516853866152418,-0.014746557176113128,-0.0021186277270317092,-0.022846759855747224,0.0036938101053237914,699.0,0.9971469329529244,False
UC3,10,all,all,dayPeak Spearman across rides,chronos2_x_h5,0.8427475887480842,0.8337300345301628,0.8520631894469262,818.0,False,818,32,clim,-0.00861169641449,-0.01481209248304367,-0.0022355675697326664,-0.02319152057170868,0.004100251197814938,699.0,0.9971469329529244,False
UC3,10,all,all,dayPeak Spearman across rides,clim,0.8561242910646611,0.8450021117925643,0.8656789541244507,701.0,False,701,32,clim,,,,,,,,
UC3,10,all,all,dayPeak Spearman across rides,h5,0.8583113331544718,0.8492856338620186,0.8670653060078621,817.0,False,817,32,clim,0.010472621439029162,0.005716140568256378,0.015280358493328093,0.004405742883682251,0.018022218346595766,699.0,0.9971469329529244,True
UC3,10,all,all,dayPeak Spearman across rides,lvlh5_cbd,0.6267623584339104,0.6000591441988945,0.6543720215559006,415.0,False,415,17,clim,-0.2003776220616158,-0.22496157884597778,-0.1771402418613434,-0.2769597381353378,-0.1448377475142479,372.0,0.5306704707560628,False
UC3,10,all,all,dayPeak Spearman across rides,lvlh5_naive,0.8459430520831617,0.8359024286270141,0.8560398206114769,810.0,False,810,32,clim,0.0016321515669931452,-0.004476994276046753,0.007882963120937345,-0.0066717639565467834,0.010871031880378723,699.0,0.9971469329529244,False
UC3,10,all,all,dayPeak Spearman across rides,lvlh5_tft,0.8189987247348854,0.8061136797070503,0.8314697876572609,511.0,False,511,18,clim,-0.02865884394033913,-0.03896538317203522,-0.019152896106243135,-0.04654118865728378,-0.012571579217910767,455.0,0.6490727532097005,False
UC3,10,all,all,dayPeak Spearman across rides,prod_served,0.8540582346593748,0.8435887277126313,0.8641940161585808,510.0,False,510,18,clim,0.005446346654199519,-0.001971711218357086,0.012881608307361602,-0.002957366406917572,0.014885906875133513,455.0,0.6490727532097005,False
UC3,10,all,all,dayPeak Spearman across rides,prod_served_lin,0.8535554239946114,0.8426763087511062,0.8637254983186722,515.0,False,515,18,clim,0.005913944372727187,-0.0015438854694366454,0.013423588871955872,-0.0027763411402702332,0.01527900546789169,458.0,0.6533523537803139,False
UC3,10,all,all,dayPeak Spearman across rides,wt_med,0.8548869626412361,0.8446373268961906,0.8645779684185981,786.0,False,786,32,clim,0.007940618419735479,0.0036546275019645694,0.012153248488903045,0.0020788863301277162,0.014977672696113584,693.0,0.9885877318116976,True
UC3,14,all,all,dayPeak Spearman across rides,chronos2_owx_x_h5,0.8228862872165297,0.8107292115688324,0.8351648926734925,749.0,False,749,31,wt_med,-0.0007014951064194808,-0.008160707354545592,0.006931385397911068,-0.015424150228500366,0.015398874878883362,714.0,1.0,False
UC3,14,all,all,dayPeak Spearman across rides,chronos2_x_h5,0.8219481395185526,0.8100960165262222,0.8342949181795121,749.0,False,749,31,wt_med,-0.0016458255692152202,-0.009449222683906555,0.005744831264019012,-0.016583836078643797,0.014175494015216825,714.0,1.0,False
UC3,14,all,all,dayPeak Spearman across rides,clim,0.8189493522940388,0.8033261701464653,0.8348272547125817,652.0,False,652,31,wt_med,-0.00773735791543162,-0.01461481600999832,-0.0005784884095191957,-0.014962044358253478,-0.0022157460451126105,638.0,0.8935574229691877,False
UC3,14,all,all,dayPeak Spearman across rides,h5,0.8235302107415422,0.8103139951825142,0.8374416440725326,746.0,False,746,31,wt_med,-0.002798692478324205,-0.005778844654560089,-0.00026909559965133673,-0.006148962676525116,0.0001394033432006835,714.0,1.0,False
UC3,14,all,all,dayPeak Spearman across rides,lvlh5_cbd,0.6674379021870251,0.6414732068777085,0.6905530214309692,364.0,False,364,16,wt_med,-0.15225355666883222,-0.17890678197145463,-0.12983010709285736,-0.20506479889154433,-0.10966107249259949,352.0,0.49299719887955185,False
UC3,14,all,all,dayPeak Spearman across rides,lvlh5_naive,0.8105486777799938,0.7966684013605118,0.8253600627183915,717.0,False,717,31,wt_med,-0.018758946827924894,-0.027063557505607603,-0.011004815995693208,-0.032725104689598085,-0.008451470732688907,691.0,0.9677871148459384,False
UC3,14,all,all,dayPeak Spearman across rides,lvlh5_tft,0.7925891459405402,0.7740687668323517,0.811233788728714,456.0,False,456,17,wt_med,-0.027900836152907837,-0.038475687801837924,-0.017945399880409243,-0.042966870963573454,-0.01372129917144776,439.0,0.6148459383753502,False
UC3,14,all,all,dayPeak Spearman across rides,prod_served,0.823328105071858,0.8046410977840424,0.8412904649972915,448.0,False,448,17,wt_med,0.0019508716249055924,-0.006429587304592132,0.010008542239665984,-0.00710901916027069,0.011750988662242886,427.0,0.5980392156862745,False
UC3,14,all,all,dayPeak Spearman across rides,prod_served_lin,0.8240875474331392,0.8057069450616836,0.8425973147153855,450.0,False,450,17,wt_med,0.0025035303687376276,-0.00569562017917633,0.010255165398120878,-0.0061425983905792235,0.011802096664905544,429.0,0.6008403361344538,False
UC3,14,all,all,dayPeak Spearman across rides,wt_med,0.8269752646784978,0.8134710267186165,0.8416549026966095,714.0,False,714,31,wt_med,,,,,,,,
UC3,21,all,all,dayPeak Spearman across rides,chronos2_owx_x_h5,0.8213408729963525,0.8096935153007507,0.8341575026512146,715.0,False,715,30,wt_med,0.0011621304465643245,-0.007136648893356324,0.009477218985557555,-0.015024821460247039,0.017754423618316646,676.0,0.9985228951255539,False
UC3,21,all,all,dayPeak Spearman across rides,chronos2_x_h5,0.819747214645505,0.808013166487217,0.8326185837388038,715.0,False,715,30,wt_med,-0.0009215795000139249,-0.009006419777870178,0.007125495374202723,-0.0171755850315094,0.015461817383766167,676.0,0.9985228951255539,False
UC3,21,all,all,dayPeak Spearman across rides,clim,0.8170546238716605,0.8011588722467422,0.8333577901124954,619.0,False,619,30,wt_med,-0.004432414925576222,-0.011395065486431122,0.0027487576007843005,-0.0099317267537117,0.0008039504289627068,602.0,0.8892171344165436,False
UC3,21,all,all,dayPeak Spearman across rides,h5,0.8174762141065325,0.8035580709576606,0.8316524446010589,713.0,False,713,30,wt_med,-0.0010456265287194233,-0.004211887717247009,0.0024105399847030623,-0.005257630348205566,0.0026459351181983945,677.0,1.0,False
UC3,21,all,all,dayPeak Spearman across rides,lvlh5_cbd,0.6734245139331416,0.6468175336718559,0.6998340934514999,334.0,False,334,15,wt_med,-0.13472245060925236,-0.1593460351228714,-0.11045402139425278,-0.1937110036611557,-0.0848361760377884,316.0,0.4667651403249631,False
UC3,21,all,all,dayPeak Spearman across rides,lvlh5_naive,0.8032432334889004,0.7871536955237388,0.8181100204586983,683.0,False,683,30,wt_med,-0.018777116891039447,-0.02767450213432312,-0.011136294901371004,-0.03153560161590576,-0.008969186246395111,652.0,0.9630723781388478,False
UC3,21,all,all,dayPeak Spearman across rides,lvlh5_tft,0.7909641889692145,0.7714499682188034,0.809983441233635,420.0,False,420,16,wt_med,-0.02323711589915811,-0.03468038886785507,-0.01164163798093796,-0.04017708152532577,-0.008829624950885774,397.0,0.5864106351550961,False
UC3,21,all,all,dayPeak Spearman across rides,prod_served,0.8163139014608904,0.7953858777880669,0.8363434344530105,414.0,False,414,16,wt_med,0.010487899930249123,0.0005631238222122193,0.02084141373634338,0.0005621328949928283,0.021894016861915586,383.0,0.5657311669128509,True
UC3,21,all,all,dayPeak Spearman across rides,prod_served_lin,0.8130713940667923,0.7915064439177513,0.8353916108608246,417.0,False,417,16,wt_med,0.011110887760310328,0.0009686991572380066,0.02146140038967132,0.0016424894332885743,0.021830075979232786,384.0,0.5672082717872969,True
UC3,21,all,all,dayPeak Spearman across rides,wt_med,0.818540468708653,0.8037356540560723,0.8345368504524231,677.0,False,677,30,wt_med,,,,,,,,
UC3,30,all,all,dayPeak Spearman across rides,chronos2_owx_x_h5,0.8436859602723111,0.8331959158182144,0.8536891043186188,696.0,False,696,29,clim,-0.010164455024124996,-0.018547911942005158,-0.0026788339018821747,-0.023629435896873472,0.003295306861400602,564.0,0.9964664310954063,False
UC3,30,all,all,dayPeak Spearman across rides,chronos2_x_h5,0.8433463189669428,0.8330282479524612,0.8530382573604584,696.0,False,696,29,clim,-0.010591053302788755,-0.019254671037197114,-0.0027589663863182073,-0.024269624054431914,0.003053900599479674,564.0,0.9964664310954063,False
UC3,30,all,all,dayPeak Spearman across rides,clim,0.8648851963599814,0.8538419038057328,0.8749235346913338,566.0,False,566,29,clim,,,,,,,,
UC3,30,all,all,dayPeak Spearman across rides,h5,0.861862285500184,0.8518615216016769,0.8707612186670304,693.0,False,693,29,clim,0.0014595992625298093,-0.0061937600374221795,0.008414526283740996,-0.006279993057250977,0.009494905173778535,564.0,0.9964664310954063,False
UC3,30,all,all,dayPeak Spearman across rides,lvlh5_cbd,0.6601764447009936,0.630872830748558,0.6878462925553321,322.0,False,322,14,clim,-0.1712252557137217,-0.20104287266731263,-0.144188529253006,-0.21853545308113098,-0.12591779083013535,274.0,0.4840989399293286,False
UC3,30,all,all,dayPeak Spearman across rides,lvlh5_naive,0.8575074562367636,0.848085218667984,0.8669275373220444,687.0,False,687,29,clim,-0.002107250244057335,-0.009276722371578217,0.00526047796010971,-0.013200321793556213,0.009746800363063808,564.0,0.9964664310954063,False
UC3,30,all,all,dayPeak Spearman across rides,lvlh5_tft,0.8296073773138156,0.8156312614679336,0.8432399004697799,344.0,False,344,14,clim,-0.01887942403622045,-0.03108595609664917,-0.007566972076892854,-0.037437142431735994,0.003765356540679905,292.0,0.5159010600706714,False
UC3,30,all,all,dayPeak Spearman across rides,prod_served,0.8553786810909104,0.842641468346119,0.867236290872097,364.0,False,364,14,clim,0.00021548072633481574,-0.012272724509239196,0.013272973895072931,-0.016872434318065642,0.02016036212444304,300.0,0.5300353356890459,False
UC3,30,all,all,dayPeak Spearman across rides,prod_served_lin,0.8583238798757317,0.8462113425135612,0.8692816317081451,366.0,False,366,14,clim,0.0022438110337147377,-0.009661008417606354,0.015221622586250302,-0.014610116183757783,0.02221244871616363,301.0,0.5318021201413428,False
UC3,30,all,all,dayPeak Spearman across rides,wt_med,0.8625109725332363,0.8511553630232811,0.8732450053095817,634.0,False,634,29,clim,0.004037468496154051,-0.002411678433418274,0.010403516888618469,-0.0032687291502952577,0.01184215098619461,551.0,0.9734982332155477,False
UC3,45,all,all,dayPeak Spearman across rides,chronos2_owx_x_h5,0.8199711659909555,0.8075940027832985,0.8310988798737526,642.0,False,642,27,clim,-0.016247284703177156,-0.025454193353652954,-0.007436074316501618,-0.03260031789541244,-0.0012593179941177417,518.0,1.0,False
UC3,45,all,all,dayPeak Spearman across rides,chronos2_x_h5,0.8189075765389761,0.8065769463777542,0.8300890058279038,642.0,False,642,27,clim,-0.0177588031036775,-0.026856322586536408,-0.009089386463165285,-0.03438781052827835,-0.0026866048574447645,518.0,1.0,False
UC3,45,all,all,dayPeak Spearman across rides,clim,0.8485715838908932,0.8363667771220207,0.8598546713590622,518.0,False,518,27,clim,,,,,,,,
UC3,45,all,all,dayPeak Spearman across rides,h5,0.8439888634704344,0.832773533463478,0.853744775056839,641.0,False,641,27,clim,0.0024805950089020756,-0.003652864694595337,0.008456835150718687,-0.005186204612255096,0.009916308522224424,518.0,1.0,False
UC3,45,all,all,dayPeak Spearman across rides,lvlh5_cbd,0.635989402014105,0.5833900675177575,0.68403832167387,102.0,False,102,12,clim,-0.158904285455866,-0.2010638415813446,-0.11969611048698425,-0.2155679687857628,-0.10918422639369965,93.0,0.17953667953667954,False
UC3,45,all,all,dayPeak Spearman across rides,lvlh5_naive,0.8268308464705725,0.813709631562233,0.8385355457663536,637.0,False,637,27,clim,-0.00885490045781212,-0.017052705585956573,-0.001070605218410494,-0.0193527489900589,0.0017122000455856317,518.0,1.0,False
UC3,45,all,all,dayPeak Spearman across rides,lvlh5_tft,0.7939481458294297,0.771878358721733,0.811532837152481,256.0,False,256,11,clim,-0.04007823747696648,-0.05564687550067902,-0.025352485477924354,-0.06434581577777862,-0.02063537538051606,223.0,0.4305019305019305,False
UC3,45,all,all,dayPeak Spearman across rides,prod_served,0.8343676834845795,0.8182619586586952,0.8492085203528404,273.0,False,273,12,clim,-0.002831149046715886,-0.016619639098644258,0.009365031123161316,-0.01707451492547989,0.012544110417366021,234.0,0.4517374517374517,False
UC3,45,all,all,dayPeak Spearman across rides,prod_served_lin,0.8383475877683987,0.8231081768870354,0.8519603103399277,274.0,False,274,12,clim,-0.0010181408106576528,-0.01479237973690033,0.01152726113796234,-0.014598408341407776,0.014641681313514709,235.0,0.45366795366795365,False
UC3,45,all,all,dayPeak Spearman across rides,wt_med,0.8469773417951991,0.8350979462265968,0.8571124315261841,584.0,False,584,27,clim,0.002124892182791549,-0.003341744840145111,0.0077903628349304125,-0.007578270137310028,0.011029319465160366,507.0,0.9787644787644788,False
UC3,60,all,all,dayPeak Spearman across rides,chronos2_owx_x_h5,0.8140663241820035,0.7984686434268952,0.8283028945326805,557.0,False,557,25,wt_med,-0.010575873968310612,-0.01877194792032242,-0.0028068587183952337,-0.022185318171977997,0.00042323321104049033,521.0,1.0,False
UC3,60,all,all,dayPeak Spearman across rides,chronos2_x_h5,0.8123783530098634,0.7963913038372994,0.8268688157200813,557.0,False,557,25,wt_med,-0.011970283726687514,-0.0197064608335495,-0.004211649298667908,-0.024041494727134703,-0.0009917110204696784,521.0,1.0,False
UC3,60,all,all,dayPeak Spearman across rides,clim,0.8101477925953904,0.7919087737798691,0.828248044848442,470.0,False,470,25,wt_med,-0.00858102926924842,-0.017749962210655213,0.0005768239498138421,-0.019472584128379822,0.0013651162385940538,453.0,0.8694817658349329,False
UC3,60,all,all,dayPeak Spearman across rides,h5,0.8214131244625689,0.8054837688803673,0.8363407120108605,555.0,False,555,25,wt_med,-0.0038345237446865132,-0.006741286814212799,-0.0009929463267326372,-0.007739076018333435,-0.00015786886215210034,520.0,0.9980806142034548,False
UC3,60,all,all,dayPeak Spearman across rides,lvlh5_naive,0.8043012728937479,0.7863698333501816,0.8228094696998596,530.0,False,530,25,wt_med,-0.0272270805737147,-0.034546054899692535,-0.01915072798728943,-0.04739150404930115,-0.013822418451309213,505.0,0.9692898272552783,False
UC3,60,all,all,dayPeak Spearman across rides,lvlh5_tft,0.2741858299948747,-0.4803844690322876,0.6236095428466797,4.0,False,4,4,wt_med,-0.3757395855071849,-0.5196155309677124,-0.23567098379135132,-0.3757396936416626,-0.3757396340370178,3.0,0.005758157389635317,False
UC3,60,all,all,dayPeak Spearman across rides,prod_served,0.9025631791740198,0.708804726600647,1.0,3.0,False,3,3,wt_med,0.0011143332019147856,0.0,0.003343045711517334,0.0011143684387207031,0.0011144280433654785,3.0,0.005758157389635317,True
UC3,60,all,all,dayPeak Spearman across rides,prod_served_lin,0.9025631791740198,0.708804726600647,1.0,3.0,False,3,3,wt_med,0.0011143332019147856,0.0,0.003343045711517334,0.0011143684387207031,0.0011144280433654785,3.0,0.005758157389635317,True
UC3,60,all,all,dayPeak Spearman across rides,wt_med,0.8252836759654739,0.8080213069915771,0.8411553546786308,521.0,False,521,25,wt_med,,,,,,,,
UC3,90,all,all,dayPeak Spearman across rides,chronos2_owx_x_h5,0.7949701670962408,0.7772716224193573,0.8144899845123291,421.0,False,421,21,wt_med,-0.014033026912067537,-0.02379472702741623,-0.004904434084892273,-0.031499695777893064,-0.00027230679988861313,394.0,1.0,False
UC3,90,all,all,dayPeak Spearman across rides,chronos2_x_h5,0.7925255423146123,0.7750789269804954,0.8118921533226967,421.0,False,421,21,wt_med,-0.01611524643109441,-0.025710980594158172,-0.007181420922279358,-0.034235434234142305,-0.001025335490703589,394.0,1.0,False
UC3,90,all,all,dayPeak Spearman across rides,clim,0.8116749808190363,0.7947631627321243,0.8294379830360412,362.0,False,362,21,wt_med,-0.008760535617576948,-0.017682485282421112,-0.00020648390054702834,-0.022901499271392824,0.0036705553531646722,350.0,0.8883248730964467,False
UC3,90,all,all,dayPeak Spearman across rides,h5,0.8136238350141601,0.796965765953064,0.8313010305166244,414.0,False,414,21,wt_med,-0.005428045219350364,-0.010780532658100129,-0.0009012922644615174,-0.010394427180290221,-0.0012723863124847413,391.0,0.9923857868020305,False
UC3,90,all,all,dayPeak Spearman across rides,lvlh5_naive,0.7994844722685313,0.7811424687504769,0.8182801872491836,401.0,False,401,21,wt_med,-0.015798531202470878,-0.02394871711730957,-0.007944397628307344,-0.02601209282875061,-0.0064961731433868415,380.0,0.9644670050761421,False
UC3,90,all,all,dayPeak Spearman across rides,wt_med,0.817655483345487,0.8003978297114372,0.8357419475913048,394.0,False,394,21,wt_med,,,,,,,,
D4,1,all,all,optimiser regret (min per park-day),chronos2,40.86503067484663,38.498067951202394,43.22067289352417,652.0,True,652,33,wt_med,2.9914196567862703,0.4912093162536621,5.383401203155517,-1.0180800437927244,6.738367748260497,641.0,1.0,False
D4,1,all,all,optimiser regret (min per park-day),chronos2_grid,36.05751533742331,33.7080753326416,38.399370193481445,652.0,True,652,33,wt_med,-2.078003120124805,-4.298324775695801,-0.13171167373657247,-4.890528774261474,0.6269066333770746,641.0,1.0,False
D4,1,all,all,optimiser regret (min per park-day),chronos2_nocov,46.60122699386503,43.86922445297241,49.50019874572754,652.0,True,652,33,wt_med,8.634945397815912,5.982720470428467,11.359309577941895,4.211295223236084,12.456203746795655,641.0,1.0,False
D4,1,all,all,optimiser regret (min per park-day),chronos2_owx,40.482361963190186,37.99804430007934,42.9226393699646,652.0,True,652,33,wt_med,2.4890795631825284,-0.028536224365234324,4.888609504699706,-1.6194799423217772,6.229925680160522,641.0,1.0,False
D4,1,all,all,optimiser regret (min per park-day),chronos2_owx_x_h5,36.8027950310559,34.283661651611325,39.56563262939453,644.0,True,644,33,wt_med,-1.0382215288611576,-2.9477909088134764,0.7678857803344724,-3.6080856323242188,1.4489052772521973,641.0,1.0,False
D4,1,all,all,optimiser regret (min per park-day),chronos2_x_h5,37.08307453416149,34.54197826385498,39.86143703460693,644.0,True,644,33,wt_med,-0.7566302652106103,-2.640168285369873,1.0457550048828121,-3.3337638854980467,1.7489292144775388,641.0,1.0,False
D4,1,all,all,optimiser regret (min per park-day),clim,39.145081967213116,36.49254398345947,41.969620895385745,610.0,True,610,33,wt_med,1.5998349834983472,-0.32532300949096676,3.647057247161865,-1.2544877052307128,4.264439582824705,606.0,0.9453978159126365,False
D4,1,all,all,optimiser regret (min per park-day),h5,36.7515625,34.25833425521851,39.56512708663941,640.0,True,640,33,wt_med,-0.6904388714733543,-2.4174034118652346,1.0463034629821772,-3.053684139251709,1.4844911575317383,638.0,0.9953198127925117,False
D4,1,all,all,optimiser regret (min per park-day),lvlh5_cbd,31.319218241042346,27.936290884017943,34.82355804443359,307.0,True,307,18,wt_med,-2.4022801302931605,-5.3194904804229735,0.32333803176879766,-5.022816133499146,-0.06765799522399912,307.0,0.4789391575663027,True
D4,1,all,all,optimiser regret (min per park-day),lvlh5_naive,36.74183006535948,34.17174215316773,39.53987016677856,612.0,True,612,33,wt_med,-0.8846153846153868,-2.7003823280334474,1.0654862403869627,-3.3580504417419434,1.3180768013000486,611.0,0.953198127925117,False
D4,1,all,all,optimiser regret (min per park-day),lvlh5_tft,34.31863979848867,31.245329761505126,37.931373786926265,397.0,True,397,19,wt_med,-1.4861460957178778,-3.7533406734466555,0.8595991134643551,-4.392808341979981,1.5322237014770506,397.0,0.6193447737909517,False
D4,1,all,all,optimiser regret (min per park-day),snaive7,43.67399267399267,40.781449222564696,46.50857629776001,546.0,True,546,33,wt_med,5.6252302025782726,2.743686294555664,8.489240741729736,2.5679529190063475,8.825740146636962,543.0,0.8471138845553822,False
D4,1,all,all,optimiser regret (min per park-day),wt_med,37.53354134165367,35.115008449554445,40.500056934356685,641.0,True,641,33,wt_med,,,,,,,,
D4,3,all,all,optimiser regret (min per park-day),chronos2,42.46998535871157,39.902301692962645,45.044032192230226,683.0,True,683,33,wt_med,4.64008941877794,2.0853349685668947,7.491519260406494,0.2577670097351075,9.174575805664062,671.0,1.0,False
D4,3,all,all,optimiser regret (min per park-day),chronos2_grid,36.86090775988287,34.33369064331055,39.43647031784057,683.0,True,683,33,wt_med,-1.207153502235471,-3.6035584449768066,1.1490678787231445,-5.201597404479981,2.242986011505125,671.0,1.0,False
D4,3,all,all,optimiser regret (min per park-day),chronos2_nocov,48.54612005856515,45.61470880508423,51.38367137908936,683.0,True,683,33,wt_med,10.459761549925481,7.516015529632568,12.922160053253172,6.803106021881104,14.040993213653564,671.0,1.0,False
D4,3,all,all,optimiser regret (min per park-day),chronos2_owx,43.780380673499266,41.08769016265869,46.531670570373535,683.0,True,683,33,wt_med,5.869597615499252,3.4708666801452637,8.744941329956054,1.7374969482421876,10.289758586883544,671.0,1.0,False
D4,3,all,all,optimiser regret (min per park-day),chronos2_owx_x_h5,36.77157738095238,33.917172241210935,39.51138982772827,672.0,True,672,33,wt_med,-1.2507462686567195,-3.0804818153381346,0.6675650596618649,-3.28112907409668,0.918321323394775,670.0,0.9985096870342772,False
D4,3,all,all,optimiser regret (min per park-day),chronos2_x_h5,36.97247023809524,34.02695159912109,39.796671295166014,672.0,True,672,33,wt_med,-1.0492537313432848,-2.921464729309082,0.9215450286865229,-2.9828805923461914,1.013489246368408,670.0,0.9985096870342772,False
D4,3,all,all,optimiser regret (min per park-day),clim,39.68336025848142,36.789736652374266,42.98684730529785,619.0,True,619,33,wt_med,1.6241883116883074,-0.5832203865051269,3.8455265045166014,-0.9861572265625,5.074240398406982,616.0,0.9180327868852459,False
D4,3,all,all,optimiser regret (min per park-day),h5,37.30192878338279,34.61295404434204,40.248827838897704,674.0,True,674,33,wt_med,-0.6587183308494815,-2.520456409454346,1.1565052986145017,-2.6021862506866453,1.5360044479370114,671.0,1.0,False
D4,3,all,all,optimiser regret (min per park-day),lvlh5_cbd,36.946220930232556,32.77235860824585,41.728188610076906,344.0,True,344,18,wt_med,0.3270348837209269,-3.162655162811279,4.112320137023925,-2.596053218841553,4.276039171218872,344.0,0.5126676602086438,False
D4,3,all,all,optimiser regret (min per park-day),lvlh5_naive,36.05098934550989,33.41680393218994,38.728713035583496,657.0,True,657,33,wt_med,-2.1610687022900805,-3.957856369018555,-0.3074470520019534,-4.518000984191895,0.43988142013549764,655.0,0.9761549925484352,False
D4,3,all,all,optimiser regret (min per park-day),lvlh5_tft,34.58293838862559,31.32810068130493,37.990502548217776,422.0,True,422,19,wt_med,-2.226303317535546,-4.917200756072998,0.5510223388671864,-4.961356830596924,0.5046882152557373,422.0,0.6289120715350224,False
D4,3,all,all,optimiser regret (min per park-day),prod_served,41.72261904761905,38.25468559265137,45.34233331680298,420.0,True,420,19,wt_med,4.696428571428569,1.6845105171203614,7.61466360092163,0.3465746879577637,9.122515773773193,420.0,0.6259314456035767,False
D4,3,all,all,optimiser regret (min per park-day),prod_served_lin,42.09880952380952,38.638723373413086,45.78045091629028,420.0,True,420,19,wt_med,5.0726190476190425,2.127829074859619,8.215770149230956,0.4674137115478516,9.686069297790526,420.0,0.6259314456035767,False
D4,3,all,all,optimiser regret (min per park-day),snaive7,41.37986463620982,38.44838314056396,44.147557449340816,591.0,True,591,33,wt_med,3.5803418803418836,0.6934501647949218,6.264605998992919,1.1636849403381349,6.154439544677734,585.0,0.8718330849478391,False
D4,3,all,all,optimiser regret (min per park-day),wt_med,37.84426229508197,35.15138483047485,40.72452478408813,671.0,True,671,33,wt_med,,,,,,,,
D4,7,all,all,optimiser regret (min per park-day),chronos2,44.45867098865478,41.69461698532105,47.21590490341187,617.0,True,617,32,clim,5.650862068965516,2.9793088912963865,8.598921775817871,2.5007140159606935,8.408684635162354,580.0,1.0,False
D4,7,all,all,optimiser regret (min per park-day),chronos2_grid,36.83306320907617,34.49089822769165,39.53339643478394,617.0,True,617,32,clim,-2.271551724137929,-4.773724365234375,0.3872363090515132,-4.955806922912598,0.5425285339355466,580.0,1.0,False
D4,7,all,all,optimiser regret (min per park-day),chronos2_nocov,51.78606158833063,48.47155532836914,54.96979255676269,617.0,True,617,32,clim,13.229310344827589,10.54719820022583,16.158234119415283,8.838187789916992,17.287754154205324,580.0,1.0,False
D4,7,all,all,optimiser regret (min per park-day),chronos2_owx,45.27309562398703,42.50373363494873,48.09154195785523,617.0,True,617,32,clim,6.46551724137931,3.925080394744873,9.263425636291503,3.008470153808594,9.329780387878419,580.0,1.0,False
D4,7,all,all,optimiser regret (min per park-day),chronos2_owx_x_h5,36.54718543046358,33.77850685119629,39.21895809173584,604.0,True,604,32,clim,-2.681739130434785,-5.054672336578369,-0.3119411468505861,-5.4103861331939695,-0.3267727851867677,575.0,0.9913793103448276,True
D4,7,all,all,optimiser regret (min per park-day),chronos2_x_h5,36.609271523178805,33.87240161895752,39.33508672714233,604.0,True,604,32,clim,-2.66434782608696,-5.0280414581298825,-0.274131011962891,-5.400403451919556,-0.42361526489257995,575.0,0.9913793103448276,True
D4,7,all,all,optimiser regret (min per park-day),clim,39.20948275862069,36.074203968048096,42.24840507507324,580.0,True,580,32,clim,,,,,,,,
D4,7,all,all,optimiser regret (min per park-day),h5,37.442880794701985,34.63093032836914,40.14719200134277,604.0,True,604,32,clim,-2.0234782608695667,-4.215787029266357,0.10186243057250866,-4.569978427886963,0.1388930320739746,575.0,0.9913793103448276,False
D4,7,all,all,optimiser regret (min per park-day),lvlh5_cbd,33.5265780730897,30.015954208374023,36.991451263427734,301.0,True,301,17,clim,-4.2458193979933085,-7.690475606918335,-0.7020088195800782,-8.774653053283691,-0.5732158660888678,299.0,0.5155172413793103,True
D4,7,all,all,optimiser regret (min per park-day),lvlh5_naive,37.992105263157896,35.23837556838989,40.65042037963867,570.0,True,570,32,clim,-1.390681003584227,-3.8817657470703124,1.0680531501770012,-3.958614063262939,0.9046240806579582,558.0,0.9620689655172414,False
D4,7,all,all,optimiser regret (min per park-day),lvlh5_tft,33.99184782608695,31.109246826171876,37.15140771865845,368.0,True,368,18,clim,-3.46143250688705,-6.6751587867736815,-0.4506315231323251,-7.574048233032227,-0.06694211959839061,363.0,0.6258620689655172,True
D4,7,all,all,optimiser regret (min per park-day),prod_served,39.56910569105691,36.373131942749026,42.79877681732178,369.0,True,369,18,clim,2.1752717391304373,-0.7358003616333008,5.172830867767333,-1.7982047080993653,5.434531688690183,368.0,0.6344827586206897,False
D4,7,all,all,optimiser regret (min per park-day),prod_served_lin,42.1029810298103,38.48541374206543,45.79717664718628,369.0,True,369,18,clim,4.75,2.1564197540283203,7.391447448730468,1.7089120864868166,7.625495433807372,368.0,0.6344827586206897,False
D4,7,all,all,optimiser regret (min per park-day),wt_med,39.33665008291874,36.44575138092041,42.148463535308835,603.0,True,603,32,clim,0.41913043478260903,-1.9632966995239258,2.6223009109497055,-2.0160661697387696,2.681028652191162,575.0,0.9913793103448276,False
D4,14,all,all,optimiser regret (min per park-day),chronos2_owx_x_h5,37.533562822719446,34.69499187469482,40.2498836517334,581.0,True,581,31,clim,-1.9448462929475596,-4.156999778747559,0.49371271133422756,-4.181465148925781,0.29680881500244066,553.0,0.9875,False
D4,14,all,all,optimiser regret (min per park-day),chronos2_x_h5,37.7013769363167,34.90675067901611,40.4302433013916,581.0,True,581,31,clim,-1.8047016274864376,-4.054304790496826,0.5920448303222655,-3.9203339576721192,0.391281414031982,553.0,0.9875,False
D4,14,all,all,optimiser regret (min per park-day),clim,39.660714285714285,36.82772531509399,42.50776271820068,560.0,True,560,31,clim,,,,,,,,
D4,14,all,all,optimiser regret (min per park-day),h5,38.312714776632305,35.53242015838623,41.03325500488281,582.0,True,582,31,clim,-1.1723826714801433,-3.385469436645508,1.032354259490966,-3.0416894912719727,1.0464560508728027,554.0,0.9892857142857143,False
D4,14,all,all,optimiser regret (min per park-day),lvlh5_cbd,36.82608695652174,33.14777793884277,41.026631927490236,276.0,True,276,16,clim,0.6624087591240837,-2.821118640899658,4.531723976135254,-4.52474193572998,5.365381908416748,274.0,0.48928571428571427,False
D4,14,all,all,optimiser regret (min per park-day),lvlh5_naive,39.39670932358318,36.43494091033936,42.29386444091797,547.0,True,547,31,clim,-0.4307116104868953,-2.7032986640930177,1.9754775047302233,-2.7206835746765137,1.9786438941955562,534.0,0.9535714285714286,False
D4,14,all,all,optimiser regret (min per park-day),lvlh5_tft,35.66180758017493,32.09696397781372,39.21456451416016,343.0,True,343,17,clim,-0.31213017751479555,-3.0941960334777834,2.448044395446777,-4.237660694122314,3.6739510059356686,338.0,0.6035714285714285,False
D4,14,all,all,optimiser regret (min per park-day),prod_served,41.10818713450293,37.891427230834964,44.27014636993408,342.0,True,342,17,clim,4.674486803519066,1.5637007713317872,7.864412879943847,0.7337318420410156,8.58623833656311,341.0,0.6089285714285714,False
D4,14,all,all,optimiser regret (min per park-day),prod_served_lin,40.71345029239766,37.53180103302002,44.00595474243164,342.0,True,342,17,clim,4.278592375366571,1.2881080627441408,7.050447082519531,0.8764524459838868,7.622092723846435,341.0,0.6089285714285714,False
D4,14,all,all,optimiser regret (min per park-day),wt_med,40.529259896729776,37.5962438583374,43.43720684051514,581.0,True,581,31,clim,1.114620938628157,-0.8963377952575683,3.3689585685729977,-0.5484664916992188,3.293911647796627,554.0,0.9892857142857143,False
D4,30,all,all,optimiser regret (min per park-day),chronos2_owx_x_h5,38.29037800687285,35.59731197357178,41.05003128051758,582.0,True,582,29,wt_med,-1.3922413793103416,-3.628109836578369,0.7927453994750971,-4.604125595092773,1.3349724769592275,580.0,0.9982788296041308,False
D4,30,all,all,optimiser regret (min per park-day),chronos2_x_h5,38.810137457044675,36.083548831939694,41.50189056396484,582.0,True,582,29,wt_med,-0.8706896551724128,-3.1621797561645506,1.3203202247619628,-3.936102199554443,1.8505726814270016,580.0,0.9982788296041308,False
D4,30,all,all,optimiser regret (min per park-day),clim,41.85096153846154,38.83916301727295,44.799171924591064,520.0,True,520,29,wt_med,1.4278752436647153,-1.0094304084777832,3.911686420440672,-1.4405214309692382,3.975640296936035,513.0,0.882960413080895,False
D4,30,all,all,optimiser regret (min per park-day),h5,38.0713058419244,35.19859113693237,40.71705675125122,582.0,True,582,29,wt_med,-1.6120689655172384,-3.8060462951660154,0.5566846847534178,-4.250986385345459,0.9644113540649412,580.0,0.9982788296041308,False
D4,30,all,all,optimiser regret (min per park-day),lvlh5_cbd,38.95593869731801,34.040927505493165,43.281014919281006,261.0,True,261,14,wt_med,-1.923076923076927,-6.028104591369629,1.835746860504149,-6.875356292724609,3.4728386402130127,260.0,0.4475043029259897,False
D4,30,all,all,optimiser regret (min per park-day),lvlh5_naive,39.67914438502674,36.77824230194092,42.63148860931396,561.0,True,561,29,wt_med,-0.2862254025044706,-2.4237451553344727,1.8503953933715818,-2.8545358180999756,2.5811987876892086,559.0,0.9621342512908778,False
D4,30,all,all,optimiser regret (min per park-day),lvlh5_tft,37.56554307116105,33.801497840881346,41.535343360900875,267.0,True,267,13,wt_med,-3.0921052631578974,-6.887944316864013,0.5610238075256337,-8.662911510467529,1.4061429023742664,266.0,0.4578313253012048,False
D4,30,all,all,optimiser regret (min per park-day),prod_served,49.41818181818182,45.31017942428589,54.12680578231811,275.0,True,275,14,wt_med,8.37591240875912,4.1990742683410645,13.429046916961669,3.228432369232178,13.667618608474731,274.0,0.47160068846815834,False
D4,30,all,all,optimiser regret (min per park-day),prod_served_lin,49.154545454545456,44.75253028869629,53.95643472671509,275.0,True,275,14,wt_med,8.111313868613138,3.710095691680908,12.819969940185546,2.796501350402832,13.793751049041749,274.0,0.47160068846815834,False
D4,30,all,all,optimiser regret (min per park-day),wt_med,39.6815834767642,36.73027353286743,42.53209762573242,581.0,True,581,29,wt_med,,,,,,,,
D1,0-120,all,all,next-best precision,chronos2,0.6553277231243333,0.5997056022286416,0.7100361183285713,8437.0,False,705,33,wt_med,0.11691204720863069,0.0702370747923851,0.16223506480455396,-0.013283963501453399,0.2484227210283279,8409.0,0.9218335867912231,False
D1,0-120,all,all,next-best precision,clim,0.4961100130367131,0.47491720095276835,0.5152630224823952,23779.0,False,789,33,wt_med,-0.02279252641857471,-0.03169935792684555,-0.014073871076107029,-0.0388744905591011,-0.005384633690118799,23733.0,0.987095372583098,False
D1,0-120,all,all,next-best precision,h5,0.5359802847754654,0.5118399068713189,0.5595816418528556,18260.0,False,792,33,wt_med,0.01785924626028501,0.011721700429916382,0.023813343048095702,0.007635711878538132,0.02697116434574127,18257.0,0.9986096024331957,True
D1,0-120,all,all,next-best precision,lvlh5_naive,0.5368255694519969,0.5135346904397011,0.5602870970964432,16551.0,False,757,33,wt_med,0.015934432641304896,0.005748765170574188,0.026080077886581416,-0.003135330975055694,0.03363170474767685,16540.0,0.9736258961546818,False
D1,0-120,all,all,next-best precision,lvlh5_tft,0.5371799172537179,0.5032677233219147,0.5706035241484642,8943.0,False,500,33,wt_med,0.039203968606166484,0.016059546172618868,0.06129745692014694,0.009480808675289155,0.07243449091911315,8932.0,0.6328915924397133,True
D1,0-120,all,all,next-best precision,snaive7,0.4982082784847155,0.48073083683848383,0.515497873723507,27348.0,False,773,33,wt_med,-0.029848994392778494,-0.045886387676000596,-0.013432786613702775,-0.056664574146270755,0.0010894291102886199,27232.0,0.9635889637193135,False
D1,0-120,all,all,next-best precision,wt_med,0.5181403432543993,0.4971327245235443,0.5399080201983452,23015.0,False,804,33,wt_med,,,,,,,,
D1,0-60,all,all,next-best precision,chronos2,0.5782701929949964,0.5196690306067466,0.6376808494329452,6995.0,False,669,33,wt_med,0.1188221318464775,0.06888546869158745,0.17048314735293388,-0.01947111114859581,0.273526855558157,6966.0,0.8946967170152952,False
D1,0-60,all,all,next-best precision,clim,0.4137946986168293,0.3939365312457085,0.43246622309088706,21617.0,False,784,33,wt_med,-0.021087593065614474,-0.02965739369392395,-0.013104084879159927,-0.036798612028360364,-0.0035596676170825967,21564.0,0.9867060561299852,False
D1,0-60,all,all,next-best precision,h5,0.44798698167791706,0.42520399019122124,0.4708299830555916,16592.0,False,783,33,wt_med,0.012895144273674664,0.007635132223367691,0.01844041794538498,0.0036311618983745574,0.022014346718788148,16590.0,0.9980940582265212,True
D1,0-60,all,all,next-best precision,lvlh5_naive,0.446449821499405,0.42386435344815254,0.4690508857369423,15126.0,False,744,33,wt_med,0.008574527828018763,-0.0005155049264430996,0.0183029867708683,-0.007432536780834198,0.02361143007874488,15117.0,0.9729356268166007,False
D1,0-60,all,all,next-best precision,lvlh5_tft,0.4490815944020992,0.4172643154859543,0.48178011998534204,8003.0,False,491,33,wt_med,0.028499783074365237,0.006769607961177827,0.04904636144638062,0.0009173855185508731,0.06020949706435203,7982.0,0.6291037308810216,True
D1,0-60,all,all,next-best precision,snaive7,0.4145347144223969,0.39783460199832915,0.4308300316333771,24039.0,False,768,33,wt_med,-0.030834232800858008,-0.04597926139831543,-0.01548421531915665,-0.05529021844267845,-0.004017604142427445,23893.0,0.9594034402249011,False
D1,0-60,all,all,next-best precision,wt_med,0.4348882641635298,0.4136084608733654,0.4559746913611889,20987.0,False,800,33,wt_med,,,,,,,,
D1,0-120,all,all,next-best precision (top-3),chronos2,0.7081835483188835,0.6782219871878624,0.7359947443008423,4729.0,False,705,33,wt_med,0.08539353296280805,0.06241550445556641,0.10814202576875687,0.016598598659038545,0.14765583425760267,4703.0,0.912726469288555,True
D1,0-120,all,all,next-best precision (top-3),clim,0.5680813439434129,0.5473740980029106,0.5862750947475434,9048.0,False,789,33,wt_med,-0.033927256799594074,-0.04359765201807022,-0.024963317811489107,-0.0474278524518013,-0.02170165032148362,9011.0,0.9823243482103402,False
D1,0-120,all,all,next-best precision (top-3),h5,0.6016019716574246,0.5800246819853783,0.6208958253264427,8115.0,False,792,33,wt_med,0.0009599042795673807,-0.005631430447101593,0.006987155973911281,-0.007715374231338501,0.008641445636749262,8112.0,0.9966858152894388,False
D1,0-120,all,all,next-best precision (top-3),lvlh5_naive,0.5928786490378322,0.5710194692015648,0.6133455470204353,7639.0,False,757,33,wt_med,-0.011057539427785645,-0.02157486379146576,-0.0003074899315834046,-0.02921925038099289,0.008694711327552793,7628.0,0.9655324790101635,False
D1,0-120,all,all,next-best precision (top-3),lvlh5_tft,0.5921678926871484,0.5657717123627662,0.6168435871601105,4622.0,False,500,33,wt_med,0.004117213277816001,-0.011743772029876708,0.01950469017028808,-0.016163590550422668,0.027991999685764303,4611.0,0.6331197525408749,False
D1,0-120,all,all,next-best precision (top-3),snaive7,0.5885805763073639,0.5724876910448075,0.6034568607807159,9370.0,False,773,33,wt_med,-0.021863030761151925,-0.03512950986623764,-0.01006806194782257,-0.041280582547187805,-0.0030513063073158275,9308.0,0.9625497127706584,False
D1,0-120,all,all,next-best precision (top-3),wt_med,0.6005302695536898,0.5800694704055787,0.6191582456231117,9052.0,False,804,33,wt_med,,,,,,,,
D1,0-60,all,all,next-best precision (top-3),chronos2,0.6451294697903822,0.6130062609910965,0.6763542354106903,4055.0,False,669,33,wt_med,0.09883236697953046,0.07476620078086853,0.12433735728263855,0.018781258165836336,0.17096855789422988,4028.0,0.8802161167950339,True
D1,0-60,all,all,next-best precision (top-3),clim,0.4905292159338767,0.4693046256899834,0.5092408612370491,8711.0,False,784,33,wt_med,-0.027702617654379535,-0.03692852705717087,-0.018816892057657245,-0.04032969921827316,-0.015924761444330218,8666.0,0.9811472583055524,False
D1,0-60,all,all,next-best precision (top-3),h5,0.5209302325581395,0.49905416667461394,0.540101908147335,7740.0,False,783,33,wt_med,0.002648987333677022,-0.003543420135974884,0.009083548188209532,-0.006743325293064117,0.011529366672039031,7738.0,0.995631681802506,False
D1,0-60,all,all,next-best precision (top-3),lvlh5_naive,0.5100451004510045,0.4885430321097374,0.5289535269141197,7317.0,False,744,33,wt_med,-0.012479383139216038,-0.02231575846672058,-0.002160772681236269,-0.02775220200419426,0.005888953804969785,7308.0,0.9636739855155765,False
D1,0-60,all,all,next-best precision (top-3),lvlh5_tft,0.5120772946859904,0.4861195243895054,0.5368276759982109,4347.0,False,491,33,wt_med,0.005645997955608717,-0.009484631568193435,0.022591173648834225,-0.015041496604681015,0.0306859940290451,4326.0,0.626508794114266,False
D1,0-60,all,all,next-best precision (top-3),snaive7,0.49983223353092493,0.4838459223508835,0.5152466088533402,8941.0,False,768,33,wt_med,-0.02853735492782683,-0.04175773933529854,-0.0168640710413456,-0.04799346774816513,-0.008242360502481462,8856.0,0.9594206230601219,False
D1,0-60,all,all,next-best precision (top-3),wt_med,0.5175307506609955,0.497324588149786,0.535982608795166,8699.0,False,800,33,wt_med,,,,,,,,
D1,0-120,all,all,next-best recall,chronos2,0.2397450351227127,0.22809579111635686,0.2517951145768166,23062.0,False,810,33,snaive7,-0.3510536813806261,-0.3715113133192062,-0.32939010858535767,-0.38199185878038405,-0.31591006070375444,23062.0,1.0,False
D1,0-120,all,all,next-best recall,clim,0.5115341254010927,0.491090502589941,0.5342969983816147,23062.0,False,810,33,snaive7,-0.07926459110224615,-0.10066673457622528,-0.0565309837460518,-0.10580341145396233,-0.05509755015373231,23062.0,1.0,False
D1,0-120,all,all,next-best recall,h5,0.4243777642875726,0.40411886274814607,0.4442654848098755,23062.0,False,810,33,snaive7,-0.1664209522157662,-0.18532141745090486,-0.1452636018395424,-0.19404414519667626,-0.13152821511030197,23062.0,1.0,False
D1,0-120,all,all,next-best recall,lvlh5_naive,0.3852658052207094,0.36570407897233964,0.4052888214588165,23062.0,False,810,33,snaive7,-0.2055329112826294,-0.2223306655883789,-0.18689838498830796,-0.23080143034458162,-0.17915399596095086,23062.0,1.0,False
D1,0-120,all,all,next-best recall,lvlh5_tft,0.20830803919868182,0.1899128083139658,0.226075030118227,23062.0,False,810,33,snaive7,-0.382490677304657,-0.4078297697007656,-0.35636918544769286,-0.42138130590319633,-0.32460383176803587,23062.0,1.0,False
D1,0-120,all,all,next-best recall,snaive7,0.5907987165033388,0.5682043105363845,0.6121469587087631,23062.0,False,810,33,snaive7,,,,,,,,
D1,0-120,all,all,next-best recall,wt_med,0.5170843812331974,0.4958454713225365,0.5385922148823739,23062.0,False,810,33,snaive7,-0.07371433527014137,-0.09287791401147842,-0.053137588500976565,-0.09922955632209778,-0.042639502882957474,23062.0,1.0,False
D1,0-60,all,all,next-best recall,chronos2,0.22230160474829633,0.21015967801213264,0.23435440063476562,18196.0,False,805,33,snaive7,-0.3253462299406463,-0.346549317240715,-0.3033131115138531,-0.35392228588461877,-0.29513929039239883,18196.0,1.0,False
D1,0-60,all,all,next-best recall,clim,0.49159155858430426,0.47170139849185944,0.5145346716046333,18196.0,False,805,33,snaive7,-0.05605627610463837,-0.07737684324383735,-0.03247163444757462,-0.08456813767552376,-0.030794561654329308,18196.0,1.0,False
D1,0-60,all,all,next-best recall,h5,0.4084963728291932,0.38754269331693647,0.43000094369053843,18196.0,False,805,33,snaive7,-0.13915146185974941,-0.15923527479171753,-0.1180309422314167,-0.16696905493736267,-0.10659191086888316,18196.0,1.0,False
D1,0-60,all,all,next-best recall,lvlh5_naive,0.37112552209276767,0.3509680688381195,0.39253320544958115,18196.0,False,805,33,snaive7,-0.17652231259617496,-0.19413739442825317,-0.15704527273774146,-0.19632126912474632,-0.15331497117877008,18196.0,1.0,False
D1,0-60,all,all,next-best recall,lvlh5_tft,0.19751593756869643,0.17917444817721845,0.21531750857830048,18196.0,False,805,33,snaive7,-0.35013189712024617,-0.3744458854198456,-0.32512502595782283,-0.3881586864590645,-0.2952818371355534,18196.0,1.0,False
D1,0-60,all,all,next-best recall,snaive7,0.5476478346889426,0.5246633157134056,0.5693475618958473,18196.0,False,805,33,snaive7,,,,,,,,
D1,0-60,all,all,next-best recall,wt_med,0.5015937568696417,0.4807237729430199,0.5226317495107651,18196.0,False,805,33,snaive7,-0.04605407781930093,-0.06730121448636055,-0.02481968104839325,-0.07032980620861054,-0.018441136181354532,18196.0,1.0,False
D6,1,all,all,crowd bucket exact,lvl_cbd,0.19597989949748743,0.15872610434889795,0.23656455464661122,398.0,False,398,33,lvl_snaive7,-0.2607594936708861,-0.33179304748773575,-0.19384200759232045,-0.35409854277968406,-0.16233830712735656,395.0,0.5083655083655083,False
D6,1,all,all,crowd bucket exact,lvl_chronos2,0.4581218274111675,0.42655774354934695,0.4947049394249916,788.0,False,788,33,lvl_snaive7,0.06563706563706562,0.027521711587905884,0.1085827000439167,0.02475854828953743,0.10316778495907783,777.0,1.0,True
D6,1,all,all,crowd bucket exact,lvl_chronos2_owx,0.4543147208121827,0.4215387850999832,0.4890726014971733,788.0,False,788,33,lvl_snaive7,0.061776061776061764,0.02425954267382622,0.10273520871996879,0.020794527977705004,0.09897784739732741,777.0,1.0,True
D6,1,all,all,crowd bucket exact,lvl_clim,0.2982233502538071,0.2670949354767799,0.3290939323604107,788.0,False,788,33,lvl_snaive7,-0.09781209781209782,-0.14469912201166152,-0.04761737957596779,-0.15745431929826736,-0.04139800518751146,777.0,1.0,False
D6,1,all,all,crowd bucket exact,lvl_naive4,0.3938618925831202,0.3587041854858398,0.4285897947847843,782.0,False,782,33,lvl_snaive7,0.0,-0.03567205816507339,0.03629846349358558,-0.054518884420394896,0.04997976347804065,775.0,0.9974259974259975,False
D6,1,all,all,crowd bucket exact,lvl_snaive7,0.3963963963963964,0.36193425580859184,0.4314842917025089,777.0,False,777,33,lvl_snaive7,,,,,,,,
D6,1,all,all,crowd bucket exact,lvl_tft,0.4459203036053131,0.40154981017112734,0.48794504851102827,527.0,False,527,33,lvl_snaive7,0.01915708812260536,-0.033753947168588636,0.06966588348150252,-0.04695709347724915,0.08561142385005947,522.0,0.6718146718146718,False
D6,1,all,all,crowd bucket exact,lvl_wt56,0.3680203045685279,0.335867939889431,0.40201745480298995,788.0,False,788,33,lvl_snaive7,-0.02702702702702703,-0.07114661931991577,0.021454609185457198,-0.08018274530768395,0.02623087242245674,777.0,1.0,False
D6,2,all,all,crowd bucket exact,lvl_cbd,0.12980769230769232,0.09973869770765305,0.16171624325215814,416.0,False,416,33,lvl_naive4,-0.3221153846153846,-0.3820605769753456,-0.2612783633172512,-0.40339041128754616,-0.2375317819416523,416.0,0.52,False
D6,2,all,all,crowd bucket exact,lvl_chronos2,0.4376558603491272,0.40216981023550036,0.4730930432677269,802.0,False,802,33,lvl_naive4,-0.02625000000000005,-0.0662282183766365,0.014224027097225183,-0.07439941316843032,0.023360966145992278,800.0,1.0,False
D6,2,all,all,crowd bucket exact,lvl_chronos2_owx,0.4451371571072319,0.41068811565637586,0.4800593078136444,802.0,False,802,33,lvl_naive4,-0.018750000000000044,-0.057405320554971696,0.024976322799921027,-0.0668729268014431,0.02863455936312674,800.0,1.0,False
D6,2,all,all,crowd bucket exact,lvl_clim,0.428927680798005,0.3965957209467888,0.46204519420862195,802.0,False,802,33,lvl_naive4,-0.036250000000000004,-0.07387911677360534,0.003946986049413658,-0.07086249887943268,-0.0015900671482086202,800.0,1.0,False
D6,2,all,all,crowd bucket exact,lvl_naive4,0.465,0.43236245661973954,0.4981235831975937,800.0,False,800,33,lvl_naive4,,,,,,,,
D6,2,all,all,crowd bucket exact,lvl_snaive7,0.43467336683417085,0.4015338055789471,0.4665886476635933,796.0,False,796,33,lvl_naive4,-0.03148614609571787,-0.07117419466376304,0.006670545786619175,-0.06624650806188584,0.008609170466661447,794.0,0.9925,False
D6,2,all,all,crowd bucket exact,lvl_tft,0.43045112781954886,0.3904583863914013,0.47409123331308367,532.0,False,532,33,lvl_naive4,-0.024436090225563922,-0.07358578220009804,0.031042226403951625,-0.08536130040884018,0.04045296460390091,532.0,0.665,False
D6,2,all,all,crowd bucket exact,lvl_wt56,0.4226932668329177,0.3902720592916012,0.4565272808074951,802.0,False,802,33,lvl_naive4,-0.04375000000000001,-0.08050881624221802,-0.008452727645635615,-0.09009685069322586,0.0016117870807647692,800.0,1.0,False
D6,3,all,all,crowd bucket exact,lvl_cbd,0.17026378896882494,0.13742578960955143,0.2069844450801611,417.0,False,417,33,lvl_naive4,-0.30935251798561153,-0.37410869002342223,-0.24413303881883625,-0.3895312950015068,-0.22564712874591353,417.0,0.5205992509363296,False
D6,3,all,all,crowd bucket exact,lvl_chronos2,0.428927680798005,0.3938215896487236,0.4643321827054024,802.0,False,802,33,lvl_naive4,-0.01747815230961297,-0.0580967016518116,0.02161455079913139,-0.055845741927623746,0.01866818219423294,801.0,1.0,False
D6,3,all,all,crowd bucket exact,lvl_chronos2_owx,0.43640897755610975,0.401523382216692,0.47144156917929647,802.0,False,802,33,lvl_naive4,-0.009987515605493102,-0.05015122890472412,0.028766141831874842,-0.04688019752502441,0.02675516009330749,801.0,1.0,False
D6,3,all,all,crowd bucket exact,lvl_clim,0.36159600997506236,0.32671586349606513,0.39498835876584054,802.0,False,802,33,lvl_naive4,-0.08489388264669162,-0.12704539597034453,-0.03761064410209656,-0.13232294768095015,-0.03650935664772988,801.0,1.0,False
D6,3,all,all,crowd bucket exact,lvl_naive4,0.4469413233458177,0.4094993472099304,0.4825672425329685,801.0,False,801,33,lvl_naive4,,,,,,,,
D6,3,all,all,crowd bucket exact,lvl_snaive7,0.3907035175879397,0.3550213150680065,0.42595390751957896,796.0,False,796,33,lvl_naive4,-0.060377358490566024,-0.0993802361190319,-0.022580487281084066,-0.09988675788044929,-0.01883349269628525,795.0,0.9925093632958801,False
D6,3,all,all,crowd bucket exact,lvl_tft,0.4124293785310734,0.3690229281783104,0.4563790313899517,531.0,False,531,33,lvl_naive4,-0.041431261770244865,-0.0968401551246643,0.00991894975304602,-0.0847526267170906,0.006712272018194198,531.0,0.6629213483146067,False
D6,3,all,all,crowd bucket exact,lvl_wt56,0.4164588528678304,0.38290247693657875,0.450626976788044,802.0,False,802,33,lvl_naive4,-0.031210986267166008,-0.06722768694162369,0.003901693224906921,-0.07573347985744476,0.012171110510826106,801.0,1.0,False
D6,4,all,all,crowd bucket exact,lvl_cbd,0.195,0.15801793113350868,0.23219771906733513,400.0,False,400,33,lvl_snaive7,-0.23809523809523808,-0.3007966488599777,-0.17863444648683074,-0.3267374254763126,-0.15296930335462094,399.0,0.525,False
D6,4,all,all,crowd bucket exact,lvl_chronos2,0.4086161879895561,0.3723615400493145,0.44231136962771417,766.0,False,766,33,lvl_snaive7,0.010526315789473661,-0.02935693636536598,0.04756411537528037,-0.012958210706710814,0.03750761598348617,760.0,1.0,False
D6,4,all,all,crowd bucket exact,lvl_chronos2_owx,0.4073107049608355,0.3713105984032154,0.44094590172171594,766.0,False,766,33,lvl_snaive7,0.009210526315789447,-0.027873925119638442,0.04598587304353713,-0.01636439561843872,0.03796461671590805,760.0,1.0,False
D6,4,all,all,crowd bucket exact,lvl_clim,0.31070496083550914,0.27864375337958336,0.3422657109797001,766.0,False,766,33,lvl_snaive7,-0.08947368421052632,-0.13724182769656182,-0.046667592227458976,-0.13433219604194163,-0.048117078840732595,760.0,1.0,False
D6,4,all,all,crowd bucket exact,lvl_naive4,0.38998682476943347,0.3535762429237366,0.4253790415823459,759.0,False,759,33,lvl_snaive7,-0.013227513227513199,-0.0557182714343071,0.024824440479278558,-0.04569156840443611,0.018784978985786425,756.0,0.9947368421052631,False
D6,4,all,all,crowd bucket exact,lvl_snaive7,0.4,0.3662917844951153,0.43368820026516913,760.0,False,760,33,lvl_snaive7,,,,,,,,
D6,4,all,all,crowd bucket exact,lvl_tft,0.3956692913385827,0.3517779283225536,0.4398572355508804,508.0,False,508,33,lvl_snaive7,-0.015873015873015872,-0.06655214503407478,0.034482747316360474,-0.06863083839416503,0.04208016842603683,504.0,0.6631578947368421,False
D6,4,all,all,crowd bucket exact,lvl_wt56,0.32114882506527415,0.2887683719396591,0.3530215106904507,766.0,False,766,33,lvl_snaive7,-0.08026315789473687,-0.12451633289456368,-0.03950780183076859,-0.12407929077744484,-0.03830556869506836,760.0,1.0,False
D6,5,all,all,crowd bucket exact,lvl_cbd,0.25,0.2114809390157461,0.2936586171388626,396.0,False,396,33,lvl_snaive7,-0.13705583756345177,-0.20430719815194606,-0.06817327588796616,-0.2124771974980831,-0.06618166640400888,394.0,0.5331529093369418,False
D6,5,all,all,crowd bucket exact,lvl_chronos2,0.38451268357810414,0.3483420699834824,0.42078253626823425,749.0,False,749,33,lvl_snaive7,0.0054127198917455766,-0.03894485086202622,0.047813821583986275,-0.03763233050704003,0.047307062894105904,739.0,1.0,False
D6,5,all,all,crowd bucket exact,lvl_chronos2_owx,0.3871829105473965,0.35080421045422555,0.42179532498121264,749.0,False,749,33,lvl_snaive7,0.008119079837618393,-0.0354286715388298,0.05148135423660278,-0.03378535211086273,0.05042411163449287,739.0,1.0,False
D6,5,all,all,crowd bucket exact,lvl_clim,0.2910547396528705,0.25864281728863714,0.32567699402570727,749.0,False,749,33,lvl_snaive7,-0.08525033829499323,-0.13257627412676812,-0.032072180509567276,-0.15441232360899448,-0.03097082674503327,739.0,1.0,False
D6,5,all,all,crowd bucket exact,lvl_naive4,0.3724696356275304,0.33806428462266924,0.40816467702388765,741.0,False,741,33,lvl_snaive7,-0.0054421768707483276,-0.04473781436681747,0.03571772798895836,-0.05398936942219734,0.03900553658604621,735.0,0.9945872801082544,False
D6,5,all,all,crowd bucket exact,lvl_snaive7,0.37753721244925575,0.343303781747818,0.412891960889101,739.0,False,739,33,lvl_snaive7,,,,,,,,
D6,5,all,all,crowd bucket exact,lvl_tft,0.4161616161616162,0.3722911596298218,0.4596962511539459,495.0,False,495,33,lvl_snaive7,0.0368098159509202,-0.0160008043050766,0.0899383433163166,-0.011241751164197922,0.07995730116963384,489.0,0.6617050067658998,False
D6,5,all,all,crowd bucket exact,lvl_wt56,0.32176234979973295,0.2872710809111595,0.35560369715094564,749.0,False,749,33,lvl_snaive7,-0.056833558863328804,-0.1076731689274311,-0.00793652832508088,-0.12538996040821077,-0.0016334779560566025,739.0,1.0,False
D6,6,all,all,crowd bucket exact,lvl_cbd,0.22807017543859648,0.18798525519669057,0.2696098893880844,399.0,False,399,33,lvl_snaive7,-0.20403022670025192,-0.2608853533864021,-0.14689094461500649,-0.26879504397511483,-0.14188899099826816,397.0,0.5272244355909694,False
D6,6,all,all,crowd bucket exact,lvl_chronos2,0.43889618922470436,0.4034332916140556,0.4739107802510261,761.0,False,761,33,lvl_snaive7,0.01195219123505975,-0.02790183052420616,0.05380651876330376,-0.023905902355909347,0.048715238273143766,753.0,1.0,False
D6,6,all,all,crowd bucket exact,lvl_chronos2_owx,0.43495400788436267,0.4000000059604645,0.4700027160346508,761.0,False,761,33,lvl_snaive7,0.007968127490039834,-0.032148418575525285,0.05068694129586219,-0.02921705022454262,0.047638919204473475,753.0,1.0,False
D6,6,all,all,crowd bucket exact,lvl_clim,0.28383705650459923,0.254046481102705,0.31482853293418883,761.0,False,761,33,lvl_snaive7,-0.14741035856573703,-0.19168657809495926,-0.10072940587997439,-0.20512819327414036,-0.08784159943461418,753.0,1.0,False
D6,6,all,all,crowd bucket exact,lvl_naive4,0.41379310344827586,0.376109279692173,0.4492953881621361,754.0,False,754,33,lvl_snaive7,-0.014686248331108154,-0.058449119329452515,0.02728837952017784,-0.06684665009379387,0.03313853517174721,749.0,0.9946879150066401,False
D6,6,all,all,crowd bucket exact,lvl_snaive7,0.4302788844621514,0.396549978107214,0.46299433931708334,753.0,False,753,33,lvl_snaive7,,,,,,,,
D6,6,all,all,crowd bucket exact,lvl_tft,0.40476190476190477,0.36362749636173247,0.450514966994524,504.0,False,504,33,lvl_snaive7,-0.030060120240480936,-0.08113720417022705,0.024103745818138116,-0.06870265454053878,0.006470552831888195,499.0,0.6626826029216467,False
D6,6,all,all,crowd bucket exact,lvl_wt56,0.33508541392904073,0.30330809503793715,0.36871512457728384,761.0,False,761,33,lvl_snaive7,-0.09694555112881809,-0.14147207289934158,-0.05419686809182167,-0.15749280229210855,-0.036016801744699484,753.0,1.0,False
D6,7,all,all,crowd bucket exact,lvl_cbd,0.20876288659793815,0.16833213493227958,0.25072004571557044,388.0,False,388,32,lvl_wt56,-0.1108247422680412,-0.17441206239163876,-0.047081821784377136,-0.19232758954167367,-0.03186683729290963,388.0,0.5300546448087432,False
D6,7,all,all,crowd bucket exact,lvl_chronos2,0.38114754098360654,0.3436582013964653,0.41500034630298616,732.0,False,732,32,lvl_wt56,0.05737704918032782,0.021012011915445328,0.09272650778293609,0.020133396983146666,0.09598852246999741,732.0,1.0,True
D6,7,all,all,crowd bucket exact,lvl_chronos2_owx,0.3879781420765027,0.35174199640750886,0.4211977146565914,732.0,False,732,32,lvl_wt56,0.064207650273224,0.027275947481393815,0.10072839111089706,0.026984670013189316,0.1039491347968578,732.0,1.0,True
D6,7,all,all,crowd bucket exact,lvl_clim,0.2718579234972678,0.24013897106051446,0.3039262808859348,732.0,False,732,32,lvl_wt56,-0.05191256830601093,-0.08345038890838623,-0.021475098282098773,-0.08615772277116776,-0.021596296876668933,732.0,1.0,False
D6,7,all,all,crowd bucket exact,lvl_naive4,0.31301939058171746,0.27890305742621424,0.34688748344779013,722.0,False,722,32,lvl_wt56,-0.012465373961218829,-0.04909284114837646,0.024815443903207758,-0.06058318912982941,0.04407583996653555,722.0,0.9863387978142076,False
D6,7,all,all,crowd bucket exact,lvl_tft,0.4063157894736842,0.3641714058816433,0.45214183926582335,475.0,False,475,32,lvl_wt56,0.0652631578947368,0.006300251185894013,0.12145942971110343,0.014282344281673432,0.1253937490284443,475.0,0.6489071038251366,True
D6,7,all,all,crowd bucket exact,lvl_wt56,0.3237704918032787,0.2892613559961319,0.3569689191877842,732.0,False,732,32,lvl_wt56,,,,,,,,
D6,10,all,all,crowd bucket exact,lvl_cbd,0.1678832116788321,0.1341687373816967,0.209602178260684,411.0,False,411,32,lvl_naive4,-0.2773722627737226,-0.33896313309669496,-0.21262879595160486,-0.35953817069530486,-0.19236726425588133,411.0,0.5330739299610895,False
D6,10,all,all,crowd bucket exact,lvl_chronos2,0.4378238341968912,0.39997491165995597,0.47133986130356786,772.0,False,772,32,lvl_naive4,0.0038910505836575737,-0.03755845576524734,0.042681235820054994,-0.042255227267742154,0.05003409236669537,771.0,1.0,False
D6,10,all,all,crowd bucket exact,lvl_chronos2_owx,0.43134715025906734,0.3936295434832573,0.4662362702190876,772.0,False,772,32,lvl_naive4,-0.0025940337224383825,-0.04314136505126953,0.03579657897353169,-0.04635307639837265,0.040233456343412397,771.0,1.0,False
D6,10,all,all,crowd bucket exact,lvl_clim,0.3471502590673575,0.31307345628738403,0.37859199196100235,772.0,False,772,32,lvl_naive4,-0.08560311284046696,-0.13110590353608131,-0.04366042837500573,-0.14985645338892936,-0.02064280509948732,771.0,1.0,False
D6,10,all,all,crowd bucket exact,lvl_naive4,0.43320363164721143,0.3983451507985592,0.4660249873995781,771.0,False,771,32,lvl_naive4,,,,,,,,
D6,10,all,all,crowd bucket exact,lvl_tft,0.398406374501992,0.3577772662043571,0.440387536585331,502.0,False,502,32,lvl_naive4,-0.03187250996015939,-0.08163465857505799,0.017684070765972115,-0.08492272272706032,0.028042317926883692,502.0,0.6511024643320363,False
D6,10,all,all,crowd bucket exact,lvl_wt56,0.3795336787564767,0.3467818282544613,0.4151914715766907,772.0,False,772,32,lvl_naive4,-0.054474708171206254,-0.09314835518598556,-0.01694914698600769,-0.10656045749783516,0.0013465858995914404,771.0,1.0,False
D6,14,all,all,crowd bucket exact,lvl_cbd,0.21666666666666667,0.17478441186249255,0.26121976524591445,360.0,False,360,31,lvl_naive4,-0.07500000000000001,-0.1394249428063631,-0.01332051493227483,-0.16076930053532124,0.011926630511879902,360.0,0.5179856115107914,False
D6,14,all,all,crowd bucket exact,lvl_chronos2,0.3338048090523338,0.2982641726732254,0.36692576631903645,707.0,False,707,31,lvl_naive4,0.03165467625899282,-0.009825138002634048,0.0725350260734558,-0.006541467458009719,0.06932343021035194,695.0,1.0,False
D6,14,all,all,crowd bucket exact,lvl_chronos2_owx,0.3422913719943423,0.30547355860471725,0.37749848812818526,707.0,False,707,31,lvl_naive4,0.0402877697841727,-0.0014749713242053985,0.08079597055912018,-0.0019154600799083698,0.07890579104423523,695.0,1.0,False
D6,14,all,all,crowd bucket exact,lvl_clim,0.256011315417256,0.22237407192587852,0.2894413359463215,707.0,False,707,31,lvl_naive4,-0.0474820143884892,-0.08777174018323422,-0.006885870546102525,-0.10379463657736779,0.0,695.0,1.0,False
D6,14,all,all,crowd bucket exact,lvl_naive4,0.30503597122302156,0.2688568733632565,0.3387648560106754,695.0,False,695,31,lvl_naive4,,,,,,,,
D6,14,all,all,crowd bucket exact,lvl_tft,0.34375,0.2982446253299713,0.3887595050036907,448.0,False,448,31,lvl_naive4,0.04464285714285715,-0.012184615433216094,0.09907884672284126,-0.0029651664197444896,0.09199372380971907,448.0,0.6446043165467625,False
D6,14,all,all,crowd bucket exact,lvl_wt56,0.2984441301272984,0.2635515667498112,0.3323437198996544,707.0,False,707,31,lvl_naive4,-0.004316546762589912,-0.03725229427218437,0.02941593453288078,-0.05264401435852051,0.037861367315053934,695.0,1.0,False
D6,21,all,all,crowd bucket exact,lvl_cbd,0.19760479041916168,0.15833528898656368,0.23965688943862914,334.0,False,334,30,lvl_wt56,-0.09880239520958084,-0.16668006926774978,-0.03260374180972579,-0.15789833068847656,-0.031449349969625486,334.0,0.4897360703812317,False
D6,21,all,all,crowd bucket exact,lvl_chronos2,0.31085043988269795,0.27542499601840975,0.3438907042145729,682.0,False,682,30,lvl_wt56,0.004398826979472137,-0.028654321283102035,0.038005627691745744,-0.044156941771507266,0.05487566366791722,682.0,1.0,False
D6,21,all,all,crowd bucket exact,lvl_chronos2_owx,0.32697947214076245,0.29267824739217757,0.36154179498553274,682.0,False,682,30,lvl_wt56,0.02052785923753664,-0.013606298714876175,0.05531466752290725,-0.021900174021720887,0.06842640005052088,682.0,1.0,False
D6,21,all,all,crowd bucket exact,lvl_clim,0.2595307917888563,0.22786559127271175,0.29130873680114744,682.0,False,682,30,lvl_wt56,-0.046920821114369515,-0.078265131264925,-0.014596400409936906,-0.09535335600376128,-0.007594750821590424,682.0,1.0,False
D6,21,all,all,crowd bucket exact,lvl_naive4,0.291044776119403,0.25577653795480726,0.32485403344035146,670.0,False,670,30,lvl_wt56,-0.017910447761194048,-0.050822772085666656,0.013474582880735397,-0.06276550740003586,0.028492042422294615,670.0,0.9824046920821115,False
D6,21,all,all,crowd bucket exact,lvl_tft,0.3238095238095238,0.28296578526496885,0.3674108125269413,420.0,False,420,30,lvl_wt56,0.023809523809523836,-0.029563158750534058,0.0762213073670864,-0.0329242467880249,0.08509536609053608,420.0,0.6158357771260997,False
D6,21,all,all,crowd bucket exact,lvl_wt56,0.3064516129032258,0.2720588147640228,0.3403376743197441,682.0,False,682,30,lvl_wt56,,,,,,,,
D6,30,all,all,crowd bucket exact,lvl_cbd,0.11818181818181818,0.08223010059446097,0.15476713180541993,330.0,False,330,29,lvl_naive4,-0.3,-0.36550028026103976,-0.2339121013879776,-0.38083028718829154,-0.2245599862188101,330.0,0.4845814977973568,False
D6,30,all,all,crowd bucket exact,lvl_chronos2,0.39970717423133234,0.36264494732022284,0.43768402114510535,683.0,False,683,29,lvl_naive4,0.0,-0.04150499925017357,0.03852304816246032,-0.038989792764186855,0.04389883130788802,681.0,1.0,False
D6,30,all,all,crowd bucket exact,lvl_chronos2_owx,0.404099560761347,0.3659539304673672,0.4405186727643013,683.0,False,683,29,lvl_naive4,0.0044052863436123135,-0.03710218518972397,0.04273756518959999,-0.038115442544221875,0.04928689077496528,681.0,1.0,False
D6,30,all,all,crowd bucket exact,lvl_clim,0.39092240117130306,0.3543177075684071,0.42732649892568586,683.0,False,683,29,lvl_naive4,-0.008810572687224683,-0.049928414076566695,0.030123908817768094,-0.047327934950590136,0.024612115323543547,681.0,1.0,False
D6,30,all,all,crowd bucket exact,lvl_naive4,0.4008810572687225,0.36666423082351685,0.4380664527416229,681.0,False,681,29,lvl_naive4,,,,,,,,
D6,30,all,all,crowd bucket exact,lvl_tft,0.3595505617977528,0.3089989274740219,0.4111740291118622,356.0,False,356,29,lvl_naive4,-0.0646067415730337,-0.13106349408626555,0.002924424409866333,-0.13781633228063583,0.012515357881784425,356.0,0.5227606461086637,False
D6,30,all,all,crowd bucket exact,lvl_wt56,0.3923865300146413,0.35590776801109314,0.42899590656161307,683.0,False,683,29,lvl_naive4,-0.0073421439060205596,-0.0472579151391983,0.02673257514834403,-0.04087822288274765,0.025648853182792655,681.0,1.0,False
D6,45,all,all,crowd bucket exact,lvl_cbd,0.25,0.1666666716337204,0.34020617604255676,96.0,False,96,27,lvl_naive4,-0.16666666666666669,-0.3000688195228577,-0.029661322385072745,-0.2875493369996548,-0.030235110968351426,96.0,0.15384615384615385,False
D6,45,all,all,crowd bucket exact,lvl_chronos2,0.344,0.30662014037370683,0.38187928944826127,625.0,False,625,27,lvl_naive4,-0.038461538461538436,-0.08136644586920738,0.003205407410860061,-0.07789257094264031,0.0021026529371738416,624.0,1.0,False
D6,45,all,all,crowd bucket exact,lvl_chronos2_owx,0.36,0.3215405248105526,0.3975184254348278,625.0,False,625,27,lvl_naive4,-0.02243589743589741,-0.06499118357896805,0.01872074604034424,-0.06409122347831726,0.022158867865800833,624.0,1.0,False
D6,45,all,all,crowd bucket exact,lvl_clim,0.3008,0.26465697661042215,0.3349595569074154,625.0,False,625,27,lvl_naive4,-0.08012820512820512,-0.12711043432354927,-0.0350208379328251,-0.14252071008086203,-0.02061767429113388,624.0,1.0,False
D6,45,all,all,crowd bucket exact,lvl_naive4,0.3814102564102564,0.3446552202105522,0.42167000174522395,624.0,False,624,27,lvl_naive4,,,,,,,,
D6,45,all,all,crowd bucket exact,lvl_tft,0.38132295719844356,0.3178249001502991,0.4426260881125927,257.0,False,257,27,lvl_naive4,-0.0038910505836576292,-0.0774914912879467,0.06550553888082504,-0.10040636286139488,0.10170158743858337,257.0,0.41185897435897434,False
D6,45,all,all,crowd bucket exact,lvl_wt56,0.3408,0.3054187297821045,0.3791471965610981,625.0,False,625,27,lvl_naive4,-0.04166666666666663,-0.08223682641983032,-0.004525633901357675,-0.09401031360030174,0.017391835153102875,624.0,1.0,False
D6,60,all,all,crowd bucket exact,lvl_chronos2,0.289134438305709,0.25401542112231257,0.3255825214087963,543.0,False,543,25,lvl_wt56,-0.0018416206261510082,-0.039927486702799796,0.038182126730680464,-0.05320270694792271,0.042010377347469326,543.0,1.0,False
D6,60,all,all,crowd bucket exact,lvl_chronos2_owx,0.27440147329650094,0.23773801140487194,0.3112391471862793,543.0,False,543,25,lvl_wt56,-0.016574585635359074,-0.053867241367697716,0.024366559088230117,-0.07059681750833988,0.032104026526212685,543.0,1.0,False
D6,60,all,all,crowd bucket exact,lvl_clim,0.26703499079189685,0.2304541576653719,0.3031567484140396,543.0,False,543,25,lvl_wt56,-0.023941068139963162,-0.05991753898561001,0.013139475882053369,-0.07676748484373093,0.024079864472150797,543.0,1.0,False
D6,60,all,all,crowd bucket exact,lvl_naive4,0.2851782363977486,0.24904138147830962,0.3200035899877548,533.0,False,533,25,lvl_wt56,-0.0037523452157598447,-0.0437247522175312,0.03915970772504805,-0.05011843666434288,0.04177195504307744,533.0,0.9815837937384899,False
D6,60,all,all,crowd bucket exact,lvl_wt56,0.29097605893186,0.2532931037247181,0.32741968482732775,543.0,False,543,25,lvl_wt56,,,,,,,,
D6,90,all,all,crowd bucket exact,lvl_chronos2,0.2834101382488479,0.24028646126389502,0.3262935295701027,434.0,False,434,21,lvl_naive4,-0.04009433962264147,-0.08454520180821419,0.004879549890756606,-0.08469846174120903,0.0026506088674068404,424.0,1.0,False
D6,90,all,all,crowd bucket exact,lvl_chronos2_owx,0.30184331797235026,0.25742039978504183,0.3434003584086895,434.0,False,434,21,lvl_naive4,-0.02122641509433959,-0.06518704369664192,0.020742172002792353,-0.0652311235666275,0.02085488662123678,424.0,1.0,False
D6,90,all,all,crowd bucket exact,lvl_clim,0.21658986175115208,0.18008271493017675,0.25517837330698967,434.0,False,434,21,lvl_naive4,-0.10613207547169809,-0.15578350946307182,-0.053526976704597475,-0.1661254107952118,-0.04687133468687535,424.0,1.0,False
D6,90,all,all,crowd bucket exact,lvl_naive4,0.32547169811320753,0.285345871001482,0.3699372552335262,424.0,False,424,21,lvl_naive4,,,,,,,,
D6,90,all,all,crowd bucket exact,lvl_wt56,0.27419354838709675,0.23287376575171947,0.3144902542233467,434.0,False,434,21,lvl_naive4,-0.047169811320754707,-0.09030418992042541,-0.004759952425956728,-0.09557407721877098,0.0,424.0,1.0,False
D6,120,all,all,crowd bucket exact,lvl_chronos2,0.267741935483871,0.21853833720088006,0.31439511626958844,310.0,False,310,16,lvl_wt56,-0.009677419354838679,-0.06051197499036789,0.041414153948426236,-0.09202745892107486,0.06533820182085036,310.0,1.0,False
D6,120,all,all,crowd bucket exact,lvl_chronos2_owx,0.25806451612903225,0.20829740911722183,0.3063492074608803,310.0,False,310,16,lvl_wt56,-0.019354838709677413,-0.07255521416664124,0.031162477657198897,-0.09575321674346923,0.05469022877514356,310.0,1.0,False
D6,120,all,all,crowd bucket exact,lvl_clim,0.23870967741935484,0.19254234358668326,0.2891690798103809,310.0,False,310,16,lvl_wt56,-0.03870967741935483,-0.0843771055340767,0.010183125361800181,-0.10889309607446193,0.025758758559823028,310.0,1.0,False
D6,120,all,all,crowd bucket exact,lvl_naive4,0.20945945945945946,0.1624139215797186,0.25334469377994534,296.0,False,296,16,lvl_wt56,-0.08108108108108106,-0.13688473105430604,-0.023878807947039615,-0.14676927737891673,-0.019004287943243988,296.0,0.9548387096774194,False
D6,120,all,all,crowd bucket exact,lvl_wt56,0.27741935483870966,0.22622663229703904,0.3268639273941517,310.0,False,310,16,lvl_wt56,,,,,,,,
D6,180,all,all,crowd bucket exact,lvl_chronos2,0.2033898305084746,0.13219664245843887,0.27839173972606657,118.0,False,118,8,lvl_naive4,0.0,-0.09840164110064506,0.09094727598130699,-0.09999999403953552,0.08696706928312778,112.0,1.0,False
D6,180,all,all,crowd bucket exact,lvl_chronos2_owx,0.211864406779661,0.13884409256279467,0.28579366356134406,118.0,False,118,8,lvl_naive4,0.008928571428571452,-0.08001149259507656,0.09244085997343063,-0.07024396993219852,0.07408789433538912,112.0,1.0,False
D6,180,all,all,crowd bucket exact,lvl_clim,0.11864406779661017,0.05736538590863347,0.17648190483450887,118.0,False,118,8,lvl_naive4,-0.08928571428571427,-0.19193774089217186,0.0,-0.21353067718446256,0.03797468543052673,112.0,1.0,False
D6,180,all,all,crowd bucket exact,lvl_naive4,0.21428571428571427,0.1428571492433548,0.29415602236986155,112.0,False,112,8,lvl_naive4,,,,,,,,
D6,180,all,all,crowd bucket exact,lvl_wt56,0.2033898305084746,0.13007353842258454,0.27191128432750694,118.0,False,118,8,lvl_naive4,-0.008928571428571425,-0.09260334931313992,0.06386956367641684,-0.1216298632323742,0.09896481223404402,112.0,1.0,False
D7,d1-7,all,all,day comparison winner accuracy,lvl_cbd,0.19677155700858193,0.1729287926107645,0.2229464992880821,4894.0,False,403,33,lvl_snaive7,-0.22165677127509187,-0.25451571121811867,-0.18960952386260033,-0.2634124025702477,-0.180165284499526,3537.0,0.5155976676384839,False
D7,d1-7,all,all,day comparison winner accuracy,lvl_chronos2,0.245787700084246,0.22430448345839976,0.2665612779557705,9496.0,False,778,33,lvl_snaive7,-0.18411078717201168,-0.20918723829090596,-0.1579938292503357,-0.22822737582027913,-0.13662875816226008,6860.0,1.0,False
D7,d1-7,all,all,day comparison winner accuracy,lvl_chronos2_owx,0.24715669755686606,0.22729282677173615,0.2682726338505745,9496.0,False,778,33,lvl_snaive7,-0.1823615160349854,-0.20804589465260506,-0.15617484152317046,-0.2244626522064209,-0.13700954765081405,6860.0,1.0,False
D7,d1-7,all,all,day comparison winner accuracy,lvl_clim,0.19323925863521482,0.17387989945709706,0.21177812591195105,9496.0,False,778,33,lvl_snaive7,-0.22769679300291545,-0.25358455181121825,-0.2049227725714445,-0.2708841361105442,-0.18773440271615982,6860.0,1.0,False
D7,d1-7,all,all,day comparison winner accuracy,lvl_naive4,0.3800042589437819,0.3608282819390297,0.3986150577664375,9392.0,False,776,33,lvl_snaive7,-0.03939660222612773,-0.0598577618598938,-0.019680385291576397,-0.06514124050736428,-0.014361619204282765,6828.0,0.99533527696793,False
D7,d1-7,all,all,day comparison winner accuracy,lvl_snaive7,0.4412536443148688,0.4210814133286476,0.4614934876561165,6860.0,False,767,33,lvl_snaive7,,,,,,,,
D7,d1-7,all,all,day comparison winner accuracy,lvl_tft,0.3609213661636219,0.3382274553179741,0.3863633766770363,6295.0,False,516,33,lvl_snaive7,-0.07033639143730885,-0.0983086183667183,-0.04192599579691887,-0.10681851208209991,-0.03631974160671234,4578.0,0.6673469387755102,False
D7,d1-7,all,all,day comparison winner accuracy,lvl_wt56,0.19787278854254423,0.17987601421773433,0.21525255478918554,9496.0,False,778,33,lvl_snaive7,-0.22653061224489796,-0.25096511766314505,-0.20534571781754493,-0.26170608773827553,-0.19576536305248737,6860.0,1.0,False
D7,d8-30,all,all,day comparison winner accuracy,lvl_cbd,0.1159874253663832,0.10418544318526983,0.12853137888014315,88432.0,False,425,32,lvl_naive4,-0.16835995836538897,-0.1879238449037075,-0.14806102588772774,-0.19980639182031154,-0.13624668084084987,88388.0,0.4956067801932232,False
D7,d8-30,all,all,day comparison winner accuracy,lvl_chronos2,0.2421930672559039,0.22576969861984253,0.25726808682084085,181025.0,False,778,32,lvl_naive4,-0.06727485799835148,-0.08302447907626628,-0.051723019778728486,-0.10702901855111122,-0.027832466363906877,178343.0,1.0,False
D7,d8-30,all,all,day comparison winner accuracy,lvl_chronos2_owx,0.24523132164065736,0.2293558593839407,0.2609220877289772,181025.0,False,778,32,lvl_naive4,-0.0641572699797581,-0.07984739802777767,-0.04839891046285629,-0.10429112203419208,-0.024683041125535984,178343.0,1.0,False
D7,d8-30,all,all,day comparison winner accuracy,lvl_clim,0.18937163375224417,0.17558835297822953,0.20296525172889232,181025.0,False,778,32,lvl_naive4,-0.12085139310205614,-0.13483135141432284,-0.10641862712800502,-0.15180082246661186,-0.09039254263043406,178343.0,1.0,False
D7,d8-30,all,all,day comparison winner accuracy,lvl_naive4,0.30958882602625276,0.2973959967494011,0.31988659501075745,178343.0,False,777,32,lvl_naive4,,,,,,,,
D7,d8-30,all,all,day comparison winner accuracy,lvl_tft,0.31146998300080525,0.2951634034514427,0.3278410315513611,111770.0,False,508,32,lvl_naive4,0.004905829596412559,-0.013701046258211136,0.02500907033681869,-0.025865555554628373,0.03585642352700233,111500.0,0.6251997555272705,False
D7,d8-30,all,all,day comparison winner accuracy,lvl_wt56,0.1713354509045712,0.15838831551373006,0.1831013284623623,181025.0,False,778,32,lvl_naive4,-0.13802055589510098,-0.14887307062745095,-0.12614191956818105,-0.15468242727220058,-0.12274126783013345,178343.0,1.0,False
D7,d31-90,all,all,day comparison winner accuracy,lvl_cbd,0.10003432958482009,0.08728584721684456,0.1129398001357913,96127.0,False,337,29,lvl_naive4,-0.15718433568180162,-0.1764695480465889,-0.13885662704706192,-0.19088480323553086,-0.12497577350586653,96091.0,0.08117830232752642,False
D7,d31-90,all,all,day comparison winner accuracy,lvl_chronos2,0.26232610309877813,0.24732171930372715,0.2788663774728775,1210703.0,False,688,29,lvl_naive4,-0.023393537061239145,-0.03826791383326054,-0.009262674301862728,-0.06042840033769607,0.015817203372716894,1183703.0,1.0,False
D7,d31-90,all,all,day comparison winner accuracy,lvl_chronos2_owx,0.2667598907411644,0.2519022099673748,0.2829026892781258,1210703.0,False,688,29,lvl_naive4,-0.018772445452955644,-0.03321616128087044,-0.004149534553289417,-0.05605490654706955,0.019674089550971968,1183703.0,1.0,False
D7,d31-90,all,all,day comparison winner accuracy,lvl_clim,0.2036230190228322,0.18885060362517833,0.21874892078340052,1210703.0,False,688,29,lvl_naive4,-0.0845440114623347,-0.09805589616298675,-0.07087748236954212,-0.11741011589765549,-0.051106917485594754,1183703.0,1.0,False
D7,d31-90,all,all,day comparison winner accuracy,lvl_naive4,0.2870576487514182,0.2763980209827423,0.2971104383468628,1183703.0,False,687,29,lvl_naive4,,,,,,,,
D7,d31-90,all,all,day comparison winner accuracy,lvl_tft,0.2959319741945177,0.2772950164973736,0.3155443832278252,212978.0,False,359,29,lvl_naive4,0.03022289029288111,0.008597110956907272,0.05403527095913887,-0.00985046550631523,0.07265369743108749,212885.0,0.17984663382622162,False
D7,d31-90,all,all,day comparison winner accuracy,lvl_wt56,0.16918269798621133,0.15737774260342122,0.180630537122488,1210703.0,False,688,29,lvl_naive4,-0.11858633457885973,-0.12833614461123943,-0.10863791480660438,-0.13157882988452912,-0.10431066527962685,1183703.0,1.0,False
