uc,lead,segment,region,metric,model,value,lo,hi,n,lower,n_park_days,n_origin_days,ref,diff_vs_ref,diff_lo,diff_hi,diff_lo_park,diff_hi_park,n_paired,paired_share,wins
UC2,0,all,all,MAE,chronos2,6.151941955380138,5.881975400447845,6.42035174369812,765548.0,True,823,33,wt_med,-0.8683537594886985,-1.0486047625541688,-0.6884955763816833,-1.1574197173118592,-0.5941057324409486,758197.0,0.9963546574048157,True
UC2,0,all,all,MAE,chronos2_grid,5.995102103097198,5.728335297107696,6.258581781387329,765548.0,True,823,33,wt_med,-1.02321783465025,-1.2090123653411866,-0.8413251996040345,-1.2941872835159303,-0.7825031876564026,758197.0,0.9963546574048157,True
UC2,0,all,all,MAE,chronos2_nocov,6.434805970449774,6.162484455108642,6.708331966400146,765548.0,True,823,33,wt_med,-0.5843136329315746,-0.7710831046104432,-0.3902787208557129,-0.8846613526344299,-0.2973094701766968,758197.0,0.9963546574048157,True
UC2,0,all,all,MAE,chronos2_owx,6.040069290512546,5.7856464862823485,6.279997372627259,765548.0,True,823,33,wt_med,-0.9810687424084561,-1.141743040084839,-0.8188350319862366,-1.3100801944732665,-0.6618399381637573,758197.0,0.9963546574048157,True
UC2,0,all,all,MAE,clim,7.746730288289774,7.40773321390152,8.08128068447113,727740.0,True,809,33,wt_med,0.6782950752861092,0.5693393111228943,0.7922979950904846,0.47563360929489135,0.9304181337356567,726296.0,0.9544332175601962,False
UC2,0,all,all,MAE,h5,6.972018950007857,6.676603674888611,7.284538280963898,763720.0,True,821,33,wt_med,-0.03559063026054865,-0.05327130556106567,-0.01774089336395264,-0.06754467487335206,-0.011031448841094974,760971.0,1.0,True
UC2,0,all,all,MAE,lvlh5_cbd,9.466230331995433,8.896945190429687,10.076664137840272,391580.0,True,406,33,wt_med,2.753272073909674,2.38943088054657,3.1814576387405396,1.9465544939041137,3.8304379343986508,390882.0,0.5136621500687937,False
UC2,0,all,all,MAE,lvlh5_naive,7.477291100752062,7.176878011226654,7.798403346538544,734229.0,True,821,33,wt_med,0.44829418326756354,0.32968720197677615,0.5765238165855407,0.2783630609512329,0.5838771104812622,732714.0,0.9628671789069492,False
UC2,0,all,all,MAE,lvlh5_tft,6.591017284403905,6.2580782771110535,6.969924068450927,490186.0,True,524,33,wt_med,0.0993702935114964,-0.07183066606521606,0.2911436676979065,-0.12376635074615479,0.30162674188613886,489126.0,0.6427656244456096,False
UC2,0,all,all,MAE,oracle_level,5.0847247836075065,4.901839077472687,5.270580005645752,761552.0,True,819,33,wt_med,-1.9289012622984183,-2.1085230112075806,-1.7482312321662903,-2.3899615168571473,-1.4829679727554321,759003.0,0.997413830487627,True
UC2,0,all,all,MAE,oracle_shape,6.191013126293744,5.903214204311371,6.506479251384735,731464.0,True,793,33,wt_med,-0.8448202226892478,-1.0330501079559327,-0.6504778146743775,-1.1779727816581727,-0.4769555926322937,729436.0,0.9585595246073766,True
UC2,0,all,all,MAE,snaive7,8.335300290273784,7.984247994422913,8.73867392539978,660411.0,True,790,33,wt_med,1.2383884582987417,0.980511486530304,1.5322267293930052,0.8576952934265136,1.5771397352218628,660076.0,0.8674128186225231,False
UC2,0,all,all,MAE,wt_med,7.010173186626035,6.713493740558624,7.317759442329407,760971.0,True,821,33,wt_med,,,,,,,,
UC2,0,busy,all,MAE,chronos2,11.95336186659165,11.485333824157715,12.420780110359193,237610.0,True,760,33,wt_med,-2.2079674188703606,-2.645008111000061,-1.762072253227234,-2.9372946977615357,-1.5520301103591922,235848.0,0.9956265513922427,True
UC2,0,busy,all,MAE,chronos2_grid,11.690871331906571,11.188628363609315,12.193690586090089,237610.0,True,760,33,wt_med,-2.465801895647358,-2.9289149045944214,-2.0204667329788206,-3.083295154571533,-1.9163088560104373,235848.0,0.9956265513922427,True
UC2,0,busy,all,MAE,chronos2_nocov,12.606288768111202,12.106772232055665,13.097689294815064,237610.0,True,760,33,wt_med,-1.5538953431328473,-2.042049598693848,-1.067504358291626,-2.3725971937179566,-0.8287854433059695,235848.0,0.9956265513922427,True
UC2,0,busy,all,MAE,chronos2_owx,11.681730342506334,11.269371914863587,12.111532068252563,237610.0,True,760,33,wt_med,-2.48106200159423,-2.9006855487823486,-2.0762837409973143,-3.3344420909881594,-1.7389350414276123,235848.0,0.9956265513922427,True
UC2,0,busy,all,MAE,clim,15.55796297595454,14.929393339157105,16.211068534851073,228068.0,True,746,33,wt_med,1.4071929624329478,1.152152132987976,1.6852793931961059,0.9365390062332153,1.9892961263656614,227806.0,0.9616774455007514,False
UC2,0,busy,all,MAE,h5,14.01245806622695,13.51646385192871,14.570155596733093,237577.0,True,759,33,wt_med,-0.10977419327603499,-0.1539851665496826,-0.0630685329437256,-0.18108732700347902,-0.053868341445922854,236884.0,1.0,True
UC2,0,busy,all,MAE,lvlh5_cbd,18.640012922828504,17.340567541122436,20.018878602981566,113102.0,True,380,33,wt_med,5.002450037070638,3.9432990550994873,6.123341083526611,2.725178027153015,7.845660614967346,112965.0,0.47687897874064944,False
UC2,0,busy,all,MAE,lvlh5_naive,14.556322256896486,14.030622816085815,15.102592015266419,230025.0,True,756,33,wt_med,0.4797770653347584,0.18489587306976318,0.7896317481994628,0.0525171995162964,0.7830368041992187,229635.0,0.9693985241721687,False
UC2,0,busy,all,MAE,lvlh5_tft,12.85973718538314,12.258433938026428,13.569683861732482,143777.0,True,479,33,wt_med,-0.46488796930075793,-0.9193215370178223,0.02424757480621332,-1.2212274551391602,0.09808115959167481,143521.0,0.6058703838165516,False
UC2,0,busy,all,MAE,oracle_level,9.406566784270067,9.174132013320923,9.645132207870484,237292.0,True,757,33,wt_med,-4.714596596199289,-5.156746530532837,-4.272220873832703,-5.7901485681533815,-3.6442519903182986,236611.0,0.9988475371911991,True
UC2,0,busy,all,MAE,oracle_shape,11.606734500352886,11.011973357200622,12.221005249023436,229455.0,True,733,33,wt_med,-2.4712401196185123,-2.894131588935852,-2.0373855113983153,-3.0089691877365112,-1.9643605470657348,228999.0,0.9667136657604566,True
UC2,0,busy,all,MAE,snaive7,16.31234111114863,15.686572217941285,16.973258399963377,207299.0,True,735,33,wt_med,2.133547926298414,1.556014084815979,2.8135554790496826,1.3084997415542603,2.7427339076995847,207214.0,0.8747488222083383,False
UC2,0,busy,all,MAE,wt_med,14.1197906992452,13.612034702301026,14.684664273262024,236884.0,True,759,33,wt_med,,,,,,,,
UC3,1,all,all,MAE,chronos2,6.565512347188238,6.314162611961365,6.808706831932068,805137.0,True,859,33,wt_med,-0.5397830053099044,-0.721101701259613,-0.38605427742004395,-0.8498294115066528,-0.2711063742637635,791549.0,0.9929251407131809,True
UC3,1,all,all,MAE,chronos2_grid,6.470362455890242,6.215066993236542,6.724645686149597,805137.0,True,859,33,wt_med,-0.6236289583778811,-0.8227574825286865,-0.46617195606231693,-0.8612852215766906,-0.39214965105056765,791549.0,0.9929251407131809,True
UC3,1,all,all,MAE,chronos2_nocov,6.982985935770828,6.706322145462036,7.243681013584137,805137.0,True,859,33,wt_med,-0.12044466811915999,-0.32315841913223264,0.04580420255661009,-0.40797613859176635,0.16153180599212633,791549.0,0.9929251407131809,False
UC3,1,all,all,MAE,chronos2_owx,6.47916724995308,6.239108526706696,6.714294826984405,805137.0,True,859,33,wt_med,-0.6272773242560898,-0.8040252447128295,-0.48417547941207895,-0.9820526838302612,-0.34750484228134154,791549.0,0.9929251407131809,True
UC3,1,all,all,MAE,chronos2_owx_x_h5,6.791364930297152,6.547924220561981,7.043805336952209,801940.0,True,855,33,wt_med,-0.30281402999523266,-0.42596861124038693,-0.18589022159576418,-0.4853531002998352,-0.1517935872077942,796986.0,0.9997453552419815,True
UC3,1,all,all,MAE,chronos2_x_h5,6.790740978941455,6.548195934295654,7.041180229187011,801940.0,True,855,33,wt_med,-0.30329218151036663,-0.42685048580169677,-0.18639974594116213,-0.4865581512451172,-0.1550040483474732,796986.0,0.9997453552419815,True
UC3,1,all,all,MAE,clim,7.682903637607917,7.360808873176575,7.998408329486847,759840.0,True,848,33,wt_med,0.5725129403686688,0.47091844081878664,0.6834953546524047,0.38329715728759767,0.8186298608779907,757320.0,0.949988020406704,False
UC3,1,all,all,MAE,h5,7.042435359387348,6.765043997764588,7.343238043785095,802282.0,True,855,33,wt_med,-0.044407913305376745,-0.06969262361526489,-0.022692334651947026,-0.07647294998168945,-0.019798564910888678,797189.0,1.0,True
UC3,1,all,all,MAE,lvlh5_cbd,9.029432135002684,8.55363495349884,9.603963661193848,389992.0,True,410,33,wt_med,2.5700333469283736,2.1831385016441347,2.999184322357178,1.6935988903045653,3.654605197906494,388573.0,0.487428953485309,False
UC3,1,all,all,MAE,lvlh5_naive,7.444172246776464,7.1754120826721195,7.741675770282745,776852.0,True,854,33,wt_med,0.349797192831546,0.23872066736221315,0.46975082159042353,0.1772201180458069,0.5278353571891785,773270.0,0.9699958228224423,False
UC3,1,all,all,MAE,lvlh5_tft,6.655036835549459,6.3291965365409855,6.985659408569336,509030.0,True,545,33,wt_med,0.18281620450311742,-0.022875022888183594,0.37159370183944695,-0.11545077562332152,0.4563636779785156,506804.0,0.635738827304441,False
UC3,1,all,all,MAE,oracle_level,5.309940087011474,5.130964887142182,5.493298411369324,799970.0,True,855,33,wt_med,-1.792669174136658,-1.9865078568458556,-1.6112431168556214,-2.268584406375885,-1.4037472605705263,795116.0,0.9973996128897915,True
UC3,1,all,all,MAE,oracle_shape,5.936701354613842,5.675495302677154,6.247039818763733,775989.0,True,832,33,wt_med,-1.158263937730525,-1.3410343766212462,-0.9621991753578186,-1.5757509469985962,-0.709733259677887,770079.0,0.9659930079316197,True
UC3,1,all,all,MAE,snaive7,8.401684280383483,8.059688448905945,8.787160992622375,699171.0,True,835,33,wt_med,1.2405139564778258,0.9987445950508118,1.4966531991958618,0.950454580783844,1.5467664837837218,697024.0,0.8743522552368385,False
UC3,1,all,all,MAE,wt_med,7.089702692836956,6.806853127479553,7.4022074222564695,797189.0,True,855,33,wt_med,,,,,,,,
UC3,1,busy,all,MAE,chronos2,12.903307256274918,12.43349485397339,13.349651503562926,250635.0,True,795,33,wt_med,-1.2904264160300123,-1.754554271697998,-0.9093863725662232,-2.147469925880432,-0.5885471343994142,246912.0,0.9914671313901148,True
UC3,1,busy,all,MAE,chronos2_grid,12.720478206265206,12.224243211746217,13.195140147209168,250635.0,True,795,33,wt_med,-1.4422880010790422,-1.9417806386947631,-1.0326765537261964,-2.0928626537322996,-0.8758780717849732,246912.0,0.9914671313901148,True
UC3,1,busy,all,MAE,chronos2_nocov,13.922072223708838,13.401838231086732,14.397545218467712,250635.0,True,795,33,wt_med,-0.2702363112476931,-0.76655592918396,0.13406364917755123,-1.0852850437164308,0.4103731393814087,246912.0,0.9914671313901148,False
UC3,1,busy,all,MAE,chronos2_owx,12.69183704707563,12.267064023017884,13.107259893417359,250635.0,True,795,33,wt_med,-1.503745882175652,-1.9644629955291748,-1.1420940399169923,-2.423360514640808,-0.7779336214065553,246912.0,0.9914671313901148,True
UC3,1,busy,all,MAE,chronos2_owx_x_h5,13.074183009118489,12.628777170181275,13.516445207595826,250640.0,True,792,33,wt_med,-1.0722502149974549,-1.3699317932128907,-0.791156077384949,-1.551316261291504,-0.6792171478271485,249027.0,0.9999598453241888,True
UC3,1,busy,all,MAE,chronos2_x_h5,13.066757033333182,12.626626229286193,13.503463792800904,250640.0,True,792,33,wt_med,-1.079398173898202,-1.3831942558288575,-0.7909107685089112,-1.576622986793518,-0.6885353803634645,249027.0,0.9999598453241888,True
UC3,1,busy,all,MAE,clim,15.279050801524004,14.70383927822113,15.941489458084106,239107.0,True,781,33,wt_med,1.1856436889619761,0.9349439144134521,1.449087429046631,0.757308053970337,1.8049757957458494,238376.0,0.9571911001176532,False
UC3,1,busy,all,MAE,h5,14.01179098032019,13.480690121650696,14.561871647834778,250663.0,True,792,33,wt_med,-0.12160291442637039,-0.18172259330749513,-0.0649792194366455,-0.1993157148361206,-0.057257580757141116,249037.0,1.0,True
UC3,1,busy,all,MAE,lvlh5_cbd,17.630357081338293,16.54158878326416,18.866163063049317,114134.0,True,384,33,wt_med,4.708240013283486,3.6429233312606812,5.853302240371704,2.421686029434204,7.480976462364197,113734.0,0.4566951898713846,False
UC3,1,busy,all,MAE,lvlh5_naive,14.313229348425862,13.810985970497132,14.882654166221618,244270.0,True,788,33,wt_med,0.2516478808847431,0.0023758172988891614,0.5139662027359008,-0.08128623962402344,0.5386592864990233,243075.0,0.9760597822813477,False
UC3,1,busy,all,MAE,lvlh5_tft,13.07468967727107,12.417843985557557,13.717304253578186,150680.0,True,500,33,wt_med,-0.2895229719209418,-0.8135146379470826,0.2161679744720459,-1.2116268873214722,0.4329179286956786,149902.0,0.6019266213454225,False
UC3,1,busy,all,MAE,oracle_level,9.782713515378688,9.525946664810181,10.029959273338317,250349.0,True,791,33,wt_med,-4.371568756510353,-4.845822882652283,-3.950760006904602,-5.442125129699707,-3.4220598459243776,248756.0,0.9988716536097045,True
UC3,1,busy,all,MAE,oracle_shape,10.81525498999513,10.268122625350951,11.390635967254639,244267.0,True,770,33,wt_med,-3.2301545094858497,-3.5821654081344603,-2.8191564321517943,-3.7070308685302735,-2.6997177839279174,242443.0,0.9735220067700784,True
UC3,1,busy,all,MAE,snaive7,16.466348007092744,15.823260855674743,17.13875346183777,220507.0,True,777,33,wt_med,2.278079256920881,1.7458996772766113,2.8062806606292723,1.608045768737793,2.8283022403717037,219842.0,0.8827684239691291,False
UC3,1,busy,all,MAE,wt_med,14.135750912515007,13.580031490325927,14.717875909805297,249037.0,True,792,33,wt_med,,,,,,,,
UC3,2,all,all,MAE,chronos2,7.776963768559415,7.462320256233215,8.116816926002503,898071.0,True,881,33,wt_med,0.6779880623951264,0.5337156653404236,0.8143950223922729,0.5118853211402893,0.8637608885765076,875354.0,0.9950234844248022,False
UC3,2,all,all,MAE,chronos2_grid,7.642769201561243,7.305747592449189,7.970990943908691,898071.0,True,881,33,wt_med,0.5501094833178284,0.3957159757614136,0.7085740685462951,0.34409345388412477,0.7883845806121825,875354.0,0.9950234844248022,False
UC3,2,all,all,MAE,chronos2_nocov,8.591702197962828,8.21326732635498,8.951515698432923,898071.0,True,881,33,wt_med,1.5008400672536313,1.3222205638885498,1.68436781167984,1.1215705275535583,1.9893006205558776,875354.0,0.9950234844248022,False
UC3,2,all,all,MAE,chronos2_owx,7.681504497133086,7.3801028490066525,8.004485917091369,898071.0,True,881,33,wt_med,0.5798494664111891,0.4446790933609009,0.7115461349487304,0.40907381772994994,0.767975378036499,875354.0,0.9950234844248022,False
UC3,2,all,all,MAE,chronos2_owx_x_h5,7.3539607198432995,7.083778727054596,7.630772793293,887233.0,True,876,33,wt_med,0.29045991030430507,0.19219858646392823,0.39245789051055907,0.16991621255874634,0.4083867788314819,879429.0,0.9996555769257001,False
UC3,2,all,all,MAE,chronos2_x_h5,7.365608217154618,7.09781928062439,7.639999854564667,887233.0,True,876,33,wt_med,0.3022621991561767,0.20591591596603395,0.40232208967208855,0.17708219289779664,0.42440832853317256,879429.0,0.9996555769257001,False
UC3,2,all,all,MAE,clim,7.3641079542012475,7.093011140823364,7.642785799503327,825350.0,True,854,33,wt_med,0.39353531861435265,0.3096983313560486,0.48317365646362304,0.28393350839614867,0.5255514621734618,821479.0,0.933783243078574,False
UC3,2,all,all,MAE,h5,7.026745726676241,6.766845679283142,7.304599905014038,887775.0,True,876,33,wt_med,-0.03153048314714013,-0.045140278339385984,-0.017648077011108397,-0.06909273862838745,-0.003017342090606696,879732.0,1.0,True
UC3,2,all,all,MAE,lvlh5_cbd,10.169272284507176,9.607958459854126,10.724666857719422,442631.0,True,428,33,wt_med,3.261271233819656,2.925935697555542,3.6128315210342405,2.6190171360969545,4.03019825220108,439275.0,0.4993282044986428,False
UC3,2,all,all,MAE,lvlh5_naive,7.250547855719422,6.9829975128173825,7.533999145030975,872797.0,True,875,33,wt_med,0.21534194225468006,0.13673754930496215,0.311697256565094,0.12003599405288698,0.32324084043502804,866191.0,0.9846078123792246,False
UC3,2,all,all,MAE,lvlh5_tft,7.43687566465995,7.126762008666992,7.776238894462585,565617.0,True,550,33,wt_med,0.5373475991985481,0.37491788864135744,0.7202357411384581,0.2942048668861389,0.7690897226333618,561007.0,0.637702163840806,False
UC3,2,all,all,MAE,oracle_level,5.606676397295211,5.418780434131622,5.794650733470917,885656.0,True,876,33,wt_med,-1.4665898273192957,-1.611448311805725,-1.3333195686340331,-1.8636479377746582,-1.1005394697189335,877979.0,0.9980073476922517,True
UC3,2,all,all,MAE,oracle_shape,5.397373361985808,5.1667165517807,5.644972813129425,877728.0,True,864,33,wt_med,-1.635967993123935,-1.7978578567504884,-1.457212781906128,-1.9926976799964904,-1.2674392700195316,864277.0,0.9824321497910727,True
UC3,2,all,all,MAE,snaive7,8.185955196272188,7.89372501373291,8.523479104042053,806049.0,True,869,33,wt_med,1.1913767956409274,1.0068138599395753,1.4129265069961547,0.8612364053726196,1.5223117113113402,799436.0,0.9087267486007102,False
UC3,2,all,all,MAE,wt_med,7.065044809100954,6.795926332473755,7.344965469837189,879732.0,True,876,33,wt_med,,,,,,,,
UC3,2,busy,all,MAE,chronos2,15.141309187519578,14.570320105552673,15.717790985107422,267595.0,True,806,33,wt_med,1.2478953970513214,0.8689584732055664,1.60239999294281,0.8108143091201783,1.8190026760101317,262507.0,0.9937762870479385,False
UC3,2,busy,all,MAE,chronos2_grid,14.966363125390545,14.387278318405151,15.571198534965514,267595.0,True,806,33,wt_med,1.0938684655869206,0.695139741897583,1.5074650764465332,0.542650055885315,1.7841718196868896,262507.0,0.9937762870479385,False
UC3,2,busy,all,MAE,chronos2_nocov,17.07758959835938,16.3927282333374,17.742836904525756,267595.0,True,806,33,wt_med,3.1808511417509973,2.7084320068359373,3.6777307033538817,2.2403944969177245,4.652270913124084,262507.0,0.9937762870479385,False
UC3,2,busy,all,MAE,chronos2_owx,14.911711879890172,14.384859037399291,15.466998767852782,267595.0,True,806,33,wt_med,1.0135358925977975,0.6580233335494995,1.3496763706207275,0.5874482870101929,1.608766746520996,262507.0,0.9937762870479385,False
UC3,2,busy,all,MAE,chronos2_owx_x_h5,13.98334016322862,13.5420734167099,14.447391629219055,266014.0,True,800,33,wt_med,0.19763936552773487,-0.0607189416885376,0.4566545009613036,-0.07096297740936279,0.49863646030426023,264131.0,0.9999242857305102,False
UC3,2,busy,all,MAE,chronos2_x_h5,14.010185955471238,13.581034851074218,14.467881774902343,266014.0,True,800,33,wt_med,0.2245780380233704,-0.03879246711730957,0.4828614234924316,-0.04778387546539305,0.5349865674972534,264131.0,0.9999242857305102,False
UC3,2,busy,all,MAE,clim,14.293815207547324,13.857562637329101,14.780457687377929,246233.0,True,777,33,wt_med,0.7345205244944779,0.5440935134887696,0.934360146522522,0.46675279140472414,1.036082673072815,245341.0,0.9287907295448437,False
UC3,2,busy,all,MAE,h5,13.655619958730183,13.211942505836486,14.099207472801208,266054.0,True,800,33,wt_med,-0.12535491063823478,-0.16054952144622803,-0.09068806171417237,-0.2153536319732666,-0.05740175247192384,264151.0,1.0,True
UC3,2,busy,all,MAE,lvlh5_cbd,20.020995549323285,18.917203426361084,21.150688648223877,127117.0,True,401,33,wt_med,6.4032840317558755,5.436737418174744,7.433222508430481,4.842395973205567,8.31539340019226,126353.0,0.4783362546422312,False
UC3,2,busy,all,MAE,lvlh5_naive,13.86712717037586,13.410924553871155,14.315673661231994,261654.0,True,798,33,wt_med,0.1450460158342537,-0.021182489395141602,0.33067307472229,-0.051201677322387694,0.3622769117355346,260032.0,0.9844066461985758,False
UC3,2,busy,all,MAE,lvlh5_tft,14.259253446508579,13.731101989746094,14.805106043815613,161693.0,True,503,33,wt_med,0.4162067302548529,0.025292754173278812,0.8312928915023801,-0.1709656238555908,0.9908994197845459,160581.0,0.6079136554470739,False
UC3,2,busy,all,MAE,oracle_level,10.327051257360955,10.048067450523376,10.59817831516266,265843.0,True,800,33,wt_med,-3.459094860311758,-3.799438500404358,-3.1315928220748903,-4.19275119304657,-2.6895326137542725,263967.0,0.9993034287206939,True
UC3,2,busy,all,MAE,oracle_shape,9.94482469034423,9.48262641429901,10.449987506866455,262481.0,True,790,33,wt_med,-3.7568516076166656,-4.056536316871643,-3.4298337936401366,-4.246398949623108,-3.240874552726746,259660.0,0.9829983607860655,True
UC3,2,busy,all,MAE,snaive7,16.26985048446375,15.730509614944458,16.87359309196472,239440.0,True,795,33,wt_med,2.569087984004435,2.1551000356674193,3.0216888189315796,2.0029130220413207,3.0623876094818114,238066.0,0.9012496640179292,False
UC3,2,busy,all,MAE,wt_med,13.777451154831896,13.340702033042907,14.235983180999757,264151.0,True,800,33,wt_med,,,,,,,,
UC3,3,all,all,MAE,chronos2,7.0292220364235485,6.719688713550568,7.327572524547577,852038.0,True,881,33,wt_med,0.06840304606279446,-0.10367954969406128,0.22789639234542844,-0.09510203599929809,0.2202599287033081,834018.0,0.9980159774840968,False
UC3,3,all,all,MAE,chronos2_grid,6.896258634902854,6.578624498844147,7.202052760124206,852038.0,True,881,33,wt_med,-0.06276726496596119,-0.2546945333480835,0.11695021390914911,-0.24307479858398437,0.13198702335357662,834018.0,0.9980159774840968,False
UC3,3,all,all,MAE,chronos2_nocov,7.552105240919675,7.197506558895111,7.863380920886994,852038.0,True,881,33,wt_med,0.5896443330651202,0.3947272777557373,0.7870470285415649,0.3286192297935486,0.8697087168693541,834018.0,0.9980159774840968,False
UC3,3,all,all,MAE,chronos2_owx,6.967752328875582,6.668334817886352,7.263638353347778,852038.0,True,881,33,wt_med,0.0042057482366200105,-0.16624488830566406,0.16333789825439451,-0.1714277982711792,0.16872677803039549,834018.0,0.9980159774840968,False
UC3,3,all,all,MAE,chronos2_owx_x_h5,6.881092202585698,6.59968318939209,7.147898375988007,840694.0,True,876,33,wt_med,-0.023379787933345497,-0.13619189262390136,0.09690608978271481,-0.15834170579910278,0.11838017702102659,835478.0,0.9997630660686677,False
UC3,3,all,all,MAE,chronos2_x_h5,6.884906034434083,6.604143190383911,7.156653106212616,840694.0,True,876,33,wt_med,-0.019394600956450958,-0.13281285762786865,0.10152492523193356,-0.15281187295913695,0.11902638673782348,835478.0,0.9997630660686677,False
UC3,3,all,all,MAE,clim,7.349748785108311,7.044748735427857,7.6512062549591064,789165.0,True,854,33,wt_med,0.5438469981215608,0.4440718173980713,0.6446183204650878,0.3958808422088623,0.7113346934318542,786291.0,0.9409041303088757,False
UC3,3,all,all,MAE,h5,6.802167460374083,6.517499053478241,7.072887909412384,840990.0,True,876,33,wt_med,-0.09871312266955101,-0.11699082851409912,-0.08201512098312379,-0.1340470552444458,-0.06860793828964233,835676.0,1.0,True
UC3,3,all,all,MAE,lvlh5_cbd,9.350716763995203,8.813010263442994,9.968934416770935,424823.0,True,429,33,wt_med,2.787839932943725,2.3605409383773805,3.1982741117477413,2.116446852684021,3.6149761080741882,422524.0,0.5056074363748629,False
UC3,3,all,all,MAE,lvlh5_naive,6.883709639069223,6.5828451156616214,7.154731166362763,827889.0,True,875,33,wt_med,0.0015577354826676881,-0.1016108512878418,0.1070162773132324,-0.1410769820213318,0.13944023847579956,823629.0,0.9855841259052551,False
UC3,3,all,all,MAE,lvlh5_tft,6.835181262912155,6.502808427810669,7.1785586953163145,537725.0,True,550,33,wt_med,0.2532934895535668,0.07235862016677856,0.43433328866958615,0.042626750469207775,0.4593995451927185,534816.0,0.6399800879766799,False
UC3,3,all,all,MAE,oracle_level,4.991446280475661,4.822315835952759,5.1569600105285645,838918.0,True,876,33,wt_med,-1.9194613510091996,-2.099013829231262,-1.7236892104148864,-2.4250904440879824,-1.457928264141083,833786.0,0.9977383579281923,True
UC3,3,all,all,MAE,oracle_shape,5.392035515269292,5.110548365116119,5.6549266338348385,828686.0,True,866,33,wt_med,-1.490568894068521,-1.6301354885101318,-1.3448771238327026,-1.8474581003189088,-1.0976472854614259,821671.0,0.983241112584303,True
UC3,3,all,all,MAE,prod_served,7.544333477586104,7.197312295436859,7.906608080863952,536096.0,True,551,33,wt_med,1.0026841788575078,0.7752074718475341,1.2364088296890259,0.6573218584060669,1.3648229241371153,531820.0,0.6363949664702588,False
UC3,3,all,all,MAE,prod_served_lin,7.523407496961245,7.174497795104981,7.883057057857513,536404.0,True,551,33,wt_med,0.9828563615964461,0.7579856276512146,1.2172748565673828,0.6348358631134033,1.348364281654358,532107.0,0.6367384010070889,False
UC3,3,all,all,MAE,snaive7,8.103669301355607,7.7133328199386595,8.480551743507386,756193.0,True,871,33,wt_med,1.2481311216997577,1.0026223421096803,1.4922024130821228,0.8758690595626831,1.6524030923843382,751119.0,0.8988160483249489,False
UC3,3,all,all,MAE,wt_med,6.904182960860429,6.6158762216568,7.182488453388214,835676.0,True,876,33,wt_med,,,,,,,,
UC3,3,busy,all,MAE,chronos2,14.353780929179607,13.772283601760865,14.941704750061035,256444.0,True,805,33,wt_med,-0.09637039536506364,-0.5262494325637818,0.31980924606323236,-0.47753472328186036,0.2588940382003782,251973.0,0.9976362988478442,False
UC3,3,busy,all,MAE,chronos2_grid,14.063681815264498,13.458481287956237,14.696056485176086,256444.0,True,805,33,wt_med,-0.37342712401753353,-0.8594082355499267,0.1037886619567871,-0.7643769025802613,0.049138951301574696,251973.0,0.9976362988478442,False
UC3,3,busy,all,MAE,chronos2_nocov,15.528974998017924,14.877662444114685,16.198970794677734,256444.0,True,805,33,wt_med,1.0648807203405912,0.5671438694000244,1.578424334526062,0.42769320011138917,1.6675458669662475,251973.0,0.9976362988478442,False
UC3,3,busy,all,MAE,chronos2_owx,14.207482051935642,13.645753335952758,14.783800625801087,256444.0,True,805,33,wt_med,-0.24932641004805767,-0.6577999830245972,0.14475147724151607,-0.659267520904541,0.12819418907165522,251973.0,0.9976362988478442,False
UC3,3,busy,all,MAE,chronos2_owx_x_h5,13.701270763473238,13.183944368362427,14.253802514076233,253849.0,True,800,33,wt_med,-0.6525628737703464,-0.9415654182434082,-0.3536302328109741,-0.9837794065475464,-0.31246812343597413,252547.0,0.9999089361365167,True
UC3,3,busy,all,MAE,chronos2_x_h5,13.714721038806035,13.198947882652282,14.26581575870514,253849.0,True,800,33,wt_med,-0.6388528772250215,-0.932759165763855,-0.3427686929702759,-0.972538948059082,-0.2889187812805176,252547.0,0.9999089361365167,True
UC3,3,busy,all,MAE,clim,15.182983460559797,14.63165078163147,15.72407431602478,235800.0,True,777,33,wt_med,1.0568776823577952,0.8208339929580688,1.28770854473114,0.7579570531845092,1.4162708520889282,235101.0,0.9308350160351586,False
UC3,3,busy,all,MAE,h5,14.095634398607293,13.54983491897583,14.642819333076478,253894.0,True,800,33,wt_med,-0.2500752266698356,-0.29501221179962156,-0.20677425861358642,-0.31371173858642576,-0.19621496200561525,252570.0,1.0,True
UC3,3,busy,all,MAE,lvlh5_cbd,18.793425735202046,17.67432188987732,20.189796495437623,123302.0,True,402,33,wt_med,4.986001441672251,3.8312423467636108,6.208563828468322,3.2797229528427123,6.8082037448883055,122806.0,0.48622560082353405,False
UC3,3,busy,all,MAE,lvlh5_naive,13.814762670436705,13.258681917190552,14.407067322731018,249847.0,True,798,33,wt_med,-0.5050352351186689,-0.7627271175384521,-0.24793477058410646,-0.8267335891723633,-0.20982949733734146,248790.0,0.9850338520014253,True
UC3,3,busy,all,MAE,lvlh5_tft,13.667048012508245,13.043210554122926,14.354538536071777,155934.0,True,504,33,wt_med,-0.342122769353427,-0.8080689430236816,0.12678499221801748,-0.8003520488739013,0.14271481037139877,155233.0,0.6146137704398781,False
UC3,3,busy,all,MAE,oracle_level,9.501392123598157,9.266003370285034,9.751999258995056,253630.0,True,799,33,wt_med,-4.849047783627894,-5.317382574081421,-4.383505773544312,-5.7214268207550045,-3.8907720088958744,252332.0,0.9990576869778676,True
UC3,3,busy,all,MAE,oracle_shape,10.295589547887342,9.704318809509278,10.89718701839447,250029.0,True,791,33,wt_med,-4.011287355052987,-4.350337266921997,-3.7096895217895507,-4.384639430046081,-3.586215853691101,248379.0,0.9834065803539612,True
UC3,3,busy,all,MAE,prod_served,15.095256909315838,14.457431674003601,15.74629077911377,154393.0,True,505,33,wt_med,1.0871640643328195,0.5283968687057495,1.6268394470214842,0.43757195472717286,1.804498815536499,153452.0,0.6075622599675338,False
UC3,3,busy,all,MAE,prod_served_lin,15.032680124504957,14.397802948951721,15.685402274131775,154532.0,True,505,33,wt_med,1.029267665423104,0.4687979221343994,1.5686156272888183,0.37097194194793703,1.7501959323883054,153591.0,0.6081126024468464,False
UC3,3,busy,all,MAE,snaive7,17.060850670242473,16.2539635181427,17.835004758834838,225963.0,True,795,33,wt_med,2.709541049373108,2.099997854232788,3.327322173118591,1.9307896137237548,3.4347311973571775,224839.0,0.890204695727917,False
UC3,3,busy,all,MAE,wt_med,14.345294373836957,13.79306800365448,14.900687122344971,252570.0,True,800,33,wt_med,,,,,,,,
UC3,4,all,all,MAE,chronos2,7.4222884878750595,7.079053795337677,7.774570715427399,773154.0,True,829,33,wt_med,-0.2046975293220621,-0.38346133232116697,-0.019320785999298134,-0.4899563789367676,0.02012232542037963,761801.0,0.9949884932566043,False
UC3,4,all,all,MAE,chronos2_grid,7.197744224127299,6.848648130893707,7.543405199050904,773154.0,True,829,33,wt_med,-0.42538174782741756,-0.6161365985870362,-0.24097801446914674,-0.664467740058899,-0.22933130264282228,761801.0,0.9949884932566043,True
UC3,4,all,all,MAE,chronos2_nocov,7.887813370990669,7.538952016830445,8.253683638572692,773154.0,True,829,33,wt_med,0.26255232843764365,0.07114940881729126,0.4676941394805908,-0.09828848838806152,0.5929540395736694,761801.0,0.9949884932566043,False
UC3,4,all,all,MAE,chronos2_owx,7.347621719793344,7.020281612873077,7.688349771499634,773154.0,True,829,33,wt_med,-0.2811421657967763,-0.4563685655593872,-0.11195250749588018,-0.5390862464904785,-0.06889568567276012,761801.0,0.9949884932566043,True
UC3,4,all,all,MAE,chronos2_owx_x_h5,7.288695373095098,6.985410225391388,7.593421101570129,769869.0,True,827,33,wt_med,-0.3144629932428673,-0.4255613207817078,-0.19319444894790655,-0.5034497261047364,-0.1548994302749634,765417.0,0.9997113518399035,True
UC3,4,all,all,MAE,chronos2_x_h5,7.297747343213327,6.990486025810242,7.602538251876831,769869.0,True,827,33,wt_med,-0.3050825373905077,-0.4209300518035889,-0.18616000413894657,-0.49510898590087893,-0.14630151987075807,765417.0,0.9997113518399035,True
UC3,4,all,all,MAE,clim,8.00357832487716,7.65790901184082,8.357210397720337,736937.0,True,817,33,wt_med,0.43286200551100773,0.31548376083374025,0.5431197762489318,0.2636244297027588,0.6407795667648315,734167.0,0.9588957183420885,False
UC3,4,all,all,MAE,h5,7.5627521195242915,7.240158534049987,7.892711758613586,770220.0,True,827,33,wt_med,-0.03153464822801322,-0.050074779987335206,-0.013647234439849863,-0.06040701866149902,-0.003748404979705817,765638.0,1.0,True
UC3,4,all,all,MAE,lvlh5_cbd,10.050108619732928,9.425314497947692,10.690599536895752,396095.0,True,412,33,wt_med,2.659842133124698,2.217736601829529,3.1449251770973206,1.8625784516334534,3.746210217475891,393942.0,0.5145277533246783,False
UC3,4,all,all,MAE,lvlh5_naive,7.828452843013035,7.505931150913239,8.16507716178894,748880.0,True,827,33,wt_med,0.25107123855886915,0.1246293306350708,0.3819760203361511,0.08366010189056397,0.41257649660110474,745652.0,0.9738962799652054,False
UC3,4,all,all,MAE,lvlh5_tft,7.461660585614601,7.065790259838105,7.838482666015625,496425.0,True,526,33,wt_med,0.18494946273033275,-0.0026657700538635252,0.39359003305435175,-0.13655158281326293,0.46361529827117914,493920.0,0.6451090463117034,False
UC3,4,all,all,MAE,oracle_level,5.397231970461984,5.210196959972381,5.618007981777191,768160.0,True,827,33,wt_med,-2.215537393843065,-2.437902021408081,-1.9949668288230897,-2.726106607913971,-1.722203004360199,763776.0,0.9975680412936662,True
UC3,4,all,all,MAE,oracle_shape,6.300361206542268,5.984790325164795,6.62055333852768,747841.0,True,808,33,wt_med,-1.2831009884060887,-1.4955874919891357,-1.0908425211906434,-1.685153591632843,-0.8793550252914429,743041.0,0.970486052155196,True
UC3,4,all,all,MAE,prod_served,7.858937293782752,7.451205635070801,8.244806289672852,494624.0,True,527,33,wt_med,0.6043533252814264,0.3158199548721314,0.8779764890670776,0.08918223381042481,1.0736364126205442,490981.0,0.6412704176125009,False
UC3,4,all,all,MAE,prod_served_lin,7.840169398399341,7.433323550224304,8.223492431640626,495046.0,True,527,33,wt_med,0.5846802833784803,0.2992884755134583,0.8576901078224182,0.07450159788131713,1.0499080419540405,491357.0,0.6417615113147467,False
UC3,4,all,all,MAE,snaive7,8.71175065626502,8.303256011009216,9.14353542327881,676175.0,True,816,33,wt_med,1.0908442378124663,0.7874962687492371,1.4160867571830749,0.6975980758666992,1.4732528686523438,674952.0,0.8815549907397491,False
UC3,4,all,all,MAE,wt_med,7.60283645796055,7.275024151802063,7.930394351482391,765638.0,True,827,33,wt_med,,,,,,,,
UC3,4,busy,all,MAE,chronos2,14.51580790971316,13.849791383743286,15.215502309799193,242392.0,True,771,33,wt_med,-0.6606645997674878,-1.1091860055923461,-0.21914918422699,-1.3758477210998534,-0.16541426181793215,239682.0,0.9936735099996683,True
UC3,4,busy,all,MAE,chronos2_grid,14.138404013125069,13.44591519832611,14.890969944000243,242392.0,True,771,33,wt_med,-1.016919410849141,-1.488952374458313,-0.5407167434692383,-1.6158936977386475,-0.5865218400955201,239682.0,0.9936735099996683,True
UC3,4,busy,all,MAE,chronos2_nocov,15.613240236323078,14.910478734970093,16.319099330902098,242392.0,True,771,33,wt_med,0.4374367792853988,-0.04047276973724363,0.9300797224044799,-0.5533393621444702,1.1605478048324585,239682.0,0.9936735099996683,False
UC3,4,busy,all,MAE,chronos2_owx,14.346078640303402,13.701218605041504,14.965565705299376,242392.0,True,771,33,wt_med,-0.8340983389097172,-1.2648693799972535,-0.3963245868682862,-1.4891718864440917,-0.34671049118041997,239682.0,0.9936735099996683,True
UC3,4,busy,all,MAE,chronos2_owx_x_h5,13.997678777759925,13.411170387268067,14.583415031433105,242314.0,True,768,33,wt_med,-1.12275594740116,-1.4050954341888429,-0.8165242433547975,-1.552655863761902,-0.7720699310302734,241193.0,0.9999378130078604,True
UC3,4,busy,all,MAE,chronos2_x_h5,14.024818207736034,13.428882598876953,14.617863869667053,242314.0,True,768,33,wt_med,-1.0951451907778278,-1.3756028413772583,-0.7929418325424195,-1.5217382669448853,-0.73549382686615,241193.0,0.9999378130078604,True
UC3,4,busy,all,MAE,clim,15.85939350864724,15.148989486694337,16.598317432403565,232155.0,True,757,33,wt_med,0.8604924785409587,0.5808595180511474,1.1203851222991943,0.43263628482818606,1.382123565673828,231604.0,0.960183741832775,False
UC3,4,busy,all,MAE,h5,15.004074494730673,14.39256148338318,15.652246451377868,242346.0,True,768,33,wt_med,-0.10032497885642222,-0.1484466552734375,-0.05185558795928955,-0.15481433868408204,-0.03875906467437744,241208.0,1.0,True
UC3,4,busy,all,MAE,lvlh5_cbd,19.59279064137801,18.173072576522827,20.939439058303833,116313.0,True,385,33,wt_med,4.768427818370068,3.5125439167022705,6.042271757125854,2.4182790994644163,7.533373522758483,115859.0,0.48032818148651785,False
UC3,4,busy,all,MAE,lvlh5_naive,15.110272902331722,14.475579881668091,15.715554451942443,237651.0,True,764,33,wt_med,0.10595180308867569,-0.1997905731201172,0.41884388923645016,-0.2125148057937622,0.4384596824645996,236900.0,0.9821398958575172,False
UC3,4,busy,all,MAE,lvlh5_tft,14.438269660408167,13.704895663261414,15.174636125564575,146894.0,True,482,33,wt_med,-0.3552583891715848,-0.830100131034851,0.14691510200500477,-1.1461514472961425,0.3311100721359253,146362.0,0.6067875029020596,False
UC3,4,busy,all,MAE,oracle_level,9.816822106639977,9.554911780357362,10.115882158279419,242122.0,True,768,33,wt_med,-5.3059415912474535,-5.781415867805481,-4.833993244171142,-6.396526527404785,-4.292336893081665,241011.0,0.9991832775032338,True
UC3,4,busy,all,MAE,oracle_shape,11.692931545528738,11.040277886390687,12.333982443809509,237627.0,True,752,33,wt_med,-3.302671244810229,-3.761871361732483,-2.8597341775894165,-3.7444385528564452,-2.847270369529724,236505.0,0.9805023050645086,True
UC3,4,busy,all,MAE,prod_served,15.40605338876881,14.693791174888611,16.143429470062255,145274.0,True,483,33,wt_med,0.5731406159209769,-0.06412358283996579,1.2039496421813964,-0.5071649312973022,1.6289489984512329,144564.0,0.5993333554442639,False
UC3,4,busy,all,MAE,prod_served_lin,15.347122734897022,14.63692593574524,16.09085545539856,145468.0,True,483,33,wt_med,0.5142280564804711,-0.12337706089019775,1.1503328561782837,-0.5521059513092041,1.568666863441467,144758.0,0.6001376405426022,False
UC3,4,busy,all,MAE,snaive7,17.35155895280312,16.564955472946167,18.195448064804076,213637.0,True,760,33,wt_med,2.3089540337711068,1.6144354343414307,3.108011674880981,1.4611355066299438,3.0297298669815063,213200.0,0.8838844482770057,False
UC3,4,busy,all,MAE,wt_med,15.109619083944148,14.496928644180297,15.735918092727662,241208.0,True,768,33,wt_med,,,,,,,,
UC3,5,all,all,MAE,chronos2,7.43166190216108,7.0444668412208555,7.815099978446961,750052.0,True,808,33,wt_med,-0.13790562653366578,-0.3054054617881775,0.030229008197784412,-0.5360096335411072,0.16368360519409175,738177.0,0.9950367927058915,False
UC3,5,all,all,MAE,chronos2_grid,7.138947776674523,6.753860831260681,7.553537583351135,750052.0,True,808,33,wt_med,-0.4306336460491256,-0.614087975025177,-0.2475693702697754,-0.7579162001609803,-0.17902901172637942,738177.0,0.9950367927058915,True
UC3,5,all,all,MAE,chronos2_nocov,7.897582967774306,7.479834794998169,8.302923345565796,750052.0,True,808,33,wt_med,0.3276127765399979,0.15000230073928833,0.5173508524894713,-0.15761617422103882,0.7284154891967773,738177.0,0.9950367927058915,False
UC3,5,all,all,MAE,chronos2_owx,7.432115338180303,7.051814472675323,7.817318451404572,750052.0,True,808,33,wt_med,-0.1377953276432553,-0.3039796233177185,0.02975932359695428,-0.523942744731903,0.15622330904006956,738177.0,0.9950367927058915,False
UC3,5,all,all,MAE,chronos2_owx_x_h5,7.279723555444995,6.948810029029846,7.618065011501312,746455.0,True,806,33,wt_med,-0.2754169445615853,-0.3868942618370056,-0.16785306930541993,-0.4945396661758423,-0.11213711500167849,741670.0,0.9997452346065762,True
UC3,5,all,all,MAE,chronos2_x_h5,7.288152016531487,6.948611772060394,7.628895211219787,746455.0,True,806,33,wt_med,-0.26685518337853775,-0.37727769613265993,-0.1549147486686707,-0.49090237617492677,-0.10498814582824707,741670.0,0.9997452346065762,True
UC3,5,all,all,MAE,clim,8.028446667915738,7.65395280122757,8.399326610565186,715198.0,True,795,33,wt_med,0.48200514680770024,0.3606124997138977,0.6030978441238404,0.29702516794204714,0.7033115148544311,711509.0,0.9590892608972864,False
UC3,5,all,all,MAE,h5,7.500912971374092,7.142629706859589,7.860313141345978,746806.0,True,806,33,wt_med,-0.04675147164083704,-0.0662575125694275,-0.028570902347564698,-0.0781530499458313,-0.021884274482727062,741859.0,1.0,True
UC3,5,all,all,MAE,lvlh5_cbd,10.089622376445144,9.402701330184936,10.810494351387025,386414.0,True,407,33,wt_med,2.530651157660465,2.1593178033828737,2.91954984664917,1.8067224979400636,3.3948984146118164,384029.0,0.5176576681013508,False
UC3,5,all,all,MAE,lvlh5_naive,7.677347581068481,7.320549011230469,8.048621368408202,723643.0,True,806,33,wt_med,0.1634737510290858,0.04242367744445801,0.28783758878707877,-0.02639232873916626,0.3017043948173523,720194.0,0.9707963373093809,False
UC3,5,all,all,MAE,lvlh5_tft,7.337990407246248,6.896654200553894,7.776069009304047,478201.0,True,513,33,wt_med,0.07897958866426169,-0.1323583483695984,0.2816973805427551,-0.2912574768066406,0.4279182076454162,475417.0,0.6408454975945563,False
UC3,5,all,all,MAE,oracle_level,5.210140004553404,5.01990807056427,5.386768770217896,744713.0,True,805,33,wt_med,-2.3582190974542705,-2.605141305923462,-2.1314597845077516,-2.8558531284332274,-1.8881321668624877,740049.0,0.9975601832693275,True
UC3,5,all,all,MAE,oracle_shape,6.229293151337283,5.887473595142365,6.614677155017853,722707.0,True,785,33,wt_med,-1.2925170311857057,-1.473805570602417,-1.0881948351860047,-1.6799885272979735,-0.8678901553153993,717531.0,0.9672067063956897,True
UC3,5,all,all,MAE,prod_served,7.6704049974844875,7.242554223537445,8.106739902496338,477040.0,True,515,33,wt_med,0.42237468513987064,0.17143806219100952,0.7051072478294372,-0.1472596764564514,0.9292361378669738,472829.0,0.637356964059208,False
UC3,5,all,all,MAE,prod_served_lin,7.6523527053311025,7.224930953979492,8.080521082878112,477631.0,True,515,33,wt_med,0.4048898173482218,0.1516883373260498,0.687438941001892,-0.15838768482208251,0.9024661898612976,473305.0,0.6379985954204236,False
UC3,5,all,all,MAE,snaive7,8.55109644583521,8.13783848285675,9.004313421249389,657032.0,True,792,33,wt_med,0.9329734215468068,0.6261489629745484,1.249663197994232,0.46698776483535764,1.3109983682632447,655531.0,0.883632873632321,False
UC3,5,all,all,MAE,wt_med,7.558444394419964,7.200267922878266,7.920256245136261,741859.0,True,806,33,wt_med,,,,,,,,
UC3,5,busy,all,MAE,chronos2,14.439999222291393,13.774461483955383,15.102920389175415,234288.0,True,750,33,wt_med,-0.5504132111142983,-0.9688503742218018,-0.13493130207061774,-1.6102532386779784,0.160790181159973,231523.0,0.9942583526582496,False
UC3,5,busy,all,MAE,chronos2_grid,13.940067632410164,13.26695146560669,14.684020638465881,234288.0,True,750,33,wt_med,-1.0404438616435776,-1.5295885801315308,-0.5769656896591187,-1.9170269250869751,-0.4215060472488409,231523.0,0.9942583526582496,True
UC3,5,busy,all,MAE,chronos2_nocov,15.558234775631364,14.846285486221314,16.2973849773407,234288.0,True,750,33,wt_med,0.5608946065394864,0.10256412029266358,1.0235992908477782,-0.6930479049682617,1.3912274837493894,231523.0,0.9942583526582496,False
UC3,5,busy,all,MAE,chronos2_owx,14.445607398217438,13.737828040122986,15.115874075889588,234288.0,True,750,33,wt_med,-0.5453855043046136,-0.9850162029266357,-0.12579574584960954,-1.5255542755126952,0.14388737678527827,231523.0,0.9942583526582496,False
UC3,5,busy,all,MAE,chronos2_owx_x_h5,13.888631872077616,13.279565811157227,14.544311141967773,234017.0,True,748,33,wt_med,-1.051938026290852,-1.3506494522094727,-0.7714493274688721,-1.619089460372925,-0.6718282699584961,232852.0,0.9999656445933178,True
UC3,5,busy,all,MAE,chronos2_x_h5,13.925208645811429,13.310173225402831,14.58270251750946,234017.0,True,748,33,wt_med,-1.0150806117871518,-1.3135132312774658,-0.7305773735046387,-1.5827478408813476,-0.6358629703521729,232852.0,0.9999656445933178,True
UC3,5,busy,all,MAE,clim,15.876225872250973,15.201474261283874,16.58052191734314,224534.0,True,736,33,wt_med,0.9635265894714262,0.683458948135376,1.2370838403701783,0.5127434492111206,1.5160940170288084,223848.0,0.9612986343725843,False
UC3,5,busy,all,MAE,h5,14.79928040224409,14.182345128059387,15.460005760192871,234037.0,True,748,33,wt_med,-0.12866609765524295,-0.18306095600128175,-0.08092074394226074,-0.19116225242614746,-0.0754497766494751,232860.0,1.0,True
UC3,5,busy,all,MAE,lvlh5_cbd,19.5721558362244,18.069805240631105,21.112077236175537,112719.0,True,381,33,wt_med,4.439526726155069,3.3824831008911134,5.508181047439575,2.3475701332092287,6.693888497352599,112155.0,0.4816413295542386,False
UC3,5,busy,all,MAE,lvlh5_naive,14.794312045835747,14.171264743804931,15.527632474899292,228483.0,True,746,33,wt_med,-0.062301414064023675,-0.3398080348968506,0.2215888500213622,-0.49752731323242183,0.2610079765319823,227680.0,0.9777548741733231,False
UC3,5,busy,all,MAE,lvlh5_tft,14.226790230162429,13.397056031227113,15.059093928337097,140462.0,True,470,33,wt_med,-0.4639632558422697,-0.9591712713241577,0.010088706016540489,-1.4487927198410033,0.38150942325592035,139832.0,0.6004981533968908,False
UC3,5,busy,all,MAE,oracle_level,9.521576859615685,9.244007349014282,9.768679356575012,233791.0,True,747,33,wt_med,-5.425984715867912,-5.965448260307312,-4.921868824958802,-6.426701974868775,-4.52060170173645,232643.0,0.9990681095937474,True
UC3,5,busy,all,MAE,oracle_shape,11.629711787462513,10.946983170509338,12.381921792030335,228412.0,True,731,33,wt_med,-3.2183206327618255,-3.6144919633865356,-2.821709728240967,-3.7517210483551025,-2.6372050762176515,227263.0,0.9759640986000172,True
UC3,5,busy,all,MAE,prod_served,15.017573834513058,14.245312261581422,15.869143009185791,139298.0,True,472,33,wt_med,0.2825229533420508,-0.3009539842605591,0.8742673635482787,-1.1157993793487548,1.4295511245727535,138433.0,0.5944902516533539,False
UC3,5,busy,all,MAE,prod_served_lin,14.962419612707107,14.187629652023315,15.799269366264342,139481.0,True,472,33,wt_med,0.22992395272659039,-0.3398795843124389,0.8190257310867309,-1.158620285987854,1.3692165851593017,138598.0,0.5951988319161728,False
UC3,5,busy,all,MAE,snaive7,16.78196992889113,15.996555590629578,17.627552604675294,206444.0,True,734,33,wt_med,1.801797714646158,1.148959183692932,2.4844793558120726,0.9280949831008911,2.4492250442504884,206095.0,0.8850596925191102,False
UC3,5,busy,all,MAE,wt_med,14.938121618139654,14.312056469917298,15.589279508590698,232860.0,True,747,33,wt_med,,,,,,,,
UC3,6,all,all,MAE,chronos2,7.045749812479551,6.73789633512497,7.3560437798500065,772862.0,True,828,33,wt_med,-0.22186319623688977,-0.4167023539543152,-0.04247571229934694,-0.5745051026344299,0.040494334697723296,760370.0,0.9945769611100357,False
UC3,6,all,all,MAE,chronos2_grid,6.83054582143577,6.509229576587677,7.152614331245422,772862.0,True,828,33,wt_med,-0.436978922445002,-0.6370717763900757,-0.25644007921218875,-0.6943798542022706,-0.2361931562423706,760370.0,0.9945769611100357,True
UC3,6,all,all,MAE,chronos2_nocov,7.43668038025669,7.109596014022827,7.756051933765411,772862.0,True,828,33,wt_med,0.1697053723394406,-0.028708267211914062,0.3538544297218323,-0.20802360773086548,0.4871471643447875,760370.0,0.9945769611100357,False
UC3,6,all,all,MAE,chronos2_owx,7.005481239441561,6.702750563621521,7.303667974472046,772862.0,True,828,33,wt_med,-0.2635951008185824,-0.44989500045776365,-0.08852858543395997,-0.6037973999977112,-0.0017138957977295758,760370.0,0.9945769611100357,True
UC3,6,all,all,MAE,chronos2_owx_x_h5,6.97048974393728,6.687831366062165,7.247097802162171,768929.0,True,826,33,wt_med,-0.29020330198454314,-0.411802864074707,-0.17328410148620607,-0.5045171499252319,-0.1185088872909546,764313.0,0.9997344725290249,True
UC3,6,all,all,MAE,chronos2_x_h5,6.9773905924507975,6.690196025371551,7.250395953655243,768929.0,True,826,33,wt_med,-0.2830942938643206,-0.4086904406547546,-0.16544474363327027,-0.4937893509864807,-0.11297905445098878,764313.0,0.9997344725290249,True
UC3,6,all,all,MAE,clim,7.766686231305783,7.452784538269043,8.119585490226745,734318.0,True,815,33,wt_med,0.4671748516843319,0.3481403231620789,0.5890566945075989,0.27819654941558836,0.7030530452728272,730705.0,0.9557746338860141,False
UC3,6,all,all,MAE,h5,7.181892831794216,6.8800906300544735,7.477436757087707,769272.0,True,826,33,wt_med,-0.07146572144991126,-0.09046484231948852,-0.05307474136352539,-0.11262034177780152,-0.04177137613296509,764516.0,1.0,True
UC3,6,all,all,MAE,lvlh5_cbd,9.521435891598957,9.007637119293213,10.121348857879639,395413.0,True,410,33,wt_med,2.53089224448028,2.09494891166687,2.9594601154327393,1.7624781727790833,3.580548334121704,393106.0,0.5141893694834379,False
UC3,6,all,all,MAE,lvlh5_naive,7.308732620892134,7.019714951515198,7.595092129707337,748861.0,True,826,33,wt_med,0.07894262832575549,-0.0291534423828125,0.19522690773010254,-0.09254952669143676,0.21095248460769653,745468.0,0.9750848903096861,False
UC3,6,all,all,MAE,lvlh5_tft,7.045493618811811,6.716255915164948,7.41293832063675,492060.0,True,521,33,wt_med,0.2131699450502138,0.022989952564239503,0.39864063262939453,-0.09493227005004883,0.48484987020492554,489336.0,0.6400598548624228,False
UC3,6,all,all,MAE,oracle_level,5.0195780975305775,4.855880296230316,5.195380592346192,766832.0,True,826,33,wt_med,-2.2512736133888067,-2.4536535501480103,-2.0449928402900697,-2.799862265586853,-1.735830569267273,762284.0,0.9970805058363723,True
UC3,6,all,all,MAE,oracle_shape,5.912273633225514,5.6241374731063845,6.203925216197968,748571.0,True,808,33,wt_med,-1.3180262182006128,-1.4953634023666382,-1.1270637273788453,-1.7084818840026856,-0.9182653546333315,742743.0,0.9715205437165475,True
UC3,6,all,all,MAE,prod_served,7.4867294424800175,7.1470845460891725,7.853839707374573,491803.0,True,523,33,wt_med,0.677144981046216,0.4179032683372498,0.901927387714386,0.25812219381332396,1.0161808490753172,486974.0,0.6369703184760032,False
UC3,6,all,all,MAE,prod_served_lin,7.4737356871682685,7.135633492469788,7.839227509498596,492303.0,True,523,33,wt_med,0.6637654754137383,0.4085147261619568,0.8880056142807007,0.24876800775527955,0.99832181930542,487386.0,0.6375092215205437,False
UC3,6,all,all,MAE,snaive7,8.05219756579571,7.687741601467133,8.433832430839539,685645.0,True,816,33,wt_med,0.7679548423377254,0.4887654662132263,1.0378145933151244,0.4062460660934448,1.0788245916366577,682852.0,0.8931820916763024,False
UC3,6,all,all,MAE,wt_med,7.258661689225602,6.951153445243835,7.559181976318359,764516.0,True,826,33,wt_med,,,,,,,,
UC3,6,busy,all,MAE,chronos2,14.04139597412932,13.474599480628967,14.622182989120484,236669.0,True,763,33,wt_med,-0.8285625375620267,-1.3156291007995606,-0.3761256217956544,-1.7536608457565308,-0.2053553819656372,234055.0,0.9938050391908761,True
UC3,6,busy,all,MAE,chronos2_grid,13.693059897423698,13.091577911376953,14.28872766494751,236669.0,True,763,33,wt_med,-1.1673489916915685,-1.7071334600448609,-0.7029364347457886,-1.9029342889785767,-0.6757407665252686,234055.0,0.9938050391908761,True
UC3,6,busy,all,MAE,chronos2_nocov,15.029692614985528,14.422449731826783,15.616598200798034,236669.0,True,763,33,wt_med,0.15746407386103556,-0.3463257074356079,0.6339063644409179,-0.8418820619583129,0.8566390752792357,234055.0,0.9938050391908761,False
UC3,6,busy,all,MAE,chronos2_owx,13.958662784900103,13.410929822921753,14.510546088218689,236669.0,True,763,33,wt_med,-0.9147355033791555,-1.3774670600891112,-0.47369189262390143,-1.80671169757843,-0.3100756168365479,234055.0,0.9938050391908761,True
UC3,6,busy,all,MAE,chronos2_owx_x_h5,13.697559494245587,13.175933647155762,14.222053718566894,236577.0,True,761,33,wt_med,-1.1163500979361967,-1.4225923538208007,-0.8218630313873292,-1.6372713565826416,-0.7085734128952027,235503.0,0.9999532936470868,True
UC3,6,busy,all,MAE,chronos2_x_h5,13.718499824480443,13.19810163974762,14.237397050857544,236577.0,True,761,33,wt_med,-1.095134187716999,-1.4072254657745362,-0.794362473487854,-1.6247736454010009,-0.6920485973358155,235503.0,0.9999532936470868,True
UC3,6,busy,all,MAE,clim,15.749585296848256,15.13978476524353,16.43129696846008,227271.0,True,749,33,wt_med,0.9311835737069902,0.6358897686004639,1.2188141345977783,0.41474525928497313,1.578499937057495,226661.0,0.962409877969038,False
UC3,6,busy,all,MAE,h5,14.621889198841902,14.085211062431336,15.185556602478027,236595.0,True,761,33,wt_med,-0.18056490272340575,-0.22853293418884277,-0.13170664310455324,-0.2676603078842163,-0.10833041667938234,235514.0,1.0,True
UC3,6,busy,all,MAE,lvlh5_cbd,18.63663516863722,17.514821434020995,19.85496082305908,114328.0,True,383,33,wt_med,4.404906614370455,3.1718045473098755,5.580533528327941,2.2198466300964355,7.145990395545959,113898.0,0.4836145621916319,False
UC3,6,busy,all,MAE,lvlh5_naive,14.382728239410525,13.81862177848816,14.943329167366027,231641.0,True,759,33,wt_med,-0.3584431483702488,-0.6686230182647706,-0.06883733272552495,-0.796374773979187,-0.03522365093231203,230905.0,0.9804300381293681,True
UC3,6,busy,all,MAE,lvlh5_tft,13.787207605049362,13.174844908714295,14.427038121223449,142760.0,True,475,33,wt_med,-0.3281705522272045,-0.8253452062606812,0.12453250885009762,-1.1090629816055297,0.34931306838989246,142253.0,0.6040108019056192,False
UC3,6,busy,all,MAE,oracle_level,9.368384773015675,9.13638482093811,9.602951097488404,236239.0,True,761,33,wt_med,-5.449065001925799,-5.947306823730469,-4.955364131927491,-6.71952486038208,-4.270450925827026,235167.0,0.9985266268671926,True
UC3,6,busy,all,MAE,oracle_shape,11.156613444852953,10.55829439163208,11.778372740745544,231533.0,True,746,33,wt_med,-3.570565453894682,-3.9543240070343018,-3.161051297187805,-4.034992790222168,-3.122524094581604,230423.0,0.9783834506653533,True
UC3,6,busy,all,MAE,prod_served,14.769967352752452,14.128517436981202,15.409136486053466,141819.0,True,477,33,wt_med,0.6486361027051153,0.07083365917205812,1.1578977823257446,-0.26007533073425293,1.3317749500274656,141103.0,0.599127865010148,False
UC3,6,busy,all,MAE,prod_served_lin,14.72591644603425,14.081417655944824,15.36582646369934,142016.0,True,477,33,wt_med,0.6097401517403416,0.031395316123962416,1.1128645181655883,-0.2892670392990112,1.2867048501968383,141294.0,0.5999388571380045,False
UC3,6,busy,all,MAE,snaive7,16.185368821871183,15.45225727558136,16.839722204208375,210359.0,True,753,33,wt_med,1.2736340706340101,0.5917623519897461,1.9273290872573852,0.46272940635681153,1.8386842489242554,209729.0,0.89051606273937,False
UC3,6,busy,all,MAE,wt_med,14.803094508182104,14.257279014587402,15.374399185180664,235514.0,True,761,33,wt_med,,,,,,,,
UC3,7,all,all,MAE,chronos2,7.4134890152330675,7.097626483440399,7.75396761894226,739823.0,True,797,32,wt_med,-0.05685980619586495,-0.23518724441528321,0.1156314849853515,-0.4046615123748779,0.22961686849594104,726063.0,0.9952012434824087,False
UC3,7,all,all,MAE,chronos2_grid,7.235429015752644,6.890508353710175,7.600671291351318,739823.0,True,797,32,wt_med,-0.2297935698460556,-0.39772175550460814,-0.05082100629806521,-0.49857584238052366,-0.01345161199569711,726063.0,0.9952012434824087,True
UC3,7,all,all,MAE,chronos2_nocov,7.842918230917469,7.498635447025299,8.212765049934386,739823.0,True,797,32,wt_med,0.37537769079883176,0.19164413213729858,0.5753166794776916,-0.026741957664489745,0.72071635723114,726063.0,0.9952012434824087,False
UC3,7,all,all,MAE,chronos2_owx,7.373530862526756,7.061035215854645,7.704287815093994,739823.0,True,797,32,wt_med,-0.09664006403200265,-0.2701941132545471,0.06839247941970825,-0.42923153638839723,0.18425539731979365,726063.0,0.9952012434824087,False
UC3,7,all,all,MAE,chronos2_owx_x_h5,7.279135451987431,6.965928876399994,7.601345026493073,734187.0,True,794,32,wt_med,-0.19264150549056325,-0.3071053385734558,-0.08287104368209842,-0.4041486978530884,-0.03110930919647217,729393.0,0.9997656134348735,True
UC3,7,all,all,MAE,chronos2_x_h5,7.285206350657375,6.972014701366424,7.607282960414887,734187.0,True,794,32,wt_med,-0.18645099204485405,-0.29905507564544676,-0.07643166780471805,-0.3998346090316772,-0.024526941776275655,729393.0,0.9997656134348735,True
UC3,7,all,all,MAE,clim,7.989904006952206,7.656793534755707,8.334860897064209,699634.0,True,782,32,wt_med,0.4637882087913985,0.34558534622192383,0.5858249068260193,0.2476678729057312,0.7396377801895142,696044.0,0.954054750508523,False
UC3,7,all,all,MAE,h5,7.403643156473069,7.079759633541107,7.73445109128952,734497.0,True,794,32,wt_med,-0.060814661222319266,-0.08068276643753051,-0.041776061058044434,-0.0986931562423706,-0.032384061813354494,729564.0,1.0,True
UC3,7,all,all,MAE,lvlh5_cbd,9.91672829320344,9.347228622436523,10.545308232307434,381154.0,True,400,32,wt_med,2.767747613278405,2.3890982627868653,3.1493613600730894,1.9702163934707642,3.741504955291748,379304.0,0.519905039174082,False
UC3,7,all,all,MAE,lvlh5_naive,7.925202353332289,7.59290326833725,8.287189197540282,703161.0,True,793,32,wt_med,0.4776196519446545,0.3482817769050598,0.6137401103973389,0.275849437713623,0.6584260225296019,699779.0,0.9591742465362875,False
UC3,7,all,all,MAE,lvlh5_tft,7.308402346297288,6.930295884609222,7.708276784420013,462825.0,True,495,32,wt_med,0.41137117911006893,0.19894372224807738,0.6218461394309998,0.13901724815368652,0.6514863610267639,460445.0,0.63112352034914,False
UC3,7,all,all,MAE,oracle_level,5.205378177935452,5.018717122077942,5.394009089469909,732418.0,True,792,32,wt_med,-2.2730075558994525,-2.4804662227630616,-2.0675368547439574,-2.7881956338882445,-1.7753864765167238,727753.0,0.9975176955003262,True
UC3,7,all,all,MAE,oracle_shape,6.699619406884845,6.356984376907349,7.055226612091064,702135.0,True,763,32,wt_med,-0.7536744078420377,-0.9526252985000611,-0.5506088495254517,-1.1756449460983276,-0.274529504776001,696609.0,0.9548291856506078,True
UC3,7,all,all,MAE,prod_served,7.803349173531354,7.412739002704621,8.206732940673827,461905.0,True,496,32,wt_med,0.9190176965654517,0.6183550834655762,1.2161047101020812,0.5740212798118591,1.2139302015304565,458168.0,0.6280024781924547,False
UC3,7,all,all,MAE,prod_served_lin,7.793155444281018,7.402797305583954,8.198557806015014,462320.0,True,496,32,wt_med,0.9068274655796982,0.607028579711914,1.2072770357131957,0.5589515924453735,1.2003077149391175,458523.0,0.628489070184384,False
UC3,7,all,all,MAE,wt_med,7.47449915291873,7.147695708274841,7.800698518753052,729564.0,True,793,32,wt_med,,,,,,,,
UC3,7,busy,all,MAE,chronos2,14.58547965063626,14.029417848587036,15.182405853271485,228898.0,True,733,32,wt_med,-0.43009445065979257,-0.884357213973999,-0.007167291641235535,-1.373362374305725,0.21920967102050762,225739.0,0.9939457717269741,False
UC3,7,busy,all,MAE,chronos2_grid,14.226272085963748,13.587046933174133,14.890519499778748,228898.0,True,733,32,wt_med,-0.7692029234503703,-1.2090535640716553,-0.31157793998718264,-1.463789939880371,-0.2366475820541382,225739.0,0.9939457717269741,True
UC3,7,busy,all,MAE,chronos2_nocov,15.637885933235925,15.033033347129821,16.288419723510742,228898.0,True,733,32,wt_med,0.6266308600884631,0.16673848628997803,1.1179666757583617,-0.3982917070388794,1.3350190401077269,225739.0,0.9939457717269741,False
UC3,7,busy,all,MAE,chronos2_owx,14.486073442500738,13.956279802322388,15.052411246299744,228898.0,True,733,32,wt_med,-0.5291249291966817,-0.9713545560836792,-0.11014735698699953,-1.4301640272140503,0.1228645086288452,225739.0,0.9939457717269741,False
UC3,7,busy,all,MAE,chronos2_owx_x_h5,14.135239591894177,13.580926275253296,14.688238096237182,228332.0,True,730,32,wt_med,-0.8485798689981667,-1.1424397468566894,-0.5681730270385744,-1.3909489393234253,-0.45899651050567636,227100.0,0.9999383569484929,True
UC3,7,busy,all,MAE,chronos2_x_h5,14.157472630151338,13.607951474189758,14.717674827575683,228332.0,True,730,32,wt_med,-0.8259611240893694,-1.1255600690841674,-0.537776803970337,-1.377513337135315,-0.4448281049728394,227100.0,0.9999383569484929,True
UC3,7,busy,all,MAE,clim,15.960441101245936,15.333587574958802,16.650770521163942,218952.0,True,717,32,wt_med,0.9406190574380844,0.6616636276245117,1.221527314186096,0.3808083295822144,1.667702293395996,218235.0,0.9609050961191296,False
UC3,7,busy,all,MAE,h5,14.818959288501203,14.247722029685974,15.434707331657409,228363.0,True,730,32,wt_med,-0.15358503879109264,-0.20355224609375,-0.10539801120758058,-0.2337101697921753,-0.08947479724884033,227114.0,1.0,True
UC3,7,busy,all,MAE,lvlh5_cbd,19.432686790026583,18.1015784740448,20.768269109725953,110300.0,True,373,32,wt_med,4.992875992360505,3.866344952583313,6.021139287948608,2.689742660522461,7.684050655364989,109912.0,0.4839507912325968,False
UC3,7,busy,all,MAE,lvlh5_naive,15.507502826091432,14.888192629814148,16.140910196304322,220346.0,True,726,32,wt_med,0.6316177820512099,0.31406526565551757,0.9572372198104858,0.10993494987487792,1.0531069755554199,219515.0,0.9665410322569282,False
UC3,7,busy,all,MAE,lvlh5_tft,14.201408990118583,13.547401523590088,14.942699432373047,135322.0,True,451,32,wt_med,0.14332684057140632,-0.3895811557769775,0.6303976774215695,-0.5452137470245361,0.7078117847442625,134758.0,0.5933495953573976,False
UC3,7,busy,all,MAE,oracle_level,9.540016021849631,9.305485558509826,9.80440375804901,228095.0,True,728,32,wt_med,-5.4424205264055825,-5.954375982284546,-4.948039889335632,-6.676607751846314,-4.225030708312989,226888.0,0.99900490502567,True
UC3,7,busy,all,MAE,oracle_shape,12.615782130694585,11.936661338806152,13.290356016159057,220104.0,True,701,32,wt_med,-2.259424478751834,-2.7142918348312377,-1.7965934514999389,-2.9691457033157347,-1.517243003845215,218872.0,0.963709854962706,True
UC3,7,busy,all,MAE,prod_served,15.362564420014767,14.632053422927857,16.138689517974854,134081.0,True,452,32,wt_med,1.2368261159826872,0.5780064821243286,1.8697327852249144,0.49599978923797605,1.8266234397888181,133313.0,0.5869871518268358,False
UC3,7,busy,all,MAE,prod_served_lin,15.320869887396109,14.582857728004456,16.109235048294067,134276.0,True,452,32,wt_med,1.1943965904664893,0.5369717359542847,1.8242989778518677,0.471004843711853,1.7794026851654052,133508.0,0.5878457514728286,False
UC3,7,busy,all,MAE,wt_med,14.981207675440528,14.392030310630798,15.607003116607666,227114.0,True,729,32,wt_med,,,,,,,,
UC3,10,all,all,MAE,chronos2_owx_x_h5,7.0483770610020615,6.770084929466248,7.337787556648254,811163.0,True,849,32,wt_med,-0.025331662626698837,-0.1327303171157837,0.08982231616973874,-0.2005145788192749,0.1357496738433838,804264.0,0.9997389598669442,False
UC3,10,all,all,MAE,chronos2_x_h5,7.070538704941525,6.789907169342041,7.360911738872528,811163.0,True,849,32,wt_med,-0.003107575349193148,-0.11034995317459106,0.11316857337951661,-0.17433531284332277,0.16057009696960448,804264.0,0.9997389598669442,False
UC3,10,all,all,MAE,clim,7.491989452472373,7.1960178256034855,7.805340111255646,760747.0,True,827,32,wt_med,0.5186670456348157,0.4138794779777527,0.6284818768501281,0.360929811000824,0.6935943722724914,756440.0,0.9402914202323506,False
UC3,10,all,all,MAE,h5,6.956129992828219,6.66524692773819,7.235980522632599,811514.0,True,849,32,wt_med,-0.11327300509401184,-0.13096731901168823,-0.09633488655090332,-0.15422184467315675,-0.08012298345565796,804474.0,1.0,True
UC3,10,all,all,MAE,lvlh5_cbd,9.817863171016908,9.235901975631714,10.445568943023682,414661.0,True,423,32,wt_med,2.956297510484128,2.532765603065491,3.3619977355003354,2.255573880672455,3.750209319591522,411314.0,0.5112831489892775,False
UC3,10,all,all,MAE,lvlh5_naive,6.9965807186151565,6.715450668334961,7.275182473659515,797334.0,True,848,32,wt_med,-0.04444473718831787,-0.15106292963027954,0.06614446640014647,-0.23108818531036376,0.13497859239578247,791495.0,0.9838664767288937,False
UC3,10,all,all,MAE,lvlh5_tft,7.238058921067676,6.847853219509124,7.614605832099914,507836.0,True,521,32,wt_med,0.38371729083833817,0.19476671218872071,0.574846065044403,0.08380968570709228,0.6440594792366028,503755.0,0.6261917725122254,False
UC3,10,all,all,MAE,oracle_level,5.023024205565972,4.8530446767807005,5.188068854808807,809486.0,True,849,32,wt_med,-2.057425303087485,-2.2374534130096437,-1.8722957015037538,-2.5574174165725707,-1.5728744983673095,802685.0,0.9977761866760144,True
UC3,10,all,all,MAE,oracle_shape,5.538730061774376,5.264700627326965,5.813519465923309,799595.0,True,837,32,wt_med,-1.5011958713531408,-1.65304936170578,-1.3444722771644593,-1.8846359491348266,-1.0574222683906556,789654.0,0.9815780248957704,True
UC3,10,all,all,MAE,prod_served,8.014604071975103,7.597931969165802,8.436279940605164,508009.0,True,522,32,wt_med,1.201283594942967,0.9274774789810181,1.4699089407920838,0.7458402395248414,1.617239248752594,501638.0,0.6235602393613715,False
UC3,10,all,all,MAE,prod_served_lin,7.996769263451076,7.579365789890289,8.416087985038757,508398.0,True,522,32,wt_med,1.1851099264500808,0.9102913975715637,1.4552883863449095,0.726026964187622,1.5990979194641113,501972.0,0.6239754174777556,False
UC3,10,all,all,MAE,wt_med,7.076656921168366,6.783519864082336,7.3582971572875975,804474.0,True,849,32,wt_med,,,,,,,,
UC3,10,busy,all,MAE,chronos2_owx_x_h5,14.069671027064368,13.526910996437072,14.619748449325561,245118.0,True,774,32,wt_med,-0.5704233447308038,-0.8572551488876343,-0.2855354547500612,-1.0256765842437745,-0.1741038322448731,243451.0,0.9998850003491061,True
UC3,10,busy,all,MAE,chronos2_x_h5,14.121106420017346,13.576447200775146,14.671692204475402,245118.0,True,774,32,wt_med,-0.5189313403612683,-0.7967328310012818,-0.23589351177215578,-0.9704565048217774,-0.13708605766296417,243451.0,0.9998850003491061,True
UC3,10,busy,all,MAE,clim,15.376832071300809,14.840471053123474,15.954477000236512,227543.0,True,750,32,wt_med,1.0136356817620271,0.7763410091400147,1.270227813720703,0.6584861516952515,1.4091618061065672,226648.0,0.9308728884215888,False
UC3,10,busy,all,MAE,h5,14.350956420390583,13.832146573066712,14.869317007064819,245172.0,True,774,32,wt_med,-0.2824591648561068,-0.324961256980896,-0.24370486736297609,-0.35261332988739014,-0.2210242509841919,243479.0,1.0,True
UC3,10,busy,all,MAE,lvlh5_cbd,19.482158547425357,18.28617482185364,20.87033643722534,119615.0,True,398,32,wt_med,5.160808105910208,4.03587236404419,6.29024384021759,3.323530411720276,6.9581246137619015,118857.0,0.48816119665351015,False
UC3,10,busy,all,MAE,lvlh5_naive,13.91070795902563,13.38262710571289,14.453143334388733,240654.0,True,772,32,wt_med,-0.6489165989869026,-0.9189926385879517,-0.37858123779296876,-1.0405225992202758,-0.29206809997558597,239287.0,0.982782909409025,True
UC3,10,busy,all,MAE,lvlh5_tft,14.573219939568158,13.841080713272095,15.313320803642274,146911.0,True,477,32,wt_med,0.012431987343433093,-0.49958832263946534,0.5118552207946777,-0.6672698974609375,0.5922820091247558,145913.0,0.5992837164601464,False
UC3,10,busy,all,MAE,oracle_level,9.479013261102944,9.250623941421509,9.717739915847778,244908.0,True,773,32,wt_med,-5.155996766374503,-5.615924215316772,-4.67925283908844,-5.997817850112915,-4.1946473836898805,243252.0,0.9990676814016815,True
UC3,10,busy,all,MAE,oracle_shape,10.414343503058422,9.847600483894348,10.983404922485352,241119.0,True,764,32,wt_med,-4.133475935499748,-4.482141780853271,-3.8203107357025146,-4.5598708391189575,-3.651687574386597,238895.0,0.9811729142965102,True
UC3,10,busy,all,MAE,prod_served,16.34596997112344,15.533489894866943,17.196097660064698,145793.0,True,479,32,wt_med,1.7863758217247039,1.1772492170333861,2.4084686279296874,0.8643080472946167,2.5778110027313232,144361.0,0.5929094500963122,False
UC3,10,busy,all,MAE,prod_served_lin,16.287533737036075,15.473701286315919,17.136176681518556,145982.0,True,479,32,wt_med,1.736636329673523,1.1244463920593262,2.355204701423645,0.8004603862762452,2.5525089740753173,144543.0,0.5936569478271226,False
UC3,10,busy,all,MAE,wt_med,14.629555320992775,14.087580108642578,15.166712975502014,243479.0,True,774,32,wt_med,,,,,,,,
UC3,14,all,all,MAE,chronos2_owx_x_h5,7.63519885091659,7.318718802928925,7.972885251045227,708172.0,True,771,31,wt_med,-0.1373410086458282,-0.2553053617477417,-0.028795266151428252,-0.35768742561340333,0.03628202676773071,701991.0,0.9996995166632963,False
UC3,14,all,all,MAE,chronos2_x_h5,7.645030848325722,7.33332017660141,7.97729572057724,708172.0,True,771,31,wt_med,-0.1271079266091828,-0.24265226125717163,-0.016202116012573264,-0.34964574575424195,0.04476617574691768,701991.0,0.9996995166632963,False
UC3,14,all,all,MAE,clim,8.11350357161943,7.77654447555542,8.455577778816224,673644.0,True,761,31,wt_med,0.2955697915591866,0.16717150211334228,0.4178931355476379,0.07526425123214722,0.5279770851135253,668727.0,0.9523285322457071,False
UC3,14,all,all,MAE,h5,7.687598618285488,7.3707693219184875,8.015547442436219,708540.0,True,771,31,wt_med,-0.07702226353670305,-0.0977603554725647,-0.05871502161026002,-0.12052229642868043,-0.044247233867645265,702202.0,1.0,True
UC3,14,all,all,MAE,lvlh5_cbd,10.148318802624438,9.566697835922241,10.784792709350587,353578.0,True,372,31,wt_med,2.7073884671391015,2.3075850367546082,3.108867335319519,1.8619176983833312,3.7448579549789427,350783.0,0.49954713885747976,False
UC3,14,all,all,MAE,lvlh5_naive,8.243166758299347,7.896241140365601,8.592253279685973,674420.0,True,767,31,wt_med,0.5180198056962304,0.37195285558700564,0.6687735676765442,0.28668283224105834,0.7464001536369324,669844.0,0.9539192426111005,False
UC3,14,all,all,MAE,lvlh5_tft,7.733775443339145,7.351216793060303,8.189042592048645,434771.0,True,466,31,wt_med,0.5049362976175935,0.264723014831543,0.7700291395187377,0.14126216173172,0.9179126501083373,431240.0,0.6141252801900308,False
UC3,14,all,all,MAE,oracle_level,5.307335160556084,5.120898771286011,5.5055533170700075,706467.0,True,769,31,wt_med,-2.4775103400308023,-2.7035872459411623,-2.2672741651535033,-3.0584020137786867,-1.9146599411964418,700423.0,0.9974665409668443,True
UC3,14,all,all,MAE,oracle_shape,7.083504635062488,6.713577747344971,7.4570157289505,674342.0,True,734,31,wt_med,-0.6397329888944236,-0.8748295783996582,-0.39586333036422733,-1.135377335548401,-0.0679519057273866,666561.0,0.949243949746654,True
UC3,14,all,all,MAE,prod_served,8.221020958705125,7.804697012901306,8.689230513572692,433710.0,True,466,31,wt_med,1.010810766583755,0.6804428100585938,1.3671109914779662,0.539807403087616,1.5011067867279053,427768.0,0.6091808340050299,False
UC3,14,all,all,MAE,prod_served_lin,8.207932468124596,7.793199503421784,8.673386120796204,434269.0,True,466,31,wt_med,0.9948428812613397,0.6621383190155029,1.3475825190544128,0.5306533575057983,1.472796833515167,428243.0,0.609857277535524,False
UC3,14,all,all,MAE,wt_med,7.780947647543015,7.453325068950653,8.112583017349243,702202.0,True,770,31,wt_med,,,,,,,,
UC3,14,busy,all,MAE,chronos2_owx_x_h5,14.963953689826008,14.386244344711304,15.52692997455597,219977.0,True,707,31,wt_med,-0.6218957795705169,-0.9256389617919922,-0.3406548500061035,-1.1930216550827026,-0.22894060611724862,218530.0,0.9999176382305032,True
UC3,14,busy,all,MAE,chronos2_x_h5,14.992954928456136,14.416480875015258,15.564414381980896,219977.0,True,707,31,wt_med,-0.5916161728685765,-0.8959279298782349,-0.32289533615112304,-1.1492770433425903,-0.21083805561065683,218530.0,0.9999176382305032,True
UC3,14,busy,all,MAE,clim,16.172019034154257,15.519863653182984,16.866894435882568,210779.0,True,696,31,wt_med,0.5859660751839524,0.3017824649810791,0.9002999782562255,0.013731122016906742,1.2029595136642455,209699.0,0.9595100389845709,False
UC3,14,busy,all,MAE,h5,15.394331115232173,14.807059168815613,16.06277141571045,220008.0,True,707,31,wt_med,-0.1800113704998445,-0.22933616638183593,-0.1317638158798218,-0.28132493495941163,-0.1042248010635376,218548.0,1.0,True
UC3,14,busy,all,MAE,lvlh5_cbd,19.97646525958327,18.679870891571046,21.265193033218384,101249.0,True,347,31,wt_med,5.027759846868538,3.957525444030762,6.166165971755981,2.570069193840027,7.749831748008727,100726.0,0.46088731079671286,False
UC3,14,busy,all,MAE,lvlh5_naive,16.222757453509963,15.547764348983765,16.89117035865784,211218.0,True,702,31,wt_med,0.7772864365003169,0.44426114559173585,1.12889244556427,0.20008323192596436,1.3362197399139404,210203.0,0.961816168530483,False
UC3,14,busy,all,MAE,lvlh5_tft,15.169077806892002,14.497849869728089,15.939633417129516,126254.0,True,424,31,wt_med,0.47722381239709044,-0.14498448371887207,1.0859001636505126,-0.458241868019104,1.4501512765884395,125463.0,0.5740752603547047,False
UC3,14,busy,all,MAE,oracle_level,9.695030508902894,9.435580253601074,9.965900683403015,219709.0,True,705,31,wt_med,-5.897970466794238,-6.464924335479736,-5.369820904731751,-7.2788405418396,-4.565592241287232,218302.0,0.9988743891502095,True
UC3,14,busy,all,MAE,oracle_shape,13.3988161792695,12.634718775749207,14.166894817352295,211101.0,True,673,31,wt_med,-2.040052557234631,-2.551492428779602,-1.5232694149017334,-2.8295141220092774,-1.1098591566085818,209527.0,0.9587230265204898,True
UC3,14,busy,all,MAE,prod_served,16.41679941723169,15.694720602035522,17.291298580169677,124921.0,True,424,31,wt_med,1.6453855980853511,0.9017529964447022,2.426701974868774,0.5847817897796631,2.6761078834533687,123678.0,0.5659077182129326,False
UC3,14,busy,all,MAE,prod_served_lin,16.36530458190881,15.659507584571838,17.23410940170288,125188.0,True,424,31,wt_med,1.5928599667586472,0.8456738233566284,2.3729461193084713,0.547728705406189,2.6173324584960933,123942.0,0.5671156908322199,False
UC3,14,busy,all,MAE,wt_med,15.588042443765215,14.979609847068787,16.253203678131104,218548.0,True,706,31,wt_med,,,,,,,,
UC3,21,all,all,MAE,chronos2_owx_x_h5,7.842020060642011,7.531040275096894,8.172481036186218,684626.0,True,752,30,wt_med,-0.07776396750297021,-0.2048133373260498,0.03917837142944332,-0.3080850958824158,0.10996203422546386,677141.0,0.9996397912560804,False
UC3,21,all,all,MAE,chronos2_x_h5,7.854777126102667,7.544255232810974,8.180768728256226,684626.0,True,752,30,wt_med,-0.06474881578958325,-0.19050549268722533,0.05270489454269409,-0.28983529806137087,0.12039484977722167,677141.0,0.9996397912560804,False
UC3,21,all,all,MAE,clim,8.181526819052767,7.839654219150543,8.532168912887574,651328.0,True,740,30,wt_med,0.21347626482431092,0.08878703117370605,0.34784872531890865,-0.012837767601013182,0.4618520975112915,644971.0,0.9521483351417583,False
UC3,21,all,all,MAE,h5,7.829069122886916,7.51008495092392,8.174031615257263,685077.0,True,752,30,wt_med,-0.08428847701085829,-0.10378725528717041,-0.06527534723281861,-0.13252226114273072,-0.05048549175262451,677385.0,1.0,True
UC3,21,all,all,MAE,lvlh5_cbd,10.32500273192262,9.712139916419982,11.006079840660096,327737.0,True,345,30,wt_med,2.618980344093992,2.2061192870140074,3.0553655743598935,1.774908995628357,3.647200798988342,324145.0,0.4785240299091359,False
UC3,21,all,all,MAE,lvlh5_naive,8.523032949062133,8.178409051895141,8.892035579681396,649501.0,True,749,30,wt_med,0.6066485793519147,0.46377805471420286,0.7479943871498108,0.4211840987205505,0.7956238031387328,643796.0,0.9504137233626372,False
UC3,21,all,all,MAE,lvlh5_tft,8.01884119759495,7.62367582321167,8.437100911140442,406415.0,True,436,30,wt_med,0.4942872468594839,0.2586232781410217,0.7341771602630615,0.26184030771255495,0.7720376610755919,401939.0,0.5933686160750533,False
UC3,21,all,all,MAE,oracle_level,5.410731339478608,5.208659899234772,5.6174541234970095,683020.0,True,750,30,wt_med,-2.5250792653994028,-2.7432595252990724,-2.3155919790267943,-3.098695147037506,-1.9784012675285338,675659.0,0.9974519660163718,True
UC3,21,all,all,MAE,oracle_shape,7.417641138224268,7.039499306678772,7.821812105178833,650679.0,True,709,30,wt_med,-0.4892261342203712,-0.7234403252601623,-0.2413273930549623,-0.972837257385254,0.08651856184005731,640218.0,0.9451316459620452,False
UC3,21,all,all,MAE,prod_served,8.619543396969101,8.181673502922058,9.079338669776917,406480.0,True,435,30,wt_med,1.1018412155383448,0.7826838493347168,1.4395672082901,0.7215027451515198,1.4726576685905457,398704.0,0.5885928976874304,False
UC3,21,all,all,MAE,prod_served_lin,8.607980802758037,8.170553708076477,9.066439127922058,407246.0,True,435,30,wt_med,1.0846943719670072,0.7679770469665528,1.4192385077476501,0.7117902398109436,1.4568304181098937,399358.0,0.5895583752223624,False
UC3,21,all,all,MAE,wt_med,7.930341681613854,7.600827014446258,8.274062490463256,677385.0,True,751,30,wt_med,,,,,,,,
UC3,21,busy,all,MAE,chronos2_owx_x_h5,15.31333462648711,14.773197388648986,15.895341944694518,212853.0,True,684,30,wt_med,-0.49766248692080417,-0.8206174850463868,-0.22050554752349855,-1.1041564464569091,-0.06949212551116953,211116.0,0.999938426270195,True
UC3,21,busy,all,MAE,chronos2_x_h5,15.359195725489363,14.832544207572937,15.939426016807555,212853.0,True,684,30,wt_med,-0.4511916785604182,-0.7744998216629029,-0.1684745788574219,-1.0591617584228517,-0.02129271030426031,211116.0,0.999938426270195,True
UC3,21,busy,all,MAE,clim,16.23120075221477,15.609187173843384,16.903244829177858,204197.0,True,672,30,wt_med,0.4253040139203126,0.1192441701889038,0.7415684700012206,-0.1700792074203491,1.058528971672058,202869.0,0.9608769993700533,False
UC3,21,busy,all,MAE,h5,15.605370723996355,15.034607791900635,16.24300436973572,212874.0,True,684,30,wt_med,-0.19999325057192507,-0.2518869400024414,-0.15481083393096923,-0.31908092498779295,-0.1196270227432251,211129.0,1.0,True
UC3,21,busy,all,MAE,lvlh5_cbd,20.27837051727479,18.964972496032715,21.7297447681427,93878.0,True,321,30,wt_med,4.756267491489584,3.5785399198532106,5.984358906745911,2.2554520845413206,7.503060007095336,93274.0,0.441786774910126,False
UC3,21,busy,all,MAE,lvlh5_naive,16.688596322905344,16.024875974655153,17.376451921463012,204115.0,True,678,30,wt_med,0.9737557030882282,0.640504264831543,1.3029022455215453,0.5205389261245728,1.396545171737671,202894.0,0.9609954103889091,False
UC3,21,busy,all,MAE,lvlh5_tft,15.61385583372291,14.912698411941529,16.335705471038818,117576.0,True,395,30,wt_med,0.29080431816713137,-0.26323375701904295,0.8859489917755127,-0.26386265754699706,0.8850232124328612,116628.0,0.5524016122844327,False
UC3,21,busy,all,MAE,oracle_level,9.839203380069886,9.56371238231659,10.12907075881958,212584.0,True,682,30,wt_med,-5.982068944891088,-6.535953640937805,-5.485202693939209,-7.312587451934815,-4.741895747184754,210879.0,0.9988158898114423,True
UC3,21,busy,all,MAE,oracle_shape,13.958905547895393,13.198504543304443,14.788803601264954,204212.0,True,645,30,wt_med,-1.7402044918140653,-2.2378634929656984,-1.1917898893356322,-2.5114754676818847,-0.7665074825286865,202212.0,0.9577651577945238,True
UC3,21,busy,all,MAE,prod_served,17.121409228026874,16.319786024093627,17.95425729751587,116688.0,True,394,30,wt_med,1.693367045494039,0.9587606430053711,2.451140022277832,0.9845876693725586,2.4417151927947995,115092.0,0.5451264392859342,False
UC3,21,busy,all,MAE,prod_served_lin,17.0722815409584,16.279584550857543,17.912002849578858,117070.0,True,394,30,wt_med,1.6405009136651394,0.9029540538787841,2.4012422084808347,0.9282670259475708,2.393431544303894,115469.0,0.5469120774502793,False
UC3,21,busy,all,MAE,wt_med,15.815889811442293,15.222318553924561,16.456071662902833,211129.0,True,683,30,wt_med,,,,,,,,
UC3,30,all,all,MAE,chronos2_owx_x_h5,8.042951157826653,7.737864685058594,8.364227104187012,761030.0,True,771,29,wt_med,0.3090201893536424,0.2190446972846985,0.40099952220916746,0.1682014584541321,0.42430962324142457,748336.0,0.9995618862400222,False
UC3,30,all,all,MAE,chronos2_x_h5,8.05729766933458,7.755303263664246,8.376261615753174,761030.0,True,771,29,wt_med,0.3236300481938841,0.23520264625549317,0.41336938142776486,0.18523014783859254,0.44432246685028076,748336.0,0.9995618862400222,False
UC3,30,all,all,MAE,clim,7.9847023247345845,7.6765175580978395,8.315464425086976,703048.0,True,750,29,wt_med,0.3292305682672927,0.2194509983062744,0.4370950937271118,0.17214199304580688,0.507547116279602,696644.0,0.9305162262376714,False
UC3,30,all,all,MAE,h5,7.671023872356907,7.386852633953095,7.9856151103973385,761655.0,True,771,29,wt_med,-0.06223778290394577,-0.0784228801727295,-0.047152638435363776,-0.0974503993988037,-0.03380308151245118,748664.0,1.0,True
UC3,30,all,all,MAE,lvlh5_cbd,10.93564657085228,10.327336311340332,11.61164710521698,350025.0,True,342,29,wt_med,3.268323766088101,2.887270140647888,3.6507893800735474,2.6334119558334352,3.9677008867263788,343422.0,0.45871312097282624,False
UC3,30,all,all,MAE,lvlh5_naive,8.07351784172397,7.769280338287354,8.401688838005066,744379.0,True,769,29,wt_med,0.37447807647113684,0.28261035680770874,0.4721854567527771,0.23908767700195313,0.5022363424301147,733526.0,0.9797799814068795,False
UC3,30,all,all,MAE,lvlh5_tft,8.384039974796746,7.992882573604584,8.795823001861573,376440.0,True,368,29,wt_med,0.8400198425879246,0.5974461555480957,1.0965294718742369,0.4082756280899048,1.2531077742576597,369571.0,0.49364067191690797,False
UC3,30,all,all,MAE,oracle_level,5.840889619152598,5.643859720230102,6.036328542232513,759763.0,True,771,29,wt_med,-1.9275144108256619,-2.10730904340744,-1.7722436547279359,-2.3915393710136414,-1.5147105932235718,747159.0,0.9979897524122971,True
UC3,30,all,all,MAE,oracle_shape,6.318882426106347,6.051723325252533,6.662569439411163,758664.0,True,755,29,wt_med,-1.362383287687976,-1.5478400588035583,-1.1865562677383423,-1.7073270559310914,-1.0442198038101196,731763.0,0.9774251199469989,True
UC3,30,all,all,MAE,prod_served,9.462129740468125,8.98884654045105,9.965112781524658,392630.0,True,381,29,wt_med,1.9130723308851127,1.5282640695571899,2.34421067237854,1.1659480929374695,2.6191482782363886,378234.0,0.5052119508885161,False
UC3,30,all,all,MAE,prod_served_lin,9.429627813502782,8.958989119529724,9.930881023406982,393593.0,True,381,29,wt_med,1.8798496531575077,1.4958110928535462,2.309985065460205,1.143991506099701,2.594853353500366,378558.0,0.5056447217977624,False
UC3,30,all,all,MAE,wt_med,7.756445481551136,7.470517742633819,8.083225131034851,748664.0,True,771,29,wt_med,,,,,,,,
UC3,30,busy,all,MAE,chronos2_owx_x_h5,15.022248795599355,14.523886251449586,15.526906442642211,230191.0,True,690,29,wt_med,0.3314146871164638,0.09792752265930176,0.5630394458770751,0.014655613899230962,0.5948862314224242,227363.0,0.9999472237493128,False
UC3,30,busy,all,MAE,chronos2_x_h5,15.052340557989426,14.563316369056702,15.554565596580506,230191.0,True,690,29,wt_med,0.3621642616602738,0.12589778900146484,0.5959726810455322,0.044744372367858894,0.6152695178985595,227363.0,0.9999472237493128,False
UC3,30,busy,all,MAE,clim,15.277728064693294,14.788173389434814,15.813273000717164,211212.0,True,666,29,wt_med,0.7721939857001985,0.5300583124160767,1.015494394302368,0.42229671478271485,1.1720802068710325,209933.0,0.9232897196261682,False
UC3,30,busy,all,MAE,h5,14.510594715809136,14.039129543304444,15.0117689371109,230215.0,True,690,29,wt_med,-0.18669983507421684,-0.227079439163208,-0.1488205909729004,-0.2737619638442993,-0.1187912940979004,227375.0,1.0,True
UC3,30,busy,all,MAE,lvlh5_cbd,20.863297876081926,19.643123435974122,22.125993156433104,99609.0,True,320,29,wt_med,6.116347943595768,4.958578491210938,7.245633339881897,4.437362718582153,7.96314582824707,98277.0,0.43222429906542054,False
UC3,30,busy,all,MAE,lvlh5_naive,15.256455886182819,14.73828125,15.832697820663451,225083.0,True,687,29,wt_med,0.5894016063879572,0.39609060287475584,0.7975928544998169,0.3090197563171387,0.8404760837554932,222744.0,0.9796327652556349,False
UC3,30,busy,all,MAE,lvlh5_tft,15.990931497316955,15.335747146606446,16.64499611854553,103772.0,True,332,29,wt_med,1.2139378360886788,0.6647666215896606,1.7561087369918822,0.43965487480163573,2.0231196165084837,102479.0,0.45070478284771853,False
UC3,30,busy,all,MAE,oracle_level,10.526057339305442,10.237907600402831,10.81579785346985,230049.0,True,690,29,wt_med,-4.204933010797648,-4.624572467803955,-3.8410549402236938,-5.028600263595581,-3.390183854103088,227225.0,0.9993402968664101,True
UC3,30,busy,all,MAE,oracle_shape,11.497224533453917,10.913498473167419,12.145526766777039,227179.0,True,677,29,wt_med,-3.1503391703157426,-3.545277142524719,-2.7748212814331055,-3.690351128578186,-2.67475483417511,222384.0,0.9780494777350193,True
UC3,30,busy,all,MAE,prod_served,18.611684071896274,17.8107048034668,19.437876749038697,107822.0,True,345,29,wt_med,3.727744990132077,2.876863217353821,4.55532431602478,2.4878092765808106,5.058658838272095,105392.0,0.4635162177020341,False
UC3,30,busy,all,MAE,prod_served_lin,18.51264468234598,17.706027221679687,19.331077766418456,108168.0,True,345,29,wt_med,3.638763108286046,2.791200852394104,4.465250945091247,2.424901080131531,4.957517051696777,105563.0,0.46426827927432657,False
UC3,30,busy,all,MAE,wt_med,14.706438702583837,14.236320185661317,15.21487603187561,227375.0,True,690,29,wt_med,,,,,,,,
UC3,45,all,all,MAE,chronos2_owx_x_h5,7.62539581105657,7.322417151927948,7.955426681041717,671087.0,True,718,27,wt_med,-0.1359795282012195,-0.25511311292648314,-0.022592270374298114,-0.3444311857223511,0.05326040983200072,659570.0,0.9996968640586871,False
UC3,45,all,all,MAE,chronos2_x_h5,7.655349556798599,7.351330900192261,7.986100029945374,671087.0,True,718,27,wt_med,-0.1053440325413737,-0.2194276213645935,0.008303296566009501,-0.3095452308654785,0.07470105886459348,659570.0,0.9996968640586871,False
UC3,45,all,all,MAE,clim,8.1678682536989,7.8465741038322445,8.505114960670472,618765.0,True,699,27,wt_med,0.47076051539680197,0.334733247756958,0.6000794172286986,0.26586328744888305,0.7330119490623473,612887.0,0.9289403883171409,False
UC3,45,all,all,MAE,h5,7.613012644193396,7.309081506729126,7.977551186084748,671494.0,True,718,27,wt_med,-0.14363111387301686,-0.16219877004623412,-0.12515676021575928,-0.19026753902435303,-0.10107948780059815,659770.0,1.0,True
UC3,45,all,all,MAE,lvlh5_cbd,10.539045442748165,9.480481815338134,11.763732624053954,79335.0,True,102,27,wt_med,1.6685403249751083,0.9855694532394409,2.40843985080719,0.9421288251876831,2.8307156085968015,78813.0,0.11945526471346075,False
UC3,45,all,all,MAE,lvlh5_naive,7.566637508928577,7.265657842159271,7.900935339927673,656165.0,True,715,27,wt_med,-0.1678914922280459,-0.298037588596344,-0.05024219751358037,-0.4167282223701477,0.06207314729690549,646183.0,0.9794064598269093,False
UC3,45,all,all,MAE,lvlh5_tft,7.849363131436586,7.325774347782135,8.442987942695618,247955.0,True,267,27,wt_med,0.34431559869931494,0.060349035263061526,0.635893952846527,0.028596484661102296,0.6777035951614377,244678.0,0.3708534792427664,False
UC3,45,all,all,MAE,oracle_level,5.134530036888234,4.963617360591888,5.309267568588257,669884.0,True,718,27,wt_med,-2.662240098459117,-2.929319107532501,-2.417562425136566,-3.2760403990745544,-2.055259144306183,658433.0,0.9979735362323234,True
UC3,45,all,all,MAE,oracle_shape,6.212347814088787,5.920998060703278,6.535435354709625,666394.0,True,702,27,wt_med,-1.5046110415750453,-1.674586796760559,-1.3412702202796936,-1.9283530354499816,-1.0542598485946657,644551.0,0.9769328705457963,True
UC3,45,all,all,MAE,prod_served,8.657024730750866,8.084647941589356,9.25091199874878,263882.0,True,286,27,wt_med,1.0896103292566748,0.7208370447158814,1.4645399212837218,0.6054396986961365,1.5099985241889953,258218.0,0.3913757824696485,False
UC3,45,all,all,MAE,prod_served_lin,8.629422351601542,8.062528562545776,9.217388248443603,264339.0,True,286,27,wt_med,1.0628562831611825,0.6947056770324707,1.4337811946868895,0.5734637975692749,1.4859952926635742,258397.0,0.39164708913712354,False
UC3,45,all,all,MAE,wt_med,7.800987465328827,7.489382600784301,8.169128131866454,659770.0,True,718,27,wt_med,,,,,,,,
UC3,45,busy,all,MAE,chronos2_owx_x_h5,15.096779818929749,14.542722177505492,15.705217409133912,204715.0,True,636,27,wt_med,-0.8425185426835533,-1.1118897914886474,-0.5804616689682007,-1.294159460067749,-0.3920414924621583,202644.0,0.9999555891104499,True
UC3,45,busy,all,MAE,chronos2_x_h5,15.171792522630243,14.62605903148651,15.80676555633545,204715.0,True,636,27,wt_med,-0.7663392005042322,-1.034021782875061,-0.5096659660339357,-1.240104651451111,-0.33463876247406027,202644.0,0.9999555891104499,True
UC3,45,busy,all,MAE,clim,16.77340481032335,16.16917200088501,17.432715129852294,187846.0,True,616,27,wt_med,1.0098504615813244,0.7165608644485474,1.3076706409454346,0.5672193765640259,1.5729129314422607,186641.0,0.9209880929470573,False
UC3,45,busy,all,MAE,h5,15.594470617255006,15.007142376899719,16.19916033744812,204729.0,True,636,27,wt_med,-0.34380104168208625,-0.3917146444320679,-0.2989373207092285,-0.42770450115203856,-0.2514392137527466,202653.0,1.0,True
UC3,45,busy,all,MAE,lvlh5_cbd,17.101376619724935,15.59593849182129,18.70426216125488,33226.0,True,102,27,wt_med,2.7551835318210376,1.3581889629364015,4.174603986740112,1.2470811367034913,4.577951550483704,33035.0,0.16301263736534866,False
UC3,45,busy,all,MAE,lvlh5_naive,14.884720055363873,14.321181559562683,15.500520634651185,200179.0,True,632,27,wt_med,-1.0370937369264084,-1.3270065307617187,-0.748982834815979,-1.553965187072754,-0.5339449167251588,198528.0,0.9796450089561961,True
UC3,45,busy,all,MAE,lvlh5_tft,15.614512191671833,14.599016499519347,16.749738883972167,68130.0,True,235,27,wt_med,-0.27383378648984547,-1.0013011932373046,0.46621687412261953,-0.9946367740631104,0.5683998346328735,67543.0,0.33329385698706654,False
UC3,45,busy,all,MAE,oracle_level,9.447323718286276,9.21973180770874,9.70171594619751,204568.0,True,635,27,wt_med,-6.512254840317096,-7.039970564842224,-5.96786904335022,-7.507285308837891,-5.48016676902771,202505.0,0.9992696875940648,True
UC3,45,busy,all,MAE,oracle_shape,11.652266214404136,11.02948055267334,12.30623550415039,202039.0,True,622,27,wt_med,-4.229884683417431,-4.614474034309387,-3.9033447027206423,-4.771987557411194,-3.6355899333953863,198203.0,0.9780412823891085,True
UC3,45,busy,all,MAE,prod_served,17.281167887106026,16.2604190826416,18.390053367614744,74973.0,True,254,27,wt_med,1.5450665038002178,0.6739196300506591,2.3975723743438717,0.6322531223297119,2.509159064292908,73680.0,0.3635771491169635,False
UC3,45,busy,all,MAE,prod_served_lin,17.194435944173176,16.160468959808348,18.309277296066284,75161.0,True,254,27,wt_med,1.4662799522931795,0.5966041564941407,2.317615532875061,0.5437524318695068,2.4607153654098513,73784.0,0.3640903416184315,False
UC3,45,busy,all,MAE,wt_med,15.952221284658998,15.34910843372345,16.581294345855714,202653.0,True,636,27,wt_med,,,,,,,,
UC3,60,all,all,MAE,chronos2_owx_x_h5,8.295294153253012,7.901888489723206,8.684810447692872,568393.0,True,635,25,wt_med,-0.02460854646722055,-0.14214684963226318,0.08784458637237547,-0.20906434059143067,0.13332958221435545,559399.0,0.9995890134356868,False
UC3,60,all,all,MAE,chronos2_x_h5,8.326454840001093,7.935273802280426,8.723483014106751,568393.0,True,635,25,wt_med,0.007215818713142141,-0.10748922824859619,0.12013916969299315,-0.18368183374404906,0.18302327394485468,559399.0,0.9995890134356868,False
UC3,60,all,all,MAE,clim,8.414771145177191,8.034340620040894,8.828853797912597,531516.0,True,619,25,wt_med,0.07501165856118952,-0.07024126052856446,0.22489383220672604,-0.22381157875061033,0.37992022037506096,525365.0,0.938773723305976,False
UC3,60,all,all,MAE,h5,8.251312457368485,7.844097197055817,8.660603165626526,568828.0,True,635,25,wt_med,-0.06246448540014882,-0.08110952377319336,-0.04402139186859131,-0.10186359882354737,-0.028508424758911133,559629.0,1.0,True
UC3,60,all,all,MAE,lvlh5_naive,8.627793406658679,8.236065220832824,9.03147087097168,532165.0,True,633,25,wt_med,0.3746213092098962,0.217264986038208,0.5130478501319885,0.14997026920318604,0.5853600859642029,525208.0,0.9384931803033796,False
UC3,60,all,all,MAE,lvlh5_tft,0.47260309615170903,0.13618619814515115,1.1628830671310424,3352.0,True,18,25,wt_med,0.08594055808492096,-0.0019309543073177322,0.23375140875577927,0.006101086735725403,1.0464973449707031,3351.0,0.005987895552231925,False
UC3,60,all,all,MAE,oracle_level,5.697733675356483,5.445099699497223,5.973265063762665,567283.0,True,635,25,wt_med,-2.658158823682566,-2.937978911399841,-2.373127055168152,-3.2414672493934633,-2.1078599214553835,558341.0,0.9976984752398464,True
UC3,60,all,all,MAE,oracle_shape,7.241710021612049,6.840992331504822,7.63370349407196,538559.0,True,590,25,wt_med,-0.9887001697542637,-1.2290092587471009,-0.7649540185928345,-1.52415269613266,-0.4456070184707643,521986.0,0.9327357946067841,True
UC3,60,all,all,MAE,prod_served,0.3383838383838384,0.044436405319720505,0.9040524914860726,3168.0,True,18,25,wt_med,-0.0695322376738306,-0.14132664501667022,0.014594924775883547,-0.2788820266723633,0.5681817531585693,3164.0,0.005653745606464282,False
UC3,60,all,all,MAE,prod_served_lin,0.3379571248423707,0.04388279439881444,0.9017531678080559,3172.0,True,18,25,wt_med,-0.06948831332912192,-0.14193309396505355,0.015324671613052478,-0.2776690721511841,0.5965907573699951,3166.0,0.005657319402675701,False
UC3,60,all,all,MAE,wt_med,8.339545484597831,7.928301894664765,8.743959259986877,559629.0,True,635,25,wt_med,,,,,,,,
UC3,60,busy,all,MAE,chronos2_owx_x_h5,15.773807210450283,15.084798860549927,16.491124010086057,181586.0,True,563,25,wt_med,-0.357847928256934,-0.6337338924407959,-0.07402720451354981,-0.8231129169464111,0.046169877052307115,179790.0,0.9999388212523845,False
UC3,60,busy,all,MAE,chronos2_x_h5,15.852304620484475,15.157053923606872,16.57154264450073,181586.0,True,563,25,wt_med,-0.27825979951192004,-0.5524868726730346,0.010920810699462819,-0.7765574216842651,0.1913529872894287,179790.0,0.9999388212523845,False
UC3,60,busy,all,MAE,clim,16.18196463403307,15.491212344169616,16.909001874923707,172256.0,True,555,25,wt_med,0.12031727269535608,-0.2063166618347168,0.47186408042907707,-0.6928975343704223,0.8106100559234618,170894.0,0.9504618995444964,False
UC3,60,busy,all,MAE,h5,15.969681952336902,15.279516673088073,16.72121572494507,181608.0,True,563,25,wt_med,-0.15278940328474278,-0.20060365200042723,-0.10288333892822267,-0.23362195491790771,-0.06648809909820556,179801.0,1.0,True
UC3,60,busy,all,MAE,lvlh5_naive,16.394690836249886,15.677585101127624,17.110290670394896,174687.0,True,558,25,wt_med,0.44832360792739756,0.09681463241577148,0.7893749237060547,-0.09773540496826172,0.9636879444122313,173488.0,0.964888960573078,False
UC3,60,busy,all,MAE,oracle_level,10.070149667233558,9.69657576084137,10.445124125480652,181443.0,True,563,25,wt_med,-6.083407536584495,-6.706527590751648,-5.486344385147095,-7.167117857933045,-5.060790109634399,179652.0,0.9991713060550275,True
UC3,60,busy,all,MAE,oracle_shape,13.192076739827522,12.450675654411317,13.931075978279114,176043.0,True,533,25,wt_med,-2.6940000350252706,-3.1903277397155763,-2.2243937969207765,-3.5205569744110106,-1.867570209503174,173082.0,0.9626309086156362,True
UC3,60,busy,all,MAE,wt_med,16.13166222657271,15.443213891983032,16.880775022506715,179801.0,True,563,25,wt_med,,,,,,,,
UC3,90,all,all,MAE,chronos2_owx_x_h5,8.30312439540654,7.925037086009979,8.700472974777222,453844.0,True,520,21,wt_med,0.0032158919030074173,-0.1366436243057251,0.13405547142028806,-0.183502721786499,0.15911467075347896,445426.0,0.9996274618933912,False
UC3,90,all,all,MAE,chronos2_x_h5,8.318768478068801,7.940539097785949,8.711935877799988,453844.0,True,520,21,wt_med,0.01934903083830619,-0.12210397720336914,0.14700922966003416,-0.18661973476409913,0.20149505138397214,445426.0,0.9996274618933912,False
UC3,90,all,all,MAE,clim,8.610217738713544,8.188417315483093,9.039791202545166,420504.0,True,505,21,wt_med,0.2847383706905706,0.11002795696258545,0.4710513591766357,-0.12008728981018066,0.7366730690002441,414556.0,0.9303488392969353,False
UC3,90,all,all,MAE,h5,8.20941366315618,7.804107117652893,8.612020754814148,454163.0,True,520,21,wt_med,-0.08824215874611774,-0.10900495052337647,-0.06819334030151367,-0.12183053493499756,-0.059480285644531256,445592.0,1.0,True
UC3,90,all,all,MAE,lvlh5_naive,8.696511212088215,8.263992857933044,9.144368410110474,422681.0,True,514,21,wt_med,0.43815176702697123,0.26537069082260134,0.6011390209197998,0.18828306198120118,0.6755550146102904,416203.0,0.9340450456920232,False
UC3,90,all,all,MAE,oracle_level,5.311143411927988,5.0864884614944454,5.572010338306427,452652.0,True,520,21,wt_med,-3.037259945654391,-3.347271680831909,-2.7579327106475833,-3.748236119747162,-2.3068079471588137,444278.0,0.997051114023591,True
UC3,90,all,all,MAE,oracle_shape,7.466444904933027,7.034334123134613,7.927403259277344,434131.0,True,473,21,wt_med,-0.7434055644983362,-0.9959089517593384,-0.49406597614288333,-1.2829358458518982,-0.3217081189155579,413983.0,0.9290629095674967,True
UC3,90,all,all,MAE,wt_med,8.337142498069984,7.927099359035492,8.748746037483215,445592.0,True,520,21,wt_med,,,,,,,,
UC3,90,busy,all,MAE,chronos2_owx_x_h5,16.241258145820424,15.599881529808044,16.932881927490236,146505.0,True,454,21,wt_med,-0.4072625355951338,-0.7505213975906372,-0.08967890739440917,-0.9528233051300049,0.031044411659240656,144867.0,0.9999102705687466,False
UC3,90,busy,all,MAE,chronos2_x_h5,16.286404228217982,15.630433011054993,16.972091484069825,146505.0,True,454,21,wt_med,-0.36101694431897613,-0.6977635860443115,-0.044607353210449244,-0.9489129066467286,0.14327516555786127,144867.0,0.9999102705687466,False
UC3,90,busy,all,MAE,clim,17.08112979025848,16.339725255966187,17.839355182647704,137884.0,True,446,21,wt_med,0.46483844193238255,0.06460695266723633,0.8923572540283202,-0.38506927490234377,1.5244856357574461,136143.0,0.9396949199337382,False
UC3,90,busy,all,MAE,h5,16.450966407774942,15.782758855819703,17.11813349723816,146522.0,True,454,21,wt_med,-0.19242994202098274,-0.24309217929840088,-0.1426325798034668,-0.26605632305145266,-0.12632339000701906,144880.0,1.0,True
UC3,90,busy,all,MAE,lvlh5_naive,16.944129490407693,16.171360445022582,17.73634214401245,138393.0,True,450,21,wt_med,0.44433330493106027,0.010402536392211918,0.8537119388580322,-0.18950796127319336,1.000084614753723,137339.0,0.9479500276090558,False
UC3,90,busy,all,MAE,oracle_level,9.746341378902317,9.435071635246278,10.079289960861207,146302.0,True,454,21,wt_med,-6.931207819549249,-7.6034616231918335,-6.273179411888123,-8.468526816368103,-5.422442317008972,144668.0,0.9985367200441745,True
UC3,90,busy,all,MAE,oracle_shape,13.939342923449743,13.095364689826965,14.830419015884399,140348.0,True,420,21,wt_med,-2.4625880049128366,-3.0482428312301635,-1.9104392051696777,-3.274008870124817,-1.6561321973800665,136813.0,0.9443194367752623,True
UC3,90,busy,all,MAE,wt_med,16.64809842628382,15.967798113822937,17.316549873352052,144880.0,True,454,21,wt_med,,,,,,,,
UC2,1,all,all,MAE,chronos2,6.565512347188238,6.314162611961365,6.808706831932068,805137.0,True,859,33,wt_med,-0.5397830053099044,-0.721101701259613,-0.38605427742004395,-0.8498294115066528,-0.2711063742637635,791549.0,0.9929251407131809,True
UC2,1,all,all,MAE,chronos2_grid,6.470362455890242,6.215066993236542,6.724645686149597,805137.0,True,859,33,wt_med,-0.6236289583778811,-0.8227574825286865,-0.46617195606231693,-0.8612852215766906,-0.39214965105056765,791549.0,0.9929251407131809,True
UC2,1,all,all,MAE,chronos2_nocov,6.982985935770828,6.706322145462036,7.243681013584137,805137.0,True,859,33,wt_med,-0.12044466811915999,-0.32315841913223264,0.04580420255661009,-0.40797613859176635,0.16153180599212633,791549.0,0.9929251407131809,False
UC2,1,all,all,MAE,chronos2_owx,6.47916724995308,6.239108526706696,6.714294826984405,805137.0,True,859,33,wt_med,-0.6272773242560898,-0.8040252447128295,-0.48417547941207895,-0.9820526838302612,-0.34750484228134154,791549.0,0.9929251407131809,True
UC2,1,all,all,MAE,chronos2_owx_x_h5,6.791364930297152,6.547924220561981,7.043805336952209,801940.0,True,855,33,wt_med,-0.30281402999523266,-0.42596861124038693,-0.18589022159576418,-0.4853531002998352,-0.1517935872077942,796986.0,0.9997453552419815,True
UC2,1,all,all,MAE,chronos2_x_h5,6.790740978941455,6.548195934295654,7.041180229187011,801940.0,True,855,33,wt_med,-0.30329218151036663,-0.42685048580169677,-0.18639974594116213,-0.4865581512451172,-0.1550040483474732,796986.0,0.9997453552419815,True
UC2,1,all,all,MAE,clim,7.682903637607917,7.360808873176575,7.998408329486847,759840.0,True,848,33,wt_med,0.5725129403686688,0.47091844081878664,0.6834953546524047,0.38329715728759767,0.8186298608779907,757320.0,0.949988020406704,False
UC2,1,all,all,MAE,h5,7.042435359387348,6.765043997764588,7.343238043785095,802282.0,True,855,33,wt_med,-0.044407913305376745,-0.06969262361526489,-0.022692334651947026,-0.07647294998168945,-0.019798564910888678,797189.0,1.0,True
UC2,1,all,all,MAE,lvlh5_cbd,9.029432135002684,8.55363495349884,9.603963661193848,389992.0,True,410,33,wt_med,2.5700333469283736,2.1831385016441347,2.999184322357178,1.6935988903045653,3.654605197906494,388573.0,0.487428953485309,False
UC2,1,all,all,MAE,lvlh5_naive,7.444172246776464,7.1754120826721195,7.741675770282745,776852.0,True,854,33,wt_med,0.349797192831546,0.23872066736221315,0.46975082159042353,0.1772201180458069,0.5278353571891785,773270.0,0.9699958228224423,False
UC2,1,all,all,MAE,lvlh5_tft,6.655036835549459,6.3291965365409855,6.985659408569336,509030.0,True,545,33,wt_med,0.18281620450311742,-0.022875022888183594,0.37159370183944695,-0.11545077562332152,0.4563636779785156,506804.0,0.635738827304441,False
UC2,1,all,all,MAE,oracle_level,5.309940087011474,5.130964887142182,5.493298411369324,799970.0,True,855,33,wt_med,-1.792669174136658,-1.9865078568458556,-1.6112431168556214,-2.268584406375885,-1.4037472605705263,795116.0,0.9973996128897915,True
UC2,1,all,all,MAE,oracle_shape,5.936701354613842,5.675495302677154,6.247039818763733,775989.0,True,832,33,wt_med,-1.158263937730525,-1.3410343766212462,-0.9621991753578186,-1.5757509469985962,-0.709733259677887,770079.0,0.9659930079316197,True
UC2,1,all,all,MAE,snaive7,8.401684280383483,8.059688448905945,8.787160992622375,699171.0,True,835,33,wt_med,1.2405139564778258,0.9987445950508118,1.4966531991958618,0.950454580783844,1.5467664837837218,697024.0,0.8743522552368385,False
UC2,1,all,all,MAE,wt_med,7.089702692836956,6.806853127479553,7.4022074222564695,797189.0,True,855,33,wt_med,,,,,,,,
UC2,1,busy,all,MAE,chronos2,12.903307256274918,12.43349485397339,13.349651503562926,250635.0,True,795,33,wt_med,-1.2904264160300123,-1.754554271697998,-0.9093863725662232,-2.147469925880432,-0.5885471343994142,246912.0,0.9914671313901148,True
UC2,1,busy,all,MAE,chronos2_grid,12.720478206265206,12.224243211746217,13.195140147209168,250635.0,True,795,33,wt_med,-1.4422880010790422,-1.9417806386947631,-1.0326765537261964,-2.0928626537322996,-0.8758780717849732,246912.0,0.9914671313901148,True
UC2,1,busy,all,MAE,chronos2_nocov,13.922072223708838,13.401838231086732,14.397545218467712,250635.0,True,795,33,wt_med,-0.2702363112476931,-0.76655592918396,0.13406364917755123,-1.0852850437164308,0.4103731393814087,246912.0,0.9914671313901148,False
UC2,1,busy,all,MAE,chronos2_owx,12.69183704707563,12.267064023017884,13.107259893417359,250635.0,True,795,33,wt_med,-1.503745882175652,-1.9644629955291748,-1.1420940399169923,-2.423360514640808,-0.7779336214065553,246912.0,0.9914671313901148,True
UC2,1,busy,all,MAE,chronos2_owx_x_h5,13.074183009118489,12.628777170181275,13.516445207595826,250640.0,True,792,33,wt_med,-1.0722502149974549,-1.3699317932128907,-0.791156077384949,-1.551316261291504,-0.6792171478271485,249027.0,0.9999598453241888,True
UC2,1,busy,all,MAE,chronos2_x_h5,13.066757033333182,12.626626229286193,13.503463792800904,250640.0,True,792,33,wt_med,-1.079398173898202,-1.3831942558288575,-0.7909107685089112,-1.576622986793518,-0.6885353803634645,249027.0,0.9999598453241888,True
UC2,1,busy,all,MAE,clim,15.279050801524004,14.70383927822113,15.941489458084106,239107.0,True,781,33,wt_med,1.1856436889619761,0.9349439144134521,1.449087429046631,0.757308053970337,1.8049757957458494,238376.0,0.9571911001176532,False
UC2,1,busy,all,MAE,h5,14.01179098032019,13.480690121650696,14.561871647834778,250663.0,True,792,33,wt_med,-0.12160291442637039,-0.18172259330749513,-0.0649792194366455,-0.1993157148361206,-0.057257580757141116,249037.0,1.0,True
UC2,1,busy,all,MAE,lvlh5_cbd,17.630357081338293,16.54158878326416,18.866163063049317,114134.0,True,384,33,wt_med,4.708240013283486,3.6429233312606812,5.853302240371704,2.421686029434204,7.480976462364197,113734.0,0.4566951898713846,False
UC2,1,busy,all,MAE,lvlh5_naive,14.313229348425862,13.810985970497132,14.882654166221618,244270.0,True,788,33,wt_med,0.2516478808847431,0.0023758172988891614,0.5139662027359008,-0.08128623962402344,0.5386592864990233,243075.0,0.9760597822813477,False
UC2,1,busy,all,MAE,lvlh5_tft,13.07468967727107,12.417843985557557,13.717304253578186,150680.0,True,500,33,wt_med,-0.2895229719209418,-0.8135146379470826,0.2161679744720459,-1.2116268873214722,0.4329179286956786,149902.0,0.6019266213454225,False
UC2,1,busy,all,MAE,oracle_level,9.782713515378688,9.525946664810181,10.029959273338317,250349.0,True,791,33,wt_med,-4.371568756510353,-4.845822882652283,-3.950760006904602,-5.442125129699707,-3.4220598459243776,248756.0,0.9988716536097045,True
UC2,1,busy,all,MAE,oracle_shape,10.81525498999513,10.268122625350951,11.390635967254639,244267.0,True,770,33,wt_med,-3.2301545094858497,-3.5821654081344603,-2.8191564321517943,-3.7070308685302735,-2.6997177839279174,242443.0,0.9735220067700784,True
UC2,1,busy,all,MAE,snaive7,16.466348007092744,15.823260855674743,17.13875346183777,220507.0,True,777,33,wt_med,2.278079256920881,1.7458996772766113,2.8062806606292723,1.608045768737793,2.8283022403717037,219842.0,0.8827684239691291,False
UC2,1,busy,all,MAE,wt_med,14.135750912515007,13.580031490325927,14.717875909805297,249037.0,True,792,33,wt_med,,,,,,,,
UC1,m015,all,all,MAE,chronos2,3.002675769217107,2.882528305053711,3.129207623004913,92076.0,True,821,33,persistence,0.2625714515951403,0.2318781316280365,0.29404177069664,0.1791189968585968,0.355545973777771,84899.0,0.9984476249838294,False
UC1,m015,all,all,MAE,clim,7.7511053731991275,7.4117261409759525,8.098076057434081,87527.0,True,807,33,persistence,5.408552477179807,5.095804333686829,5.703611493110657,4.417196607589721,6.346922731399536,80959.0,0.9521115828344957,False
UC1,m015,all,all,MAE,h5,7.026202243023281,6.717426550388336,7.331971275806427,91662.0,True,819,33,persistence,4.701966202383347,4.410979855060577,4.9758761644363405,3.8373718559741974,5.5187483549118035,84503.0,0.9937904999353178,False
UC1,m015,all,all,MAE,lvlh5_naive,7.508959284379996,7.195116245746613,7.8360994219779965,88155.0,True,802,33,persistence,5.193618984032486,4.905739676952362,5.486257112026214,4.292433106899262,6.066710793972015,81097.0,0.9537345203514013,False
UC1,m015,all,all,MAE,lvlh5_tft,6.595544312732583,6.252091443538665,6.979463887214661,58749.0,True,522,33,persistence,4.435063104386467,4.148734426498413,4.75761194229126,3.614178013801575,5.324869549274444,54042.0,0.6355564441203796,False
UC1,m015,all,all,MAE,persistence,2.6414131316813867,2.518301546573639,2.7615326821804045,85031.0,True,821,33,persistence,,,,,,,,
UC1,m015,all,all,MAE,snaive7,8.352814565344003,7.99522545337677,8.75211284160614,78982.0,True,788,33,persistence,5.954490644772317,5.631921434402466,6.304166710376739,5.004786849021912,6.886890172958374,73809.0,0.868024602791923,False
UC1,m015,all,all,MAE,wt_med,6.9933385880215,6.6807711839675905,7.310755777359009,91347.0,True,819,33,persistence,4.665425569758342,4.382509541511536,4.936737382411957,3.8204014182090758,5.469851553440094,84334.0,0.9918029894979478,False
UC1,m015,busy,all,MAE,chronos2,5.9052922195905015,5.758232474327087,6.0593820214271545,28429.0,True,758,33,persistence,0.4403281952670284,0.3620605945587158,0.521280038356781,0.23811813592910766,0.6527054786682129,26564.0,0.998008791373934,False
UC1,m015,busy,all,MAE,clim,15.586263796707124,14.93395962715149,16.231668090820314,27271.0,True,745,33,persistence,10.75471107983423,10.067637014389039,11.452179837226868,8.729666709899902,12.75033392906189,25578.0,0.9609647969342902,False
UC1,m015,busy,all,MAE,h5,14.129624651884232,13.59909098148346,14.680677485466003,28367.0,True,757,33,persistence,9.357090987966352,8.796992111206055,9.922846007347106,7.711143267154694,10.865166926383973,26509.0,0.9959424427997144,False
UC1,m015,busy,all,MAE,lvlh5_naive,14.679754067570052,14.119742226600646,15.237292146682739,27456.0,True,741,33,persistence,9.896369976168224,9.320503115653992,10.523598575592041,8.200649785995484,11.402277374267578,25635.0,0.963106285456663,False
UC1,m015,busy,all,MAE,lvlh5_tft,12.966730960105533,12.357471489906311,13.68857090473175,17082.0,True,477,33,persistence,8.397045281203145,7.76236629486084,9.081165552139282,6.83727605342865,9.656993007659912,15967.0,0.5998797760829545,False
UC1,m015,busy,all,MAE,persistence,5.178607656760716,5.001409268379211,5.358333122730255,26617.0,True,758,33,persistence,,,,,,,,
UC1,m015,busy,all,MAE,snaive7,16.421695052716952,15.782127523422242,17.093013191223143,24660.0,True,733,33,persistence,11.456595216703032,10.811186814308167,12.172667264938354,9.737705564498901,13.006911325454713,23373.0,0.8781230040951272,False
UC1,m015,busy,all,MAE,wt_med,14.106089539571398,13.549539494514466,14.66335175037384,28278.0,True,757,33,persistence,9.309911577992747,8.733354830741883,9.911868906021118,7.64904021024704,10.806357431411744,26464.0,0.9942517939662622,False
UC1,m030,all,all,MAE,chronos2,3.859906373731084,3.705871444940567,4.009329736232758,94680.0,True,821,33,persistence,-0.4164041326637484,-0.4752721548080444,-0.3572685897350311,-0.6102991700172424,-0.21193768978118896,84372.0,0.9984852071005917,True
UC1,m030,all,all,MAE,clim,7.684415555506088,7.349090623855591,8.03516619205475,89846.0,True,807,33,persistence,3.7515982587064673,3.4731870889663696,4.051031398773193,2.946837455034256,4.549440836906433,80400.0,0.9514792899408284,False
UC1,m030,all,all,MAE,h5,6.918361351893308,6.625116813182831,7.231366622447967,94253.0,True,819,33,persistence,3.022843780513944,2.7630958914756776,3.27097772359848,2.3516033828258514,3.7039427757263184,83978.0,0.9938224852071006,False
UC1,m030,all,all,MAE,lvlh5_naive,7.4257299473098035,7.115401422977447,7.743820142745972,90661.0,True,804,33,persistence,3.5300329788496123,3.2643207192420958,3.7957213044166562,2.7875694632530212,4.27998263835907,80577.0,0.9535739644970415,False
UC1,m030,all,all,MAE,lvlh5_tft,6.560476060445129,6.2245370745658875,6.934670770168304,60263.0,True,522,33,persistence,2.9248932390886186,2.659687840938568,3.228912353515625,2.2765785217285157,3.646749401092529,53639.0,0.6347810650887574,False
UC1,m030,all,all,MAE,persistence,4.227278106508876,4.041937470436096,4.426270282268524,84500.0,True,821,33,persistence,,,,,,,,
UC1,m030,all,all,MAE,snaive7,8.269776429724573,7.918691575527191,8.665720963478089,81764.0,True,788,33,persistence,4.333686167541967,4.0260460615158085,4.671597599983215,3.5907217860221863,5.061038780212402,73689.0,0.8720591715976331,False
UC1,m030,all,all,MAE,wt_med,6.950156939937224,6.653716242313385,7.263087952136993,93985.0,True,819,33,persistence,3.0471400959266948,2.796500539779663,3.3095291018486024,2.366417497396469,3.7408094704151154,83814.0,0.9918816568047337,False
UC1,m030,busy,all,MAE,chronos2,7.6086531197581415,7.421416878700256,7.784901905059814,29067.0,True,758,33,persistence,-0.9165433304947426,-1.0419237852096557,-0.789021372795105,-1.2817994236946106,-0.4934740781784059,26378.0,0.997994778858159,True
UC1,m030,busy,all,MAE,clim,15.459610827888275,14.82921359539032,16.088573741912843,27854.0,True,745,33,persistence,7.448034814114683,6.781021404266357,8.164001226425171,5.591751432418823,9.363280391693115,25392.0,0.9606900987476826,False
UC1,m030,busy,all,MAE,h5,13.964020375094808,13.446711707115174,14.533069682121276,29006.0,True,757,33,persistence,6.0355996429114125,5.470891833305359,6.61133348941803,4.480785489082336,7.491693079471587,26324.0,0.9959517233551511,False
UC1,m030,busy,all,MAE,lvlh5_naive,14.523174436267345,13.992631220817566,15.082993364334106,28074.0,True,742,33,persistence,6.56821230028627,5.9893899917602536,7.176548504829406,5.026397609710694,8.046903181076049,25456.0,0.9631114978623586,False
UC1,m030,busy,all,MAE,lvlh5_tft,12.854871597490968,12.255283236503601,13.590560150146484,17462.0,True,477,33,persistence,5.174379127676401,4.521772885322571,5.913060283660888,3.8182018280029295,6.464577758312226,15843.0,0.5994097839657977,False
UC1,m030,busy,all,MAE,persistence,8.290567893761114,8.035492563247681,8.535420727729797,26431.0,True,758,33,persistence,,,,,,,,
UC1,m030,busy,all,MAE,snaive7,16.198073141958318,15.577829146385193,16.852351427078247,25430.0,True,733,33,persistence,8.204887861667522,7.565652751922608,8.914412307739257,6.732984018325806,9.489725279808043,23364.0,0.8839620143013885,False
UC1,m030,busy,all,MAE,wt_med,14.046321902654867,13.517670297622681,14.624142932891846,28928.0,True,757,33,persistence,6.088744341739892,5.518933558464051,6.674885284900665,4.501858282089233,7.583500218391419,26289.0,0.9946275207143127,False
UC1,m045,all,all,MAE,chronos2,4.2436764995208085,4.087415277957916,4.397704982757568,94923.0,True,821,33,persistence,-0.9015065380907616,-0.9810842514038086,-0.8230592131614685,-1.1677539110183717,-0.6172743678092957,82809.0,0.9965341709086971,True
UC1,m045,all,all,MAE,clim,7.672043308657298,7.330489897727967,8.01081554889679,90236.0,True,807,33,persistence,2.8251046501334214,2.5626144289970396,3.1181402444839477,2.1477200031280517,3.5555981040000915,79073.0,0.9515746657520728,False
UC1,m045,all,all,MAE,h5,6.914240884164703,6.622739958763122,7.211156666278839,94643.0,True,819,33,persistence,2.100848368347763,1.8499975085258484,2.3444944500923155,1.4808171153068543,2.7291604995727536,82585.0,0.9938385260599059,False
UC1,m045,all,all,MAE,lvlh5_naive,7.423285919440445,7.122879135608673,7.741745603084564,91034.0,True,807,33,persistence,2.619397677825839,2.3561727523803713,2.875052034854889,1.959345018863678,3.276225996017456,79184.0,0.9529104540476793,False
UC1,m045,all,all,MAE,lvlh5_tft,6.562068291517009,6.2261800289154055,6.9331592440605165,60477.0,True,522,33,persistence,2.0660220730773977,1.799401843547821,2.343696069717407,1.4931111812591553,2.703013515472412,52697.0,0.6341624848069124,False
UC1,m045,all,all,MAE,persistence,5.06433445250731,4.854206252098083,5.279712271690369,83097.0,True,821,33,persistence,,,,,,,,
UC1,m045,all,all,MAE,snaive7,8.276226765345253,7.930066883563995,8.676470160484314,81882.0,True,788,33,persistence,3.442140977703918,3.151832711696625,3.7553669214248657,2.817651832103729,4.0579468488693236,72210.0,0.8689844398714756,False
UC1,m045,all,all,MAE,wt_med,6.953773854810168,6.658749651908875,7.248939907550811,94373.0,True,819,33,persistence,2.128061360712639,1.8810851097106933,2.3812426328659058,1.516950297355652,2.766789734363556,82398.0,0.9915881439763168,False
UC1,m045,busy,all,MAE,chronos2,8.268466441001097,8.074528527259826,8.453238224983215,29372.0,True,758,33,persistence,-1.865826310523973,-2.0219290375709535,-1.6951809644699096,-2.268780016899109,-1.4030696392059328,25876.0,0.9974943140202768,True
UC1,m045,busy,all,MAE,clim,15.359478168264111,14.728073668479919,15.986320781707764,28170.0,True,745,33,persistence,5.704560051380861,5.019455456733704,6.369300198554993,4.000701642036438,7.54794750213623,24912.0,0.9603330634902278,False
UC1,m045,busy,all,MAE,h5,13.895215570190405,13.40968689918518,14.444196391105653,29306.0,True,757,33,persistence,4.299636053894998,3.731420660018921,4.902713108062744,2.9007535934448243,5.822908496856689,25828.0,0.9956439612967889,False
UC1,m045,busy,all,MAE,lvlh5_naive,14.453422317991622,13.913145780563354,14.990194988250732,28368.0,True,743,33,persistence,4.855755594635996,4.254710292816162,5.4712135076522825,3.4264698028564453,6.384765458106995,24960.0,0.9621834162137157,False
UC1,m045,busy,all,MAE,lvlh5_tft,12.848936613956978,12.238886332511902,13.552120542526245,17662.0,True,477,33,persistence,3.5117057081563274,2.866707420349121,4.256888699531555,2.274102807044983,4.875089907646179,15539.0,0.5990131452141397,False
UC1,m045,busy,all,MAE,persistence,9.881577425696774,9.587874937057496,10.155654811859131,25941.0,True,758,33,persistence,,,,,,,,
UC1,m045,busy,all,MAE,snaive7,16.13534627553611,15.535444307327271,16.798261070251463,25601.0,True,733,33,persistence,6.47887570596734,5.839782786369324,7.121302580833435,5.15136947631836,7.691878151893616,22841.0,0.8804980532747388,False
UC1,m045,busy,all,MAE,wt_med,13.982003558231833,13.47833354473114,14.530918884277344,29228.0,True,757,33,persistence,4.337476247721719,3.769781494140625,4.958415365219116,2.9220132350921633,5.8624116897583,25787.0,0.9940634516788096,False
UC1,m060,all,all,MAE,chronos2,4.490964925995209,4.322340953350067,4.6600035429000854,94769.0,True,821,33,persistence,-1.2616547334049155,-1.355606997013092,-1.1659890413284302,-1.5966314911842345,-0.9267103374004364,82200.0,0.9963032543482213,True
UC1,m060,all,all,MAE,clim,7.749833348146831,7.410948193073272,8.09085705280304,90008.0,True,807,33,persistence,2.2489827157344218,1.9857088685035706,2.5344310283660887,1.5850207567214967,2.934192383289337,78395.0,0.950184837282589,False
UC1,m060,all,all,MAE,h5,7.020308910859647,6.717234790325165,7.337313389778137,94469.0,True,819,33,persistence,1.5513647366559757,1.3083364248275757,1.7960970282554627,0.9413541674613953,2.169748497009277,82003.0,0.9939155202714987,False
UC1,m060,all,all,MAE,lvlh5_naive,7.4997761905821845,7.192954862117768,7.826923823356628,90842.0,True,809,33,persistence,2.035948531506894,1.7701858639717103,2.3002357840538026,1.3660876393318175,2.7513601064682005,78588.0,0.9525240894491243,False
UC1,m060,all,all,MAE,lvlh5_tft,6.64638266572312,6.300244319438934,7.0290034174919125,60490.0,True,522,33,persistence,1.5283419172580714,1.255590057373047,1.8390493988990784,0.937167227268219,2.196378755569458,52377.0,0.6348342524695473,False
UC1,m060,all,all,MAE,persistence,5.6211381128416456,5.392304682731629,5.865254950523377,82505.0,True,821,33,persistence,,,,,,,,
UC1,m060,all,all,MAE,snaive7,8.363953659253454,8.006481778621673,8.75837001800537,81656.0,True,788,33,persistence,2.890800738626826,2.5943065762519835,3.217539036273956,2.2804978847503663,3.5415997982025145,71484.0,0.8664202169565481,False
UC1,m060,all,all,MAE,wt_med,7.043555319713452,6.739139473438263,7.356140983104706,94225.0,True,819,33,persistence,1.562758207641724,1.3193437933921814,1.8173178672790526,0.9596793293952942,2.190105104446411,81814.0,0.9916247500151506,False
UC1,m060,busy,all,MAE,chronos2,8.737228688341194,8.509580612182617,8.933364105224609,29409.0,True,758,33,persistence,-2.6171434159252094,-2.8011491775512694,-2.4090837478637694,-3.1243734121322633,-2.1003495693206786,25656.0,0.9973177842565598,True
UC1,m060,busy,all,MAE,clim,15.54376841432679,14.90348756313324,16.171248769760133,28171.0,True,745,33,persistence,4.614599368062869,3.9324350595474242,5.3065811634063715,2.9597198963165283,6.3782570362091064,24686.0,0.9596112730806609,False
UC1,m060,busy,all,MAE,h5,14.121455109414411,13.600367665290833,14.669276762008668,29338.0,True,757,33,persistence,3.2388892141936996,2.6676547288894654,3.8651402235031127,1.807972288131714,4.837795710563659,25617.0,0.9958017492711371,False
UC1,m060,busy,all,MAE,lvlh5_naive,14.639543328986496,14.103816986083984,15.193713164329528,28400.0,True,745,33,persistence,3.757463651359915,3.1332953929901124,4.378978729248047,2.2655736446380614,5.332053971290589,24742.0,0.9617881438289602,False
UC1,m060,busy,all,MAE,lvlh5_tft,13.035083193175112,12.416842246055603,13.802837443351745,17707.0,True,477,33,persistence,2.417157559516882,1.7680406093597412,3.187228202819824,1.1749528408050538,3.8178534030914304,15403.0,0.5987560738581147,False
UC1,m060,busy,all,MAE,persistence,10.99879494655005,10.667977595329285,11.312743496894836,25725.0,True,758,33,persistence,,,,,,,,
UC1,m060,busy,all,MAE,snaive7,16.404011573350015,15.776862287521363,17.08450331687927,25576.0,True,733,33,persistence,5.530187093635279,4.862856006622314,6.271900868415832,4.1641950607299805,6.936536383628845,22609.0,0.8788726919339164,False
UC1,m060,busy,all,MAE,wt_med,14.197089766361525,13.679953742027283,14.739791131019592,29276.0,True,757,33,persistence,3.2711493354182952,2.6933401584625245,3.9056502103805544,1.846027684211731,4.879523491859436,25580.0,0.9943634596695822,False
UC1,m075,all,all,MAE,chronos2,4.720746552746585,4.538281440734863,4.902981972694397,94777.0,True,821,33,persistence,-1.557362600960821,-1.6716809511184691,-1.435518753528595,-1.9634458422660828,-1.1533827900886535,76299.0,0.9976072801443477,True
UC1,m075,all,all,MAE,clim,7.7890283418780655,7.444407451152801,8.133688831329346,90114.0,True,807,33,persistence,1.9534294836507762,1.674686646461487,2.2548599243164062,1.2133471369743347,2.659255373477935,72664.0,0.9500797573285218,False
UC1,m075,all,all,MAE,h5,7.02092164384723,6.725821530818939,7.346515166759491,94364.0,True,819,33,persistence,1.1875156262336501,0.9416363000869751,1.4478549003601073,0.5796275973320008,1.8143645763397216,75994.0,0.9936194137182605,False
UC1,m075,all,all,MAE,lvlh5_naive,7.519720279573319,7.222260987758636,7.840655016899109,90652.0,True,801,33,persistence,1.6653715293862517,1.4098490953445435,1.9415838718414307,0.9980043768882751,2.3528379559516903,72880.0,0.9529039512565048,False
UC1,m075,all,all,MAE,lvlh5_tft,6.599042007889571,6.266733086109161,6.9750560283660885,60628.0,True,522,33,persistence,1.1069092869753439,0.8311304688453675,1.4170282721519467,0.5135723233222962,1.7661061406135554,48801.0,0.6380717031458383,False
UC1,m075,all,all,MAE,persistence,6.116681049135744,5.860874485969544,6.379361546039581,76482.0,True,821,33,persistence,,,,,,,,
UC1,m075,all,all,MAE,snaive7,8.39562332759063,8.03364269733429,8.809720253944397,81843.0,True,788,33,persistence,2.577548693016416,2.2687530755996703,2.909988987445831,1.9500325679779054,3.2040235400199886,66642.0,0.8713422766141052,False
UC1,m075,all,all,MAE,wt_med,7.069174124482564,6.758975005149841,7.386998248100281,93973.0,True,819,33,persistence,1.2182037809579125,0.9684571862220764,1.4852638363838195,0.5743032932281494,1.8644704937934875,75748.0,0.9904029706336132,False
UC1,m075,busy,all,MAE,chronos2,9.10422688000002,8.865109038352966,9.33443558216095,29637.0,True,758,33,persistence,-3.0667252669894083,-3.2894659519195555,-2.823151183128357,-3.791463541984558,-2.397255373001099,23933.0,0.9972083333333334,True
UC1,m075,busy,all,MAE,clim,15.637336190844254,15.011544585227966,16.28592195510864,28463.0,True,745,33,persistence,4.343110860219724,3.661168336868286,5.040639233589172,2.630715537071228,6.092813897132873,23029.0,0.9595416666666666,False
UC1,m075,busy,all,MAE,h5,14.079686232422931,13.555529952049255,14.650830054283142,29584.0,True,757,33,persistence,2.7599633891213387,2.1709552526474,3.429072093963623,1.3528014898300171,4.269213366508484,23900.0,0.9958333333333333,False
UC1,m075,busy,all,MAE,lvlh5_naive,14.57547106762409,14.040176653862,15.138609766960144,28648.0,True,740,33,persistence,3.279956649195123,2.6396774530410765,3.9158774137496946,1.851395034790039,4.725142860412597,23098.0,0.9624166666666667,False
UC1,m075,busy,all,MAE,lvlh5_tft,12.811268397625629,12.203230619430542,13.57562234401703,17926.0,True,477,33,persistence,1.7956525803426366,1.1315035581588746,2.5960502862930297,0.529566740989685,3.1602104187011717,14446.0,0.6019166666666667,False
UC1,m075,busy,all,MAE,persistence,11.662083333333333,11.27596652507782,12.01743142604828,24000.0,True,757,33,persistence,,,,,,,,
UC1,m075,busy,all,MAE,snaive7,16.43456408273729,15.79110631942749,17.12205581665039,25865.0,True,733,33,persistence,5.120094562647752,4.413918280601502,5.871063160896301,3.7128870248794557,6.475834798812866,21150.0,0.88125,False
UC1,m075,busy,all,MAE,wt_med,14.215007459650074,13.697960805892944,14.77927324771881,29492.0,True,757,33,persistence,2.836603773584905,2.222824048995972,3.5143282651901244,1.3787917375564576,4.372895956039429,23850.0,0.99375,False
UC1,m090,all,all,MAE,chronos2,4.840695947834056,4.6605295777320865,5.024545764923095,96193.0,True,822,33,persistence,-1.8820171776717691,-2.020121157169342,-1.7390709042549133,-2.3860873937606812,-1.395726627111435,75758.0,0.9977741778287039,True
UC1,m090,all,all,MAE,clim,7.82508064957078,7.472834491729737,8.178630328178405,91445.0,True,809,33,persistence,1.4787576261785906,1.199503195285797,1.7645483970642089,0.8098675847053528,2.1233229756355287,72120.0,0.9498597336915722,False
UC1,m090,all,all,MAE,h5,6.999671732729095,6.699270033836365,7.3184588789939875,95768.0,True,820,33,persistence,0.6740992751798798,0.4194119691848755,0.9452345609664916,0.09157961606979372,1.2677019715309144,75467.0,0.993941549119549,False
UC1,m090,all,all,MAE,lvlh5_naive,7.527830770820022,7.219464695453643,7.846276676654815,92029.0,True,807,33,persistence,1.195472078785114,0.9240079998970032,1.4674291372299193,0.5535876750946045,1.8502005100250243,72369.0,0.9531391994942511,False
UC1,m090,all,all,MAE,lvlh5_tft,6.634259516834969,6.297448253631591,7.025798916816711,61503.0,True,523,33,persistence,0.708778036455838,0.4378243923187256,1.0179630756378173,0.1331668496131897,1.3508785367012024,48395.0,0.6373885442596178,False
UC1,m090,all,all,MAE,persistence,6.517747309916103,6.242327570915222,6.802488386631012,75927.0,True,821,33,persistence,,,,,,,,
UC1,m090,all,all,MAE,snaive7,8.409706871696299,8.03775155544281,8.814017152786255,83240.0,True,788,33,persistence,2.10166400385856,1.7923501133918762,2.433737766742706,1.5104828000068664,2.7098540544509886,66346.0,0.8738130045965203,False
UC1,m090,all,all,MAE,wt_med,7.085044034388761,6.780729568004608,7.4116050720214846,95380.0,True,820,33,persistence,0.7364767831498318,0.48214858770370483,1.010916244983673,0.12412368059158325,1.3605868816375732,75204.0,0.9904776956813781,False
UC1,m090,busy,all,MAE,chronos2,9.37003423464797,9.117286586761475,9.601852226257325,30062.0,True,759,33,persistence,-3.7550734470922915,-4.020124983787537,-3.4637463092803955,-4.6547634363174435,-2.8979404211044315,23844.0,0.9974899598393574,True
UC1,m090,busy,all,MAE,clim,15.763039334604056,15.118814659118652,16.41639766693115,28855.0,True,746,33,persistence,3.3462862871589216,2.6499313592910765,4.051495695114136,1.8446377515792847,4.960850405693053,22942.0,0.9597556894243642,False
UC1,m090,busy,all,MAE,h5,14.072996517131049,13.555728316307068,14.643079900741578,30004.0,True,758,33,persistence,1.6790464642647187,1.0886665105819702,2.3337249755859375,0.41806766986846927,2.9862711906433104,23814.0,0.9962349397590361,False
UC1,m090,busy,all,MAE,lvlh5_naive,14.635878215280487,14.105653595924377,15.190976405143738,29062.0,True,744,33,persistence,2.2871302916401586,1.6641238689422608,2.9253818511962892,0.9131237506866455,3.6764428853988647,23022.0,0.9631024096385542,False
UC1,m090,busy,all,MAE,lvlh5_tft,12.900243721992398,12.301510167121886,13.603619313240051,18189.0,True,478,33,persistence,0.8733079556090804,0.2173332691192627,1.6534046888351441,-0.31851379871368407,2.1493007898330685,14378.0,0.6014892904953146,False
UC1,m090,busy,all,MAE,persistence,12.487115127175368,12.059573221206666,12.906313610076904,23904.0,True,758,33,persistence,,,,,,,,
UC1,m090,busy,all,MAE,snaive7,16.453868085915225,15.826799702644347,17.183131885528564,26305.0,True,733,33,persistence,4.097036826659094,3.390804147720337,4.853854036331176,2.790222930908203,5.385916376113892,21126.0,0.883785140562249,False
UC1,m090,busy,all,MAE,wt_med,14.290698840279402,13.773609471321105,14.869177150726319,29921.0,True,758,33,persistence,1.8363131546842801,1.2244616746902466,2.502345275878906,0.5164800643920898,3.2063072681427003,23771.0,0.994436077643909,False
UC1,m105,all,all,MAE,chronos2,4.948368548347559,4.762822127342224,5.135997462272644,95428.0,True,822,33,persistence,-2.061690299268255,-2.209421193599701,-1.9178584694862366,-2.6386777639389036,-1.5634238362312318,73883.0,0.9975292306861447,True
UC1,m105,all,all,MAE,clim,7.867030955347985,7.5192304134368895,8.211253333091737,90679.0,True,809,33,persistence,1.2687174525483051,0.9929917812347412,1.5604025840759277,0.5580579161643981,1.9989500284194945,70282.0,0.9489104312370048,False
UC1,m105,all,all,MAE,h5,7.0507207287807345,6.746568083763123,7.3720190048217775,95008.0,True,820,33,persistence,0.429540514840725,0.17978397607803345,0.6804850697517395,-0.2177173852920532,1.0829475045204162,73615.0,0.9939108362811546,False
UC1,m105,all,all,MAE,lvlh5_naive,7.596985280981746,7.275282621383667,7.934368288516998,91161.0,True,803,33,persistence,0.9532876696391774,0.687381112575531,1.2316203713417053,0.2386759638786316,1.703370499610901,70538.0,0.9523668079820701,False
UC1,m105,all,all,MAE,lvlh5_tft,6.69316073472258,6.3610308289527895,7.069509387016296,60775.0,True,523,33,persistence,0.46647669704190164,0.18167089223861693,0.7714178681373596,-0.17244267463684082,1.1279393911361693,47017.0,0.6347986930575432,False
UC1,m105,all,all,MAE,persistence,6.742094888342829,6.459848845005036,7.041236245632172,74066.0,True,821,33,persistence,,,,,,,,
UC1,m105,all,all,MAE,snaive7,8.435322386864238,8.078997349739074,8.848832321166991,82401.0,True,788,33,persistence,1.848710317460318,1.5370893120765685,2.1933453559875487,1.1815157651901245,2.6073142766952513,64512.0,0.8710069397564334,False
UC1,m105,all,all,MAE,wt_med,7.115034060305223,6.808352446556091,7.423946988582611,94685.0,True,820,33,persistence,0.5030191096693297,0.24808481931686402,0.7638172268867492,-0.1595914125442505,1.171162724494934,73366.0,0.9905489698377123,False
UC1,m105,busy,all,MAE,chronos2,9.545071281335943,9.29907305240631,9.778778243064881,29799.0,True,759,33,persistence,-4.060528304252944,-4.345595049858093,-3.7823091745376587,-5.115698933601379,-3.174879050254822,23214.0,0.9960952585282128,True
UC1,m105,busy,all,MAE,clim,15.795832022098676,15.148035955429076,16.488105821609498,28599.0,True,746,33,persistence,3.035086149026627,2.359206795692444,3.729738140106201,1.3104183673858643,4.897370028495788,22345.0,0.9588071229349925,False
UC1,m105,busy,all,MAE,h5,14.129088412175783,13.606699776649474,14.69328351020813,29764.0,True,758,33,persistence,1.2669306728118528,0.6591051816940308,1.9082919597625732,-0.22337145805358885,2.931116151809692,23216.0,0.9961810770220982,False
UC1,m105,busy,all,MAE,lvlh5_naive,14.744104923993334,14.192615985870361,15.329610586166382,28784.0,True,740,33,persistence,1.884642599416111,1.2603818893432617,2.544302678108215,0.26832280158996585,3.626360917091369,22429.0,0.9624114996781806,False
UC1,m105,busy,all,MAE,lvlh5_tft,12.959527059127486,12.344837713241578,13.700529932975769,18007.0,True,478,33,persistence,0.4206307950888686,-0.22776894569396972,1.1685569047927855,-1.0248763322830199,2.0453686952590937,13989.0,0.6002574554816563,False
UC1,m105,busy,all,MAE,persistence,12.858528212829865,12.441053533554078,13.276214671134948,23305.0,True,758,33,persistence,,,,,,,,
UC1,m105,busy,all,MAE,snaive7,16.437078220858897,15.78645350933075,17.14554486274719,26080.0,True,733,33,persistence,3.6730451675570652,2.963358187675476,4.422102046012879,2.1858884572982786,5.490497159957885,20590.0,0.8835013945505257,False
UC1,m105,busy,all,MAE,wt_med,14.270508634328609,13.74700837135315,14.846850848197937,29707.0,True,758,33,persistence,1.4432435930623857,0.8267432689666748,2.092868757247925,-0.06985285282135009,3.1580663204193113,23178.0,0.9945505256382751,False
UC1,m120,all,all,MAE,chronos2,5.023888204580125,4.8406349420547485,5.208622121810913,95377.0,True,821,33,persistence,-2.267832062803107,-2.4285590648651123,-2.1176884174346924,-2.919567883014679,-1.7142172217369083,73400.0,0.997499456403566,True
UC1,m120,all,all,MAE,clim,7.9094555083576985,7.562277567386627,8.248177409172058,90635.0,True,807,33,persistence,0.9300008595003435,0.6629247069358826,1.2183135509490965,0.2338202953338623,1.6504822850227354,69808.0,0.9486844966297021,False
UC1,m120,all,all,MAE,h5,7.07778579479023,6.774093973636627,7.393233442306519,94937.0,True,819,33,persistence,0.0984072916951515,-0.1371963381767273,0.3474770307540893,-0.5666298389434814,0.7279579758644102,73138.0,0.9939388997608176,False
UC1,m120,all,all,MAE,lvlh5_naive,7.58751270035106,7.27664076089859,7.913033831119537,91140.0,True,802,33,persistence,0.5939822613434416,0.34393852949142456,0.8663662433624267,-0.13600170612335202,1.3064610123634337,70115.0,0.9528565992607089,False
UC1,m120,all,all,MAE,lvlh5_tft,6.667361779014379,6.334905827045441,7.039603257179261,60871.0,True,522,33,persistence,0.1209959440570314,-0.1552267551422119,0.41885957717895506,-0.5287829756736755,0.7924977540969849,46767.0,0.6355593607305936,False
UC1,m120,all,all,MAE,persistence,7.002826701456838,6.698729491233825,7.299126744270325,73584.0,True,820,33,persistence,,,,,,,,
UC1,m120,all,all,MAE,snaive7,8.433169786177237,8.065515995025635,8.841892862319947,82545.0,True,788,33,persistence,1.5251839010448398,1.21282457113266,1.8651452541351319,0.8334835529327392,2.263393771648407,64029.0,0.870148401826484,False
UC1,m120,all,all,MAE,wt_med,7.1349147634196095,6.822833406925201,7.4478790879249575,94619.0,True,819,33,persistence,0.1599440045015985,-0.09134881496429444,0.42271463871002196,-0.5046203017234803,0.8135210037231444,72863.0,0.9902016742770168,False
UC1,m120,busy,all,MAE,chronos2,9.685138450071925,9.422237920761109,9.929292154312133,29755.0,True,758,33,persistence,-4.510771633828373,-4.8204912662506105,-4.217555546760559,-5.726551222801208,-3.540900993347168,23056.0,0.9960686050028081,True
UC1,m120,busy,all,MAE,clim,15.843660395831876,15.20763545036316,16.536543893814088,28598.0,True,745,33,persistence,2.3083866030431253,1.6667895317077637,2.995434045791626,0.6803067922592163,4.103317356109619,22214.0,0.9596924007430768,False
UC1,m120,busy,all,MAE,h5,14.166761325390414,13.656518483161927,14.729363751411437,29712.0,True,757,33,persistence,0.5421193295168703,-0.045901250839233396,1.1433339118957517,-0.8690893888473511,2.079785943031311,23058.0,0.9961550092884607,False
UC1,m120,busy,all,MAE,lvlh5_naive,14.713981198489945,14.175549340248107,15.27829451560974,28761.0,True,739,33,persistence,1.1273648542861423,0.5109453439712525,1.7610123157501218,-0.42431490421295165,2.83369300365448,22294.0,0.9631485721691796,False
UC1,m120,busy,all,MAE,lvlh5_tft,12.934092953027857,12.329874277114868,13.656179451942444,18029.0,True,477,33,persistence,-0.2558469451890808,-0.9013548135757447,0.46971266269683787,-1.6494086980819702,1.311546397209167,13930.0,0.6018058495701387,False
UC1,m120,busy,all,MAE,persistence,13.480451030371107,13.040223670005798,13.921386480331421,23147.0,True,757,33,persistence,,,,,,,,
UC1,m120,busy,all,MAE,snaive7,16.476053639846743,15.83058214187622,17.170449447631835,26100.0,True,733,33,persistence,3.0744909945184027,2.3743793964385986,3.8426633596420285,1.4870044231414794,4.86221706867218,20432.0,0.8827061822266384,False
UC1,m120,busy,all,MAE,wt_med,14.344370637623495,13.80542528629303,14.935440683364869,29657.0,True,757,33,persistence,0.7553242350486791,0.1418778657913208,1.3686228513717642,-0.7067179918289185,2.282586789131164,23008.0,0.9939949021471465,False
UC2-intraday,h2-4,all,all,MAE,chronos2,5.321909961860275,5.122896254062653,5.515499186515808,729479.0,True,823,33,wt_med,-1.7629098902691487,-1.9441653609275817,-1.5876165866851806,-2.2096144795417785,-1.3209873557090763,722565.0,0.996437968525046,True
UC2-intraday,h2-4,all,all,MAE,clim,7.826001085296825,7.484469473361969,8.157790470123292,692898.0,True,809,33,wt_med,0.6874162206871821,0.577263867855072,0.8010345697402954,0.47922792434692385,0.9405351161956786,691549.0,0.9536660102489423,False
UC2-intraday,h2-4,all,all,MAE,h5,7.040870274040378,6.73956949710846,7.362564265727997,727630.0,True,821,33,wt_med,-0.03382214734095701,-0.05088189840316772,-0.016107070446014407,-0.06320642232894898,-0.011580765247344974,725148.0,1.0,True
UC2-intraday,h2-4,all,all,MAE,lvlh5_naive,7.567400698194364,7.26193687915802,7.8961282730102536,698196.0,True,813,33,wt_med,0.46749437828290485,0.34290982484817506,0.5991992712020873,0.29408278465271,0.6099777340888977,696947.0,0.9611100078880449,False
UC2-intraday,h2-4,all,all,MAE,lvlh5_tft,6.658268863583821,6.320587337017059,7.0343825101852415,469141.0,True,524,33,wt_med,0.10733502072907797,-0.07087643146514892,0.30310410261154175,-0.12602423429489135,0.32187777757644637,468171.0,0.6456213076503003,False
UC2-intraday,h2-4,all,all,MAE,persistence,8.070529690514652,7.754765248298645,8.389710354804993,484094.0,True,821,33,wt_med,0.8903340335389442,0.629377007484436,1.1562607407569885,0.2241598129272461,1.5981572508811948,479383.0,0.6610829789229233,False
UC2-intraday,h2-4,all,all,MAE,snaive7,8.413528912672511,8.053731632232665,8.823284316062928,629378.0,True,790,33,wt_med,1.2488168610612558,0.986041808128357,1.5395871996879575,0.86044362783432,1.597926115989685,629047.0,0.8674739501453497,False
UC2-intraday,h2-4,all,all,MAE,wt_med,7.077033929625401,6.770582687854767,7.390712153911591,725148.0,True,821,33,wt_med,,,,,,,,
UC2-intraday,h2-4,busy,all,MAE,chronos2,10.219962768787822,9.934057378768921,10.491254377365113,223269.0,True,760,33,wt_med,-4.094734990816271,-4.535032820701599,-3.6582212448120117,-5.175269556045532,-3.01123309135437,221637.0,0.9957051659306447,True
UC2-intraday,h2-4,busy,all,MAE,clim,15.736952339145784,15.108410382270813,16.392391681671143,214138.0,True,746,33,wt_med,1.4293143909645085,1.1655919551849365,1.7073104858398438,0.9592130661010743,2.0133424043655395,213912.0,0.9610005705480406,False
UC2-intraday,h2-4,busy,all,MAE,h5,14.17665498006183,13.674929523468018,14.745535683631896,223190.0,True,759,33,wt_med,-0.10303502356318361,-0.14696152210235597,-0.057788681983947765,-0.17047934532165526,-0.051449751853942884,222593.0,1.0,True
UC2-intraday,h2-4,busy,all,MAE,lvlh5_naive,14.748551084326232,14.213166069984435,15.299685072898864,215644.0,True,750,33,wt_med,0.5120006003435318,0.20356957912445067,0.8381599903106689,0.04977188110351563,0.8372568368911742,215350.0,0.9674607916691002,False
UC2-intraday,h2-4,busy,all,MAE,lvlh5_tft,12.987640656209777,12.394952440261841,13.683045172691346,135763.0,True,479,33,wt_med,-0.4679706069894376,-0.9465288877487182,0.03960411548614458,-1.2739490270614624,0.14704418182373039,135532.0,0.6088780869119873,False
UC2-intraday,h2-4,busy,all,MAE,persistence,15.192098918242886,14.731551098823548,15.643942523002625,155118.0,True,759,33,wt_med,1.1890834792761247,0.5733865261077881,1.777659511566162,-0.18648769855499267,2.5083032369613645,154170.0,0.6926093812473887,False
UC2-intraday,h2-4,busy,all,MAE,snaive7,16.466183797748663,15.825070929527282,17.126050329208375,195084.0,True,735,33,wt_med,2.1492699962563915,1.5803009271621704,2.8300194263458254,1.3059852123260498,2.7830646276474,194999.0,0.8760338375420611,False
UC2-intraday,h2-4,busy,all,MAE,wt_med,14.27524001203991,13.76932396888733,14.849237084388733,222593.0,True,759,33,wt_med,,,,,,,,
UC2-intraday,h4-8,all,all,MAE,chronos2,5.802699137677108,5.570546424388885,6.02253874540329,1049993.0,True,823,33,wt_med,-1.300111277287428,-1.4662569403648376,-1.1381219983100892,-1.639627492427826,-0.9495761513710023,1039547.0,0.9950551012574745,True
UC2-intraday,h4-8,all,all,MAE,clim,7.831145153189352,7.4992606282234195,8.16030728816986,995500.0,True,809,33,wt_med,0.6658563615993911,0.5598490595817566,0.7753145575523376,0.45998846292495726,0.9108259916305542,993453.0,0.9509338928490408,False
UC2-intraday,h4-8,all,all,MAE,h5,7.039273651870558,6.746139013767243,7.346583807468415,1048564.0,True,821,33,wt_med,-0.04838464008775656,-0.06655668020248413,-0.02965933084487916,-0.08404860496520997,-0.02199668884277345,1044713.0,1.0,True
UC2-intraday,h4-8,all,all,MAE,lvlh5_naive,7.5874562718621785,7.281852638721466,7.9047441482543945,1005086.0,True,795,33,wt_med,0.472042053009214,0.3507624983787537,0.6121238946914672,0.29044685363769535,0.6217077851295472,1003173.0,0.9602378835144197,False
UC2-intraday,h4-8,all,all,MAE,lvlh5_tft,6.76341997660181,6.417477798461914,7.14695383310318,681821.0,True,524,33,wt_med,0.12876648124187717,-0.04925411939620972,0.3226194143295288,-0.10682853460311889,0.34398459196090697,680305.0,0.6511884125113787,False
UC2-intraday,h4-8,all,all,MAE,persistence,10.417569134927543,10.002367043495179,10.823771953582764,531967.0,True,800,33,wt_med,3.3085429360144234,3.003806972503662,3.640572798252106,2.419985318183899,4.353901171684265,526353.0,0.5038254525405542,False
UC2-intraday,h4-8,all,all,MAE,snaive7,8.492901344507697,8.143956089019776,8.897401261329652,903974.0,True,790,33,wt_med,1.3187227490538609,1.0556802153587341,1.6042893409729004,0.9688399910926819,1.6482789397239686,903409.0,0.8647437143023969,False
UC2-intraday,h4-8,all,all,MAE,wt_med,7.090085028136914,6.797056329250336,7.39412761926651,1044713.0,True,821,33,wt_med,,,,,,,,
UC2-intraday,h4-8,busy,all,MAE,chronos2,10.97906747818187,10.63541133403778,11.314169979095459,324674.0,True,760,33,wt_med,-3.080605136713711,-3.4786513328552244,-2.6987291812896728,-3.9007527828216553,-2.29170880317688,322306.0,0.994102733346082,True
UC2-intraday,h4-8,busy,all,MAE,clim,15.421282522810497,14.83673141002655,16.03678169250488,311589.0,True,746,33,wt_med,1.3759754048592754,1.1307994365692138,1.631176447868347,0.9319363355636596,1.9128799438476562,311281.0,0.960097835407041,False
UC2-intraday,h4-8,busy,all,MAE,h5,13.886385427943999,13.421595644950866,14.402806544303894,325136.0,True,759,33,wt_med,-0.1263391838207628,-0.17393159866333008,-0.07708718776702883,-0.20830919742584228,-0.05875873565673829,324218.0,1.0,True
UC2-intraday,h4-8,busy,all,MAE,lvlh5_naive,14.45898655153403,13.945651412010193,15.013537049293518,313879.0,True,735,33,wt_med,0.4921661168138449,0.20000784397125243,0.8092922925949095,0.038573050498962404,0.8082454204559326,313454.0,0.9668001159713526,False
UC2-intraday,h4-8,busy,all,MAE,lvlh5_tft,12.963238069136382,12.359268307685852,13.681983470916748,198938.0,True,479,33,wt_med,-0.40197636428925954,-0.8520152568817139,0.09596052169799775,-1.1641316413879395,0.17462279796600338,198585.0,0.6125045494081143,False
UC2-intraday,h4-8,busy,all,MAE,persistence,18.897272712399587,18.31481523513794,19.48355288505554,183369.0,True,734,33,wt_med,5.534482190969001,4.843168187141418,6.20065758228302,3.8991891860961916,7.2853611469268795,182239.0,0.5620878544682899,False
UC2-intraday,h4-8,busy,all,MAE,snaive7,16.276908413788234,15.638803005218506,16.920164775848388,283285.0,True,735,33,wt_med,2.2478455126620265,1.6861483335494996,2.8957820177078246,1.5116896867752074,2.7953441858291623,283130.0,0.8732704538304474,False
UC2-intraday,h4-8,busy,all,MAE,wt_med,14.004762227883708,13.523819327354431,14.531417965888977,324218.0,True,759,33,wt_med,,,,,,,,
UC2-intraday,h8+,all,all,MAE,chronos2,5.976897626455892,5.709403157234192,6.218517208099366,514139.0,True,805,33,wt_med,-0.5184218917321868,-0.6769864082336425,-0.3709331154823303,-0.7496773719787597,-0.3172934889793396,506845.0,0.9836684392345612,True
UC2-intraday,h8+,all,all,MAE,clim,7.196766882458271,6.884342646598816,7.539317178726196,479166.0,True,791,33,wt_med,0.5720520089122267,0.4720876932144165,0.6713734984397888,0.386790406703949,0.8042148470878601,477995.0,0.927677289135582,False
UC2-intraday,h8+,all,all,MAE,h5,6.436899661574872,6.159151613712311,6.7413916230201725,518874.0,True,804,33,wt_med,-0.03323540542638703,-0.06377699375152587,-0.0026150584220886322,-0.08451939821243286,0.011530578136444068,515260.0,1.0,False
UC2-intraday,h8+,all,all,MAE,lvlh5_naive,7.0317570781163905,6.746943116188049,7.354336512088776,503910.0,True,780,33,wt_med,0.556597843935994,0.4457485437393188,0.6831953287124634,0.37203924655914306,0.7218408703804016,501430.0,0.9731591817723091,False
UC2-intraday,h8+,all,all,MAE,lvlh5_tft,6.518499021471997,6.156104958057403,6.917264413833618,348891.0,True,516,33,wt_med,0.3893948448888409,0.22927290201187134,0.5585801362991333,0.20121147632598876,0.5822175502777099,347086.0,0.6736133214299577,False
UC2-intraday,h8+,all,all,MAE,persistence,12.55858553277424,12.0680166721344,13.109131240844727,142612.0,True,510,33,wt_med,6.2866338843502225,5.864394414424896,6.737836873531341,4.983165848255157,8.187958478927612,141133.0,0.27390637736288476,False
UC2-intraday,h8+,all,all,MAE,snaive7,7.9547798896325865,7.622802126407623,8.341318035125733,432374.0,True,772,33,wt_med,1.429457712606439,1.1849346518516541,1.698669946193695,1.1003300070762634,1.7149492859840394,431819.0,0.8380603966929318,False
UC2-intraday,h8+,all,all,MAE,wt_med,6.472673989830377,6.188737738132477,6.789618957042694,515260.0,True,804,33,wt_med,,,,,,,,
UC2-intraday,h8+,busy,all,MAE,chronos2,11.10493752508712,10.712759947776794,11.51574478149414,168568.0,True,743,33,wt_med,-1.3497268473197028,-1.7056846857070922,-1.0179893732070926,-1.8122027397155762,-0.9547048330307008,166883.0,0.9812029633113829,True
UC2-intraday,h8+,busy,all,MAE,clim,13.646582912082467,13.096994996070862,14.211969566345214,161424.0,True,728,33,wt_med,1.1857165897474058,0.9759327173233032,1.395295786857605,0.8283222198486329,1.6666237831115722,161208.0,0.9478363123236124,False
UC2-intraday,h8+,busy,all,MAE,h5,12.263097848330702,11.820076942443848,12.76058669090271,171030.0,True,742,33,wt_med,-0.1109378674741297,-0.1952388048171997,-0.031868553161621106,-0.21994001865386964,-0.003435587882995611,170080.0,1.0,True
UC2-intraday,h8+,busy,all,MAE,lvlh5_naive,12.864611920772235,12.379088401794434,13.411289262771607,166708.0,True,719,33,wt_med,0.5318334604740595,0.2809757232666016,0.8169206619262693,0.18233463764190674,0.7965675354003906,166041.0,0.9762523518344308,False
UC2-intraday,h8+,busy,all,MAE,lvlh5_tft,12.085906815813859,11.474523425102234,12.803101563453675,107160.0,True,471,33,wt_med,0.05454490491643682,-0.3541297674179077,0.4489775419235228,-0.4049973964691162,0.48015270233154295,106636.0,0.6269755409219191,False
UC2-intraday,h8+,busy,all,MAE,persistence,22.220960133197668,21.288393878936766,23.186000633239747,54055.0,True,490,33,wt_med,11.039441578035651,10.130938911437989,12.024694442749023,8.054378747940063,15.04655647277832,53687.0,0.31565733772342425,False
UC2-intraday,h8+,busy,all,MAE,snaive7,14.80624951983182,14.196960163116454,15.453137493133545,143179.0,True,716,33,wt_med,2.4674545658043847,1.9364534139633178,3.0402695178985595,1.7976612329483033,2.98667676448822,142954.0,0.8405103480714957,False
UC2-intraday,h8+,busy,all,MAE,wt_med,12.356764463781749,11.900578927993774,12.854682779312133,170080.0,True,742,33,wt_med,,,,,,,,
