lead,uc,metric,model,value,lo,hi,n,n_park_days,n_origin_days,ref,diff_vs_ref,diff_lo,diff_hi,lead_order,segment
0,D3,best-time hit rate (top-2),clim,0.7995896258742125,0.7966770529747009,0.8023426607251167,242218.0,17194,231,wt_med,-0.01350241565220156,-0.015011236071586609,-0.011938880383968354,0,all
0,D3,best-time hit rate (top-2),h5,0.8192795061482704,0.8168352201581002,0.8216505080461503,261293.0,18447,231,wt_med,0.009609081626800853,0.008377821743488311,0.01101565957069397,0,all
0,D3,best-time hit rate (top-2),lvlh5_cbd,0.7417689466744511,0.738782562315464,0.7451364308595657,152441.0,10635,231,wt_med,-0.058306134161581036,-0.06112364083528519,-0.05587955564260483,0,all
0,D3,best-time hit rate (top-2),lvlh5_naive,0.7993041245543453,0.7967448085546494,0.801713940501213,244584.0,17367,231,wt_med,-0.013264733216611702,-0.014867432415485382,-0.011732169985771179,0,all
0,D3,best-time hit rate (top-2),lvlh5_tft,0.7860709277135389,0.783231346309185,0.7892562851309777,183257.0,13049,231,wt_med,-0.016401021713129738,-0.018240106105804444,-0.014508619904518127,0,all
0,D3,best-time hit rate (top-2),snaive7,0.7542287155716609,0.7512307196855545,0.7571590170264244,234291.0,17301,231,wt_med,-0.05797943322881638,-0.060143943130970004,-0.056024307012557985,0,all
0,D3,best-time hit rate (top-2),wt_med,0.8097846350172776,0.8071135684847832,0.8124206572771072,260163.0,18395,231,wt_med,,,,0,all
1,D3,best-time hit rate (top-2),clim,0.7992040445834735,0.7964059919118881,0.8018711298704148,240717.0,17105,230,wt_med,-0.012471277684261373,-0.014028362929821014,-0.010962076485157015,1,all
1,D3,best-time hit rate (top-2),h5,0.818612899494969,0.8159929946064949,0.8211166486144066,259390.0,18317,230,wt_med,0.01012526263843272,0.008791853487491608,0.011442184448242188,1,all
1,D3,best-time hit rate (top-2),lvlh5_cbd,0.7420786479473018,0.7386965051293373,0.7453793615102768,150290.0,10477,230,wt_med,-0.05590995014837141,-0.058436086773872374,-0.05333418250083923,1,all
1,D3,best-time hit rate (top-2),lvlh5_naive,0.7988258284955774,0.7962558582425118,0.8013501957058906,244087.0,17333,230,wt_med,-0.012355716311022502,-0.014001788198947906,-0.010836833715438842,1,all
1,D3,best-time hit rate (top-2),lvlh5_tft,0.7840194586008339,0.7810053735971451,0.7869918078184128,181308.0,12916,230,wt_med,-0.016834936262284605,-0.0190399706363678,-0.014790113270282745,1,all
1,D3,best-time hit rate (top-2),snaive7,0.7542442081682036,0.7513200834393501,0.7571490183472633,233907.0,17271,230,wt_med,-0.05658687113739136,-0.05873434096574783,-0.054585182666778566,1,all
1,D3,best-time hit rate (top-2),wt_med,0.8085901497138166,0.8057995855808258,0.8111697003245354,258226.0,18269,230,wt_med,,,,1,all
2,D3,best-time hit rate (top-2),clim,0.7991080571612477,0.7963491648435592,0.8016575902700425,239253.0,17020,229,wt_med,-0.012383727517235377,-0.013941112160682678,-0.010908776521682739,2,all
2,D3,best-time hit rate (top-2),h5,0.8185922397877655,0.8162887483835221,0.8210792154073715,257828.0,18212,229,wt_med,0.010173062610956851,0.008938723802566528,0.011424799263477326,2,all
2,D3,best-time hit rate (top-2),lvlh5_cbd,0.7413491479172436,0.7379094332456588,0.7448245212435722,148049.0,10311,229,wt_med,-0.05638327529273379,-0.05888857394456863,-0.05376878678798676,2,all
2,D3,best-time hit rate (top-2),lvlh5_naive,0.7987328414162941,0.7962307736277581,0.8011108577251435,243537.0,17294,229,wt_med,-0.011991602785142441,-0.013812638819217682,-0.010380202531814577,2,all
2,D3,best-time hit rate (top-2),lvlh5_tft,0.782653220240878,0.7794415488839149,0.7857211694121361,179676.0,12806,229,wt_med,-0.01787883640595911,-0.019896113872528078,-0.016008144617080687,2,all
2,D3,best-time hit rate (top-2),snaive7,0.7542678930210043,0.7512754172086715,0.7571814075112343,233429.0,17234,229,wt_med,-0.05612570129408423,-0.05819565653800964,-0.05415056645870209,2,all
2,D3,best-time hit rate (top-2),wt_med,0.8084954662531028,0.8059428259730339,0.8110689520835876,256631.0,18170,229,wt_med,,,,2,all
3,D3,best-time hit rate (top-2),clim,0.7988107203384485,0.7959568828344346,0.8014232784509658,237791.0,16923,228,wt_med,-0.012211947358341857,-0.013733035326004029,-0.010594774782657624,3,all
3,D3,best-time hit rate (top-2),h5,0.8180959591623281,0.8156128376722336,0.8204736217856408,256234.0,18099,228,wt_med,0.010160555242785474,0.008840948343276978,0.011523155868053437,3,all
3,D3,best-time hit rate (top-2),lvlh5_cbd,0.7405862019594608,0.737147182226181,0.7437167465686798,146673.0,10205,228,wt_med,-0.056803089858825095,-0.05941567718982697,-0.05414137095212936,3,all
3,D3,best-time hit rate (top-2),lvlh5_naive,0.7982660530064138,0.7957168519496918,0.8006780907511711,242914.0,17248,228,wt_med,-0.011815901899456804,-0.013555453717708587,-0.010063984990119934,3,all
3,D3,best-time hit rate (top-2),lvlh5_tft,0.7823792305791991,0.7793519333004951,0.7854804039001465,178108.0,12690,228,wt_med,-0.017839284351125362,-0.01990550011396408,-0.015888091921806336,3,all
3,D3,best-time hit rate (top-2),prod_served,0.7503742924958919,0.7471166744828224,0.7540248334407806,164310.0,11454,228,wt_med,-0.05706572787485664,-0.059192119538784026,-0.05488535016775131,3,all
3,D3,best-time hit rate (top-2),snaive7,0.7542044595616024,0.751291960477829,0.7570273295044899,232848.0,17192,228,wt_med,-0.055587318332588787,-0.05768358260393143,-0.05339442938566208,3,all
3,D3,best-time hit rate (top-2),wt_med,0.8080180688876341,0.8053249940276146,0.8105097651481629,255024.0,18054,228,wt_med,,,,3,all
4,D3,best-time hit rate (top-2),clim,0.7988207726730563,0.7957644060254097,0.8017073228955269,236426.0,16827,227,wt_med,-0.012003163351826496,-0.01356285959482193,-0.010464799404144288,4,all
4,D3,best-time hit rate (top-2),h5,0.8181179472083211,0.8155971825122833,0.820589804649353,254775.0,17987,227,wt_med,0.010385257079771226,0.009056736528873444,0.011511412262916566,4,all
4,D3,best-time hit rate (top-2),lvlh5_cbd,0.740172598893385,0.7367283716797829,0.7435394123196601,145308.0,10095,227,wt_med,-0.05698526936787873,-0.05973895639181137,-0.0543768510222435,4,all
4,D3,best-time hit rate (top-2),lvlh5_naive,0.7980155537677661,0.7955165192484855,0.8005110174417496,242385.0,17206,227,wt_med,-0.011659985263860695,-0.013416308164596557,-0.009913565218448639,4,all
4,D3,best-time hit rate (top-2),lvlh5_tft,0.7816938900342085,0.7784791916608811,0.7847055435180664,176564.0,12574,227,wt_med,-0.01821740954336426,-0.020351128280162813,-0.016202235221862794,4,all
4,D3,best-time hit rate (top-2),prod_served,0.7504758630005772,0.7468749314546586,0.7540672644972801,162862.0,11358,227,wt_med,-0.05662461671961139,-0.05893847048282623,-0.054554855823516844,4,all
4,D3,best-time hit rate (top-2),snaive7,0.7541307463534516,0.7509421423077584,0.7571271330118179,232343.0,17152,227,wt_med,-0.05517679714972079,-0.057464660704135896,-0.053110040724277496,4,all
4,D3,best-time hit rate (top-2),wt_med,0.8078215463250722,0.8051050424575805,0.810525943338871,253556.0,17947,227,wt_med,,,,4,all
5,D3,best-time hit rate (top-2),clim,0.7986702512314852,0.795777115225792,0.8014081820845604,235082.0,16720,226,wt_med,-0.01231370611796434,-0.013838276267051697,-0.01061057597398758,5,all
5,D3,best-time hit rate (top-2),h5,0.8181279878099329,0.8154585093259812,0.8207181051373482,253321.0,17891,226,wt_med,0.010347752116022124,0.009033465385437011,0.01166042536497116,5,all
5,D3,best-time hit rate (top-2),lvlh5_cbd,0.7402607329988464,0.7368647366762161,0.7438880294561386,143902.0,9992,226,wt_med,-0.05703302761825735,-0.059729889035224915,-0.054445892572402954,5,all
5,D3,best-time hit rate (top-2),lvlh5_naive,0.7977430555555556,0.7952001601457596,0.800201527774334,241920.0,17172,226,wt_med,-0.011921932363460064,-0.013740247488021851,-0.010212256014347077,5,all
5,D3,best-time hit rate (top-2),lvlh5_tft,0.7817275424625112,0.7787163436412812,0.784943237900734,174919.0,12458,226,wt_med,-0.018661184519527585,-0.020790006220340728,-0.01652950942516327,5,all
5,D3,best-time hit rate (top-2),prod_served,0.7497102123043545,0.7459279507398605,0.7532425478100777,161325.0,11247,226,wt_med,-0.05792888136057417,-0.06031462252140045,-0.05566861629486084,5,all
5,D3,best-time hit rate (top-2),snaive7,0.7540649968307901,0.7510691747069359,0.7569984883069992,231919.0,17121,226,wt_med,-0.0553512566573231,-0.057436585426330566,-0.053255365788936616,5,all
5,D3,best-time hit rate (top-2),wt_med,0.8078846847990353,0.8053344413638115,0.8104663595557213,252109.0,17850,226,wt_med,,,,5,all
6,D3,best-time hit rate (top-2),clim,0.7985812084956448,0.7954437270760536,0.8013354256749153,233861.0,16617,225,wt_med,-0.011790555768977029,-0.013309100270271301,-0.010166102647781373,6,all
6,D3,best-time hit rate (top-2),h5,0.8175201321494941,0.8148908734321594,0.820039939880371,251836.0,17786,225,wt_med,0.010388261794567422,0.008992280066013335,0.011686660349369049,6,all
6,D3,best-time hit rate (top-2),lvlh5_cbd,0.7305134381605838,0.7271302416920662,0.7338625892996788,142393.0,9877,225,wt_med,-0.06580247381702198,-0.06901097893714905,-0.06280512660741806,6,all
6,D3,best-time hit rate (top-2),lvlh5_naive,0.7969095654335308,0.7942759692668915,0.7994686976075173,241390.0,17131,225,wt_med,-0.012091228612083116,-0.013851344585418701,-0.010463924705982208,6,all
6,D3,best-time hit rate (top-2),lvlh5_tft,0.7788537138100083,0.7758123368024826,0.7819504275918007,172976.0,12328,225,wt_med,-0.020869035422353632,-0.023017922043800355,-0.018703678250312807,6,all
6,D3,best-time hit rate (top-2),prod_served,0.7497635022960638,0.7457891643047333,0.7533187925815582,159621.0,11139,225,wt_med,-0.05716376289321268,-0.05948728024959564,-0.05505971312522888,6,all
6,D3,best-time hit rate (top-2),snaive7,0.7539986609938881,0.7507508784532547,0.7568622902035713,231515.0,17089,225,wt_med,-0.05458330868274763,-0.056558234989643096,-0.052462275326251986,6,all
6,D3,best-time hit rate (top-2),wt_med,0.8072313192249992,0.8044420897960662,0.8098784416913987,250632.0,17743,225,wt_med,,,,6,all
7,D3,best-time hit rate (top-2),clim,0.7982693068625596,0.7953570291399956,0.8012258797883988,232508.0,16527,224,wt_med,-0.011030232671786155,-0.012487658858299255,-0.009336648881435395,7,all
7,D3,best-time hit rate (top-2),h5,0.8162584320911586,0.8137259796261788,0.8187967166304588,249938.0,17655,224,wt_med,0.01022942567824936,0.008879347145557404,0.011506514251232147,7,all
7,D3,best-time hit rate (top-2),lvlh5_cbd,0.727746420802707,0.7242527171969414,0.7313712924718857,140674.0,9742,224,wt_med,-0.06801309893343643,-0.07070104777812958,-0.06529819965362549,7,all
7,D3,best-time hit rate (top-2),lvlh5_naive,0.795039534344657,0.7924090713262558,0.7975684180855751,232962.0,16510,224,wt_med,-0.014773820964679163,-0.01653427481651306,-0.012892903387546539,7,all
7,D3,best-time hit rate (top-2),lvlh5_tft,0.7755004125002194,0.7722879037261009,0.7785743162035942,170909.0,12183,224,wt_med,-0.023168317877810596,-0.02534252852201462,-0.021172888576984406,7,all
7,D3,best-time hit rate (top-2),prod_served,0.7496676500006331,0.7461376324295997,0.7535345360636712,157966.0,11039,224,wt_med,-0.05632182207110392,-0.05860537737607956,-0.05398859530687332,7,all
7,D3,best-time hit rate (top-2),wt_med,0.8061350038600102,0.803347872197628,0.8087801679968833,248704.0,17610,224,wt_med,,,,7,all
10,D3,best-time hit rate (top-2),clim,0.7978736442183957,0.7950442880392075,0.8007468476891517,228466.0,16276,221,wt_med,-0.010252554065541708,-0.011860224604606628,-0.008659070730209351,8,all
10,D3,best-time hit rate (top-2),h5,0.815093340933613,0.8123361065983772,0.8175697833299637,245605.0,17349,221,wt_med,0.010079430241686227,0.008812820911407471,0.011516246199607848,8,all
10,D3,best-time hit rate (top-2),lvlh5_cbd,0.7249943039416724,0.7211244434118271,0.7285714372992516,136059.0,9396,221,wt_med,-0.0697192729965751,-0.0727255403995514,-0.0667999342083931,8,all
10,D3,best-time hit rate (top-2),lvlh5_naive,0.7937982620268863,0.7911160811781883,0.7964398190379143,231419.0,16395,221,wt_med,-0.0143741943621426,-0.016266143321990965,-0.012414470314979553,8,all
10,D3,best-time hit rate (top-2),lvlh5_tft,0.7738329098107064,0.7705749228596688,0.7769462376832962,166461.0,11841,221,wt_med,-0.023704777549944933,-0.02585013210773468,-0.021535851061344147,8,all
10,D3,best-time hit rate (top-2),prod_served,0.7490070609002648,0.745111782848835,0.752787958085537,154088.0,10764,221,wt_med,-0.05563177917627915,-0.05812208354473114,-0.053200645744800566,8,all
10,D3,best-time hit rate (top-2),wt_med,0.8051079890619115,0.8023771032691002,0.8079629868268967,244284.0,17301,221,wt_med,,,,8,all
14,D3,best-time hit rate (top-2),clim,0.796545251396648,0.7934689447283745,0.7994903564453125,223750.0,15909,217,wt_med,-0.00967014163765123,-0.011219631135463714,-0.008078385889530183,9,all
14,D3,best-time hit rate (top-2),h5,0.8135328643383424,0.8109118044376373,0.8161066219210624,240230.0,16935,217,wt_med,0.010422727622223515,0.008905699849128723,0.011899924278259278,9,all
14,D3,best-time hit rate (top-2),lvlh5_cbd,0.7210094763399175,0.7173418432474137,0.724573016166687,130008.0,8902,217,wt_med,-0.0718119151687504,-0.07491676658391952,-0.06872932612895966,9,all
14,D3,best-time hit rate (top-2),lvlh5_naive,0.7913693326678448,0.7886008232831955,0.7939652547240257,222393.0,15721,217,wt_med,-0.016527494833416756,-0.018364302814006805,-0.01464800387620926,9,all
14,D3,best-time hit rate (top-2),lvlh5_tft,0.7707049879984709,0.7673473805189133,0.7740404814481735,159563.0,11325,217,wt_med,-0.024940116031613502,-0.02716999650001526,-0.02268950343132019,9,all
14,D3,best-time hit rate (top-2),prod_served,0.7480061857201704,0.7439309313893319,0.7519630700349808,148083.0,10352,217,wt_med,-0.054639062376202086,-0.057209572196006774,-0.05222432166337967,9,all
14,D3,best-time hit rate (top-2),wt_med,0.8032738145089697,0.8005542948842048,0.806104002892971,238804.0,16883,217,wt_med,,,,9,all
21,D3,best-time hit rate (top-2),clim,0.7942062626215733,0.7910854056477546,0.7972670570015907,215405.0,15326,210,wt_med,-0.008028160535746065,-0.009581571817398072,-0.006468285620212555,10,all
21,D3,best-time hit rate (top-2),h5,0.8119578284597355,0.8091360241174698,0.814483967423439,231246.0,16224,210,wt_med,0.011813090046153496,0.010282742977142333,0.013335169851779937,10,all
21,D3,best-time hit rate (top-2),lvlh5_cbd,0.7175307568141711,0.7136862024664878,0.7217010766267776,119567.0,8077,210,wt_med,-0.07312187659036773,-0.0765126332640648,-0.06965146511793137,10,all
21,D3,best-time hit rate (top-2),lvlh5_naive,0.7874131662739454,0.7844300955533982,0.790139926970005,212619.0,14994,210,wt_med,-0.017536661360199268,-0.019476088881492614,-0.015541368722915649,10,all
21,D3,best-time hit rate (top-2),lvlh5_tft,0.7678734612696877,0.7644080922007561,0.7713174864649772,148824.0,10472,210,wt_med,-0.023959052486978938,-0.026489761471748353,-0.02129543125629425,10,all
21,D3,best-time hit rate (top-2),prod_served,0.7460538365578061,0.7420690283179283,0.7495826542377472,138679.0,9707,210,wt_med,-0.0509271222954738,-0.05340763181447983,-0.048028938472270966,10,all
21,D3,best-time hit rate (top-2),wt_med,0.8002872500163211,0.7974273547530174,0.8031068727374077,229765.0,16178,210,wt_med,,,,10,all
30,D3,best-time hit rate (top-2),clim,0.7906998479981504,0.7874451145529747,0.7938987702131272,203287.0,14514,201,wt_med,-0.008707364524285555,-0.01047230064868927,-0.007066969573497773,11,all
30,D3,best-time hit rate (top-2),h5,0.8105085952042045,0.8075985625386238,0.8133968636393547,219192.0,15317,201,wt_med,0.012749932637870387,0.01108027845621109,0.014303374290466308,11,all
30,D3,best-time hit rate (top-2),lvlh5_cbd,0.7143460034324621,0.7100195229053498,0.718680314719677,106629.0,7091,201,wt_med,-0.07582783584841368,-0.07941467016935348,-0.07219521999359131,11,all
30,D3,best-time hit rate (top-2),lvlh5_naive,0.7843608814200106,0.7813509255647659,0.7873428970575332,202083.0,14238,201,wt_med,-0.017764425104479398,-0.01975466459989548,-0.015741401910781862,11,all
30,D3,best-time hit rate (top-2),lvlh5_tft,0.7687467876575156,0.7645169347524643,0.7727427244186401,112846.0,7830,201,wt_med,-0.022619237429596817,-0.025876641273498535,-0.01923450380563736,11,all
30,D3,best-time hit rate (top-2),prod_served,0.7448091447595605,0.740151758491993,0.7492297232151032,112939.0,7852,201,wt_med,-0.04934016860033741,-0.05220932215452194,-0.04635601937770844,11,all
30,D3,best-time hit rate (top-2),wt_med,0.7979249375091898,0.7951021552085876,0.8007955759763717,217632.0,15277,201,wt_med,,,,11,all
45,D3,best-time hit rate (top-2),clim,0.7873755423675093,0.7839714318513871,0.7906120121479034,182994.0,13205,186,wt_med,-0.008228881911844454,-0.01011965274810791,-0.006262773275375366,12,all
45,D3,best-time hit rate (top-2),h5,0.8061905452218728,0.8033934190869332,0.809006467461586,200047.0,14022,186,wt_med,0.013464721560760062,0.011701379716396332,0.015126967430114746,12,all
45,D3,best-time hit rate (top-2),lvlh5_cbd,0.7094378878645479,0.7022104769945144,0.7173595368862152,27877.0,2102,186,wt_med,-0.05257658349871219,-0.058675915002822876,-0.04644659459590912,12,all
45,D3,best-time hit rate (top-2),lvlh5_naive,0.7799113493680759,0.7769753232598304,0.783047541975975,182063.0,12892,186,wt_med,-0.018620874352046846,-0.020816370844841003,-0.0164251834154129,12,all
45,D3,best-time hit rate (top-2),lvlh5_tft,0.7729844508056821,0.7679733663797379,0.7778826162219048,74409.0,5333,186,wt_med,-0.018430371589854277,-0.022392135858535767,-0.014461468160152436,12,all
45,D3,best-time hit rate (top-2),prod_served,0.7431221588669628,0.7374933734536171,0.748377476632595,76114.0,5396,186,wt_med,-0.049679959372757265,-0.05285634845495224,-0.0463100790977478,12,all
45,D3,best-time hit rate (top-2),wt_med,0.7929541399090662,0.7897196993231773,0.7960425481200218,198386.0,13975,186,wt_med,,,,12,all
60,D3,best-time hit rate (top-2),clim,0.7899391656115863,0.7866892546415329,0.7932174980640412,161915.0,11862,171,wt_med,-0.003291519672882992,-0.0052905544638633725,-0.0015522494912147524,13,all
60,D3,best-time hit rate (top-2),h5,0.8049828371435622,0.8017958119511605,0.8082848817110062,178292.0,12619,171,wt_med,0.014447653415517125,0.012408530712127686,0.016448540985584258,13,all
60,D3,best-time hit rate (top-2),lvlh5_naive,0.7757407510914861,0.7723250463604927,0.7790704876184463,161019.0,11434,171,wt_med,-0.020940939435643458,-0.023342597484588622,-0.01856582462787628,13,all
60,D3,best-time hit rate (top-2),lvlh5_tft,0.72,0.6536991477012635,0.7855343461036682,500.0,89,171,wt_med,-0.0933802816901409,-0.15234655439853667,-0.036349898576736456,13,all
60,D3,best-time hit rate (top-2),prod_served,0.7459349593495935,0.6733147338032722,0.8091878741979599,492.0,84,171,wt_med,-0.07280076037622518,-0.12290573418140412,-0.022932383418083194,13,all
60,D3,best-time hit rate (top-2),wt_med,0.7907558979297064,0.787539704144001,0.7941280052065849,176545.0,12567,171,wt_med,,,,13,all
90,D3,best-time hit rate (top-2),clim,0.7831209854888873,0.7788309946656227,0.7873609125614166,123147.0,9260,141,wt_med,-0.009866016450079895,-0.012146048247814178,-0.007506005465984345,14,all
90,D3,best-time hit rate (top-2),h5,0.8022767908639982,0.7985003352165222,0.8059424430131912,138704.0,9869,141,wt_med,0.01144080929283331,0.009134945273399354,0.013577862083911896,14,all
90,D3,best-time hit rate (top-2),lvlh5_naive,0.7735219045478625,0.769358991086483,0.7773364052176476,124586.0,8875,141,wt_med,-0.02412462589406339,-0.02689167708158493,-0.021259403228759768,14,all
90,D3,best-time hit rate (top-2),wt_med,0.7911001145876668,0.7871802896261215,0.7947351440787316,137013.0,9840,141,wt_med,,,,14,all
0,D3,best-time hit rate (±30 min),clim,0.8080695902038659,0.80543222874403,0.8107345134019852,242218.0,17194,231,wt_med,-0.011382274898461775,-0.012870967388153076,-0.009876564145088196,0,all
0,D3,best-time hit rate (±30 min),h5,0.8257817851989911,0.8233937859535218,0.8281815767288208,261293.0,18447,231,wt_med,0.009452623679484407,0.008286139369010926,0.010704313218593596,0,all
0,D3,best-time hit rate (±30 min),lvlh5_cbd,0.7699831410184924,0.767073093354702,0.7730797812342644,152441.0,10635,231,wt_med,-0.03647731237121321,-0.039071424305438994,-0.03396990895271301,0,all
0,D3,best-time hit rate (±30 min),lvlh5_naive,0.8153681352827659,0.8129279509186744,0.8175810143351555,244584.0,17367,231,wt_med,-0.003505398948516092,-0.00494011789560318,-0.0020572826266288756,0,all
0,D3,best-time hit rate (±30 min),lvlh5_tft,0.8024850346780751,0.7996540531516075,0.8054977133870125,183257.0,13049,231,wt_med,-0.0070659945497091314,-0.008791664242744445,-0.005242875218391419,0,all
0,D3,best-time hit rate (±30 min),snaive7,0.7675454883030078,0.7648128777742386,0.7702592521905899,234291.0,17301,231,wt_med,-0.05099630378623021,-0.053014159202575684,-0.049044454097747804,0,all
0,D3,best-time hit rate (±30 min),wt_med,0.8164189373585021,0.8139893501996994,0.8188304767012596,260163.0,18395,231,wt_med,,,,0,all
1,D3,best-time hit rate (±30 min),clim,0.8076413381688872,0.8048954725265502,0.8102246463298798,240717.0,17105,230,wt_med,-0.010931265753095554,-0.012320823967456818,-0.00949714332818985,1,all
1,D3,best-time hit rate (±30 min),h5,0.8254134700643818,0.8228870466351509,0.8277670770883561,259390.0,18317,230,wt_med,0.009922667801982143,0.008746236562728882,0.01117609441280365,1,all
1,D3,best-time hit rate (±30 min),lvlh5_cbd,0.7704770776498769,0.7674477651715279,0.7737278074026108,150290.0,10477,230,wt_med,-0.034417277460656814,-0.03682919442653656,-0.03203050047159195,1,all
1,D3,best-time hit rate (±30 min),lvlh5_naive,0.8146685403155433,0.8121892139315605,0.8170864775776863,244087.0,17333,230,wt_med,-0.0031907629766979584,-0.004709303379058838,-0.0017700836062431338,1,all
1,D3,best-time hit rate (±30 min),lvlh5_tft,0.8013104771990205,0.7983791992068291,0.8040936470031739,181308.0,12916,230,wt_med,-0.007280835880365655,-0.00907992124557495,-0.005398362874984741,1,all
1,D3,best-time hit rate (±30 min),snaive7,0.7675871179571369,0.7649253442883491,0.7702693745493889,233907.0,17271,230,wt_med,-0.050132565909669635,-0.05202996432781219,-0.048195289075374605,1,all
1,D3,best-time hit rate (±30 min),wt_med,0.8155724055672163,0.8130372375249862,0.8179904133081436,258226.0,18269,230,wt_med,,,,1,all
2,D3,best-time hit rate (±30 min),clim,0.807404713838489,0.8047298908233642,0.8098835200071335,239253.0,17020,229,wt_med,-0.010840556588302852,-0.012479424476623535,-0.009417635202407838,2,all
2,D3,best-time hit rate (±30 min),h5,0.8254146174969359,0.823271869122982,0.8277843981981278,257828.0,18212,229,wt_med,0.010041813478102624,0.008840012550354003,0.011308993399143218,2,all
2,D3,best-time hit rate (±30 min),lvlh5_cbd,0.7699005059135826,0.7666059762239457,0.7732013836503029,148049.0,10311,229,wt_med,-0.03468661748256252,-0.03723220080137253,-0.032279962301254274,2,all
2,D3,best-time hit rate (±30 min),lvlh5_naive,0.8143690691763469,0.8121501833200455,0.8166471123695374,243537.0,17294,229,wt_med,-0.003057375677201324,-0.0045690849423408505,-0.0015756294131278993,2,all
2,D3,best-time hit rate (±30 min),lvlh5_tft,0.8005910639150471,0.7977310702204704,0.8032884508371353,179676.0,12806,229,wt_med,-0.0078042279569516815,-0.009539398550987243,-0.006043152511119844,2,all
2,D3,best-time hit rate (±30 min),snaive7,0.7675910019749046,0.7648613914847374,0.7703949347138405,233429.0,17234,229,wt_med,-0.04968860760295457,-0.051603873074054715,-0.04770519435405731,2,all
2,D3,best-time hit rate (±30 min),wt_med,0.8154314950259322,0.8130153402686119,0.8179399237036705,256631.0,18170,229,wt_med,,,,2,all
3,D3,best-time hit rate (±30 min),clim,0.8069523236791972,0.8042177394032478,0.8095568045973778,237791.0,16923,228,wt_med,-0.011187703319808118,-0.012819711863994599,-0.009605824947357178,3,all
3,D3,best-time hit rate (±30 min),h5,0.8249061404809667,0.8225392684340477,0.8271330818533897,256234.0,18099,228,wt_med,0.009777477382644228,0.008636881411075593,0.010979056358337402,3,all
3,D3,best-time hit rate (±30 min),lvlh5_cbd,0.7698076673961807,0.7664287984371185,0.7726974695920944,146673.0,10205,228,wt_med,-0.03451452188747395,-0.03697723001241684,-0.03205651044845581,3,all
3,D3,best-time hit rate (±30 min),lvlh5_naive,0.8137982989864726,0.8114471137523651,0.8161196246743202,242914.0,17248,228,wt_med,-0.0032710889097307128,-0.004811573028564453,-0.001739223301410675,3,all
3,D3,best-time hit rate (±30 min),lvlh5_tft,0.8000370561681677,0.7971560820937157,0.8027933597564697,178108.0,12690,228,wt_med,-0.008002406834442422,-0.009807951748371124,-0.006103625893592836,3,all
3,D3,best-time hit rate (±30 min),prod_served,0.7803176921672449,0.7771401166915893,0.7835488677024841,164310.0,11454,228,wt_med,-0.034909560872065204,-0.03697053790092468,-0.03272995203733444,3,all
3,D3,best-time hit rate (±30 min),snaive7,0.7675393389679104,0.764861935377121,0.7704650342464447,232848.0,17192,228,wt_med,-0.049351363654303926,-0.05126913189888001,-0.04731682389974594,3,all
3,D3,best-time hit rate (±30 min),wt_med,0.8151860217077609,0.8126790300011635,0.817498131096363,255024.0,18054,228,wt_med,,,,3,all
4,D3,best-time hit rate (±30 min),clim,0.80680635801477,0.8040245369076728,0.8095665916800499,236426.0,16827,227,wt_med,-0.011239639051930261,-0.012816108763217926,-0.009838855266571045,4,all
4,D3,best-time hit rate (±30 min),h5,0.8252889804729664,0.822945100069046,0.827636395394802,254775.0,17987,227,wt_med,0.010092814155764684,0.008870239555835723,0.011188273131847382,4,all
4,D3,best-time hit rate (±30 min),lvlh5_cbd,0.7695997467448454,0.7662967756390572,0.7727397456765175,145308.0,10095,227,wt_med,-0.0347905839734699,-0.03749980181455612,-0.03212598115205765,4,all
4,D3,best-time hit rate (±30 min),lvlh5_naive,0.8136765888978278,0.8113990157842637,0.8160433486104012,242385.0,17206,227,wt_med,-0.00325323662074517,-0.004805219173431396,-0.0017133191227912906,4,all
4,D3,best-time hit rate (±30 min),lvlh5_tft,0.8000668312906368,0.797152841091156,0.8027823314070701,176564.0,12574,227,wt_med,-0.00780181360557064,-0.009776513278484344,-0.005855344235897064,4,all
4,D3,best-time hit rate (±30 min),prod_served,0.780329358598077,0.7771157428622246,0.7836149096488952,162862.0,11358,227,wt_med,-0.034598575445957236,-0.03669010400772095,-0.0325993150472641,4,all
4,D3,best-time hit rate (±30 min),snaive7,0.7674860012998025,0.7644946798682213,0.7703644260764122,232343.0,17152,227,wt_med,-0.04920885175787981,-0.05127128213644028,-0.04715575724840164,4,all
4,D3,best-time hit rate (±30 min),wt_med,0.8152636892836297,0.8126724690198899,0.8177711755037308,253556.0,17947,227,wt_med,,,,4,all
5,D3,best-time hit rate (±30 min),clim,0.8065951455236896,0.8038793548941612,0.8091983005404473,235082.0,16720,226,wt_med,-0.011241474023099385,-0.012764105200767517,-0.009590555727481843,5,all
5,D3,best-time hit rate (±30 min),h5,0.8250125335049207,0.8225798606872559,0.8273676872253418,253321.0,17891,226,wt_med,0.010178440688645929,0.009046223759651185,0.01143360584974289,5,all
5,D3,best-time hit rate (±30 min),lvlh5_cbd,0.7688704812997734,0.7655794113874436,0.7723712339997292,143902.0,9992,226,wt_med,-0.03482697045298333,-0.037423154711723326,-0.03231092244386673,5,all
5,D3,best-time hit rate (±30 min),lvlh5_naive,0.8133556547619047,0.8109400346875191,0.81573356539011,241920.0,17172,226,wt_med,-0.003228857105041172,-0.00473589152097702,-0.0015587657690048222,5,all
5,D3,best-time hit rate (±30 min),lvlh5_tft,0.7999188195679143,0.7971181258559227,0.8029795423150062,174919.0,12458,226,wt_med,-0.007841420706200641,-0.009751507639884948,-0.005913250148296356,5,all
5,D3,best-time hit rate (±30 min),prod_served,0.7794762126142879,0.7759369149804115,0.7827527657151222,161325.0,11247,226,wt_med,-0.03544003175678678,-0.037611308693885806,-0.0333586648106575,5,all
5,D3,best-time hit rate (±30 min),snaive7,0.7674705392831118,0.7644077107310295,0.7703168407082558,231919.0,17121,226,wt_med,-0.048801252791298766,-0.05066788494586945,-0.04670561552047729,5,all
5,D3,best-time hit rate (±30 min),wt_med,0.8149094240983067,0.8123641699552536,0.8174723476171494,252109.0,17850,226,wt_med,,,,5,all
6,D3,best-time hit rate (±30 min),clim,0.8063678851967622,0.8033928468823432,0.8090131044387817,233861.0,16617,225,wt_med,-0.010769128470546674,-0.012232320010662079,-0.009123706817626953,6,all
6,D3,best-time hit rate (±30 min),h5,0.8244055655267714,0.8219604551792145,0.8267377257347107,251836.0,17786,225,wt_med,0.010241791489026597,0.008994011580944062,0.011420270800590515,6,all
6,D3,best-time hit rate (±30 min),lvlh5_cbd,0.7607536887346991,0.7573809921741486,0.7641435742378235,142393.0,9877,225,wt_med,-0.042363985471254084,-0.04541792571544647,-0.03949904292821885,6,all
6,D3,best-time hit rate (±30 min),lvlh5_naive,0.812829860391897,0.8103756755590439,0.815292526781559,241390.0,17131,225,wt_med,-0.0030099177217053352,-0.004535023868083954,-0.0014923140406608586,6,all
6,D3,best-time hit rate (±30 min),lvlh5_tft,0.7974979187864213,0.7945768252015114,0.800445805490017,172976.0,12328,225,wt_med,-0.009841452920134164,-0.011663784086704255,-0.008033813536167144,6,all
6,D3,best-time hit rate (±30 min),prod_served,0.7797282312477681,0.7762924522161484,0.7828590452671051,159621.0,11139,225,wt_med,-0.03455131879853368,-0.0368624284863472,-0.03251544684171677,6,all
6,D3,best-time hit rate (±30 min),snaive7,0.7673973608621472,0.7643108054995537,0.7701621368527413,231515.0,17089,225,wt_med,-0.04797799912957701,-0.04994976222515106,-0.04594521373510361,6,all
6,D3,best-time hit rate (±30 min),wt_med,0.8142495770691691,0.8115318596363068,0.8165931150317192,250632.0,17743,225,wt_med,,,,6,all
7,D3,best-time hit rate (±30 min),clim,0.8061098972938565,0.803267939388752,0.8090052455663681,232508.0,16527,224,wt_med,-0.010343389550226734,-0.011792364716529845,-0.00876515954732895,7,all
7,D3,best-time hit rate (±30 min),h5,0.8232001536381023,0.820786614716053,0.8257436603307724,249938.0,17655,224,wt_med,0.009706727569773865,0.008453062176704407,0.010852274298667908,7,all
7,D3,best-time hit rate (±30 min),lvlh5_cbd,0.7585125893910744,0.7551811560988426,0.7619106218218803,140674.0,9742,224,wt_med,-0.04423339267195503,-0.047123396396636964,-0.04149331748485565,7,all
7,D3,best-time hit rate (±30 min),lvlh5_naive,0.8123084451541454,0.8099136859178543,0.8148627430200577,232962.0,16510,224,wt_med,-0.004519515310771771,-0.005998039245605468,-0.002912449836730957,7,all
7,D3,best-time hit rate (±30 min),lvlh5_tft,0.7951541463585885,0.7922270625829697,0.7981353133916855,170909.0,12183,224,wt_med,-0.011418203840958818,-0.01335645318031311,-0.00950513929128647,7,all
7,D3,best-time hit rate (±30 min),prod_served,0.7794082270868414,0.7761214807629585,0.7830401837825776,157966.0,11039,224,wt_med,-0.03434344003071366,-0.036381973326206206,-0.032194148004055026,7,all
7,D3,best-time hit rate (±30 min),wt_med,0.8135816070509522,0.8110139533877373,0.816168612241745,248704.0,17610,224,wt_med,,,,7,all
10,D3,best-time hit rate (±30 min),clim,0.8055947055579386,0.8027837395668029,0.8082811206579208,228466.0,16276,221,wt_med,-0.009126776374871137,-0.0106285959482193,-0.007445527613162995,8,all
10,D3,best-time hit rate (±30 min),h5,0.8224873272123939,0.819880299270153,0.8249233514070511,245605.0,17349,221,wt_med,0.01047196671217121,0.00922183096408844,0.011737672984600067,8,all
10,D3,best-time hit rate (±30 min),lvlh5_cbd,0.7567084867594206,0.7533063977956772,0.7602687850594521,136059.0,9396,221,wt_med,-0.04522839278503643,-0.048120899498462676,-0.04241270124912262,8,all
10,D3,best-time hit rate (±30 min),lvlh5_naive,0.8112168836612378,0.8087430045008659,0.8135400176048279,231419.0,16395,221,wt_med,-0.003798565360259576,-0.0052608191967010495,-0.0022807493805885315,8,all
10,D3,best-time hit rate (±30 min),lvlh5_tft,0.79348315821724,0.790565225481987,0.796501986682415,166461.0,11841,221,wt_med,-0.011660881578916538,-0.013588593900203704,-0.009636333584785462,8,all
10,D3,best-time hit rate (±30 min),prod_served,0.7783020092414724,0.7746924251317978,0.781718547642231,154088.0,10764,221,wt_med,-0.03384643473963478,-0.03608300238847732,-0.031612063944339755,8,all
10,D3,best-time hit rate (±30 min),wt_med,0.8120916638011495,0.8094283446669579,0.8147405534982681,244284.0,17301,221,wt_med,,,,8,all
14,D3,best-time hit rate (±30 min),clim,0.8047821229050279,0.8019079625606537,0.8075962200760841,223750.0,15909,217,wt_med,-0.008102418239441134,-0.009612180292606354,-0.006695102155208588,9,all
14,D3,best-time hit rate (±30 min),h5,0.820871664654706,0.818553951382637,0.8234839782118797,240230.0,16935,217,wt_med,0.010658834854883725,0.009267692267894746,0.011973895132541656,9,all
14,D3,best-time hit rate (±30 min),lvlh5_cbd,0.7529767398929297,0.7496210724115372,0.7565132588148117,130008.0,8902,217,wt_med,-0.046857117401717274,-0.04986140578985214,-0.04411619305610657,9,all
14,D3,best-time hit rate (±30 min),lvlh5_naive,0.8088833731277513,0.8064135879278183,0.8115696892142296,222393.0,15721,217,wt_med,-0.005782914574592901,-0.0074254050850868225,-0.004099924862384796,9,all
14,D3,best-time hit rate (±30 min),lvlh5_tft,0.7919066450242224,0.7886730402708053,0.7950872972607612,159563.0,11325,217,wt_med,-0.011314794912304804,-0.01347484290599823,-0.009191735088825226,9,all
14,D3,best-time hit rate (±30 min),prod_served,0.7774018624690208,0.7735333561897277,0.7807690665125847,148083.0,10352,217,wt_med,-0.032270785727327556,-0.03436212837696075,-0.029950590431690217,9,all
14,D3,best-time hit rate (±30 min),wt_med,0.8103507478936701,0.8078496009111404,0.8129391983151436,238804.0,16883,217,wt_med,,,,9,all
21,D3,best-time hit rate (±30 min),clim,0.8024233420765534,0.7994789823889732,0.8052356585860252,215405.0,15326,210,wt_med,-0.007546748814485804,-0.009152059257030488,-0.005966411530971527,10,all
21,D3,best-time hit rate (±30 min),h5,0.8203774335556074,0.8178258165717125,0.8227783933281898,231246.0,16224,210,wt_med,0.012198255716044604,0.010759451985359192,0.013630101084709167,10,all
21,D3,best-time hit rate (±30 min),lvlh5_cbd,0.7516455209213244,0.747811321914196,0.7552887946367264,119567.0,8077,210,wt_med,-0.04668832016371616,-0.0499866858124733,-0.043537485599517825,10,all
21,D3,best-time hit rate (±30 min),lvlh5_naive,0.8064754325812838,0.8038824334740639,0.8090385019779205,212619.0,14994,210,wt_med,-0.006356117086961599,-0.008057373762130737,-0.004582214355468752,10,all
21,D3,best-time hit rate (±30 min),lvlh5_tft,0.7897449336128581,0.7864176064729691,0.7931218415498733,148824.0,10472,210,wt_med,-0.010897707339317941,-0.013182589411735534,-0.008660048246383667,10,all
21,D3,best-time hit rate (±30 min),prod_served,0.7752074935642743,0.771729402244091,0.7787426874041558,138679.0,9707,210,wt_med,-0.030110663076245325,-0.032434511184692386,-0.027683459222316742,10,all
21,D3,best-time hit rate (±30 min),wt_med,0.8083041368354623,0.8056106865406036,0.8111152470111846,229765.0,16178,210,wt_med,,,,10,all
30,D3,best-time hit rate (±30 min),clim,0.7990328943808507,0.7959283351898193,0.8020778089761734,203287.0,14514,201,wt_med,-0.009023819213508366,-0.010704857110977174,-0.007330930233001709,11,all
30,D3,best-time hit rate (±30 min),h5,0.8199204350523742,0.8172843903303146,0.8224777400493621,219192.0,15317,201,wt_med,0.013229092163289602,0.011636175215244293,0.01465257704257965,11,all
30,D3,best-time hit rate (±30 min),lvlh5_cbd,0.7488957037954027,0.7448797956109047,0.7528881266713142,106629.0,7091,201,wt_med,-0.04990629215733433,-0.0533756211400032,-0.046345543861389164,11,all
30,D3,best-time hit rate (±30 min),lvlh5_naive,0.8038132846404695,0.8010270088911057,0.8065395593643189,202083.0,14238,201,wt_med,-0.007174912700714353,-0.008982032537460327,-0.005450302362442017,11,all
30,D3,best-time hit rate (±30 min),lvlh5_tft,0.7910160750048739,0.7871872007846832,0.7945164471864701,112846.0,7830,201,wt_med,-0.009639808141850614,-0.012473495304584503,-0.006962776184082032,11,all
30,D3,best-time hit rate (±30 min),prod_served,0.7734529259157599,0.7692985773086548,0.7776293858885766,112939.0,7852,201,wt_med,-0.029647297054577693,-0.032303032279014585,-0.026887974143028258,11,all
30,D3,best-time hit rate (±30 min),wt_med,0.8068298779591236,0.8041808784008027,0.8096880212426185,217632.0,15277,201,wt_med,,,,11,all
45,D3,best-time hit rate (±30 min),clim,0.7952064002098429,0.791914202272892,0.7982215195894241,182994.0,13205,186,wt_med,-0.008097761921523117,-0.009790632128715514,-0.006051962077617645,12,all
45,D3,best-time hit rate (±30 min),h5,0.815093453038536,0.812397888302803,0.8176930874586106,200047.0,14022,186,wt_med,0.014367825344861362,0.012714722752571106,0.015993255376815795,12,all
45,D3,best-time hit rate (±30 min),lvlh5_cbd,0.7472468343078523,0.739926141500473,0.75452369004488,27877.0,2102,186,wt_med,-0.02524317613168836,-0.031391704082489015,-0.019217532873153687,12,all
45,D3,best-time hit rate (±30 min),lvlh5_naive,0.7991464493060094,0.7964432165026665,0.8020278364419937,182063.0,12892,186,wt_med,-0.007270752539883962,-0.009316666424274445,-0.0051429346203804025,12,all
45,D3,best-time hit rate (±30 min),lvlh5_tft,0.7915709121208456,0.7870410978794098,0.7957562759518624,74409.0,5333,186,wt_med,-0.008072014106512038,-0.011637948453426361,-0.004423600435256959,12,all
45,D3,best-time hit rate (±30 min),prod_served,0.771934203957222,0.7666769772768021,0.7770379722118378,76114.0,5396,186,wt_med,-0.02877755292292783,-0.03183411657810211,-0.025395137071609498,12,all
45,D3,best-time hit rate (±30 min),wt_med,0.8009436149728307,0.797788318991661,0.803679247200489,198386.0,13975,186,wt_med,,,,12,all
60,D3,best-time hit rate (±30 min),clim,0.7966834450174475,0.793477039039135,0.7999402686953545,161915.0,11862,171,wt_med,-0.005643138754403587,-0.0076294422149658205,-0.0038757085800170898,13,all
60,D3,best-time hit rate (±30 min),h5,0.8137830076503713,0.8108656108379364,0.816853778064251,178292.0,12619,171,wt_med,0.013873327245404576,0.01196390986442566,0.01566912531852722,13,all
60,D3,best-time hit rate (±30 min),lvlh5_naive,0.7959433358796167,0.792901112139225,0.7990515500307083,161019.0,11434,171,wt_med,-0.010028359574631884,-0.012224222719669341,-0.007877784967422486,13,all
60,D3,best-time hit rate (±30 min),lvlh5_tft,0.734,0.6639317944645882,0.8024016946554183,500.0,89,171,wt_med,-0.07304225352112681,-0.13314199149608613,-0.015243415534496317,13,all
60,D3,best-time hit rate (±30 min),prod_served,0.7601626016260162,0.6921821504831314,0.819289879500866,492.0,84,171,wt_med,-0.05400343036179789,-0.10022838860750198,-0.006556788086891222,13,all
60,D3,best-time hit rate (±30 min),wt_med,0.8001019570081283,0.7971965610980988,0.8033983677625656,176545.0,12567,171,wt_med,,,,13,all
90,D3,best-time hit rate (±30 min),clim,0.7905511299503845,0.7864061653614044,0.7947959318757057,123147.0,9260,141,wt_med,-0.011790657567503526,-0.014202234148979188,-0.009329003095626832,14,all
90,D3,best-time hit rate (±30 min),h5,0.8121178913369478,0.808525238931179,0.8156233862042427,138704.0,9869,141,wt_med,0.011654558553736316,0.009472599625587464,0.013667307794094084,14,all
90,D3,best-time hit rate (±30 min),lvlh5_naive,0.793179008877402,0.7894319146871567,0.7967298030853271,124586.0,8875,141,wt_med,-0.014257262499382195,-0.016770057380199432,-0.011617271602153778,14,all
90,D3,best-time hit rate (±30 min),wt_med,0.8007196397422143,0.7971889927983284,0.8041961669921875,137013.0,9840,141,wt_med,,,,14,all
0,D3,best-time regret (min),clim,3.4973288525212824,3.4370171546936037,3.559014743566513,242218.0,17194,231,wt_med,0.31035493598565855,0.277607923746109,0.34477677941322327,0,all
0,D3,best-time regret (min),h5,2.943408357667446,2.891515243053436,2.991052973270416,261293.0,18447,231,wt_med,-0.34045712606429035,-0.37072792649269104,-0.3127667784690857,0,all
0,D3,best-time regret (min),lvlh5_cbd,4.118950938395838,4.049478459358215,4.189045321941376,152441.0,10635,231,wt_med,0.7630483727319275,0.7023479104042053,0.8192734181880951,0,all
0,D3,best-time regret (min),lvlh5_naive,3.2462630425538874,3.1952878713607786,3.2970587253570556,244584.0,17367,231,wt_med,0.01890445413650843,-0.016597068309783934,0.05334334969520568,0,all
0,D3,best-time regret (min),lvlh5_tft,3.3817425800924386,3.3227329194545745,3.439344185590744,183257.0,13049,231,wt_med,0.04635591525310945,0.0012113034725189213,0.0899241805076599,0,all
0,D3,best-time regret (min),snaive7,4.646742725926305,4.576696717739106,4.7169402003288265,234291.0,17301,231,wt_med,1.4177098617961583,1.3672424793243407,1.4678768873214723,0,all
0,D3,best-time regret (min),wt_med,3.2808892886382766,3.2273440182209017,3.335948622226715,260163.0,18395,231,wt_med,,,,0,all
1,D3,best-time regret (min),clim,3.5074008067564817,3.4508149445056917,3.564572203159332,240717.0,17105,230,wt_med,0.2982781624179931,0.26293214559555056,0.33364436626434324,1,all
1,D3,best-time regret (min),h5,2.961652338178033,2.9092562079429625,3.0100426733493806,259390.0,18317,230,wt_med,-0.3374149480284845,-0.3681476771831512,-0.3052544713020325,1,all
1,D3,best-time regret (min),lvlh5_cbd,4.118078381795196,4.045810174942017,4.186641323566437,150290.0,10477,230,wt_med,0.7340846974278739,0.6783410489559174,0.7916633307933807,1,all
1,D3,best-time regret (min),lvlh5_naive,3.2587274209605592,3.208057814836502,3.3074507832527162,244087.0,17333,230,wt_med,0.010132243996180179,-0.025397324562072755,0.04395259022712706,1,all
1,D3,best-time regret (min),lvlh5_tft,3.4335440245328392,3.3741693437099456,3.490629976987839,181308.0,12916,230,wt_med,0.07588790617107533,0.031328290700912476,0.12045494318008422,1,all
1,D3,best-time regret (min),snaive7,4.643811429328751,4.578305470943451,4.711689972877503,233907.0,17271,230,wt_med,1.3937094575052402,1.3385079979896546,1.4427854299545289,1,all
1,D3,best-time regret (min),wt_med,3.2969259485876714,3.24133363366127,3.3499431550502776,258226.0,18269,230,wt_med,,,,1,all
2,D3,best-time regret (min),clim,3.5129423664489057,3.457493656873703,3.5737914025783537,239253.0,17020,229,wt_med,0.30160261540894684,0.26721524596214297,0.3389871597290039,2,all
2,D3,best-time regret (min),h5,2.962622368400639,2.918165236711502,3.0106151700019836,257828.0,18212,229,wt_med,-0.33320176331983475,-0.3656222403049469,-0.30053184032440183,2,all
2,D3,best-time regret (min),lvlh5_cbd,4.141203250275247,4.068858182430267,4.214494574069977,148049.0,10311,229,wt_med,0.751856142937724,0.6913791596889496,0.8142161667346954,2,all
2,D3,best-time regret (min),lvlh5_naive,3.262608967015279,3.216258239746094,3.3140155375003815,243537.0,17294,229,wt_med,0.010745798926992567,-0.025806283950805663,0.04795496463775633,2,all
2,D3,best-time regret (min),lvlh5_tft,3.45692802600236,3.3944034337997437,3.516743505001068,179676.0,12806,229,wt_med,0.09280555064307672,0.05037684440612793,0.13657020926475524,2,all
2,D3,best-time regret (min),snaive7,4.6401646753402535,4.568685936927795,4.708712244033814,233429.0,17234,229,wt_med,1.3844105615500206,1.331221604347229,1.4361785113811494,2,all
2,D3,best-time regret (min),wt_med,3.2941421730032614,3.2415121734142303,3.3451214730739594,256631.0,18170,229,wt_med,,,,2,all
3,D3,best-time regret (min),clim,3.5206631033134137,3.462495970726013,3.5784929156303407,237791.0,16923,228,wt_med,0.29772871568589654,0.2621410250663757,0.33477908968925474,3,all
3,D3,best-time regret (min),h5,2.973149542995855,2.9250598311424256,3.0198017001152038,256234.0,18099,228,wt_med,-0.33588552120144977,-0.3676545977592468,-0.30661969184875487,3,all
3,D3,best-time regret (min),lvlh5_cbd,4.151254832177702,4.083188772201538,4.224418425559998,146673.0,10205,228,wt_med,0.7404687348041721,0.6780679404735566,0.7987892210483551,3,all
3,D3,best-time regret (min),lvlh5_naive,3.2743522398873677,3.2243376076221466,3.3254953265190124,242914.0,17248,228,wt_med,0.006906266498493352,-0.028889739513397218,0.04310598969459533,3,all
3,D3,best-time regret (min),lvlh5_tft,3.469389359265165,3.4122174203395845,3.5308978974819185,178108.0,12690,228,wt_med,0.08678762339664692,0.04244207739830017,0.13035715222358704,3,all
3,D3,best-time regret (min),prod_served,4.3324021666362365,4.251013314723968,4.407123601436615,164310.0,11454,228,wt_med,1.1041592068937658,1.0470962822437286,1.1609447240829467,3,all
3,D3,best-time regret (min),snaive7,4.638949013949014,4.572225677967071,4.705815362930298,232848.0,17192,228,wt_med,1.3693968567570067,1.3137718498706819,1.4210632622241974,3,all
3,D3,best-time regret (min),wt_med,3.307551446138403,3.256554514169693,3.3612435519695283,255024.0,18054,228,wt_med,,,,3,all
4,D3,best-time regret (min),clim,3.518483584715725,3.457370102405548,3.587228852510452,236426.0,16827,227,wt_med,0.28816561023977005,0.2547652840614319,0.32552326917648317,4,all
4,D3,best-time regret (min),h5,2.974181140221764,2.9272387623786926,3.0277917861938475,254775.0,17987,227,wt_med,-0.3414888356199328,-0.37074861526489256,-0.3099491059780121,4,all
4,D3,best-time regret (min),lvlh5_cbd,4.171291326010956,4.104561030864716,4.247344648838043,145308.0,10095,227,wt_med,0.7455064735595678,0.6851236045360565,0.8087984681129455,4,all
4,D3,best-time regret (min),lvlh5_naive,3.279043670194113,3.2297382712364198,3.334067153930664,242385.0,17206,227,wt_med,0.00041526420025261856,-0.04019806385040283,0.03786807060241698,4,all
4,D3,best-time regret (min),lvlh5_tft,3.4834281053895473,3.4247862577438353,3.5486513674259186,176564.0,12574,227,wt_med,0.08791218184124316,0.03822398781776428,0.13369472622871398,4,all
4,D3,best-time regret (min),prod_served,4.3464896660976775,4.270839536190033,4.4260042071342465,162862.0,11358,227,wt_med,1.1036242176708813,1.0462129831314086,1.1668808519840241,4,all
4,D3,best-time regret (min),snaive7,4.639283300981738,4.568878304958344,4.711163032054901,232343.0,17152,227,wt_med,1.3562626770932735,1.3020618557929993,1.4117417633533478,4,all
4,D3,best-time regret (min),wt_med,3.3138951553108584,3.2596684992313385,3.373282331228256,253556.0,17947,227,wt_med,,,,4,all
5,D3,best-time regret (min),clim,3.524238350873312,3.465179371833801,3.5858723402023314,235082.0,16720,226,wt_med,0.28548635868340666,0.24854333996772765,0.32140164971351626,5,all
5,D3,best-time regret (min),h5,2.980412204278366,2.9318776726722717,3.029560911655426,253321.0,17891,226,wt_med,-0.3439808252799539,-0.3778525650501251,-0.3110974133014679,5,all
5,D3,best-time regret (min),lvlh5_cbd,4.185598532334505,4.111750113964081,4.258228456974029,143902.0,9992,226,wt_med,0.744247817568009,0.6781337797641754,0.8080443680286408,5,all
5,D3,best-time regret (min),lvlh5_naive,3.290376984126984,3.2403616845607757,3.345626473426819,241920.0,17172,226,wt_med,0.001856063002074304,-0.038712072372436526,0.03962726593017577,5,all
5,D3,best-time regret (min),lvlh5_tft,3.5023067819962383,3.443514746427536,3.563539057970047,174919.0,12458,226,wt_med,0.10222847046022254,0.05723437070846558,0.1500925600528717,5,all
5,D3,best-time regret (min),prod_served,4.345557105222377,4.268354880809784,4.426550853252411,161325.0,11247,226,wt_med,1.097838411363032,1.0393714010715485,1.158890163898468,5,all
5,D3,best-time regret (min),snaive7,4.639723351687443,4.570781815052032,4.71580924987793,231919.0,17121,226,wt_med,1.3437894766908913,1.2903296589851379,1.3943678557872772,5,all
5,D3,best-time regret (min),wt_med,3.3231618069961804,3.2673139750957487,3.3830290138721466,252109.0,17850,226,wt_med,,,,5,all
6,D3,best-time regret (min),clim,3.5323290330580988,3.4752713322639464,3.595519298315048,233861.0,16617,225,wt_med,0.2654174797723492,0.23059119582176207,0.29829188585281374,6,all
6,D3,best-time regret (min),h5,2.9953739735383347,2.9474036037921905,3.0452627778053283,251836.0,17786,225,wt_med,-0.3588342691934616,-0.39097619652748106,-0.3256523787975311,6,all
6,D3,best-time regret (min),lvlh5_cbd,4.372630677069799,4.30068428516388,4.441587829589844,142393.0,9877,225,wt_med,0.8891681635736375,0.8201701939105988,0.9591518223285674,6,all
6,D3,best-time regret (min),lvlh5_naive,3.307154397448113,3.253930312395096,3.3585456252098083,241390.0,17131,225,wt_med,-0.01355119427328777,-0.05240504145622253,0.024277979135513304,6,all
6,D3,best-time regret (min),lvlh5_tft,3.5515215983720285,3.4940966248512266,3.609370398521423,172976.0,12328,225,wt_med,0.12166725721142324,0.07651435136795044,0.1684664249420166,6,all
6,D3,best-time regret (min),prod_served,4.357759943867035,4.278620183467865,4.4428468465805055,159621.0,11139,225,wt_med,1.0744654190325842,1.0144238770008087,1.1335812985897065,6,all
6,D3,best-time regret (min),snaive7,4.640135628361013,4.573955667018891,4.712617814540863,231515.0,17089,225,wt_med,1.309284689935322,1.2582890510559082,1.358979493379593,6,all
6,D3,best-time regret (min),wt_med,3.352907848957835,3.298610669374466,3.406868004798889,250632.0,17743,225,wt_med,,,,6,all
7,D3,best-time regret (min),clim,3.5413190083782062,3.479530727863312,3.6049210131168365,232508.0,16527,224,wt_med,0.2516114814680015,0.21649982333183287,0.2846390545368194,7,all
7,D3,best-time regret (min),h5,3.029039201722027,2.9774381816387177,3.078880989551544,249938.0,17655,224,wt_med,-0.35267322875737506,-0.38277130126953124,-0.3192231595516205,7,all
7,D3,best-time regret (min),lvlh5_cbd,4.456360094971352,4.3827582716941835,4.528974914550782,140674.0,9742,224,wt_med,0.9545352328637602,0.8845710277557373,1.0205917119979857,7,all
7,D3,best-time regret (min),lvlh5_naive,3.331375932555524,3.284054958820343,3.3822158217430114,232962.0,16510,224,wt_med,0.027642263935713896,-0.009070926904678344,0.06433438062667847,7,all
7,D3,best-time regret (min),lvlh5_tft,3.613238624063098,3.552260935306549,3.6769317030906676,170909.0,12183,224,wt_med,0.1604668128717499,0.11307324767112732,0.20695117115974423,7,all
7,D3,best-time regret (min),prod_served,4.360191433599636,4.278831100463867,4.442059791088104,157966.0,11039,224,wt_med,1.057299584417342,0.9990460634231567,1.112823611497879,7,all
7,D3,best-time regret (min),wt_med,3.380588973237262,3.325544595718384,3.4409869730472566,248704.0,17610,224,wt_med,,,,7,all
10,D3,best-time regret (min),clim,3.566057969238311,3.502240353822708,3.624838560819626,228466.0,16276,221,wt_med,0.2310164691600871,0.1938191533088684,0.2653798937797546,8,all
10,D3,best-time regret (min),h5,3.0498035463447404,2.998558282852173,3.1000144243240357,245605.0,17349,221,wt_med,-0.37143051920159786,-0.40493570566177367,-0.3367846369743347,8,all
10,D3,best-time regret (min),lvlh5_cbd,4.511932323477315,4.435441672801971,4.593416750431061,136059.0,9396,221,wt_med,0.9654783265132583,0.8978645920753479,1.03332622051239,8,all
10,D3,best-time regret (min),lvlh5_naive,3.356314736473669,3.305603063106537,3.406012660264969,231419.0,16395,221,wt_med,0.002124523661363842,-0.03839322328567505,0.040330606698989864,8,all
10,D3,best-time regret (min),lvlh5_tft,3.6551023963571048,3.591729390621185,3.7186765670776367,166461.0,11841,221,wt_med,0.1560369580395764,0.10525139570236205,0.2030649721622467,8,all
10,D3,best-time regret (min),prod_served,4.390186127407715,4.307368385791778,4.473266577720642,154088.0,10764,221,wt_med,1.0343627821420425,0.971017861366272,1.104080331325531,8,all
10,D3,best-time regret (min),wt_med,3.420445055754777,3.3605576694011687,3.4792544722557066,244284.0,17301,221,wt_med,,,,8,all
14,D3,best-time regret (min),clim,3.599137430167598,3.5345433592796325,3.665603816509247,223750.0,15909,217,wt_med,0.21798999257005836,0.18402997255325318,0.25346704125404357,9,all
14,D3,best-time regret (min),h5,3.0931648836531656,3.043059778213501,3.149262475967407,240230.0,16935,217,wt_med,-0.37190732227429146,-0.40652303099632264,-0.33775649070739744,9,all
14,D3,best-time regret (min),lvlh5_cbd,4.627969048058581,4.544871258735657,4.709848654270172,130008.0,8902,217,wt_med,1.0191701484311535,0.9479920029640198,1.0855450868606566,9,all
14,D3,best-time regret (min),lvlh5_naive,3.4305576164717415,3.378743702173233,3.488001585006714,222393.0,15721,217,wt_med,0.06331252887042327,0.02190625071525574,0.10305854082107543,9,all
14,D3,best-time regret (min),lvlh5_tft,3.7031078633517795,3.6350988388061523,3.7756317794322967,159563.0,11325,217,wt_med,0.14826180526120947,0.09743071794509887,0.20029504895210265,9,all
14,D3,best-time regret (min),prod_served,4.414888947414625,4.332167828083039,4.503591275215149,148083.0,10352,217,wt_med,0.9951875202530838,0.9243834614753723,1.0569708883762359,9,all
14,D3,best-time regret (min),wt_med,3.463128758312256,3.4029612302780152,3.5207494258880616,238804.0,16883,217,wt_med,,,,9,all
21,D3,best-time regret (min),clim,3.65439520902486,3.5932907342910765,3.7180891573429107,215405.0,15326,210,wt_med,0.19601929758457803,0.15827228426933287,0.23331480026245116,10,all
21,D3,best-time regret (min),h5,3.1117251757868245,3.06222585439682,3.1676506876945494,231246.0,16224,210,wt_med,-0.40722275912831973,-0.4436909019947052,-0.3726887941360474,10,all
21,D3,best-time regret (min),lvlh5_cbd,4.7238702986610015,4.634264123439789,4.816840088367462,119567.0,8077,210,wt_med,1.0474653048380986,0.9615996718406677,1.127645343542099,10,all
21,D3,best-time regret (min),lvlh5_naive,3.5054157906866275,3.4509277939796448,3.566077023744583,212619.0,14994,210,wt_med,0.07765719999787368,0.03190588355064392,0.12104175090789794,10,all
21,D3,best-time regret (min),lvlh5_tft,3.8062073321507284,3.7399350225925447,3.878101283311844,148824.0,10472,210,wt_med,0.16679230510883158,0.10484621524810792,0.22387388944625852,10,all
21,D3,best-time regret (min),prod_served,4.486915827198062,4.399051868915558,4.573924767971039,138679.0,9707,210,wt_med,0.9450923426559226,0.8781006574630738,1.0149982750415802,10,all
21,D3,best-time regret (min),wt_med,3.5164537679803276,3.4518178343772887,3.5810378015041353,229765.0,16178,210,wt_med,,,,10,all
30,D3,best-time regret (min),clim,3.7289841455675967,3.664999359846115,3.796087771654129,203287.0,14514,201,wt_med,0.20287274559934731,0.16281217932701111,0.24082646369934083,11,all
30,D3,best-time regret (min),h5,3.1275183400854045,3.0721066117286684,3.1836644232273104,219192.0,15317,201,wt_med,-0.4398069724529181,-0.4784142732620239,-0.3998959004878998,11,all
30,D3,best-time regret (min),lvlh5_cbd,4.840925076667698,4.745641016960144,4.944145274162293,106629.0,7091,201,wt_med,1.0790579711462018,0.9957877695560455,1.168861597776413,11,all
30,D3,best-time regret (min),lvlh5_naive,3.5670244404526854,3.5123783588409423,3.6289690554142,202083.0,14238,201,wt_med,0.0662308536737024,0.02209892272949219,0.11734724044799805,11,all
30,D3,best-time regret (min),lvlh5_tft,3.8729418854013433,3.789294368028641,3.964674508571625,112846.0,7830,201,wt_med,0.11822812899873503,0.04515289664268494,0.19049434661865233,11,all
30,D3,best-time regret (min),prod_served,4.645799945103109,4.543243896961212,4.756524443626404,112939.0,7852,201,wt_med,0.9434055288419998,0.8725223302841186,1.0169431507587432,11,all
30,D3,best-time regret (min),wt_med,3.5643425599176592,3.501967704296112,3.6318565785884855,217632.0,15277,201,wt_med,,,,11,all
45,D3,best-time regret (min),clim,3.7797742002470027,3.7136094331741334,3.8505674064159394,182994.0,13205,186,wt_med,0.16236183312081653,0.12089293599128723,0.20691646933555602,12,all
45,D3,best-time regret (min),h5,3.2018525646473077,3.144298952817917,3.253753799200058,200047.0,14022,186,wt_med,-0.49668183303971825,-0.540127432346344,-0.4563769519329071,12,all
45,D3,best-time regret (min),lvlh5_cbd,4.855292893783406,4.696765410900116,5.020401859283448,27877.0,2102,186,wt_med,0.7215587780844963,0.5915631771087646,0.855757212638855,12,all
45,D3,best-time regret (min),lvlh5_naive,3.680962084553149,3.61834277510643,3.739234834909439,182063.0,12892,186,wt_med,0.06336873213853522,0.010990160703659059,0.11174896955490109,12,all
45,D3,best-time regret (min),lvlh5_tft,3.8947304761520782,3.785554903745651,4.001388967037201,74409.0,5333,186,wt_med,0.0196249805869817,-0.08142734169960023,0.11791780591011046,12,all
45,D3,best-time regret (min),prod_served,4.747838768163544,4.609760785102845,4.881232511997223,76114.0,5396,186,wt_med,0.9150789712769023,0.8246056377887726,0.9995813071727753,12,all
45,D3,best-time regret (min),wt_med,3.695089371225792,3.632962691783905,3.761016756296158,198386.0,13975,186,wt_med,,,,12,all
60,D3,best-time regret (min),clim,3.763085569588982,3.685580539703369,3.83443204164505,161915.0,11862,171,wt_med,0.10064252981885469,0.05638026595115662,0.14747192263603207,13,all
60,D3,best-time regret (min),h5,3.234357122024544,3.17097128033638,3.293692058324814,178292.0,12619,171,wt_med,-0.504427872014308,-0.5508934915065765,-0.4561730623245239,13,all
60,D3,best-time regret (min),lvlh5_naive,3.756587731882573,3.6894863903522492,3.823471486568451,161019.0,11434,171,wt_med,0.1069323535615645,0.048350632190704346,0.16475461721420287,13,all
60,D3,best-time regret (min),lvlh5_tft,4.414,2.9313247978687285,5.939071691036224,500.0,89,171,wt_med,2.0773802816901403,0.8231713771820068,3.476511830091476,13,all
60,D3,best-time regret (min),prod_served,4.315040650406504,2.9932770848274233,5.534262859821319,492.0,84,171,wt_med,2.0332432398962226,1.0563696205615998,2.96766802072525,13,all
60,D3,best-time regret (min),wt_med,3.735517856637118,3.6626368820667268,3.8029152154922485,176545.0,12567,171,wt_med,,,,13,all
90,D3,best-time regret (min),clim,3.9213054317198144,3.833301079273224,4.009795248508453,123147.0,9260,141,wt_med,0.22668530906024564,0.1727812707424164,0.27590197920799253,14,all
90,D3,best-time regret (min),h5,3.270568981428077,3.198329383134842,3.338505744934082,138704.0,9869,141,wt_med,-0.476794060976264,-0.5271782636642456,-0.42179866433143615,14,all
90,D3,best-time regret (min),lvlh5_naive,3.82453084616249,3.748025929927826,3.906455063819885,124586.0,8875,141,wt_med,0.16846746520236966,0.10237665176391601,0.22817081809043882,14,all
90,D3,best-time regret (min),wt_med,3.745870829775277,3.6706324100494383,3.827707803249359,137013.0,9840,141,wt_med,,,,14,all
0,UC2/UC3,Spearman of slots within ride-day,clim,0.4046022060710242,0.40147311314940454,0.4075877547264099,218302.0,17042,231,wt_med,-0.029855583829163035,-0.031440965831279755,-0.02840332165360451,0,all
0,UC2/UC3,Spearman of slots within ride-day,h5,0.46098825504223634,0.458118836581707,0.4637216590344906,229800.0,18248,231,wt_med,0.029431923405598526,0.028434838354587554,0.030401837080717087,0,all
0,UC2/UC3,Spearman of slots within ride-day,lvlh5_cbd,0.40811643604632786,0.4047574318945408,0.41141701862215996,144458.0,10570,231,wt_med,-0.02130627767091281,-0.02306831330060959,-0.019661249220371248,0,all
0,UC2/UC3,Spearman of slots within ride-day,lvlh5_naive,0.4432975609798897,0.44057302474975585,0.4460153318941593,227052.0,17266,231,wt_med,0.007489256510400333,0.006158412247896194,0.008770177513360978,0,all
0,UC2/UC3,Spearman of slots within ride-day,lvlh5_tft,0.4145459947451868,0.4110355354845524,0.41775268912315366,176482.0,12982,231,wt_med,-0.009796051593430721,-0.011372643709182739,-0.00823335498571396,0,all
0,UC2/UC3,Spearman of slots within ride-day,snaive7,0.3568475465121038,0.35395987033843995,0.3594772681593895,212788.0,16953,231,wt_med,-0.08060548719486638,-0.08273963928222657,-0.07877697199583053,0,all
0,UC2/UC3,Spearman of slots within ride-day,wt_med,0.4315854828036908,0.4285976767539978,0.43445298373699187,235994.0,18257,231,wt_med,,,,0,all
1,UC2/UC3,Spearman of slots within ride-day,clim,0.40325556878352786,0.40016805902123453,0.4061153449118137,217116.0,16956,230,wt_med,-0.027917832637348206,-0.029471085965633394,-0.026304686069488527,1,all
1,UC2/UC3,Spearman of slots within ride-day,h5,0.4581485389280563,0.4556128941476345,0.46079063341021537,227885.0,18123,230,wt_med,0.02982672273708825,0.02881208583712578,0.03081914335489273,1,all
1,UC2/UC3,Spearman of slots within ride-day,lvlh5_cbd,0.4066239080707804,0.40342519953846934,0.4098161138594151,142407.0,10409,230,wt_med,-0.01953749176086461,-0.0211850643157959,-0.017808311432600022,1,all
1,UC2/UC3,Spearman of slots within ride-day,lvlh5_naive,0.4406038482913207,0.43788141906261446,0.44318031296134,226531.0,17232,230,wt_med,0.008317489432188241,0.007135149836540222,0.009516870230436325,1,all
1,UC2/UC3,Spearman of slots within ride-day,lvlh5_tft,0.41095756054189686,0.40799526050686835,0.4138283088803291,174617.0,12849,230,wt_med,-0.010362455001462156,-0.012049783021211624,-0.008782130479812623,1,all
1,UC2/UC3,Spearman of slots within ride-day,snaive7,0.3566604705971997,0.3541080988943577,0.35947323590517044,212440.0,16923,230,wt_med,-0.07726422908221459,-0.07943357303738594,-0.07498839199542999,1,all
1,UC2/UC3,Spearman of slots within ride-day,wt_med,0.4283361659814401,0.4256480298936367,0.4311399906873703,234034.0,18138,230,wt_med,,,,1,all
2,UC2/UC3,Spearman of slots within ride-day,clim,0.4021888812545468,0.3991906702518463,0.4050202213227749,215896.0,16870,229,wt_med,-0.027706450450180276,-0.02930157259106636,-0.026061804592609407,2,all
2,UC2/UC3,Spearman of slots within ride-day,h5,0.45730309700158445,0.4547796942293644,0.4599918954074383,226411.0,18017,229,wt_med,0.0301814168183569,0.02922586053609848,0.031208884716033936,2,all
2,UC2/UC3,Spearman of slots within ride-day,lvlh5_cbd,0.40623079381028643,0.40278212949633596,0.4095593109726906,140249.0,10239,229,wt_med,-0.018936789788911834,-0.020554156601428987,-0.01730582416057587,2,all
2,UC2/UC3,Spearman of slots within ride-day,lvlh5_naive,0.43972935554343784,0.4372151680290699,0.4424748279154301,225975.0,17193,229,wt_med,0.008882884009154435,0.007668215781450272,0.010137464851140976,2,all
2,UC2/UC3,Spearman of slots within ride-day,lvlh5_tft,0.4099755616868502,0.40689837336540224,0.4132846027612686,173011.0,12735,229,wt_med,-0.01035636457334127,-0.012057506293058396,-0.008556405454874039,2,all
2,UC2/UC3,Spearman of slots within ride-day,snaive7,0.3564994400732183,0.3537671953439713,0.35922916755080225,212011.0,16887,229,wt_med,-0.0758276488130642,-0.07786588445305824,-0.07367506548762322,2,all
2,UC2/UC3,Spearman of slots within ride-day,wt_med,0.42711221659768955,0.424406660348177,0.42998320460319517,232488.0,18040,229,wt_med,,,,2,all
3,UC2/UC3,Spearman of slots within ride-day,clim,0.40075268365230576,0.3978098385035992,0.4037251263856888,214570.0,16774,228,wt_med,-0.027744813386217537,-0.02920505851507187,-0.026187582314014433,3,all
3,UC2/UC3,Spearman of slots within ride-day,h5,0.4562557751301853,0.4536178335547447,0.4589588426053524,224932.0,17913,228,wt_med,0.030548174558371388,0.029535388946533202,0.031548481434583664,3,all
3,UC2/UC3,Spearman of slots within ride-day,lvlh5_cbd,0.40512555448250787,0.4017424710094929,0.40829626098275185,138949.0,10140,228,wt_med,-0.018665569357006973,-0.020443861931562425,-0.017084402590990068,3,all
3,UC2/UC3,Spearman of slots within ride-day,lvlh5_naive,0.4382583390700942,0.4355549745261669,0.4409771516919136,225418.0,17149,228,wt_med,0.009058903229256177,0.00789799913764,0.010297568887472153,3,all
3,UC2/UC3,Spearman of slots within ride-day,lvlh5_tft,0.4091701325151951,0.40610008463263514,0.4124797128140926,171517.0,12630,228,wt_med,-0.010025905003741287,-0.011762560158967972,-0.008404894173145295,3,all
3,UC2/UC3,Spearman of slots within ride-day,prod_served,0.4185745897200628,0.41542616188526155,0.42229241505265236,140480.0,11373,228,wt_med,-0.0055696798620328836,-0.007536425441503525,-0.0034921616315841675,3,all
3,UC2/UC3,Spearman of slots within ride-day,snaive7,0.3562332052794543,0.35362824723124503,0.35885062962770464,211469.0,16845,228,wt_med,-0.0744925166553142,-0.07663315311074256,-0.0722751222550869,3,all
3,UC2/UC3,Spearman of slots within ride-day,wt_med,0.42568346699442045,0.4231119371950626,0.42841807156801226,231034.0,17930,228,wt_med,,,,3,all
4,UC2/UC3,Spearman of slots within ride-day,clim,0.39990294823477085,0.39675911143422127,0.4029561705887318,213229.0,16681,227,wt_med,-0.027497688477220006,-0.02898290231823921,-0.02588373273611069,4,all
4,UC2/UC3,Spearman of slots within ride-day,h5,0.4555756658861755,0.45278839096426965,0.4582380473613739,223590.0,17796,227,wt_med,0.030788735577066406,0.02982565835118294,0.031775114685297014,4,all
4,UC2/UC3,Spearman of slots within ride-day,lvlh5_cbd,0.4048353474703093,0.401307737827301,0.4080754444003105,137580.0,10028,227,wt_med,-0.018345701501108314,-0.01997252032160759,-0.016588027775287627,4,all
4,UC2/UC3,Spearman of slots within ride-day,lvlh5_naive,0.43731058475336154,0.43465904593467714,0.4399044647812843,224909.0,17105,227,wt_med,0.009349110398778615,0.008206278830766679,0.010600033402442931,4,all
4,UC2/UC3,Spearman of slots within ride-day,lvlh5_tft,0.4089292013895186,0.405716148018837,0.41210911720991134,170022.0,12512,227,wt_med,-0.009600727290706934,-0.01125769391655922,-0.008019285649061203,4,all
4,UC2/UC3,Spearman of slots within ride-day,prod_served,0.41797518289548274,0.4146570011973381,0.42141729816794393,139427.0,11290,227,wt_med,-0.00521192534088899,-0.007377585768699646,-0.003030724823474884,4,all
4,UC2/UC3,Spearman of slots within ride-day,snaive7,0.35605367503015173,0.3532882139086723,0.3585506036877632,210995.0,16805,227,wt_med,-0.07344656680864836,-0.07564691230654716,-0.071421167999506,4,all
4,UC2/UC3,Spearman of slots within ride-day,wt_med,0.42475613318621513,0.421890864521265,0.42744575887918473,229656.0,17820,227,wt_med,,,,4,all
5,UC2/UC3,Spearman of slots within ride-day,clim,0.39891617197025986,0.39610138460993766,0.40188786536455157,212025.0,16578,226,wt_med,-0.026982901355248556,-0.028540074825286865,-0.025325383245944976,5,all
5,UC2/UC3,Spearman of slots within ride-day,h5,0.4545521234318505,0.45182620286941527,0.4572620205581188,222252.0,17701,226,wt_med,0.03144810344469262,0.030341508984565734,0.032501022517681125,5,all
5,UC2/UC3,Spearman of slots within ride-day,lvlh5_cbd,0.403622756431792,0.4003396287560463,0.4071673355996609,136242.0,9926,226,wt_med,-0.017798042605516484,-0.01961158514022827,-0.01605328693985939,5,all
5,UC2/UC3,Spearman of slots within ride-day,lvlh5_naive,0.43617699996141246,0.43342540636658666,0.4389942348003387,224496.0,17068,226,wt_med,0.009923891885819658,0.008640965819358826,0.011233561486005782,5,all
5,UC2/UC3,Spearman of slots within ride-day,lvlh5_tft,0.4077977388158787,0.4046514630317688,0.4111386962234974,168424.0,12396,226,wt_med,-0.009473235883252162,-0.011211450397968292,-0.0078352190554142,5,all
5,UC2/UC3,Spearman of slots within ride-day,prod_served,0.41694487421357546,0.4135500639677048,0.42018396481871606,138037.0,11174,226,wt_med,-0.005064123756607974,-0.0073063671588897705,-0.0029962897300720216,5,all
5,UC2/UC3,Spearman of slots within ride-day,snaive7,0.35589045218745197,0.35298126339912417,0.3585176825523376,210602.0,16776,226,wt_med,-0.07183458901177975,-0.07404992803931236,-0.06973145827651024,5,all
5,UC2/UC3,Spearman of slots within ride-day,wt_med,0.4230826297039847,0.4203574351966381,0.42572367563843727,228348.0,17725,226,wt_med,,,,5,all
6,UC2/UC3,Spearman of slots within ride-day,clim,0.39735223213571624,0.3943330079317093,0.4003544420003891,210979.0,16481,225,wt_med,-0.02597275034784563,-0.027611152082681657,-0.02437320053577423,6,all
6,UC2/UC3,Spearman of slots within ride-day,h5,0.45244069550554283,0.4498235210776329,0.45513502657413485,220810.0,17597,225,wt_med,0.03190988998971378,0.03092857971787453,0.03291626796126366,6,all
6,UC2/UC3,Spearman of slots within ride-day,lvlh5_cbd,0.39695113275014604,0.39348154067993163,0.40040412843227385,134750.0,9806,225,wt_med,-0.021871141450007903,-0.023477059602737427,-0.0203392393887043,6,all
6,UC2/UC3,Spearman of slots within ride-day,lvlh5_naive,0.43393424142013726,0.43144119530916214,0.43655589148402213,223968.0,17032,225,wt_med,0.01049330557893019,0.009180212020874023,0.011725606024265289,6,all
6,UC2/UC3,Spearman of slots within ride-day,lvlh5_tft,0.4050587467792359,0.4020319916307926,0.4083986423909664,166543.0,12264,225,wt_med,-0.009484088092812537,-0.01125379055738449,-0.007739635556936264,6,all
6,UC2/UC3,Spearman of slots within ride-day,prod_served,0.4167866385827867,0.41352795362472533,0.4203191712498665,136280.0,11056,225,wt_med,-0.0026283605859607206,-0.0047376349568367,-0.0003354214131832126,6,all
6,UC2/UC3,Spearman of slots within ride-day,snaive7,0.3557218656476614,0.35296659767627714,0.35838842317461966,210220.0,16744,225,wt_med,-0.06906074942047408,-0.07121901512145996,-0.06690251231193542,6,all
6,UC2/UC3,Spearman of slots within ride-day,wt_med,0.42052139158874946,0.4179528310894966,0.4233917765319347,226911.0,17615,225,wt_med,,,,6,all
7,UC2/UC3,Spearman of slots within ride-day,clim,0.3958979937078264,0.392909449338913,0.3990362353622913,209809.0,16391,224,wt_med,-0.022801416838696298,-0.02430526241660118,-0.021176163852214814,7,all
7,UC2/UC3,Spearman of slots within ride-day,h5,0.44853407374350895,0.44576824009418486,0.4512482091784477,218990.0,17471,224,wt_med,0.0326811926255407,0.031639277935028076,0.03375236019492149,7,all
7,UC2/UC3,Spearman of slots within ride-day,lvlh5_cbd,0.3923298073203749,0.38895497396588324,0.3956617720425129,133141.0,9679,224,wt_med,-0.021944122647949815,-0.02386456951498985,-0.02004203349351883,7,all
7,UC2/UC3,Spearman of slots within ride-day,lvlh5_naive,0.43246034148062945,0.4297651223838329,0.4352176144719124,215716.0,16421,224,wt_med,0.011406036723548896,0.010197518020868301,0.012593620270490647,7,all
7,UC2/UC3,Spearman of slots within ride-day,lvlh5_tft,0.400505392885577,0.3974988475441933,0.40379303619265555,164561.0,12127,224,wt_med,-0.009033291327889159,-0.010723510384559631,-0.007477454841136932,7,all
7,UC2/UC3,Spearman of slots within ride-day,prod_served,0.4158099837302368,0.4124806523323059,0.419048672914505,134828.0,10968,224,wt_med,0.0011259429079822358,-0.0010553598403930664,0.0032910093665122985,7,all
7,UC2/UC3,Spearman of slots within ride-day,wt_med,0.4158560687103829,0.41306079998612405,0.4186251498758793,225074.0,17480,224,wt_med,,,,7,all
10,UC2/UC3,Spearman of slots within ride-day,clim,0.39264279498496996,0.3897552162408829,0.395667365193367,206315.0,16136,221,wt_med,-0.021838893175241125,-0.023508739471435548,-0.020209895819425585,8,all
10,UC2/UC3,Spearman of slots within ride-day,h5,0.44488415563654554,0.44201283529400826,0.44769151508808136,214985.0,17173,221,wt_med,0.03306097332987029,0.03194787055253982,0.0341107688844204,8,all
10,UC2/UC3,Spearman of slots within ride-day,lvlh5_cbd,0.3887202779039501,0.3849358282983303,0.3921074979007244,128737.0,9340,221,wt_med,-0.021179494569451784,-0.022978604584932328,-0.019178149849176408,8,all
10,UC2/UC3,Spearman of slots within ride-day,lvlh5_naive,0.4282971440219804,0.42530549317598343,0.43105506151914597,214246.0,16308,221,wt_med,0.012157442257146933,0.010733877122402192,0.013428899645805358,8,all
10,UC2/UC3,Spearman of slots within ride-day,lvlh5_tft,0.39743215748910476,0.3939765766263008,0.4005281239748001,160246.0,11790,221,wt_med,-0.008151067617248486,-0.010084934532642365,-0.006306889653205872,8,all
10,UC2/UC3,Spearman of slots within ride-day,prod_served,0.41359376798670955,0.4097528710961342,0.41679797470569613,131503.0,10697,221,wt_med,0.0031942404203838537,0.0008308053016662598,0.005507999658584594,8,all
10,UC2/UC3,Spearman of slots within ride-day,wt_med,0.41182254456809503,0.4088641323149204,0.4148112334311008,220973.0,17170,221,wt_med,,,,8,all
14,UC2/UC3,Spearman of slots within ride-day,clim,0.38835010545965726,0.38523971736431123,0.39139191433787346,201873.0,15774,217,wt_med,-0.01829299981516247,-0.019993726909160615,-0.0165730357170105,9,all
14,UC2/UC3,Spearman of slots within ride-day,h5,0.43839342934636205,0.43545488864183424,0.44125684425234796,209956.0,16766,217,wt_med,0.03464097461438431,0.03360420688986778,0.035699643194675446,9,all
14,UC2/UC3,Spearman of slots within ride-day,lvlh5_cbd,0.38224698166232657,0.3788476921617985,0.38577663376927374,122932.0,8860,217,wt_med,-0.019214325572686153,-0.021162952482700347,-0.01728181540966034,9,all
14,UC2/UC3,Spearman of slots within ride-day,lvlh5_naive,0.42376645852054784,0.4208421640098095,0.42657212242484094,205399.0,15641,217,wt_med,0.014104751104788094,0.012670361250638962,0.01548573598265648,9,all
14,UC2/UC3,Spearman of slots within ride-day,lvlh5_tft,0.3911574860773484,0.3878515914082527,0.3945664495229721,153558.0,11283,217,wt_med,-0.005289780107859465,-0.0071792550384998325,-0.003463885188102722,9,all
14,UC2/UC3,Spearman of slots within ride-day,prod_served,0.4112533188796712,0.40770268365740775,0.4146557703614235,126326.0,10293,217,wt_med,0.009408713060830465,0.007035735249519348,0.011911839991807938,9,all
14,UC2/UC3,Spearman of slots within ride-day,wt_med,0.40377055314742366,0.40095824748277664,0.4066941477358341,215747.0,16761,217,wt_med,,,,9,all
21,UC2/UC3,Spearman of slots within ride-day,clim,0.381530159591716,0.3784438356757164,0.38457834124565127,194200.0,15201,210,wt_med,-0.015121673068084152,-0.01670730859041214,-0.013439567387104036,10,all
21,UC2/UC3,Spearman of slots within ride-day,h5,0.4306034647797289,0.4275188885629177,0.4335865989327431,201928.0,16064,210,wt_med,0.03624561110036134,0.035161863267421725,0.03751414865255356,10,all
21,UC2/UC3,Spearman of slots within ride-day,lvlh5_cbd,0.37582486341306176,0.3719018526375294,0.3795702114701271,113040.0,8049,210,wt_med,-0.015932703146354865,-0.017934173345565796,-0.01394517794251442,10,all
21,UC2/UC3,Spearman of slots within ride-day,lvlh5_naive,0.4171549574140462,0.41411541774868965,0.4201331377029419,196100.0,14912,210,wt_med,0.016235281770546228,0.014723657071590424,0.0176628440618515,10,all
21,UC2/UC3,Spearman of slots within ride-day,lvlh5_tft,0.3832385536764279,0.37962392792105676,0.3866434931755066,143285.0,10444,210,wt_med,-0.002030031770731633,-0.004160254448652268,7.409378886222814e-05,10,all
21,UC2/UC3,Spearman of slots within ride-day,prod_served,0.40742236238769264,0.4037280797958374,0.41096152514219286,118070.0,9651,210,wt_med,0.01766171194755295,0.015191735327243805,0.020161115378141404,10,all
21,UC2/UC3,Spearman of slots within ride-day,wt_med,0.39442244784837266,0.3913733437657356,0.39737385883927345,207308.0,16061,210,wt_med,,,,10,all
30,UC2/UC3,Spearman of slots within ride-day,clim,0.3724930335094885,0.3691795997321606,0.37572037652134893,183245.0,14398,201,wt_med,-0.013511562037533564,-0.01537947654724121,-0.011680351942777634,11,all
30,UC2/UC3,Spearman of slots within ride-day,h5,0.4210290773884331,0.41812883093953135,0.4238667353987694,191004.0,15173,201,wt_med,0.03748836638970965,0.036226043850183486,0.0387974813580513,11,all
30,UC2/UC3,Spearman of slots within ride-day,lvlh5_cbd,0.3699287657264977,0.3659130625426769,0.3739794366061687,100735.0,7070,201,wt_med,-0.012066668941603298,-0.014285717159509659,-0.009756101667881012,11,all
30,UC2/UC3,Spearman of slots within ride-day,lvlh5_naive,0.4085865165183208,0.40558454394340515,0.4115798071026802,186171.0,14157,201,wt_med,0.018143482583784565,0.016627953201532365,0.01962735652923584,11,all
30,UC2/UC3,Spearman of slots within ride-day,lvlh5_tft,0.37974499056345384,0.3755419261753559,0.38403601869940757,108483.0,7807,201,wt_med,0.0013718232830128296,-0.0010586626827716827,0.0037753768265247336,11,all
30,UC2/UC3,Spearman of slots within ride-day,prod_served,0.4035884472596302,0.39949309453368187,0.4076550558209419,95807.0,7812,201,wt_med,0.023593624238660516,0.02071524187922478,0.026473990082740782,11,all
30,UC2/UC3,Spearman of slots within ride-day,wt_med,0.38363733670619515,0.3805934824049473,0.3865340933203697,196194.0,15164,201,wt_med,,,,11,all
45,UC2/UC3,Spearman of slots within ride-day,clim,0.36587778972954105,0.3623592764139175,0.3695757485926151,164937.0,13079,186,wt_med,-0.008027545453613782,-0.009999126940965653,-0.00613894984126091,12,all
45,UC2/UC3,Spearman of slots within ride-day,h5,0.40908082621891073,0.4060248449444771,0.412408372759819,174626.0,13889,186,wt_med,0.038638055891643264,0.03732871115207672,0.0400275744497776,12,all
45,UC2/UC3,Spearman of slots within ride-day,lvlh5_cbd,0.3406237200961105,0.33351068049669264,0.3481916874647141,26790.0,2101,186,wt_med,-0.0109327534927669,-0.014293276518583298,-0.0077947482466697695,12,all
45,UC2/UC3,Spearman of slots within ride-day,lvlh5_naive,0.3994787248314626,0.39611655548214914,0.40274463519454,167789.0,12816,186,wt_med,0.02000111926301079,0.01846001073718071,0.02162042260169983,12,all
45,UC2/UC3,Spearman of slots within ride-day,lvlh5_tft,0.3742036529094032,0.36950450018048286,0.3793781533837318,71694.0,5324,186,wt_med,0.0017163230620727554,-0.0011249929666519165,0.004867348819971084,12,all
45,UC2/UC3,Spearman of slots within ride-day,prod_served,0.3969286043566803,0.39205854535102846,0.4019579507410526,64850.0,5360,186,wt_med,0.023248380692149184,0.019623064249753953,0.026713503897190093,12,all
45,UC2/UC3,Spearman of slots within ride-day,wt_med,0.3706174827139739,0.36731006056070326,0.37414115741848947,179010.0,13861,186,wt_med,,,,12,all
60,UC2/UC3,Spearman of slots within ride-day,clim,0.36696495392228734,0.36323009580373766,0.3707031548023224,145816.0,11727,171,clim,,,,13,all
60,UC2/UC3,Spearman of slots within ride-day,h5,0.4016479531191017,0.39832125082612035,0.40519263222813606,155557.0,12454,171,clim,0.03816750731761509,0.03619655296206474,0.04036009386181831,13,all
60,UC2/UC3,Spearman of slots within ride-day,lvlh5_naive,0.39343340096465973,0.39008443206548693,0.3969708912074566,148241.0,11358,171,clim,0.018547792190061085,0.01619592010974884,0.02081348896026611,13,all
60,UC2/UC3,Spearman of slots within ride-day,lvlh5_tft,0.3093509357033384,0.2669576659798622,0.349207242578268,496.0,88,171,clim,-0.0851988119349279,-0.13330307379364967,-0.042378016561269764,13,all
60,UC2/UC3,Spearman of slots within ride-day,prod_served,0.3737050716277723,0.3355082616209984,0.41078525930643084,380.0,74,171,clim,0.003300042255209412,-0.03620146661996841,0.03731123358011244,13,all
60,UC2/UC3,Spearman of slots within ride-day,wt_med,0.3627801333516581,0.3592562392354012,0.3663981772959232,159406.0,12442,171,clim,-0.0009796822993793364,-0.0029979221522808074,0.0008254505693912505,13,all
90,UC2/UC3,Spearman of slots within ride-day,clim,0.3574204673614984,0.3533083893358707,0.36134212017059325,110840.0,9129,141,wt_med,-0.006857004042993886,-0.009191550314426422,-0.0046352967619895935,14,all
90,UC2/UC3,Spearman of slots within ride-day,h5,0.4001174256771237,0.39609970673918726,0.40386574491858485,120680.0,9697,141,wt_med,0.03905429058799442,0.03760881051421165,0.040727336704730985,14,all
90,UC2/UC3,Spearman of slots within ride-day,lvlh5_naive,0.3918959599710534,0.38801959753036497,0.3959265574812889,114594.0,8805,141,wt_med,0.019080458587548144,0.017310971021652223,0.021052995324134828,14,all
90,UC2/UC3,Spearman of slots within ride-day,wt_med,0.36113994344689454,0.35723349526524545,0.3651944763958454,123497.0,9693,141,wt_med,,,,14,all
0,UC3,dayPeak abs error (min),clim,9.659717232394215,9.549145483970642,9.772763133049011,329281.0,17916,231,wt_med,0.6254134420320199,0.5773756265640259,0.6660642623901367,0,all
0,UC3,dayPeak abs error (min),h5,9.278522980577927,9.167640280723571,9.384089851379395,354854.0,19249,231,wt_med,0.15869110038864598,0.14679498672485353,0.1710587501525879,0,all
0,UC3,dayPeak abs error (min),lvlh5_cbd,13.758917559765328,13.580863523483277,13.953862261772155,203700.0,11104,231,wt_med,4.711346436483407,4.5830748081207275,4.828266859054565,0,all
0,UC3,dayPeak abs error (min),lvlh5_naive,9.46479401376192,9.358084774017334,9.569113564491271,330056.0,18068,231,wt_med,0.38207138599891266,0.33652439117431643,0.42996444702148434,0,all
0,UC3,dayPeak abs error (min),lvlh5_tft,8.748602170460112,8.634459400177002,8.862035465240478,249021.0,13594,231,wt_med,-0.18781153260741235,-0.25657153129577637,-0.11461591720581057,0,all
0,UC3,dayPeak abs error (min),snaive7,9.90107335205631,9.776733779907227,10.026892590522767,315833.0,18055,231,wt_med,0.8194131109114089,0.7253236055374146,0.9193278312683105,0,all
0,UC3,dayPeak abs error (min),wt_med,9.118089210009451,9.010234045982362,9.220425367355347,353346.0,19210,231,wt_med,,,,0,all
1,UC3,dayPeak abs error (min),clim,9.68500157333097,9.567680096626281,9.796382617950439,327331.0,17825,230,wt_med,0.5186401258353204,0.4769157648086548,0.5588093519210815,1,all
1,UC3,dayPeak abs error (min),h5,9.413549619539758,9.30534806251526,9.514703941345214,352205.0,19105,230,wt_med,0.15108194956637178,0.13854467868804932,0.16366658210754395,1,all
1,UC3,dayPeak abs error (min),lvlh5_cbd,13.686391666448454,13.506978845596313,13.867366695404053,200499.0,10930,230,wt_med,4.483827384804387,4.368289732933045,4.598205256462097,1,all
1,UC3,dayPeak abs error (min),lvlh5_naive,9.469378608318715,9.35994040966034,9.57028923034668,329430.0,18031,230,wt_med,0.25434729026590297,0.2060999870300293,0.2971681594848633,1,all
1,UC3,dayPeak abs error (min),lvlh5_tft,8.968424496977933,8.846662950515746,9.080948305130004,246422.0,13443,230,wt_med,-0.08861441452880214,-0.1633462429046631,-0.014582705497741702,1,all
1,UC3,dayPeak abs error (min),snaive7,9.900318362273437,9.774986958503723,10.016646385192871,315364.0,18024,230,wt_med,0.6843953970403653,0.584455919265747,0.7816064357757568,1,all
1,UC3,dayPeak abs error (min),wt_med,9.261420216042342,9.153916668891906,9.358362746238708,350672.0,19065,230,wt_med,,,,1,all
2,UC3,dayPeak abs error (min),clim,9.701363478506735,9.598740315437317,9.81098747253418,325381.0,17737,229,wt_med,0.4837799980726398,0.4406938076019287,0.5292406797409057,2,all
2,UC3,dayPeak abs error (min),h5,9.462817748800274,9.361640143394471,9.56852707862854,350080.0,18996,229,wt_med,0.14775955034646238,0.13489234447479248,0.16053528785705568,2,all
2,UC3,dayPeak abs error (min),lvlh5_cbd,13.669582332555306,13.481504249572755,13.857933044433594,197213.0,10761,229,wt_med,4.406194716849008,4.285260128974914,4.530682110786438,2,all
2,UC3,dayPeak abs error (min),lvlh5_naive,9.46704336589056,9.364829230308533,9.577607893943787,328773.0,17990,229,wt_med,0.20238664715086507,0.1546273946762085,0.248915958404541,2,all
2,UC3,dayPeak abs error (min),lvlh5_tft,9.075853867445643,8.951993823051453,9.187047529220582,244217.0,13332,229,wt_med,-0.029896778021546666,-0.10403585433959961,0.041012620925903305,2,all
2,UC3,dayPeak abs error (min),snaive7,9.898161943397005,9.781976628303529,10.011258006095886,314789.0,17985,229,wt_med,0.6294782608872005,0.5334664344787597,0.7270602226257324,2,all
2,UC3,dayPeak abs error (min),wt_med,9.31432975817466,9.215099310874939,9.419904732704163,348516.0,18958,229,wt_med,,,,2,all
3,UC3,dayPeak abs error (min),clim,9.724708430471644,9.613593125343323,9.828896117210387,323422.0,17632,228,wt_med,0.46520576653084866,0.421358323097229,0.5086902141571045,3,all
3,UC3,dayPeak abs error (min),h5,9.503275308771466,9.39519398212433,9.606318187713622,347992.0,18876,228,wt_med,0.1455368862396238,0.1324434757232666,0.1590811014175415,3,all
3,UC3,dayPeak abs error (min),lvlh5_cbd,13.688415199728597,13.508192753791809,13.86997447013855,195344.0,10652,228,wt_med,4.380551175637505,4.270014476776123,4.504349708557129,3,all
3,UC3,dayPeak abs error (min),lvlh5_naive,9.469814700693522,9.360732221603394,9.574966478347779,327993.0,17941,228,wt_med,0.16028864457842218,0.1128577470779419,0.20607857704162597,3,all
3,UC3,dayPeak abs error (min),lvlh5_tft,9.184105133473377,9.064009070396423,9.304664802551269,242122.0,13211,228,wt_med,0.037001815538411975,-0.037426114082336426,0.11235861778259276,3,all
3,UC3,dayPeak abs error (min),prod_served,8.506143964284593,8.383060312271118,8.622511410713196,223097.0,11824,228,wt_med,-0.5233158981260821,-0.6147231340408326,-0.4397445678710938,3,all
3,UC3,dayPeak abs error (min),snaive7,9.898929801881206,9.773944807052612,10.02501139640808,314054.0,17939,228,wt_med,0.5862498319075904,0.47945499420166016,0.6862227439880371,3,all
3,UC3,dayPeak abs error (min),wt_med,9.357235060818963,9.24997856616974,9.459178805351257,346438.0,18839,228,wt_med,,,,3,all
4,UC3,dayPeak abs error (min),clim,9.740733115851212,9.632307076454163,9.860245060920715,321559.0,17529,227,wt_med,0.4526471397166585,0.40964484214782715,0.49989449977874756,4,all
4,UC3,dayPeak abs error (min),h5,9.535180139759495,9.42966959476471,9.642415857315063,346023.0,18763,227,wt_med,0.14393862098993893,0.13049912452697754,0.1572258949279785,4,all
4,UC3,dayPeak abs error (min),lvlh5_cbd,13.71386545409002,13.531729555130005,13.911421370506286,193410.0,10539,227,wt_med,4.354540340932223,4.232307124137878,4.475853633880615,4,all
4,UC3,dayPeak abs error (min),lvlh5_naive,9.466442858157308,9.353994536399842,9.57546353340149,327256.0,17895,227,wt_med,0.11920182180472416,0.07004654407501221,0.168900728225708,4,all
4,UC3,dayPeak abs error (min),lvlh5_tft,9.228925455419366,9.115611600875855,9.351854467391968,239972.0,13093,227,wt_med,0.036966184295184945,-0.039479613304138184,0.10257124900817871,4,all
4,UC3,dayPeak abs error (min),prod_served,8.568535087163808,8.448330783843994,8.69386866092682,221078.0,11721,227,wt_med,-0.5054184411423304,-0.5925602912902832,-0.4223057508468628,4,all
4,UC3,dayPeak abs error (min),snaive7,9.892043822641485,9.768485045433044,10.01772437095642,313354.0,17894,227,wt_med,0.5406883655154715,0.43804421424865725,0.6395434617996215,4,all
4,UC3,dayPeak abs error (min),wt_med,9.390706235520227,9.286176633834838,9.49791760444641,344446.0,18721,227,wt_med,,,,4,all
5,UC3,dayPeak abs error (min),clim,9.763131959214313,9.655006551742554,9.8730299949646,319720.0,17414,226,wt_med,0.4415809435086562,0.39453902244567873,0.48603594303131104,5,all
5,UC3,dayPeak abs error (min),h5,9.570805546755563,9.472289085388184,9.6857177734375,344066.0,18649,226,wt_med,0.1408803826122611,0.12666120529174804,0.15453381538391112,5,all
5,UC3,dayPeak abs error (min),lvlh5_cbd,13.734718900761795,13.560617828369141,13.929373359680175,191428.0,10419,226,wt_med,4.321999917843705,4.207602071762085,4.448340678215027,5,all
5,UC3,dayPeak abs error (min),lvlh5_naive,9.467466096517777,9.366872024536132,9.58320209980011,326653.0,17859,226,wt_med,0.08279959160602601,0.02944498062133789,0.13035111427307125,5,all
5,UC3,dayPeak abs error (min),lvlh5_tft,9.329491755913603,9.199443674087524,9.46241557598114,237667.0,12961,226,wt_med,0.09483473850572288,0.023784112930297852,0.17136008739471434,5,all
5,UC3,dayPeak abs error (min),prod_served,8.679338469336962,8.5578932762146,8.810096907615662,218977.0,11602,226,wt_med,-0.4290026226026882,-0.5152533292770386,-0.3447948694229126,5,all
5,UC3,dayPeak abs error (min),snaive7,9.888797959196722,9.779217076301574,10.016937017440796,312818.0,17860,226,wt_med,0.4987401618909395,0.40136353969573973,0.5995808362960815,5,all
5,UC3,dayPeak abs error (min),wt_med,9.429890588637221,9.334969878196716,9.540035629272461,342469.0,18611,226,wt_med,,,,5,all
6,UC3,dayPeak abs error (min),clim,9.796258149328084,9.694028854370117,9.910653138160706,317971.0,17308,225,wt_med,0.4023947996295636,0.35712299346923826,0.4487913131713867,6,all
6,UC3,dayPeak abs error (min),h5,9.642836088784541,9.540759754180907,9.746541571617126,342019.0,18531,225,wt_med,0.13792095063750587,0.12392756938934327,0.15127809047698973,6,all
6,UC3,dayPeak abs error (min),lvlh5_cbd,14.25074761902679,14.068164777755737,14.43987021446228,189352.0,10294,225,wt_med,4.738386495056723,4.6203128576278685,4.863988375663757,6,all
6,UC3,dayPeak abs error (min),lvlh5_naive,9.478573574212279,9.370279169082641,9.583903646469116,325992.0,17817,225,wt_med,0.020801755794847665,-0.03077998161315918,0.0714455604553222,6,all
6,UC3,dayPeak abs error (min),lvlh5_tft,9.473111795808194,9.342602729797363,9.59915096759796,235173.0,12821,225,wt_med,0.15711525309364305,0.0815117359161377,0.23824920654296872,6,all
6,UC3,dayPeak abs error (min),prod_served,8.785800530381644,8.656779527664185,8.908387851715087,216825.0,11489,225,wt_med,-0.39052558257840175,-0.4764494180679321,-0.30118598937988283,6,all
6,UC3,dayPeak abs error (min),snaive7,9.885611948519404,9.762652039527893,10.00551242828369,312273.0,17827,225,wt_med,0.4172854517096525,0.3122737169265747,0.5179171085357666,6,all
6,UC3,dayPeak abs error (min),wt_med,9.50500752082917,9.40713129043579,9.606701517105103,340388.0,18497,225,wt_med,,,,6,all
7,UC3,dayPeak abs error (min),clim,9.829026559030261,9.71314079761505,9.946229290962219,316126.0,17213,224,wt_med,0.2990573379491881,0.2520099401473999,0.3469802141189575,7,all
7,UC3,dayPeak abs error (min),h5,9.781720901886848,9.662728548049927,9.889037346839904,339455.0,18390,224,wt_med,0.13490341358361846,0.12173428535461425,0.1485426425933838,7,all
7,UC3,dayPeak abs error (min),lvlh5_cbd,14.42533328015175,14.21754469871521,14.627524185180665,187047.0,10148,224,wt_med,4.7639547496866665,4.633979988098145,4.8928605079650875,7,all
7,UC3,dayPeak abs error (min),lvlh5_naive,9.983338653070154,9.86634545326233,10.090482258796692,314049.0,17178,224,wt_med,0.4217793753449044,0.3758482217788696,0.4713207006454468,7,all
7,UC3,dayPeak abs error (min),lvlh5_tft,9.740793457223292,9.603592729568481,9.863210296630859,232515.0,12665,224,wt_med,0.2797642230685842,0.20243637561798095,0.3641819953918457,7,all
7,UC3,dayPeak abs error (min),prod_served,9.123393632281983,8.987857580184937,9.251536989212036,214708.0,11384,224,wt_med,-0.18796868455783056,-0.27765369415283203,-0.09411084651947023,7,all
7,UC3,dayPeak abs error (min),wt_med,9.646327027195035,9.529464721679688,9.749505233764648,337819.0,18352,224,wt_med,,,,7,all
10,UC3,dayPeak abs error (min),clim,9.88260710769013,9.772387433052064,9.986840057373048,310762.0,16946,221,wt_med,0.22573848322467605,0.17858583927154542,0.2736715078353882,8,all
10,UC3,dayPeak abs error (min),h5,9.90335953989183,9.793181777000427,10.013232469558716,333552.0,18059,221,wt_med,0.1279783587435599,0.11473767757415772,0.14211456775665282,8,all
10,UC3,dayPeak abs error (min),lvlh5_cbd,14.55286750871182,14.355878710746765,14.742717504501343,180854.0,9785,221,wt_med,4.703085272847661,4.566224837303162,4.841309380531311,8,all
10,UC3,dayPeak abs error (min),lvlh5_naive,10.003016690943948,9.888737010955811,10.116201591491699,312049.0,17052,221,wt_med,0.2992869054602636,0.2513772964477539,0.3446363925933838,8,all
10,UC3,dayPeak abs error (min),lvlh5_tft,9.94931950835094,9.812944316864014,10.084941005706787,226233.0,12303,221,wt_med,0.33134984177324256,0.25250346660614015,0.4105291366577148,8,all
10,UC3,dayPeak abs error (min),prod_served,9.368970130782353,9.235878396034241,9.495031571388244,209279.0,11099,221,wt_med,-0.09644456689619751,-0.1852855920791626,-0.001758050918579109,8,all
10,UC3,dayPeak abs error (min),wt_med,9.77502033745104,9.67016282081604,9.881229710578918,331900.0,18015,221,wt_med,,,,8,all
14,UC3,dayPeak abs error (min),clim,9.971307690789864,9.861090874671936,10.085381174087525,304078.0,16552,217,wt_med,0.13251295045361644,0.0865469217300415,0.18055901527404786,9,all
14,UC3,dayPeak abs error (min),h5,10.093796373973218,9.989021468162537,10.205147457122802,326018.0,17633,217,wt_med,0.12280866003622393,0.10852572917938233,0.13686826229095458,9,all
14,UC3,dayPeak abs error (min),lvlh5_cbd,14.731748306544608,14.514382028579712,14.941485381126403,172463.0,9268,217,wt_med,4.627688067760921,4.480605745315552,4.752551770210266,9,all
14,UC3,dayPeak abs error (min),lvlh5_naive,10.358388656100429,10.247378087043762,10.466355657577514,299289.0,16332,217,wt_med,0.5020782106431927,0.4523240327835083,0.5518809795379639,9,all
14,UC3,dayPeak abs error (min),lvlh5_tft,10.268807955965668,10.14105019569397,10.406842684745788,217065.0,11771,217,wt_med,0.41186393248132624,0.3243194818496704,0.49100811481475826,9,all
14,UC3,dayPeak abs error (min),prod_served,9.755758310438537,9.62211833000183,9.898331022262573,201283.0,10672,217,wt_med,0.061279727484169655,-0.031015610694885253,0.15666613578796384,9,all
14,UC3,dayPeak abs error (min),wt_med,9.97033238143993,9.867156910896302,10.078197073936462,324266.0,17586,217,wt_med,,,,9,all
21,UC3,dayPeak abs error (min),clim,10.080536543339873,9.965871095657349,10.191896295547485,292502.0,15940,210,clim,,,,10,all
21,UC3,dayPeak abs error (min),h5,10.283831751989046,10.16413905620575,10.403480577468873,313341.0,16868,210,clim,0.08901377655122467,0.03521761894226074,0.1388583660125732,10,all
21,UC3,dayPeak abs error (min),lvlh5_cbd,14.86092871668826,14.636914849281311,15.078618621826172,158365.0,8408,210,clim,4.475532735141682,4.335009980201721,4.610807728767395,10,all
21,UC3,dayPeak abs error (min),lvlh5_naive,10.639636756999202,10.517680144309997,10.758192491531371,285692.0,15552,210,clim,0.5469526598663226,0.4758810520172119,0.6169113397598266,10,all
21,UC3,dayPeak abs error (min),lvlh5_tft,10.54787915862888,10.405199480056762,10.692405843734742,202174.0,10879,210,clim,0.3810427008153816,0.28118760585784913,0.47793192863464345,10,all
21,UC3,dayPeak abs error (min),prod_served,10.133841542802786,9.994738340377808,10.277914571762086,188177.0,10007,210,clim,0.11815222928105129,0.005759453773498536,0.22904074192047114,10,all
21,UC3,dayPeak abs error (min),wt_med,10.185587508425073,10.065428161621094,10.301361179351806,311570.0,16830,210,clim,-0.009800809090682705,-0.05912890434265137,0.03784551620483398,10,all
30,UC3,dayPeak abs error (min),clim,10.168352124891587,10.05300850868225,10.298964428901673,276720.0,15082,201,clim,,,,11,all
30,UC3,dayPeak abs error (min),h5,10.412454389078611,10.30342357158661,10.539237213134765,297215.0,15916,201,clim,0.1231038079259239,0.06591615676879883,0.17418787479400635,11,all
30,UC3,dayPeak abs error (min),lvlh5_cbd,15.023023812391253,14.78663866519928,15.26133165359497,141200.0,7369,201,clim,4.5390847161517165,4.384203672409058,4.694074392318726,11,all
30,UC3,dayPeak abs error (min),lvlh5_naive,10.742453915290257,10.627481365203858,10.871348309516907,271345.0,14753,201,clim,0.5788377398430846,0.5034089088439941,0.6508225202560425,11,all
30,UC3,dayPeak abs error (min),lvlh5_tft,11.028227780512385,10.858460330963135,11.20162055492401,152323.0,8183,201,clim,0.6011039707935772,0.48111834526062014,0.7156542539596558,11,all
30,UC3,dayPeak abs error (min),prod_served,10.920206551769503,10.754992461204528,11.098731350898742,152020.0,8125,201,clim,0.5618146446761472,0.432035493850708,0.7015185832977295,11,all
30,UC3,dayPeak abs error (min),wt_med,10.33434504954516,10.22710440158844,10.456871795654298,295488.0,15879,201,clim,0.05018945510130379,-0.004504203796386718,0.10853054523468014,11,all
45,UC3,dayPeak abs error (min),clim,10.171994952928662,10.048119521141052,10.308541202545166,250046.0,13712,186,clim,,,,12,all
45,UC3,dayPeak abs error (min),h5,10.438991582978442,10.315157079696656,10.571183824539185,271444.0,14531,186,clim,0.09458155903446652,0.03617801666259766,0.15639877319335938,12,all
45,UC3,dayPeak abs error (min),lvlh5_cbd,15.905548044469949,15.476449561119079,16.33434329032898,36205.0,2215,186,clim,3.941043351302568,3.628897261619568,4.260016560554504,12,all
45,UC3,dayPeak abs error (min),lvlh5_naive,10.827438566604991,10.702470016479491,10.955242538452149,244423.0,13332,186,clim,0.652270522648962,0.5747231721878052,0.7338185548782349,12,all
45,UC3,dayPeak abs error (min),lvlh5_tft,11.201698217377793,10.977625560760497,11.389866065979003,102054.0,5589,186,clim,0.6847468121216007,0.5398126125335694,0.8296168327331543,12,all
45,UC3,dayPeak abs error (min),prod_served,11.47857308092686,11.246991896629334,11.6836341381073,103748.0,5614,186,clim,0.9475532348993241,0.7819616317749023,1.107407021522522,12,all
45,UC3,dayPeak abs error (min),wt_med,10.38426127094765,10.263813352584839,10.516729426383971,269720.0,14506,186,clim,0.040907102579163634,-0.016976356506347656,0.09762737751007078,12,all
60,UC3,dayPeak abs error (min),clim,10.151437872911023,10.020791792869568,10.273114490509034,222238.0,12326,171,clim,,,,13,all
60,UC3,dayPeak abs error (min),h5,10.51887947516923,10.384832096099853,10.65076835155487,242421.0,13076,171,clim,0.1667692320610108,0.10579612255096436,0.22750766277313228,13,all
60,UC3,dayPeak abs error (min),lvlh5_naive,10.93468913921934,10.80285394191742,11.07413227558136,216482.0,11818,171,clim,0.7853741696694314,0.6959609746932983,0.8673265695571899,13,all
60,UC3,dayPeak abs error (min),lvlh5_tft,5.299913784999044,3.704569882154465,7.423880195617675,1275.0,172,171,clim,-1.5064401175087054,-3.015417754650116,0.1504046320915216,13,all
60,UC3,dayPeak abs error (min),prod_served,5.29867659222498,3.677378410100937,7.425583207607269,1209.0,167,171,clim,-1.5651124816867954,-3.149788182973862,0.1033024191856381,13,all
60,UC3,dayPeak abs error (min),wt_med,10.482421076680236,10.355560612678527,10.60888147354126,240740.0,13035,171,clim,0.1335567015253165,0.07495629787445068,0.1919455289840698,13,all
90,UC3,dayPeak abs error (min),clim,10.240197805055345,10.088195824623108,10.390334320068359,169207.0,9611,141,clim,,,,14,all
90,UC3,dayPeak abs error (min),h5,10.391505515126369,10.238695240020752,10.544584369659423,187983.0,10193,141,clim,-0.07284134009247012,-0.13636553287506104,-0.008337712287902832,14,all
90,UC3,dayPeak abs error (min),lvlh5_naive,10.914731197962467,10.761812210083008,11.076408743858337,166737.0,9166,141,clim,0.6479856688504917,0.5465374231338501,0.75390145778656,14,all
90,UC3,dayPeak abs error (min),wt_med,10.361601428066,10.208417630195617,10.51417875289917,186546.0,10179,141,clim,-0.09583904087819484,-0.15987212657928468,-0.03446617126464844,14,all
0,D5,first-hour MAE (opening-aligned),clim,4.547944190687726,4.4713793158531185,4.621826982498169,789689.0,15915,231,wt_med,0.30096317919696247,0.27469940185546876,0.3288674831390381,0,all
0,D5,first-hour MAE (opening-aligned),h5,4.1037104397135264,4.0391916871070865,4.163707256317139,875752.0,17581,231,wt_med,-0.16537089498936997,-0.18714805841445922,-0.14358150959014893,0,all
0,D5,first-hour MAE (opening-aligned),lvlh5_cbd,3.9799023489725815,3.9015938460826876,4.056738221645356,486170.0,9915,231,wt_med,-0.20595082800850006,-0.24145697355270385,-0.17375298142433168,0,all
0,D5,first-hour MAE (opening-aligned),lvlh5_naive,4.1037104397135264,4.0391916871070865,4.163707256317139,875752.0,17581,231,wt_med,-0.16537089498936997,-0.18714805841445922,-0.14358150959014893,0,all
0,D5,first-hour MAE (opening-aligned),lvlh5_tft,3.864588616261614,3.7986400723457336,3.9327584505081177,591528.0,12163,231,wt_med,-0.200133466796534,-0.23194809556007384,-0.17331525683403015,0,all
0,D5,first-hour MAE (opening-aligned),snaive7,5.011965599606982,4.925950694084167,5.099842000007629,708364.0,15747,231,wt_med,0.7554524386359223,0.6977800369262696,0.8128694295883179,0,all
0,D5,first-hour MAE (opening-aligned),wt_med,4.263704772596143,4.194617664813995,4.333000683784485,861397.0,17382,231,wt_med,,,,0,all
1,D5,first-hour MAE (opening-aligned),clim,4.562761500938852,4.488773286342621,4.63473961353302,783936.0,15820,230,wt_med,0.25194778342445723,0.22447288036346436,0.28041428327560425,1,all
1,D5,first-hour MAE (opening-aligned),h5,4.164898426936839,4.104060184955597,4.223016083240509,869768.0,17465,230,wt_med,-0.17509760643810424,-0.19636367559432982,-0.15344313383102418,1,all
1,D5,first-hour MAE (opening-aligned),lvlh5_cbd,4.047327449735494,3.9701817274093627,4.127089953422546,478817.0,9775,230,wt_med,-0.2167439336548842,-0.2545283555984497,-0.1788742184638977,1,all
1,D5,first-hour MAE (opening-aligned),lvlh5_naive,4.164898426936839,4.104060184955597,4.223016083240509,869768.0,17465,230,wt_med,-0.17509760643810424,-0.19636367559432982,-0.15344313383102418,1,all
1,D5,first-hour MAE (opening-aligned),lvlh5_tft,3.9111000663679825,3.844450956583023,3.9816519260406493,586126.0,12049,230,wt_med,-0.20910378130119556,-0.2403216004371643,-0.18041524291038513,1,all
1,D5,first-hour MAE (opening-aligned),snaive7,5.008573610305867,4.92361958026886,5.09905081987381,707170.0,15722,230,wt_med,0.6879681564839464,0.6341011166572571,0.7478398680686951,1,all
1,D5,first-hour MAE (opening-aligned),wt_med,4.334912219101124,4.271576333045959,4.3997523188591,854400.0,17246,230,wt_med,,,,1,all
2,D5,first-hour MAE (opening-aligned),clim,4.575289644696514,4.50189106464386,4.64928412437439,778799.0,15731,229,wt_med,0.2363053748066557,0.2073534369468689,0.26423689126968386,2,all
2,D5,first-hour MAE (opening-aligned),h5,4.186902913884312,4.124771821498871,4.250189852714539,864825.0,17362,229,wt_med,-0.18035033912991505,-0.203741455078125,-0.15818001031875611,2,all
2,D5,first-hour MAE (opening-aligned),lvlh5_cbd,4.070200555261766,3.9934387803077698,4.154496693611145,472750.0,9624,229,wt_med,-0.22123478499448357,-0.2599984765052795,-0.1857057571411133,2,all
2,D5,first-hour MAE (opening-aligned),lvlh5_naive,4.186902913884312,4.124771821498871,4.250189852714539,864825.0,17362,229,wt_med,-0.18035033912991505,-0.203741455078125,-0.15818001031875611,2,all
2,D5,first-hour MAE (opening-aligned),lvlh5_tft,3.9319260263981324,3.863189959526062,4.002040982246399,581329.0,11942,229,wt_med,-0.21491480502399485,-0.24629026055335998,-0.18392741680145264,2,all
2,D5,first-hour MAE (opening-aligned),snaive7,5.006695071718742,4.917696595191956,5.086689889431,705743.0,15687,229,wt_med,0.659215631471727,0.605583393573761,0.717842948436737,2,all
2,D5,first-hour MAE (opening-aligned),wt_med,4.363755055099405,4.295428061485291,4.4359009742736815,848648.0,17130,229,wt_med,,,,2,all
3,D5,first-hour MAE (opening-aligned),clim,4.583307168818617,4.504943311214447,4.658184778690338,773949.0,15638,228,wt_med,0.2249638954980746,0.19874403476715088,0.2533124089241028,3,all
3,D5,first-hour MAE (opening-aligned),h5,4.203069545807634,4.134604811668396,4.2661337614059445,859944.0,17257,228,wt_med,-0.18346608066709713,-0.20520386695861817,-0.16094648838043213,3,all
3,D5,first-hour MAE (opening-aligned),lvlh5_cbd,4.091589949612602,4.008096325397491,4.17450076341629,468768.0,9524,228,wt_med,-0.22805607938845096,-0.26570011377334596,-0.19007118940353393,3,all
3,D5,first-hour MAE (opening-aligned),lvlh5_naive,4.203069545807634,4.134604811668396,4.2661337614059445,859944.0,17257,228,wt_med,-0.18346608066709713,-0.20520386695861817,-0.16094648838043213,3,all
3,D5,first-hour MAE (opening-aligned),lvlh5_tft,3.9499504258994005,3.873283249139786,4.020619976520538,576662.0,11837,228,wt_med,-0.22007990926674426,-0.24829257726669313,-0.1893312692642212,3,all
3,D5,first-hour MAE (opening-aligned),prod_served,5.6965173414557055,5.605310118198394,5.780712819099426,556816.0,11008,228,wt_med,1.5780249307917664,1.5171514868736267,1.6348230957984924,3,all
3,D5,first-hour MAE (opening-aligned),snaive7,5.005996720277157,4.920647382736206,5.095334446430206,703718.0,15646,228,wt_med,0.6381101885494553,0.5759389638900757,0.6922210216522217,3,all
3,D5,first-hour MAE (opening-aligned),wt_med,4.382870703088866,4.3119627118110655,4.450952041149139,843222.0,17016,228,wt_med,,,,3,all
4,D5,first-hour MAE (opening-aligned),clim,4.58810478787422,4.514321255683899,4.6659346461296085,769402.0,15549,227,wt_med,0.21583392001941437,0.18966338634490967,0.24536409378051757,4,all
4,D5,first-hour MAE (opening-aligned),h5,4.214185431032769,4.156045973300934,4.284238576889038,855167.0,17151,227,wt_med,-0.18997500584466653,-0.21380214691162108,-0.1670169234275818,4,all
4,D5,first-hour MAE (opening-aligned),lvlh5_cbd,4.108508438618838,4.0284701704978945,4.193143308162689,464768.0,9428,227,wt_med,-0.23581740715921296,-0.27296326160430906,-0.20024309158325196,4,all
4,D5,first-hour MAE (opening-aligned),lvlh5_naive,4.214185431032769,4.156045973300934,4.284238576889038,855167.0,17151,227,wt_med,-0.18997500584466653,-0.21380214691162108,-0.1670169234275818,4,all
4,D5,first-hour MAE (opening-aligned),lvlh5_tft,3.9623634079252694,3.8981595039367676,4.0381392121315,571867.0,11734,227,wt_med,-0.22776184503162922,-0.25983996987342833,-0.19548222422599792,4,all
4,D5,first-hour MAE (opening-aligned),prod_served,5.727609229347658,5.645346105098724,5.819834518432617,551935.0,10916,227,wt_med,1.589545957708352,1.5318659663200378,1.6496991634368896,4,all
4,D5,first-hour MAE (opening-aligned),snaive7,4.997550678443548,4.913063979148864,5.086615884304047,701827.0,15604,227,wt_med,0.6111093394412928,0.556258499622345,0.6678379654884339,4,all
4,D5,first-hour MAE (opening-aligned),wt_med,4.400337227076972,4.336643075942993,4.475290381908417,838011.0,16913,227,wt_med,,,,4,all
5,D5,first-hour MAE (opening-aligned),clim,4.597674710466352,4.524529254436493,4.675372207164765,764937.0,15448,226,wt_med,0.2057560577440194,0.17882881164550782,0.2334007740020752,5,all
5,D5,first-hour MAE (opening-aligned),h5,4.232055868282973,4.170369446277618,4.30069932937622,850581.0,17048,226,wt_med,-0.19368597533605403,-0.21703938245773316,-0.17093833684921267,5,all
5,D5,first-hour MAE (opening-aligned),lvlh5_cbd,4.130423862278701,4.050253808498383,4.210598993301391,460350.0,9321,226,wt_med,-0.24196076805675304,-0.2811021327972412,-0.20489716529846191,5,all
5,D5,first-hour MAE (opening-aligned),lvlh5_naive,4.232055868282973,4.170369446277618,4.30069932937622,850581.0,17048,226,wt_med,-0.19368597533605403,-0.21703938245773316,-0.17093833684921267,5,all
5,D5,first-hour MAE (opening-aligned),lvlh5_tft,3.9773502106619065,3.9065635979175566,4.050205099582672,567497.0,11631,226,wt_med,-0.23202467058320142,-0.2652774453163147,-0.19849760532379152,5,all
5,D5,first-hour MAE (opening-aligned),prod_served,5.772904182594227,5.687412095069885,5.868892848491669,547531.0,10822,226,wt_med,1.618891322006963,1.5605494976043701,1.6817885756492614,5,all
5,D5,first-hour MAE (opening-aligned),snaive7,4.992615378463639,4.909441912174225,5.080883479118347,700239.0,15572,226,wt_med,0.5861820810283804,0.5282697916030884,0.6438212990760803,5,all
5,D5,first-hour MAE (opening-aligned),wt_med,4.423044321313011,4.355778586864472,4.495013356208801,832895.0,16810,226,wt_med,,,,5,all
6,D5,first-hour MAE (opening-aligned),clim,4.606056819676444,4.537590682506561,4.684354484081268,760300.0,15350,225,wt_med,0.1778172359401342,0.15020583868026732,0.20705121755599973,6,all
6,D5,first-hour MAE (opening-aligned),h5,4.264720249218974,4.204187226295471,4.329574954509735,846003.0,16954,225,wt_med,-0.19881430367807162,-0.22259939908981324,-0.17572907209396363,6,all
6,D5,first-hour MAE (opening-aligned),lvlh5_cbd,4.173301338306275,4.095439708232879,4.261607754230499,455800.0,9220,225,wt_med,-0.24841895679354042,-0.2874667525291443,-0.21199321746826172,6,all
6,D5,first-hour MAE (opening-aligned),lvlh5_naive,4.264720249218974,4.204187226295471,4.329574954509735,846003.0,16954,225,wt_med,-0.19881430367807162,-0.22259939908981324,-0.17572907209396363,6,all
6,D5,first-hour MAE (opening-aligned),lvlh5_tft,4.009973561588511,3.9384741485118866,4.0899890780448915,562061.0,11515,225,wt_med,-0.23779766572245453,-0.2705517470836639,-0.2069633424282074,6,all
6,D5,first-hour MAE (opening-aligned),prod_served,5.739787290153271,5.651416301727295,5.842495727539062,542241.0,10718,225,wt_med,1.5487784239208713,1.4905485033988952,1.6079853415489196,6,all
6,D5,first-hour MAE (opening-aligned),snaive7,4.987096081588835,4.903210949897766,5.078004217147827,698625.0,15541,225,wt_med,0.5408169551223141,0.4797508239746094,0.5966377854347229,6,all
6,D5,first-hour MAE (opening-aligned),wt_med,4.46040266753345,4.392787313461303,4.530200016498566,827581.0,16701,225,wt_med,,,,6,all
7,D5,first-hour MAE (opening-aligned),clim,4.622592324306715,4.549417471885681,4.703563070297241,755137.0,15256,224,wt_med,0.130111778377211,0.10237652063369751,0.156663715839386,7,all
7,D5,first-hour MAE (opening-aligned),h5,4.3209795071141475,4.2543251514434814,4.390623307228088,840438.0,16843,224,wt_med,-0.21101401449404822,-0.23613641262054444,-0.18813512325286866,7,all
7,D5,first-hour MAE (opening-aligned),lvlh5_cbd,4.228600310800656,4.140178453922272,4.3197602987289425,451093.0,9108,224,wt_med,-0.26089966515099405,-0.3001417279243469,-0.22396265268325807,7,all
7,D5,first-hour MAE (opening-aligned),lvlh5_naive,4.3209795071141475,4.2543251514434814,4.390623307228088,840438.0,16843,224,wt_med,-0.21101401449404822,-0.23613641262054444,-0.18813512325286866,7,all
7,D5,first-hour MAE (opening-aligned),lvlh5_tft,4.059491737133922,3.9848148703575133,4.143014597892761,556405.0,11394,224,wt_med,-0.2520981405040592,-0.28996325731277467,-0.22023935317993165,7,all
7,D5,first-hour MAE (opening-aligned),prod_served,5.829611814047517,5.732963192462921,5.93692364692688,537191.0,10619,224,wt_med,1.578684949191313,1.5123222470283508,1.6437491178512573,7,all
7,D5,first-hour MAE (opening-aligned),wt_med,4.530447328162454,4.4602387070655825,4.604874920845032,821008.0,16563,224,wt_med,,,,7,all
10,D5,first-hour MAE (opening-aligned),clim,4.642644435230865,4.5661182522773744,4.713398170471192,740453.0,14988,221,wt_med,0.08414348616499634,0.05574324131011963,0.11219310760498045,8,all
10,D5,first-hour MAE (opening-aligned),h5,4.362874817398202,4.293241536617279,4.428962826728821,826936.0,16555,221,wt_med,-0.22301596125080092,-0.24896633625030518,-0.1990260124206543,8,all
10,D5,first-hour MAE (opening-aligned),lvlh5_cbd,4.299025419276437,4.212411177158356,4.381532120704651,437778.0,8805,221,wt_med,-0.27808091974209326,-0.32031922340393065,-0.23736720085144045,8,all
10,D5,first-hour MAE (opening-aligned),lvlh5_naive,4.362874817398202,4.293241536617279,4.428962826728821,826936.0,16555,221,wt_med,-0.22301596125080092,-0.24896633625030518,-0.1990260124206543,8,all
10,D5,first-hour MAE (opening-aligned),lvlh5_tft,4.116324260845538,4.044322919845581,4.187895810604095,542850.0,11078,221,wt_med,-0.2642995884340129,-0.2995415449142456,-0.23143135309219362,8,all
10,D5,first-hour MAE (opening-aligned),prod_served,5.90977637368406,5.814542734622956,6.003357672691346,523865.0,10354,221,wt_med,1.588130123069786,1.5284568786621093,1.650083303451538,8,all
10,D5,first-hour MAE (opening-aligned),wt_med,4.5874301072867105,4.512421059608459,4.658096265792847,805878.0,16251,221,wt_med,,,,8,all
14,D5,first-hour MAE (opening-aligned),clim,4.696818640080655,4.621498382091522,4.7751757979393,723087.0,14629,217,wt_med,0.06035663865967056,0.030289459228515624,0.08883038759231564,9,all
14,D5,first-hour MAE (opening-aligned),h5,4.437607336077515,4.374070632457733,4.501294887065887,809956.0,16180,217,wt_med,-0.23060165464778404,-0.2552075505256653,-0.2034543752670288,9,all
14,D5,first-hour MAE (opening-aligned),lvlh5_cbd,4.4002849621875955,4.310677313804627,4.48632435798645,419968.0,8388,217,wt_med,-0.29230374608899634,-0.3354736685752869,-0.2505685925483704,9,all
14,D5,first-hour MAE (opening-aligned),lvlh5_naive,4.437607336077515,4.374070632457733,4.501294887065887,809956.0,16180,217,wt_med,-0.23060165464778404,-0.2552075505256653,-0.2034543752670288,9,all
14,D5,first-hour MAE (opening-aligned),lvlh5_tft,4.20579866646508,4.133054673671722,4.280812001228332,522521.0,10633,217,wt_med,-0.2825706736988147,-0.31984448432922363,-0.2476675033569336,9,all
14,D5,first-hour MAE (opening-aligned),prod_served,6.050924110061211,5.952236747741699,6.153642630577087,504810.0,9971,217,wt_med,1.6198931354154817,1.5531781792640686,1.686164677143097,9,all
14,D5,first-hour MAE (opening-aligned),wt_med,4.6662482410233395,4.593161451816559,4.739124572277069,786679.0,15843,217,wt_med,,,,9,all
21,D5,first-hour MAE (opening-aligned),clim,4.769032025389498,4.690391933917999,4.845114576816559,693200.0,14037,210,wt_med,0.043651313269186254,0.015622437000274662,0.07520257234573365,10,all
21,D5,first-hour MAE (opening-aligned),h5,4.509025899915568,4.435496592521668,4.575112402439117,782879.0,15566,210,wt_med,-0.24006019714430504,-0.26477354764938354,-0.21347159147262573,10,all
21,D5,first-hour MAE (opening-aligned),lvlh5_cbd,4.546798414934112,4.447869288921356,4.642413127422333,389069.0,7675,210,wt_med,-0.31786038644821524,-0.3686614274978638,-0.27212483882904054,10,all
21,D5,first-hour MAE (opening-aligned),lvlh5_naive,4.509025899915568,4.435496592521668,4.575112402439117,782879.0,15566,210,wt_med,-0.24006019714430504,-0.26477354764938354,-0.21347159147262573,10,all
21,D5,first-hour MAE (opening-aligned),lvlh5_tft,4.324413153561935,4.2389711260795595,4.407665503025055,490141.0,9885,210,wt_med,-0.305158044572309,-0.34391036033630373,-0.26748964786529544,10,all
21,D5,first-hour MAE (opening-aligned),prod_served,6.210978582861638,6.101601934432983,6.318310034275055,472939.0,9358,210,wt_med,1.6244030236398466,1.556930124759674,1.6953056216239928,10,all
21,D5,first-hour MAE (opening-aligned),wt_med,4.746875997039826,4.669054174423218,4.821709179878235,755361.0,15131,210,wt_med,,,,10,all
30,D5,first-hour MAE (opening-aligned),clim,4.838084293543849,4.763163781166076,4.925871443748474,650465.0,13201,201,wt_med,0.02986348056383914,-0.002279567718505859,0.06250441074371338,11,all
30,D5,first-hour MAE (opening-aligned),h5,4.5731925545752175,4.503973531723022,4.649709153175354,744981.0,14745,201,wt_med,-0.24649421678408157,-0.2731442332267761,-0.22035936117172242,11,all
30,D5,first-hour MAE (opening-aligned),lvlh5_cbd,4.67652452945961,4.574664056301117,4.791305422782898,350395.0,6817,201,wt_med,-0.35012757231234914,-0.40259220600128176,-0.30522980690002444,11,all
30,D5,first-hour MAE (opening-aligned),lvlh5_naive,4.5731925545752175,4.503973531723022,4.649709153175354,744981.0,14745,201,wt_med,-0.24649421678408157,-0.2731442332267761,-0.22035936117172242,11,all
30,D5,first-hour MAE (opening-aligned),lvlh5_tft,4.500660803248254,4.4031208753585815,4.605748438835144,374355.0,7495,201,wt_med,-0.34718764387341583,-0.3956937909126282,-0.29810822010040283,11,all
30,D5,first-hour MAE (opening-aligned),prod_served,6.634692146686482,6.512915635108948,6.764182996749878,385557.0,7640,201,wt_med,1.8009093922018051,1.721612274646759,1.8742408394813537,11,all
30,D5,first-hour MAE (opening-aligned),wt_med,4.817063742616211,4.743101346492767,4.8974532127380375,712710.0,14229,201,wt_med,,,,11,all
45,D5,first-hour MAE (opening-aligned),clim,4.874689034946712,4.786829578876495,4.958197140693665,581657.0,11844,186,wt_med,0.01831853887138024,-0.013816797733306884,0.04887722730636596,12,all
45,D5,first-hour MAE (opening-aligned),h5,4.622378379865722,4.550015544891357,4.694192779064179,681425.0,13495,186,wt_med,-0.24132643019317523,-0.26908470392227174,-0.21344120502471925,12,all
45,D5,first-hour MAE (opening-aligned),lvlh5_cbd,4.534085530550683,4.354101669788361,4.724058139324188,79229.0,1990,186,wt_med,-0.2940506182530722,-0.38983309268951416,-0.20810281038284303,12,all
45,D5,first-hour MAE (opening-aligned),lvlh5_naive,4.622378379865722,4.550015544891357,4.694192779064179,681425.0,13495,186,wt_med,-0.24132643019317523,-0.26908470392227174,-0.21344120502471925,12,all
45,D5,first-hour MAE (opening-aligned),lvlh5_tft,4.630542801541261,4.507265305519104,4.753338146209717,256673.0,5166,186,wt_med,-0.3851984654841223,-0.44723987579345703,-0.32905527353286745,12,all
45,D5,first-hour MAE (opening-aligned),prod_served,6.878553078332983,6.72947770357132,7.0236546993255615,266248.0,5316,186,wt_med,1.8973380297282283,1.805250060558319,1.9911152601242066,12,all
45,D5,first-hour MAE (opening-aligned),wt_med,4.85919776374933,4.779191637039185,4.9399454355239865,642504.0,12845,186,wt_med,,,,12,all
60,D5,first-hour MAE (opening-aligned),clim,4.9231965246333065,4.823716950416565,5.009496068954467,516780.0,10537,171,clim,,,,13,all
60,D5,first-hour MAE (opening-aligned),h5,4.6886698910588915,4.609810543060303,4.767322790622711,609779.0,12110,171,clim,-0.23882044660324286,-0.28096994161605837,-0.19676419496536254,13,all
60,D5,first-hour MAE (opening-aligned),lvlh5_naive,4.6886698910588915,4.609810543060303,4.767322790622711,609779.0,12110,171,clim,-0.23882044660324286,-0.28096994161605837,-0.19676419496536254,13,all
60,D5,first-hour MAE (opening-aligned),lvlh5_tft,1.3371019843101062,0.9586992740631104,1.8006147146224971,4334.0,168,171,clim,-0.8150228746594312,-1.3159123063087463,-0.4331590652465823,13,all
60,D5,first-hour MAE (opening-aligned),prod_served,1.7961830193295816,1.3674854159355163,2.293285250663757,4087.0,163,171,clim,-0.32706289182884296,-0.8415546387434005,0.10270370543003077,13,all
60,D5,first-hour MAE (opening-aligned),wt_med,4.932330511071613,4.840721046924591,5.019286942481995,571055.0,11458,171,clim,0.026266827925132574,-0.007143342494964599,0.061058616638183585,13,all
90,D5,first-hour MAE (opening-aligned),clim,5.089276497672303,4.990261995792389,5.193854677677154,391374.0,7973,141,wt_med,0.032762491831726415,-0.005760312080383301,0.07148566246032713,14,all
90,D5,first-hour MAE (opening-aligned),h5,4.827354493442977,4.740003633499145,4.916088509559631,476817.0,9517,141,wt_med,-0.23037273446160533,-0.26497267484664916,-0.1979251503944397,14,all
90,D5,first-hour MAE (opening-aligned),lvlh5_naive,4.827354493442977,4.740003633499145,4.916088509559631,476817.0,9517,141,wt_med,-0.23037273446160533,-0.26497267484664916,-0.1979251503944397,14,all
90,D5,first-hour MAE (opening-aligned),wt_med,5.062740538627311,4.9651824593544,5.158975279331207,446394.0,8932,141,wt_med,,,,14,all
0,D5,rope-drop worth agreement,clim,0.9105596739562866,0.9087892368435859,0.9123874962329864,329281.0,17916,231,wt_med,-0.0013350392132386313,-0.00192851722240448,-0.0006998136639595032,0,all
0,D5,rope-drop worth agreement,h5,0.907860697639029,0.9061488106846809,0.9097283720970154,354854.0,19249,231,wt_med,-0.003995278980446493,-0.0044955328106880185,-0.003449313342571259,0,all
0,D5,rope-drop worth agreement,lvlh5_cbd,0.9014040255277369,0.8988617926836013,0.9040162846446037,203700.0,11104,231,wt_med,-0.0120447436854636,-0.013033995032310485,-0.011101427674293517,0,all
0,D5,rope-drop worth agreement,lvlh5_naive,0.9055584506871561,0.9038276076316833,0.9074706390500069,330056.0,18068,231,wt_med,-0.005455673148144657,-0.006170618534088135,-0.004781982302665711,0,all
0,D5,rope-drop worth agreement,lvlh5_tft,0.9120234839631999,0.9099872469902038,0.9140973433852195,249021.0,13594,231,wt_med,-0.0031257825848152176,-0.003988085687160492,-0.002400322258472443,0,all
0,D5,rope-drop worth agreement,prod_ropedrop_hist,0.909428718593107,0.9078578040003776,0.9110615074634552,353346.0,19210,231,wt_med,-0.002408404227018268,-0.003458264470100403,-0.0013857543468475345,0,all
0,D5,rope-drop worth agreement,snaive7,0.9010394733925841,0.8991590961813927,0.9027847871184349,315833.0,18055,231,wt_med,-0.009587055817666723,-0.011044512689113616,-0.008197261393070221,0,all
0,D5,rope-drop worth agreement,wt_med,0.9118371228201253,0.91011713296175,0.9136424914002419,353346.0,19210,231,wt_med,,,,0,all
1,D5,rope-drop worth agreement,clim,0.9105492605344437,0.9088822215795517,0.9124080538749695,327331.0,17825,230,wt_med,-0.000811812294924219,-0.0013854220509529115,-0.00019919872283935547,1,all
1,D5,rope-drop worth agreement,h5,0.9074203943725955,0.9057827830314636,0.9092772021889687,352205.0,19105,230,wt_med,-0.003781956205093473,-0.004303446412086487,-0.003256730735301972,1,all
1,D5,rope-drop worth agreement,lvlh5_cbd,0.9008822986648313,0.8983332082629204,0.9033320173621178,200499.0,10930,230,wt_med,-0.011856200157950303,-0.012870010733604432,-0.01089235246181488,1,all
1,D5,rope-drop worth agreement,lvlh5_naive,0.9053607746714021,0.903625376522541,0.9072819977998734,329430.0,18031,230,wt_med,-0.00515547913670944,-0.005835109949111938,-0.00449519157409668,1,all
1,D5,rope-drop worth agreement,lvlh5_tft,0.9115216985496425,0.9096172362565994,0.9134230136871337,246422.0,13443,230,wt_med,-0.0030307484909823934,-0.0038504913449287415,-0.002260220050811768,1,all
1,D5,rope-drop worth agreement,prod_ropedrop_hist,0.908470023269608,0.9068680435419083,0.9100823268294335,350672.0,19065,230,wt_med,-0.0027090842724826203,-0.003839443624019623,-0.001612505316734314,1,all
1,D5,rope-drop worth agreement,snaive7,0.9010603619943938,0.8992622271180153,0.9029603004455566,315364.0,18024,230,wt_med,-0.009071994209688183,-0.010521763563156128,-0.007741379737854004,1,all
1,D5,rope-drop worth agreement,wt_med,0.9111791075420906,0.9096062377095222,0.9129188820719719,350672.0,19065,230,wt_med,,,,1,all
2,D5,rope-drop worth agreement,clim,0.9105848221008602,0.9087665259838105,0.9122832775115967,325381.0,17737,229,wt_med,-0.0005841574315988973,-0.0012088790535926819,4.236996173858622e-05,2,all
2,D5,rope-drop worth agreement,h5,0.9072783363802559,0.9054236888885498,0.9090358361601829,350080.0,18996,229,wt_med,-0.003722611548775401,-0.004244464635848999,-0.003188882768154144,2,all
2,D5,rope-drop worth agreement,lvlh5_cbd,0.9010105824666731,0.8982590451836586,0.9035315722227096,197213.0,10761,229,wt_med,-0.01147645550668741,-0.012493225932121276,-0.010427433252334596,2,all
2,D5,rope-drop worth agreement,lvlh5_naive,0.9054758146198136,0.9035923764109611,0.907304385304451,328773.0,17990,229,wt_med,-0.004837401484042547,-0.005479730665683746,-0.004181599617004395,2,all
2,D5,rope-drop worth agreement,lvlh5_tft,0.9111282179373262,0.909016466140747,0.9131703659892082,244217.0,13332,229,wt_med,-0.0032068155986153535,-0.004001258313655854,-0.0023979157209396366,2,all
2,D5,rope-drop worth agreement,prod_ropedrop_hist,0.9077804175418058,0.9061082512140274,0.9092145204544068,348516.0,18958,229,wt_med,-0.003199279229648022,-0.0042596995830535885,-0.0021415889263153077,2,all
2,D5,rope-drop worth agreement,snaive7,0.9011178916671168,0.8994346395134926,0.9027843102812767,314789.0,17985,229,wt_med,-0.008866822943431996,-0.010254752635955811,-0.0075071647763252265,2,all
2,D5,rope-drop worth agreement,wt_med,0.9109796967714539,0.9092724442481994,0.9125942319631577,348516.0,18958,229,wt_med,,,,2,all
3,D5,rope-drop worth agreement,clim,0.9104359010827958,0.9086659297347068,0.9122676327824593,323422.0,17632,228,wt_med,-0.0007014511187692918,-0.001340743899345398,-0.00011072158813476565,3,all
3,D5,rope-drop worth agreement,h5,0.9073082139819306,0.905538184940815,0.909063246846199,347992.0,18876,228,wt_med,-0.003637022330733264,-0.004219964146614075,-0.003125308454036713,3,all
3,D5,rope-drop worth agreement,lvlh5_cbd,0.9007750430010648,0.8981873124837876,0.903304110467434,195344.0,10652,228,wt_med,-0.011548984144089003,-0.012564265727996826,-0.010582157969474792,3,all
3,D5,rope-drop worth agreement,lvlh5_naive,0.9055467647175397,0.9036938071250915,0.9073669850826264,327993.0,17941,228,wt_med,-0.004742240466855341,-0.00538642406463623,-0.0040913641452789305,3,all
3,D5,rope-drop worth agreement,lvlh5_tft,0.9109002899364783,0.9088966175913811,0.9129049107432365,242122.0,13211,228,wt_med,-0.0034136840092102716,-0.004234631359577179,-0.00258699506521225,3,all
3,D5,rope-drop worth agreement,prod_ropedrop_hist,0.9072965436816978,0.9056568428874016,0.9089899137616158,346438.0,18839,228,wt_med,-0.0036225818183917013,-0.0046704113483428955,-0.0025746971368789677,3,all
3,D5,rope-drop worth agreement,prod_served,0.9060453524700018,0.903907610476017,0.9082191467285157,223097.0,11824,228,wt_med,-0.00738941944665561,-0.008440437912940978,-0.006364156305789947,3,all
3,D5,rope-drop worth agreement,snaive7,0.9011953358339648,0.8993537038564682,0.902859416604042,314054.0,17939,228,wt_med,-0.008780669208764968,-0.010252904891967774,-0.007411500811576844,3,all
3,D5,rope-drop worth agreement,wt_med,0.9109191255000895,0.9092772081494331,0.91256692558527,346438.0,18839,228,wt_med,,,,3,all
4,D5,rope-drop worth agreement,clim,0.9104550020369512,0.9085442006587983,0.9122139781713485,321559.0,17529,227,wt_med,-0.0005548981226229932,-0.0011974558234214782,8.380711078643793e-05,4,all
4,D5,rope-drop worth agreement,h5,0.9072229302676411,0.9053102776408195,0.9090205401182174,346023.0,18763,227,wt_med,-0.003503750247569548,-0.004035457968711853,-0.002966675162315369,4,all
4,D5,rope-drop worth agreement,lvlh5_cbd,0.9006256139806629,0.8980252563953399,0.9029915153980255,193410.0,10539,227,wt_med,-0.011249731493565784,-0.012266542017459869,-0.010212266445159912,4,all
4,D5,rope-drop worth agreement,lvlh5_naive,0.9056090644632948,0.9036376550793648,0.9075259238481521,327256.0,17895,227,wt_med,-0.004464851342993237,-0.005169396102428436,-0.0037416920065879824,4,all
4,D5,rope-drop worth agreement,lvlh5_tft,0.9106020702415282,0.9085185542702675,0.9125051021575927,239972.0,13093,227,wt_med,-0.003262831125612653,-0.0040321871638298035,-0.0023610264062881472,4,all
4,D5,rope-drop worth agreement,prod_ropedrop_hist,0.9070391295007055,0.9052999898791313,0.9086613997817039,344446.0,18721,227,wt_med,-0.0036580479959121837,-0.004803493618965149,-0.002579355239868164,4,all
4,D5,rope-drop worth agreement,prod_served,0.9060150716036874,0.9037056222558022,0.9080561250448227,221078.0,11721,227,wt_med,-0.006999543908488226,-0.008020861446857453,-0.005925105512142181,4,all
4,D5,rope-drop worth agreement,snaive7,0.9013097008495184,0.8994978949427604,0.9030030980706215,313354.0,17894,227,wt_med,-0.008461864148935017,-0.009877428412437439,-0.0070316106081008915,4,all
4,D5,rope-drop worth agreement,wt_med,0.9106971774966177,0.9089148789644241,0.9123700425028801,344446.0,18721,227,wt_med,,,,4,all
5,D5,rope-drop worth agreement,clim,0.9103215313399224,0.9083702757954597,0.9120073974132538,319720.0,17414,226,wt_med,-0.00059799591675469,-0.0012734681367874146,4.444867372512808e-05,5,all
5,D5,rope-drop worth agreement,h5,0.9071515348799358,0.9051206111907959,0.9088925391435623,344066.0,18649,226,wt_med,-0.003502836024156575,-0.00404062420129776,-0.0029256016016006472,5,all
5,D5,rope-drop worth agreement,lvlh5_cbd,0.9004273147084021,0.8977234542369843,0.9028249993920326,191428.0,10419,226,wt_med,-0.011230002261172323,-0.012276135385036469,-0.010272455215454102,5,all
5,D5,rope-drop worth agreement,lvlh5_naive,0.9056950341800014,0.9036385700106621,0.9074218526482583,326653.0,17859,226,wt_med,-0.004394633774474688,-0.005094897747039795,-0.00370677262544632,5,all
5,D5,rope-drop worth agreement,lvlh5_tft,0.9101642213685535,0.9079452514648437,0.9120825231075287,237667.0,12961,226,wt_med,-0.003526898004909018,-0.0044159948825836185,-0.002768193185329437,5,all
5,D5,rope-drop worth agreement,prod_ropedrop_hist,0.9066514049446811,0.904852283000946,0.9082687512040138,342469.0,18611,226,wt_med,-0.003974082325699624,-0.005075439810752869,-0.002976940572261811,5,all
5,D5,rope-drop worth agreement,prod_served,0.905291423300164,0.9028390809893608,0.9073966979980469,218977.0,11602,226,wt_med,-0.0075872809375509,-0.008676673471927642,-0.006462381780147553,5,all
5,D5,rope-drop worth agreement,snaive7,0.9013675683624344,0.8995187908411026,0.9029899343848229,312818.0,17860,226,wt_med,-0.008383425725652427,-0.009792803227901459,-0.007127287983894348,5,all
5,D5,rope-drop worth agreement,wt_med,0.9106254872703807,0.9086749404668808,0.9122603878378868,342469.0,18611,226,wt_med,,,,5,all
6,D5,rope-drop worth agreement,clim,0.9102339521528693,0.9084747955203056,0.9118622303009033,317971.0,17308,225,wt_med,-0.0003317462245573388,-0.0009759992361068725,0.00030936002731323236,6,all
6,D5,rope-drop worth agreement,h5,0.9069817758662531,0.9051990807056427,0.908756536245346,342019.0,18531,225,wt_med,-0.003336854816319401,-0.0038896039128303527,-0.0027532279491424565,6,all
6,D5,rope-drop worth agreement,lvlh5_cbd,0.8998056529637923,0.897177231311798,0.9022149860858917,189352.0,10294,225,wt_med,-0.011456963018349087,-0.01249464601278305,-0.010419511795043945,6,all
6,D5,rope-drop worth agreement,lvlh5_naive,0.9058259098382783,0.9040220439434051,0.9075161054730415,325992.0,17817,225,wt_med,-0.00405708277376482,-0.004787737131118774,-0.003356185555458069,6,all
6,D5,rope-drop worth agreement,lvlh5_tft,0.909823831817428,0.9076393723487854,0.9118065819144249,235173.0,12821,225,wt_med,-0.0037464772717824557,-0.0045976385474205015,-0.0029144585132598877,6,all
6,D5,rope-drop worth agreement,prod_ropedrop_hist,0.9061218374325769,0.9045196279883385,0.9077098220586777,340388.0,18497,225,wt_med,-0.004168772107124852,-0.005220553278923035,-0.003026528656482697,6,all
6,D5,rope-drop worth agreement,prod_served,0.9047572927476075,0.9023626789450645,0.9069559037685394,216825.0,11489,225,wt_med,-0.007973541000331985,-0.00908956229686737,-0.007005423307418823,6,all
6,D5,rope-drop worth agreement,snaive7,0.9014227935172109,0.8997386455535888,0.9030756026506424,312273.0,17827,225,wt_med,-0.008077494953512177,-0.009450976550579072,-0.006725418567657472,6,all
6,D5,rope-drop worth agreement,wt_med,0.9102906095397018,0.9085566863417626,0.9119707554578781,340388.0,18497,225,wt_med,,,,6,all
7,D5,rope-drop worth agreement,clim,0.9099757691553368,0.908200141787529,0.911903801560402,316126.0,17213,224,clim,,,,7,all
7,D5,rope-drop worth agreement,h5,0.9067976609565332,0.9050393402576447,0.9086992472410202,339455.0,18390,224,clim,-0.0028113585559798038,-0.003543993830680847,-0.0021248459815979004,7,all
7,D5,rope-drop worth agreement,lvlh5_cbd,0.899175073644592,0.8962660267949104,0.9020709723234177,187047.0,10148,224,clim,-0.011536496570056953,-0.012712280452251434,-0.010369257628917695,7,all
7,D5,rope-drop worth agreement,lvlh5_naive,0.9039353731424077,0.9021193772554398,0.9057976916432381,314049.0,17178,224,clim,-0.004809429158676881,-0.005645930767059326,-0.003998991847038269,7,all
7,D5,rope-drop worth agreement,lvlh5_tft,0.9087628755134077,0.9065233305096626,0.9109103858470917,232515.0,12665,224,clim,-0.0036611187681100388,-0.004624125361442566,-0.0026384904980659486,7,all
7,D5,rope-drop worth agreement,prod_ropedrop_hist,0.9054464076916929,0.9037840187549591,0.9073046773672104,337819.0,18352,224,clim,-0.003976819336745874,-0.005134768784046173,-0.0026445686817169194,7,all
7,D5,rope-drop worth agreement,prod_served,0.9044329973731766,0.9020576775074005,0.9068042889237404,214708.0,11384,224,clim,-0.007346420577457491,-0.008443309366703034,-0.006231282651424408,7,all
7,D5,rope-drop worth agreement,wt_med,0.9095876786089593,0.9078779861330986,0.9113300397992135,337819.0,18352,224,clim,-0.0001058081613048989,-0.0007130041718482971,0.0005546525120735167,7,all
10,D5,rope-drop worth agreement,clim,0.9096318082648458,0.9078327909111976,0.9116999700665473,310762.0,16946,221,clim,,,,8,all
10,D5,rope-drop worth agreement,h5,0.9064493692137957,0.9046467378735542,0.9084261491894722,333552.0,18059,221,clim,-0.0027403905391788497,-0.0036099687218666076,-0.0019803822040557863,8,all
10,D5,rope-drop worth agreement,lvlh5_cbd,0.898398708350382,0.8958544343709945,0.9013275966048241,180854.0,9785,221,clim,-0.011438930856601082,-0.012640011310577393,-0.010260087251663209,8,all
10,D5,rope-drop worth agreement,lvlh5_naive,0.9039157311832436,0.9019992426037788,0.9059681132435798,312049.0,17052,221,clim,-0.004558175726993019,-0.005458422005176544,-0.003696832060813904,8,all
10,D5,rope-drop worth agreement,lvlh5_tft,0.9082273585197562,0.9060165151953697,0.9104350492358207,226233.0,12303,221,clim,-0.003815260996417935,-0.004882422089576721,-0.002783384919166565,8,all
10,D5,rope-drop worth agreement,prod_ropedrop_hist,0.9045284724314553,0.9027663365006446,0.9063596531748772,331900.0,18015,221,clim,-0.004402428804758052,-0.00560709685087204,-0.0031124681234359743,8,all
10,D5,rope-drop worth agreement,prod_served,0.9028999565173763,0.9004043728113175,0.9053482666611672,209279.0,11099,221,clim,-0.0084105012107355,-0.009601715207099914,-0.0072928622364997866,8,all
10,D5,rope-drop worth agreement,wt_med,0.9093642663452848,0.9076474770903588,0.9112066894769668,331900.0,18015,221,clim,0.0001130236273935159,-0.0005028665065765381,0.000779829919338225,8,all
14,D5,rope-drop worth agreement,clim,0.908934549687909,0.9070515409111977,0.9106527134776116,304078.0,16552,217,clim,,,,9,all
14,D5,rope-drop worth agreement,h5,0.9058180836640922,0.9040464147925377,0.9075229749083519,326018.0,17633,217,clim,-0.002580131142682629,-0.0033193185925483705,-0.0017879709601402282,9,all
14,D5,rope-drop worth agreement,lvlh5_cbd,0.8980650922226796,0.895451994240284,0.9009099557995797,172463.0,9268,217,clim,-0.011049967272549255,-0.012262067198753357,-0.009983168542385101,9,all
14,D5,rope-drop worth agreement,lvlh5_naive,0.9027227863369519,0.9008459836244583,0.9045578509569168,299289.0,16332,217,clim,-0.0046736849588140394,-0.005547806620597839,-0.0038164928555488595,9,all
14,D5,rope-drop worth agreement,lvlh5_tft,0.907023241886071,0.904732795059681,0.9092079326510429,217065.0,11771,217,clim,-0.004345296210822247,-0.005325904488563538,-0.003336089849472046,9,all
14,D5,rope-drop worth agreement,prod_ropedrop_hist,0.9030456477089797,0.9013807073235511,0.9047639980912209,324266.0,17586,217,clim,-0.005082328788726609,-0.00630146861076355,-0.003858473896980286,9,all
14,D5,rope-drop worth agreement,prod_served,0.9016310368982974,0.8991977900266648,0.9039445027709008,201283.0,10672,217,clim,-0.009138296245776445,-0.010365654528141022,-0.007986330986022949,9,all
14,D5,rope-drop worth agreement,wt_med,0.9082882571715813,0.9065125957131386,0.9099254176020622,324266.0,17586,217,clim,-5.76511896180909e-05,-0.0007450833916664123,0.0006117582321166991,9,all
21,D5,rope-drop worth agreement,clim,0.9083014816992704,0.9064591392874718,0.910158033668995,292502.0,15940,210,clim,,,,10,all
21,D5,rope-drop worth agreement,h5,0.9049629636721654,0.903078955411911,0.9068897351622581,313341.0,16868,210,clim,-0.00287705089137702,-0.003702908754348755,-0.0020668074488639832,10,all
21,D5,rope-drop worth agreement,lvlh5_cbd,0.8965112240709753,0.8936085522174835,0.8995931401848793,158365.0,8408,210,clim,-0.01106189696766191,-0.012248125672340394,-0.009862582385540008,10,all
21,D5,rope-drop worth agreement,lvlh5_naive,0.9014988169077188,0.8995560258626938,0.9034485399723053,285692.0,15552,210,clim,-0.005134257840044731,-0.00604836642742157,-0.004257036745548249,10,all
21,D5,rope-drop worth agreement,lvlh5_tft,0.9053488579144697,0.9029755264520645,0.9077057301998138,202174.0,10879,210,clim,-0.0046615298243987136,-0.005730243027210235,-0.0035393804311752318,10,all
21,D5,rope-drop worth agreement,prod_ropedrop_hist,0.9013415925795166,0.8995814502239228,0.9030956596136093,311570.0,16830,210,clim,-0.0061373829313146055,-0.007460008561611176,-0.004782474040985108,10,all
21,D5,rope-drop worth agreement,prod_served,0.8994351063094852,0.8968753144145012,0.9019037202000618,188177.0,10007,210,clim,-0.009977037491721075,-0.011204428970813751,-0.008784860372543335,10,all
21,D5,rope-drop worth agreement,wt_med,0.9073883878422184,0.9055606737732887,0.9091371655464172,311570.0,16830,210,clim,-0.00033390017954337825,-0.0009878888726234437,0.0003483295440673828,10,all
30,D5,rope-drop worth agreement,clim,0.9082574443480774,0.9061969235539437,0.9102427124977112,276720.0,15082,201,clim,,,,11,all
30,D5,rope-drop worth agreement,h5,0.9055397607792339,0.9035016059875488,0.9075070202350617,297215.0,15916,201,clim,-0.002227224895815283,-0.003050602972507477,-0.001243075728416443,11,all
30,D5,rope-drop worth agreement,lvlh5_cbd,0.895042492917847,0.8918127030134201,0.8981952905654907,141200.0,7369,201,clim,-0.010823882814756658,-0.012132593989372253,-0.009569633007049562,11,all
30,D5,rope-drop worth agreement,lvlh5_naive,0.9017339549282279,0.8995743453502655,0.903716291487217,271345.0,14753,201,clim,-0.004854418241122094,-0.005860829353332519,-0.0038304075598716734,11,all
30,D5,rope-drop worth agreement,lvlh5_tft,0.9022668933778878,0.89935123026371,0.9051199138164521,152323.0,8183,201,clim,-0.005842949092151106,-0.007153928279876709,-0.004563812911510468,11,all
30,D5,rope-drop worth agreement,prod_ropedrop_hist,0.9001076185834957,0.898114624619484,0.9019265532493591,295488.0,15879,201,clim,-0.007331792898560008,-0.008657276630401611,-0.005980882048606873,11,all
30,D5,rope-drop worth agreement,prod_served,0.8947178002894356,0.8917097762227059,0.8975859820842743,152020.0,8125,201,clim,-0.0117390613925763,-0.01322493702173233,-0.010349257290363312,11,all
30,D5,rope-drop worth agreement,wt_med,0.9073329542993286,0.905414094030857,0.9091983512043953,295488.0,15879,201,clim,-0.0003133542129538647,-0.0010479092597961426,0.000451698899269104,11,all
45,D5,rope-drop worth agreement,clim,0.9088527710901194,0.906685009598732,0.91083944439888,250046.0,13712,186,clim,,,,12,all
45,D5,rope-drop worth agreement,h5,0.9068352956779299,0.9047988668084145,0.9088244065642357,271444.0,14531,186,clim,-0.0012772576616971731,-0.0022420421242713927,-0.00036480724811553965,12,all
45,D5,rope-drop worth agreement,lvlh5_cbd,0.857947797265571,0.8510311469435692,0.8645066410303116,36205.0,2215,186,clim,-0.010133794876066582,-0.013534028828144074,-0.0070000097155570986,12,all
45,D5,rope-drop worth agreement,lvlh5_naive,0.9013636196266309,0.8991416037082672,0.9035669207572937,244423.0,13332,186,clim,-0.004985120701653134,-0.006019961833953857,-0.0040029332041740424,12,all
45,D5,rope-drop worth agreement,lvlh5_tft,0.9045505320712564,0.9013177931308747,0.9078258872032166,102054.0,5589,186,clim,-0.004359307672488821,-0.005951830744743347,-0.0027813613414764404,12,all
45,D5,rope-drop worth agreement,prod_ropedrop_hist,0.8994027117110771,0.8975234106183052,0.9012995883822441,269719.0,14506,186,clim,-0.008297913364193499,-0.009734562039375306,-0.006923660635948182,12,all
45,D5,rope-drop worth agreement,prod_served,0.891679839611366,0.8877405866980552,0.8950553268194199,103748.0,5614,186,clim,-0.011005382248054474,-0.012672144174575805,-0.00937928855419159,12,all
45,D5,rope-drop worth agreement,wt_med,0.9078155123832122,0.9058116987347603,0.9097443327307702,269720.0,14506,186,clim,-5.1367392454371164e-05,-0.0008272841572761535,0.000741283595561981,12,all
60,D5,rope-drop worth agreement,clim,0.9088679703741034,0.9068316474556923,0.9109109371900559,222238.0,12326,171,clim,,,,13,all
60,D5,rope-drop worth agreement,h5,0.9066128759472158,0.9045545339584351,0.908691956102848,242421.0,13076,171,clim,-0.0010525831676485575,-0.001974871754646301,-0.00010596513748168952,13,all
60,D5,rope-drop worth agreement,lvlh5_naive,0.9005229072163043,0.898372383415699,0.9027523458003998,216482.0,11818,171,clim,-0.0053610380763624566,-0.006438380479812622,-0.004237745702266693,13,all
60,D5,rope-drop worth agreement,lvlh5_tft,0.9756862745098039,0.9568014159798622,0.9906906500458718,1275.0,172,171,clim,-8.154741186416903e-05,-0.013863688707351685,0.01212118864059448,13,all
60,D5,rope-drop worth agreement,prod_ropedrop_hist,0.8971902831317293,0.8951908603310585,0.8993070304393769,240736.0,13035,171,clim,-0.010036352398826387,-0.011471794545650482,-0.008579954504966736,13,all
60,D5,rope-drop worth agreement,prod_served,0.9760132340777502,0.9565601050853729,0.9916795715689659,1209.0,167,171,clim,-0.00032331281094388764,-0.014158840477466583,0.012599813938140867,13,all
60,D5,rope-drop worth agreement,wt_med,0.9068372518069286,0.9047878205776214,0.9087912127375603,240740.0,13035,171,clim,-0.0005685228484220151,-0.0014630615711212157,0.00031485408544540394,13,all
90,D5,rope-drop worth agreement,clim,0.9085735223720058,0.9062367379665375,0.9112466931343078,169207.0,9611,141,clim,,,,14,all
90,D5,rope-drop worth agreement,h5,0.9051669565864998,0.9028379023075104,0.907615652680397,187983.0,10193,141,clim,-0.0008793467093347607,-0.002057252824306488,0.00017365813255310056,14,all
90,D5,rope-drop worth agreement,lvlh5_naive,0.8979470663380054,0.8954745978116989,0.9006425380706787,166737.0,9166,141,clim,-0.005640733771115958,-0.006963492929935455,-0.004170174896717072,14,all
90,D5,rope-drop worth agreement,prod_ropedrop_hist,0.8941649467956794,0.8918653443455696,0.8966673120856286,186545.0,10179,141,clim,-0.012019319146738927,-0.013780404627323151,-0.010404182970523835,14,all
90,D5,rope-drop worth agreement,wt_med,0.9038842966346102,0.9016114264726639,0.9063463687896729,186546.0,10179,141,clim,-0.0020035980929730135,-0.003026948869228363,-0.0009730428457260134,14,all
0,D4,dayPeak pairwise ordering (headliners),clim,0.7169491642159057,0.7143957063555717,0.7195935338735581,435579.0,16824,231,wt_med,-0.018397725786938324,-0.020005019009113313,-0.01667170524597168,0,all
0,D4,dayPeak pairwise ordering (headliners),h5,0.7574387020403661,0.7551217839121819,0.7597148507833481,471386.0,18144,231,wt_med,0.022238388408090448,0.021343785524368285,0.02317625433206558,0,all
0,D4,dayPeak pairwise ordering (headliners),lvlh5_cbd,0.6958824109841356,0.6926653131842613,0.6990831717848778,273631.0,10389,231,wt_med,-0.0402551846455762,-0.0433140218257904,-0.037248560786247255,0,all
0,D4,dayPeak pairwise ordering (headliners),lvlh5_naive,0.7587726725689293,0.7564831525087357,0.7611121132969856,442881.0,17028,231,wt_med,0.022652592686725592,0.020983336865901946,0.02432088851928711,0,all
0,D4,dayPeak pairwise ordering (headliners),lvlh5_tft,0.7657749500135017,0.7630988255143165,0.768241448700428,329589.0,12757,231,wt_med,0.036502023793084315,0.03447311669588089,0.038692325353622437,0,all
0,D4,dayPeak pairwise ordering (headliners),snaive7,0.7110870712527074,0.7085481077432633,0.7135553330183029,418749.0,16877,231,wt_med,-0.026483372585117793,-0.02893072962760925,-0.02423810064792633,0,all
0,D4,dayPeak pairwise ordering (headliners),wt_med,0.7352700186219739,0.7328899919986724,0.7375239536166192,469875.0,18108,231,wt_med,,,,0,all
1,D4,dayPeak pairwise ordering (headliners),clim,0.7161193478361276,0.7133860632777214,0.7187586754560471,433020.0,16738,230,wt_med,-0.016331341877149907,-0.017979514598846436,-0.01461731642484665,1,all
1,D4,dayPeak pairwise ordering (headliners),h5,0.7545314801767757,0.7522303611040115,0.756704431772232,468390.0,18014,230,wt_med,0.022370849643674973,0.021398296952247618,0.02331821471452713,1,all
1,D4,dayPeak pairwise ordering (headliners),lvlh5_cbd,0.6969426392892341,0.6934250444173813,0.7002616673707962,269906.0,10228,230,wt_med,-0.03650981393161845,-0.039701233804225924,-0.03346749395132065,1,all
1,D4,dayPeak pairwise ordering (headliners),lvlh5_naive,0.758722574398096,0.756277534365654,0.7609313011169434,442014.0,16995,230,wt_med,0.0256068230748957,0.023927173018455504,0.027199292182922365,1,all
1,D4,dayPeak pairwise ordering (headliners),lvlh5_tft,0.7626809208007229,0.7602559983730316,0.7650762096047401,326455.0,12626,230,wt_med,0.03624278092028865,0.034048895537853244,0.038323011994361875,1,all
1,D4,dayPeak pairwise ordering (headliners),snaive7,0.710991618508171,0.7082673564553261,0.7135405510663986,418064.0,16847,230,wt_med,-0.023448976759482543,-0.025814150273799897,-0.020926466584205626,1,all
1,D4,dayPeak pairwise ordering (headliners),wt_med,0.7322298789513256,0.7297129929065704,0.7343487054109573,466837.0,17976,230,wt_med,,,,1,all
2,D4,dayPeak pairwise ordering (headliners),clim,0.7153697501242643,0.7126432791352272,0.7179390236735343,430534.0,16655,229,wt_med,-0.015726251447283457,-0.017329058051109313,-0.014025156199932099,2,all
2,D4,dayPeak pairwise ordering (headliners),h5,0.7532472829295204,0.7508626520633698,0.7555539399385452,465851.0,17906,229,wt_med,0.022487686955770636,0.021564628183841705,0.023449468612670898,2,all
2,D4,dayPeak pairwise ordering (headliners),lvlh5_cbd,0.6971428571428572,0.6937553599476814,0.7004840403795243,265300.0,10056,229,wt_med,-0.03566009552658256,-0.03871821016073227,-0.032558634877204895,2,all
2,D4,dayPeak pairwise ordering (headliners),lvlh5_naive,0.7588208890259163,0.7565764963626862,0.7612445056438446,441112.0,16956,229,wt_med,0.027044696307690907,0.025320768356323242,0.028646735846996306,2,all
2,D4,dayPeak pairwise ordering (headliners),lvlh5_tft,0.7609081135852507,0.7581752881407737,0.7634943798184395,323704.0,12514,229,wt_med,0.0353441358538924,0.033197279274463656,0.0375282496213913,2,all
2,D4,dayPeak pairwise ordering (headliners),snaive7,0.7108511117608433,0.7081187129020691,0.7136920005083084,417266.0,16814,229,wt_med,-0.022129850648549,-0.024407678842544557,-0.01971440315246582,2,all
2,D4,dayPeak pairwise ordering (headliners),wt_med,0.7308021240615676,0.7283581897616387,0.7332203313708305,464205.0,17868,229,wt_med,,,,2,all
3,D4,dayPeak pairwise ordering (headliners),clim,0.7142129465203656,0.7115578442811966,0.7169215694069863,427976.0,16563,228,wt_med,-0.01599025811350474,-0.01769372373819351,-0.014434793591499328,3,all
3,D4,dayPeak pairwise ordering (headliners),h5,0.7521960170543472,0.7498466089367867,0.7544556975364685,463225.0,17804,228,wt_med,0.022400443687967342,0.02145237773656845,0.023392939567565916,3,all
3,D4,dayPeak pairwise ordering (headliners),lvlh5_cbd,0.6966108786610878,0.6934422761201858,0.6998789295554161,262900.0,9955,228,wt_med,-0.03521258754156398,-0.03833274692296982,-0.03187638521194458,3,all
3,D4,dayPeak pairwise ordering (headliners),lvlh5_naive,0.7583536110183374,0.7559300631284713,0.76072016954422,440139.0,16913,228,wt_med,0.02749813688953373,0.02571670264005661,0.029229795932769774,3,all
3,D4,dayPeak pairwise ordering (headliners),lvlh5_tft,0.7588908549426175,0.7560274377465248,0.7614986315369606,321004.0,12403,228,wt_med,0.03391610574775428,0.0318105161190033,0.0360418826341629,3,all
3,D4,dayPeak pairwise ordering (headliners),prod_served,0.7120111891114115,0.7087137520313262,0.7151111364364624,298147.0,11186,228,wt_med,-0.01432683754722519,-0.01696135550737381,-0.011961239576339723,3,all
3,D4,dayPeak pairwise ordering (headliners),snaive7,0.7106981078601382,0.7080833673477173,0.7134047746658325,416354.0,16773,228,wt_med,-0.02133953762006746,-0.024038736522197724,-0.019016027450561523,3,all
3,D4,dayPeak pairwise ordering (headliners),wt_med,0.7298337658511648,0.7273448511958123,0.7321475654840469,461638.0,17769,228,wt_med,,,,3,all
4,D4,dayPeak pairwise ordering (headliners),clim,0.7126681685455813,0.7100409507751465,0.7151097849011421,425689.0,16469,227,wt_med,-0.016472970191841796,-0.018127061426639557,-0.014734308421611787,4,all
4,D4,dayPeak pairwise ordering (headliners),h5,0.7510248903492115,0.7485566779971122,0.7532251551747322,460781.0,17705,227,wt_med,0.022342233174407644,0.021418468654155733,0.023309603333473206,4,all
4,D4,dayPeak pairwise ordering (headliners),lvlh5_cbd,0.6960290999600528,0.6925362199544907,0.6991677641868591,260344.0,9847,227,wt_med,-0.03468195066862234,-0.037972632050514224,-0.03163651674985886,4,all
4,D4,dayPeak pairwise ordering (headliners),lvlh5_naive,0.7579143389199255,0.7555341675877572,0.7601207718253136,439266.0,16870,227,wt_med,0.02815849396550041,0.026429791748523713,0.029891736805438995,4,all
4,D4,dayPeak pairwise ordering (headliners),lvlh5_tft,0.7571552471812663,0.754447728395462,0.7597854673862457,318228.0,12294,227,wt_med,0.03320562828952345,0.030951027572155,0.035365918278694154,4,all
4,D4,dayPeak pairwise ordering (headliners),prod_served,0.7104046673118963,0.7072111770510674,0.7133421435952186,295502.0,11089,227,wt_med,-0.014896984397560376,-0.017426127195358278,-0.01220669448375702,4,all
4,D4,dayPeak pairwise ordering (headliners),snaive7,0.7105766616050652,0.7078365355730056,0.7133037090301514,415547.0,16735,227,wt_med,-0.02033614344055812,-0.022749635577201843,-0.017874471843242645,4,all
4,D4,dayPeak pairwise ordering (headliners),wt_med,0.7287371793615218,0.726283447444439,0.730982494354248,459123.0,17664,227,wt_med,,,,4,all
5,D4,dayPeak pairwise ordering (headliners),clim,0.711883784102988,0.7091316178441047,0.7143323212862015,423350.0,16371,226,wt_med,-0.01643756266895391,-0.01826244294643402,-0.01468740850687027,5,all
5,D4,dayPeak pairwise ordering (headliners),h5,0.750207791131191,0.7478011235594749,0.7525443866848945,458393.0,17599,226,wt_med,0.02239920719395838,0.021489571034908294,0.023295277357101442,5,all
5,D4,dayPeak pairwise ordering (headliners),lvlh5_cbd,0.6940772119293672,0.6905816748738289,0.6972575083374977,257784.0,9737,226,wt_med,-0.03589372886103659,-0.03899607211351395,-0.032859948277473454,5,all
5,D4,dayPeak pairwise ordering (headliners),lvlh5_naive,0.7578642742792507,0.7555918976664543,0.7602679774165153,438502.0,16836,226,wt_med,0.02894073144032472,0.027180291712284088,0.030720646679401397,5,all
5,D4,dayPeak pairwise ordering (headliners),lvlh5_tft,0.7555572472594397,0.75291937738657,0.7583379805088043,315264.0,12173,226,wt_med,0.032170448167542776,0.030065082013607025,0.034499751031398775,5,all
5,D4,dayPeak pairwise ordering (headliners),prod_served,0.7083474239023874,0.705236192047596,0.7113995045423508,292749.0,10986,226,wt_med,-0.01643852459583861,-0.018888892233371736,-0.01392173618078232,5,all
5,D4,dayPeak pairwise ordering (headliners),snaive7,0.7105064612314064,0.7076577544212341,0.7132289841771126,414859.0,16702,226,wt_med,-0.01955350289106872,-0.02199897766113281,-0.01716463267803192,5,all
5,D4,dayPeak pairwise ordering (headliners),wt_med,0.7278675028026906,0.7253845006227493,0.7302144661545753,456704.0,17559,226,wt_med,,,,5,all
6,D4,dayPeak pairwise ordering (headliners),clim,0.7108242931052086,0.7081196144223213,0.7136132180690765,421173.0,16275,225,wt_med,-0.015771915685731885,-0.017534029483795167,-0.014077667891979218,6,all
6,D4,dayPeak pairwise ordering (headliners),h5,0.7482570868231815,0.7458582997322083,0.7506925269961358,455846.0,17486,225,wt_med,0.02237401119354654,0.021368937194347383,0.023330938816070557,6,all
6,D4,dayPeak pairwise ordering (headliners),lvlh5_cbd,0.6841892787012468,0.680758285522461,0.6877769276499748,255137.0,9620,225,wt_med,-0.043866044687668526,-0.04704691469669342,-0.040490975975990294,6,all
6,D4,dayPeak pairwise ordering (headliners),lvlh5_naive,0.7578790800542865,0.7554768651723862,0.7603589490056037,437678.0,16797,225,wt_med,0.03089131033746295,0.02918056845664978,0.03264531940221786,6,all
6,D4,dayPeak pairwise ordering (headliners),lvlh5_tft,0.7536750455676821,0.7511571854352951,0.7563488185405731,312173.0,12036,225,wt_med,0.032231772002376036,0.03000754863023758,0.03441349714994431,6,all
6,D4,dayPeak pairwise ordering (headliners),prod_served,0.7065278491445756,0.703388461470604,0.7096703857183456,289973.0,10880,225,wt_med,-0.0163187147225744,-0.018831634521484376,-0.013861747086048126,6,all
6,D4,dayPeak pairwise ordering (headliners),snaive7,0.7104731320399368,0.7078193053603172,0.7131321087479592,414155.0,16669,225,wt_med,-0.01775214839896433,-0.02015368789434433,-0.015311899781227113,6,all
6,D4,dayPeak pairwise ordering (headliners),wt_med,0.7259517140541873,0.7233962163329124,0.7285144627094269,454128.0,17446,225,wt_med,,,,6,all
7,D4,dayPeak pairwise ordering (headliners),clim,0.709879255664667,0.7069954708218574,0.7125651016831398,418736.0,16183,224,wt_med,-0.013375293641050168,-0.01514151245355606,-0.011765813827514649,7,all
7,D4,dayPeak pairwise ordering (headliners),h5,0.7444246208742195,0.7418685540556907,0.7469390630722046,452884.0,17350,224,wt_med,0.022112826787475393,0.021154733002185823,0.023112446069717407,7,all
7,D4,dayPeak pairwise ordering (headliners),lvlh5_cbd,0.6783372318915276,0.6749266371130943,0.6817104443907738,252230.0,9490,224,wt_med,-0.04624536247324551,-0.049651104211807254,-0.04268365800380707,7,all
7,D4,dayPeak pairwise ordering (headliners),lvlh5_naive,0.7480427450294003,0.7455151468515396,0.7505678325891495,422786.0,16194,224,wt_med,0.02403153220620613,0.022313572466373444,0.025851362943649293,7,all
7,D4,dayPeak pairwise ordering (headliners),lvlh5_tft,0.7486452891021035,0.7458311349153519,0.7514487057924271,308922.0,11896,224,wt_med,0.030754811378744584,0.02848733961582184,0.03299659788608551,7,all
7,D4,dayPeak pairwise ordering (headliners),prod_served,0.7022559532098593,0.6991406455636024,0.7055250212550164,287240.0,10781,224,wt_med,-0.017437882950479322,-0.019906850159168245,-0.014829680323600769,7,all
7,D4,dayPeak pairwise ordering (headliners),wt_med,0.7223704741302883,0.7198317050933838,0.7248405888676643,451184.0,17308,224,wt_med,,,,7,all
10,D4,dayPeak pairwise ordering (headliners),clim,0.7075217574004309,0.7049790352582932,0.7102133259177208,411699.0,15930,221,wt_med,-0.012731822234915424,-0.01442897766828537,-0.010970281064510345,8,all
10,D4,dayPeak pairwise ordering (headliners),h5,0.7415122139667766,0.7390473991632461,0.7440114289522171,445228.0,17049,221,wt_med,0.021879853786258896,0.020809413492679597,0.022920523583889008,8,all
10,D4,dayPeak pairwise ordering (headliners),lvlh5_cbd,0.6761076882742347,0.6725576266646385,0.679572942852974,244112.0,9148,221,wt_med,-0.045700710568290615,-0.04929089099168778,-0.04207757413387299,8,all
10,D4,dayPeak pairwise ordering (headliners),lvlh5_naive,0.7478435759508735,0.7454301714897156,0.7503700539469719,420140.0,16083,221,wt_med,0.026748622571172387,0.024930329620838167,0.028576761484146118,8,all
10,D4,dayPeak pairwise ordering (headliners),lvlh5_tft,0.7450014970557903,0.7421328574419022,0.7479248851537704,300590.0,11561,221,wt_med,0.02994936875479659,0.0277633935213089,0.03220355659723282,8,all
10,D4,dayPeak pairwise ordering (headliners),prod_served,0.6977518823567214,0.6947951197624207,0.7008488684892654,280101.0,10514,221,wt_med,-0.018807432345208985,-0.021343491971492767,-0.01631307154893875,8,all
10,D4,dayPeak pairwise ordering (headliners),wt_med,0.7196873689290176,0.7172712698578835,0.72231215685606,443462.0,17007,221,wt_med,,,,8,all
14,D4,dayPeak pairwise ordering (headliners),clim,0.7045359243921623,0.7017509132623673,0.7072627902030945,403027.0,15566,217,wt_med,-0.01089459378736679,-0.012615106999874115,-0.009083816409111023,9,all
14,D4,dayPeak pairwise ordering (headliners),h5,0.7366689396913737,0.7341852441430092,0.7391175761818886,435543.0,16644,217,wt_med,0.022293686331626317,0.02126636207103729,0.023291328549385072,9,all
14,D4,dayPeak pairwise ordering (headliners),lvlh5_cbd,0.6732832940167274,0.6694723293185234,0.6767173618078232,233150.0,8669,217,wt_med,-0.041775538962137704,-0.0453545868396759,-0.03807370662689209,9,all
14,D4,dayPeak pairwise ordering (headliners),lvlh5_naive,0.7403758831025822,0.7378330335021019,0.7429159954190254,404115.0,15424,217,wt_med,0.02379648570852766,0.021968679130077363,0.02553747296333313,9,all
14,D4,dayPeak pairwise ordering (headliners),lvlh5_tft,0.7391041960030799,0.7361012920737267,0.7420847237110137,288322.0,11057,217,wt_med,0.029985172240680535,0.02786553055047989,0.03229301124811172,9,all
14,D4,dayPeak pairwise ordering (headliners),prod_served,0.6922816972541797,0.6887534558773041,0.6956317543983459,269282.0,10108,217,wt_med,-0.018789808668257968,-0.02155369073152542,-0.01622101217508316,9,all
14,D4,dayPeak pairwise ordering (headliners),wt_med,0.7144659251554937,0.7120426163077355,0.7170628666877746,433619.0,16594,217,wt_med,,,,9,all
21,D4,dayPeak pairwise ordering (headliners),clim,0.7005766583770411,0.6977083861827851,0.7033927425742149,387231.0,14977,210,wt_med,-0.009512301455769312,-0.011401253938674926,-0.007636450231075287,10,all
21,D4,dayPeak pairwise ordering (headliners),h5,0.7301644971149663,0.7276263415813446,0.7328507348895072,418366.0,15949,210,wt_med,0.02150115314912493,0.020364686846733093,0.022536104917526244,10,all
21,D4,dayPeak pairwise ordering (headliners),lvlh5_cbd,0.6706491903241042,0.6665091887116432,0.6746169045567513,213851.0,7889,210,wt_med,-0.03926682739831966,-0.042799103260040286,-0.03552584052085876,10,all
21,D4,dayPeak pairwise ordering (headliners),lvlh5_naive,0.7348952805032749,0.7324277251958847,0.7374766170978546,386270.0,14704,210,wt_med,0.023539933408819547,0.021650488674640655,0.025309835374355317,10,all
21,D4,dayPeak pairwise ordering (headliners),lvlh5_tft,0.7311722148296413,0.7280800879001618,0.7343016475439071,268287.0,10233,210,wt_med,0.02917296293737104,0.02670007646083832,0.031511460244655606,10,all
21,D4,dayPeak pairwise ordering (headliners),prod_served,0.6857679568543038,0.6823316112160682,0.6893355667591095,251798.0,9458,210,wt_med,-0.018214436718449356,-0.02080167829990387,-0.015531569719314575,10,all
21,D4,dayPeak pairwise ordering (headliners),wt_med,0.7087595831193083,0.7062452986836434,0.7115235880017281,416618.0,15903,210,wt_med,,,,10,all
30,D4,dayPeak pairwise ordering (headliners),clim,0.6958702928755778,0.6930100858211518,0.698813034594059,365377.0,14150,201,wt_med,-0.008082459416841825,-0.009977371990680694,-0.00616898387670517,11,all
30,D4,dayPeak pairwise ordering (headliners),h5,0.7229941368143947,0.7201569974422455,0.7256316691637039,396201.0,15035,201,wt_med,0.02068369827040395,0.019610585272312166,0.021729928255081177,11,all
30,D4,dayPeak pairwise ordering (headliners),lvlh5_cbd,0.6657109248639906,0.6615030467510223,0.669858518242836,190428.0,6930,201,wt_med,-0.03976970711710415,-0.0436658039689064,-0.03567924350500107,11,all
30,D4,dayPeak pairwise ordering (headliners),lvlh5_naive,0.7285741132636636,0.7258832931518555,0.7311083793640136,367161.0,13947,201,wt_med,0.02289675866259877,0.02103649973869324,0.02482115477323532,11,all
30,D4,dayPeak pairwise ordering (headliners),lvlh5_tft,0.7255508832632489,0.721955269575119,0.7290793985128403,199997.0,7622,201,wt_med,0.029884965957176823,0.027141548693180084,0.032820937037467954,11,all
30,D4,dayPeak pairwise ordering (headliners),prod_served,0.6784578346267898,0.6747308686375618,0.6824722319841385,204362.0,7646,201,wt_med,-0.020170798462589956,-0.02316518723964691,-0.016780549287796022,11,all
30,D4,dayPeak pairwise ordering (headliners),wt_med,0.7024084778420039,0.6997296661138535,0.7050314128398896,394440.0,14992,201,wt_med,,,,11,all
45,D4,dayPeak pairwise ordering (headliners),clim,0.6902159497306345,0.6870377197861671,0.6935948580503464,327993.0,12786,186,wt_med,-0.0052445602059547625,-0.007376414537429809,-0.0031008765101432803,12,all
45,D4,dayPeak pairwise ordering (headliners),h5,0.7135089793172563,0.7106573507189751,0.7164803877472877,361219.0,13730,186,wt_med,0.019770705057301385,0.01869699954986572,0.020915712416172027,12,all
45,D4,dayPeak pairwise ordering (headliners),lvlh5_cbd,0.6640219152454607,0.6566630437970161,0.6711793571710587,59867.0,2052,186,wt_med,-0.04586122331881304,-0.05243371874094009,-0.038926154375076294,12,all
45,D4,dayPeak pairwise ordering (headliners),lvlh5_naive,0.7210552086418783,0.7180882975459099,0.7240621343255043,330854.0,12568,186,wt_med,0.02264864502296471,0.020589861273765563,0.024818095564842223,12,all
45,D4,dayPeak pairwise ordering (headliners),lvlh5_tft,0.7223009116251036,0.7176533550024032,0.7269555658102036,132730.0,5185,186,wt_med,0.03425676314795356,0.03087804317474365,0.03763287663459778,12,all
45,D4,dayPeak pairwise ordering (headliners),prod_served,0.6725833464550022,0.6675770863890648,0.6772190511226654,139718.0,5260,186,wt_med,-0.01889278372843306,-0.022587653994560242,-0.014801366627216341,12,all
45,D4,dayPeak pairwise ordering (headliners),wt_med,0.6938456532440408,0.6908657193183899,0.6970112949609757,359567.0,13686,186,wt_med,,,,12,all
60,D4,dayPeak pairwise ordering (headliners),clim,0.6892509108959355,0.6858988210558892,0.6923904672265053,290099.0,11431,171,clim,,,,13,all
60,D4,dayPeak pairwise ordering (headliners),h5,0.7079553406114348,0.7044772252440452,0.7110272869467735,322978.0,12274,171,clim,0.021877687638424348,0.01955275535583496,0.02419217675924301,13,all
60,D4,dayPeak pairwise ordering (headliners),lvlh5_naive,0.7153982361153676,0.712131854891777,0.7185477942228318,293670.0,11110,171,clim,0.024224197022824523,0.021565398573875426,0.026914164423942566,13,all
60,D4,dayPeak pairwise ordering (headliners),lvlh5_tft,0.7341137123745819,0.675177900493145,0.8010522142052651,598.0,43,171,clim,0.06706696208951923,0.0022797435522079468,0.14811842590570448,13,all
60,D4,dayPeak pairwise ordering (headliners),prod_served,0.6427378964941569,0.5771467879414558,0.7120198547840119,599.0,43,171,clim,-0.02430885379090575,-0.08758882731199265,0.05167857706546779,13,all
60,D4,dayPeak pairwise ordering (headliners),wt_med,0.6888549760966722,0.6854536339640618,0.6918743282556534,321085.0,12224,171,clim,0.0019612144607010773,-0.0003201201558113098,0.004107090830802917,13,all
90,D4,dayPeak pairwise ordering (headliners),clim,0.6875287853945211,0.6838883385062218,0.6913192123174667,217124.0,8818,141,wt_med,-0.0030545517630201635,-0.005601935088634491,-0.0006928056478500368,14,all
90,D4,dayPeak pairwise ordering (headliners),h5,0.7062082431069739,0.7028368353843689,0.7097742199897766,248911.0,9531,141,wt_med,0.01848655748544037,0.01716105788946152,0.01974868178367615,14,all
90,D4,dayPeak pairwise ordering (headliners),lvlh5_naive,0.7135010772136074,0.7101621493697167,0.7170118317008018,225582.0,8595,141,wt_med,0.019139561205878897,0.016459247469902037,0.02161440849304199,14,all
90,D4,dayPeak pairwise ordering (headliners),wt_med,0.6878695711962984,0.6844367176294327,0.691270788013935,247246.0,9485,141,wt_med,,,,14,all
0,UC3,dayPeak Spearman across rides,clim,0.7478559668389005,0.7444434970617294,0.7515660285949707,16543.0,16543,231,wt_med,-0.02667408369255564,-0.02868528664112091,-0.02478134334087372,0,all
0,UC3,dayPeak Spearman across rides,h5,0.7657960810283005,0.7626385375857353,0.7689342245459556,17704.0,17704,231,wt_med,-0.001742681908265875,-0.0028461381793022157,-0.0007502108812332155,0,all
0,UC3,dayPeak Spearman across rides,lvlh5_cbd,0.5929133729343647,0.5876296997070313,0.5981658905744552,10045.0,10045,231,wt_med,-0.18068570294654407,-0.18533411026000976,-0.17576518803834915,0,all
0,UC3,dayPeak Spearman across rides,lvlh5_naive,0.7424730808110117,0.7390704125165939,0.746031254529953,16648.0,16648,231,wt_med,-0.031135438004729843,-0.03343202024698257,-0.029013116657733918,0,all
0,UC3,dayPeak Spearman across rides,lvlh5_tft,0.7366046813499498,0.7323838889598846,0.7407475233078002,12372.0,12372,231,wt_med,-0.029791091728324504,-0.032554878294467925,-0.026748967170715333,0,all
0,UC3,dayPeak Spearman across rides,snaive7,0.7408866347185828,0.7372465983033181,0.7446812212467193,16351.0,16351,231,wt_med,-0.0397475002055977,-0.04262818545103073,-0.036791475117206575,0,all
0,UC3,dayPeak Spearman across rides,wt_med,0.7685147103251002,0.7652145326137543,0.7716149151325226,17661.0,17661,231,wt_med,,,,0,all
1,UC3,dayPeak Spearman across rides,clim,0.7465264901675245,0.7428836271166801,0.7499077990651131,16462.0,16462,230,wt_med,-0.023736701969596208,-0.02587026357650757,-0.021599286794662477,1,all
1,UC3,dayPeak Spearman across rides,h5,0.762582797881758,0.759315513074398,0.7658050581812859,17571.0,17571,230,wt_med,-0.0009090901479762437,-0.001971842348575592,4.034042358398428e-05,1,all
1,UC3,dayPeak Spearman across rides,lvlh5_cbd,0.6042215462342252,0.5988015428185463,0.6098551243543625,9876.0,9876,230,wt_med,-0.1658616365565342,-0.170714870095253,-0.16133358478546142,1,all
1,UC3,dayPeak Spearman across rides,lvlh5_naive,0.7429213018563412,0.7392147034406662,0.7467509195208549,16609.0,16609,230,wt_med,-0.026195350270076245,-0.028469957411289215,-0.024012427031993865,1,all
1,UC3,dayPeak Spearman across rides,lvlh5_tft,0.732139702454199,0.7279879152774811,0.7361537143588066,12237.0,12237,230,wt_med,-0.030428322509954198,-0.03300395607948303,-0.027689501643180847,1,all
1,UC3,dayPeak Spearman across rides,snaive7,0.7408453852991544,0.7372543424367904,0.7446644604206085,16322.0,16322,230,wt_med,-0.03524573840911249,-0.038057275116443634,-0.03230883777141571,1,all
1,UC3,dayPeak Spearman across rides,wt_med,0.7640851109136131,0.7607661291956902,0.7674930259585381,17531.0,17531,230,wt_med,,,,1,all
2,UC3,dayPeak Spearman across rides,clim,0.7457433076708629,0.7421340629458427,0.7492404222488404,16373.0,16373,229,wt_med,-0.023309755854598935,-0.02533881813287735,-0.021435533463954926,2,all
2,UC3,dayPeak Spearman across rides,h5,0.7610807951154039,0.7576814994215966,0.7643282249569893,17470.0,17470,229,wt_med,-0.0008003220788797005,-0.0018632858991622925,0.00022966414690017673,2,all
2,UC3,dayPeak Spearman across rides,lvlh5_cbd,0.605066245905925,0.5988483175635337,0.6103446945548058,9715.0,9715,229,wt_med,-0.16392583516115788,-0.1686017856001854,-0.15908850729465485,2,all
2,UC3,dayPeak Spearman across rides,lvlh5_naive,0.7422446188053627,0.7385015949606896,0.7456386014819145,16572.0,16572,229,wt_med,-0.025146688399793393,-0.027272380888462067,-0.02292715013027191,2,all
2,UC3,dayPeak Spearman across rides,lvlh5_tft,0.7300449914295467,0.7256181940436364,0.7340872108936309,12128.0,12128,229,wt_med,-0.03165295428307591,-0.03435845524072647,-0.028973065316677094,2,all
2,UC3,dayPeak Spearman across rides,snaive7,0.74074499410809,0.7373044833540916,0.7444941580295563,16289.0,16289,229,wt_med,-0.03338612830174237,-0.03632502108812332,-0.03042060285806656,2,all
2,UC3,dayPeak Spearman across rides,wt_med,0.7626058515681169,0.7592802047729492,0.7656962022185325,17428.0,17428,229,wt_med,,,,2,all
3,UC3,dayPeak Spearman across rides,clim,0.7450087639893883,0.7411615401506424,0.7485091060400009,16279.0,16279,228,wt_med,-0.023112886435634028,-0.025066037476062775,-0.021140141785144805,3,all
3,UC3,dayPeak Spearman across rides,h5,0.7601432154542596,0.7567374557256699,0.7636638417840004,17361.0,17361,228,wt_med,-0.0010851872623781622,-0.002126297354698181,-7.43702054023745e-05,3,all
3,UC3,dayPeak Spearman across rides,lvlh5_cbd,0.6037833347102831,0.597833602130413,0.6091079652309418,9612.0,9612,228,wt_med,-0.1650601974302397,-0.16955741196870805,-0.1605331689119339,3,all
3,UC3,dayPeak Spearman across rides,lvlh5_naive,0.7417499413057302,0.7379613593220711,0.7451961889863015,16529.0,16529,228,wt_med,-0.024578955275570524,-0.026653046905994415,-0.02239125967025757,3,all
3,UC3,dayPeak Spearman across rides,lvlh5_tft,0.728227934849754,0.7239819079637527,0.7323974668979645,12015.0,12015,228,wt_med,-0.0327000943910416,-0.03546757251024246,-0.030046044290065767,3,all
3,UC3,dayPeak Spearman across rides,prod_served,0.7659910340621415,0.7616748258471489,0.7701964989304543,11006.0,11006,228,wt_med,-0.0038060788016919256,-0.0064496338367462155,-0.001078242063522339,3,all
3,UC3,dayPeak Spearman across rides,snaive7,0.7405176329163102,0.7368808299303055,0.7445041090250015,16248.0,16248,228,wt_med,-0.03237128139713619,-0.035334861278533934,-0.029404453933238983,3,all
3,UC3,dayPeak Spearman across rides,wt_med,0.7618701814974147,0.7584909319877624,0.7654653891921044,17322.0,17322,228,wt_med,,,,3,all
4,UC3,dayPeak Spearman across rides,clim,0.7437640370338024,0.740292476117611,0.7474426686763763,16186.0,16186,227,wt_med,-0.023401163245788337,-0.025331899523735046,-0.021414825320243837,4,all
4,UC3,dayPeak Spearman across rides,h5,0.7591730888373012,0.7561409085988998,0.7626637294888496,17265.0,17265,227,wt_med,-0.0010440224455384728,-0.001958687603473663,8.751451969146689e-05,4,all
4,UC3,dayPeak Spearman across rides,lvlh5_cbd,0.6022481923937419,0.5965831875801086,0.6080085083842277,9511.0,9511,227,wt_med,-0.165960809374179,-0.1705281600356102,-0.16083811074495316,4,all
4,UC3,dayPeak Spearman across rides,lvlh5_naive,0.741239076021292,0.7378862455487252,0.7451375871896744,16487.0,16487,227,wt_med,-0.023791943954099892,-0.0259992778301239,-0.02147614061832428,4,all
4,UC3,dayPeak Spearman across rides,lvlh5_tft,0.7269080084919424,0.7228313460946083,0.7308156713843346,11908.0,11908,227,wt_med,-0.03337102926210578,-0.03634882569313049,-0.030526566505432128,4,all
4,UC3,dayPeak Spearman across rides,prod_served,0.7657522663724582,0.7617806747555733,0.7699692606925964,10909.0,10909,227,wt_med,-0.003419507162335189,-0.0060216054320335385,-0.0006542161107063294,4,all
4,UC3,dayPeak Spearman across rides,snaive7,0.7404050530275689,0.7369117259979248,0.7440136268734932,16208.0,16208,227,wt_med,-0.031117903498360855,-0.034247657656669615,-0.028397053480148315,4,all
4,UC3,dayPeak Spearman across rides,wt_med,0.76108314602956,0.7578909158706665,0.7645707502961159,17213.0,17213,227,wt_med,,,,4,all
5,UC3,dayPeak Spearman across rides,clim,0.7429382119375365,0.7392602786421776,0.7461631193757057,16101.0,16101,226,wt_med,-0.023238866323609608,-0.025293371081352232,-0.021213990449905396,5,all
5,UC3,dayPeak Spearman across rides,h5,0.7583514021445296,0.755064845085144,0.7615884706377983,17169.0,17169,226,wt_med,-0.0007933590001863999,-0.0018286168575286864,0.00020700842142105103,5,all
5,UC3,dayPeak Spearman across rides,lvlh5_cbd,0.5958610879970548,0.590065960586071,0.6017285585403442,9410.0,9410,226,wt_med,-0.17151497314826636,-0.17636790722608567,-0.16612710505723954,5,all
5,UC3,dayPeak Spearman across rides,lvlh5_naive,0.7414538586867808,0.7378995031118393,0.7451639220118522,16453.0,16453,226,wt_med,-0.022632073306733003,-0.024864012002944948,-0.020478296279907226,5,all
5,UC3,dayPeak Spearman across rides,lvlh5_tft,0.7243988150098281,0.7201129510998726,0.7287285298109054,11792.0,11792,226,wt_med,-0.035231592521882016,-0.03814005255699158,-0.03236202001571655,5,all
5,UC3,dayPeak Spearman across rides,prod_served,0.7637872929019638,0.7596569731831551,0.7678708389401436,10810.0,10810,226,wt_med,-0.0048630234198026034,-0.007684193551540375,-0.0021162807941436774,5,all
5,UC3,dayPeak Spearman across rides,snaive7,0.7405747201096624,0.7366329535841942,0.7439984247088433,16177.0,16177,226,wt_med,-0.02987796402243581,-0.03267102688550949,-0.02701123207807541,5,all
5,UC3,dayPeak Spearman across rides,wt_med,0.7604147125668334,0.7570351600646973,0.7637439474463463,17113.0,17113,226,wt_med,,,,5,all
6,UC3,dayPeak Spearman across rides,clim,0.742403435029161,0.7386685118079186,0.7461418688297272,16012.0,16012,225,wt_med,-0.021666635728240458,-0.023681353032588958,-0.019729840755462646,6,all
6,UC3,dayPeak Spearman across rides,h5,0.7561249735162576,0.7525655955076218,0.7594468280673027,17068.0,17068,225,wt_med,-0.000937736776351783,-0.001977379620075226,5.434453487396209e-05,6,all
6,UC3,dayPeak Spearman across rides,lvlh5_cbd,0.5646091134309834,0.5583617016673088,0.570742990076542,9302.0,9302,225,wt_med,-0.20071140676748012,-0.20608204752206802,-0.1954081580042839,6,all
6,UC3,dayPeak Spearman across rides,lvlh5_naive,0.7413362287384265,0.7376050040125847,0.7449255302548409,16415.0,16415,225,wt_med,-0.020208594815851133,-0.022493113577365876,-0.01789126545190811,6,all
6,UC3,dayPeak Spearman across rides,lvlh5_tft,0.722482417281929,0.7183234736323356,0.7267992258071899,11667.0,11667,225,wt_med,-0.03486288037514851,-0.03781809955835343,-0.03190451413393021,6,all
6,UC3,dayPeak Spearman across rides,prod_served,0.76127234331438,0.7572353303432464,0.765543270111084,10707.0,10707,225,wt_med,-0.004938733795441297,-0.007660709321498871,-0.0022234976291656498,6,all
6,UC3,dayPeak Spearman across rides,snaive7,0.7406372938998403,0.7371840998530388,0.7442115783691406,16145.0,16145,225,wt_med,-0.02707185282057689,-0.029991993308067323,-0.02402414381504059,6,all
6,UC3,dayPeak Spearman across rides,wt_med,0.7579344796441948,0.754299347102642,0.7612756222486496,17014.0,17014,225,wt_med,,,,6,all
7,UC3,dayPeak Spearman across rides,clim,0.7413803815211194,0.7374043494462967,0.7451129227876663,15925.0,15925,224,wt_med,-0.019662994325909566,-0.021749055385589598,-0.017770522832870485,7,all
7,UC3,dayPeak Spearman across rides,h5,0.7518144573581172,0.7485035806894302,0.755257973074913,16938.0,16938,224,wt_med,-0.0017893199727836429,-0.002772854268550873,-0.0007079035043716436,7,all
7,UC3,dayPeak Spearman across rides,lvlh5_cbd,0.5550920897556343,0.5491390228271484,0.5613391697406769,9182.0,9182,224,wt_med,-0.20652645699635275,-0.212035371363163,-0.2009821742773056,7,all
7,UC3,dayPeak Spearman across rides,lvlh5_naive,0.7301917920492795,0.7263173043727875,0.7337419986724854,15880.0,15880,224,wt_med,-0.030268690639715268,-0.03264210522174835,-0.028070466220378877,7,all
7,UC3,dayPeak Spearman across rides,lvlh5_tft,0.7171445937963177,0.7128478184342384,0.7213582277297974,11536.0,11536,224,wt_med,-0.03606031684518274,-0.03893354535102844,-0.03320288509130478,7,all
7,UC3,dayPeak Spearman across rides,prod_served,0.7550543456683416,0.7508649289608001,0.7595377624034881,10598.0,10598,224,wt_med,-0.008435404461793361,-0.011428610980510711,-0.005631276965141298,7,all
7,UC3,dayPeak Spearman across rides,wt_med,0.7541060459010583,0.7509196072816848,0.7575238987803459,16894.0,16894,224,wt_med,,,,7,all
10,UC3,dayPeak Spearman across rides,clim,0.7400301141154676,0.7363400593400001,0.7438630744814873,15672.0,15672,221,wt_med,-0.017097229691423355,-0.019015301764011384,-0.015069283545017242,8,all
10,UC3,dayPeak Spearman across rides,h5,0.7482056147822265,0.7446861878037453,0.7520414143800735,16656.0,16656,221,wt_med,-0.001351869334513922,-0.002407030761241913,-0.000332900881767273,8,all
10,UC3,dayPeak Spearman across rides,lvlh5_cbd,0.5505304548216631,0.5442490935325622,0.5570059433579445,8851.0,8851,221,wt_med,-0.20833435860924165,-0.21391573250293733,-0.20281587392091752,8,all
10,UC3,dayPeak Spearman across rides,lvlh5_naive,0.7305113146608699,0.726769432425499,0.7343590050935745,15762.0,15762,221,wt_med,-0.02551878883335401,-0.027738842368125915,-0.023284469544887543,8,all
10,UC3,dayPeak Spearman across rides,lvlh5_tft,0.7158605732765666,0.7114208370447159,0.7202901870012284,11205.0,11205,221,wt_med,-0.033962520935922114,-0.036988462507724765,-0.03083699643611908,8,all
10,UC3,dayPeak Spearman across rides,prod_served,0.7533966697544677,0.7491291135549545,0.7578021928668022,10338.0,10338,221,wt_med,-0.0057829685808366005,-0.008656321465969086,-0.0030189350247383125,8,all
10,UC3,dayPeak Spearman across rides,wt_med,0.7502677911746651,0.7467946350574494,0.7538632556796074,16603.0,16603,221,wt_med,,,,8,all
14,UC3,dayPeak Spearman across rides,clim,0.7377719261720318,0.734075228869915,0.7414487421512603,15334.0,15334,217,wt_med,-0.013779751116044459,-0.015679027140140533,-0.011899305880069733,9,all
14,UC3,dayPeak Spearman across rides,h5,0.7430110635334896,0.7393800482153893,0.7465407088398933,16292.0,16292,217,wt_med,-0.0004240937382294918,-0.0013943195343017578,0.0006335794925689697,9,all
14,UC3,dayPeak Spearman across rides,lvlh5_cbd,0.545948422240406,0.5395205974578857,0.5522716671228409,8412.0,8412,217,wt_med,-0.2074693759063314,-0.2129587858915329,-0.201325823366642,9,all
14,UC3,dayPeak Spearman across rides,lvlh5_naive,0.7216608829280374,0.717555844783783,0.7254942238330842,15163.0,15163,217,wt_med,-0.029779538124963145,-0.03186380863189697,-0.027462032437324525,9,all
14,UC3,dayPeak Spearman across rides,lvlh5_tft,0.7084824226109325,0.7036132723093033,0.7132407620549202,10744.0,10744,217,wt_med,-0.03447869440604545,-0.037684366106987,-0.031442829966545106,9,all
14,UC3,dayPeak Spearman across rides,prod_served,0.745169457718227,0.7404636651277542,0.7497777000069619,9957.0,9957,217,wt_med,-0.007832504773358506,-0.010605189204216003,-0.0049247145652771,9,all
14,UC3,dayPeak Spearman across rides,wt_med,0.7443740023361605,0.7407541945576668,0.7477846533060074,16223.0,16223,217,wt_med,,,,9,all
21,UC3,dayPeak Spearman across rides,clim,0.7339042429138499,0.7302228271961212,0.7376994907855987,14779.0,14779,210,wt_med,-0.01015864831910851,-0.01225060373544693,-0.00811905860900879,10,all
21,UC3,dayPeak Spearman across rides,h5,0.7352443365840127,0.7316226437687874,0.7387642934918404,15661.0,15661,210,wt_med,-0.0003493179733065066,-0.0014371588826179503,0.0006085038185119629,10,all
21,UC3,dayPeak Spearman across rides,lvlh5_cbd,0.5441096065678238,0.537330624461174,0.5510598942637444,7684.0,7684,210,wt_med,-0.20422431287432152,-0.21008783280849458,-0.1979152038693428,10,all
21,UC3,dayPeak Spearman across rides,lvlh5_naive,0.7167855764824294,0.7130878046154976,0.720842756330967,14508.0,14508,210,wt_med,-0.02800855489560239,-0.03030557036399841,-0.025678007304668425,10,all
21,UC3,dayPeak Spearman across rides,lvlh5_tft,0.7018727020593103,0.6975537091493607,0.7064202651381493,9973.0,9973,210,wt_med,-0.034995585252776795,-0.03830844163894653,-0.03194523006677628,10,all
21,UC3,dayPeak Spearman across rides,prod_served,0.7392433512360655,0.7348215565085411,0.7440630555152893,9325.0,9325,210,wt_med,-0.005899081190683053,-0.008966539800167084,-0.002949632704257967,10,all
21,UC3,dayPeak Spearman across rides,wt_med,0.7365803716448799,0.7327610835433006,0.7401579514145851,15613.0,15613,210,wt_med,,,,10,all
30,UC3,dayPeak Spearman across rides,clim,0.7285931963005101,0.7245438873767853,0.7327364936470986,14024.0,14024,201,wt_med,-0.009016319132571504,-0.011117637157440186,-0.006967714428901673,11,all
30,UC3,dayPeak Spearman across rides,h5,0.7289889885614125,0.7250769704580307,0.7328669786453247,14858.0,14858,201,wt_med,-0.0004922519385550661,-0.0016337320208549499,0.0006348773837089532,11,all
30,UC3,dayPeak Spearman across rides,lvlh5_cbd,0.5400295289978312,0.5327886447310448,0.5470764517784119,6830.0,6830,201,wt_med,-0.2049209318896842,-0.21173696219921112,-0.19818122535943986,11,all
30,UC3,dayPeak Spearman across rides,lvlh5_naive,0.7100714344529307,0.7061835423111915,0.7141323044896126,13809.0,13809,201,wt_med,-0.028374340387532282,-0.030657751858234404,-0.025988520681858064,11,all
30,UC3,dayPeak Spearman across rides,lvlh5_tft,0.7003307737476057,0.6947087824344635,0.705922269821167,7482.0,7482,201,wt_med,-0.030264338695764503,-0.03369534462690353,-0.026872737705707552,11,all
30,UC3,dayPeak Spearman across rides,prod_served,0.7271198757491668,0.7215174600481987,0.7324459105730057,7568.0,7568,201,wt_med,-0.011488816574577454,-0.0148257315158844,-0.00805840939283371,11,all
30,UC3,dayPeak Spearman across rides,wt_med,0.7305567580188651,0.7267312452197074,0.7343386933207512,14812.0,14812,201,wt_med,,,,11,all
45,UC3,dayPeak Spearman across rides,clim,0.7246652693140613,0.7205515652894974,0.7292770981788635,12744.0,12744,186,clim,,,,12,all
45,UC3,dayPeak Spearman across rides,h5,0.721447475262,0.7172432005405426,0.725725743174553,13595.0,13595,186,clim,0.00479467083419427,0.0023292914032936097,0.0071925193071365355,12,all
45,UC3,dayPeak Spearman across rides,lvlh5_cbd,0.5436825110194482,0.5317149937152863,0.5560378983616829,2062.0,2062,186,clim,-0.16980934074964982,-0.1801554888486862,-0.15866342335939407,12,all
45,UC3,dayPeak Spearman across rides,lvlh5_naive,0.7021689086037033,0.6977087691426277,0.7067132771015168,12493.0,12493,186,clim,-0.024588774908045008,-0.02751385569572449,-0.021470075845718382,12,all
45,UC3,dayPeak Spearman across rides,lvlh5_tft,0.6874171497442132,0.6799744382500649,0.6946663618087768,5086.0,5086,186,clim,-0.030463770961338232,-0.03537440598011017,-0.025174486637115478,12,all
45,UC3,dayPeak Spearman across rides,prod_served,0.7106808929958086,0.7038807362318039,0.7176847457885742,5263.0,5263,186,clim,-0.016798743551040496,-0.021201737225055695,-0.012181267142295841,12,all
45,UC3,dayPeak Spearman across rides,wt_med,0.7243720837465704,0.7203762233257294,0.728480587899685,13556.0,13556,186,clim,0.006281309634938892,0.003990970551967621,0.008663669228553772,12,all
60,UC3,dayPeak Spearman across rides,clim,0.7222428207136984,0.717769855260849,0.7266297698020935,11399.0,11399,171,clim,,,,13,all
60,UC3,dayPeak Spearman across rides,h5,0.716438053589738,0.712119409441948,0.7209136933088303,12157.0,12157,171,clim,0.004779609679593233,0.0021264776587486267,0.007732033729553223,13,all
60,UC3,dayPeak Spearman across rides,lvlh5_naive,0.6952331300741491,0.6906603842973709,0.6999807715415954,11102.0,11102,171,clim,-0.02813405310896877,-0.03154873847961426,-0.024670515954494477,13,all
60,UC3,dayPeak Spearman across rides,lvlh5_tft,0.6014731633984174,0.5314637094736099,0.6685324117541314,60.0,60,171,clim,-0.10273593019405802,-0.19053832590579986,-0.02075137495994568,13,all
60,UC3,dayPeak Spearman across rides,prod_served,0.8170003309947276,0.7631510481238365,0.8687201797962188,58.0,58,171,clim,0.11623422374846615,0.04748346358537674,0.18322328776121138,13,all
60,UC3,dayPeak Spearman across rides,wt_med,0.7183114062465893,0.7140502303838729,0.7226393237709999,12120.0,12120,171,clim,0.006294321914071421,0.0034534618258476256,0.008669979870319366,13,all
90,UC3,dayPeak Spearman across rides,clim,0.7124495959214248,0.7073618471622467,0.7177424997091293,8802.0,8802,141,wt_med,-0.015324522396609974,-0.018266330659389495,-0.01235969215631485,14,all
90,UC3,dayPeak Spearman across rides,h5,0.7136015109835938,0.7087053045630455,0.7184196159243583,9483.0,9483,141,wt_med,-0.003463592181731423,-0.004883210361003876,-0.0018905103206634526,14,all
90,UC3,dayPeak Spearman across rides,lvlh5_naive,0.6978063054133452,0.6922334894537926,0.7033349350094795,8602.0,8602,141,wt_med,-0.031733089225866706,-0.03470074385404587,-0.028657025098800658,14,all
90,UC3,dayPeak Spearman across rides,wt_med,0.7182003845437359,0.7133530735969543,0.7230071604251862,9449.0,9449,141,wt_med,,,,14,all
1,D4,optimiser regret (min per park-day),clim,30.27628802532091,29.715741014480592,30.87320456504822,11374.0,11374,230,wt_med,0.8680187345351698,0.4561530590057373,1.281598138809204,1,all
1,D4,optimiser regret (min per park-day),h5,28.67659137577002,28.14928183555603,29.211672925949095,12662.0,12662,230,wt_med,-0.7257680400095268,-1.0823424339294434,-0.38161416053771985,1,all
1,D4,optimiser regret (min per park-day),lvlh5_cbd,28.971903750884643,28.21251940727234,29.65535635948181,7065.0,7065,230,wt_med,-0.13961085073142954,-0.7313040733337403,0.4892324447631834,1,all
1,D4,optimiser regret (min per park-day),lvlh5_naive,28.894605352303522,28.327988624572754,29.438530492782593,11808.0,11808,230,wt_med,-0.5404442937086635,-0.8855459213256835,-0.1616220474243164,1,all
1,D4,optimiser regret (min per park-day),lvlh5_tft,27.85080831408776,27.23921208381653,28.48393111228943,8660.0,8660,230,wt_med,-0.6815231250724487,-1.1086714267730713,-0.23081855773925786,1,all
1,D4,optimiser regret (min per park-day),snaive7,34.45905359729599,33.786653709411624,35.13702335357666,10355.0,10355,230,wt_med,4.795430290094114,4.20572714805603,5.392213726043701,1,all
1,D4,optimiser regret (min per park-day),wt_med,29.385671215487147,28.86247944831848,29.904729747772215,12604.0,12604,230,wt_med,,,,1,all
3,D4,optimiser regret (min per park-day),clim,30.521586256008547,29.97494993209839,31.11198945045471,11234.0,11234,228,wt_med,0.6109967788117387,0.18695297241210937,1.041261577606201,3,all
3,D4,optimiser regret (min per park-day),h5,28.874980066974963,28.380378580093385,29.405180835723876,12542.0,12542,228,wt_med,-0.9126945915583384,-1.2430346488952637,-0.5810657501220704,3,all
3,D4,optimiser regret (min per park-day),lvlh5_cbd,29.364069952305247,28.674683809280396,30.121887111663817,6919.0,6919,228,wt_med,-0.4016250725478834,-1.0162181854248047,0.21197514533996578,3,all
3,D4,optimiser regret (min per park-day),lvlh5_naive,28.863566943831664,28.305220890045167,29.38184313774109,11786.0,11786,228,wt_med,-1.0183201564226785,-1.4301732063293457,-0.6212078094482423,3,all
3,D4,optimiser regret (min per park-day),lvlh5_tft,27.857745983347016,27.23822464942932,28.473776388168336,8527.0,8527,228,wt_med,-1.2234004948745145,-1.6530071258544923,-0.7269903659820559,3,all
3,D4,optimiser regret (min per park-day),prod_served,32.16320512820513,31.553042030334474,32.819971561431885,7800.0,7800,228,wt_med,2.7696261081845037,2.1736834049224854,3.3383062839508053,3,all
3,D4,optimiser regret (min per park-day),snaive7,34.28719606329602,33.70504360198974,34.90253782272339,10364.0,10364,228,wt_med,4.120805369127517,3.5340482234954833,4.695638990402221,3,all
3,D4,optimiser regret (min per park-day),wt_med,29.79101844426624,29.245049381256102,30.35591926574707,12470.0,12470,228,wt_med,,,,3,all
7,D4,optimiser regret (min per park-day),clim,30.53391605208049,29.925807428359985,31.141003465652467,10983.0,10983,224,wt_med,0.5347196775375593,0.12070255279541016,0.9326521873474118,7,all
7,D4,optimiser regret (min per park-day),h5,29.192439862542955,28.65700144767761,29.755421257019044,12222.0,12222,224,wt_med,-0.8280105358465732,-1.1818739414215087,-0.45823698043823247,7,all
7,D4,optimiser regret (min per park-day),lvlh5_cbd,29.899591404358354,29.136157083511353,30.661615419387818,6608.0,6608,224,wt_med,-0.11846901579587055,-0.7821841716766358,0.4849031925201416,7,all
7,D4,optimiser regret (min per park-day),lvlh5_naive,29.423926543647976,28.845626306533813,29.94990372657776,11272.0,11272,224,wt_med,-0.5269165852358526,-0.9276764392852783,-0.12895889282226575,7,all
7,D4,optimiser regret (min per park-day),lvlh5_tft,28.642182130584192,27.99565443992615,29.311604261398315,8148.0,8148,224,wt_med,-0.4639645189109274,-0.9347784996032715,0.05759801864623991,7,all
7,D4,optimiser regret (min per park-day),prod_served,32.9234306277489,32.2604115486145,33.55838127136231,7503.0,7503,224,wt_med,3.615718482905983,3.037956190109253,4.207856893539429,7,all
7,D4,optimiser regret (min per park-day),wt_med,30.039935839434072,29.492410135269164,30.560936832427977,12157.0,12157,224,wt_med,,,,7,all
14,D4,optimiser regret (min per park-day),clim,31.040966584859355,30.471695804595946,31.619425296783447,10594.0,10594,217,wt_med,0.26228261902499383,-0.17372660636901854,0.7034801006317138,9,all
14,D4,optimiser regret (min per park-day),h5,29.672548686112766,29.102736902236938,30.226912355422975,11759.0,11759,217,wt_med,-1.1833119383825412,-1.5567731857299805,-0.7871455192565919,9,all
14,D4,optimiser regret (min per park-day),lvlh5_cbd,30.908747743312,30.126613235473634,31.650750732421873,6093.0,6093,217,wt_med,0.014320987654322437,-0.6716068744659424,0.6209980010986327,9,all
14,D4,optimiser regret (min per park-day),lvlh5_naive,29.95812053115424,29.37198085784912,30.52254009246826,10769.0,10769,217,wt_med,-0.8487031700288163,-1.2328785896301269,-0.4233979225158692,9,all
14,D4,optimiser regret (min per park-day),lvlh5_tft,29.305123814541624,28.63927044868469,29.951854848861693,7592.0,7592,217,wt_med,-0.5530002643404721,-1.0706122875213624,0.0040223121643066,9,all
14,D4,optimiser regret (min per park-day),prod_served,33.57099290780142,32.88254480361938,34.276077842712404,7050.0,7050,217,wt_med,3.524235963041935,2.8789727210998537,4.15598874092102,9,all
14,D4,optimiser regret (min per park-day),wt_med,30.877244740892767,30.302259635925292,31.45755181312561,11694.0,11694,217,wt_med,,,,9,all
30,D4,optimiser regret (min per park-day),clim,31.534477395271672,30.926426506042482,32.17880392074585,9644.0,9644,201,clim,,,,11,all
30,D4,optimiser regret (min per park-day),h5,30.23652611002513,29.705095863342287,30.80416331291199,10743.0,10743,201,clim,-1.2915750915750905,-1.7587475776672363,-0.8008752822875977,11,all
30,D4,optimiser regret (min per park-day),lvlh5_cbd,30.96482965931864,30.07234477996826,31.862362480163576,4990.0,4990,201,clim,-0.630625915846764,-1.4302929878234862,0.10077142715454099,11,all
30,D4,optimiser regret (min per park-day),lvlh5_naive,30.85935910478128,30.271928548812866,31.466921520233154,9830.0,9830,201,clim,-0.5847051128311342,-1.102946901321411,-0.1091984272003174,11,all
30,D4,optimiser regret (min per park-day),lvlh5_tft,29.865531023981728,29.093686962127684,30.637117671966553,5254.0,5254,201,clim,-0.8136200716845856,-1.5396437168121337,-0.10629839897155782,11,all
30,D4,optimiser regret (min per park-day),prod_served,34.78966098520322,33.97321548461914,35.64671306610107,5339.0,5339,201,clim,3.8615659702616263,3.09631085395813,4.6337940216064455,11,all
30,D4,optimiser regret (min per park-day),wt_med,31.6612509391435,31.10426821708679,32.27901744842529,10648.0,10648,201,clim,0.052096436058700846,-0.42348408699035645,0.49328203201293924,11,all
0-60,D1,next-best precision,clim,0.2969217543134759,0.2924056239426136,0.30131813511252403,150053.0,16131,231,snaive7,-0.04464460563271083,-0.04954926669597626,-0.03994246423244476,0,all
0-60,D1,next-best precision,h5,0.2783683932745231,0.2737564370036125,0.2829453021287918,145893.0,16757,231,snaive7,-0.04647010076447783,-0.051405148953199385,-0.041701946407556534,0,all
0-60,D1,next-best precision,lvlh5_naive,0.30906028470274644,0.30395547226071357,0.31386322900652885,122303.0,15658,231,snaive7,-0.024818315593295504,-0.02942980229854584,-0.02044641897082329,0,all
0-60,D1,next-best precision,lvlh5_tft,0.2795320075601939,0.2734618403017521,0.28520810008049013,97352.0,12117,231,snaive7,-0.03153654110389681,-0.037294956296682356,-0.025933142006397247,0,all
0-60,D1,next-best precision,snaive7,0.36533410962111673,0.36098168417811394,0.369577781111002,158017.0,16200,231,snaive7,,,,0,all
0-60,D1,next-best precision,wt_med,0.29343286234781835,0.28883117362856864,0.29802790060639384,168795.0,17924,231,snaive7,-0.040388832107445594,-0.044531552493572234,-0.03644698709249496,0,all
60-120,D1,next-best precision,clim,0.4749034294790094,0.46949614956974983,0.4802692197263241,254995.0,17432,231,snaive7,-0.0062382555609599155,-0.010723215341567994,-0.0020539969205856344,1,all
60-120,D1,next-best precision,h5,0.4773561275518694,0.4713465340435505,0.4830725535750389,228362.0,18494,231,snaive7,0.012951163100647367,0.00794701874256134,0.017763753235340116,1,all
60-120,D1,next-best precision,lvlh5_naive,0.5071894131856233,0.5012268990278244,0.5134348794817924,192088.0,16939,231,snaive7,0.03011455795246243,0.025909604132175447,0.034483739733695985,1,all
60-120,D1,next-best precision,lvlh5_tft,0.457747481809472,0.45106256380677223,0.46481322720646856,154476.0,13294,231,snaive7,0.00834871960606648,0.0028699077665805817,0.0138361819088459,1,all
60-120,D1,next-best precision,snaive7,0.5066131928735607,0.5018291845917702,0.5110991775989533,274527.0,17091,231,snaive7,,,,1,all
60-120,D1,next-best precision,wt_med,0.4740498863603671,0.46840461641550063,0.4793120376765728,278072.0,19072,231,snaive7,0.0020224057233586556,-0.0019234493374824524,0.005891945958137512,1,all
0-60,D1,next-best precision (top-3),clim,0.36837380362857103,0.3629678703844547,0.3733229756355286,69063.0,15941,231,snaive7,-0.033443085340762235,-0.038761424273252486,-0.027912500500679015,0,all
0-60,D1,next-best precision (top-3),h5,0.35541202296521446,0.3501299947500229,0.3603258542716503,71064.0,16612,231,snaive7,-0.03188069436733437,-0.036772648245096205,-0.026771970093250275,0,all
0-60,D1,next-best precision (top-3),lvlh5_naive,0.3760736004012288,0.3706004559993744,0.38096276819705965,63804.0,15495,231,snaive7,-0.021070264860776067,-0.025895281881093978,-0.015772660076618195,0,all
0-60,D1,next-best precision (top-3),lvlh5_tft,0.34715589675391406,0.34101345092058183,0.3530798241496086,49629.0,11995,231,snaive7,-0.027522594195221073,-0.033524442464113235,-0.021600573509931567,0,all
0-60,D1,next-best precision (top-3),snaive7,0.4290339989206692,0.4240093886852264,0.4336107105016708,70414.0,16033,231,snaive7,,,,0,all
0-60,D1,next-best precision (top-3),wt_med,0.3718958128968971,0.3667336732149124,0.3769171707332134,77476.0,17735,231,snaive7,-0.021813550795050873,-0.026738458871841432,-0.016966088116168978,0,all
60-120,D1,next-best precision (top-3),clim,0.5646198182221237,0.5594366431236267,0.5695709094405175,99242.0,17400,231,snaive7,0.003877491258828969,-0.000297228991985321,0.00808323323726654,1,all
60-120,D1,next-best precision (top-3),h5,0.5641399564534914,0.5587238416075706,0.5691930755972863,98745.0,18437,231,snaive7,0.016037931630508817,0.01210913509130478,0.02021331042051315,1,all
60-120,D1,next-best precision (top-3),lvlh5_naive,0.5740699112060245,0.5687394067645073,0.5795590311288834,88970.0,16890,231,snaive7,0.012502717055405843,0.008639061450958252,0.016536584496498107,1,all
60-120,D1,next-best precision (top-3),lvlh5_tft,0.5290187199734938,0.5228200897574424,0.5354848831892014,72436.0,13277,231,snaive7,-0.006035614553032809,-0.011012206971645355,-0.0008202850818634037,1,all
60-120,D1,next-best precision (top-3),snaive7,0.5909033308313919,0.586351926624775,0.5953805848956109,102587.0,17061,231,snaive7,,,,1,all
60-120,D1,next-best precision (top-3),wt_med,0.566270108764962,0.560902701318264,0.5712669163942337,109778.0,19042,231,snaive7,0.014207358392699043,0.010302214324474335,0.018230509757995606,1,all
0-60,D1,next-best recall,clim,0.4898466274531362,0.4841255500912666,0.4960746243596077,90955.0,14893,231,snaive7,-0.16106757780448122,-0.16745282337069511,-0.15391182154417038,0,all
0-60,D1,next-best recall,h5,0.3675061308333409,0.36230494603514674,0.3733520768582821,110507.0,16314,231,snaive7,-0.2887487288124929,-0.2949118211865425,-0.28222277089953424,0,all
0-60,D1,next-best recall,lvlh5_naive,0.3593744057805667,0.35429727882146833,0.3651911288499832,105180.0,15460,231,snaive7,-0.29599583902858795,-0.30144893303513526,-0.28983119651675227,0,all
0-60,D1,next-best recall,lvlh5_tft,0.356671953025676,0.35108469873666764,0.3631750151515007,76297.0,11645,231,snaive7,-0.30075283277414505,-0.30816123113036153,-0.2934010349214077,0,all
0-60,D1,next-best recall,snaive7,0.6472078657353947,0.6416161403059959,0.6530849799513817,89197.0,14756,231,snaive7,,,,0,all
0-60,D1,next-best recall,wt_med,0.4980392156862745,0.4923561528325081,0.5042229890823364,99450.0,16218,231,snaive7,-0.1565112698313081,-0.16392067447304726,-0.14998753890395164,0,all
60-120,D1,next-best recall,clim,0.5325353233743332,0.5270440205931664,0.5381402745842934,227399.0,16637,231,snaive7,-0.08691156276465739,-0.09325729757547378,-0.08103298991918564,1,all
60-120,D1,next-best recall,h5,0.464934765826591,0.45970076471567156,0.4703712843358517,234463.0,17926,231,snaive7,-0.15992209171047939,-0.1651602417230606,-0.15436876937747002,1,all
60-120,D1,next-best recall,lvlh5_naive,0.44278656710312825,0.43739621713757515,0.4481565378606319,220027.0,16735,231,snaive7,-0.18134673756143949,-0.18642636835575105,-0.1762666366994381,1,all
60-120,D1,next-best recall,lvlh5_tft,0.43676804862380786,0.43095344826579096,0.4427666038274765,161896.0,12768,231,snaive7,-0.19115931620504306,-0.19735625013709068,-0.18513642698526384,1,all
60-120,D1,next-best recall,snaive7,0.6209272008071933,0.6154073610901832,0.6262207791209221,223986.0,16827,231,snaive7,,,,1,all
60-120,D1,next-best recall,wt_med,0.5397327131579809,0.5341473668813705,0.5449656516313552,244232.0,17908,231,snaive7,-0.08416943830100887,-0.08955136388540268,-0.07887881696224212,1,all
w0-45,D2,live-window MAE (headliners),clim,13.273295950714756,13.146576762199402,13.403397560119629,1671900.0,17950,231,persistence,6.959810821821878,6.845420920848847,7.075753903388977,0,all
w0-45,D2,live-window MAE (headliners),h5,12.193059849820301,12.081468415260314,12.309756422042847,1828343.0,19279,231,persistence,5.888462670566476,5.7734607577323915,5.992719948291779,0,all
w0-45,D2,live-window MAE (headliners),lvlh5_naive,12.485263385352741,12.359268188476562,12.612252283096314,1744380.0,18603,231,persistence,6.17786530320357,6.067543733119964,6.285217213630676,0,all
w0-45,D2,live-window MAE (headliners),lvlh5_tft,11.534891084887184,11.411045503616332,11.660125875473023,1277242.0,13672,231,persistence,5.357856731046217,5.245271146297455,5.47152065038681,0,all
w0-45,D2,live-window MAE (headliners),persistence,6.2946828628068365,6.2428877592086796,6.345486032962799,1641955.0,19588,231,persistence,,,,0,all
w0-45,D2,live-window MAE (headliners),snaive7,14.147350852052272,13.99507794380188,14.284279704093933,1546384.0,18096,231,persistence,7.796017888153252,7.652908456325531,7.926203942298889,0,all
w0-45,D2,live-window MAE (headliners),wt_med,12.333544060764426,12.221262669563293,12.451424431800842,1815141.0,19271,231,persistence,6.02933357802559,5.917695784568787,6.1448413014411924,0,all
w0-45,D2,live-window bias (headliners),clim,-1.427743585142652,-1.6378924518823623,-1.2212287575006486,1671900.0,17950,231,snaive7,-1.6595274025003526,-1.8755559593439102,-1.4493519723415376,0,all
w0-45,D2,live-window bias (headliners),h5,-1.9614225831805083,-2.1446717441082,-1.772852709889412,1828343.0,19279,231,snaive7,-2.156691078782832,-2.332977205514908,-1.974611821770668,0,all
w0-45,D2,live-window bias (headliners),lvlh5_naive,-1.4540528333477816,-1.6445073693990708,-1.2658878952264787,1744380.0,18603,231,snaive7,-1.6574055487006858,-1.8243059009313582,-1.4916525661945343,0,all
w0-45,D2,live-window bias (headliners),lvlh5_tft,-2.0078924590976017,-2.2129264950752257,-1.8141931504011155,1277242.0,13672,231,snaive7,-1.9465222672084452,-2.16340429186821,-1.7221030086278915,0,all
w0-45,D2,live-window bias (headliners),persistence,-0.20313955010947315,-0.23400912582874298,-0.16752144917845727,1641955.0,19588,231,snaive7,-0.3401409506963445,-0.5666773915290833,-0.13248505443334582,0,all
w0-45,D2,live-window bias (headliners),snaive7,0.17698644062535568,-0.04102941649034619,0.38339005187153813,1546384.0,18096,231,snaive7,,,,0,all
w0-45,D2,live-window bias (headliners),wt_med,-1.5165496785098238,-1.6999899208545686,-1.321876621246338,1815141.0,19271,231,snaive7,-1.7091531946423444,-1.8862224847078324,-1.527252134680748,0,all
