uc,lead,segment,region,model,mae,mae_lo,mae_hi,bias,n_slots,coverage,n_park_days,n_origin_days,ref,diff_vs_ref,diff_lo,diff_hi,n_paired
UC2,0,all,all,snaive7,8.687277738304498,8.592569541931152,8.78537459373474,0.08619580571270866,10022251,0.8267150629040827,18263,231,wt_med,1.1632133903295294,1.0942753791809081,1.2254104018211365,9973765.0
UC2,0,all,all,wt_med,7.546579607313088,7.47040708065033,7.625796508789063,-1.2913203391584405,11741415,0.968525398167332,19405,231,wt_med,,,,
UC2,0,all,all,clim,8.06718641589278,7.985052561759948,8.155178260803222,-1.2556205847899606,10821116,0.8926118089271937,18120,231,wt_med,0.5894005819048855,0.5603584766387939,0.6194968819618225,10773582.0
UC2,0,all,all,h5,7.474169189346302,7.398980295658111,7.552989661693573,-1.5701497099456596,11845539,0.9771143747565059,19420,231,wt_med,-0.06847218265430577,-0.07337436676025391,-0.06366188526153564,11741415.0
UC2,0,all,all,lvlh5_naive,7.823553451974833,7.7436439037323,7.904850602149963,-1.0555244585701198,11222041,0.9256832952225199,18987,231,wt_med,0.32074670944702355,0.29092910289764407,0.35174807310104367,11150914.0
UC2,0,all,all,lvlh5_tft,7.367346718804708,7.283889126777649,7.454284417629242,-1.2018769304360963,8276654,0.6827243233326853,13724,231,wt_med,0.04293673927829733,-0.002366971969604492,0.0916398048400879,8212514.0
UC2,0,all,all,lvlh5_cbd,10.264065862083326,10.129587030410766,10.41660418510437,-5.845478838964461,6878737,0.567412998502596,11211,231,wt_med,2.8554483767324665,2.7661206483840943,2.947602641582489,6828223.0
UC2,0,all,all,oracle_level,5.406372610721946,5.358540487289429,5.453211569786072,-0.47746808678273706,11791957,0.9726945047591842,19258,231,wt_med,-2.1585865343448134,-2.2056991338729857,-2.1092647910118103,11694314.0
UC2,0,all,all,oracle_shape,6.542397191019989,6.459507787227631,6.625539124011993,-0.014545755717930169,11187899,0.9228669912128048,18079,231,wt_med,-0.9752918521373788,-1.0237446665763854,-0.9266235113143921,11081363.0
UC2,0,all,EU,snaive7,6.530797398144439,,,-0.05927194895938336,3901677,0.8449367273640751,6073,231,wt_med,0.6709999868718468,,,3884781.0
UC2,0,all,EU,wt_med,5.820359312153995,,,-1.4933092875982619,4483678,0.9709733060615477,6347,231,wt_med,,,,
UC2,0,all,EU,clim,6.310350682991029,,,-2.155082450067983,4131167,0.8946344674801282,6213,231,wt_med,0.4233197939020219,,,4107755.0
UC2,0,all,EU,h5,5.767508511714271,,,-1.738951472729913,4524353,0.979781775185346,6348,231,wt_med,-0.04317352573043827,,,4483678.0
UC2,0,all,EU,lvlh5_naive,6.005285721432119,,,-1.1592128956472998,4274681,0.9257134751711615,6337,231,wt_med,0.19040568296318877,,,4247226.0
UC2,0,all,EU,lvlh5_tft,5.597783901840998,,,-1.07031248392983,3255856,0.705079460295839,4380,231,wt_med,-0.18024080452394228,,,3234044.0
UC2,0,all,EU,lvlh5_cbd,8.055339531378849,,,-3.8318509118935853,2915735,0.631423766949671,3908,231,wt_med,2.232400210788492,,,2896410.0
UC2,0,all,EU,oracle_level,4.13076550509079,,,-0.48647471574165607,4500156,0.9745417376343062,6336,231,wt_med,-1.699284066125537,,,4462858.0
UC2,0,all,EU,oracle_shape,4.99261656323448,,,-0.2987380512526844,4255127,0.9214789132720403,6010,231,wt_med,-0.829294701335103,,,4211337.0
UC2,0,all,NA,snaive7,10.30538698012818,,,0.35089633121954544,3491678,0.7962957430509834,7319,231,wt_med,1.7029186480679643,,,3469346.0
UC2,0,all,NA,wt_med,8.60513149813731,,,-1.002857285278021,4252988,0.9699165385945999,7656,231,wt_med,,,,
UC2,0,all,NA,clim,9.082054108672065,,,-0.08019930304730269,3980471,0.9077675869991135,7360,231,wt_med,0.626373468400044,,,3965053.0
UC2,0,all,NA,h5,8.499907248317086,,,-1.3185655760216999,4296418,0.9798209811350359,7663,231,wt_med,-0.10905913383719869,,,4252988.0
UC2,0,all,NA,lvlh5_naive,8.890655480613637,,,-0.9001218204844859,4094050,0.9336698821706579,7538,231,wt_med,0.3674598901118348,,,4062155.0
UC2,0,all,NA,lvlh5_tft,8.383441333720008,,,-1.1073083799671724,2995845,0.6832183896512145,5276,231,wt_med,0.1943343124680137,,,2967314.0
UC2,0,all,NA,lvlh5_cbd,10.309356556563893,,,-4.824369743141328,2404227,0.548296757441046,4204,231,wt_med,2.222528384513851,,,2384841.0
UC2,0,all,NA,oracle_level,6.492415270412593,,,-0.5417656429699732,4276224,0.975215632006287,7636,231,wt_med,-2.13583776277542,,,4234573.0
UC2,0,all,NA,oracle_shape,7.311039224834249,,,0.4356903836634006,4083080,0.9311681153120674,7284,231,wt_med,-1.2303186454955446,,,4039734.0
UC2,0,all,Asia,snaive7,9.738659498131534,,,-0.04948122710065366,2628896,0.8424963105277748,4871,231,wt_med,1.178374645657148,,,2619638.0
UC2,0,all,Asia,wt_med,8.624142981660032,,,-1.3982099669556425,3004749,0.9629479243614129,5402,231,wt_med,,,,
UC2,0,all,Asia,clim,9.254917183309848,,,-1.6110038538788651,2709478,0.8683208534898962,4547,231,wt_med,0.7877214087517134,,,2700774.0
UC2,0,all,Asia,h5,8.569967576852175,,,-1.6750145589678282,3024768,0.9693635199728237,5409,231,wt_med,-0.04877510151430286,,,3004749.0
UC2,0,all,Asia,lvlh5_naive,9.016464653462005,,,-1.1231621069717912,2853310,0.9144154610117726,5112,231,wt_med,0.4487873185637824,,,2841533.0
UC2,0,all,Asia,lvlh5_tft,8.709293787881007,,,-1.5533258833864507,2024953,0.6489474789007055,4068,231,wt_med,0.17844182092114447,,,2011156.0
UC2,0,all,Asia,lvlh5_cbd,14.325698591205676,,,-11.186970383325619,1558775,0.49954893097442127,3099,231,wt_med,4.9977085375397845,,,1546972.0
UC2,0,all,Asia,oracle_level,5.769908107794548,,,-0.3728506327238752,3015577,0.9664180312239113,5286,231,wt_med,-2.874708261013176,,,2996883.0
UC2,0,all,Asia,oracle_shape,7.755190179855532,,,-0.23529798650750738,2849692,0.9132559812714218,4785,231,wt_med,-0.8285235310695344,,,2830292.0
UC2,0,busy,all,snaive7,16.63252572691173,16.456993293762206,16.80395641326904,0.6943848463527416,3108321,0.8295339637460639,15445,231,wt_med,2.124443005963771,1.9694807052612304,2.2858741521835326,3095859.0
UC2,0,busy,all,wt_med,14.545457701737158,14.419294714927673,14.682216048240662,-0.7664694329686096,3657928,0.9762104727721854,16453,231,wt_med,,,,
UC2,0,busy,all,clim,15.589082853833961,15.451162099838257,15.744923186302184,-0.7722377733281328,3335597,0.89018830451214,15314,231,wt_med,1.1400652743869433,1.068334937095642,1.212134051322937,3325960.0
UC2,0,busy,all,h5,14.36444333767813,14.236013436317444,14.502540946006775,-1.3090850315201261,3687168,0.9840139052683577,16466,231,wt_med,-0.1782331589085402,-0.1899491310119629,-0.16575202941894532,3657928.0
UC2,0,busy,all,lvlh5_naive,14.68172678054961,14.540861535072327,14.822976279258729,-0.8304107441328367,3501962,0.9345870065376432,16053,231,wt_med,0.22472132281627566,0.15614466667175292,0.2956830501556396,3481251.0
UC2,0,busy,all,lvlh5_tft,13.685569650298477,13.529649496078491,13.84033432006836,-1.8246147351282673,2488667,0.6641636436372002,11685,231,wt_med,-0.5568147239412617,-0.6686123371124267,-0.44739439487457283,2470959.0
UC2,0,busy,all,lvlh5_cbd,19.202702273256154,18.912356185913087,19.495077896118165,-14.57481983522242,2062608,0.5504590387847141,9650,231,wt_med,4.945018356231909,4.699239134788513,5.1915271282196045,2049480.0
UC2,0,busy,all,oracle_level,9.672602395775403,9.60219943523407,9.752132511138916,-0.8225623543591672,3677748,0.9814999403533802,16308,231,wt_med,-4.893198597677701,-5.007897114753723,-4.78788058757782,3649508.0
UC2,0,busy,all,oracle_shape,11.68748083775044,11.533611369132995,11.835555481910706,0.583501339919948,3496297,0.9330751582103238,15380,231,wt_med,-2.768801213056898,-2.871846556663513,-2.665428948402405,3467037.0
UC2,0,busy,EU,snaive7,13.5071467473691,,,0.8073156243440756,728933,0.8677959765804505,4490,231,wt_med,0.949986104767303,,,726868.0
UC2,0,busy,EU,wt_med,12.653426622999852,,,-0.5910144765687401,823814,0.980751968494563,4678,231,wt_med,,,,
UC2,0,busy,EU,clim,13.451683192145405,,,-2.5079025990914112,772847,0.92007566828813,4525,231,wt_med,0.8393328992226299,,,769389.0
UC2,0,busy,EU,h5,12.489656815354497,,,-1.1723226727646197,829568,0.9876021152834228,4681,231,wt_med,-0.16754108026811879,,,823814.0
UC2,0,busy,EU,lvlh5_naive,12.36459881134681,,,-0.5629780617086106,797425,0.9493358191008855,4632,231,wt_med,-0.17992334356558315,,,792947.0
UC2,0,busy,EU,lvlh5_tft,11.13708328503253,,,-1.3890973013868397,573684,0.6829717779666707,3303,231,wt_med,-1.522242313072349,,,570972.0
UC2,0,busy,EU,lvlh5_cbd,16.251136177519708,,,-12.188277370381748,521098,0.6203680555059513,3018,231,wt_med,3.622127051588826,,,518767.0
UC2,0,busy,EU,oracle_level,8.069261055085754,,,-0.89705696228187,827416,0.9850401556223823,4654,231,wt_med,-4.590509794139846,,,821882.0
UC2,0,busy,EU,oracle_shape,9.483455542100266,,,0.6008145170057646,794778,0.9461845610977379,4437,231,wt_med,-3.026721680404774,,,788366.0
UC2,0,busy,NA,snaive7,16.726881273750017,,,0.8336981245147846,1468420,0.8092479178021647,6668,231,wt_med,2.6489754266772594,,,1460120.0
UC2,0,busy,NA,wt_med,14.173319431555868,,,-0.5338728744202964,1770517,0.9757339151491637,6995,231,wt_med,,,,
UC2,0,busy,NA,clim,14.913528963437741,,,0.768858809569573,1649269,0.9089140056289469,6694,231,wt_med,1.0000513667819229,,,1645032.0
UC2,0,busy,NA,h5,13.976510060776514,,,-1.0611881232026834,1787039,0.9848392079795034,7002,231,wt_med,-0.20555584894129794,,,1770517.0
UC2,0,busy,NA,lvlh5_naive,14.28663155146853,,,-0.6907088226994099,1706814,0.9406271200171503,6880,231,wt_med,0.28294857092511033,,,1694556.0
UC2,0,busy,NA,lvlh5_tft,13.531547384570517,,,-1.4742475667348733,1181220,0.650971673953142,4797,231,wt_med,-0.215388439826978,,,1171400.0
UC2,0,busy,NA,lvlh5_cbd,16.685757695649954,,,-10.512122907722715,913498,0.5034297778676685,3805,231,wt_med,3.0336171669104584,,,907395.0
UC2,0,busy,NA,oracle_level,10.20463247579141,,,-0.7789590543156252,1782214,0.9821801450387948,6969,231,wt_med,-3.9931734849709923,,,1766159.0
UC2,0,busy,NA,oracle_shape,11.192521523942355,,,0.9790964685385924,1704794,0.939513895739382,6655,231,wt_med,-2.815700921871686,,,1688514.0
UC2,0,busy,Asia,snaive7,18.981278156861713,,,0.3794567976043066,910968,0.8338089842183979,4287,231,wt_med,2.2210407197501074,,,908871.0
UC2,0,busy,Asia,wt_med,16.630419228335544,,,-1.2895608016946267,1063597,0.9735103035317765,4780,231,wt_med,,,,
UC2,0,busy,Asia,clim,18.61711847318116,,,-2.086199931908819,913481,0.8361091330461732,4095,231,wt_med,1.6465795758601662,,,911539.0
UC2,0,busy,Asia,h5,16.464757846586977,,,-1.8288640254969124,1070561,0.9798844525316281,4783,231,wt_med,-0.14103203563003655,,,1063597.0
UC2,0,busy,Asia,lvlh5_naive,17.209572524478883,,,-1.283144320598059,997723,0.9132158332250229,4541,231,wt_med,0.448311651176368,,,993748.0
UC2,0,busy,Asia,lvlh5_tft,15.926020630648274,,,-2.729143977006315,733763,0.6716132528113439,3585,231,wt_med,-0.3491725724756415,,,728587.0
UC2,0,busy,Asia,lvlh5_cbd,25.312902439988918,,,-22.46461815630653,628012,0.5748193655506719,2827,231,wt_med,8.828538863613556,,,623318.0
UC2,0,busy,Asia,oracle_level,10.026906715824705,,,-0.8376097379580111,1068118,0.9776483747018411,4685,231,wt_med,-6.625105413680712,,,1061467.0
UC2,0,busy,Asia,oracle_shape,14.291523562524477,,,-0.1069281506177673,996725,0.9123023638537058,4288,231,wt_med,-2.4834661176216595,,,990157.0
UC3,1,all,all,snaive7,8.685373490630562,8.592812824249268,8.791451501846314,0.09173114075940414,10004923,0.8302304631286046,18232,230,wt_med,1.0596624245154924,0.9934993386268616,1.1308494091033936,9940947.0
UC3,1,all,all,wt_med,7.6538906494371215,7.57802734375,7.728307580947876,-1.2848698006046777,11648518,0.9666195825696897,19263,230,wt_med,,,,
UC3,1,all,all,clim,8.095095587436633,8.019963908195496,8.185728764533996,-1.2109274216947064,10753296,0.8923320967326757,18029,230,wt_med,0.5236150555570305,0.49614226818084717,0.5536505460739136,10699996.0
UC3,1,all,all,h5,7.575977897746979,7.5012125968933105,7.648758327960968,-1.570255490977467,11760611,0.9759213056617589,19277,230,wt_med,-0.07388380328725042,-0.07860093116760254,-0.06882544755935668,11648518.0
UC3,1,all,all,lvlh5_naive,7.847398018725257,7.769946992397308,7.926427292823791,-1.0408141022255333,11190613,0.9286216209443074,18878,230,wt_med,0.24309740869725793,0.21335949897766113,0.27289470434188845,11111941.0
UC3,1,all,all,lvlh5_tft,7.50345751647309,7.422527825832367,7.602289402484894,-1.2857610864713287,8193291,0.679897264724319,13574,230,wt_med,0.09067054235048477,0.043796312808990476,0.14271845817565917,8125255.0
UC3,1,all,all,lvlh5_cbd,10.209647841429469,10.081631135940551,10.347197794914246,-5.706797857898969,6779845,0.5626064142912599,11037,230,wt_med,2.6897006542051107,2.6040687918663026,2.779327964782715,6725556.0
UC3,1,all,all,oracle_level,5.4299567184312645,5.385420417785644,5.4760340571403505,-0.48323518676327065,11707364,0.9715027527683275,19117,230,wt_med,-2.2429856018507035,-2.2923855900764467,-2.193512237071991,11601914.0
UC3,1,all,all,oracle_shape,6.53866196392769,6.464523720741272,6.61742092370987,-0.0021429724308673626,11166222,0.9265976022460957,18044,230,wt_med,-1.0796401097368538,-1.1278204798698426,-1.0309398770332336,11046336.0
UC3,1,all,EU,snaive7,6.52888271345634,,,-0.05473823398016373,3899322,0.8485955477983822,6068,230,wt_med,0.5778314922292435,,,3877293.0
UC3,1,all,EU,wt_med,5.924209045710215,,,-1.5256438828128,4451237,0.9687068419575062,6311,230,wt_med,,,,
UC3,1,all,EU,clim,6.330951198967574,,,-2.132633763039908,4105282,0.8934178884577467,6181,230,wt_med,0.357501403062882,,,4078577.0
UC3,1,all,EU,h5,5.866840757024043,,,-1.7761378132764485,4495630,0.9783679323094735,6312,230,wt_med,-0.047236490103762165,,,4451237.0
UC3,1,all,EU,lvlh5_naive,6.0330116276003345,,,-1.1571467331604528,4267236,0.9286633601956897,6302,230,wt_med,0.12639066437143803,,,4236393.0
UC3,1,all,EU,lvlh5_tft,5.74056339587047,,,-1.130130996810469,3228585,0.7026254453180937,4344,230,wt_med,-0.11786965978623162,,,3204721.0
UC3,1,all,EU,lvlh5_cbd,7.996603182924907,,,-3.7358640530983456,2886663,0.6282141792327798,3869,230,wt_med,2.078397390353179,,,2865250.0
UC3,1,all,EU,oracle_level,4.16182413634916,,,-0.4920518365887386,4471824,0.9731871173855231,6301,230,wt_med,-1.7725476289516424,,,4430748.0
UC3,1,all,EU,oracle_shape,4.991263497728251,,,-0.29428727648636543,4251854,0.925315830364546,6004,230,wt_med,-0.9202077617877417,,,4202732.0
UC3,1,all,NA,snaive7,10.30512313172816,,,0.35693879519068167,3484236,0.7990511108099201,7304,230,wt_med,1.6103293627650321,,,3455005.0
UC3,1,all,NA,wt_med,8.69557315821895,,,-0.9577189249386006,4223982,0.9686994535218361,7614,230,wt_med,,,,
UC3,1,all,NA,clim,9.135569088275341,,,-0.03136284901918113,3956337,0.9073195600379501,7326,230,wt_med,0.5879885673092056,,,3939580.0
UC3,1,all,NA,h5,8.585516477145514,,,-1.281324196980527,4269884,0.9792263076409018,7623,230,wt_med,-0.11396056493611952,,,4223982.0
UC3,1,all,NA,lvlh5_naive,8.912746180487709,,,-0.8751798106278199,4082400,0.936229995548642,7501,230,wt_med,0.29615215792137917,,,4048023.0
UC3,1,all,NA,lvlh5_tft,8.514046144205032,,,-1.2135853832678394,2966878,0.6804037273989231,5226,230,wt_med,0.2517497258780452,,,2937527.0
UC3,1,all,NA,lvlh5_cbd,10.462197659442525,,,-4.852461364347819,2380642,0.545960329478471,4160,230,wt_med,2.2974181403409206,,,2360062.0
UC3,1,all,NA,oracle_level,6.509436037714789,,,-0.5385436396644675,4249740,0.9746066189699406,7594,230,wt_med,-2.209536033947361,,,4205647.0
UC3,1,all,NA,oracle_shape,7.308034065068016,,,0.44997940636546263,4074043,0.9343134577099196,7268,230,wt_med,-1.3262487834729249,,,4026445.0
UC3,1,all,Asia,snaive7,9.740267379781145,,,-0.042899023981780485,2621365,0.8468907992521519,4860,230,wt_med,1.046491881429813,,,2608649.0
UC3,1,all,Asia,wt_med,8.76349132731017,,,-1.3891771396014998,2973299,0.9605909770389183,5338,230,wt_med,,,,
UC3,1,all,Asia,clim,9.256396291234052,,,-1.5389350208067312,2691677,0.8696066689906344,4522,230,wt_med,0.6816792506932743,,,2681839.0
UC3,1,all,Asia,h5,8.702163652796553,,,-1.6731344176833005,2995097,0.9676333101905772,5342,230,wt_med,-0.056842122168002614,,,2973299.0
UC3,1,all,Asia,lvlh5_naive,9.041789099870686,,,-1.1040904474118203,2840977,0.917841384998648,5075,230,wt_med,0.3419997312571741,,,2827525.0
UC3,1,all,Asia,lvlh5_tft,8.851601774986698,,,-1.6444513636106368,1997828,0.6454431762415108,4004,230,wt_med,0.18907600152517168,,,1983007.0
UC3,1,all,Asia,lvlh5_cbd,14.035717518395709,,,-10.812970936592942,1512540,0.4886599956514449,3008,230,wt_med,4.474308845264102,,,1500244.0
UC3,1,all,Asia,oracle_level,5.792793905585383,,,-0.39130905275514705,2985800,0.9646297056713106,5222,230,wt_med,-2.9932991835376037,,,2965519.0
UC3,1,all,Asia,oracle_shape,7.7515011055956045,,,-0.2133198922210149,2840325,0.9176307417646411,4772,230,wt_med,-0.9650193763098931,,,2817159.0
UC3,1,busy,all,snaive7,16.60372636657318,16.414112710952757,16.78650884628296,0.7853183325309788,3099212,0.8334743876775785,15385,230,wt_med,1.9261242525716593,1.7664093255996705,2.07972629070282,3082737.0
UC3,1,busy,all,wt_med,14.718185576233111,14.587173414230346,14.864109635353088,-0.6364320158492993,3626154,0.9751854615865588,16310,230,wt_med,,,,
UC3,1,busy,all,clim,15.614437456999047,15.470349168777465,15.7698424577713,-0.5942620131085012,3313880,0.891205281806141,15221,230,wt_med,1.0091227400918275,0.9318083047866821,1.081480360031128,3302955.0
UC3,1,busy,all,h5,14.524826878440523,14.393745946884156,14.670418167114258,-1.1927078989885789,3657329,0.9835693875767294,16323,230,wt_med,-0.19023788702851618,-0.20253665447235109,-0.17855417728424072,3626154.0
UC3,1,busy,all,lvlh5_naive,14.68729649689926,14.548172616958619,14.836377716064453,-0.7174631950899885,3489461,0.9384244673484069,15948,230,wt_med,0.06414421622817201,-0.006619119644165039,0.13688445091247556,3466855.0
UC3,1,busy,all,lvlh5_tft,13.910845355081001,13.748393559455872,14.051030945777892,-1.9000468408932552,2458814,0.6612514707167685,11541,230,wt_med,-0.4900101629187734,-0.6044764995574952,-0.371799111366272,2440484.0
UC3,1,busy,all,lvlh5_cbd,18.9642274851268,18.667467880249024,19.228963375091553,-14.122948704485825,2028223,0.5454521739715068,9477,230,wt_med,4.52392416015306,4.280586099624633,4.743010449409485,2014351.0
UC3,1,busy,all,oracle_level,9.68878879643305,9.611330056190491,9.765317034721374,-0.8274651398221499,3647854,0.9810212657240632,16163,230,wt_med,-5.050676827946765,-5.162507724761963,-4.940016531944275,3617733.0
UC3,1,busy,all,oracle_shape,11.648948982307083,11.493950629234314,11.794742918014526,0.6921546389659866,3485744,0.9374248505751763,15326,230,wt_med,-2.9710978243527517,-3.0755915880203246,-2.8727375268936157,3453363.0
UC3,1,busy,EU,snaive7,13.475463882316975,,,0.9392883603202626,726154,0.8705264609095432,4474,230,wt_med,0.7403641692820307,,,723290.0
UC3,1,busy,EU,wt_med,12.843803030043318,,,-0.4635477757072509,816754,0.9791393685825776,4636,230,wt_med,,,,
UC3,1,busy,EU,clim,13.45968458955185,,,-2.296003332186102,767064,0.9195701038775768,4492,230,wt_med,0.6798788078932125,,,763086.0
UC3,1,busy,EU,h5,12.669578254890551,,,-1.0615705128594493,823169,0.9868297858311704,4639,230,wt_med,-0.1796124506277288,,,816754.0
UC3,1,busy,EU,lvlh5_naive,12.389203845070632,,,-0.4295482108377949,794183,0.9520808482835924,4596,230,wt_med,-0.3294660052331371,,,789132.0
UC3,1,busy,EU,lvlh5_tft,11.388706846907878,,,-1.389813715919613,567764,0.6806456833562108,3265,230,wt_med,-1.4355924618474507,,,564767.0
UC3,1,busy,EU,lvlh5_cbd,15.93261225603209,,,-11.644091152045371,514109,0.6163231054180578,2978,230,wt_med,3.1145290144132867,,,511478.0
UC3,1,busy,EU,oracle_level,8.099692582161389,,,-0.906496845015527,821073,0.9843170633755117,4611,230,wt_med,-4.751381854358965,,,814846.0
UC3,1,busy,EU,oracle_shape,9.453491354757183,,,0.7334387808947833,792129,0.9496184761824841,4418,230,wt_med,-3.2277453480759153,,,784855.0
UC3,1,busy,NA,snaive7,16.700847208058157,,,0.8921466239835958,1466936,0.8120847018600152,6648,230,wt_med,2.496227486641519,,,1456191.0
UC3,1,busy,NA,wt_med,14.293667260388812,,,-0.4040314225930966,1760644,0.9746792346916462,6955,230,wt_med,,,,
UC3,1,busy,NA,clim,14.983766904585883,,,0.8972901466582721,1640753,0.9083084816453654,6664,230,wt_med,0.9367704523936282,,,1636031.0
UC3,1,busy,NA,h5,14.087786844494037,,,-0.9454202459542849,1778054,0.9843172793366634,6963,230,wt_med,-0.213927439334698,,,1760644.0
UC3,1,busy,NA,lvlh5_naive,14.288497100749565,,,-0.6026177879557062,1703786,0.9432030748739332,6851,230,wt_med,0.15568056243014597,,,1690577.0
UC3,1,busy,NA,lvlh5_tft,13.736027624602496,,,-1.5659131019787103,1171027,0.6482717120344911,4756,230,wt_med,-0.11601375256991552,,,1161047.0
UC3,1,busy,NA,lvlh5_cbd,16.92485671519851,,,-10.596926625401943,905431,0.5012397703034185,3768,230,wt_med,3.160897745623953,,,898916.0
UC3,1,busy,NA,oracle_level,10.206988985128092,,,-0.7686037001813073,1773176,0.9816168553402019,6930,230,wt_med,-4.111581512857282,,,1756255.0
UC3,1,busy,NA,oracle_shape,11.160565735769035,,,1.0507893199071232,1702607,0.9425503893692534,6640,230,wt_med,-2.976443030171206,,,1684716.0
UC3,1,busy,Asia,snaive7,18.95344335530977,,,0.4889827197662125,906122,0.8406465612814701,4263,230,wt_med,1.956535577953537,,,903256.0
UC3,1,busy,Asia,wt_med,16.890602294527994,,,-1.1612238690410353,1048756,0.972973975936253,4719,230,wt_med,,,,
UC3,1,busy,Asia,clim,18.580685890495474,,,-1.8545763374070015,906063,0.8405918245604594,4065,230,wt_med,1.4180588778077488,,,903838.0
UC3,1,busy,Asia,h5,16.70667598706948,,,-1.711253415850303,1056106,0.9797928725367316,4721,230,wt_med,-0.15874295355640397,,,1048756.0
UC3,1,busy,Asia,lvlh5_naive,17.21336321702964,,,-1.1454335496445889,991492,0.9198478133607697,4501,230,wt_med,0.22203492310346398,,,987146.0
UC3,1,busy,Asia,lvlh5_tft,16.183961256133422,,,-2.8458105593403307,720023,0.667994882580456,3520,230,wt_med,-0.3503565214160691,,,714670.0
UC3,1,busy,Asia,lvlh5_cbd,24.55842050415574,,,-21.461699210931062,608683,0.5647001958461323,2731,230,wt_med,7.746207969754633,,,603957.0
UC3,1,busy,Asia,oracle_level,10.055058753533816,,,-0.8649373355865476,1053605,0.9774725922105008,4622,230,wt_med,-6.8594980322006185,,,1046632.0
UC3,1,busy,Asia,oracle_shape,14.242884035598152,,,0.04300116666802125,991008,0.9193987867002756,4268,230,wt_med,-2.7571946354699537,,,983792.0
UC3,2,all,all,snaive7,8.682237499212565,8.592153334617615,8.777152228355408,0.09824104294552873,9984951,0.8328843715591738,18193,229,wt_med,1.0147077128856088,0.9493736386299133,1.0792250156402587,9913540.0
UC3,2,all,all,wt_med,7.695487531982982,7.620262038707733,7.773401260375977,-1.2628904606664073,11573733,0.9654109806145941,19152,229,wt_med,,,,
UC3,2,all,all,clim,8.116375431803899,8.031547403335571,8.202375173568726,-1.1577967904370385,10686564,0.8914086950719028,17941,229,wt_med,0.5044617387126875,0.47593936920166013,0.534497332572937,10630497.0
UC3,2,all,all,h5,7.612965131263077,7.538327610492706,7.691790544986725,-1.5502321320625976,11690759,0.9751725834973808,19164,229,wt_med,-0.07707559652533824,-0.08187704086303711,-0.07225764989852905,11573733.0
UC3,2,all,all,lvlh5_naive,7.854976399481223,7.778143584728241,7.934497439861298,-1.0252258434525343,11160514,0.9309427446531647,18779,229,wt_med,0.2096544397789062,0.1792608380317688,0.23868831396102905,11076292.0
UC3,2,all,all,lvlh5_tft,7.573030445889716,7.484839475154876,7.668144965171814,-1.2867019542434865,8122530,0.6775324480330986,13454,229,wt_med,0.12432366492655955,0.07478947639465332,0.1721197724342346,8051467.0
UC3,2,all,all,lvlh5_cbd,10.19896649726342,10.06459720134735,10.353705215454102,-5.745084501285483,6673808,0.5566887991725334,10860,229,wt_med,2.638513670224855,2.5493375182151796,2.729684865474701,6617324.0
UC3,2,all,all,oracle_level,5.436197720586842,5.388425397872925,5.483531355857849,-0.48556160218878214,11637929,0.9707658236295085,19009,229,wt_med,-2.2787225850636137,-2.327646720409393,-2.2270015597343447,11527524.0
UC3,2,all,all,oracle_shape,6.5348501049060985,6.458726906776429,6.6119250655174255,0.01155640430089506,11142789,0.9294642320910214,18004,229,wt_med,-1.1242049830411798,-1.1708216428756715,-1.0784173011779785,11013487.0
UC3,2,all,EU,snaive7,6.5263648752345045,,,-0.048632750846270126,3896510,0.8515898889996462,6060,229,wt_med,0.5340564243407928,,,3872265.0
UC3,2,all,EU,wt_med,5.971769332065754,,,-1.5327078838148014,4424178,0.9669127634561894,6276,229,wt_med,,,,
UC3,2,all,EU,clim,6.353237010253399,,,-2.0999917176918923,4080988,0.8919079170665257,6151,229,wt_med,0.33726179346135066,,,4052733.0
UC3,2,all,EU,h5,5.909938785190632,,,-1.785594274764859,4471467,0.9772478669875301,6277,229,wt_med,-0.05023591388049938,,,4424178.0
UC3,2,all,EU,lvlh5_naive,6.044692788149301,,,-1.1542154968180864,4260385,0.9311154826359377,6270,229,wt_med,0.09354008306607828,,,4226559.0
UC3,2,all,EU,lvlh5_tft,5.79897458616365,,,-1.2014102295891014,3206297,0.7007424865661576,4314,229,wt_med,-0.10039607283733071,,,3180616.0
UC3,2,all,EU,lvlh5_cbd,8.002767094310796,,,-3.7220689598840444,2861136,0.6253068742677144,3838,229,wt_med,2.043346768010064,,,2838089.0
UC3,2,all,EU,oracle_level,4.175991384274244,,,-0.4960145148365813,4447967,0.9721118959797586,6267,229,wt_med,-1.8066992362357202,,,4403895.0
UC3,2,all,EU,oracle_shape,4.989805870528796,,,-0.2899908130033061,4247995,0.9284076238790743,5996,229,wt_med,-0.9650836551163557,,,4194636.0
UC3,2,all,NA,snaive7,10.306725969202674,,,0.3603360221166872,3473938,0.8006295448176173,7285,229,wt_med,1.5690707712761398,,,3441919.0
UC3,2,all,NA,wt_med,8.73019213919541,,,-0.9104487008747318,4201173,0.9682335225009956,7581,229,wt_med,,,,
UC3,2,all,NA,clim,9.18197166209898,,,0.03462985192040133,3927955,0.9052656736286266,7289,229,wt_med,0.5959153919981341,,,3910363.0
UC3,2,all,NA,h5,8.614996848177734,,,-1.2365703889711173,4248336,0.9791030576574185,7589,229,wt_med,-0.11826603248664123,,,4201173.0
UC3,2,all,NA,lvlh5_naive,8.920436465177717,,,-0.8540670237683974,4069941,0.9379888214080269,7473,229,wt_med,0.2637253862943573,,,4033940.0
UC3,2,all,NA,lvlh5_tft,8.588320015004696,,,-1.1065765167329296,2940355,0.6776560448839919,5182,229,wt_med,0.31455561047588154,,,2910636.0
UC3,2,all,NA,lvlh5_cbd,10.387739505359459,,,-4.942064388465389,2317740,0.5341635691844772,4050,229,wt_med,2.1653353860153803,,,2297167.0
UC3,2,all,NA,oracle_level,6.510186470963354,,,-0.5347100560593454,4228269,0.9744782678437099,7561,229,wt_med,-2.244388746506415,,,4182911.0
UC3,2,all,NA,oracle_shape,7.307821159005336,,,0.4664691008321833,4063119,0.9364165726359573,7249,229,wt_med,-1.3669597351680123,,,4012818.0
UC3,2,all,Asia,snaive7,9.736742700237865,,,-0.031116812640872855,2614503,0.8505709994173376,4848,229,wt_med,0.9966787927471266,,,2599356.0
UC3,2,all,Asia,wt_med,8.807644328312954,,,-1.3602145176574814,2948382,0.959191182570488,5295,229,wt_med,,,,
UC3,2,all,Asia,clim,9.240407809768447,,,-1.4710270796352434,2677621,0.8711050513351298,4501,229,wt_med,0.6244286104713914,,,2667401.0
UC3,2,all,Asia,h5,8.743260797197939,,,-1.6445204422414872,2970956,0.9665351365613027,5298,229,wt_med,-0.058657150769472886,,,2948382.0
UC3,2,all,Asia,lvlh5_naive,9.047881442617399,,,-1.0771873079878507,2830188,0.9207393664107312,5036,229,wt_med,0.3064815948315868,,,2815793.0
UC3,2,all,Asia,lvlh5_tft,8.940948009563705,,,-1.693155860656501,1975878,0.6428084133721514,3958,229,wt_med,0.2064836547142767,,,1960215.0
UC3,2,all,Asia,lvlh5_cbd,14.10957809911672,,,-10.861915521258828,1494932,0.4863432190748908,2972,229,wt_med,4.511643768130285,,,1482068.0
UC3,2,all,Asia,oracle_level,5.7955337009006636,,,-0.39969615482130505,2961693,0.9635216234126841,5181,229,wt_med,-3.034441649849678,,,2940718.0
UC3,2,all,Asia,oracle_shape,7.743557603490138,,,-0.18881734948276693,2831675,0.9212231291282088,4759,229,wt_med,-1.0149138277201921,,,2806033.0
UC3,2,busy,all,snaive7,16.58544938197217,16.401211643218993,16.756401681900023,0.8479713342003661,3090233,0.836309721949337,15334,229,wt_med,1.843290114882059,1.6860118150711059,1.9986017704010008,3071759.0
UC3,2,busy,all,wt_med,14.778256648455727,14.641250014305115,14.921325945854187,-0.5217323266727744,3600949,0.9745247872712973,16204,229,wt_med,,,,
UC3,2,busy,all,clim,15.625308694463847,15.480097723007201,15.777131700515747,-0.42453733790883413,3292900,0.8911574898743789,15128,229,wt_med,0.9605424235839735,0.8916479825973511,1.0313860893249511,3281347.0
UC3,2,busy,all,h5,14.5751325792448,14.444315266609191,14.716258907318116,-1.0809868867749786,3633393,0.9833051066255093,16216,229,wt_med,-0.19795028338363174,-0.20892255306243895,-0.18598692417144774,3600949.0
UC3,2,busy,all,lvlh5_naive,14.678358439673822,14.528895616531372,14.819081735610961,-0.6379869405034215,3479240,0.9415866819734988,15854,229,wt_med,-0.00567209082686837,-0.07666211128234864,0.06670231819152832,3455204.0
UC3,2,busy,all,lvlh5_tft,14.05055873715644,13.885627365112304,14.209256196022034,-1.8246081983829234,2432908,0.6584178646103117,11423,229,wt_med,-0.4116452289153276,-0.52789466381073,-0.2893297910690308,2413898.0
UC3,2,busy,all,lvlh5_cbd,18.998499589569544,18.698708009719848,19.283352375030518,-14.13712764686471,1983883,0.5368982339228195,9299,229,wt_med,4.468101120737103,4.21779854297638,4.699726033210754,1969592.0
UC3,2,busy,all,oracle_level,9.68410323144138,9.61419153213501,9.753555512428283,-0.8266347291768295,3623902,0.980736557402515,16059,229,wt_med,-5.116331868437342,-5.238969683647156,-5.006248784065247,3592555.0
UC3,2,busy,all,oracle_shape,11.623264921469074,11.466270780563354,11.771275067329407,0.7683776266281165,3477057,0.9409958967081109,15282,229,wt_med,-3.0556836185879224,-3.1486716508865356,-2.949890923500061,3442334.0
UC3,2,busy,EU,snaive7,13.456364423338869,,,1.0085848186443234,723137,0.8725140173045993,4459,229,wt_med,0.6323156859640497,,,719994.0
UC3,2,busy,EU,wt_med,12.938438308780535,,,-0.3683536589879033,810634,0.9780851040725292,4605,229,wt_med,,,,
UC3,2,busy,EU,clim,13.483184791329892,,,-2.1129704942660203,761513,0.9188172737111742,4465,229,wt_med,0.6137824215959552,,,757327.0
UC3,2,busy,EU,h5,12.751443139773109,,,-0.9750140659878299,817575,0.9864598930739373,4607,229,wt_med,-0.19014569152046423,,,810634.0
UC3,2,busy,EU,lvlh5_naive,12.394972017651279,,,-0.3578391965471715,791211,0.9546499323718595,4569,229,wt_med,-0.41942046356880147,,,785671.0
UC3,2,busy,EU,lvlh5_tft,11.52092679412723,,,-1.4196791372960778,561977,0.6780635065040052,3234,229,wt_med,-1.3930162703619307,,,558693.0
UC3,2,busy,EU,lvlh5_cbd,15.92414320104955,,,-11.592858422038631,507636,0.6124973907965401,2945,229,wt_med,3.0214986991413544,,,504763.0
UC3,2,busy,EU,oracle_level,8.114351185790396,,,-0.8991054601637654,815542,0.9840069401795615,4582,229,wt_med,-4.833148506233121,,,808754.0
UC3,2,busy,EU,oracle_shape,9.432449488096154,,,0.7965283298178456,789677,0.9527990569463934,4408,229,wt_med,-3.342764815073977,,,781664.0
UC3,2,busy,NA,snaive7,16.68879898986519,,,0.928162424651332,1464359,0.8135382013657869,6627,229,wt_med,2.431666543887563,,,1452473.0
UC3,2,busy,NA,wt_med,14.331412536882999,,,-0.2946678576460247,1753179,0.9739948266321775,6925,229,wt_med,,,,
UC3,2,busy,NA,clim,15.037459799680544,,,1.040122754683778,1630895,0.9060588181698989,6629,229,wt_med,0.9458977404191224,,,1625921.0
UC3,2,busy,NA,h5,14.115390407768635,,,-0.839433160665641,1771225,0.9840204490252157,6932,229,wt_med,-0.2223505486319423,,,1753179.0
UC3,2,busy,NA,lvlh5_naive,14.278858254931544,,,-0.5407085829877921,1700925,0.944964633097554,6823,229,wt_med,0.09929592543458211,,,1687034.0
UC3,2,busy,NA,lvlh5_tft,13.859908162430234,,,-1.3660609580692333,1161650,0.6453654135472014,4715,229,wt_med,0.004112713127872011,,,1151502.0
UC3,2,busy,NA,lvlh5_cbd,16.857320494261327,,,-10.517274952752443,878145,0.487861585743905,3666,229,wt_med,3.0075050452609924,,,871569.0
UC3,2,busy,NA,oracle_level,10.19048528794686,,,-0.7645153120628828,1766264,0.981264319539908,6899,229,wt_med,-4.16777002267229,,,1748746.0
UC3,2,busy,NA,oracle_shape,11.141404568120404,,,1.108819338110263,1700276,0.9446040751382787,6623,229,wt_med,-3.040860582055536,,,1681300.0
UC3,2,busy,Asia,snaive7,18.92435449084285,,,0.5892314151297665,902737,0.8466093405495843,4248,229,wt_med,1.8625201825436009,,,899292.0
UC3,2,busy,Asia,wt_med,16.971620886749665,,,-1.025445071813147,1037136,0.972652084738117,4674,229,wt_med,,,,
UC3,2,busy,Asia,clim,18.501486409651612,,,-1.6493600165243,900492,0.8445039233909502,4034,229,wt_med,1.2794625091443148,,,898099.0
UC3,2,busy,Asia,h5,16.7820301184289,,,-1.573510508398965,1044593,0.979645445874836,4677,229,wt_med,-0.16280410669381837,,,1037136.0
UC3,2,busy,Asia,lvlh5_naive,17.196999136183656,,,-1.030163617834929,987104,0.9257308235885499,4462,229,wt_med,0.14494942167839667,,,982499.0
UC3,2,busy,Asia,lvlh5_tft,16.367079566811288,,,-2.896443226633786,709281,0.6651814644512739,3474,229,wt_med,-0.3128265092561823,,,703703.0
UC3,2,busy,Asia,lvlh5_cbd,24.751564612412096,,,-21.611301276588453,598102,0.5609150171106174,2688,229,wt_med,7.844700991010803,,,593260.0
UC3,2,busy,Asia,oracle_level,10.054313198817423,,,-0.8752064205169751,1042096,0.9773036968124266,4578,229,wt_med,-6.940215053823987,,,1035055.0
UC3,2,busy,Asia,oracle_shape,14.205902772323594,,,0.15945006248616783,987104,0.9257308235885499,4251,229,wt_med,-2.8520026144238537,,,979370.0
UC3,3,all,all,snaive7,8.679757295202137,8.580916714668273,8.770858240127563,0.09744070451669913,9958600,0.8348900996869811,18146,228,wt_med,0.9750908390888462,0.9073007822036743,1.0408414959907533,9877631.0
UC3,3,all,all,wt_med,7.729905496039279,7.647335624694824,7.810769355297088,-1.2430118492103337,11500682,0.9641722271652913,19033,228,wt_med,,,,
UC3,3,all,all,clim,8.137485599696811,8.052300524711608,8.223283219337464,-1.1362537097968775,10617832,0.8901575338842427,17834,228,wt_med,0.49172458643293293,0.4620587706565857,0.5199732780456543,10559291.0
UC3,3,all,all,h5,7.643061143842506,7.563153278827667,7.722721433639526,-1.5315030916755368,11621530,0.9743036511372324,19044,228,wt_med,-0.08020212410011851,-0.08524935245513916,-0.07533239126205445,11500682.0
UC3,3,all,all,lvlh5_naive,7.8624705645249,7.784442746639252,7.94440655708313,-1.011169187974065,11126317,0.9327869288131819,18677,228,wt_med,0.18090314848764422,0.1515999913215637,0.21230556964874267,11037608.0
UC3,3,all,all,lvlh5_tft,7.65881675467768,7.56670069694519,7.7490832805633545,-1.2551608791741589,8055685,0.6753571438452111,13333,228,wt_med,0.17839343359718907,0.12854677438735962,0.2259189248085022,7981713.0
UC3,3,all,all,lvlh5_cbd,10.215992627102775,10.079538178443908,10.351600861549377,-5.768112491972555,6611751,0.5543033610643562,10752,228,wt_med,2.6186400895321107,2.53189297914505,2.7075871586799622,6552805.0
UC3,3,all,all,prod_served,7.874199628743034,7.777118742465973,7.965856277942658,0.6925231889825711,7545717,0.6326034199927448,11883,228,wt_med,0.5576312620863284,0.49771753549575803,0.6182852864265442,7454704.0
UC3,3,all,all,oracle_level,5.440129902327493,5.39288227558136,5.48791139125824,-0.48469555090930116,11569178,0.9699146640809381,18893,228,wt_med,-2.308479209123976,-2.358014464378357,-2.2579712510108947,11454971.0
UC3,3,all,all,oracle_shape,6.532369258499649,6.450753808021545,6.613698744773865,0.022222731379995753,11113806,0.9317380554738387,17956,228,wt_med,-1.1620174099033829,-1.2077672839164735,-1.1139957904815674,10977087.0
UC3,3,all,EU,snaive7,6.529482956693995,,,-0.04591624655757326,3890061,0.8537480157253968,6047,228,wt_med,0.4977862081466711,,,3861700.0
UC3,3,all,EU,wt_med,6.011998051936536,,,-1.5331320849781298,4398214,0.9652718749746239,6242,228,wt_med,,,,
UC3,3,all,EU,clim,6.384419291324023,,,-2.122326094106497,4055958,0.8901572737202704,6122,228,wt_med,0.3264648498617677,,,4026556.0
UC3,3,all,EU,h5,5.9462392426772865,,,-1.7882171623421532,4447668,0.9761254976735183,6243,228,wt_med,-0.053408070866947356,,,4398214.0
UC3,3,all,EU,lvlh5_naive,6.055548443009931,,,-1.1489104111059558,4250992,0.9329612016018608,6237,228,wt_med,0.06614239929129449,,,4214688.0
UC3,3,all,EU,lvlh5_tft,5.838607677651786,,,-1.2120441587361428,3184041,0.6987984727587326,4285,228,wt_med,-0.09259783346558484,,,3156844.0
UC3,3,all,EU,lvlh5_cbd,8.02176852995387,,,-3.7417261189869473,2837993,0.6228516448437611,3809,228,wt_med,2.015706923869947,,,2813404.0
UC3,3,all,EU,prod_served,6.125928717492877,,,0.3126518629704413,3107242,0.6819434687215993,4203,228,wt_med,0.16024647808056003,,,3065019.0
UC3,3,all,EU,oracle_level,4.187972501437012,,,-0.4949146962070962,4424243,0.9709844350350745,6234,228,wt_med,-1.8356482210920324,,,4378084.0
UC3,3,all,EU,oracle_shape,4.990163623719335,,,-0.2861123872596714,4241179,0.9308075517546441,5983,228,wt_med,-1.001733625648046,,,4184099.0
UC3,3,all,NA,snaive7,10.301012795978853,,,0.3400875207292778,3462494,0.8014021379247294,7263,228,wt_med,1.5219408944172226,,,3427595.0
UC3,3,all,NA,wt_med,8.763738141507357,,,-0.8784711519131542,4178440,0.9671094734576309,7548,228,wt_med,,,,
UC3,3,all,NA,clim,9.219695283100169,,,0.07800643885143038,3898832,0.9023935637749404,7246,228,wt_med,0.6050477837828923,,,3880396.0
UC3,3,all,NA,h5,8.644820825130429,,,-1.2054881250010352,4226653,0.9782684823326687,7556,228,wt_med,-0.120794393362116,,,4178440.0
UC3,3,all,NA,lvlh5_naive,8.93253774606207,,,-0.846266828476888,4056626,0.9389153451705745,7442,228,wt_med,0.2354176551710282,,,4019548.0
UC3,3,all,NA,lvlh5_tft,8.678002958172007,,,-0.9937055156015304,2918497,0.6754927908400444,5144,228,wt_med,0.3879862531974479,,,2888208.0
UC3,3,all,NA,lvlh5_cbd,10.389054505311224,,,-4.939480517183303,2297131,0.5316762121445326,4015,228,wt_med,2.147534221782463,,,2276166.0
UC3,3,all,NA,prod_served,9.23456517674833,,,1.8436359237359277,2727890,0.6313763657131218,4858,228,wt_med,1.048136133061565,,,2694452.0
UC3,3,all,NA,oracle_level,6.511100330314397,,,-0.5317875339549751,4206753,0.9736625819196421,7529,228,wt_med,-2.275015329419346,,,4160331.0
UC3,3,all,NA,oracle_shape,7.312899598410656,,,0.4685002550449347,4050833,0.9375745421005914,7227,228,wt_med,-1.4015957123656417,,,3998859.0
UC3,3,all,Asia,snaive7,9.735422450494907,,,-0.010959519118050532,2606045,0.8541494525966711,4836,228,wt_med,0.9630471082579696,,,2588336.0
UC3,3,all,Asia,wt_med,8.836569622452316,,,-1.3275529509293345,2924028,0.9583706020338632,5243,228,wt_med,,,,
UC3,3,all,Asia,clim,9.22308979730699,,,-1.4121517798067023,2663042,0.8728306174843274,4466,228,wt_med,0.5768150300546047,,,2652339.0
UC3,3,all,Asia,h5,8.76711101927281,,,-1.6116376120594094,2947209,0.965968336708684,5245,228,wt_med,-0.06249833277930307,,,2924028.0
UC3,3,all,Asia,lvlh5_naive,9.047538261647842,,,-1.040760982413171,2818699,0.9238482865356448,4998,228,wt_med,0.27527416888689465,,,2803372.0
UC3,3,all,Asia,lvlh5_tft,9.10321825261051,,,-1.7161308419474721,1953147,0.6401575724482234,3904,228,wt_med,0.30754845720095086,,,1936661.0
UC3,3,all,Asia,lvlh5_cbd,14.163940770262187,,,-10.951782124661213,1476627,0.4839748138422263,2928,228,wt_med,4.5107556680815835,,,1463235.0
UC3,3,all,Asia,prod_served,8.880506376473546,,,-0.45314146914652004,1710585,0.5606561825947275,2822,228,wt_med,0.4964892731559615,,,1695233.0
UC3,3,all,Asia,oracle_level,5.792232173372214,,,-0.4018836886750721,2938182,0.9630096744029333,5130,228,wt_med,-3.06598724240785,,,2916556.0
UC3,3,all,Asia,oracle_shape,7.729824527558697,,,-0.15500186045170802,2821794,0.9248626944049588,4746,228,wt_med,-1.0591600867135924,,,2794129.0
UC3,3,busy,all,snaive7,16.561685318562436,16.377244424819946,16.745315980911254,0.8710217837003336,3080652,0.838468637975516,15287,228,wt_med,1.7625903383887866,1.6039766788482666,1.930004096031189,3059469.0
UC3,3,busy,all,wt_med,14.82976603446589,14.689997577667237,14.962748074531556,-0.42579896294846886,3577450,0.9736833725216316,16099,228,wt_med,,,,
UC3,3,busy,all,clim,15.632189103948305,15.479630279541016,15.791495108604432,-0.3167620726026489,3271809,0.8904963092053353,15026,228,wt_med,0.9242502884302422,0.8546963691711426,0.9958039045333862,3259887.0
UC3,3,busy,all,h5,14.617314062506923,14.475046706199645,14.748898530006409,-0.9865655075904272,3610864,0.9827777431513924,16110,228,wt_med,-0.20525073725698562,-0.2172720193862915,-0.1929462194442749,3577450.0
UC3,3,busy,all,lvlh5_naive,14.672538342545117,14.525870013237,14.818681716918945,-0.5759392409684172,3469028,0.9441738898969855,15769,228,wt_med,-0.06614341579888006,-0.14187486171722413,0.00811119079589843,3443729.0
UC3,3,busy,all,lvlh5_tft,14.251893050061163,14.084781432151795,14.407440781593323,-1.7123528937791266,2409464,0.6557897478621534,11310,228,wt_med,-0.2671280494920296,-0.3743225812911987,-0.14984276294708251,2389691.0
UC3,3,busy,all,lvlh5_cbd,19.038880183670862,18.744069051742553,19.33832664489746,-14.16416882788989,1961891,0.5339727027351427,9197,228,wt_med,4.438867769390665,4.203553581237793,4.699157309532166,1946996.0
UC3,3,busy,all,prod_served,15.072715758720802,14.889184975624085,15.236527371406556,1.9562842850473425,2193376,0.5969765449937822,10132,228,wt_med,0.6500188243827765,0.5136979579925537,0.7984144449234009,2172714.0
UC3,3,busy,all,oracle_level,9.679082284736676,9.60601544380188,9.754948616027832,-0.8120681421931296,3601512,0.9802323862911085,15958,228,wt_med,-5.170831526994608,-5.280418920516968,-5.055314540863037,3569174.0
UC3,3,busy,all,oracle_shape,11.601274373183006,11.43745834827423,11.752740454673766,0.8158511407780155,3468169,0.9439400937525261,15234,228,wt_med,-3.130789466760243,-3.2394068956375124,-3.0287180662155153,3431423.0
UC3,3,busy,EU,snaive7,13.45723675989103,,,1.0421897866975471,720198,0.874134905048926,4445,228,wt_med,0.5369611819316085,,,716522.0
UC3,3,busy,EU,wt_med,13.028490062111802,,,-0.27930993788819874,805000,0.9770626946539499,4576,228,wt_med,,,,
UC3,3,busy,EU,clim,13.516315120644354,,,-2.073504656645919,756231,0.9178696877526101,4437,228,wt_med,0.5629945185732865,,,751994.0
UC3,3,busy,EU,h5,12.830260347745806,,,-0.8919036774888445,812375,0.9860140454279535,4578,228,wt_med,-0.20019433229813666,,,805000.0
UC3,3,busy,EU,lvlh5_naive,12.410301577617435,,,-0.3011330870413886,788076,0.9565213169591381,4545,228,wt_med,-0.4992928816262374,,,782083.0
UC3,3,busy,EU,lvlh5_tft,11.67308669506018,,,-1.3754583628660149,555999,0.6748396039315546,3204,228,wt_med,-1.302473427253562,,,552504.0
UC3,3,busy,EU,lvlh5_cbd,15.941355380856342,,,-11.568312153682708,502353,0.6097271749658332,2917,228,wt_med,2.9365113719870166,,,499255.0
UC3,3,busy,EU,prod_served,12.440502917086889,,,1.7593799982127258,548321,0.6655204891867683,3162,228,wt_med,-0.5328049884784993,,,543332.0
UC3,3,busy,EU,oracle_level,8.128791833089064,,,-0.8781049784727182,810382,0.9835950566696363,4555,228,wt_med,-4.909069257351977,,,803147.0
UC3,3,busy,EU,oracle_shape,9.424126177401416,,,0.8362897197144857,786949,0.9551534291866226,4392,228,wt_med,-3.4456800685789615,,,778304.0
UC3,3,busy,NA,snaive7,16.653747300482014,,,0.9069764577397131,1461372,0.8142541219131271,6609,228,wt_med,2.3469242470379705,,,1448247.0
UC3,3,busy,NA,wt_med,14.37096828692104,,,-0.2127556732765409,1746125,0.9729141372802812,6898,228,wt_med,,,,
UC3,3,busy,NA,clim,15.083445947196747,,,1.1331669733466125,1620582,0.902963498273006,6593,228,wt_med,0.9636756607520465,,,1615432.0
UC3,3,busy,NA,h5,14.148374072432706,,,-0.7585802454093423,1764562,0.9831869516257814,6904,228,wt_med,-0.22725685446345478,,,1746125.0
UC3,3,busy,NA,lvlh5_naive,14.275901947091684,,,-0.5092465360565627,1698320,0.9462779226148456,6797,228,wt_med,0.04735107530614983,,,1683937.0
UC3,3,busy,NA,lvlh5_tft,13.983746987218867,,,-1.1421103307018685,1154345,0.6431833744999964,4682,228,wt_med,0.10651310454102349,,,1143955.0
UC3,3,busy,NA,lvlh5_cbd,16.85786439473018,,,-10.487846879223168,870960,0.485285587804787,3636,228,wt_med,2.977113875363637,,,864223.0
UC3,3,busy,NA,prod_served,15.098260580473273,,,3.6379983016049557,1079843,0.6016719998529032,4434,228,wt_med,1.3595152120503045,,,1069251.0
UC3,3,busy,NA,oracle_level,10.17596223494078,,,-0.7497983824950182,1759619,0.9804327876452092,6870,228,wt_med,-4.218670143194796,,,1741713.0
UC3,3,busy,NA,oracle_shape,11.130824871235868,,,1.1218383877882254,1698064,0.9461352833312068,6603,228,wt_med,-3.0990985909636706,,,1678354.0
UC3,3,busy,Asia,snaive7,18.898825691093805,,,0.6754689783579251,899082,0.8518018845937398,4233,228,wt_med,1.798278752654521,,,894700.0
UC3,3,busy,Asia,wt_med,17.023170048473926,,,-0.9031564075707013,1026325,0.9723535441769161,4625,228,wt_med,,,,
UC3,3,busy,Asia,clim,18.413623636306756,,,-1.4578014873809493,894996,0.8479307554859944,3996,228,wt_med,1.157283623598118,,,892461.0
UC3,3,busy,Asia,h5,16.821755428574743,,,-1.4500363662038036,1033927,0.9795557770396378,4628,228,wt_med,-0.17177691033542006,,,1026325.0
UC3,3,busy,Asia,lvlh5_naive,17.17238571560403,,,-0.9116027336778935,982632,0.9309582323549085,4427,228,wt_med,0.08486395021159036,,,977709.0
UC3,3,busy,Asia,lvlh5_tft,16.745523358857767,,,-2.9218300561669523,699120,0.6623553063649094,3424,228,wt_med,-0.05853439508357896,,,693232.0
UC3,3,busy,Asia,lvlh5_cbd,24.910027913970097,,,-21.819850406659004,588578,0.5576263896178705,2644,228,wt_med,7.8892159655790834,,,583518.0
UC3,3,busy,Asia,prod_served,17.57746296964679,,,-1.0656267029008584,565212,0.5354891398059319,2536,228,wt_med,0.4429892293052875,,,560131.0
UC3,3,busy,Asia,oracle_level,10.049420628863784,,,-0.8664117108339933,1031511,0.9772668274742161,4533,228,wt_med,-6.995101664705116,,,1024314.0
UC3,3,busy,Asia,oracle_shape,14.156472081986589,,,0.27100368232521505,983156,0.9314546767142963,4239,228,wt_med,-2.93392960125293,,,974765.0
UC3,4,all,all,snaive7,8.671447173772467,8.572013068199158,8.761860013008118,0.0980814621603361,9934232,0.8368527389228692,18101,227,wt_med,0.9376675879330287,0.8676090359687805,1.0036595463752747,9831033.0
UC3,4,all,all,wt_med,7.756383808621066,7.677403128147125,7.830226957798004,-1.2261602535101173,11431812,0.9630078281895694,18918,227,wt_med,,,,
UC3,4,all,all,clim,8.14980795364508,8.066838264465332,8.229011869430542,-1.122956143730418,10553702,0.8890364574207409,17726,227,wt_med,0.48086545794625124,0.4498889327049255,0.5133820176124573,10493797.0
UC3,4,all,all,h5,7.667152605979776,7.592178106307983,7.741770446300507,-1.5154484286965844,11555884,0.9734595664843504,18930,227,wt_med,-0.0816787782636732,-0.08649264574050904,-0.07635754346847534,11431812.0
UC3,4,all,all,lvlh5_naive,7.865371308815028,7.786979174613952,7.939787244796753,-0.9952015851535143,11094496,0.9345925648373036,18577,227,wt_med,0.15469567775521043,0.12239534854888916,0.1857574701309204,11001789.0
UC3,4,all,all,lvlh5_tft,7.7041696783575055,7.619116175174713,7.796077573299408,-1.2201053479959743,7988067,0.6729091637531102,13211,227,wt_med,0.18967887003495054,0.13754396438598632,0.2383977770805359,7911897.0
UC3,4,all,all,lvlh5_cbd,10.243115523313513,10.109791612625122,10.377326583862304,-5.800902618288854,6550043,0.5517710301724952,10637,227,wt_med,2.6094456880665557,2.5145434856414797,2.6963924884796144,6489180.0
UC3,4,all,all,prod_served,7.938364649775792,7.848699462413788,8.034169554710388,0.7563503138726542,7483449,0.6304004972140379,11779,227,wt_med,0.588559958297787,0.5262678027153015,0.6478612780570984,7389536.0
UC3,4,all,all,oracle_level,5.447061646651904,5.401078331470489,5.493817377090454,-0.4818750628786533,11503641,0.9690586527912186,18780,227,wt_med,-2.327411464707395,-2.371162545681,-2.276890754699707,11386416.0
UC3,4,all,all,oracle_shape,6.526888607294024,6.445370995998383,6.598835492134095,0.035559035265811924,11087701,0.9340201588011872,17910,227,wt_med,-1.1966453286676106,-1.247721552848816,-1.1461262583732605,10943618.0
UC3,4,all,EU,snaive7,6.532236683398585,,,-0.04424754382699315,3884193,0.8560997381575816,6034,227,wt_med,0.46341311465004936,,,3844342.0
UC3,4,all,EU,wt_med,6.04986503680274,,,-1.5396634472463575,4373044,0.9638454688918864,6210,227,wt_med,,,,
UC3,4,all,EU,clim,6.411989067916671,,,-2.1612716592458816,4033266,0.8889563331481922,6092,227,wt_med,0.3163383884432743,,,4003210.0
UC3,4,all,EU,h5,5.982325736357959,,,-1.7951886714194947,4424173,0.9751146111596004,6211,227,wt_med,-0.054608257428921364,,,4373044.0
UC3,4,all,EU,lvlh5_naive,6.067397728175474,,,-1.1458577678743207,4241853,0.9349301753550742,6203,227,wt_med,0.040559387989697736,,,4203385.0
UC3,4,all,EU,lvlh5_tft,5.876861787468411,,,-1.2206569870621429,3159801,0.6964393398397207,4252,227,wt_med,-0.08658322367616117,,,3131361.0
UC3,4,all,EU,lvlh5_cbd,8.020034594839286,,,-3.7415586316205895,2815237,0.6204953406155501,3775,227,wt_med,1.9693088366031217,,,2789352.0
UC3,4,all,EU,prod_served,6.175957011597605,,,0.30190296210229534,3082878,0.6794850432436721,4168,227,wt_med,0.17513412806391546,,,3038514.0
UC3,4,all,EU,oracle_level,4.200144252810495,,,-0.4919108024173947,4400711,0.9699434438008587,6201,227,wt_med,-1.86138885141433,,,4353037.0
UC3,4,all,EU,oracle_shape,4.991987954712089,,,-0.28520480213186067,4234846,0.9333857899794582,5969,227,wt_med,-1.0365211680510031,,,4174152.0
UC3,4,all,NA,snaive7,10.289737065063905,,,0.31027654875267024,3452375,0.8020491849932733,7243,227,wt_med,1.477355188464017,,,3412349.0
UC3,4,all,NA,wt_med,8.787355987277664,,,-0.8597904114841651,4157098,0.965769090216783,7515,227,wt_med,,,,
UC3,4,all,NA,clim,9.248671287258556,,,0.10103547691416469,3873674,0.8999245663143872,7208,227,wt_med,0.6121496830281737,,,3854759.0
UC3,4,all,NA,h5,8.66696472895273,,,-1.1867143768413926,4206056,0.9771429195368599,7523,227,wt_med,-0.12110499018786663,,,4157098.0
UC3,4,all,NA,lvlh5_naive,8.942621086151021,,,-0.8428007296790033,4044409,0.9395893963516302,7407,227,wt_med,0.2144258359220696,,,4006313.0
UC3,4,all,NA,lvlh5_tft,8.750122689658884,,,-0.8099234038821499,2896536,0.6729177271019735,5105,227,wt_med,0.434008682562109,,,2865759.0
UC3,4,all,NA,lvlh5_cbd,10.403932283107668,,,-4.949874872128547,2275774,0.5287034814957475,3980,227,wt_med,2.136745668628761,,,2254502.0
UC3,4,all,NA,prod_served,9.354418126199638,,,2.070534942082729,2704461,0.6282952289065042,4815,227,wt_med,1.1446156726547654,,,2670575.0
UC3,4,all,NA,oracle_level,6.518265642115526,,,-0.5297205236889085,4186206,0.9725314053409465,7495,227,wt_med,-2.290290407213891,,,4139068.0
UC3,4,all,NA,oracle_shape,7.316456498841511,,,0.47016045716598953,4039861,0.9385328136532416,7207,227,wt_med,-1.4295899584337683,,,3986109.0
UC3,4,all,Asia,snaive7,9.719374407159663,,,0.02888710780147086,2597664,0.8574787063270506,4824,227,wt_med,0.9305177789120482,,,2574342.0
UC3,4,all,Asia,wt_med,8.851211716011814,,,-1.278568720771142,2901670,0.957829895547697,5193,227,wt_med,,,,
UC3,4,all,Asia,clim,9.18973806485056,,,-1.3320954056314849,2646762,0.8736857637152446,4426,227,wt_med,0.538747596580657,,,2635828.0
UC3,4,all,Asia,h5,8.777570535486925,,,-1.5650286431585405,2925655,0.9657472500520726,5196,227,wt_med,-0.06599193309370122,,,2901670.0
UC3,4,all,Asia,lvlh5_naive,9.02976890967413,,,-0.9871217780028323,2808234,0.9269870381171847,4967,227,wt_med,0.24081789196673098,,,2792091.0
UC3,4,all,Asia,lvlh5_tft,9.124807525984455,,,-1.8342510609075937,1931730,0.6376565026782346,3854,227,wt_med,0.2757912407221384,,,1914777.0
UC3,4,all,Asia,lvlh5_cbd,14.281763807334155,,,-11.101874910182543,1459032,0.4816207453503491,2882,227,wt_med,4.582197957191847,,,1445326.0
UC3,4,all,Asia,prod_served,8.883837722789206,,,-0.5131164841902942,1696110,0.5598792640573892,2796,227,wt_med,0.4524126616311017,,,1680447.0
UC3,4,all,Asia,oracle_level,5.790955171762757,,,-0.3980634494047934,2916724,0.9627991619520694,5084,227,wt_med,-3.081394108486491,,,2894311.0
UC3,4,all,Asia,oracle_shape,7.7036857697014405,,,-0.10569397882909508,2812994,0.9285582954630605,4734,227,wt_med,-1.1031754288572635,,,2783357.0
UC3,4,busy,all,snaive7,16.533399191398455,16.359406995773316,16.704703521728515,0.8871052058162248,3070239,0.8401793958075302,15224,227,wt_med,1.6899497183610475,1.5295398235321045,1.8504578351974488,3043258.0
UC3,4,busy,all,wt_med,14.870794944664903,14.734044981002807,15.006382751464844,-0.34448886729787564,3554977,0.9728292904785804,15999,227,wt_med,,,,
UC3,4,busy,all,clim,15.635745790703604,15.486338567733764,15.793318915367127,-0.23392282092760935,3250959,0.8896339237482985,14930,227,wt_med,0.8970206052035596,0.8244183778762817,0.9716521501541138,3238745.0
UC3,4,busy,all,h5,14.65326433265204,14.51532814502716,14.787376880645752,-0.906591975849007,3589252,0.9822087390463639,16009,227,wt_med,-0.2089349488055774,-0.2213742256164551,-0.1975419521331787,3554977.0
UC3,4,busy,all,lvlh5_naive,14.664583638865468,14.531040167808532,14.805483675003051,-0.5132386099240133,3458247,0.9463588583863353,15680,227,wt_med,-0.117243127014234,-0.18669936656951905,-0.04325799942016602,3431811.0
UC3,4,busy,all,lvlh5_tft,14.332306697304833,14.166165137290955,14.486229157447815,-1.6114999362881124,2386295,0.6530162281563521,11197,227,wt_med,-0.2483333470460689,-0.3718731164932251,-0.1277228593826294,2366080.0
UC3,4,busy,all,lvlh5_cbd,19.10584244878222,18.830747652053834,19.4061900138855,-14.24787740379107,1939076,0.5306335116272324,9087,227,wt_med,4.440748832982102,4.2155446767807,4.695024824142456,1923773.0
UC3,4,busy,all,prod_served,15.1694869093569,15.001209497451782,15.336838388442994,2.12973239054327,2173690,0.5948362817594559,10042,227,wt_med,0.6929439694120987,0.543522047996521,0.8341159582138061,2152485.0
UC3,4,busy,all,oracle_level,9.685989949678417,9.614469408988953,9.758932709693909,-0.8008918873449176,3579941,0.9796607581385701,15853,227,wt_med,-5.203826981026818,-5.312795233726502,-5.090939712524414,3546756.0
UC3,4,busy,all,oracle_shape,11.580474429236709,11.434148573875428,11.724175190925598,0.870075181899187,3458868,0.9465287967542593,15179,227,wt_med,-3.194916570775174,-3.294197678565979,-3.0945547580718995,3420016.0
UC3,4,busy,EU,snaive7,13.445923059323784,,,1.0604244906614286,716812,0.8749441573310744,4422,227,wt_med,0.4504392437978776,,,711450.0
UC3,4,busy,EU,wt_med,13.099204740780772,,,-0.21656333425907162,799362,0.9757050823542048,4544,227,wt_med,,,,
UC3,4,busy,EU,clim,13.541394941520313,,,-2.0916576609189588,751372,0.9171282587096254,4408,227,wt_med,0.5280814187773528,,,746953.0
UC3,4,busy,EU,h5,12.896259476325756,,,-0.8279871875243916,807143,0.9852026081883052,4546,227,wt_med,-0.20407626644749188,,,799362.0
UC3,4,busy,EU,lvlh5_naive,12.42105997356441,,,-0.24765978198475763,784912,0.9580673432072123,4515,227,wt_med,-0.5585178264551509,,,778466.0
UC3,4,busy,EU,lvlh5_tft,11.737823609161698,,,-1.2348535618609107,550060,0.6714058681795656,3173,227,wt_med,-1.295190141888201,,,546362.0
UC3,4,busy,EU,lvlh5_cbd,15.876319229787958,,,-11.5339378147748,496345,0.6058410821393784,2885,227,wt_med,2.7778807672124484,,,493027.0
UC3,4,busy,EU,prod_served,12.512426881724393,,,1.882623743581994,542614,0.6623172449485271,3131,227,wt_med,-0.5170876782234696,,,537317.0
UC3,4,busy,EU,oracle_level,8.15525930401965,,,-0.8490818386272302,805162,0.9827845901087071,4521,227,wt_med,-4.954920051836117,,,797535.0
UC3,4,busy,EU,oracle_shape,9.415422103185568,,,0.8718691884937412,784187,0.9571824047378995,4373,227,wt_med,-3.5239909177462305,,,774884.0
UC3,4,busy,NA,snaive7,16.621684179637416,,,0.869190929547259,1458538,0.8150948162214452,6593,227,wt_med,2.27680727253076,,,1443349.0
UC3,4,busy,NA,wt_med,14.400141484268284,,,-0.1587443716741711,1739416,0.9720617254076626,6872,227,wt_med,,,,
UC3,4,busy,NA,clim,15.120462242844136,,,1.1906216427067255,1611231,0.9004263418815933,6560,227,wt_med,0.9756274646672649,,,1605947.0
UC3,4,busy,NA,h5,14.174480062830156,,,-0.7046249288283251,1758073,0.9824880728776931,6878,227,wt_med,-0.22887771671641516,,,1739416.0
UC3,4,busy,NA,lvlh5_naive,14.27929456651255,,,-0.48100083847465536,1695190,0.947346302606056,6767,227,wt_med,0.013128892298326795,,,1680382.0
UC3,4,busy,NA,lvlh5_tft,14.100072889429233,,,-0.8509143119939094,1147028,0.6410094058988192,4650,227,wt_med,0.1860541583157485,,,1136490.0
UC3,4,busy,NA,lvlh5_cbd,16.87165053974081,,,-10.495535027947493,863297,0.48244811555100037,3606,227,wt_med,2.9575693985501843,,,856452.0
UC3,4,busy,NA,prod_served,15.290571366702881,,,3.9942234243921013,1071396,0.5987429369138079,4398,227,wt_med,1.5162457171196415,,,1060618.0
UC3,4,busy,NA,oracle_level,10.176585856764799,,,-0.7438010070814959,1753128,0.9797245906329967,6843,227,wt_med,-4.244909687772333,,,1734993.0
UC3,4,busy,NA,oracle_shape,11.123239216069456,,,1.141571877670747,1695424,0.9474770720388687,6585,227,wt_med,-3.144846037127921,,,1674953.0
UC3,4,busy,Asia,snaive7,18.862596366700227,,,0.777472960333628,894889,0.8558690730888081,4209,227,wt_med,1.729129312663837,,,888459.0
UC3,4,busy,Asia,wt_med,17.069974483344307,,,-0.7630542836590077,1016199,0.9718895820641149,4583,227,wt_med,,,,
UC3,4,busy,Asia,clim,18.341730117205266,,,-1.2463775783582258,888356,0.8496209320852991,3962,227,wt_med,1.0656074143896506,,,885845.0
UC3,4,busy,Asia,h5,16.860112400833565,,,-1.3152867062290778,1024036,0.9793848646363635,4585,227,wt_med,-0.17862107963105653,,,1016199.0
UC3,4,busy,Asia,lvlh5_naive,17.13262961337919,,,-0.782222407600937,978145,0.9354948541064336,4398,227,wt_med,0.01065747724151959,,,972963.0
UC3,4,busy,Asia,lvlh5_tft,16.789478559523225,,,-3.177924990270962,689207,0.6591554441459423,3374,227,wt_med,-0.13375122193572866,,,683228.0
UC3,4,busy,Asia,lvlh5_cbd,25.20097817542482,,,-22.163250442564966,579434,0.5541688863044919,2596,227,wt_med,8.080192823064367,,,574294.0
UC3,4,busy,Asia,prod_served,17.513734634076616,,,-1.1998910091480846,559680,0.5352762217731407,2513,227,wt_med,0.2907474528897304,,,554550.0
UC3,4,busy,Asia,oracle_level,10.05050652796334,,,-0.860879988154374,1021651,0.9771038580094894,4489,227,wt_med,-7.039929690819473,,,1014228.0
UC3,4,busy,Asia,oracle_shape,14.105872197603897,,,0.3985862361156333,979257,0.936558367468733,4221,227,wt_med,-3.0185278262916784,,,970179.0
UC3,5,all,all,snaive7,8.667670391290219,8.572135019302369,8.767055892944336,0.09548986569287056,9914738,0.8390668686686437,18067,226,wt_med,0.8989515714108087,0.8271397352218628,0.9683811902999878,9780256.0
UC3,5,all,all,wt_med,7.790059797342937,7.710270607471466,7.871020698547364,-1.2111785695898234,11362545,0.9615922330228549,18802,226,wt_med,,,,
UC3,5,all,all,clim,8.17246079896963,8.084244465827942,8.254753589630127,-1.0997353251891362,10490987,0.8878338097621388,17603,226,wt_med,0.47300920387140355,0.44135446548461915,0.5025997996330261,10428981.0
UC3,5,all,all,h5,7.698055749103599,7.62054568529129,7.778653621673584,-1.5025854456348688,11490113,0.9723880888792902,18813,226,wt_med,-0.08379729189191298,-0.08884096145629883,-0.07884751558303833,11362545.0
UC3,5,all,all,lvlh5_naive,7.8747618437611,7.793948137760163,7.951798725128174,-0.9893093998363732,11065987,0.9364950501786249,18479,226,wt_med,0.12901699515239873,0.09708257913589477,0.1593463659286499,10968345.0
UC3,5,all,all,lvlh5_tft,7.773901147689909,7.682133030891419,7.877017462253571,-1.2226680549274342,7918502,0.6701289209746534,13073,226,wt_med,0.2260852277836145,0.17461097240447998,0.27444584369659425,7839905.0
UC3,5,all,all,lvlh5_cbd,10.260192343148958,10.127402091026307,10.402795958518983,-5.801889218950746,6486015,0.5489000613216257,10513,226,wt_med,2.5850306312270677,2.4960167050361632,2.668229508399963,6422810.0
UC3,5,all,all,prod_served,8.013982772002274,7.9178027510643005,8.113719367980957,0.781771103502081,7420131,0.6279526582831672,11658,226,wt_med,0.6361429052968806,0.5758698105812072,0.6977029800415039,7321744.0
UC3,5,all,all,oracle_level,5.456519982852067,5.411031770706177,5.5072613716125485,-0.4796587001686199,11438041,0.9679813269471732,18666,226,wt_med,-2.3523486106941984,-2.4038042068481444,-2.3029656291007994,11317465.0
UC3,5,all,all,oracle_shape,6.527734220628361,6.448382556438446,6.6065767168998715,0.03825697230727118,11066053,0.9365006356427422,17875,226,wt_med,-1.2303101122731634,-1.2802985429763794,-1.1792868375778198,10912704.0
UC3,5,all,EU,snaive7,6.530604039196553,,,-0.04766960210380297,3879831,0.8584348325547713,6026,226,wt_med,0.42997501996729964,,,3826256.0
UC3,5,all,EU,wt_med,6.083124254253957,,,-1.547659682494131,4348833,0.9622042115142808,6182,226,wt_med,,,,
UC3,5,all,EU,clim,6.44332988694225,,,-2.17084417965878,4010959,0.8874476536604436,6064,226,wt_med,0.31439405834285666,,,3980573.0
UC3,5,all,EU,h5,6.013616868473772,,,-1.8046321380891708,4402141,0.9739989118643295,6183,226,wt_med,-0.056131941028777145,,,4348833.0
UC3,5,all,EU,lvlh5_naive,6.0749804167587005,,,-1.1433935521022627,4234513,0.9369102566854077,6174,226,wt_med,0.015351178393691352,,,4193576.0
UC3,5,all,EU,lvlh5_tft,5.909932759071501,,,-1.272260104552798,3134644,0.6935579403481282,4218,226,wt_med,-0.0874012390120343,,,3104697.0
UC3,5,all,EU,lvlh5_cbd,8.058081267899968,,,-3.7546829010124934,2791261,0.6175824846885505,3740,226,wt_med,1.958184517566407,,,2763777.0
UC3,5,all,EU,prod_served,6.218190470739266,,,0.2544065676181754,3057425,0.676472794285053,4132,226,wt_med,0.1838491077178989,,,3010651.0
UC3,5,all,EU,oracle_level,4.2114257176810534,,,-0.490828528445903,4378691,0.9688104650419268,6172,226,wt_med,-1.8839144274704025,,,4328954.0
UC3,5,all,EU,oracle_shape,4.9883409199019395,,,-0.2850134206446711,4230759,0.9360796626823673,5961,226,wt_med,-1.0718332329248297,,,4165690.0
UC3,5,all,NA,snaive7,10.281603145010614,,,0.30167859484622533,3445203,0.8034688686402306,7228,226,wt_med,1.4357974707234042,,,3398363.0
UC3,5,all,NA,wt_med,8.816571881143693,,,-0.8289400138672783,4136356,0.9646552831903461,7485,226,wt_med,,,,
UC3,5,all,NA,clim,9.283019073677018,,,0.1421905726776626,3851486,0.8982196692048878,7172,226,wt_med,0.6194627415172288,,,3831973.0
UC3,5,all,NA,h5,8.693105858989249,,,-1.1571181132015076,4186234,0.9762875208930409,7492,226,wt_med,-0.12255633340070342,,,4136356.0
UC3,5,all,NA,lvlh5_naive,8.954288759615284,,,-0.8384490005475662,4033697,0.9407137881359944,7380,226,wt_med,0.19365807377792618,,,3994099.0
UC3,5,all,NA,lvlh5_tft,8.846406297297484,,,-0.748563600540431,2874871,0.6704595781022508,5058,226,wt_med,0.5101290878039187,,,2843547.0
UC3,5,all,NA,lvlh5_cbd,10.376624465544232,,,-4.900069860530991,2253904,0.5256415070182193,3940,226,wt_med,2.081644409666541,,,2232147.0
UC3,5,all,NA,prod_served,9.474356531592585,,,2.172485589566544,2681911,0.6254586440809989,4771,226,wt_med,1.2493174505612072,,,2647061.0
UC3,5,all,NA,oracle_level,6.527287013701058,,,-0.5234627208910372,4166461,0.9716761845103594,7464,226,wt_med,-2.311643624659376,,,4118417.0
UC3,5,all,NA,oracle_shape,7.32127335673727,,,0.47046781576869884,4030635,0.9399996874935137,7191,226,wt_med,-1.457618508430615,,,3974329.0
UC3,5,all,Asia,snaive7,9.722281388143202,,,0.035665466014648775,2589704,0.8607047684506008,4813,226,wt_med,0.8872234202275205,,,2555637.0
UC3,5,all,Asia,wt_med,8.894253439616092,,,-1.2521100969084118,2877356,0.9563077593925589,5135,226,wt_med,,,,
UC3,5,all,Asia,clim,9.18373379615011,,,-1.285042049927298,2628542,0.8736128273627717,4367,226,wt_med,0.49982934794864003,,,2616435.0
UC3,5,all,Asia,h5,8.81794488337679,,,-1.5427527399096679,2901738,0.9644112737958893,5138,226,wt_med,-0.06989244205444164,,,2877356.0
UC3,5,all,Asia,lvlh5_naive,9.042372188652761,,,-0.9736018556561814,2797777,0.9298591672876193,4925,226,wt_med,0.20758920029813355,,,2780670.0
UC3,5,all,Asia,lvlh5_tft,9.219465404342726,,,-1.8552211975534285,1908987,0.6344640985263981,3797,226,wt_med,0.31362122232591794,,,1891661.0
UC3,5,all,Asia,lvlh5_cbd,14.34405946020859,,,-11.178508168483566,1440850,0.4788757578557427,2833,226,wt_med,4.586658592936964,,,1426886.0
UC3,5,all,Asia,prod_served,8.950389547803272,,,-0.4779869050062619,1680795,0.5586230207343881,2755,226,wt_med,0.4790475784119536,,,1664032.0
UC3,5,all,Asia,oracle_level,5.7989368467337545,,,-0.39966359128873263,2892889,0.9614702517732877,5030,226,wt_med,-3.11729573008261,,,2870094.0
UC3,5,all,Asia,oracle_shape,7.709459145375959,,,-0.09523698493322906,2804659,0.9321464442182944,4723,226,wt_med,-1.142585470180938,,,2772685.0
UC3,5,busy,all,snaive7,16.510903108271926,16.342136526107787,16.707510137557982,0.8836030514003442,3061283,0.8420697211084145,15168,226,wt_med,1.6090578215258908,1.4524696111679076,1.7651776313781737,3027229.0
UC3,5,busy,all,wt_med,14.927525060771611,14.802215886116027,15.076064133644104,-0.2735871538055948,3533311,0.9719108649410372,15898,226,wt_med,,,,
UC3,5,busy,all,clim,15.664622228661885,15.51209008693695,15.824616718292237,-0.1396912924928707,3229983,0.8884741737352999,14824,226,wt_med,0.8752359420790743,0.8012877702713013,0.9503267765045166,3217421.0
UC3,5,busy,all,h5,14.704439708171021,14.578472352027893,14.851780414581299,-0.8412670816877919,3568734,0.9816546997092777,15908,226,wt_med,-0.2142455051366845,-0.2266977071762085,-0.20288193225860596,3533311.0
UC3,5,busy,all,lvlh5_naive,14.669725156329587,14.536741995811463,14.819093060493469,-0.4819432614097168,3448347,0.9485397451248505,15608,226,wt_med,-0.16924317236070685,-0.2464203119277954,-0.09444482326507571,3420350.0
UC3,5,busy,all,lvlh5_tft,14.501034948868506,14.337108159065247,14.675836324691772,-1.5453193502520577,2363161,0.6500367082051159,11073,226,wt_med,-0.12977360396836524,-0.25886623859405516,-0.010591721534729008,2342279.0
UC3,5,busy,all,lvlh5_cbd,19.126827360466894,18.833322477340698,19.428713655471803,-14.259053400366582,1916840,0.5272668107487786,8977,226,wt_med,4.396730906251232,4.156222701072693,4.62972502708435,1901008.0
UC3,5,busy,all,prod_served,15.344578157698455,15.177482676506042,15.522342610359193,2.2703341727049717,2153198,0.5922820070379629,9937,226,wt_med,0.8325619705971903,0.6846643924713135,0.978093433380127,2131293.0
UC3,5,busy,all,oracle_level,9.695057048030794,9.625077486038208,9.776167011260986,-0.7969984158500056,3559476,0.979108093767252,15755,226,wt_med,-5.25358471814433,-5.3748252391815186,-5.139083218574524,3525175.0
UC3,5,busy,all,oracle_shape,11.574976051830959,11.423404765129089,11.737007355690002,0.8944979268955116,3450731,0.9491955140345274,15140,226,wt_med,-3.256738132411682,-3.3692420959472655,-3.14739043712616,3409136.0
UC3,5,busy,EU,snaive7,13.411860326286494,,,1.038113468776888,713606,0.8761255343756063,4404,226,wt_med,0.3650749163074789,,,706455.0
UC3,5,busy,EU,wt_med,13.149224203197415,,,-0.1599255003281563,793829,0.9746188468536603,4518,226,wt_med,,,,
UC3,5,busy,EU,clim,13.576521203023642,,,-2.0191550956950626,746120,0.9160444050475014,4381,226,wt_med,0.5163960730326398,,,741641.0
UC3,5,busy,EU,h5,12.94350519442304,,,-0.7778240155408759,802014,0.9846679320615542,4520,226,wt_med,-0.2084153986563857,,,793829.0
UC3,5,busy,EU,lvlh5_naive,12.415542252105238,,,-0.2061137812370933,781743,0.9597803320311061,4493,226,wt_med,-0.615705176498703,,,774898.0
UC3,5,busy,EU,lvlh5_tft,11.812464062913474,,,-1.2826122444289059,543673,0.6674913014332684,3140,226,wt_med,-1.2526044568234442,,,539857.0
UC3,5,busy,EU,lvlh5_cbd,15.904852103158229,,,-11.562587936870907,490683,0.6024331431967018,2854,226,wt_med,2.7318457444613102,,,487184.0
UC3,5,busy,EU,prod_served,12.617226922869003,,,1.8408615139127338,536451,0.6586245337641896,3099,226,wt_med,-0.44255412127913263,,,530891.0
UC3,5,busy,EU,oracle_level,8.163653101744796,,,-0.8448716727459189,800046,0.9822517317330098,4498,226,wt_med,-4.999376835299115,,,792045.0
UC3,5,busy,EU,oracle_shape,9.392907160033822,,,0.9078672012654418,781512,0.9594967231510788,4358,226,wt_med,-3.593508363898679,,,771530.0
UC3,5,busy,NA,snaive7,16.590224416042794,,,0.8557073527524878,1457427,0.8166632298785395,6581,226,wt_med,2.200668583917456,,,1439909.0
UC3,5,busy,NA,wt_med,14.438639034377486,,,-0.08998771799973579,1733431,0.9713209369879839,6850,226,wt_med,,,,
UC3,5,busy,NA,clim,15.172035244565777,,,1.2738826091756372,1603311,0.8984087297406943,6531,226,wt_med,0.9900917138378064,,,1597905.0
UC3,5,busy,NA,h5,14.208298099121398,,,-0.6388237222391498,1752558,0.9820386728319657,6855,226,wt_med,-0.23225610797314689,,,1733431.0
UC3,5,busy,NA,lvlh5_naive,14.28489639741784,,,-0.46539627929481875,1692992,0.9486611095296905,6747,226,wt_med,-0.02557856155738948,,,1677463.0
UC3,5,busy,NA,lvlh5_tft,14.282933274640852,,,-0.7143736609351565,1139615,0.6385785817869655,4611,226,wt_med,0.3425896907912482,,,1128764.0
UC3,5,busy,NA,lvlh5_cbd,16.816169985221496,,,-10.41723782537575,855823,0.47955690088377756,3575,226,wt_med,2.8678622045758955,,,848786.0
UC3,5,busy,NA,prod_served,15.51894701684566,,,4.207657460590751,1062885,0.5955832416233893,4360,226,wt_med,1.728745618596639,,,1051889.0
UC3,5,busy,NA,oracle_level,10.180720553716393,,,-0.7361046933837584,1747650,0.9792884952023185,6818,226,wt_med,-4.281977155287327,,,1729031.0
UC3,5,busy,NA,oracle_shape,11.117107500416504,,,1.1465464509724168,1693803,0.9491155500467329,6573,226,wt_med,-3.195709672688307,,,1672157.0
UC3,5,busy,Asia,snaive7,18.865174950856503,,,0.805418702611626,890250,0.8590551310270159,4183,226,wt_med,1.6396553387863066,,,880865.0
UC3,5,busy,Asia,wt_med,17.17305434813941,,,-0.6796151487350045,1006051,0.9707983977813652,4530,226,wt_med,,,,
UC3,5,busy,Asia,clim,18.33084076806367,,,-1.1209996683898282,880552,0.8496969544915484,3912,226,wt_med,0.969328776875979,,,877875.0
UC3,5,busy,Asia,h5,16.954387033333926,,,-1.2412780822984888,1014162,0.9786251837041512,4533,226,wt_med,-0.187813416019665,,,1006051.0
UC3,5,busy,Asia,lvlh5_naive,17.148847965317742,,,-0.7321884038928135,973612,0.9394960788873632,4368,226,wt_med,-0.06080139766020827,,,967989.0
UC3,5,busy,Asia,lvlh5_tft,17.016586145569622,,,-3.1482436200422543,679873,0.6560498613835781,3322,226,wt_med,-0.02143760308402072,,,673658.0
UC3,5,busy,Asia,lvlh5_cbd,25.366122601565312,,,-22.34383160727662,570334,0.5503491705691235,2548,226,wt_med,8.128847617838177,,,565038.0
UC3,5,busy,Asia,prod_served,17.65157205224406,,,-1.0315006265098525,553862,0.5344543588664814,2478,226,wt_med,0.3480920233431113,,,548513.0
UC3,5,busy,Asia,oracle_level,10.067098179402134,,,-0.8643254102377077,1011780,0.9763266503459862,4439,226,wt_med,-7.127188494845974,,,1004099.0
UC3,5,busy,Asia,oracle_shape,14.118354620316223,,,0.4461058617884933,975416,0.9412368656959819,4209,226,wt_med,-3.0933124407661285,,,965449.0
UC3,6,all,all,snaive7,8.663489006638391,8.568966841697693,8.76635103225708,0.0932563329603173,9895017,0.8414810585447854,18034,225,wt_med,0.8308752860800332,0.7618685960769653,0.901786720752716,9720182.0
UC3,6,all,all,wt_med,7.850562904641276,7.774492263793945,7.93265700340271,-1.1882033761256787,11288857,0.9600144535497726,18684,225,wt_med,,,,
UC3,6,all,all,clim,8.202974497893234,8.121165561676026,8.29085328578949,-1.0661505480352578,10429256,0.8869132189176182,17484,225,wt_med,0.4452045409852934,0.41590332984924316,0.47539687156677246,10363742.0
UC3,6,all,all,h5,7.754556754744548,7.680214762687683,7.836194479465485,-1.4808834385498229,11422164,0.9713509995578724,18699,225,wt_med,-0.08696658240068,-0.0920607328414917,-0.08181673288345337,11288857.0
UC3,6,all,all,lvlh5_naive,7.896251262085269,7.823664569854737,7.97336356639862,-0.9724256392016146,11034026,0.9383433983479447,18394,225,wt_med,0.0881234784172884,0.05698425769805908,0.12196631431579588,10929470.0
UC3,6,all,all,lvlh5_tft,7.845623740196033,7.754007375240326,7.941079199314117,-1.3377996737401685,7836371,0.6664119691992099,12935,225,wt_med,0.23658404248135767,0.18503448963165284,0.28857924938201907,7754295.0
UC3,6,all,all,lvlh5_cbd,10.591269750605552,10.447856044769287,10.746214509010315,-6.187930685625653,6420222,0.5459813969650097,10392,225,wt_med,2.8442140547521966,2.7474836111068726,2.9338679671287538,6353814.0
UC3,6,all,all,prod_served,8.035045956031194,7.941583728790283,8.134427571296692,0.648174707083969,7348437,0.624917627267307,11539,225,wt_med,0.6017325162140015,0.5406690120697022,0.6640512228012085,7245127.0
UC3,6,all,all,oracle_level,5.478799767523706,5.431889271736145,5.531114172935486,-0.469792034545613,11370281,0.9669388230289712,18556,225,wt_med,-2.3904765127305545,-2.4430585861206056,-2.3428287863731385,11244142.0
UC3,6,all,all,oracle_shape,6.527710360361474,6.4540836095809935,6.607240211963654,0.04411652906581742,11044905,0.9392685581971807,17842,225,wt_med,-1.293205250171221,-1.3441968083381652,-1.2422356843948363,10876195.0
UC3,6,all,EU,snaive7,6.529820013678207,,,-0.048620582992947546,3876239,0.8609427719359735,6020,225,wt_med,0.37373125168630067,,,3806409.0
UC3,6,all,EU,wt_med,6.1381744178679725,,,-1.558234590663598,4324878,0.9605889764807869,6158,225,wt_med,,,,
UC3,6,all,EU,clim,6.463159054209544,,,-2.1674713416008,3990017,0.8862137489591475,6039,225,wt_med,0.28132118422249397,,,3958040.0
UC3,6,all,EU,h5,6.066539607700806,,,-1.8173592564439696,4380840,0.9730185710963617,6159,225,wt_med,-0.05791338218095401,,,4324878.0
UC3,6,all,EU,lvlh5_naive,6.091687410402151,,,-1.1341685846076364,4227364,0.9389303601099789,6149,225,wt_med,-0.02443515586926919,,,4183597.0
UC3,6,all,EU,lvlh5_tft,6.008498196689332,,,-1.397451476925784,3105323,0.6897163439551929,4182,225,wt_med,-0.0503919913800668,,,3073912.0
UC3,6,all,EU,lvlh5_cbd,8.682157714353576,,,-4.546292964593843,2765600,0.6142612284913619,3703,225,wt_med,2.5122048915402275,,,2736669.0
UC3,6,all,EU,prod_served,6.286338326144218,,,0.11056818057991277,3028421,0.6726358127889206,4095,225,wt_med,0.19161759849211016,,,2979528.0
UC3,6,all,EU,oracle_level,4.2339510549137795,,,-0.48638988128354926,4357361,0.967803702936198,6147,225,wt_med,-1.9170573559319413,,,4305083.0
UC3,6,all,EU,oracle_shape,4.9842542560683105,,,-0.28199815969984765,4227023,0.9388546213629021,5955,225,wt_med,-1.1318834077699689,,,4156983.0
UC3,6,all,NA,snaive7,10.273743869964411,,,0.2825401692235996,3437582,0.8052123578350974,7213,225,wt_med,1.3622946062595822,,,3380641.0
UC3,6,all,NA,wt_med,8.88051517832806,,,-0.7722824061139799,4112673,0.9633443284653991,7450,225,wt_med,,,,
UC3,6,all,NA,clim,9.339282189798096,,,0.18779840661830896,3830344,0.8972121460839387,7139,225,wt_med,0.6118552129546249,,,3810037.0
UC3,6,all,NA,h5,8.750985605359773,,,-1.0988775863737237,4164953,0.9755902914904612,7458,225,wt_med,-0.12641515323489128,,,4112673.0
UC3,6,all,NA,lvlh5_naive,8.97686003183467,,,-0.8213868759087339,4021316,0.94194504682652,7355,225,wt_med,0.15397092746914323,,,3978673.0
UC3,6,all,NA,lvlh5_tft,8.83085722984568,,,-0.7780600636419698,2846738,0.6668142366113069,5011,225,wt_med,0.4547799394826907,,,2813983.0
UC3,6,all,NA,lvlh5_cbd,10.479004689291367,,,-4.951559215924452,2232158,0.5228562420446917,3903,225,wt_med,2.13439703920166,,,2209100.0
UC3,6,all,NA,prod_served,9.412445002148509,,,2.1092952253410213,2655331,0.6219794423355216,4728,225,wt_med,1.1465192513665061,,,2618905.0
UC3,6,all,NA,oracle_level,6.548121901554252,,,-0.5043613646804768,4145331,0.9709940733099376,7431,225,wt_med,-2.353601476102639,,,4094902.0
UC3,6,all,NA,oracle_shape,7.326222975005736,,,0.47275445157600543,4021911,0.9420844184409024,7176,225,wt_med,-1.516072561050407,,,3959402.0
UC3,6,all,Asia,snaive7,9.72316360322889,,,0.0542318367144533,2581196,0.8639789956245347,4801,225,wt_med,0.808586366600714,,,2533132.0
UC3,6,all,Asia,wt_med,8.962339187726606,,,-1.2268548167050468,2851306,0.9543903268477906,5076,225,wt_med,,,,
UC3,6,all,Asia,clim,9.195518792438945,,,-1.222832655204598,2608895,0.8732504163921959,4306,225,wt_med,0.45048706208235656,,,2595665.0
UC3,6,all,Asia,h5,8.882663562871409,,,-1.5215561118506618,2876371,0.9627800940430478,5082,225,wt_med,-0.07413473422354529,,,2851306.0
UC3,6,all,Asia,lvlh5_naive,9.07494824507158,,,-0.9450065288959268,2785346,0.932312168292069,4890,225,wt_med,0.16362018883353904,,,2767200.0
UC3,6,all,Asia,lvlh5_tft,9.384737044419118,,,-2.085125698517388,1884310,0.6307170246836222,3742,225,wt_med,0.3802507427425762,,,1866400.0
UC3,6,all,Asia,lvlh5_cbd,14.479194929865915,,,-11.319793248299202,1422464,0.47612774002131497,2786,225,wt_med,4.603146442375339,,,1408045.0
UC3,6,all,Asia,prod_served,9.019239675974735,,,-0.7044293665167884,1664685,0.5572040535981105,2716,225,wt_med,0.4773646469835926,,,1646694.0
UC3,6,all,Asia,oracle_level,5.824581900194648,,,-0.3945985092820044,2867589,0.9598405793608714,4978,225,wt_med,-3.1601627238102448,,,2844157.0
UC3,6,all,Asia,oracle_shape,7.712514417292353,,,-0.07943599902212212,2795971,0.9358685726985964,4711,225,wt_med,-1.2164575320170776,,,2759810.0
UC3,6,busy,all,snaive7,16.479815346266747,16.294842433929443,16.657289934158324,0.8731881467390413,3048950,0.8436721063979563,15106,225,wt_med,1.4671982197296671,1.3086785316467284,1.6234143018722533,3006285.0
UC3,6,busy,all,wt_med,15.033476989379714,14.902205085754394,15.182965397834778,-0.16290538653167558,3508380,0.9708005525326627,15790,225,wt_med,,,,
UC3,6,busy,all,clim,15.710755357490017,15.562239050865173,15.872068381309509,-0.013287796537508662,3209712,0.8881564092460674,14718,225,wt_med,0.8240878362630539,0.7476458549499512,0.8971539735794067,3196493.0
UC3,6,busy,all,h5,14.801465779819981,14.666646099090576,14.948571014404298,-0.7346562264484088,3545408,0.9810465358238625,15803,225,wt_med,-0.2215654197948922,-0.233406138420105,-0.2092284917831421,3508380.0
UC3,6,busy,all,lvlh5_naive,14.70048493135646,14.553948974609375,14.852459812164307,-0.42507345501277366,3435241,0.9505623281636701,15528,225,wt_med,-0.24850400721824784,-0.32583394050598147,-0.17104427814483641,3405270.0
UC3,6,busy,all,lvlh5_tft,14.610945892112381,14.439488625526428,14.799548482894897,-1.7193815450968513,2335361,0.6462155607896612,10951,225,wt_med,-0.12162892258791125,-0.24450476169586183,-0.002866983413696348,2313630.0
UC3,6,busy,all,lvlh5_cbd,19.69212923374094,19.399276781082154,20.001373195648192,-14.810197021349454,1893056,0.5238257574080551,8868,225,wt_med,4.839684600312083,4.568973422050476,5.077656555175781,1876410.0
UC3,6,busy,all,prod_served,15.358015843963244,15.174674487113952,15.545585441589356,2.0768099005997804,2130780,0.589606143383997,9827,225,wt_med,0.7583166540870607,0.6152052164077759,0.9058203697204589,2107909.0
UC3,6,busy,all,oracle_level,9.72565356843725,9.65148446559906,9.808184480667114,-0.7771442320721519,3536206,0.9785002589996856,15653,225,wt_med,-5.328280885969379,-5.44737184047699,-5.213741731643677,3500314.0
UC3,6,busy,all,oracle_shape,11.56669103046783,11.40088050365448,11.729082202911377,0.9331580516355701,3440956,0.9521437204751426,15101,225,wt_med,-3.374694455221075,-3.479217553138733,-3.26617112159729,3394578.0
UC3,6,busy,EU,snaive7,13.386086041147422,,,1.0042923468159934,710567,0.877208554723764,4388,225,wt_med,0.22175566968270308,,,701362.0
UC3,6,busy,EU,wt_med,13.256170200891441,,,-0.060183717113190746,788386,0.9732775989096727,4492,225,wt_med,,,,
UC3,6,busy,EU,clim,13.579741690495501,,,-1.893194647047631,741049,0.9148391668477295,4355,225,wt_med,0.41950588037132325,,,736178.0
UC3,6,busy,EU,h5,13.044474415724713,,,-0.6886107096120139,797013,0.9839277954451182,4494,225,wt_med,-0.21568725535461056,,,788386.0
UC3,6,busy,EU,lvlh5_naive,12.43904065703441,,,-0.14109060628201045,778724,0.9613496750745649,4468,225,wt_med,-0.7138180152099692,,,771415.0
UC3,6,busy,EU,lvlh5_tft,12.02294378190771,,,-1.4637106488450322,537025,0.6629676358464851,3107,225,wt_med,-1.173594284891623,,,533092.0
UC3,6,busy,EU,lvlh5_cbd,17.560407906866036,,,-13.365958698065059,484668,0.5983319177513975,2822,225,wt_med,4.244478576527255,,,480999.0
UC3,6,busy,EU,prod_served,12.772448444170973,,,1.6512964927314113,529814,0.6540655183992731,3065,225,wt_med,-0.4180008472603341,,,524042.0
UC3,6,busy,EU,oracle_level,8.182411340251573,,,-0.8434168378820066,795038,0.981489620163154,4471,225,wt_med,-5.088829849102127,,,786608.0
UC3,6,busy,EU,oracle_shape,9.379243816180749,,,0.9626606467822734,779002,0.9616928713927351,4343,225,wt_med,-3.728319923931911,,,768225.0
UC3,6,busy,NA,snaive7,16.553183473737906,,,0.8181349451329089,1454606,0.8181738924521436,6564,225,wt_med,2.0698465366489116,,,1433958.0
UC3,6,busy,NA,wt_med,14.531026822197314,,,0.0347953067240382,1725362,0.9704663279465472,6821,225,wt_med,,,,
UC3,6,busy,NA,clim,15.26017992542886,,,1.366842215384307,1596328,0.8978884271000844,6501,225,wt_med,0.9817289311619598,,,1590821.0
UC3,6,busy,NA,h5,14.29081481381749,,,-0.5117341273774486,1745411,0.9817433117963135,6828,225,wt_med,-0.23876641539572566,,,1725362.0
UC3,6,busy,NA,lvlh5_naive,14.309280649303602,,,-0.4282688749961578,1689127,0.9500851862538804,6726,225,wt_med,-0.09342702501898881,,,1672390.0
UC3,6,busy,NA,lvlh5_tft,14.219463272005193,,,-0.7602748176694607,1129306,0.6352020311957742,4571,225,wt_med,0.23548016273168054,,,1117907.0
UC3,6,busy,NA,lvlh5_cbd,16.983167604795515,,,-10.47016232898693,847640,0.4767730355836116,3543,225,wt_med,2.969426845642358,,,840128.0
UC3,6,busy,NA,prod_served,15.395683986116584,,,4.1059469828261586,1053055,0.5923130444369074,4320,225,wt_med,1.5577599010732743,,,1041579.0
UC3,6,busy,NA,oracle_level,10.201981487545016,,,-0.7008506804241746,1740527,0.978996202757346,6791,225,wt_med,-4.350872073537125,,,1720972.0
UC3,6,busy,NA,oracle_shape,11.116604859138546,,,1.1567515464983484,1691475,0.9514058684863733,6562,225,wt_med,-3.28983396576807,,,1667194.0
UC3,6,busy,Asia,snaive7,18.846453347394196,,,0.8583907478922851,883777,0.8613785729671356,4154,225,wt_med,1.4779147267685844,,,870965.0
UC3,6,busy,Asia,wt_med,17.313830140192554,,,-0.5872729813639618,994632,0.9694240660115029,4477,225,wt_med,,,,
UC3,6,busy,Asia,clim,18.34558225910917,,,-0.9418726750617595,872335,0.8502265587917385,3862,225,wt_med,0.8782176760276666,,,869494.0
UC3,6,busy,Asia,h5,17.086288639699138,,,-1.1591790098346535,1002984,0.97756439308657,4481,225,wt_med,-0.19638657815151733,,,994632.0
UC3,6,busy,Asia,lvlh5_naive,17.203957828955417,,,-0.6480929091364891,967390,0.9428724867276217,4334,225,wt_med,-0.14491104105233862,,,961465.0
UC3,6,busy,Asia,lvlh5_tft,17.34912729655678,,,-3.5435548183189036,669030,0.6520741167423487,3273,225,wt_med,0.12221655502909996,,,662631.0
UC3,6,busy,Asia,lvlh5_cbd,25.629558073813683,,,-22.61898654231747,560748,0.5465364136362174,2503,225,wt_med,8.184914706671629,,,555283.0
UC3,6,busy,Asia,prod_served,17.785788202828563,,,-1.4116215954780977,547911,0.5340247543135839,2442,225,wt_med,0.3595552547723719,,,542288.0
UC3,6,busy,Asia,oracle_level,10.123273304737681,,,-0.857194666335133,1000641,0.9752807740328244,4391,225,wt_med,-7.212418328584664,,,992734.0
UC3,6,busy,Asia,oracle_shape,14.107019323479081,,,0.5197690062801419,970479,0.9458831991719322,4196,225,wt_med,-3.2389661486032297,,,959159.0
UC3,7,all,all,wt_med,7.960825893046553,7.874496984481811,8.037244963645936,-1.1691252505812844,11195469,0.9575935958275815,18536,224,wt_med,,,,
UC3,7,all,all,clim,8.233756333571746,8.14192430973053,8.311475348472595,-1.033456578434802,10365794,0.8866281484114662,17383,224,wt_med,0.3747846612563963,0.34492217302322387,0.4021564722061157,10294246.0
UC3,7,all,all,h5,7.859574972065522,7.771775090694428,7.935876107215881,-1.4681875862325693,11336349,0.969643630156665,18554,224,wt_med,-0.09201787348078039,-0.09720882177352905,-0.08675959110260009,11195469.0
UC3,7,all,all,lvlh5_naive,8.202588452562102,8.113731956481933,8.281262946128845,-0.9332150607603177,10698006,0.9150435800166158,18127,224,wt_med,0.3326090577190346,0.3041432023048401,0.3630135416984558,10594228.0
UC3,7,all,all,lvlh5_tft,8.033913291213727,7.938568532466888,8.128371572494506,-1.3033535126206426,7746337,0.6625754313930252,12778,224,wt_med,0.31876914060867634,0.26789470911026003,0.37145061492919923,7659992.0
UC3,7,all,all,lvlh5_cbd,10.749491723083569,10.596568202972412,10.908052444458008,-6.150481565106961,6343248,0.5425635729549262,10245,224,wt_med,2.8939806304293887,2.8057932615280152,2.994178366661072,6273081.0
UC3,7,all,all,prod_served,8.245174239566111,8.146608901023864,8.339914584159851,0.6765980054796689,7278542,0.622563039222571,11433,224,wt_med,0.7101443754683094,0.6461764574050903,0.7779592633247375,7166730.0
UC3,7,all,all,oracle_level,5.513104315036528,5.462493872642517,5.564607965946197,-0.462313169576224,11284534,0.9652116843250249,18411,224,wt_med,-2.468120930571847,-2.5188281774520873,-2.4126458287239076,11151156.0
UC3,7,all,all,oracle_shape,6.985097386168594,6.900697863101959,7.062461316585541,0.12937827668677054,10685528,0.9139762863740952,17191,224,wt_med,-0.8956121929364214,-0.9439481019973754,-0.8443504214286804,10526532.0
UC3,7,all,EU,wt_med,6.236359621395258,,,-1.5791784163431575,4293026,0.9578230217939674,6128,224,wt_med,,,,
UC3,7,all,EU,clim,6.481260255327729,,,-2.1653845669132568,3967450,0.8851833060914319,6011,224,wt_med,0.20423928193545762,,,3931680.0
UC3,7,all,EU,h5,6.160863643506959,,,-1.8437371623850876,4352444,0.9710798546920103,6129,224,wt_med,-0.061612222940182516,,,4293026.0
UC3,7,all,EU,lvlh5_naive,6.381569980691299,,,-1.2371516985087674,4092197,0.9130157833463407,6119,224,wt_med,0.19204829597292702,,,4047868.0
UC3,7,all,EU,lvlh5_tft,6.243782945922904,,,-1.5454578472071965,3076024,0.6862960072430884,4146,224,wt_med,0.07891025093263902,,,3042408.0
UC3,7,all,EU,lvlh5_cbd,8.753045432961452,,,-4.562296496353591,2737748,0.6108227768176551,3666,224,wt_med,2.476765875877464,,,2706654.0
UC3,7,all,EU,prod_served,6.498769927048545,,,-0.04873581018228535,3001448,0.6696572518119992,4058,224,wt_med,0.3023259284533731,,,2948371.0
UC3,7,all,EU,oracle_level,4.265635980333686,,,-0.4862779627679576,4328893,0.9658253582165011,6117,224,wt_med,-1.985339234166887,,,4273361.0
UC3,7,all,EU,oracle_shape,5.412742060889432,,,-0.36123270189586,4083689,0.9111175515933947,5774,224,wt_med,-0.7782938270490423,,,4012536.0
UC3,7,all,NA,wt_med,9.001536366095422,,,-0.701198294500101,4081384,0.9611488427735755,7407,224,wt_med,,,,
UC3,7,all,NA,clim,9.391480287425276,,,0.23321024733590795,3808990,0.8970011963187294,7107,224,wt_med,0.5513105950381062,,,3787707.0
UC3,7,all,NA,h5,8.864872121893598,,,-1.0381764084828755,4137182,0.9742890381409018,7418,224,wt_med,-0.13307610543384302,,,4081384.0
UC3,7,all,NA,lvlh5_naive,9.266592187588126,,,-0.7087911261424494,3911723,0.9211943876637874,7259,224,wt_med,0.3746932691957719,,,3869108.0
UC3,7,all,NA,lvlh5_tft,9.011577263924009,,,-0.7196393852828018,2814458,0.6627930745391347,4963,224,wt_med,0.5567933674980756,,,2780112.0
UC3,7,all,NA,lvlh5_cbd,10.812191468112474,,,-4.829516053004419,2207177,0.5197809417948549,3860,224,wt_med,2.3803842255815915,,,2182745.0
UC3,7,all,NA,prod_served,9.664654409139322,,,2.1581890215167796,2627066,0.6186630431710924,4683,224,wt_med,1.3104099871203985,,,2587813.0
UC3,7,all,NA,oracle_level,6.582624113776789,,,-0.4825132412952828,4117563,0.9696688457879219,7389,224,wt_med,-2.4427134123690033,,,4063778.0
UC3,7,all,NA,oracle_shape,7.764568052501243,,,0.63956513279013,3905172,0.9196516545935813,6985,224,wt_med,-1.1441416981792818,,,3847138.0
UC3,7,all,Asia,wt_med,9.079426910248953,,,-1.2220914202786968,2821059,0.9521511043338001,5001,224,wt_med,,,,
UC3,7,all,Asia,clim,9.215924705544317,,,-1.1623897311839169,2589354,0.873947078246553,4265,224,wt_med,0.3755230868952436,,,2574859.0
UC3,7,all,Asia,h5,8.995775669076338,,,-1.5189392768456924,2846723,0.9608131018112094,5007,224,wt_med,-0.07888728576750788,,,2821059.0
UC3,7,all,Asia,lvlh5_naive,9.423736717742603,,,-0.7974048711861617,2694086,0.9092957503087423,4749,224,wt_med,0.48431052259023855,,,2677252.0
UC3,7,all,Asia,lvlh5_tft,9.518344842135875,,,-1.7872922641431137,1855855,0.6263798055033251,3669,224,wt_med,0.35578445042322127,,,1837472.0
UC3,7,all,Asia,lvlh5_cbd,14.559324932403303,,,-11.345029027828629,1398323,0.47195566936577804,2719,224,wt_med,4.520297926575826,,,1383682.0
UC3,7,all,Asia,prod_served,9.161930585420368,,,-0.36289081154986463,1650028,0.5569100052078639,2692,224,wt_med,0.4948943482735231,,,1630546.0
UC3,7,all,Asia,oracle_level,5.8641664742712045,,,-0.39645307221389386,2838078,0.9578952804196803,4905,224,wt_med,-3.2379638229346543,,,2814017.0
UC3,7,all,Asia,oracle_shape,8.237399997114002,,,0.13350753376384206,2696667,0.9101668777826043,4432,224,wt_med,-0.7136065754057039,,,2666858.0
UC3,7,busy,all,wt_med,15.23441318219819,15.096563506126405,15.379538798332215,-0.04486446020397954,3478388,0.9690941373558606,15657,224,wt_med,,,,
UC3,7,busy,all,clim,15.752382621190502,15.601983451843262,15.915161681175231,0.11461689984026,3190184,0.8887992401901308,14633,224,wt_med,0.6892981768922706,0.6152737379074097,0.7570379495620727,3175786.0
UC3,7,busy,all,h5,14.991924256922756,14.856071758270264,15.138863492012025,-0.6305579411769723,3517602,0.9800193295719885,15672,224,wt_med,-0.23212260966861642,-0.2444021463394165,-0.2196427583694458,3478388.0
UC3,7,busy,all,lvlh5_naive,15.349067765225458,15.201094961166381,15.510230612754821,-0.11207544438594945,3326360,0.9267384704452293,15268,224,wt_med,0.2886808501813771,0.20947959423065185,0.3602811574935913,3296773.0
UC3,7,busy,all,lvlh5_tft,14.948139520158598,14.77514190673828,15.128057622909546,-1.5129195592597113,2305058,0.6421992584108573,10814,224,wt_med,0.016743003314736882,-0.10800092220306397,0.13945057392120352,2282234.0
UC3,7,busy,all,lvlh5_cbd,20.000419538292945,19.694518566131592,20.301219749450684,-14.725667836577083,1866400,0.5199872176309768,8740,224,wt_med,4.95186407353915,4.691129088401794,5.20674319267273,1848763.0
UC3,7,busy,all,prod_served,15.778753485479264,15.60457739830017,15.963142275810242,2.2956312166206994,2109466,0.5877064702245747,9733,224,wt_med,0.9973457745603991,0.8531663894653321,1.145398712158203,2084789.0
UC3,7,busy,all,oracle_level,9.776274318972321,9.70285255908966,9.850362157821655,-0.7655722897469334,3508501,0.97748375109596,15530,224,wt_med,-5.479834989879601,-5.605703520774841,-5.358342003822327,3470450.0
UC3,7,busy,all,oracle_shape,12.41838613177133,12.25297920703888,12.584801721572877,1.2990640256581827,3324072,0.9261010236203581,14560,224,wt_med,-2.6314209970455735,-2.7430725574493406,-2.5236351251602174,3282200.0
UC3,7,busy,EU,wt_med,13.460012809810115,,,0.043040706303781706,782213,0.9711056789246754,4465,224,wt_med,,,,
UC3,7,busy,EU,clim,13.57432132184775,,,-1.759421046123072,735879,0.9135827145565354,4334,224,wt_med,0.22180117045544792,,,730314.0
UC3,7,busy,EU,h5,13.243113207427962,,,-0.6042519598477611,791388,0.9824963034785167,4468,224,wt_med,-0.22347078097653708,,,782213.0
UC3,7,busy,EU,lvlh5_naive,13.141958387529527,,,0.08440826476462936,757095,0.9399220595738975,4420,224,wt_med,-0.11104696109544762,,,749543.0
UC3,7,busy,EU,lvlh5_tft,12.56490039248211,,,-1.5450271468681924,530544,0.6586623992690136,3078,224,wt_med,-0.8527334332118509,,,526403.0
UC3,7,busy,EU,lvlh5_cbd,17.67662152542494,,,-13.306785730704739,478375,0.5938953701301201,2792,224,wt_med,4.146351807359715,,,474421.0
UC3,7,busy,EU,prod_served,13.334444474159767,,,1.6142914996771642,523486,0.6498999983860696,3036,224,wt_med,-0.07296215323888557,,,517323.0
UC3,7,busy,EU,oracle_level,8.223824913825005,,,-0.8314951915421679,789407,0.980036921762859,4445,224,wt_med,-5.25322100257636,,,780443.0
UC3,7,busy,EU,oracle_shape,10.27566997135729,,,1.2010203159314514,755903,0.9384422094956218,4214,224,wt_med,-2.926261538987043,,,744857.0
UC3,7,busy,NA,wt_med,14.719320625687923,,,0.20200583177447984,1714401,0.968874966374226,6781,224,wt_med,,,,
UC3,7,busy,NA,clim,15.331920374412622,,,1.4659188269411016,1589690,0.8983959092974417,6471,224,wt_med,0.8774158478101112,,,1583916.0
UC3,7,busy,NA,h5,14.46482646389585,,,-0.36197384717301767,1735950,0.9810531479375815,6789,224,wt_med,-0.2517911503784704,,,1714401.0
UC3,7,busy,NA,lvlh5_naive,14.80810842445003,,,-0.1547592206086948,1645012,0.9296605322705705,6640,224,wt_med,0.3084265942480058,,,1628291.0
UC3,7,busy,NA,lvlh5_tft,14.515758185000315,,,-0.6465867840375347,1117860,0.6317463475062673,4528,224,wt_med,0.4059957810738343,,,1105686.0
UC3,7,busy,NA,lvlh5_cbd,17.52077784975566,,,-10.300724832372131,839399,0.47437716024404963,3503,224,wt_med,3.3705407634906566,,,831241.0
UC3,7,busy,NA,prod_served,15.81373568899444,,,4.193512695699196,1042991,0.5894349513641327,4278,224,wt_med,1.8333550070067428,,,1030436.0
UC3,7,busy,NA,oracle_level,10.241968649894485,,,-0.6701902741860484,1731087,0.9783048766979603,6754,224,wt_med,-4.500741165882318,,,1710066.0
UC3,7,busy,NA,oracle_shape,11.816201031487818,,,1.496001378224492,1643850,0.9290038406850389,6387,224,wt_med,-2.6830394365480235,,,1621985.0
UC3,7,busy,Asia,wt_med,17.54760769790196,,,-0.5459932734010068,981774,0.9678791272492103,4411,224,wt_med,,,,
UC3,7,busy,Asia,clim,18.379209821712553,,,-0.774895762853987,864615,0.8523782577319994,3828,224,wt_med,0.7397383338982028,,,861556.0
UC3,7,busy,Asia,h5,17.313530911958832,,,-1.1224134422739795,990264,0.9762489697896991,4415,224,wt_med,-0.20467006663448004,,,981774.0
UC3,7,busy,Asia,lvlh5_naive,18.11982001747064,,,-0.19705381036109554,924253,0.9111722117284267,4208,224,wt_med,0.5797353875291918,,,918939.0
UC3,7,busy,Asia,lvlh5_tft,17.609746727415438,,,-2.96178649397679,656654,0.6473604927658534,3208,224,wt_med,0.058739262283985065,,,650145.0
UC3,7,busy,Asia,lvlh5_cbd,25.82051488215604,,,-22.733036171623755,548626,0.5408613938301741,2445,224,wt_med,8.075799960972848,,,543101.0
UC3,7,busy,Asia,prod_served,18.068073202219566,,,-0.6930140389584319,542989,0.5353041732882735,2419,224,wt_med,0.424269593877437,,,537030.0
UC3,7,busy,Asia,oracle_level,10.200721742255837,,,-0.8800194212285678,988007,0.9740239127091475,4331,224,wt_med,-7.368902147311162,,,979941.0
UC3,7,busy,Asia,oracle_shape,15.241640388047022,,,1.029001490210397,924319,0.911237277642169,3959,224,wt_med,-2.3000333037657015,,,915358.0
UC3,10,all,all,wt_med,8.066498673899359,7.988874161243439,8.148853135108947,-1.1500908787971496,10989362,0.9556511262163193,18198,221,wt_med,,,,
UC3,10,all,all,clim,8.29446418126199,8.214088296890258,8.380756425857545,-0.9713189361649035,10178946,0.885176155685389,17114,221,wt_med,0.3250474872873861,0.29343338012695314,0.3582140922546387,10100598.0
UC3,10,all,all,h5,7.95617203750833,7.875886797904968,8.03913311958313,-1.4545545320352395,11142698,0.968985450910465,18214,221,wt_med,-0.09774043866240856,-0.10330111980438232,-0.09234175682067872,10989362.0
UC3,10,all,all,lvlh5_naive,8.237070862827956,8.155288171768188,8.318878030776977,-0.9199700445346727,10608379,0.9225202826769698,17840,221,wt_med,0.2476522070990015,0.2150646448135376,0.2795840740203857,10491573.0
UC3,10,all,all,lvlh5_tft,8.19370486110773,8.092025637626648,8.287826681137085,-1.2239750968538696,7545611,0.6561774605423178,12409,221,wt_med,0.36709501518013976,0.3179205060005188,0.4193432450294495,7450462.0
UC3,10,all,all,lvlh5_cbd,10.861336246205006,10.708765077590943,11.017539310455323,-6.2662999794689735,6137353,0.5337132680165696,9874,221,wt_med,2.877167081487432,2.7779224276542664,2.9802886962890627,6060254.0
UC3,10,all,all,prod_served,8.41728351216893,8.310134053230286,8.51201410293579,0.762342807992072,7106993,0.6180345924050457,11145,221,wt_med,0.7667946896367983,0.703426992893219,0.8341435074806213,6981820.0
UC3,10,all,all,oracle_level,5.53917062801219,5.4904927730560305,5.588907730579376,-0.4635829161108276,11091750,0.9645549376942774,18079,221,wt_med,-2.5478476624857516,-2.6012888193130492,-2.497592294216156,10946077.0
UC3,10,all,all,oracle_shape,6.984786728563572,6.901827085018158,7.069814729690552,0.13395455109201634,10614173,0.9230241374617424,17069,221,wt_med,-1.0143287052808505,-1.0615506172180176,-0.9620920538902283,10431265.0
UC3,10,all,EU,wt_med,6.32889865545223,,,-1.6046657584552508,4220750,0.95428973102177,6040,221,wt_med,,,,
UC3,10,all,EU,clim,6.514790660473129,,,-2.1410244972877637,3900840,0.8819597356770624,5930,221,wt_med,0.14372222196324974,,,3861414.0
UC3,10,all,EU,h5,6.24451718501907,,,-1.8714365288983612,4287077,0.9692859224544492,6041,221,wt_med,-0.06604344607001125,,,4220750.0
UC3,10,all,EU,lvlh5_naive,6.419140274832945,,,-1.22923564423654,4069285,0.9200442784104539,6035,221,wt_med,0.12267436750316527,,,4018487.0
UC3,10,all,EU,lvlh5_tft,6.373407269850871,,,-1.6258925372828152,3014147,0.6814830373488302,4058,221,wt_med,0.08712143055674122,,,2975486.0
UC3,10,all,EU,lvlh5_cbd,8.834068487430024,,,-4.6443733124844755,2661619,0.6017782810146141,3568,221,wt_med,2.417104159503052,,,2625828.0
UC3,10,all,EU,prod_served,6.614272863119838,,,-0.11235866084345887,2942479,0.6652792734578468,3969,221,wt_med,0.29932729900537025,,,2881072.0
UC3,10,all,EU,oracle_level,4.297105105573907,,,-0.48456103936082545,4263777,0.9640179130407651,6032,221,wt_med,-2.0464198072865054,,,4201484.0
UC3,10,all,EU,oracle_shape,5.412140792783643,,,-0.356656573491866,4069912,0.9201860398654916,5746,221,wt_med,-0.8832700653480857,,,3987466.0
UC3,10,all,NA,wt_med,9.12100784621215,,,-0.639339219923414,4013529,0.9601144521837273,7303,221,wt_med,,,,
UC3,10,all,NA,clim,9.515667677334731,,,0.29312741250664887,3731855,0.8927325351216109,6997,221,wt_med,0.5482690604241297,,,3708535.0
UC3,10,all,NA,h5,8.975639442746466,,,-0.9823017097546002,4073801,0.9745326906621381,7314,221,wt_med,-0.13940429669251175,,,4013529.0
UC3,10,all,NA,lvlh5_naive,9.30478201187821,,,-0.6979997959726557,3875959,0.9272050238011454,7173,221,wt_med,0.28079990280460565,,,3828633.0
UC3,10,all,NA,lvlh5_tft,9.21473546888733,,,-0.5175996774454334,2738202,0.6550313485210613,4829,221,wt_med,0.6461801127439852,,,2701297.0
UC3,10,all,NA,lvlh5_cbd,10.831603086289086,,,-4.8332305158833675,2136594,0.5111149758352409,3737,221,wt_med,2.285428411692201,,,2110519.0
UC3,10,all,NA,prod_served,9.859451436527616,,,2.330304748793442,2556860,0.6116508036220705,4559,221,wt_med,1.3987286340721297,,,2514225.0
UC3,10,all,NA,oracle_level,6.613820015670409,,,-0.46739368653311714,4054386,0.9698882438201826,7286,221,wt_med,-2.531373134899686,,,3996129.0
UC3,10,all,NA,oracle_shape,7.777180922114807,,,0.6320467637778192,3873789,0.926685917458264,6930,221,wt_med,-1.26409127537151,,,3808051.0
UC3,10,all,Asia,wt_med,9.192298562330064,,,-1.1977372369543857,2755083,0.9512879290895776,4855,221,wt_med,,,,
UC3,10,all,Asia,clim,9.231083267124882,,,-1.032544709849893,2546251,0.8791814405345559,4187,221,wt_med,0.27460465675010637,,,2530649.0
UC3,10,all,Asia,h5,9.101065961313097,,,-1.503680212055417,2781820,0.9605198053561249,4859,221,wt_med,-0.085605043477819,,,2755083.0
UC3,10,all,Asia,lvlh5_naive,9.460919085020072,,,-0.7704686924677943,2663135,0.919539694098498,4632,221,wt_med,0.38957625038944055,,,2644453.0
UC3,10,all,Asia,lvlh5_tft,9.694242134250628,,,-1.627017339905044,1793262,0.6191858808954337,3522,221,wt_med,0.41172865217015564,,,1773679.0
UC3,10,all,Asia,lvlh5_cbd,14.93808854687581,,,-11.776432191883535,1339140,0.4623845152255002,2569,221,wt_med,4.732978560651736,,,1323907.0
UC3,10,all,Asia,prod_served,9.423656458417048,,,-0.13042918438917828,1607654,0.5550982835553686,2617,221,wt_med,0.6142492103801835,,,1586523.0
UC3,10,all,Asia,oracle_level,5.877666220483344,,,-0.4257631636870348,2773587,0.957677076654233,4761,221,wt_med,-3.338316611040987,,,2748464.0
UC3,10,all,Asia,oracle_shape,8.23211778282638,,,0.15913360887263103,2670472,0.92207304773457,4393,221,wt_med,-0.8517499101691194,,,2635748.0
UC3,10,busy,all,wt_med,15.423541643637762,15.283269333839417,15.574220609664916,0.11286884974325398,3410569,0.9679505718044158,15365,221,wt_med,,,,
UC3,10,busy,all,clim,15.842232924509094,15.6958322763443,16.011516761779784,0.3431596239846673,3133702,0.8893731933775981,14387,221,wt_med,0.5983099770526348,0.5155169486999511,0.6772596359252929,3118005.0
UC3,10,busy,all,h5,15.166554992738751,15.026699542999268,15.316982293128968,-0.48627916809313865,3452574,0.9798719737079236,15381,221,wt_med,-0.2447175236742023,-0.2572941780090332,-0.23260049819946288,3410569.0
UC3,10,busy,all,lvlh5_naive,15.383740053937808,15.23263852596283,15.53986554145813,-0.019218816548744612,3296831,0.9356706906069115,15030,221,wt_med,0.1163796439215119,0.03963782787322998,0.1879841089248657,3264026.0
UC3,10,busy,all,lvlh5_tft,15.275207959210386,15.093749809265137,15.44445984363556,-1.1549973398509885,2232273,0.6335394260528254,10483,221,wt_med,0.1560791570413418,0.02221360206604004,0.2845032930374145,2207538.0
UC3,10,busy,all,lvlh5_cbd,20.261777774314776,19.947384881973267,20.601341915130615,-14.941308526138075,1791760,0.5085178210838954,8399,221,wt_med,4.991404723315219,4.7239440202713014,5.261091828346252,1772902.0
UC3,10,busy,all,prod_served,16.13435535754621,15.961716508865356,16.320791292190552,2.6750899609779655,2054224,0.5830074968177903,9475,221,wt_med,1.1698143973649824,1.008796763420105,1.3205068349838256,2026857.0
UC3,10,busy,all,oracle_level,9.809938813000379,9.733167505264282,9.887446856498718,-0.7583163708371561,3443680,0.9773477754331992,15240,221,wt_med,-5.63816596700029,-5.760826802253723,-5.52338740825653,3402840.0
UC3,10,busy,all,oracle_shape,12.404031965490043,12.24899411201477,12.573352575302124,1.3735816910518097,3298953,0.9362729335503527,14438,221,wt_med,-2.852156160117401,-2.9594928503036497,-2.7498660326004027,3251279.0
UC3,10,busy,EU,wt_med,13.649040936925823,,,0.23655233878618864,765226,0.968615984405458,4394,221,clim,-0.05995920447322811,,,714294.0
UC3,10,busy,EU,clim,13.57289973388786,,,-1.472358764140244,720373,0.9118414723677881,4268,221,clim,,,,
UC3,10,busy,EU,h5,13.414942670698013,,,-0.4244096803902701,775258,0.9813143971038708,4400,221,clim,-0.294171589309848,,,716248.0
UC3,10,busy,EU,lvlh5_naive,13.185796245211227,,,0.269975748295182,747223,0.9458279537226906,4362,221,clim,-0.3675639114445202,,,699469.0
UC3,10,busy,EU,lvlh5_tft,12.880100373219916,,,-1.392760690909248,514281,0.6509721272879168,3001,221,clim,-0.806448857265876,,,497316.0
UC3,10,busy,EU,lvlh5_cbd,17.732006732796812,,,-13.327465178122823,459332,0.5814181919445077,2708,221,clim,3.9953215465147185,,,444863.0
UC3,10,busy,EU,prod_served,13.626917836271128,,,1.8096675487925902,507864,0.642849548112706,2960,221,clim,-0.02825858837468383,,,494593.0
UC3,10,busy,EU,oracle_level,8.257865107064324,,,-0.7956598696105336,773399,0.9789612921191868,4376,221,clim,-5.41739284192765,,,714767.0
UC3,10,busy,EU,oracle_shape,10.260275959685355,,,1.3685326352691916,747275,0.9458937748411432,4183,221,clim,-3.2525457132508158,,,697439.0
UC3,10,busy,NA,wt_med,14.87288728610082,,,0.3567898559026076,1693438,0.9684181752469314,6695,221,wt_med,,,,
UC3,10,busy,NA,clim,15.506824696562902,,,1.6129506148046862,1563586,0.8941603418381119,6373,221,wt_med,0.88510378447657,,,1557362.0
UC3,10,busy,NA,h5,14.605898471857362,,,-0.2171170105254574,1716790,0.9817723702209229,6702,221,wt_med,-0.2630378629155599,,,1693438.0
UC3,10,busy,NA,lvlh5_naive,14.826860465146119,,,-0.10517152545812954,1636896,0.9360837759569591,6560,221,wt_med,0.1458916672285643,,,1618248.0
UC3,10,busy,NA,lvlh5_tft,14.804107692683381,,,-0.2586695496697818,1091173,0.6240038109093571,4415,221,wt_med,0.53956279615464,,,1077883.0
UC3,10,busy,NA,lvlh5_cbd,17.512543640913517,,,-10.206526976143063,815316,0.466250806329861,3394,221,wt_med,3.2158282197761103,,,806522.0
UC3,10,busy,NA,prod_served,16.090232285800738,,,4.52884415119994,1017884,0.5820923859586519,4163,221,wt_med,1.9651886032315478,,,1004039.0
UC3,10,busy,NA,oracle_level,10.266988039337711,,,-0.639680039134751,1711857,0.9789513594378337,6661,221,wt_med,-4.632656170792256,,,1689086.0
UC3,10,busy,NA,oracle_shape,11.807693850435848,,,1.5160591035410456,1637328,0.9363308217015962,6332,221,wt_med,-2.873597473727302,,,1612384.0
UC3,10,busy,Asia,wt_med,17.829656846008792,,,-0.42049416695993824,951905,0.9665864820762563,4276,221,wt_med,,,,
UC3,10,busy,Asia,clim,18.383243521864845,,,-0.4542308674505115,849743,0.8628488105839598,3746,221,wt_med,0.5249347491401302,,,846349.0
UC3,10,busy,Asia,h5,17.582398992843505,,,-1.0173004166467123,960526,0.975340446034823,4279,221,wt_med,-0.2170976883197378,,,951905.0
UC3,10,busy,Asia,lvlh5_naive,18.18189340128381,,,-0.10182667633741506,912712,0.9267889980920196,4108,221,wt_med,0.38716294858329353,,,906848.0
UC3,10,busy,Asia,lvlh5_tft,18.06039828617533,,,-2.5202583001119336,626819,0.6364865948897809,3067,221,wt_med,0.23112490851523432,,,620007.0
UC3,10,busy,Asia,lvlh5_cbd,26.84352286773885,,,-23.840024949168825,517112,0.5250875548709346,2297,221,wt_med,8.717265928092123,,,511450.0
UC3,10,busy,Asia,prod_served,18.62898031320249,,,-0.06370961027558489,528476,0.5366268248425332,2352,221,wt_med,0.749558929170059,,,522025.0
UC3,10,busy,Asia,oracle_level,10.246039468500548,,,-0.940080402488338,958424,0.9732060263339869,4203,221,wt_med,-7.608571061727988,,,950236.0
UC3,10,busy,Asia,oracle_shape,15.22393283767592,,,1.122573626660473,914350,0.92845226139838,3923,221,wt_med,-2.5707086736618843,,,904016.0
UC3,14,all,all,wt_med,8.224240822711234,8.146535849571228,8.310616278648377,-1.1304125278976094,10722693,0.9511222863565882,17754,217,wt_med,,,,
UC3,14,all,all,clim,8.385811392359377,8.29964554309845,8.471656656265258,-0.9741370686750884,9946649,0.8822857782523916,16706,217,wt_med,0.25935286698557114,0.22676513195037842,0.28977830410003663,9861682.0
UC3,14,all,all,h5,8.104062096191143,8.026625728607177,8.188240790367127,-1.4399657329094895,10892375,0.9661733870263135,17770,217,wt_med,-0.10430508222141555,-0.1099740743637085,-0.0993356704711914,10722693.0
UC3,14,all,all,lvlh5_naive,8.48115705598284,8.396088433265685,8.569682312011718,-0.8762001023744456,10219565,0.9064939216640602,17344,217,wt_med,0.36743875909606594,0.33568272590637205,0.4005805492401123,10092956.0
UC3,14,all,all,lvlh5_tft,8.437897371105414,8.335140180587768,8.538565397262573,-1.1386001555051828,7245823,0.6427176212445095,11872,217,wt_med,0.4319882102689032,0.3727076292037964,0.48625208139419557,7139690.0
UC3,14,all,all,lvlh5_cbd,10.988023827359612,10.837533879280091,11.1452162027359,-6.342963544215157,5860985,0.5198799829018389,9356,217,wt_med,2.8161957988338333,2.7132822036743165,2.9196876764297484,5775277.0
UC3,14,all,all,prod_served,8.692537696191943,8.587743043899536,8.801983976364136,0.8854954072917859,6847376,0.6073746508142338,10710,217,wt_med,0.8526341644319855,0.7796318054199218,0.9224652290344239,6703416.0
UC3,14,all,all,oracle_level,5.60745312718036,5.555041360855102,5.662160193920135,-0.4338709419035512,10842494,0.9617488519989884,17648,217,wt_med,-2.6382820337238524,-2.692392861843109,-2.581692612171173,10680880.0
UC3,14,all,all,oracle_shape,7.298234090085202,7.213706159591675,7.385435235500336,0.19310745759027734,10219861,0.9065201774000736,16346,217,wt_med,-0.8244359659288927,-0.879029393196106,-0.7674141526222229,10026260.0
UC3,14,all,EU,wt_med,6.481466095010428,,,-1.6717591494839126,4133020,0.9502842561676208,5945,217,wt_med,,,,
UC3,14,all,EU,clim,6.602681039718748,,,-2.209768493042691,3818071,0.8778696353344925,5828,217,wt_med,0.07147377129705891,,,3778456.0
UC3,14,all,EU,h5,6.387991593398705,,,-1.9436445906423019,4206932,0.9672784661985089,5946,217,wt_med,-0.07162863051715211,,,4133020.0
UC3,14,all,EU,lvlh5_naive,6.685614419325121,,,-1.326254599465876,3922494,0.90187908432864,5931,217,wt_med,0.25069684091266276,,,3866736.0
UC3,14,all,EU,lvlh5_tft,6.572041660901614,,,-1.6778200985393195,2909207,0.6688991609120294,3916,217,wt_med,0.09395071689591643,,,2863917.0
UC3,14,all,EU,lvlh5_cbd,8.977661070910928,,,-4.766668634835743,2564517,0.589646343297206,3429,217,wt_med,2.3473998310410478,,,2522542.0
UC3,14,all,EU,prod_served,6.786224328304766,,,-0.13839786018007638,2840239,0.653041699641731,3827,217,wt_med,0.27447753733785113,,,2768906.0
UC3,14,all,EU,oracle_level,4.359717066644369,,,-0.4693821354284304,4183978,0.9620007697886024,5935,217,wt_med,-2.1375280385295126,,,4114375.0
UC3,14,all,EU,oracle_shape,5.751595291875244,,,-0.451324256927011,3922263,0.9018259716741707,5547,217,wt_med,-0.6808314722592163,,,3831190.0
UC3,14,all,NA,wt_med,9.300775223445633,,,-0.5088632478305599,3922095,0.9546226885583624,7170,217,wt_med,,,,
UC3,14,all,NA,clim,9.623603103033387,,,0.33795145176380004,3647012,0.8876685548526005,6870,217,wt_med,0.4955402686250434,,,3620958.0
UC3,14,all,NA,h5,9.140864330821248,,,-0.8577160720516749,3989248,0.9709674679185665,7184,217,wt_med,-0.14820939128195518,,,3922095.0
UC3,14,all,NA,lvlh5_naive,9.558588501179983,,,-0.5731225728256351,3739159,0.9100967767295789,7005,217,wt_med,0.3982727290750084,,,3688200.0
UC3,14,all,NA,lvlh5_tft,9.420192147131136,,,-0.4046528711814752,2631765,0.6405613785371844,4651,217,wt_med,0.6853320960960299,,,2591383.0
UC3,14,all,NA,lvlh5_cbd,10.946655022767436,,,-4.888284805653961,2043196,0.4973059700929457,3571,217,wt_med,2.2266608911155292,,,2014837.0
UC3,14,all,NA,prod_served,10.143432985270266,,,2.4685010593371315,2455781,0.5977275565050167,4387,217,wt_med,1.5163171909666948,,,2409085.0
UC3,14,all,NA,oracle_level,6.688667157002858,,,-0.4069959074154462,3970047,0.9662940191002668,7160,217,wt_med,-2.6360048025567995,,,3905141.0
UC3,14,all,NA,oracle_shape,8.102539866644797,,,0.7777449224491079,3734425,0.9089445395176716,6700,217,wt_med,-1.077626852124229,,,3666646.0
UC3,14,all,Asia,wt_med,9.341603694437426,,,-1.205528947982027,2667578,0.9473094711841679,4639,217,clim,-0.20032933051966723,,,2462268.0
UC3,14,all,Asia,clim,9.310178129455352,,,-1.00132718613972,2481566,0.8812529474934232,4008,217,clim,,,,
UC3,14,all,Asia,h5,9.24764802805435,,,-1.5155521021291116,2696195,0.9574719313397387,4640,217,clim,-0.2905238320277573,,,2469408.0
UC3,14,all,Asia,lvlh5_naive,9.659586076935145,,,-0.6290919171812284,2557912,0.9083649153110565,4408,217,clim,0.2947043701824337,,,2431626.0
UC3,14,all,Asia,lvlh5_tft,10.10548678618482,,,-1.351448282358304,1704851,0.6054261578322357,3305,217,clim,0.4014029423852771,,,1566863.0
UC3,14,all,Asia,lvlh5_cbd,15.169186448998834,,,-11.940015797860212,1253272,0.4450615635493787,2356,217,clim,4.449699973843793,,,1143573.0
UC3,14,all,Asia,prod_served,9.885883704320607,,,0.25416796660469937,1551356,0.5509170610862685,2496,217,clim,0.7100361326912648,,,1530470.0
UC3,14,all,Asia,oracle_level,5.952642047578748,,,-0.41829222315416664,2688469,0.9547282766183515,4553,217,clim,-3.5592309497803236,,,2465718.0
UC3,14,all,Asia,oracle_shape,8.493122040666305,,,0.3274510641951708,2563173,0.9102331999977272,4099,217,clim,-0.8695395680129636,,,2431003.0
UC3,14,busy,all,wt_med,15.699765036872225,15.554372978210449,15.846143054962159,0.32965896014510976,3320521,0.9640010799763102,14960,217,wt_med,,,,
UC3,14,busy,all,clim,15.965325112415451,15.815665602684021,16.12547674179077,0.4915833874871371,3059188,0.888131873236329,14018,217,wt_med,0.47164623240742465,0.3929919958114624,0.544215989112854,3041624.0
UC3,14,busy,all,h5,15.425244244518208,15.282512140274047,15.569157147407532,-0.28217611251560754,3366964,0.9774842358296657,14978,217,wt_med,-0.2583067348467303,-0.2708296775817871,-0.24530472755432128,3320521.0
UC3,14,busy,all,lvlh5_naive,15.834793010142965,15.687199997901917,15.98773250579834,0.3108192449202962,3168065,0.9197406314958253,14559,217,wt_med,0.36519425671134265,0.289928936958313,0.43898830413818357,3132994.0
UC3,14,busy,all,lvlh5_tft,15.731655638397951,15.54229166507721,15.918899893760681,-0.8123223470012688,2128713,0.6179998954861635,10005,217,wt_med,0.2986774372505874,0.15928502082824708,0.424611496925354,2101749.0
UC3,14,busy,all,lvlh5_cbd,20.477285652262495,20.160666370391844,20.80880708694458,-14.939724122768643,1693363,0.4916107324097407,7944,217,wt_med,4.893742243474117,4.6092246770858765,5.18150691986084,1673106.0
UC3,14,busy,all,prod_served,16.641059773121476,16.451399326324463,16.834625244140625,3.0948198587367792,1973479,0.5729329485675798,9075,217,wt_med,1.3613255843283394,1.193607211112976,1.5178269624710081,1942615.0
UC3,14,busy,all,oracle_level,9.915493545305534,9.837927675247192,9.994635844230652,-0.7004390674783378,3357999,0.9748815509853332,14846,217,wt_med,-5.811038393381839,-5.941966700553894,-5.690586137771606,3312892.0
UC3,14,busy,all,oracle_shape,12.914016549688332,12.747790670394897,13.094249844551086,1.7205343946493503,3167675,0.919627408172982,13799,217,wt_med,-2.54072192713663,-2.65747754573822,-2.4298145294189455,3118330.0
UC3,14,busy,EU,wt_med,13.938374593809652,,,0.4072865074279604,744417,0.9647268462420704,4290,217,clim,0.14432249949209616,,,694029.0
UC3,14,busy,EU,clim,13.659729525706759,,,-1.3484400708364668,700769,0.9081612420380102,4168,217,clim,,,,
UC3,14,busy,EU,h5,13.681640868123516,,,-0.27107688447002304,755146,0.9786310885327908,4295,217,clim,-0.10555234587299854,,,696244.0
UC3,14,busy,EU,lvlh5_naive,13.742481587047777,,,0.5506739674439105,716896,0.9290610197826693,4246,217,clim,0.1741934569562622,,,672351.0
UC3,14,busy,EU,lvlh5_tft,13.283987214118346,,,-1.1375417439296875,490162,0.6352252036260667,2872,217,clim,-0.5113231182457336,,,473103.0
UC3,14,busy,EU,lvlh5_cbd,17.9123337565162,,,-13.307380359077786,436658,0.5658867210533478,2583,217,clim,4.100507209766861,,,422077.0
UC3,14,busy,EU,prod_served,13.989344375659268,,,2.16686104958519,484439,0.6278084845814407,2833,217,clim,0.21802892436327911,,,470261.0
UC3,14,busy,EU,oracle_level,8.351082319620584,,,-0.7388244365884662,753201,0.9761104667362159,4270,217,clim,-5.409227530684633,,,694748.0
UC3,14,busy,EU,oracle_shape,10.875218710736048,,,1.6248240063267994,716313,0.9283054812184517,4011,217,clim,-2.645941400913978,,,669758.0
UC3,14,busy,NA,wt_med,15.128749516913585,,,0.6461439336066466,1663781,0.9639748105256266,6574,217,wt_med,,,,
UC3,14,busy,NA,clim,15.62654816480152,,,1.7454203889811892,1535447,0.88961962595867,6262,217,wt_med,0.7907246687849078,,,1528312.0
UC3,14,busy,NA,h5,14.841964840955633,,,0.05866105287199353,1690063,0.9792022869604666,6586,217,wt_med,-0.27862373413327834,,,1663781.0
UC3,14,busy,NA,lvlh5_naive,15.20903514658244,,,0.18725096269039715,1586622,0.9192698088425044,6407,217,wt_med,0.36425669259097665,,,1566518.0
UC3,14,busy,NA,lvlh5_tft,15.114492169714453,,,-0.007276379331790179,1053307,0.6102734769481778,4253,217,wt_med,0.6172972919083063,,,1038556.0
UC3,14,busy,NA,lvlh5_cbd,17.628961867243078,,,-10.130960383987874,783892,0.4541776484841181,3247,217,wt_med,3.1231650988831636,,,774195.0
UC3,14,busy,NA,prod_served,16.485521843004108,,,4.7855415993694255,981962,0.5689370373224393,4006,217,wt_med,2.128162508962576,,,966519.0
UC3,14,busy,NA,oracle_level,10.358162943989912,,,-0.5257447533655238,1685076,0.9763128788111421,6551,217,wt_med,-4.799283187022208,,,1659455.0
UC3,14,busy,NA,oracle_shape,12.276896836538425,,,1.821656793684293,1586011,0.9189158027508185,6123,217,wt_med,-2.564930537316548,,,1560228.0
UC3,14,busy,Asia,wt_med,18.17833212579317,,,-0.3108476931963789,912323,0.9634575457849927,4096,217,wt_med,,,,
UC3,14,busy,Asia,clim,18.560630859859145,,,-0.2809445521840354,822972,0.8690985356828306,3588,217,wt_med,0.39822686422152054,,,819283.0
UC3,14,busy,Asia,h5,17.923146674007736,,,-0.9162033973235838,921755,0.9734181974093012,4097,217,wt_med,-0.22098231656989903,,,912323.0
UC3,14,busy,Asia,lvlh5_naive,18.718165323006662,,,0.3387012038304283,864547,0.9130037616455774,3906,217,wt_med,0.6370625833082365,,,858278.0
UC3,14,busy,Asia,lvlh5_tft,18.892417050544594,,,-1.9888407957693182,585244,0.618046183123074,2880,217,wt_med,0.5884640078861131,,,578201.0
UC3,14,busy,Asia,lvlh5_cbd,27.5684294942872,,,-24.419851335611895,472813,0.4993135683252968,2114,217,wt_med,8.916851067446117,,,467175.0
UC3,14,busy,Asia,prod_served,19.475587582186566,,,0.7072481945578393,507078,0.5354990780694584,2236,217,wt_med,1.1979175002800941,,,499832.0
UC3,14,busy,Asia,oracle_level,10.385618778734377,,,-0.9890711733199361,919722,0.9712712503405757,4025,217,wt_med,-7.819615994139077,,,910731.0
UC3,14,busy,Asia,oracle_shape,15.769385376656835,,,1.6144241089672204,865351,0.9138528248247487,3665,217,wt_med,-2.3149074676446495,,,854979.0
UC3,21,all,all,wt_med,8.40132887029549,8.314660835266114,8.491499781608582,-1.0623835934757815,10287761,0.9442777805211748,16976,210,wt_med,,,,
UC3,21,all,all,clim,8.516523120138697,8.425467276573182,8.609414958953858,-0.8957078230466989,9550678,0.876623497018682,16050,210,wt_med,0.19516281169410377,0.16152465343475342,0.23045055866241454,9454542.0
UC3,21,all,all,h5,8.26148098270079,8.176394701004028,8.351476788520813,-1.3750341089664602,10481115,0.962025071304358,17000,210,wt_med,-0.11472103235096576,-0.11998748779296875,-0.10957372188568115,10287761.0
UC3,21,all,all,lvlh5_naive,8.693337252698507,8.607361459732056,8.78600845336914,-0.821842886073695,9778776,0.8975598186518653,16617,210,wt_med,0.3842001213541302,0.3543442726135254,0.4160300731658935,9632697.0
UC3,21,all,all,lvlh5_tft,8.654136848596004,8.549015927314759,8.764410281181336,-1.0141924075286137,6767795,0.6211923509520006,10969,210,wt_med,0.4142648942405973,0.3616126775741577,0.4679377794265747,6645788.0
UC3,21,all,all,lvlh5_cbd,11.104199135798304,10.937542033195495,11.274398255348206,-6.3819692147185645,5394801,0.4951700097458927,8479,210,wt_med,2.70439948399968,2.603342890739441,2.8051762104034426,5298429.0
UC3,21,all,all,prod_served,8.97319170381543,8.857671904563905,9.096685218811036,1.006422650675715,6423049,0.5895493153368115,10035,210,wt_med,0.8571830766146444,0.781650447845459,0.9319867134094239,6254966.0
UC3,21,all,all,oracle_level,5.671655837325963,5.623369860649109,5.728964245319366,-0.39106229713022317,10433621,0.9576657623246808,16892,210,wt_med,-2.7527843005524018,-2.811770868301392,-2.696317362785339,10248522.0
UC3,21,all,all,oracle_shape,7.543414646416659,7.457562601566314,7.639096343517304,0.24220125838539966,9793035,0.8988686026401842,15562,210,wt_med,-0.7776664963578073,-0.8320940852165222,-0.7230310678482056,9565491.0
UC3,21,all,EU,wt_med,6.649023095710904,,,-1.7729408488373115,3985805,0.9407885543909076,5777,210,wt_med,,,,
UC3,21,all,EU,clim,6.721700299678029,,,-2.2667910635429975,3678281,0.8682021987110613,5662,210,wt_med,0.009777108146782454,,,3631851.0
UC3,21,all,EU,h5,6.539429517536388,,,-2.0479630079891833,4073758,0.9615485202508389,5778,210,wt_med,-0.07768473056258397,,,3985805.0
UC3,21,all,EU,lvlh5_naive,6.923578050576585,,,-1.4516247549743126,3761540,0.8878542173748024,5763,210,wt_med,0.2977345553755821,,,3694842.0
UC3,21,all,EU,lvlh5_tft,6.927646360926163,,,-1.8029587012844968,2747405,0.6484830989665453,3692,210,wt_med,0.17023660363712864,,,2691592.0
UC3,21,all,EU,lvlh5_cbd,9.14926579878699,,,-4.9060200202012805,2381647,0.5621514946665584,3178,210,wt_med,2.2413450663188734,,,2330258.0
UC3,21,all,EU,prod_served,7.118191350930775,,,-0.24378738487359386,2683572,0.6334162916861001,3607,210,wt_med,0.32961580677186425,,,2594736.0
UC3,21,all,EU,oracle_level,4.42515079318178,,,-0.45144061952574144,4051155,0.9562134264128569,5766,210,wt_med,-2.2413267510961754,,,3967989.0
UC3,21,all,EU,oracle_shape,6.009295491427233,,,-0.5994524851457943,3769879,0.8898225112966239,5336,210,wt_med,-0.6153444090608479,,,3657710.0
UC3,21,all,NA,wt_med,9.55387124322784,,,-0.2770538135400989,3769293,0.9465598150923998,6930,210,wt_med,,,,
UC3,21,all,NA,clim,9.813531494881609,,,0.550114473741476,3492504,0.8770514630859068,6634,210,wt_med,0.4560026820272985,,,3463052.0
UC3,21,all,NA,h5,9.374456508875586,,,-0.6317716038737963,3844704,0.9654973246508058,6947,210,wt_med,-0.16336944686974453,,,3769293.0
UC3,21,all,NA,lvlh5_naive,9.786554279267133,,,-0.3519855876548197,3575709,0.897946232851686,6762,210,wt_med,0.40456459558863234,,,3518751.0
UC3,21,all,NA,lvlh5_tft,9.632685740638674,,,-0.013007136233211444,2448878,0.6149719607533418,4336,210,wt_med,0.6352459758288714,,,2403796.0
UC3,21,all,NA,lvlh5_cbd,11.059216865597627,,,-4.884200507970374,1873691,0.47052871891367787,3283,210,wt_med,2.125256123027334,,,1843715.0
UC3,21,all,NA,prod_served,10.440388400426354,,,2.9590764221596597,2280739,0.5727482278809382,4090,210,wt_med,1.5529822700551816,,,2230633.0
UC3,21,all,NA,oracle_level,6.776177026203994,,,-0.3145239333324697,3826349,0.9608879442163262,6923,210,wt_med,-2.807101897413844,,,3753112.0
UC3,21,all,NA,oracle_shape,8.368562668726202,,,0.9943521462523758,3574021,0.8975223355935328,6419,210,wt_med,-1.0411216515044017,,,3497634.0
UC3,21,all,Asia,wt_med,9.443741232054956,,,-1.1129214585596268,2532663,0.9464060371774439,4269,210,clim,-0.09768655290067675,,,2359639.0
UC3,21,all,Asia,clim,9.387173919163592,,,-0.8983595060786346,2379893,0.8893189117684976,3754,210,clim,,,,
UC3,21,all,Asia,h5,9.329186784164692,,,-1.420406947409579,2562653,0.9576127066218001,4275,210,clim,-0.19792470940546386,,,2367560.0
UC3,21,all,Asia,lvlh5_naive,9.81885995561968,,,-0.5396929362790095,2441527,0.912350317721597,4092,210,clim,0.3888959454689538,,,2330668.0
UC3,21,all,Asia,lvlh5_tft,10.147616850421558,,,-1.195368323145523,1571512,0.5872429313717613,2941,210,clim,0.4411591532110563,,,1460862.0
UC3,21,all,Asia,lvlh5_cbd,15.264267511978629,,,-11.929798075497919,1139463,0.42579477109284647,2018,210,clim,4.493516326559261,,,1058124.0
UC3,21,all,Asia,prod_served,10.091784816738853,,,0.25339848554024097,1458738,0.5451015195705667,2338,210,clim,0.6962666037391739,,,1436574.0
UC3,21,all,Asia,oracle_level,5.9938248129900895,,,-0.40994271188234715,2556117,0.9551703327809095,4203,210,clim,-3.549767397526065,,,2364130.0
UC3,21,all,Asia,oracle_shape,8.700699657675575,,,0.4401199948390521,2449135,0.9151932767456938,3807,210,clim,-0.735137790230987,,,2330947.0
UC3,21,busy,all,wt_med,15.983871216273627,15.82214868068695,16.126955890655516,0.6869351159933421,3179967,0.9591098282632693,14291,210,wt_med,,,,
UC3,21,busy,all,clim,16.15481659804689,15.995708656311034,16.31890459060669,0.8341962979346014,2938900,0.8864016118038087,13432,210,wt_med,0.3600746358138167,0.2848537445068359,0.4424178123474121,2918974.0
UC3,21,busy,all,h5,15.679245095423674,15.521888947486877,15.819876194000244,0.06370196473978851,3231064,0.9745211941342888,14311,210,wt_med,-0.2815836217797223,-0.2951786518096924,-0.26716887950897217,3179967.0
UC3,21,busy,all,lvlh5_naive,16.156083850682823,15.995016837120057,16.322533988952635,0.6600644963669324,3031406,0.9143023459225345,13906,210,wt_med,0.39586158804507043,0.31856095790863037,0.4724543809890747,2992537.0
UC3,21,busy,all,lvlh5_tft,16.09536922526925,15.885562801361084,16.283336877822876,-0.2417448824442749,1966842,0.5932192041115475,9227,210,wt_med,0.22684113086271296,0.08644709587097169,0.3708963155746459,1937067.0
UC3,21,busy,all,lvlh5_cbd,20.675652131572186,20.336558675765993,21.014494943618775,-14.894464139186159,1540506,0.4646320056461391,7182,210,wt_med,4.677298737216969,4.378112101554871,4.978742384910584,1519143.0
UC3,21,busy,all,prod_served,17.14012922032081,16.927345323562623,17.353787088394164,3.7221383266256045,1842899,0.5558367566067669,8473,210,wt_med,1.38936750133875,1.2210611820220947,1.5638037681579589,1807656.0
UC3,21,busy,all,oracle_level,9.999702514138395,9.9162118434906,10.083987855911255,-0.6206580559107058,3222566,0.9719581124040126,14192,210,wt_med,-6.015568172286802,-6.141837334632873,-5.883528113365173,3172690.0
UC3,21,busy,all,oracle_shape,13.269210446699216,13.095655488967896,13.45278458595276,2.0515323540703054,3033701,0.9149945408591059,13113,210,wt_med,-2.480722259578977,-2.5935876607894897,-2.3693361043930055,2978069.0
UC3,21,busy,EU,wt_med,14.185076906831862,,,0.6245250079194679,710275,0.9593941677911546,4106,210,clim,0.2854340099255057,,,660319.0
UC3,21,busy,EU,clim,13.811649882071057,,,-1.1764404178053984,667775,0.9019878784931727,3985,210,clim,,,,
UC3,21,busy,EU,h5,13.892119932596223,,,-0.0753789730966675,721918,0.9751207895863641,4109,210,clim,0.01866180872829544,,,662764.0
UC3,21,busy,EU,lvlh5_naive,14.198112880014332,,,0.7562177633672841,680682,0.9194218308689152,4066,210,clim,0.5403562718444715,,,635951.0
UC3,21,busy,EU,lvlh5_tft,14.048674304146601,,,-0.9978120022412976,452296,0.6109325888075295,2668,210,clim,0.08914954873041545,,,435666.0
UC3,21,busy,EU,lvlh5_cbd,18.070033228667373,,,-13.208332717817246,397025,0.5362760472595588,2359,210,clim,4.149369514250713,,,383137.0
UC3,21,busy,EU,prod_served,14.751443913255894,,,2.47531014297474,448261,0.6054823681647682,2634,210,clim,0.8089424227444711,,,432914.0
UC3,21,busy,EU,oracle_level,8.41187816813419,,,-0.6927532489705917,720153,0.9727367401602244,4088,210,clim,-5.444412093779619,,,661363.0
UC3,21,busy,EU,oracle_shape,11.342842041032377,,,1.7696147110059035,680990,0.9198378576242981,3808,210,clim,-2.2578388825881093,,,633247.0
UC3,21,busy,NA,wt_med,15.46098247650971,,,1.0945946029580869,1615774,0.9575428006236751,6373,210,wt_med,,,,
UC3,21,busy,NA,clim,15.88185045880702,,,2.1484615084206644,1485156,0.8801357340835134,6065,210,wt_med,0.7318909927537557,,,1476489.0
UC3,21,busy,NA,h5,15.14811554819339,,,0.4960557402511225,1645651,0.9752485603736362,6387,210,wt_med,-0.3028114157673041,,,1615774.0
UC3,21,busy,NA,lvlh5_naive,15.496073147850247,,,0.6043448929444808,1533174,0.9085922448333755,6192,210,wt_med,0.3791165505958367,,,1510527.0
UC3,21,busy,NA,lvlh5_tft,15.404955691754312,,,0.7380438560296649,989717,0.586527811441985,3977,210,wt_med,0.544156745155199,,,972839.0
UC3,21,busy,NA,lvlh5_cbd,17.726234890226678,,,-10.003422809184826,724713,0.42948067964231723,2992,210,wt_med,2.945960738949298,,,714242.0
UC3,21,busy,NA,prod_served,16.93445403166753,,,5.695233139005561,920438,0.5454715698609176,3738,210,wt_med,2.216860112324714,,,903096.0
UC3,21,busy,NA,oracle_level,10.440528067638478,,,-0.370647633875535,1640713,0.9723221942175526,6354,210,wt_med,-5.056939520039441,,,1611461.0
UC3,21,busy,NA,oracle_shape,12.616650099225494,,,2.1957773573593657,1533799,0.9089626334213772,5879,210,wt_med,-2.5051023896150895,,,1504253.0
UC3,21,busy,Asia,wt_med,18.46948301827576,,,-0.03252185807068126,853918,0.9618511668352508,3812,210,wt_med,,,,
UC3,21,busy,Asia,clim,18.66141094623325,,,0.05905640044327448,785969,0.8853135778216823,3382,210,wt_med,0.2031499707223275,,,782166.0
UC3,21,busy,Asia,h5,18.185584673333373,,,-0.6440014852431108,863495,0.9726386764377902,3815,210,wt_med,-0.2373688105883703,,,853918.0
UC3,21,busy,Asia,lvlh5_naive,19.02400244350431,,,0.6845009824158357,817550,0.9208863397260151,3648,210,wt_med,0.5930570688591519,,,810698.0
UC3,21,busy,Asia,lvlh5_tft,19.161179112287485,,,-1.4378438725162754,524829,0.5911661143563877,2582,210,wt_med,0.28637531302543784,,,517802.0
UC3,21,busy,Asia,lvlh5_cbd,28.25019665778482,,,-24.957404867604396,418768,0.4716992608579095,1831,210,wt_med,8.943269840928437,,,413391.0
UC3,21,busy,Asia,prod_served,19.79737452551666,,,1.0709215520877267,474200,0.5341377313902225,2101,210,wt_med,0.9298604956577905,,,466007.0
UC3,21,busy,Asia,oracle_level,10.487352798330322,,,-1.0364359136348962,861700,0.9706167927856488,3750,210,wt_med,-8.009557915777009,,,852513.0
UC3,21,busy,Asia,oracle_shape,16.09336496998121,,,2.0158023292943463,818912,0.9224204932269714,3426,210,wt_med,-2.3492176667656097,,,807791.0
UC3,30,all,all,wt_med,8.55747777974425,8.466336941719055,8.65238335132599,-0.9126873960767464,9724123,0.9379314089906977,16000,201,wt_med,,,,
UC3,30,all,all,clim,8.630636737990041,8.541859221458434,8.724420809745789,-0.6693605923889104,8990040,0.8671261032056805,15154,201,wt_med,0.15980718608034117,0.12361412048339844,0.1928262948989868,8881309.0
UC3,30,all,all,h5,8.397062024791389,8.307008957862854,8.491458225250245,-1.2303104915862182,9942081,0.9589543489556482,16023,201,wt_med,-0.12530295148467374,-0.13099877834320067,-0.11977024078369142,9724123.0
UC3,30,all,all,lvlh5_naive,8.80535435208169,8.716298937797546,8.897139430046082,-0.6962989505398944,9286341,0.8957055457338502,15723,201,wt_med,0.3520408670584647,0.31824843883514403,0.38486685752868655,9117496.0
UC3,30,all,all,lvlh5_tft,9.007397175583044,8.88863937854767,9.138914108276367,-1.2068425194930135,5127090,0.4945287865776807,8253,201,wt_med,0.43915418505259574,0.37519068717956544,0.5040632009506225,5020383.0
UC3,30,all,all,lvlh5_cbd,11.249401757591063,11.068503880500794,11.435129380226135,-6.49667199629841,4820474,0.46495442013876465,7422,201,wt_med,2.6267514854840996,2.523235821723938,2.7359753131866453,4717973.0
UC3,30,all,all,prod_served,9.475842138448716,9.350321316719056,9.62360954284668,0.7736958814022139,5222627,0.5037437207183476,8137,201,wt_med,0.9880421481971577,0.9013047218322754,1.079244565963745,5049611.0
UC3,30,all,all,oracle_level,5.70703111414726,5.653715920448303,5.7638388752937315,-0.3647127573456969,9897835,0.9546866414079133,15920,201,wt_med,-2.8748857293793835,-2.9322667360305785,-2.818376886844635,9687874.0
UC3,30,all,all,oracle_shape,7.65991850853124,7.573407626152038,7.7502319574356076,0.34858693829730714,9324158,0.8993531499541795,14761,201,wt_med,-0.8034269380686299,-0.8631958961486816,-0.7495697617530823,9056303.0
UC3,30,all,EU,wt_med,6.836674723689597,,,-1.947041625551791,3796274,0.9262763134618787,5556,201,wt_med,,,,
UC3,30,all,EU,clim,6.865463590761259,,,-2.293128594528049,3483072,0.8498562252572635,5452,201,wt_med,-0.02177339311882951,,,3425580.0
UC3,30,all,EU,h5,6.714959364743782,,,-2.2211385036034215,3901292,0.9519003031652403,5558,201,wt_med,-0.07877018031364438,,,3796274.0
UC3,30,all,EU,lvlh5_naive,7.095422143463217,,,-1.5760437398379283,3597831,0.8778569816453882,5546,201,wt_med,0.3129788204423646,,,3516538.0
UC3,30,all,EU,lvlh5_tft,7.373770870647555,,,-1.990262292029415,2137828,0.5216218425370722,2849,201,wt_med,0.15658227507583192,,,2078329.0
UC3,30,all,EU,lvlh5_cbd,9.352747929351592,,,-5.067739283064799,2135948,0.5211631297388631,2846,201,wt_med,2.19758945168538,,,2077329.0
UC3,30,all,EU,prod_served,7.62598182410515,,,-0.3959829432770168,2206989,0.5384968615992729,2958,201,wt_med,0.3946495232161561,,,2109027.0
UC3,30,all,EU,oracle_level,4.522696159183309,,,-0.42791055765932834,3879422,0.946564106943521,5545,201,wt_med,-2.332751431315834,,,3779488.0
UC3,30,all,EU,oracle_shape,6.169613815607973,,,-0.7516037273554877,3619861,0.8832322172541891,5126,201,wt_med,-0.608391834553279,,,3482263.0
UC3,30,all,NA,wt_med,9.7370996427522,,,0.2148593152258422,3556355,0.9403726793477384,6597,201,wt_med,,,,
UC3,30,all,NA,clim,9.95391283603517,,,1.076225595878279,3265432,0.8634467141406986,6280,201,wt_med,0.42637881932667493,,,3234307.0
UC3,30,all,NA,h5,9.53174640127105,,,-0.15225499470944817,3640452,0.9626096385981807,6614,201,wt_med,-0.18218781941060438,,,3556355.0
UC3,30,all,NA,lvlh5_naive,9.831864684026538,,,0.0936666053806887,3371327,0.8914475084594684,6434,201,wt_med,0.290057649982734,,,3307846.0
UC3,30,all,NA,lvlh5_tft,9.77866983138027,,,-0.3021174948723426,1771899,0.4685261764260256,3165,201,wt_med,0.6471702261945539,,,1742458.0
UC3,30,all,NA,lvlh5_cbd,11.208886842632761,,,-4.987476673901555,1670934,0.4418289744958627,2928,201,wt_med,2.0315237906919643,,,1640499.0
UC3,30,all,NA,prod_served,10.744928996345969,,,2.8958927682672737,1822371,0.48187200097729765,3325,201,wt_med,1.5964144907292677,,,1775480.0
UC3,30,all,NA,oracle_level,6.763735519076995,,,-0.2591969464563326,3623243,0.9580592285747451,6587,201,wt_med,-3.004710037206094,,,3541199.0
UC3,30,all,NA,oracle_shape,8.396217555124942,,,1.4026935130416036,3374686,0.8923356964581157,6084,201,wt_med,-1.1719340868797592,,,3288236.0
UC3,30,all,Asia,wt_med,9.543137364041401,,,-0.9477978860583244,2371494,0.9534238314347225,3847,201,clim,-0.05169819151876591,,,2221422.0
UC3,30,all,Asia,clim,9.445772898583828,,,-0.6891649297624486,2241536,0.9011761536899787,3422,201,clim,,,,
UC3,30,all,Asia,h5,9.410090463339106,,,-1.2549319897581048,2400337,0.9650197298726152,3851,201,clim,-0.16740262648152476,,,2229713.0
UC3,30,all,Asia,lvlh5_naive,9.966827187935122,,,-0.4796821070364417,2317183,0.9315889030271233,3743,201,clim,0.4483870617431076,,,2201294.0
UC3,30,all,Asia,lvlh5_tft,10.753626368266886,,,-1.147915675912579,1217363,0.48942265749222563,2239,201,clim,0.6347025871462328,,,1133299.0
UC3,30,all,Asia,lvlh5_cbd,15.313020748300705,,,-11.99581933349106,1013592,0.4074995627868269,1648,201,clim,4.475898845173198,,,949868.0
UC3,30,all,Asia,prod_served,10.959059456098258,,,-0.30398561260807516,1193267,0.4797352196820304,1854,201,clim,1.1137325093651482,,,1172699.0
UC3,30,all,Asia,oracle_level,6.026773863691271,,,-0.4219690215381779,2395170,0.9629424145022102,3788,201,clim,-3.5595739694095285,,,2226769.0
UC3,30,all,Asia,oracle_shape,8.909018788224628,,,0.5311318279218239,2329611,0.9365853952708612,3551,201,clim,-0.6220381773503619,,,2203321.0
UC3,30,busy,all,wt_med,16.198912935091872,16.03345513343811,16.36375665664673,1.2972114566437098,3008560,0.9559520930913861,13419,201,wt_med,,,,
UC3,30,busy,all,clim,16.312024551217505,16.14983148574829,16.478758096694946,1.4992014103122768,2769883,0.8801138921837184,12608,201,wt_med,0.295830614435193,0.2091052532196045,0.3799706697463989,2747743.0
UC3,30,busy,all,h5,15.860070316370631,15.699652981758117,16.02127833366394,0.6665195248728923,3063938,0.9735481240866843,13437,201,wt_med,-0.30987374358497277,-0.32413103580474856,-0.2959614276885986,3008560.0
UC3,30,busy,all,lvlh5_naive,16.271796606271856,16.102027654647827,16.437319469451904,1.1148759911487587,2882258,0.9158203818203366,13118,201,wt_med,0.3092132228428941,0.23012983798980713,0.39133577346801757,2838838.0
UC3,30,busy,all,lvlh5_tft,16.770340856667232,16.54970512390137,17.011354637145995,-0.1165689478783395,1442780,0.45843478636636464,6865,201,wt_med,0.34172747683036775,0.17544121742248536,0.49514288902282716,1420728.0
UC3,30,busy,all,lvlh5_cbd,20.84449479092919,20.461148500442505,21.2215585231781,-14.921102066170116,1368085,0.43470089321034944,6269,201,wt_med,4.490469244325254,4.174537658691406,4.789117527008057,1347007.0
UC3,30,busy,all,prod_served,18.018073820476,17.779195737838744,18.27378921508789,3.322798947507903,1479156,0.4699930445823524,6831,201,wt_med,1.6791705258468816,1.469822359085083,1.8773400783538818,1445687.0
UC3,30,busy,all,oracle_level,9.988691838129334,9.90295069217682,10.072602033615112,-0.5731313573187532,3056197,0.9710884672566327,13323,201,wt_med,-6.247126901256953,-6.382581496238709,-6.107408165931702,3001899.0
UC3,30,busy,all,oracle_shape,13.405651114768725,13.222471928596496,13.583859539031982,2.472703324566212,2889394,0.9180878034892747,12389,201,wt_med,-2.5468551826988772,-2.672321081161499,-2.427901005744934,2825930.0
UC3,30,busy,EU,wt_med,14.509681627965445,,,0.5906098027226975,672201,0.951353929459518,3878,201,clim,0.3579913206207853,,,619860.0
UC3,30,busy,EU,clim,14.093969429850011,,,-1.0592262874675102,629045,0.8902760224350492,3769,201,clim,,,,
UC3,30,busy,EU,h5,14.186122312661517,,,-0.09548150291041695,685297,0.9698884616309992,3881,201,clim,0.0704006969341329,,,622010.0
UC3,30,busy,EU,lvlh5_naive,14.550944935146019,,,0.681343676584064,645030,0.9128993041058744,3846,201,clim,0.6267106378081658,,,594841.0
UC3,30,busy,EU,lvlh5_tft,14.812950399271852,,,-0.2932929289970751,338859,0.4795810199370766,2023,201,clim,0.5628619171034154,,,325265.0
UC3,30,busy,EU,lvlh5_cbd,18.45382324576272,,,-13.394794266842657,349792,0.4950542972912919,2083,201,clim,4.3433585098547365,,,336859.0
UC3,30,busy,EU,prod_served,15.580749264912756,,,2.5905467504454656,362542,0.5130991419145651,2134,201,clim,1.4143131593175884,,,347708.0
UC3,30,busy,EU,oracle_level,8.536318268479647,,,-0.7029224439812977,683641,0.9675447547528705,3864,201,clim,-5.614524897300991,,,620701.0
UC3,30,busy,EU,oracle_shape,11.64782609900023,,,1.661655224412744,647086,0.9158091237564979,3599,201,clim,-2.1888694887946523,,,592384.0
UC3,30,busy,NA,wt_med,15.66744003907566,,,2.009298931379205,1543672,0.9524835547526009,6084,201,wt_med,,,,
UC3,30,busy,NA,clim,16.042424822626383,,,3.1356520259882243,1404944,0.8668849699601587,5749,201,wt_med,0.6931705126359375,,,1396137.0
UC3,30,busy,NA,h5,15.314872855374674,,,1.3877984388256286,1577082,0.9730983456954206,6099,201,wt_med,-0.338335961266383,,,1543672.0
UC3,30,busy,NA,lvlh5_naive,15.461410347244325,,,1.4167842184973598,1462977,0.9026927569336594,5908,201,wt_med,0.18948542515954275,,,1437610.0
UC3,30,busy,NA,lvlh5_tft,15.616394542932442,,,0.3924834546852121,705163,0.43510289810271113,2888,201,wt_med,0.5807310101205866,,,694243.0
UC3,30,busy,NA,lvlh5_cbd,17.794930338640153,,,-9.962084143424436,653407,0.4031681743662078,2670,201,wt_med,2.709686999151914,,,642570.0
UC3,30,busy,NA,prod_served,17.303419886176336,,,5.425866141410509,734118,0.45296884457829767,3038,201,wt_med,2.2025400436637446,,,718216.0
UC3,30,busy,NA,oracle_level,10.340965984619666,,,-0.26383669779326985,1572339,0.9701717981515178,6058,201,wt_med,-5.36885971615649,,,1539565.0
UC3,30,busy,NA,oracle_shape,12.582685533421625,,,2.9186721578987913,1465360,0.9041631264881861,5584,201,wt_med,-2.690634922461528,,,1431717.0
UC3,30,busy,Asia,wt_med,18.666372098949523,,,0.5096986578561273,792687,0.9667704556347897,3457,201,wt_med,,,,
UC3,30,busy,Asia,clim,18.722737242048446,,,0.5618988604337037,735894,0.897505040045955,3090,201,wt_med,0.0915754920423207,,,731746.0
UC3,30,busy,Asia,h5,18.363906774173827,,,-0.10113322911975288,801559,0.977590851935463,3457,201,wt_med,-0.2615696674727856,,,792687.0
UC3,30,busy,Asia,lvlh5_naive,19.23669740911178,,,0.9055854072707792,774251,0.94428569163578,3364,201,wt_med,0.601665257726719,,,766890.0
UC3,30,busy,Asia,lvlh5_tft,20.474340820140593,,,-0.8665988101783014,398758,0.48632998062036775,1954,201,wt_med,0.6953507427677299,,,393274.0
UC3,30,busy,Asia,lvlh5_cbd,28.5971751930375,,,-25.2644621336702,364886,0.4450192881613498,1516,201,wt_med,8.838341514834676,,,360351.0
UC3,30,busy,Asia,prod_served,21.699871371203884,,,-0.01952961599598427,382496,0.46649665277528773,1659,201,wt_med,1.9853971541666555,,,374653.0
UC3,30,busy,Asia,oracle_level,10.537302702820305,,,-1.0699785217586115,800217,0.9759541328376831,3401,201,wt_med,-8.165503613936483,,,791565.0
UC3,30,busy,Asia,oracle_shape,16.421817965621493,,,2.3070718811796254,776948,0.9475749847853422,3206,201,wt_med,-2.2386853116214933,,,764694.0
UC3,45,all,all,wt_med,8.690391030362402,8.591941857337952,8.781288123130798,-0.6358170231499657,8815607,0.9249843686831406,14598,186,wt_med,,,,
UC3,45,all,all,clim,8.70177930672089,8.600909233093262,8.793544793128968,-0.24478988734133844,8061342,0.8458425313888069,13793,186,wt_med,0.13475467225790716,0.09575426578521729,0.17118432521820065,7949101.0
UC3,45,all,all,h5,8.50935307673736,8.408617615699768,8.59793999195099,-0.9625246510355036,9058443,0.9504641234128535,14613,186,wt_med,-0.13546929468384938,-0.14139556884765625,-0.12947626113891603,8815607.0
UC3,45,all,all,lvlh5_naive,8.934644480709656,8.832873988151551,9.028931069374085,-0.5353550553576473,8367536,0.877970173170543,14322,186,wt_med,0.38678742386077225,0.35199000835418703,0.42372143268585205,8180845.0
UC3,45,all,all,lvlh5_tft,9.27369879821836,9.111794567108154,9.434926724433899,-0.8191126349895563,3389138,0.35560792051075346,5632,186,wt_med,0.4439606597527721,0.3659919500350952,0.5309380292892456,3317183.0
UC3,45,all,all,lvlh5_cbd,11.421205232466384,11.139902305603027,11.721344327926635,-5.495559586849472,1263874,0.13261295495421196,2219,186,wt_med,1.8638018730486152,1.6842108964920044,2.0428484201431276,1235404.0
UC3,45,all,all,prod_served,9.920384037471937,9.756889152526856,10.086673498153687,0.8930662294033861,3528614,0.3702425474634352,5619,186,wt_med,1.1457109126412206,1.0409369945526123,1.2544589519500733,3410201.0
UC3,45,all,all,oracle_level,5.731195600731335,5.67299325466156,5.788612818717956,-0.3110964705110949,9017832,0.9462029828927973,14545,186,wt_med,-2.985735985964814,-3.0494110584259033,-2.9224150657653807,8783462.0
UC3,45,all,all,oracle_shape,7.815929630390811,7.708711588382721,7.9216789364814755,0.4560585326344187,8428932,0.8844121958582231,13339,186,wt_med,-0.74448276882379,-0.8010040163993836,-0.6835183024406434,8125215.0
UC3,45,all,EU,wt_med,6.950869392543105,,,-2.1417052657835853,3479786,0.9061050761149033,5192,186,wt_med,,,,
UC3,45,all,EU,clim,6.958912388619876,,,-2.2462226921816653,3158665,0.8224880467495648,5094,186,wt_med,-0.05823138942020815,,,3098681.0
UC3,45,all,EU,h5,6.826016292785849,,,-2.4061245262909727,3601103,0.9376949352381458,5194,186,wt_med,-0.07500556427895279,,,3479786.0
UC3,45,all,EU,lvlh5_naive,7.253620760824449,,,-1.8856064183479309,3274219,0.8525772723414206,5179,186,wt_med,0.42543247035618914,,,3179848.0
UC3,45,all,EU,lvlh5_tft,7.56969796547851,,,-2.2666400802361193,1413193,0.3679827871110604,1951,186,wt_med,0.15296688478461948,,,1375245.0
UC3,45,all,EU,prod_served,7.69953771236565,,,-0.5665004753507072,1377930,0.3588006180641593,1908,186,wt_med,0.2682501718379362,,,1322467.0
UC3,45,all,EU,oracle_level,4.646434940905198,,,-0.35596372939277526,3580714,0.9323858224372705,5184,186,wt_med,-2.329519384018713,,,3464966.0
UC3,45,all,EU,oracle_shape,6.307865354368957,,,-1.157772349911362,3313053,0.8626892977722506,4710,186,wt_med,-0.510027227349161,,,3148149.0
UC3,45,all,NA,wt_med,9.980917143072062,,,1.0114713404543403,3190560,0.9248978515118266,6037,186,wt_med,,,,
UC3,45,all,NA,clim,10.172447024153229,,,1.738496398967486,2890421,0.837891834933261,5702,186,wt_med,0.44878378742781816,,,2855463.0
UC3,45,all,NA,h5,9.741078021944224,,,0.6139803070827082,3283871,0.9519473799401966,6047,186,wt_med,-0.20294564277117497,,,3190560.0
UC3,45,all,NA,lvlh5_naive,9.99950050643764,,,0.7891666422647984,2991560,0.8672105889463668,5856,186,wt_med,0.2522712078524359,,,2923006.0
UC3,45,all,NA,lvlh5_tft,9.935509203139354,,,1.3743568114561402,1111583,0.322232062232671,2079,186,wt_med,0.48469743231988155,,,1092243.0
UC3,45,all,NA,lvlh5_cbd,11.421205232466384,,,-5.495559586849472,1263874,0.3663790516967737,2219,186,wt_med,1.8638018730486154,,,1235404.0
UC3,45,all,NA,prod_served,11.488902039867385,,,2.726563462257461,1372099,0.3977519360743963,2570,186,wt_med,1.9373996366384765,,,1327053.0
UC3,45,all,NA,oracle_level,6.703104995936869,,,-0.1817666141262395,3267920,0.9473234124769722,6024,186,wt_med,-3.3058903568246607,,,3176711.0
UC3,45,all,NA,oracle_shape,8.626536415218153,,,2.0520100680572866,3000250,0.8697296960403057,5481,186,wt_med,-1.1598239285454488,,,2905274.0
UC3,45,all,Asia,wt_med,9.592687789504401,,,-0.6430905143942858,2145261,0.9574775477631672,3369,186,clim,0.01497099937492387,,,1994957.0
UC3,45,all,Asia,clim,9.325101527837413,,,0.04807713332697231,2012256,0.8981144673546574,2997,186,clim,,,,
UC3,45,all,Asia,h5,9.437382561011912,,,-0.9526266822761217,2173469,0.9700674035743265,3372,186,clim,-0.12003984652154112,,,2002496.0
UC3,45,all,Asia,lvlh5_naive,10.03774969733175,,,-0.31714118108993716,2101757,0.9380607480181063,3287,186,clim,0.530781040637226,,,1979917.0
UC3,45,all,Asia,lvlh5_tft,11.20856503885461,,,-1.2733062422491548,864362,0.3857839247250879,1602,186,clim,0.8248931081363662,,,782687.0
UC3,45,all,Asia,prod_served,11.086613536094324,,,0.24502013267658637,778585,0.34749974782797316,1141,186,clim,1.2725610233140354,,,766920.0
UC3,45,all,Asia,oracle_level,6.057627549547728,,,-0.43187050877682265,2169198,0.9681611615802305,3337,186,clim,-3.4777621537159606,,,2000050.0
UC3,45,all,Asia,oracle_shape,9.027991796152767,,,0.7200243096012156,2115629,0.9442521291799187,3148,186,clim,-0.4799195606965623,,,1981407.0
UC3,45,busy,all,wt_med,16.444555695348967,16.25641312599182,16.602524185180663,2.037813549970955,2740552,0.9487839489781682,12160,186,wt_med,,,,
UC3,45,busy,all,clim,16.486390535642578,16.306740093231202,16.65474581718445,2.4929673022448973,2482831,0.8595604830068593,11368,186,wt_med,0.2928363490626005,0.20057282447814942,0.38359317779541013,2460212.0
UC3,45,busy,all,h5,16.079986473578874,15.896869659423828,16.236858129501343,1.4039940448741053,2799521,0.9691991210629503,12176,186,wt_med,-0.33039730681993973,-0.3453540802001953,-0.3149123668670654,2740552.0
UC3,45,busy,all,lvlh5_naive,16.489977518757698,16.314180088043212,16.673575496673585,1.558497618393925,2603979,0.9015021348532053,11851,186,wt_med,0.34806422942597237,0.26593837738037107,0.4317741870880127,2557911.0
UC3,45,busy,all,lvlh5_tft,17.349697274186575,17.02886438369751,17.642307996749878,1.2012355025735175,943123,0.32651085048272643,4654,186,wt_med,0.27824401698957857,0.08067502975463868,0.4699682235717773,928253.0
UC3,45,busy,all,lvlh5_cbd,17.964534590907082,17.531684732437135,18.43085322380066,-10.365218453925394,499126,0.17279830388829592,2023,186,wt_med,2.4466780899090086,2.052054023742676,2.834764575958252,489410.0
UC3,45,busy,all,prod_served,18.86421673729255,18.553374576568604,19.150078105926514,3.689282493280537,1007893,0.3489343390263906,4705,186,wt_med,2.0857910430136073,1.8509794235229493,2.3089451789855957,982317.0
UC3,45,busy,all,oracle_level,9.998681838711889,9.916249895095826,10.088303661346435,-0.47487613120495525,2792602,0.966803751026921,12091,186,wt_med,-6.490788379465263,-6.633829545974732,-6.337566447257996,2734637.0
UC3,45,busy,all,oracle_shape,13.652397764470642,13.452629947662354,13.839250183105468,2.806085800144094,2615891,0.9056260903191946,11123,186,wt_med,-2.49048877035459,-2.6297890663146974,-2.3638352632522586,2546118.0
UC3,45,busy,EU,wt_med,14.654378611799073,,,0.14593011611491322,614133,0.9395139144921528,3551,186,clim,0.42696879284793643,,,559391.0
UC3,45,busy,EU,clim,14.184387544372557,,,-0.9399541234375055,568482,0.8696760296846578,3447,186,clim,,,,
UC3,45,busy,EU,h5,14.346736956819282,,,-0.4965626472142293,628336,0.9612419703489982,3553,186,clim,0.15470705004812318,,,561060.0
UC3,45,busy,EU,lvlh5_naive,14.905873544501695,,,-0.14677073519110712,583087,0.8920190738154209,3517,186,clim,1.0562649067869478,,,529396.0
UC3,45,busy,EU,lvlh5_tft,15.446246006921651,,,-1.106903580963585,221329,0.3385938797957994,1378,186,clim,1.0472545020798236,,,212160.0
UC3,45,busy,EU,prod_served,16.000335783646428,,,2.5861148924584807,220380,0.3371420791193123,1364,186,clim,1.6736676566578088,,,211113.0
UC3,45,busy,EU,oracle_level,8.799897569337572,,,-0.6574780147440344,627059,0.9592883881952848,3534,186,clim,-5.43255005076286,,,560042.0
UC3,45,busy,EU,oracle_shape,11.90816037457017,,,0.6351368655872387,587806,0.8992383018368567,3239,186,clim,-1.818196095465316,,,527347.0
UC3,45,busy,NA,wt_med,16.009619636701743,,,3.345863995600508,1411072,0.9427579373695923,5580,186,wt_med,,,,
UC3,45,busy,NA,clim,16.381049383936872,,,4.25032454561636,1264075,0.8445470817084227,5209,186,wt_med,0.7848216585345626,,,1254083.0
UC3,45,busy,NA,h5,15.624593546773387,,,2.689207086277946,1447276,0.9669463617480286,5592,186,wt_med,-0.3657386901589713,,,1411072.0
UC3,45,busy,NA,lvlh5_naive,15.650909025812586,,,2.555661688389973,1320694,0.8823750675630985,5389,186,wt_med,0.12984794608531347,,,1293831.0
UC3,45,busy,NA,lvlh5_tft,15.91417223534641,,,3.8306754862703185,443573,0.296357639123193,1897,186,wt_med,0.24469067749830883,,,436553.0
UC3,45,busy,NA,lvlh5_cbd,17.964534590907082,,,-10.365218453925397,499126,0.33347341471415715,2023,186,wt_med,2.446678089909004,,,489410.0
UC3,45,busy,NA,prod_served,18.61752489454208,,,5.04920290715028,556146,0.3715693145610921,2346,186,wt_med,2.940478039041704,,,540960.0
UC3,45,busy,NA,oracle_level,10.175321431023677,,,-0.0849859667465234,1442507,0.9637601227727561,5560,186,wt_med,-5.879795187667065,,,1407008.0
UC3,45,busy,NA,oracle_shape,12.881629581215138,,,3.9195113223326445,1324705,0.8850548756003845,5041,186,wt_med,-2.6591491874171593,,,1288162.0
UC3,45,busy,Asia,wt_med,18.839383543930428,,,1.0817945696284461,715347,0.9692142604553233,3029,186,clim,0.03857744558074522,,,646738.0
UC3,45,busy,Asia,clim,18.703619551143056,,,2.0779463733749157,650274,0.8810477069217105,2712,186,clim,,,,
UC3,45,busy,Asia,h5,18.49485121748728,,,0.48416876292462174,723909,0.980814801868118,3031,186,clim,-0.2729352281032872,,,648522.0
UC3,45,busy,Asia,lvlh5_naive,19.391761240303115,,,1.0977296702242278,700198,0.9486890792053317,2945,186,clim,0.5862998639185953,,,643368.0
UC3,45,busy,Asia,lvlh5_tft,21.152606161675035,,,-1.1547709335623508,278221,0.3769579808933853,1379,186,clim,0.6506180894076972,,,235256.0
UC3,45,busy,Asia,prod_served,22.185082574438013,,,1.4711691814303682,231367,0.31347611131208597,995,186,clim,1.658858917221366,,,226399.0
UC3,45,busy,Asia,oracle_level,10.68592924656252,,,-1.0943710622627558,723036,0.9796319856273601,2997,186,clim,-8.219405516800933,,,648223.0
UC3,45,busy,Asia,oracle_shape,16.561655447952287,,,2.523360179647838,703380,0.9530003292375103,2843,186,clim,-2.3013425311478377,,,643408.0
UC3,60,all,all,wt_med,8.817484732347316,8.7100830078125,8.919487786293029,-0.3998959071464733,7847801,0.9119730761243741,13114,171,clim,-0.0732508886779808,-0.10837349891662598,-0.03546354770660404,7039389.0
UC3,60,all,all,clim,8.746281194149335,8.639540195465088,8.852734708786011,0.10366541313922552,7145170,0.8303221073433938,12410,171,clim,,,,
UC3,60,all,all,h5,8.632445741679595,8.528272032737732,8.733279800415039,-0.7294567113153645,8086686,0.9397332968906716,13132,171,clim,-0.20008142239946736,-0.23823924064636232,-0.15956718921661378,7071150.0
UC3,60,all,all,lvlh5_naive,9.0721247382702,8.969036483764649,9.173865103721619,-0.40399894123387914,7424712,0.8628069750975532,12798,171,clim,0.37509750669467756,0.32086155414581297,0.4358931064605713,6746446.0
UC3,60,all,all,lvlh5_tft,4.478171740350246,3.091156280040741,5.997534930706024,-1.8967744277697585,43474,0.00505200342254232,173,171,clim,0.5155424930442103,-0.026633101701736446,1.1492034494876862,40936.0
UC3,60,all,all,prod_served,4.60061323445522,3.2213896989822386,6.123475778102875,-1.5760838562464348,42072,0.004889080553737877,167,171,clim,0.4086771016793591,-0.15950106978416442,1.0514571011066436,40313.0
UC3,60,all,all,oracle_level,5.755447227342601,5.692541348934173,5.815606904029846,-0.2672625810901424,8050366,0.9355126416874068,13080,171,clim,-3.102652884142639,-3.1746471405029295,-3.029068112373352,7049516.0
UC3,60,all,all,oracle_shape,7.993460581796377,7.883156490325928,8.098634600639343,0.5498983400710088,7501278,0.8717045160197223,11827,171,clim,-0.7269628284574567,-0.7996946215629578,-0.6465626239776612,6725484.0
UC3,60,all,EU,wt_med,6.985969049682894,,,-2.246177053117872,3097545,0.8887774645462566,4704,171,clim,0.1618680546445012,,,2736451.0
UC3,60,all,EU,clim,6.852944975550971,,,-2.168138152579403,2794794,0.80190922980912,4598,171,clim,,,,
UC3,60,all,EU,h5,6.863707950630789,,,-2.5018140916372857,3217795,0.9232807534772286,4706,171,clim,0.09550949886162777,,,2749540.0
UC3,60,all,EU,lvlh5_naive,7.325099334555641,,,-2.0614362618696984,2906479,0.8339549663933662,4690,171,clim,0.67181326512643,,,2563016.0
UC3,60,all,EU,lvlh5_tft,4.478171740350246,,,-1.8967744277697585,43474,0.01247397906848293,173,171,clim,0.5155424930442103,,,40936.0
UC3,60,all,EU,prod_served,4.60061323445522,,,-1.5760838562464348,42072,0.012071703716456132,167,171,clim,0.408677101679359,,,40313.0
UC3,60,all,EU,oracle_level,4.712541450787848,,,-0.30015159040297534,3199591,0.9180574863529091,4696,171,clim,-2.153545283726093,,,2739400.0
UC3,60,all,EU,oracle_shape,6.36711348674643,,,-1.4158191600900054,2959065,0.8490434483203856,4219,171,clim,-0.3146818285592379,,,2546812.0
UC3,60,all,NA,wt_med,10.196628392314814,,,1.6781925166239577,2832358,0.912236074376492,5450,171,wt_med,,,,
UC3,60,all,NA,clim,10.308073631755203,,,2.358827946479621,2534287,0.8162343970018539,5098,171,wt_med,0.44462746391039754,,,2499127.0
UC3,60,all,NA,h5,9.940407388753085,,,1.2724214606471485,2924553,0.9419299212973758,5463,171,wt_med,-0.2137842832721005,,,2832358.0
UC3,60,all,NA,lvlh5_naive,10.27603838597427,,,1.316516981007664,2635699,0.8488968234234675,5253,171,wt_med,0.36646726684034464,,,2569548.0
UC3,60,all,NA,oracle_level,6.685338205828991,,,-0.08417707380434615,2909837,0.9371902428843629,5445,171,wt_med,-3.543950389690132,,,2819922.0
UC3,60,all,NA,oracle_shape,9.010678086755993,,,2.5405681439981547,2647460,0.8526847656506654,4878,171,wt_med,-0.9404971803729254,,,2554488.0
UC3,60,all,Asia,wt_med,9.73879215683003,,,-0.48694508258520525,1917898,0.9516819565795585,2960,171,clim,0.08459589169818789,,,1803811.0
UC3,60,all,Asia,clim,9.480526284780096,,,0.452763878862765,1816089,0.9011632176698728,2714,171,clim,,,,
UC3,60,all,Asia,h5,9.592274979967474,,,-0.8073835413390059,1944338,0.96480177365636,2963,171,clim,-0.04765895122606139,,,1809942.0
UC3,60,all,Asia,lvlh5_naive,10.083813584805197,,,-0.2539115215600984,1882534,0.9341339531338698,2855,171,clim,0.5437105912690399,,,1786933.0
UC3,60,all,Asia,oracle_level,6.080568772361915,,,-0.48752598211981096,1940938,0.9631146564830951,2939,171,clim,-3.576737650081868,,,1807847.0
UC3,60,all,Asia,oracle_shape,9.112035990376592,,,0.8383091120866707,1894753,0.940197154528024,2730,171,clim,-0.46721608631396155,,,1786192.0
UC3,60,busy,all,wt_med,16.733624628904415,16.555030012130736,16.896448373794556,2.584993241670512,2448830,0.9384967909153029,10784,171,clim,-0.1939691915798356,-0.29509563446044923,-0.10390205383300784,2193686.0
UC3,60,busy,all,clim,16.612081023546516,16.419842576980592,16.797757196426392,3.1792499099848666,2216294,0.8493790123139787,10078,171,clim,,,,
UC3,60,busy,all,h5,16.368003259399654,16.195641469955444,16.528537464141845,1.9466827470493773,2508284,0.961282116236815,10796,171,clim,-0.4971158795397592,-0.5975109815597535,-0.40603656768798835,2201191.0
UC3,60,busy,all,lvlh5_naive,16.770994256661393,16.576476573944092,16.94075303077698,1.8848337536300044,2316686,0.887853536814891,10471,171,clim,0.2803161475835232,0.12765178680419922,0.4229398727416992,2117018.0
UC3,60,busy,all,lvlh5_tft,19.573004634463423,13.998971676826477,23.78537826538086,-5.882953682967825,1946,0.0007457907470592812,18,171,clim,7.078310128091024,4.453746223449707,8.998220038414,1715.0
UC3,60,busy,all,prod_served,20.672020725388602,15.198896622657776,24.79396901130676,-5.8077720207253885,1930,0.000739658860135875,18,171,clim,7.146355685131196,5.055442643165589,9.224339818954467,1715.0
UC3,60,busy,all,oracle_level,10.043291189790677,9.952903294563294,10.132203125953675,-0.4456491597885192,2501921,0.9588435414559628,10732,171,clim,-6.759654652495145,-6.9212424755096436,-6.592441725730896,2197380.0
UC3,60,busy,all,oracle_shape,13.992779559818935,13.77250304222107,14.187191486358643,3.0931902439409273,2331945,0.8937014407251569,9742,171,clim,-2.4809311763302038,-2.6655627727508544,-2.2994292974472046,2113314.0
UC3,60,busy,EU,wt_med,14.735126688246456,,,-0.3106629655315014,546499,0.9266370051851073,3136,171,clim,0.7628077763374161,,,495246.0
UC3,60,busy,EU,clim,13.855945266928735,,,-0.9853141643418717,504704,0.8557699155258187,3032,171,clim,,,,
UC3,60,busy,EU,h5,14.451141639141353,,,-0.9469814079287172,560696,0.9507092643523024,3137,171,clim,0.5188076776829742,,,497051.0
UC3,60,busy,EU,lvlh5_naive,15.155357694364948,,,-0.7879538501807636,516591,0.8759253670099667,3106,171,clim,1.6328469209029919,,,465414.0
UC3,60,busy,EU,lvlh5_tft,19.573004634463423,,,-5.882953682967825,1946,0.0032996137451124685,18,171,clim,7.078310128091024,,,1715.0
UC3,60,busy,EU,prod_served,20.672020725388602,,,-5.8077720207253885,1930,0.0032724843412472067,18,171,clim,7.146355685131195,,,1715.0
UC3,60,busy,EU,oracle_level,9.017366648601563,,,-0.6421784301781996,559520,0.9487152531682057,3122,171,clim,-4.858973242657703,,,496188.0
UC3,60,busy,EU,oracle_shape,12.137181729420247,,,-0.15032526807133226,523688,0.8879589532119518,2845,171,clim,-1.2388311165740173,,,463595.0
UC3,60,busy,NA,wt_med,16.308486967203393,,,4.386116676654537,1273211,0.9313225074976227,5049,171,wt_med,,,,
UC3,60,busy,NA,clim,16.594355212197335,,,5.172149049705458,1124967,0.8228856703971912,4632,171,wt_med,0.7948620646655704,,,1114689.0
UC3,60,busy,NA,h5,15.910294811095627,,,3.7340793894732824,1309525,0.9578853046594982,5059,171,wt_med,-0.3797916743571961,,,1273211.0
UC3,60,busy,NA,lvlh5_naive,15.9997821648392,,,3.358047069986434,1184063,0.8661129397995757,4836,171,wt_med,0.3161435775995193,,,1157647.0
UC3,60,busy,NA,oracle_level,10.08320442501501,,,0.061453833819225034,1304826,0.9544481018213737,5027,171,wt_med,-6.280892768859743,,,1269344.0
UC3,60,busy,NA,oracle_shape,13.373239234613663,,,4.6156196383679635,1189397,0.870014629507717,4472,171,wt_med,-2.32493760240775,,,1152823.0
UC3,60,busy,Asia,wt_med,19.330056269074262,,,1.4552613173957274,629120,0.9642498601414679,2599,171,clim,0.14173680216393633,,,583751.0
UC3,60,busy,Asia,clim,19.017328846635746,,,2.9404702850041677,586623,0.8991148679199013,2414,171,clim,,,,
UC3,60,busy,Asia,h5,18.991815169505205,,,0.8211282624129592,638063,0.9779567626389963,2600,171,clim,-0.1514998548286551,,,585515.0
UC3,60,busy,Asia,lvlh5_naive,19.60816344662644,,,1.294540785140162,616032,0.9441899317183824,2529,171,clim,0.5437985612863813,,,579684.0
UC3,60,busy,Asia,oracle_level,10.86193287464549,,,-1.3109891015503266,637575,0.9772088068726099,2583,171,clim,-8.415199263463297,,,585295.0
UC3,60,busy,Asia,oracle_shape,16.753716962113476,,,2.911916930124139,618860,0.9485243966924415,2425,171,clim,-2.370348769158247,,,579434.0
UC3,90,all,all,wt_med,8.91490264366153,8.802710938453675,9.023588252067565,-0.021727820819118816,6068326,0.8880951879183394,10221,141,wt_med,,,,
UC3,90,all,all,clim,8.971601061987764,8.857178688049316,9.085657978057862,0.5664590095809766,5414375,0.7923899248467138,9661,141,wt_med,0.19973467846726756,0.15649986267089844,0.23974928855895997,5313176.0
UC3,90,all,all,h5,8.71472053200939,8.600960826873779,8.820303297042846,-0.34694176171829244,6292107,0.920845377879715,10237,141,wt_med,-0.13894534093916633,-0.1459277391433716,-0.13164949417114258,6068326.0
UC3,90,all,all,lvlh5_naive,9.247145958757184,9.135185742378235,9.373131513595581,-0.10300443035165383,5755526,0.8423171307109882,10027,141,wt_med,0.5138208402797524,0.46436946392059325,0.5623764038085938,5583590.0
UC3,90,all,all,oracle_level,5.787521831620088,5.723701167106628,5.853616631031036,-0.22837901882793946,6264202,0.9167615010051269,10216,141,wt_med,-3.157061231184974,-3.2321258902549745,-3.078708362579346,6047267.0
UC3,90,all,all,oracle_shape,8.09840941711287,7.980493795871735,8.223290205001831,0.8205667527179079,5856075,0.8570324052446902,9178,141,wt_med,-0.6385715752961367,-0.7132948875427246,-0.5612229347229004,5543862.0
UC3,90,all,EU,wt_med,6.8112992172304425,,,-2.434099581371403,2396874,0.8526244569880462,3757,141,wt_med,,,,
UC3,90,all,EU,clim,7.102025160798036,,,-2.035270535411538,2085069,0.7417080847418799,3656,141,wt_med,0.2988163726735745,,,2029186.0
UC3,90,all,EU,h5,6.7028646217152374,,,-2.620827243542504,2517191,0.895424043779605,3758,141,wt_med,-0.059338303765654764,,,2396874.0
UC3,90,all,EU,lvlh5_naive,7.105064269556476,,,-2.437244714193664,2251717,0.8009886979523131,3739,141,wt_med,0.46285665173118234,,,2157684.0
UC3,90,all,EU,oracle_level,4.767028698884103,,,-0.2645538064189472,2502966,0.8903638767033821,3750,141,wt_med,-2.0751149433409903,,,2387118.0
UC3,90,all,EU,oracle_shape,5.976905655845348,,,-1.8689478526582068,2323938,0.8266794063116736,3287,141,wt_med,-0.6617196087516917,,,2133575.0
UC3,90,all,NA,wt_med,10.58939321326786,,,2.3720385894969334,2159655,0.882046626061535,4279,141,clim,-0.409022573620871,,,1876438.0
UC3,90,all,NA,clim,10.587045395226516,,,3.0237562720564815,1911853,0.7808392952465204,3934,141,clim,,,,
UC3,90,all,NA,h5,10.311830803167835,,,1.921161250471882,2241026,0.91528018235143,4294,141,clim,-0.6174849209173513,,,1885559.0
UC3,90,all,NA,lvlh5_naive,10.761129050370837,,,2.086087912669993,2006167,0.8193590335798966,4109,141,clim,0.04685813212197604,,,1793531.0
UC3,90,all,NA,oracle_level,6.789646261643816,,,0.056776462406360355,2229497,0.9105715064046407,4283,141,clim,-4.051449233504686,,,1879258.0
UC3,90,all,NA,oracle_shape,9.554679795775552,,,3.26315367880007,2024342,0.8267820698651682,3775,141,clim,-1.207237540325129,,,1790088.0
UC3,90,all,Asia,wt_med,9.857985893608731,,,0.38338050677438834,1511797,0.9608856843765831,2185,141,clim,0.22211186513890782,,,1407552.0
UC3,90,all,Asia,clim,9.542838810175716,,,1.0792058008272585,1417453,0.9009214173441545,2071,141,clim,,,,
UC3,90,all,Asia,h5,9.6828864031971,,,0.07090192256289564,1533890,0.9749278126682331,2185,141,clim,0.0966344073686171,,,1412151.0
UC3,90,all,Asia,lvlh5_naive,10.439726587511348,,,0.47414532285316535,1497642,0.9518888833098058,2179,141,clim,0.8456197721993287,,,1398332.0
UC3,90,all,Asia,oracle_level,5.996451815192383,,,-0.5843202245737703,1531739,0.9735606548374569,2183,141,clim,-3.6733379191585858,,,1410325.0
UC3,90,all,Asia,oracle_shape,9.413080123057481,,,1.6864894344283134,1507795,0.9583420462367567,2116,141,clim,-0.2114638126547756,,,1398515.0
UC3,90,busy,all,wt_med,16.89658452335732,16.680741405487062,17.108171653747558,3.211547669422186,1940227,0.9240267422057462,8369,141,wt_med,,,,
UC3,90,busy,all,clim,16.92992260774084,16.707738971710206,17.155562257766725,3.8773280007278017,1736737,0.8271152974256007,7751,141,wt_med,0.33620582982150893,0.2397489070892334,0.43511915206909174,1713260.0
UC3,90,busy,all,h5,16.514847988139813,16.310068798065185,16.721797895431518,2.582947731596403,1996933,0.9510327886340864,8380,141,wt_med,-0.3297249819222188,-0.34675350189208987,-0.31253609657287595,1940227.0
UC3,90,busy,all,lvlh5_naive,17.07171443761235,16.84981789588928,17.29630069732666,2.2958092048825445,1846647,0.8794595742735333,8139,141,wt_med,0.6513343848347617,0.5428680419921875,0.767022705078125,1802198.0
UC3,90,busy,all,oracle_level,10.124340896250548,10.019231986999511,10.228116011619568,-0.3322330043655253,1991945,0.9486572700014096,8332,141,wt_med,-6.826274834984417,-7.017211055755615,-6.634725952148438,1936283.0
UC3,90,busy,all,oracle_shape,14.263813682735986,14.021825671195984,14.530778217315675,3.49215789323007,1867559,0.8894188456541534,7529,141,wt_med,-2.1189928486404153,-2.2763876914978027,-1.9522023677825928,1794318.0
UC3,90,busy,EU,wt_med,13.900677358955074,,,-1.5519086434977831,442749,0.9005772657375088,2483,141,wt_med,,,,
UC3,90,busy,EU,clim,14.352823239149988,,,-1.366252280047636,398018,0.809591805186035,2373,141,wt_med,0.4968256096711889,,,387791.0
UC3,90,busy,EU,h5,13.676308261939631,,,-1.992477820259781,459541,0.9347331722359182,2485,141,wt_med,-0.22144629349812195,,,442749.0
UC3,90,busy,EU,lvlh5_naive,14.258718916952338,,,-2.713337961923858,418904,0.8520751462487898,2459,141,wt_med,0.9232000652779524,,,405306.0
UC3,90,busy,EU,oracle_level,9.233018736885603,,,-0.5583592581242469,458646,0.9329126900827455,2472,141,wt_med,-4.706030495461988,,,442062.0
UC3,90,busy,EU,oracle_shape,10.999638014551193,,,-2.0515826437705322,429213,0.8730442529717591,2209,141,wt_med,-2.1834483208578552,,,402237.0
UC3,90,busy,NA,wt_med,16.820031301273243,,,5.391028280125205,991014,0.912385527615614,3933,141,wt_med,,,,
UC3,90,busy,NA,clim,17.01118716241649,,,6.089544638960283,866082,0.7973658117124341,3537,141,wt_med,0.7615744123220366,,,855443.0
UC3,90,busy,NA,h5,16.405825995658507,,,4.702779373514946,1022690,0.9415483083359188,3942,141,wt_med,-0.386376920507682,,,991014.0
UC3,90,busy,NA,lvlh5_naive,16.586383562965,,,4.382499139386252,923708,0.8504196822070763,3749,141,wt_med,0.48184079772693095,,,900314.0
UC3,90,busy,NA,oracle_level,10.195327205729104,,,0.2819465964339143,1018809,0.9379752324432713,3914,141,wt_med,-6.68783363641783,,,987961.0
UC3,90,busy,NA,oracle_shape,14.017441898721893,,,5.516141416341932,931941,0.8579994641767149,3439,141,wt_med,-2.108606007101558,,,896350.0
UC3,90,busy,Asia,wt_med,19.665389840146585,,,3.1110858817211096,506464,0.9703397867591413,1953,141,clim,0.5704790798806875,,,470026.0
UC3,90,busy,Asia,clim,18.95124165056904,,,4.239293580485658,472637,0.9055302761785246,1841,141,clim,,,,
UC3,90,busy,Asia,h5,19.265801133471406,,,2.4560102253342713,514702,0.9861230589429921,1953,141,clim,0.2983949241021922,,,471621.0
UC3,90,busy,Asia,lvlh5_naive,20.299028189921845,,,2.634792804718505,504035,0.9656860397168284,1931,141,clim,1.2958756378867111,,,468011.0
UC3,90,busy,Asia,oracle_level,10.778347489440998,,,-1.3468684746943043,514490,0.9857168858787804,1946,141,clim,-8.427240603247379,,,471462.0
UC3,90,busy,Asia,oracle_shape,17.483826514035986,,,4.466106172957261,506405,0.9702267480290069,1881,141,clim,-1.491050535839358,,,467920.0
UC1,m015,all,all,persistence,2.457619227286447,2.4288958489894865,2.4857659578323363,-0.18731738605493511,1325200,0.9000363356051576,19656,231,persistence,,,,
UC1,m015,all,all,snaive7,8.60122432178496,8.505786108970643,8.692756628990173,0.09808597639291144,1212263,0.82333289187271,18146,231,persistence,6.575417020393704,6.485719132423401,6.6631078839302065,1103723.0
UC1,m015,all,all,wt_med,7.449201121660652,7.372159504890442,7.524446129798889,-1.2214410718152975,1426813,0.9690488561076077,19318,231,persistence,5.456228242478462,5.382280313968659,5.530332815647125,1285475.0
UC1,m015,all,all,clim,7.970151186395882,7.889016664028167,8.054589128494262,-1.1728162956560968,1316719,0.8942762932249377,18006,231,persistence,5.984954070986483,5.904601812362671,6.068930423259735,1188029.0
UC1,m015,all,all,h5,7.391483166741001,7.313782906532287,7.468205583095551,-1.600135807833869,1439442,0.9776260964353752,19335,231,persistence,5.407811246166334,5.337688899040222,5.481959545612336,1294779.0
UC1,m015,all,all,lvlh5_naive,7.707799152914294,7.631982851028442,7.7877951741218565,-1.0965300327605436,1364566,0.9267725492992661,18546,231,persistence,5.7527300360160964,5.675886416435242,5.832196891307831,1221829.0
UC1,m015,all,all,lvlh5_tft,7.237407334767056,7.1595006585121155,7.325269794464111,-1.2373061463413366,1006033,0.6832676236174642,13663,231,persistence,5.3321113674278156,5.25746853351593,5.410657155513763,904541.0
UC1,m015,all,EU,persistence,2.1541359748522613,,,-0.09885501088280231,490223,0.8725950028390937,6412,231,persistence,,,,
UC1,m015,all,EU,snaive7,6.411471020089456,,,-0.04576143876832198,471292,0.8388978976466672,6063,231,persistence,4.723004155691288,,,417981.0
UC1,m015,all,EU,wt_med,5.674875099040409,,,-1.4266633286380843,545232,0.9705108054660119,6338,231,persistence,4.001083636150018,,,476636.0
UC1,m015,all,EU,clim,6.147484544809619,,,-2.0594808725252323,503229,0.8957456314446982,6205,231,persistence,4.4752344834591815,,,442995.0
UC1,m015,all,EU,h5,5.638454526792332,,,-1.7294068463237753,550456,0.9798095048228993,6341,231,persistence,3.960157966532338,,,480165.0
UC1,m015,all,EU,lvlh5_naive,5.8207325061936706,,,-1.1726102194436536,520901,0.9272017216121781,6216,231,persistence,4.179695937764663,,,451602.0
UC1,m015,all,EU,lvlh5_tft,5.398633140671107,,,-1.1118328900095422,395650,0.7042554365529309,4376,231,persistence,3.6823172905800208,,,344861.0
UC1,m015,all,NA,persistence,2.5506422106300812,,,-0.26590625371227544,479827,0.9155990367478409,7713,231,persistence,,,,
UC1,m015,all,NA,snaive7,10.270799077276862,,,0.36635997244312796,416593,0.7949368199703086,7276,231,persistence,7.955760179751026,,,385422.0
UC1,m015,all,NA,wt_med,8.562101307426946,,,-0.929404049705392,509321,0.9718790668208481,7634,231,persistence,6.338922644476534,,,466754.0
UC1,m015,all,NA,clim,9.053063402385437,,,-0.013728813559322034,477900,0.9119219628361747,7338,231,persistence,6.804309681074918,,,437689.0
UC1,m015,all,NA,h5,8.449676739440415,,,-1.316750606447898,514059,0.980920050834068,7639,231,persistence,6.247117109648675,,,470448.0
UC1,m015,all,NA,lvlh5_naive,8.831869654955092,,,-0.8963032919260953,489831,0.9346885268424487,7353,231,persistence,6.6360243547339826,,,446830.0
UC1,m015,all,NA,lvlh5_tft,8.305560749961769,,,-1.0914102991829826,358657,0.6843841712176897,5264,231,persistence,6.312103306269208,,,328486.0
UC1,m015,all,Asia,persistence,2.750846121357173,,,-0.20324651555680698,355150,0.9188208874906864,5531,231,persistence,,,,
UC1,m015,all,Asia,snaive7,9.638532822817824,,,-0.03745630098218745,324378,0.8392095786075007,4807,231,persistence,7.382085775173149,,,300320.0
UC1,m015,all,Asia,wt_med,8.525319669048514,,,-1.3204225541288346,372260,0.9630867621491845,5346,231,persistence,6.279337006884254,,,342085.0
UC1,m015,all,Asia,clim,9.161172859739564,,,-1.493840698471349,335590,0.868216532825565,4463,231,persistence,6.994162911386227,,,307345.0
UC1,m015,all,Asia,h5,8.514344959152048,,,-1.7988910174513972,374927,0.9699866503849657,5355,231,persistence,6.280246850357095,,,344166.0
UC1,m015,all,Asia,lvlh5_naive,8.929757261118356,,,-1.2617120654828373,353834,0.915416218229986,4977,231,persistence,6.728938672477873,,,323397.0
UC1,m015,all,Asia,lvlh5_tft,8.605602556796454,,,-1.6423896924269539,251726,0.6512490686315092,4023,231,persistence,6.400633920407362,,,231194.0
UC1,m015,busy,all,persistence,4.527780849314674,4.480427014827728,4.576162552833557,-0.3151493007312395,416006,0.9209092076310395,16551,231,persistence,,,,
UC1,m015,busy,all,snaive7,16.602378504022195,16.416600131988524,16.786486625671387,0.7209984253992737,373428,0.8266546241814874,15316,231,persistence,12.448005386492333,12.25444815158844,12.648770952224732,347536.0
UC1,m015,busy,all,wt_med,14.46920857667997,14.328508877754212,14.607291269302369,-0.6663992403278919,441243,0.976776155879345,16343,231,persistence,10.431772770059208,10.282190656661987,10.581337070465088,406883.0
UC1,m015,busy,all,clim,15.52339882204773,15.360224080085754,15.68168122768402,-0.6494337532262031,402563,0.8911505443468944,15198,231,persistence,11.462389440153505,11.28982105255127,11.64328999519348,371066.0
UC1,m015,busy,all,h5,14.297041818696846,14.161088943481445,14.43232066631317,-1.4505987628509058,444813,0.9846790367782811,16360,231,persistence,10.289457283426117,10.139849376678466,10.432759761810303,409560.0
UC1,m015,busy,all,lvlh5_naive,14.603727742414382,14.451282596588134,14.75431821346283,-0.9833167499071434,422520,0.9353291981564372,15675,231,persistence,10.585673200994972,10.426169753074646,10.744700264930724,387797.0
UC1,m015,busy,all,lvlh5_tft,13.583825457424515,13.422978258132934,13.754153609275818,-1.9433627935009437,300457,0.6651192958688078,11603,231,persistence,9.657701226508042,9.488144445419312,9.833250856399536,276978.0
UC1,m015,busy,EU,persistence,4.778943945459234,,,-0.20447180453235556,89181,0.8749668874172185,4716,231,persistence,,,,
UC1,m015,busy,EU,snaive7,13.296020269576234,,,0.8615482943197251,87619,0.8596418935491783,4467,231,persistence,9.142382158111461,,,78198.0
UC1,m015,busy,EU,wt_med,12.279532327650928,,,-0.5845203655692249,99899,0.9801226391954869,4660,231,persistence,8.243943114969444,,,87545.0
UC1,m015,busy,EU,clim,13.056260530188316,,,-2.3985156433278596,93778,0.9200686779494727,4517,231,persistence,9.023875980232235,,,82761.0
UC1,m015,busy,EU,h5,12.137820958357329,,,-1.2272201481422642,100714,0.9881187147412313,4665,231,persistence,8.072022370869645,,,88128.0
UC1,m015,busy,EU,lvlh5_naive,11.984453247036596,,,-0.6587162407760119,96932,0.9510129997547216,4536,231,persistence,7.916921660208761,,,84488.0
UC1,m015,busy,EU,lvlh5_tft,10.743271078117163,,,-1.4647792816583258,69572,0.6825803286730439,3293,231,persistence,6.533278039544918,,,60932.0
UC1,m015,busy,NA,persistence,4.178399053826216,,,-0.39200281838999473,198695,0.9217448182442337,7030,231,persistence,,,,
UC1,m015,busy,NA,snaive7,16.758436924559582,,,0.8590317972958245,174323,0.8086832680781577,6615,231,persistence,12.795169522308484,,,162427.0
UC1,m015,busy,NA,wt_med,14.177239452122386,,,-0.43256617183089235,210777,0.9777931380007794,6966,231,persistence,10.38257248611968,,,194520.0
UC1,m015,busy,NA,clim,14.931138987115393,,,0.8576672560256879,196824,0.9130652613608952,6665,231,persistence,11.09106486608594,,,181497.0
UC1,m015,busy,NA,h5,13.953847574373185,,,-1.0923760133243625,212543,0.9859856005641016,6972,231,persistence,10.197682700801112,,,195853.0
UC1,m015,busy,NA,lvlh5_naive,14.261930376397657,,,-0.7180708919023958,203061,0.9419986639698651,6719,231,persistence,10.494421554425433,,,186657.0
UC1,m015,busy,NA,lvlh5_tft,13.48172017169952,,,-1.4911336367370678,140394,0.6512868568035479,4778,231,persistence,9.917711574287344,,,129477.0
UC1,m015,busy,Asia,persistence,4.89476313119488,,,-0.2730039803324748,128130,0.9544489552683526,4805,231,persistence,,,,
UC1,m015,busy,Asia,snaive7,18.956891448253593,,,0.3947042678004413,111486,0.830466684047823,4234,231,persistence,14.33840297069525,,,106911.0
UC1,m015,busy,Asia,wt_med,16.615898351038165,,,-1.1065276831052258,130567,0.9726023315579724,4717,231,persistence,12.042950535980387,,,124818.0
UC1,m015,busy,Asia,clim,18.631036700279562,,,-1.83384839363707,111961,0.8340049908748929,4016,231,persistence,13.982875814545727,,,106808.0
UC1,m015,busy,Asia,h5,16.504522313691506,,,-2.2003562171242663,131556,0.9799694588252821,4723,231,persistence,11.988725722453594,,,125579.0
UC1,m015,busy,Asia,lvlh5_naive,17.24230724184456,,,-1.6796960436415929,122527,0.9127118328429364,4420,231,persistence,12.664593740477159,,,116652.0
UC1,m015,busy,Asia,lvlh5_tft,15.926135949752439,,,-3.012930731976839,90491,0.674073522291333,3532,231,persistence,11.467956558423806,,,86569.0
UC1,m030,all,all,persistence,4.147580253656169,4.105825018882752,4.190105152130127,-0.2745433582134838,1318320,0.8702730000297062,19657,231,persistence,,,,
UC1,m030,all,all,snaive7,8.573925457580264,8.47358033657074,8.668831634521485,0.09539398693060532,1254534,0.8281654437612017,18154,231,persistence,4.928595951999476,4.840158855915069,5.0153019547462465,1100988.0
UC1,m030,all,all,wt_med,7.441136051305543,7.363807857036591,7.518679428100586,-1.2728642713280183,1469159,0.9698475411513465,19330,231,persistence,3.784902150079539,3.715259277820587,3.8545292377471925,1279255.0
UC1,m030,all,all,clim,7.949854698929536,7.86861881017685,8.032951831817627,-1.2370405107508022,1354085,0.8938828321236306,18029,231,persistence,4.313172430894013,4.2422562599182125,4.388264644145965,1181627.0
UC1,m030,all,all,h5,7.355217416921989,7.278294587135315,7.433309388160706,-1.5246431928671327,1480807,0.9775368274432529,19341,231,persistence,3.7041427928137765,3.635587191581726,3.7746612191200257,1288020.0
UC1,m030,all,all,lvlh5_naive,7.696439888193553,7.6155927062034605,7.77623028755188,-1.0290316298367808,1404466,0.9271412398049953,18643,231,persistence,4.079643791936828,4.008725261688232,4.15453542470932,1215023.0
UC1,m030,all,all,lvlh5_tft,7.251338648652142,7.164303576946258,7.336480593681335,-1.1922854791746986,1033566,0.6822960916535464,13668,231,persistence,3.705167615199299,3.631863534450531,3.781576323509216,899335.0
UC1,m030,all,EU,persistence,3.2498881459315903,,,-0.010270050611400496,487242,0.8332740469137998,6411,231,persistence,,,,
UC1,m030,all,EU,snaive7,6.380654140570633,,,-0.05270589568060074,494328,0.8453924190911392,6060,231,persistence,3.5854410724349215,,,416995.0
UC1,m030,all,EU,wt_med,5.666389605729092,,,-1.4800991086553836,568467,0.9721838380659857,6339,231,persistence,2.8799553987737827,,,473978.0
UC1,m030,all,EU,clim,6.135307121457614,,,-2.125637209195683,523376,0.8950698781664078,6205,231,persistence,3.3354480958056643,,,440475.0
UC1,m030,all,EU,h5,5.5975723834621895,,,-1.6468906525419291,572990,0.9799190056299296,6340,231,persistence,2.806457985120581,,,477438.0
UC1,m030,all,EU,lvlh5_naive,5.809077894952339,,,-1.114333128366094,542633,0.9280029141555448,6248,231,persistence,3.053230828267944,,,449001.0
UC1,m030,all,EU,lvlh5_tft,5.422892230260793,,,-1.0670300838035058,411104,0.7030639677664298,4375,231,persistence,2.558475785392177,,,342798.0
UC1,m030,all,NA,persistence,4.797010497728103,,,-0.5996699221810206,478675,0.8844647941715031,7718,231,persistence,,,,
UC1,m030,all,NA,snaive7,10.235532584995559,,,0.3681337317289833,433405,0.8008178077357295,7290,231,persistence,5.8089740633557785,,,385979.0
UC1,m030,all,NA,wt_med,8.556665475882827,,,-0.9830693340224678,526264,0.9723966792497455,7644,231,persistence,4.159802587524252,,,465928.0
UC1,m030,all,NA,clim,9.031958792138646,,,-0.06658782612925389,493401,0.9116745472586072,7335,231,persistence,4.63162523532726,,,436626.0
UC1,m030,all,NA,h5,8.442953541740462,,,-1.3097920701791408,530756,0.9806967071505517,7647,231,persistence,4.067559337963723,,,469219.0
UC1,m030,all,NA,lvlh5_naive,8.843177213039752,,,-0.8884552149258389,505942,0.9348469982612809,7384,231,persistence,4.493892176646521,,,445401.0
UC1,m030,all,NA,lvlh5_tft,8.32619770739015,,,-1.094532106339334,369542,0.6828158750043883,5269,231,persistence,4.242825375495908,,,327343.0
UC1,m030,all,Asia,persistence,4.506621680292166,,,-0.19830988952988482,352403,0.9061532527642068,5528,231,persistence,,,,
UC1,m030,all,Asia,snaive7,9.687895691873647,,,-0.04229485221893446,326801,0.8403214193880175,4804,231,persistence,5.667760575006543,,,298014.0
UC1,m030,all,Asia,wt_med,8.567712617646116,,,-1.365545578856282,374428,0.9627873489328876,5347,231,persistence,4.534125634671091,,,339349.0
UC1,m030,all,Asia,clim,9.182494930449323,,,-1.5703629916871227,337308,0.8673386474672152,4489,231,persistence,5.270786402474665,,,304526.0
UC1,m030,all,Asia,h5,8.495060978197161,,,-1.6413005786862074,377061,0.969557726922088,5354,231,persistence,4.460132432337423,,,341363.0
UC1,m030,all,Asia,lvlh5_naive,8.943907019621786,,,-1.0988173351831227,355891,0.9151221393674467,5011,231,persistence,4.941576735512615,,,320621.0
UC1,m030,all,Asia,lvlh5_tft,8.6528730077467,,,-1.5387071578201403,252920,0.6503471329390589,4024,231,persistence,4.652335349282431,,,229194.0
UC1,m030,busy,all,persistence,7.739047077009895,7.665151226520538,7.803109979629516,-0.4128408507190211,414661,0.8941997701213871,16543,231,persistence,,,,
UC1,m030,busy,all,snaive7,16.579870964391883,16.392412424087524,16.75615267753601,0.7264263367647632,385165,0.830592832358973,15327,231,persistence,9.272799811033783,9.079692125320435,9.46418583393097,347152.0
UC1,m030,busy,all,wt_med,14.488500625373625,14.347283482551575,14.625684261322021,-0.7660165133931427,453329,0.9775857570144245,16357,231,persistence,7.220293083437853,7.066344380378723,7.375272357463837,405823.0
UC1,m030,busy,all,clim,15.510482834721124,15.356550931930542,15.663212156295776,-0.7818290271919699,413247,0.8911505359880791,15220,231,persistence,8.233056440662377,8.067248797416687,8.396471524238587,369698.0
UC1,m030,busy,all,h5,14.288205510688211,14.150360059738158,14.425930380821228,-1.2952329633694097,456531,0.9844907412399212,16373,231,persistence,7.0436916468838735,6.892894315719604,7.200413203239441,408183.0
UC1,m030,busy,all,lvlh5_naive,14.626582677470203,14.47836709022522,14.773102760314941,-0.8242482283033394,433720,0.9352997371275524,15751,231,persistence,7.3829053174464025,7.222867345809936,7.540177476406098,386236.0
UC1,m030,busy,all,lvlh5_tft,13.635853071537575,13.480395221710205,13.795255827903748,-1.8287259243917255,308236,0.6646985377046211,11614,231,persistence,6.476715511505636,6.320536780357361,6.637671864032745,276083.0
UC1,m030,busy,EU,persistence,7.099871104879924,,,0.13706978427027272,88444,0.8357492487668436,4709,231,persistence,,,,
UC1,m030,busy,EU,snaive7,13.388052225234937,,,0.8355928696655887,91833,0.8677735150152136,4466,231,persistence,6.747614583467105,,,77869.0
UC1,m030,busy,EU,wt_med,12.486657749379319,,,-0.712277949922054,103918,0.9819704042484834,4658,231,persistence,5.896406455028891,,,86878.0
UC1,m030,busy,EU,clim,13.247971112754767,,,-2.612092167981591,97344,0.9198495643792641,4511,231,persistence,6.662356794136626,,,82137.0
UC1,m030,busy,EU,h5,12.304122238691786,,,-1.0933925839150809,104570,0.988131461077618,4662,231,persistence,5.703086034912718,,,87418.0
UC1,m030,busy,EU,lvlh5_naive,12.197253555970264,,,-0.5486044883672572,100678,0.9513541095760966,4556,231,persistence,5.591076585848519,,,83797.0
UC1,m030,busy,EU,lvlh5_tft,11.013442107706279,,,-1.391885551640403,72291,0.6831119006671328,3289,231,persistence,4.154782834607554,,,60421.0
UC1,m030,busy,NA,persistence,7.826497213606677,,,-0.8427919408931588,198285,0.8903082414745302,7032,231,persistence,,,,
UC1,m030,busy,NA,snaive7,16.699406669171104,,,0.87245596976996,181012,0.8127517230541275,6626,231,persistence,9.290691307744837,,,162547.0
UC1,m030,busy,NA,wt_med,14.138651683330963,,,-0.5311382960661861,217931,0.9785196327144557,6974,231,persistence,6.784686803600562,,,194303.0
UC1,m030,busy,NA,clim,14.875612347282063,,,0.7761956756969447,203316,0.9128976494623173,6668,231,persistence,7.510302618720289,,,181119.0
UC1,m030,busy,NA,h5,13.94073235612969,,,-1.0653041842414526,219538,0.9857351323440271,6978,231,persistence,6.624273062437956,,,195426.0
UC1,m030,busy,NA,lvlh5_naive,14.27518418460186,,,-0.6796647381788181,209726,0.9416788272006825,6743,231,persistence,6.993305817142328,,,186070.0
UC1,m030,busy,NA,lvlh5_tft,13.504153609280046,,,-1.4592550470381016,144699,0.6497047796511236,4782,231,persistence,6.413050237342413,,,129067.0
UC1,m030,busy,Asia,persistence,8.04539130162899,,,-0.12662195541381357,127932,0.9463685993697386,4802,231,persistence,,,,
UC1,m030,busy,Asia,snaive7,18.996866096866096,,,0.40183404558404556,112320,0.8308798508677191,4235,231,persistence,11.087796057562585,,,106736.0
UC1,m030,busy,Asia,wt_med,16.650581837541832,,,-1.1978057499239427,131480,0.9726146972230031,4725,231,persistence,8.82213058198681,,,124642.0
UC1,m030,busy,Asia,clim,18.61316137742368,,,-2.0129322213044136,112587,0.8328549658978266,4041,231,persistence,10.674921553522106,,,106442.0
UC1,m030,busy,Asia,h5,16.431029258512496,,,-1.8358078845819834,132423,0.9795904780222219,4733,231,persistence,8.632649255219844,,,125339.0
UC1,m030,busy,Asia,lvlh5_naive,17.20757295942613,,,-1.2951861236221969,123316,0.9122220413960439,4452,231,persistence,9.296152412835102,,,116369.0
UC1,m030,busy,Asia,lvlh5_tft,15.92234772856945,,,-2.760730547813662,91246,0.6749863147460461,3543,231,persistence,8.191717303887225,,,86595.0
UC1,m045,all,all,persistence,5.073036735139406,5.023727035522461,5.1229419112205505,-0.19954462540366066,1300907,0.8526785919113623,19653,231,persistence,,,,
UC1,m045,all,all,snaive7,8.592023880956665,8.496834707260131,8.679644465446472,0.08900824435177486,1261591,0.8269089469485885,18161,231,persistence,3.9993883255989893,3.9142324209213255,4.086883461475372,1083910.0
UC1,m045,all,all,wt_med,7.470328190652325,7.388490819931031,7.546172094345093,-1.3018242728054379,1479384,0.9696612179165757,19318,231,persistence,2.8469876940387797,2.778024744987488,2.908099949359894,1261990.0
UC1,m045,all,all,clim,7.983306403643173,7.895356369018555,8.068386268615722,-1.266558092219092,1363427,0.8936572825989352,18042,231,persistence,3.412188501433179,3.336863160133362,3.4803037285804748,1164893.0
UC1,m045,all,all,h5,7.38740679124458,7.30584841966629,7.461579036712647,-1.4802042477303945,1491008,0.9772801606637341,19341,231,persistence,2.7735940166703257,2.7041534185409546,2.834685182571411,1270881.0
UC1,m045,all,all,lvlh5_naive,7.728804633946205,7.646782410144806,7.808631801605225,-0.980355319847316,1414794,0.9273257471630515,18571,231,persistence,3.168928563209798,3.0965280413627623,3.235967290401459,1198195.0
UC1,m045,all,all,lvlh5_tft,7.290267679908954,7.201384937763214,7.366806852817535,-1.1479563504607706,1040199,0.6817977139239063,13661,231,persistence,2.7932907262633346,2.7266697883605957,2.8602429389953614,886905.0
UC1,m045,all,EU,persistence,3.855195134946138,,,0.1628948069462713,480488,0.819535624679128,6406,231,persistence,,,,
UC1,m045,all,EU,snaive7,6.408570950394309,,,-0.0469762930730283,495931,0.8458756969638048,6059,231,persistence,2.8996000370245874,,,410538.0
UC1,m045,all,EU,wt_med,5.724622536219677,,,-1.4990339664757413,569856,0.9719645296805522,6337,231,persistence,2.220548024339521,,,467388.0
UC1,m045,all,EU,clim,6.212538001747031,,,-2.1604284041364212,524318,0.8942934676006706,6210,231,persistence,2.696448411143433,,,433834.0
UC1,m045,all,EU,h5,5.652810300119213,,,-1.6372637507505157,574605,0.9800645752209219,6343,231,persistence,2.1425143238343507,,,471068.0
UC1,m045,all,EU,lvlh5_naive,5.87090626943316,,,-1.0991969942954758,545056,0.9296648604025632,6269,231,persistence,2.398509650586944,,,443269.0
UC1,m045,all,EU,lvlh5_tft,5.486287165070156,,,-1.0508239076954888,412195,0.7030529104048658,4378,231,persistence,1.9000161166991971,,,337841.0
UC1,m045,all,NA,persistence,5.936000202397568,,,-0.5904358715956096,474314,0.8699146434060472,7720,231,persistence,,,,
UC1,m045,all,NA,snaive7,10.258672432969034,,,0.3573552526357394,435172,0.7981263365624806,7295,231,persistence,4.679111146050339,,,381615.0
UC1,m045,all,NA,wt_med,8.571948635609802,,,-0.9960916347966198,530017,0.9720766191892775,7645,231,persistence,3.02034181703194,,,461709.0
UC1,m045,all,NA,clim,9.050097463142034,,,-0.050330811428433486,497111,0.9117254356781026,7337,231,persistence,3.5200868006633623,,,432946.0
UC1,m045,all,NA,h5,8.455552026063557,,,-1.2499890060742609,534386,0.9800895749043544,7648,231,persistence,2.9286132993163623,,,464866.0
UC1,m045,all,NA,lvlh5_naive,8.857443337617884,,,-0.822189555871088,509238,0.9339669357826433,7388,231,persistence,3.363143236196604,,,440984.0
UC1,m045,all,NA,lvlh5_tft,8.336637561953859,,,-1.0302813208100683,372213,0.6826565084861401,5270,231,persistence,3.151100456543379,,,324256.0
UC1,m045,all,Asia,persistence,5.581098221637943,,,-0.1670186793025238,346105,0.8781359733695984,5527,231,persistence,,,,
UC1,m045,all,Asia,snaive7,9.673948827188884,,,-0.0602805548159086,330488,0.838512594637384,4807,231,persistence,4.657855681269001,,,291757.0
UC1,m045,all,Asia,wt_med,8.553098592662664,,,-1.4326831106344744,379511,0.9628935189883695,5336,231,persistence,3.486085619102835,,,332893.0
UC1,m045,all,Asia,clim,9.147442382703993,,,-1.6640097310510589,341998,0.8677157123429476,4495,231,persistence,4.297081978981125,,,298113.0
UC1,m045,all,Asia,h5,8.502294236905687,,,-1.5660031163534607,382017,0.9692517303671829,5350,231,persistence,3.4459936945248053,,,334947.0
UC1,m045,all,Asia,lvlh5_naive,8.943542317129742,,,-1.0240963728506736,360500,0.9146588994661741,4914,231,persistence,3.9839111320505602,,,313942.0
UC1,m045,all,Asia,lvlh5_tft,8.674676339355141,,,-1.4757148840175112,255791,0.6489917185945968,4013,231,persistence,3.6196084528036336,,,224808.0
UC1,m045,busy,all,persistence,9.449548451992353,9.367890334129333,9.523557543754578,-0.1740565588599359,409591,0.8727533458765973,16540,231,persistence,,,,
UC1,m045,busy,all,snaive7,16.569093725395348,16.392679357528685,16.75132532119751,0.6937624470597922,388646,0.8281239013102242,15331,231,persistence,7.55999988296702,7.380042314529419,7.769804525375366,341784.0
UC1,m045,busy,all,wt_med,14.4871043836375,14.346350717544556,14.63177261352539,-0.818080242782052,458683,0.977358201099915,16354,231,persistence,5.492923374821588,5.3588533163070675,5.6452241897583,400756.0
UC1,m045,busy,all,clim,15.523019379455768,15.376662564277648,15.694447875022888,-0.8451329020412262,418278,0.8912635385215285,15228,231,persistence,6.576228420746782,6.418034982681275,6.749336361885071,364818.0
UC1,m045,busy,all,h5,14.304559135593955,14.169874167442321,14.450023460388184,-1.1547226192022866,461820,0.9840424965214816,16373,231,persistence,5.343650680921062,5.21176381111145,5.493182635307312,403057.0
UC1,m045,busy,all,lvlh5_naive,14.643592647266507,14.500107836723327,14.787245202064515,-0.6695985650873554,438667,0.9347082625732727,15701,231,persistence,5.713094729952301,5.559680008888245,5.879795336723328,380887.0
UC1,m045,busy,all,lvlh5_tft,13.664881306561812,13.524471592903136,13.830048370361329,-1.6855434318501539,311831,0.6644470913619811,11614,231,persistence,4.781482699105487,4.628037476539612,4.959893703460693,272640.0
UC1,m045,busy,EU,persistence,8.230592664004039,,,0.5987696827801496,87132,0.8227995127340718,4707,231,persistence,,,,
UC1,m045,busy,EU,snaive7,13.492471434939064,,,0.8076057532370112,91983,0.8686081758690047,4466,231,persistence,5.510114795418631,,,76571.0
UC1,m045,busy,EU,wt_med,12.685737649718602,,,-0.69812881812497,103945,0.9815669943435602,4658,231,persistence,4.736112084881628,,,85578.0
UC1,m045,busy,EU,clim,13.488474232298799,,,-2.6957125579107046,97564,0.9213103298488153,4514,231,persistence,5.563754077295641,,,80936.0
UC1,m045,busy,EU,h5,12.493586618876941,,,-1.0949557945041817,104625,0.9879883282812544,4662,231,persistence,4.535729731455573,,,86131.0
UC1,m045,busy,EU,lvlh5_naive,12.386198691919617,,,-0.5208439747859113,100770,0.9515850307374146,4569,231,persistence,4.430936730955075,,,82542.0
UC1,m045,busy,EU,lvlh5_tft,11.192873088187609,,,-1.3639395884602041,72339,0.6831071701747925,3292,231,persistence,2.944149605779091,,,59395.0
UC1,m045,busy,NA,persistence,9.665127279200467,,,-0.7445871372987819,196615,0.8727622192925217,7033,231,persistence,,,,
UC1,m045,busy,NA,snaive7,16.72063452027153,,,0.8459374691567877,182374,0.8095472724932196,6634,231,persistence,7.474024278003035,,,160804.0
UC1,m045,busy,NA,wt_med,14.150289764965896,,,-0.5266302399353758,220351,0.978124902898184,6974,231,persistence,4.961696739474517,,,192699.0
UC1,m045,busy,NA,clim,14.90042713005575,,,0.8172729837807334,205558,0.9124596611313083,6666,231,persistence,5.7310349050145,,,179659.0
UC1,m045,busy,NA,h5,13.948485160851325,,,-0.9394816324415424,221913,0.9850585274259918,6980,231,persistence,4.798359404438067,,,193733.0
UC1,m045,busy,NA,lvlh5_naive,14.273756941716247,,,-0.5428516522550637,211965,0.9408999507277642,6745,231,persistence,5.171182589643249,,,184325.0
UC1,m045,busy,NA,lvlh5_tft,13.495155716659045,,,-1.3222091112800605,146336,0.649576747055873,4782,231,persistence,4.610191369323731,,,127887.0
UC1,m045,busy,Asia,persistence,9.956716251867391,,,0.1822335590095674,125844,0.9110350169763923,4800,231,persistence,,,,
UC1,m045,busy,Asia,snaive7,18.803428151440645,,,0.3593084198829284,114289,0.8273837533391731,4231,231,persistence,9.195749408575889,,,104409.0
UC1,m045,busy,Asia,wt_med,16.432683220847256,,,-1.3887429587683333,134387,0.9728812086901754,4722,231,persistence,6.857510267066191,,,122479.0
UC1,m045,busy,Asia,clim,18.358105526416338,,,-2.2447202056340965,115156,0.8336603128868554,4048,231,persistence,8.819420857200425,,,104223.0
UC1,m045,busy,Asia,h5,16.289231475732173,,,-1.5540209525287918,135282,0.9793604714297091,4731,231,persistence,6.766036321057203,,,123193.0
UC1,m045,busy,Asia,lvlh5_naive,17.07244166266582,,,-1.0019676963897501,125932,0.9116720841507823,4387,231,persistence,7.517338203164848,,,114020.0
UC1,m045,busy,Asia,lvlh5_tft,15.851101908916807,,,-2.50603155458976,93156,0.6743935192893805,3540,231,persistence,6.316597549147904,,,85358.0
UC1,m060,all,all,persistence,5.697244387832394,5.646493780612945,5.753315818309784,-0.1022495045586785,1293796,0.8457885639723552,19657,231,persistence,,,,
UC1,m060,all,all,snaive7,8.665432965198711,8.568426609039307,8.765263080596924,0.08586514797304666,1265298,0.8271586698498783,18162,231,persistence,3.3520692290385625,3.2726362228393553,3.435362720489502,1075618.0
UC1,m060,all,all,wt_med,7.536643080192215,7.455285763740539,7.61260838508606,-1.3368211922315645,1483336,0.9696958603431279,19325,231,persistence,2.1903923567305386,2.12499053478241,2.2521287202835083,1254751.0
UC1,m060,all,all,clim,8.055151469020046,7.969571566581726,8.14042899608612,-1.3013904512782155,1366319,0.8931987615807626,18036,231,persistence,2.7774391324838614,2.70394686460495,2.8462377905845644,1156405.0
UC1,m060,all,all,h5,7.460456580141817,7.382375776767731,7.53585239648819,-1.542455884577895,1493752,0.9765050742240922,19346,231,persistence,2.123899471255452,2.0592383980751037,2.1840896010398865,1263370.0
UC1,m060,all,all,lvlh5_naive,7.7728866371668275,7.691200006008148,7.852646064758301,-1.0451203644965168,1418062,0.9270245251985367,18599,231,persistence,2.488900902792821,2.423849630355835,2.5548556327819822,1190811.0
UC1,m060,all,all,lvlh5_tft,7.345092510556032,7.262151050567627,7.438435804843903,-1.1990470741663293,1042887,0.6817627339359819,13663,231,persistence,2.123485639494054,2.052276587486267,2.192187559604645,882236.0
UC1,m060,all,EU,persistence,4.253296749329759,,,0.36336293565683647,477440,0.8126859625113194,6408,231,persistence,,,,
UC1,m060,all,EU,snaive7,6.4993983660465515,,,-0.05163003629891666,497811,0.8473609494045795,6052,231,persistence,2.415870798949553,,,406684.0
UC1,m060,all,EU,wt_med,5.811637875185163,,,-1.5238987389646272,571118,0.9721422200434395,6333,231,persistence,1.761498457964168,,,463997.0
UC1,m060,all,EU,clim,6.308114416815528,,,-2.187899143357741,525657,0.8947596870723288,6209,231,persistence,2.2308735826358492,,,429759.0
UC1,m060,all,EU,h5,5.735660459876345,,,-1.6422793472577146,575633,0.9798275357286326,6340,231,persistence,1.6727997108980537,,,468001.0
UC1,m060,all,EU,lvlh5_naive,5.937433417634316,,,-1.1042448168863948,546863,0.930855989269495,6266,231,persistence,1.9032621853243228,,,440406.0
UC1,m060,all,EU,lvlh5_tft,5.5604880698268815,,,-1.0492296864064161,413202,0.7033417080294952,4376,231,persistence,1.417957331845555,,,335877.0
UC1,m060,all,NA,persistence,6.687751379615715,,,-0.5773398515024126,473139,0.8638621001931708,7721,231,persistence,,,,
UC1,m060,all,NA,snaive7,10.338368407069106,,,0.3589087594250167,436604,0.7971561177428602,7297,231,persistence,3.9138205906649057,,,380114.0
UC1,m060,all,NA,wt_med,8.643840106080072,,,-1.0583017797711616,532428,0.9721125721651555,7646,231,persistence,2.2689429373246024,,,460739.0
UC1,m060,all,NA,clim,9.134484313470075,,,-0.11938396176314392,498995,0.9110702535320302,7341,231,persistence,2.790525350700707,,,431921.0
UC1,m060,all,NA,h5,8.521406833699814,,,-1.3177531234788253,536181,0.9789648385435876,7649,231,persistence,2.167737210099912,,,463608.0
UC1,m060,all,NA,lvlh5_naive,8.886719999884255,,,-0.8934938927540524,510786,0.9325983837926464,7413,231,persistence,2.5571839478054517,,,439611.0
UC1,m060,all,NA,lvlh5_tft,8.37835066087329,,,-1.10079542379503,373668,0.6822469152933529,5270,231,persistence,2.3904842195879348,,,323263.0
UC1,m060,all,Asia,persistence,6.340426027848271,,,-0.09501860339085767,343217,0.8699918378934668,5528,231,persistence,,,,
UC1,m060,all,Asia,snaive7,9.71675788722902,,,-0.06755862344091416,330883,0.8387274211292097,4813,231,persistence,3.931002008171179,,,288820.0
UC1,m060,all,Asia,wt_med,8.578478896232129,,,-1.44595565970668,379790,0.9626976522537046,5346,231,persistence,2.6837461933548474,,,330015.0
UC1,m060,all,Asia,clim,9.16664471546857,,,-1.6637778889971815,341667,0.8660628735684628,4486,231,persistence,3.555246416150649,,,294725.0
UC1,m060,all,Asia,h5,8.570553499520864,,,-1.7074556276149533,381938,0.968142436363452,5357,231,persistence,2.6989869966632605,,,331761.0
UC1,m060,all,Asia,lvlh5_naive,8.979310839357716,,,-1.17029815660768,360413,0.9135805285597685,4920,231,persistence,3.222186704012874,,,310794.0
UC1,m060,all,Asia,lvlh5_tft,8.71729286289755,,,-1.5842493925596945,256017,0.6489559094158264,4017,231,persistence,2.7988001650398577,,,223096.0
UC1,m060,busy,all,persistence,10.618329301266543,10.528471755981446,10.704497361183167,0.09947345951330581,407566,0.8632641562985839,16538,231,persistence,,,,
UC1,m060,busy,all,snaive7,16.610894683026586,16.43889899253845,16.77197394371033,0.6942535787321064,391200,0.8285993874464651,15322,231,persistence,6.345240126373012,6.160239887237549,6.533477854728699,339946.0
UC1,m060,busy,all,wt_med,14.536015089891462,14.389933347702026,14.6687602519989,-0.8644975850539869,461501,0.9775036960785559,16360,231,persistence,4.269243595497731,4.125194382667542,4.418182444572449,398821.0
UC1,m060,busy,all,clim,15.568796603517786,15.414582180976868,15.725207042694091,-0.8931011928122065,420435,0.8905219413626139,15221,231,persistence,5.376608962763612,5.210589265823364,5.5613298416137695,362656.0
UC1,m060,busy,all,h5,14.354857098849207,14.215573239326478,14.491909074783326,-1.2512268365926902,464202,0.9832246749780778,16381,231,persistence,4.112638061600167,3.9679883241653444,4.264107203483581,400908.0
UC1,m060,busy,all,lvlh5_naive,14.64727721973105,14.493363833427429,14.79233078956604,-0.764070280328469,441024,0.9341314321298309,15726,231,persistence,4.437858623527244,4.280563688278198,4.594866442680359,378758.0
UC1,m060,busy,all,lvlh5_tft,13.698027901826235,13.545465326309204,13.853000378608703,-1.7392176095609229,313701,0.6644490195330868,11620,231,persistence,3.502346871170973,3.3359469890594484,3.669936180114746,271345.0
UC1,m060,busy,EU,persistence,8.95084336235101,,,1.255309309934219,86499,0.8130369395619889,4704,231,persistence,,,,
UC1,m060,busy,EU,snaive7,13.569946955046833,,,0.8226937329170403,92563,0.8700347777046715,4453,231,persistence,4.638751036634328,,,75967.0
UC1,m060,busy,EU,wt_med,12.787695961540303,,,-0.6790109269208301,104421,0.9814926214869819,4650,231,persistence,3.925357138651058,,,84911.0
UC1,m060,busy,EU,clim,13.59329984788623,,,-2.6661613222668015,97953,0.920697433969358,4511,231,persistence,4.723417106705191,,,80296.0
UC1,m060,busy,EU,h5,12.545086754015376,,,-0.977787570411814,105096,0.9878372027446188,4659,231,persistence,3.644062160139394,,,85513.0
UC1,m060,busy,EU,lvlh5_naive,12.414118747269978,,,-0.38331606048177036,101348,0.9526083278503619,4572,231,persistence,3.5149723690309616,,,82009.0
UC1,m060,busy,EU,lvlh5_tft,11.26576172358719,,,-1.1774094732024494,72670,0.6830529185073785,3292,231,persistence,2.013667417147139,,,59019.0
UC1,m060,busy,NA,persistence,10.900442940226007,,,-0.6480026912823859,196189,0.8620774507089908,7030,231,persistence,,,,
UC1,m060,busy,NA,snaive7,16.736585075015178,,,0.8451402740438817,184496,0.8106970388044487,6628,231,persistence,6.202341074652886,,,160610.0
UC1,m060,busy,NA,wt_med,14.20793904580547,,,-0.6218544949900969,222659,0.9783897318270299,6976,231,persistence,3.7325473193909433,,,192363.0
UC1,m060,busy,NA,clim,14.96466704231864,,,0.691466920954156,207639,0.9123900921446367,6667,231,persistence,4.534719743944328,,,179336.0
UC1,m060,busy,NA,h5,13.98331169657488,,,-1.0448324611654605,223963,0.9841196605983908,6981,231,persistence,3.5380601802510268,,,193286.0
UC1,m060,busy,NA,lvlh5_naive,14.25406018381254,,,-0.6545780142943944,213934,0.9400510596413522,6761,231,persistence,3.8546082946735085,,,183842.0
UC1,m060,busy,NA,lvlh5_tft,13.506419189892274,,,-1.4405823341022608,147806,0.649476880352584,4780,231,persistence,3.3457539363654423,,,127520.0
UC1,m060,busy,Asia,persistence,11.330130207082112,,,0.47318182546165055,124878,0.90389779595382,4804,231,persistence,,,,
UC1,m060,busy,Asia,snaive7,18.873796444748162,,,0.3462033800299629,114141,0.8261807390250081,4241,231,persistence,7.821387456587565,,,103369.0
UC1,m060,busy,Asia,wt_med,16.437580437580436,,,-1.4105087746706244,134421,0.9729723860880894,4734,231,persistence,5.358865294906497,,,121547.0
UC1,m060,busy,Asia,clim,18.34603763398727,,,-2.245744189894029,114843,0.8312619883464225,4043,231,persistence,7.351194867215406,,,103024.0
UC1,m060,busy,Asia,h5,16.377988501069236,,,-1.805913920809809,135143,0.9781984003474359,4741,231,persistence,5.350279770532884,,,122109.0
UC1,m060,busy,Asia,lvlh5_naive,17.116210736210633,,,-1.2572451710949344,125742,0.9101516412724838,4393,231,persistence,6.057872314459725,,,112907.0
UC1,m060,busy,Asia,lvlh5_tft,15.897799427154663,,,-2.650632817859269,93225,0.6747855669356881,3548,231,persistence,4.773826527603696,,,84806.0
UC1,m075,all,all,persistence,6.28371155795877,6.222109258174896,6.346349143981934,-0.22980652247380873,1183600,0.7995001435398619,19628,231,persistence,,,,
UC1,m075,all,all,snaive7,8.761905577774405,8.667568516731261,8.862285041809082,0.08331416039670846,1225686,0.827928466487664,18162,231,persistence,2.973918733830468,2.886033773422241,3.062572348117828,985650.0
UC1,m075,all,all,wt_med,7.609532920213648,7.528423631191254,7.696209454536438,-1.2873748134481744,1435258,0.9694905179255957,19311,231,persistence,1.7535757396166058,1.6905729174613953,1.8231471061706541,1147385.0
UC1,m075,all,all,clim,8.120608036989559,8.033262658119202,8.214942812919617,-1.2379320283669106,1325347,0.8952476484793218,18011,231,persistence,2.38811187489308,2.313289701938629,2.4658823370933534,1058039.0
UC1,m075,all,all,h5,7.5578415288565655,7.47628356218338,7.644795405864715,-1.6268129008623546,1448128,0.9781839674417819,19335,231,persistence,1.6903974794565553,1.6282122611999512,1.7596145153045655,1156695.0
UC1,m075,all,all,lvlh5_naive,7.913528539981261,7.834644556045532,7.997691655158997,-1.0881258348942977,1369764,0.9252505192765591,18265,231,persistence,2.063843146788857,1.9953054547309876,2.140442228317261,1091474.0
UC1,m075,all,all,lvlh5_tft,7.438634544019725,7.353016448020935,7.529051470756531,-1.2195635338801598,1010468,0.682552645355219,13657,231,persistence,1.6420785360662888,1.5683501958847046,1.7199753046035766,809393.0
UC1,m075,all,EU,persistence,4.639118539089763,,,0.3927269654504595,437864,0.7764826469612898,6409,231,persistence,,,,
UC1,m075,all,EU,snaive7,6.592826486174511,,,-0.06496668240726167,476475,0.8449531571695332,6064,231,persistence,2.0695786625434867,,,372528.0
UC1,m075,all,EU,wt_med,5.8809615089710165,,,-1.4922156257074215,547764,0.9713729391548607,6340,231,persistence,1.3866023612606555,,,425366.0
UC1,m075,all,EU,clim,6.358204599899445,,,-2.1302424164752507,507185,0.8994124917761263,6209,231,persistence,1.841219162603044,,,395583.0
UC1,m075,all,EU,h5,5.8743498880545015,,,-1.861365522415344,552501,0.9797732604844416,6343,231,persistence,1.3524022307615182,,,428867.0
UC1,m075,all,EU,lvlh5_naive,6.139552020290509,,,-1.239546386446533,519852,0.9218754156270449,6080,231,persistence,1.5696219606540047,,,404055.0
UC1,m075,all,EU,lvlh5_tft,5.709788429167045,,,-1.105018160650012,398010,0.7058078725747331,4377,231,persistence,1.082003816237803,,,309137.0
UC1,m075,all,NA,persistence,7.365469181841177,,,-0.882649426474308,430931,0.8144403936399219,7708,231,persistence,,,,
UC1,m075,all,NA,snaive7,10.438843355654374,,,0.3558014930260591,421426,0.7964763670520286,7290,231,persistence,3.5322801128203354,,,346746.0
UC1,m075,all,NA,wt_med,8.694433414693963,,,-0.9606870496455557,513762,0.9709872938294845,7634,231,persistence,1.8032699062673005,,,419064.0
UC1,m075,all,NA,clim,9.170663424250192,,,-0.008119585987592964,479889,0.9069688327446123,7332,231,persistence,2.335711876446929,,,391346.0
UC1,m075,all,NA,h5,8.601139120472881,,,-1.3034984692993434,519370,0.9815861640141141,7642,231,persistence,1.7079851055026893,,,422975.0
UC1,m075,all,NA,lvlh5_naive,8.984331046536084,,,-0.8766250627545626,494610,0.9347908669792653,7359,231,persistence,2.092626722982675,,,401311.0
UC1,m075,all,NA,lvlh5_tft,8.461265877647596,,,-1.0972178125023335,361912,0.6839975581775538,5265,231,persistence,1.8958071344305316,,,295161.0
UC1,m075,all,Asia,persistence,7.090386112037611,,,-0.20202665141913248,314805,0.8125992178727688,5511,231,persistence,,,,
UC1,m075,all,Asia,snaive7,9.75892124410818,,,-0.051472764159433776,327785,0.8461042061924859,4808,231,persistence,3.5118141273988646,,,266376.0
UC1,m075,all,Asia,wt_med,8.651639410058545,,,-1.436239069707705,373732,0.9647061860327047,5337,231,persistence,2.2000874717367265,,,302955.0
UC1,m075,all,Asia,clim,9.273388653543144,,,-1.6447248228501832,338273,0.8731766497592959,4470,231,persistence,3.261735089078234,,,271110.0
UC1,m075,all,Asia,h5,8.589778063929707,,,-1.7286827886258596,376257,0.9712239129593061,5350,231,persistence,2.141486634541894,,,304853.0
UC1,m075,all,Asia,lvlh5_naive,9.018435390905806,,,-1.161005020326695,355302,0.9171332326634917,4826,231,persistence,2.7214318042811385,,,286108.0
UC1,m075,all,Asia,lvlh5_tft,8.707844553186046,,,-1.5782545076519339,250546,0.6467288754662434,4015,231,persistence,2.1211201111501805,,,205095.0
UC1,m075,busy,all,persistence,11.565865087910062,11.46660544872284,11.655216312408447,-0.1566698637200343,374303,0.8140596522820891,16508,231,persistence,,,,
UC1,m075,busy,all,snaive7,16.681669856609457,16.492187976837158,16.86227035522461,0.691150784935103,382452,0.831782652382133,15320,231,persistence,5.704079121862367,5.502890634536743,5.890995836257934,312935.0
UC1,m075,busy,all,wt_med,14.570472060799688,14.424503350257874,14.708014726638794,-0.74012961759916,449476,0.9775510115311506,16349,231,persistence,3.4863800898796597,3.322271466255188,3.6426599264144897,366045.0
UC1,m075,busy,all,clim,15.579035838960811,15.416460943222045,15.743170785903931,-0.7403671533806252,410782,0.8933966654922378,15185,231,persistence,4.6865960801982425,4.515244698524475,4.855897903442383,332925.0
UC1,m075,busy,all,h5,14.412257437444683,14.266592359542846,14.551022911071778,-1.387027014052737,453079,0.9853870612747336,16371,231,persistence,3.3356636694062427,3.175830054283142,3.483675456047058,368670.0
UC1,m075,busy,all,lvlh5_naive,14.699026710192365,14.544033312797547,14.843743920326233,-0.8922657503453345,430129,0.9354738385116943,15514,231,persistence,3.703787232706027,3.536261558532715,3.8646448612213136,348563.0
UC1,m075,busy,all,lvlh5_tft,13.677287465887762,13.516169214248658,13.832805967330932,-1.8825808447270165,305169,0.6637023214542038,11602,231,persistence,2.660414629453209,2.500937342643738,2.8266100883483887,249433.0
UC1,m075,busy,EU,persistence,9.517464703049352,,,1.3896352437200579,78902,0.7808831970863601,4705,231,persistence,,,,
UC1,m075,busy,EU,snaive7,13.624447079210178,,,0.803570614255096,87716,0.8681142495200016,4462,231,persistence,4.056745894055054,,,69168.0
UC1,m075,busy,EU,wt_med,12.78048522142641,,,-0.4354130939170786,99130,0.9810771758278736,4656,231,persistence,3.2198995792136715,,,77474.0
UC1,m075,busy,EU,clim,13.52699649896682,,,-2.334311195811608,93401,0.9243779814334633,4512,231,persistence,3.9561752174564067,,,73463.0
UC1,m075,busy,EU,h5,12.716623446582481,,,-1.4052709711365003,99780,0.9875101442964311,4665,231,persistence,3.1005315496284127,,,77909.0
UC1,m075,busy,EU,lvlh5_naive,12.573878329780998,,,-0.7363878133691665,95586,0.946002652362384,4483,231,persistence,2.9824833212031563,,,74760.0
UC1,m075,busy,EU,lvlh5_tft,11.252807131581756,,,-1.5157009280134057,69118,0.6840521763227173,3290,231,persistence,1.504495718074041,,,53807.0
UC1,m075,busy,NA,persistence,11.843245345929425,,,-1.1399277577104752,179950,0.8111628997214233,7011,231,persistence,,,,
UC1,m075,busy,NA,snaive7,16.77280030242888,,,0.8376112565808859,179877,0.8108338366945844,6618,231,persistence,5.603409545914178,,,147351.0
UC1,m075,busy,NA,wt_med,14.171802521279638,,,-0.4535882586202127,216874,0.9776056833241676,6965,231,persistence,2.9777817519118424,,,176139.0
UC1,m075,busy,NA,clim,14.886262800324836,,,0.8563739180383069,201948,0.9103235636173492,6654,231,persistence,3.7904833145055417,,,163765.0
UC1,m075,busy,NA,h5,13.994544872116979,,,-1.0410437917692579,218911,0.9867878940867825,6971,231,persistence,2.791479541269421,,,177577.0
UC1,m075,busy,NA,lvlh5_naive,14.28060997723857,,,-0.672450253673437,209061,0.9423869240270102,6706,231,persistence,3.135200845007246,,,168911.0
UC1,m075,busy,NA,lvlh5_tft,13.514033155184617,,,-1.4806900053800305,144773,0.652595090199331,4774,231,persistence,2.5796877608500357,,,117507.0
UC1,m075,busy,Asia,persistence,12.533447090107492,,,0.31912239824687527,115451,0.8432373606789664,4792,231,persistence,,,,
UC1,m075,busy,Asia,snaive7,18.87370602216631,,,0.3759304886861282,114859,0.8389134785339702,4240,231,persistence,7.039713325589114,,,96416.0
UC1,m075,busy,Asia,wt_med,16.547684158475185,,,-1.4320344341884441,133472,0.9748601311772354,4728,231,persistence,4.4667888145723635,,,112432.0
UC1,m075,busy,Asia,clim,18.451409042474854,,,-2.2441199656943853,115433,0.8431058912894226,4019,231,persistence,6.780818625453254,,,95697.0
UC1,m075,busy,Asia,h5,16.351658537220587,,,-1.9370698090603327,134388,0.9815504623340199,4735,231,persistence,4.351297444868533,,,113184.0
UC1,m075,busy,Asia,lvlh5_naive,17.014968866820848,,,-1.377232486877487,125482,0.9165023299297369,4325,231,persistence,5.133497561010794,,,104892.0
UC1,m075,busy,Asia,lvlh5_tft,15.772097256527225,,,-2.7978172496459726,91278,0.666681274376616,3538,231,persistence,3.5780211146044874,,,78119.0
UC1,m090,all,all,persistence,6.792126243842919,6.726552963256836,6.86209921836853,-0.08192815514016945,1176897,0.7831444838379967,19618,231,persistence,,,,
UC1,m090,all,all,snaive7,8.788634470239112,8.691069388389588,8.888332438468932,0.07904457899045589,1247157,0.8298977098505175,18150,231,persistence,2.434085377765478,2.34701726436615,2.5266411662101746,982832.0
UC1,m090,all,all,wt_med,7.643817405349475,7.563655197620392,7.726800930500031,-1.299001862202504,1457414,0.9698093671479068,19305,231,persistence,1.2101446735425299,1.1463529467582703,1.2763564229011535,1141190.0
UC1,m090,all,all,clim,8.162367192082383,8.07416067123413,8.253038716316222,-1.2720756271949036,1346870,0.8962498935309399,18005,231,persistence,1.8638669373078045,1.7890523552894593,1.941930854320526,1052316.0
UC1,m090,all,all,h5,7.5666544172689285,7.485078203678131,7.648236012458801,-1.5867156132184612,1469460,0.9778251565095183,19331,231,persistence,1.1224942033483645,1.0579583168029785,1.1875801920890807,1150233.0
UC1,m090,all,all,lvlh5_naive,7.948604106989545,7.866955852508545,8.032427430152893,-1.0550953255375588,1389867,0.9248614571355565,18332,231,persistence,1.5405724771167684,1.464691936969757,1.60996515750885,1085183.0
UC1,m090,all,all,lvlh5_tft,7.477211745086038,7.38718832731247,7.568496143817901,-1.1904210857362592,1025817,0.6826110738469401,13654,231,persistence,1.131762669712752,1.0615886807441712,1.203830099105835,804638.0
UC1,m090,all,EU,persistence,4.890562508063476,,,0.6193117938699154,434056,0.76437150001761,6407,231,persistence,,,,
UC1,m090,all,EU,snaive7,6.6529610150507965,,,-0.06754883768288805,481237,0.8474571197126052,6065,231,persistence,1.7444323869065936,,,370446.0
UC1,m090,all,EU,wt_med,5.933294130651846,,,-1.5062718249905316,551833,0.9717764942063185,6341,231,persistence,1.0606937649334396,,,421872.0
UC1,m090,all,EU,clim,6.410408777304443,,,-2.182555850330693,511501,0.900751945902159,6210,231,persistence,1.504270694777827,,,392442.0
UC1,m090,all,EU,h5,5.8907374561409815,,,-1.8073904917602566,556328,0.9796921776494206,6345,231,persistence,1.0023795415855459,,,425292.0
UC1,m090,all,EU,lvlh5_naive,6.181518271456324,,,-1.185681499408838,523065,0.9211161201704645,6090,231,persistence,1.2508043450459452,,,400654.0
UC1,m090,all,EU,lvlh5_tft,5.748576566322135,,,-1.0471922147589978,400551,0.7053692811608495,4379,231,persistence,0.7811963457838902,,,306250.0
UC1,m090,all,NA,persistence,8.050939902962753,,,-0.8863347738511134,429938,0.788328850212421,7706,231,persistence,,,,
UC1,m090,all,NA,snaive7,10.388339641957824,,,0.3520717461614564,435647,0.7987968000234699,7287,231,persistence,2.8427063939016355,,,347503.0
UC1,m090,all,NA,wt_med,8.662262954463099,,,-0.9821064591134195,529856,0.9715372245722699,7638,231,persistence,1.1181150550795593,,,418304.0
UC1,m090,all,NA,clim,9.145283110218113,,,-0.05993246023868891,495708,0.9089238859582052,7338,231,persistence,1.6922526613239688,,,390689.0
UC1,m090,all,NA,h5,8.565672387783486,,,-1.3100781524559397,534948,0.9808738510283674,7642,231,persistence,1.014063362660329,,,422023.0
UC1,m090,all,NA,lvlh5_naive,8.962397832397842,,,-0.8940121633358942,509720,0.9346161109980399,7387,231,persistence,1.4399695403037602,,,400388.0
UC1,m090,all,NA,lvlh5_tft,8.453555625745821,,,-1.1167075164953806,372726,0.6834256544531417,5264,231,persistence,1.2444009810926016,,,294435.0
UC1,m090,all,Asia,persistence,7.700309680635852,,,0.050597149915469014,312903,0.8032525125466891,5505,231,persistence,,,,
UC1,m090,all,Asia,snaive7,9.790406724134277,,,-0.06749265001983208,330273,0.8478429963162151,4798,231,persistence,2.862509107794762,,,264883.0
UC1,m090,all,Asia,wt_med,8.719853616341739,,,-1.4414744826668442,375725,0.9645227123952304,5326,231,persistence,1.5474894855388786,,,301014.0
UC1,m090,all,Asia,clim,9.36618275280353,,,-1.6699944945107033,339661,0.871942907751351,4457,231,persistence,2.63719560896781,,,269185.0
UC1,m090,all,Asia,h5,8.618885251623547,,,-1.6534001967296343,378184,0.9708352051752686,5344,231,persistence,1.4421982599251282,,,302918.0
UC1,m090,all,Asia,lvlh5_naive,9.089938071871748,,,-1.093748218714621,357082,0.9166643134939481,4855,231,persistence,2.0909223732999647,,,284141.0
UC1,m090,all,Asia,lvlh5_tft,8.777987068703137,,,-1.52638937316672,252540,0.6482948054781861,4011,231,persistence,1.4955537171211613,,,203953.0
UC1,m090,busy,all,persistence,12.51624979232208,12.416265964508057,12.617187786102296,0.1961095896284307,373174,0.7991049058866357,16504,231,persistence,,,,
UC1,m090,busy,all,snaive7,16.72298721190814,16.559888124465942,16.906584692001342,0.681770287218076,389112,0.8332341163622348,15323,231,persistence,4.6843405178343485,4.502361512184143,4.887342953681946,312571.0
UC1,m090,busy,all,wt_med,14.648817816212807,14.519116044044495,14.776496005058288,-0.7380346879052325,456528,0.9775969506841689,16359,231,persistence,2.461576705518196,2.3087260007858275,2.6232398748397827,365065.0
UC1,m090,busy,all,clim,15.699055096227333,15.545602798461914,15.844890809059143,-0.7707254723919913,417397,0.8938028651577121,15202,231,persistence,3.711532379756216,3.5508381128311157,3.8889313459396364,332013.0
UC1,m090,busy,all,h5,14.465478820081572,14.333803868293762,14.593777799606324,-1.304748034628797,459964,0.9849547099509626,16378,231,persistence,2.2812795866842226,2.133471870422363,2.440083456039429,367564.0
UC1,m090,busy,all,lvlh5_naive,14.798152957976054,14.66408064365387,14.940978741645813,-0.8198061418736351,436676,0.9350864044197948,15577,231,persistence,2.7152906818285576,2.5679476499557494,2.8843429565429686,347402.0
UC1,m090,busy,all,lvlh5_tft,13.779389356563337,13.628009414672851,13.93281910419464,-1.8098307212067035,309885,0.6635795199040665,11608,231,persistence,1.6674736171891276,1.5039440631866454,1.8307813644409179,248652.0
UC1,m090,busy,EU,persistence,10.022225626492027,,,2.090523789462934,78333,0.767752305717002,4706,231,persistence,,,,
UC1,m090,busy,EU,snaive7,13.702860946278287,,,0.8226687123485481,88642,0.8687922061374708,4469,231,persistence,3.4423571833607167,,,68777.0
UC1,m090,busy,EU,wt_med,12.870532013702324,,,-0.4346942444246921,100129,0.9813778435542836,4663,231,persistence,2.6203875797709872,,,76939.0
UC1,m090,busy,EU,clim,13.656871264465263,,,-2.404168962740028,94364,0.9248743004439914,4520,231,persistence,3.3789270874758306,,,72923.0
UC1,m090,busy,EU,h5,12.761940091113912,,,-1.2207601758756563,100753,0.9874937517764557,4667,231,persistence,2.473647605076772,,,77372.0
UC1,m090,busy,EU,lvlh5_naive,12.657891975525155,,,-0.5464416029529793,96554,0.9463387860314224,4491,231,persistence,2.3964450034710914,,,74248.0
UC1,m090,busy,EU,lvlh5_tft,11.332856242653342,,,-1.3480517544227033,69795,0.6840702153309354,3292,231,persistence,0.9002733388447083,,,53376.0
UC1,m090,busy,NA,persistence,12.911202132573502,,,-1.0600927157477642,179689,0.7912817170587355,7016,231,persistence,,,,
UC1,m090,busy,NA,snaive7,16.74403576376862,,,0.8311395912712158,184768,0.8136476929445232,6629,231,persistence,4.507465213122524,,,147685.0
UC1,m090,busy,NA,wt_med,14.189005464382408,,,-0.4925151926048391,221983,0.9775283372819108,6978,231,persistence,1.8604091490268504,,,175975.0
UC1,m090,busy,NA,clim,14.932323305545488,,,0.7873625709798237,206925,0.9112186572487956,6671,231,persistence,2.7414660965180206,,,163700.0
UC1,m090,busy,NA,h5,14.019869133856158,,,-1.043739560630962,223912,0.9860229164281373,6982,231,persistence,1.6824877769569557,,,177329.0
UC1,m090,busy,NA,lvlh5_naive,14.33214159988475,,,-0.684929816614206,213828,0.9416168323894912,6742,231,persistence,2.0787420970394876,,,168649.0
UC1,m090,busy,NA,lvlh5_tft,13.572406750240065,,,-1.4785113672567924,147942,0.6514800560140211,4783,231,persistence,1.5045793134556449,,,117270.0
UC1,m090,busy,Asia,persistence,13.596524593580659,,,0.86766187300264,115152,0.8351912964641885,4782,231,persistence,,,,
UC1,m090,busy,Asia,snaive7,19.00316329881938,,,0.335292389068469,115702,0.8391804170444243,4225,231,persistence,5.844915668667866,,,96109.0
UC1,m090,busy,Asia,wt_med,16.732859183430545,,,-1.3694649446494465,134416,0.9749120580235721,4718,231,persistence,3.2959135451311177,,,112151.0
UC1,m090,busy,Asia,clim,18.725242877321115,,,-2.2199719226926655,116108,0.8421251133272892,4011,231,persistence,5.630543033860992,,,95390.0
UC1,m090,busy,Asia,h5,16.471509859644197,,,-1.7992450978942933,135299,0.9813164097914778,4729,231,persistence,3.0902183399342564,,,112863.0
UC1,m090,busy,Asia,lvlh5_naive,17.223422848687505,,,-1.257156883544009,126294,0.9160036264732547,4344,231,persistence,3.969076971506353,,,104505.0
UC1,m090,busy,Asia,lvlh5_tft,15.96475636865285,,,-2.6915200779886947,92148,0.6683445149592022,3533,231,persistence,2.4373207706867674,,,78006.0
UC1,m105,all,all,persistence,7.163984584740625,7.09910763502121,7.23195252418518,0.04279639733264051,1154700,0.7705381755721982,19600,231,persistence,,,,
UC1,m105,all,all,snaive7,8.84804499127602,8.74928548336029,8.94741177558899,0.08706275471771001,1242552,0.8291623375193435,18139,231,persistence,2.0628620857593534,1.9778020143508912,2.150094413757324,962997.0
UC1,m105,all,all,wt_med,7.687849854999856,7.609563159942627,7.775171971321106,-1.2999865116144633,1453102,0.9696636043996816,19300,231,persistence,0.8129819942359404,0.7454461693763733,0.8815304040908813,1119697.0
UC1,m105,all,all,clim,8.220044198581856,8.134103536605835,8.3098384141922,-1.2753752143362718,1340767,0.8947017909824279,17984,231,persistence,1.4964945182605058,1.4218541026115417,1.5709046125411987,1031242.0
UC1,m105,all,all,h5,7.606929044103845,7.527980852127075,7.693045306205749,-1.5835713773791606,1465065,0.9776465854288409,19324,231,persistence,0.7130608150189719,0.6470281481742859,0.7801657676696777,1128759.0
UC1,m105,all,all,lvlh5_naive,7.998306710532522,7.920025062561035,8.084153652191162,-1.0477608347929825,1385199,0.9243515287645564,18289,231,persistence,1.1527575292353367,1.0832939147949219,1.220875871181488,1064859.0
UC1,m105,all,all,lvlh5_tft,7.520152337558614,7.433042502403259,7.615802371501923,-1.1932832348457758,1021768,0.6818318615900699,13654,231,persistence,0.7469558120832129,0.6774421811103821,0.8144683241844177,789100.0
UC1,m105,all,EU,persistence,5.187540274705951,,,0.8606123407600088,423653,0.747344225741694,6399,231,persistence,,,,
UC1,m105,all,EU,snaive7,6.737472472118263,,,-0.059239585198013416,480422,0.8474874664389869,6054,231,persistence,1.4422037542860464,,,361347.0
UC1,m105,all,EU,wt_med,6.00788634944605,,,-1.4952881557740056,550952,0.971905771612234,6334,231,persistence,0.7474174231055032,,,411798.0
UC1,m105,all,EU,clim,6.496693744604034,,,-2.196817361274625,509640,0.8990294207924809,6206,231,persistence,1.1966017385115368,,,382166.0
UC1,m105,all,EU,h5,5.94026615841317,,,-1.8002796518688435,555825,0.9805019774978038,6339,231,persistence,0.6672464123067147,,,415448.0
UC1,m105,all,EU,lvlh5_naive,6.227662961706926,,,-1.177744365148689,523027,0.9226447313178497,6048,231,persistence,0.93046745623683,,,391678.0
UC1,m105,all,EU,lvlh5_tft,5.810263432788353,,,-1.061015538408954,399040,0.7039257124107833,4376,231,persistence,0.4837883087541283,,,298866.0
UC1,m105,all,NA,persistence,8.488459531989491,,,-0.750231467338431,425546,0.7789018213899378,7705,231,persistence,,,,
UC1,m105,all,NA,snaive7,10.397659166999627,,,0.33909012000385774,435486,0.7970955868221495,7288,231,persistence,2.3606158384269422,,,343077.0
UC1,m105,all,NA,wt_med,8.682551334847386,,,-1.0365134709801445,530585,0.9711608683953794,7638,231,persistence,0.6235093244202727,,,414074.0
UC1,m105,all,NA,clim,9.184042424486833,,,-0.10113320159696737,495940,0.9077480913934703,7333,231,persistence,1.2172790905660182,,,386878.0
UC1,m105,all,NA,h5,8.581903238430042,,,-1.3161705989703971,535352,0.9798861882963205,7643,231,persistence,0.5093314829092163,,,417652.0
UC1,m105,all,NA,lvlh5_naive,8.996781527886945,,,-0.893575107508766,509475,0.9325219963356219,7372,231,persistence,0.9493478906682782,,,396095.0
UC1,m105,all,NA,lvlh5_tft,8.472047927350745,,,-1.0983226042856242,372964,0.6826579004687549,5265,231,persistence,0.7841088294063264,,,291284.0
UC1,m105,all,Asia,persistence,8.059895057626653,,,0.013335471896982334,305501,0.7928007183192161,5496,231,persistence,,,,
UC1,m105,all,Asia,snaive7,9.886270680006367,,,-0.033764587746904884,326644,0.8476685766483972,4797,231,persistence,2.535148681416853,,,258573.0
UC1,m105,all,Asia,wt_med,8.75847159985467,,,-1.3866281808028205,371565,0.9642423393124065,5328,231,persistence,1.1718863268952608,,,293825.0
UC1,m105,all,Asia,clim,9.414013669981234,,,-1.611754035806878,335187,0.8698383781763827,4445,231,persistence,2.3455899739891226,,,262198.0
UC1,m105,all,Asia,h5,8.688585886682644,,,-1.6442891989044848,373888,0.9702707191496429,5342,231,persistence,1.065228227451219,,,295659.0
UC1,m105,all,Asia,lvlh5_naive,9.181748958256096,,,-1.0777267190414226,352697,0.9152782967945524,4869,231,persistence,1.7577526282303362,,,277086.0
UC1,m105,all,Asia,lvlh5_tft,8.83055448441842,,,-1.5464045741996701,249764,0.6481585284836406,4013,231,persistence,1.0878944376273467,,,198950.0
UC1,m105,busy,all,persistence,13.153128630886469,13.047760105133056,13.261046552658081,0.4673554327607556,366646,0.7841252732117728,16487,231,persistence,,,,
UC1,m105,busy,all,snaive7,16.794984375922745,16.610236263275148,16.96689682006836,0.6930850940910946,389463,0.8329227136826167,15317,231,persistence,4.073286583795449,3.8774866104125976,4.255093264579773,306741.0
UC1,m105,busy,all,wt_med,14.694006143506,14.564309740066529,14.838212943077087,-0.7333088293208013,457068,0.977505742259178,16351,231,persistence,1.7999754642963683,1.650178599357605,1.953543519973755,358661.0
UC1,m105,busy,all,clim,15.768287304999724,15.615556049346925,15.929046559333802,-0.7177004767006276,417243,0.8923342443956833,15187,231,persistence,3.1164632985550327,2.955918788909912,3.2848045110702513,325682.0
UC1,m105,busy,all,h5,14.511823773786606,14.38361723423004,14.653584742546082,-1.2654917129832826,460238,0.9842852437840311,16371,231,persistence,1.583633438488425,1.4401262044906615,1.732016134262085,361054.0
UC1,m105,busy,all,lvlh5_naive,14.863853274037698,14.733288526535034,15.013851594924926,-0.7827223687959883,436715,0.9339779206391979,15556,231,persistence,2.0533243463154722,1.904542326927185,2.210323429107666,341097.0
UC1,m105,busy,all,lvlh5_tft,13.820168256580704,13.665204787254334,13.971876764297486,-1.8007510464907939,310005,0.6629903376063441,11604,231,persistence,0.9809815578730436,0.8249486207962036,1.1310290098190308,244208.0
UC1,m105,busy,EU,persistence,10.55497862337092,,,2.827204505237597,77421,0.7391590765881881,4696,231,persistence,,,,
UC1,m105,busy,EU,snaive7,13.700654182053277,,,0.8170372237258791,91259,0.8712741784575433,4463,231,persistence,2.851451513279802,,,67998.0
UC1,m105,busy,EU,wt_med,12.868374755790558,,,-0.45855972318070043,102883,0.9822516278092838,4658,231,persistence,2.0058589126489386,,,76038.0
UC1,m105,busy,EU,clim,13.65609693219902,,,-2.3996700180458883,96975,0.925846365354872,4515,231,persistence,2.796458148065807,,,71968.0
UC1,m105,busy,EU,h5,12.667263170613824,,,-1.160253745770904,103450,0.9876649290637949,4661,231,persistence,1.7503620464203988,,,76475.0
UC1,m105,busy,EU,lvlh5_naive,12.554847390718386,,,-0.528772744447607,99225,0.9473277195394397,4458,231,persistence,1.6887017126538557,,,73390.0
UC1,m105,busy,EU,lvlh5_tft,11.291421308988365,,,-1.3725260934250225,71430,0.681961390846079,3289,231,persistence,0.21861744060584556,,,52739.0
UC1,m105,busy,NA,persistence,13.6244739999662,,,-0.8020380916972267,177519,0.7819083569348949,7012,231,persistence,,,,
UC1,m105,busy,NA,snaive7,16.813648165650903,,,0.8054025573335941,184098,0.8108865231045707,6628,231,persistence,3.795515355779482,,,145385.0
UC1,m105,busy,NA,wt_med,14.252536955473106,,,-0.5559212157550457,221821,0.9770429849405152,6977,231,persistence,1.1093090277378308,,,173842.0
UC1,m105,busy,NA,clim,15.026037958806123,,,0.7814995617157496,206487,0.9095021428602891,6669,231,persistence,2.029095407453224,,,161675.0
UC1,m105,busy,NA,h5,14.069165097904193,,,-1.0273395055379924,223637,0.9850418221139658,6982,231,persistence,0.9045588772614909,,,175161.0
UC1,m105,busy,NA,lvlh5_naive,14.413305307426961,,,-0.6634133663720183,213325,0.939621112349306,6739,231,persistence,1.332495140613466,,,166521.0
UC1,m105,busy,NA,lvlh5_tft,13.638839251058458,,,-1.4391675527391778,147800,0.6510066818480132,4783,231,persistence,0.7880299980234005,,,115812.0
UC1,m105,busy,Asia,persistence,14.204805471505559,,,0.8490680894490896,111706,0.8225106950099771,4779,231,persistence,,,,
UC1,m105,busy,Asia,snaive7,19.239636828913465,,,0.4127390321280213,114106,0.8401823121838438,4226,231,persistence,5.395788255960925,,,93358.0
UC1,m105,busy,Asia,wt_med,16.85285273941555,,,-1.244137378743465,132364,0.974619139834034,4716,231,persistence,2.7598109964056223,,,108781.0
UC1,m105,busy,Asia,clim,18.915513134881923,,,-2.004877791546919,113781,0.8377892806915492,4003,231,persistence,5.27674681385065,,,92039.0
UC1,m105,busy,Asia,h5,16.68841015088133,,,-1.7472493635045925,133151,0.9804139576322978,4728,231,persistence,2.5541941225392533,,,109418.0
UC1,m105,busy,Asia,lvlh5_naive,17.48314416720078,,,-1.1906452489801107,124165,0.9142484776638122,4359,231,persistence,3.50404732426825,,,101186.0
UC1,m105,busy,Asia,lvlh5_tft,16.10525579701263,,,-2.726448086138019,90775,0.6683921037323928,3532,231,persistence,1.8077712432935833,,,75657.0
UC1,m120,all,all,persistence,7.484056345433435,7.408833825588227,7.553128898143768,0.23019431726071812,1141175,0.7646330056390575,19588,231,persistence,,,,
UC1,m120,all,all,snaive7,8.87357841883593,8.779604363441468,8.971082210540771,0.0874703382011596,1235596,0.8278988614678703,18148,231,persistence,1.693670240079797,1.6111859321594237,1.7763473391532898,948393.0
UC1,m120,all,all,wt_med,7.725035966348909,7.642725789546967,7.8082599401473995,-1.3100738269370498,1446491,0.969206967344926,19301,231,persistence,0.4414109059076532,0.37832489013671877,0.5039783716201782,1105786.0
UC1,m120,all,all,clim,8.265193933141076,8.179506969451904,8.352480101585389,-1.2718518035665987,1334661,0.8942763834987886,17996,231,persistence,1.140762512332504,1.0704689145088195,1.210615622997284,1017636.0
UC1,m120,all,all,h5,7.642873443748624,7.5620704889297485,7.722827589511871,-1.6311020691036306,1458071,0.9769660316473338,19332,231,persistence,0.3387757618144569,0.2761484861373901,0.39809340238571167,1115265.0
UC1,m120,all,all,lvlh5_naive,7.99826470832761,7.920740020275116,8.077235007286072,-1.100010030463373,1378800,0.9238512832607904,18353,231,persistence,0.7511234737489554,0.6880182504653931,0.8171026110649109,1051920.0
UC1,m120,all,all,lvlh5_tft,7.520936202930602,7.435526025295258,7.615055418014526,-1.2405701977235841,1017461,0.6817396653015716,13659,231,persistence,0.3567120949836058,0.2883856654167175,0.430155074596405,780165.0
UC1,m120,all,EU,persistence,5.372026785007876,,,1.1337524184905743,417099,0.7422892318863019,6392,231,persistence,,,,
UC1,m120,all,EU,snaive7,6.71160073548726,,,-0.06654898870501708,475875,0.8468897988820254,6051,231,persistence,1.1478210572351621,,,354415.0
UC1,m120,all,EU,wt_med,6.002366038959493,,,-1.4935366740618743,545849,0.9714188596374146,6332,231,persistence,0.46523387804004396,,,404805.0
UC1,m120,all,EU,clim,6.492605039689683,,,-2.177920153813592,505547,0.8996955022966352,6207,231,persistence,0.9218939500963581,,,375163.0
UC1,m120,all,EU,h5,5.9434431906268665,,,-1.8019267006867556,550851,0.98032065690352,6340,231,persistence,0.389375,,,409000.0
UC1,m120,all,EU,lvlh5_naive,6.193991910471064,,,-1.185637954606713,518798,0.9232776125671595,6052,231,persistence,0.6281633772141642,,,385651.0
UC1,m120,all,EU,lvlh5_tft,5.763756714357455,,,-1.0813938483173906,395261,0.7034252877245248,4377,231,persistence,0.17206484520695592,,,294387.0
UC1,m120,all,NA,persistence,8.823325346439386,,,-0.6609870102917732,424028,0.7735055364016126,7696,231,wt_med,-0.27121968832314364,,,412671.0
UC1,m120,all,NA,snaive7,10.46100461142129,,,0.3483273284010378,436308,0.7959065287582773,7293,231,wt_med,1.698209665592097,,,433662.0
UC1,m120,all,NA,wt_med,8.762246937326486,,,-1.0725283539139483,532378,0.9711559860632263,7637,231,wt_med,,,,
UC1,m120,all,NA,clim,9.264025576701965,,,-0.16239014722081513,497484,0.9075028730914464,7339,231,wt_med,0.6414024456664259,,,495734.0
UC1,m120,all,NA,h5,8.639834712360567,,,-1.4112453445021809,536731,0.9790966635655521,7644,231,wt_med,-0.12438119625529229,,,532378.0
UC1,m120,all,NA,lvlh5_naive,9.03229221184796,,,-0.9905446046302356,510650,0.9315200933982744,7384,231,wt_med,0.338405941988477,,,507581.0
UC1,m120,all,NA,lvlh5_tft,8.507896041341246,,,-1.1933513313090227,373990,0.6822269651033401,5266,231,wt_med,0.16823503238903997,,,371311.0
UC1,m120,all,Asia,persistence,8.527348957500132,,,0.23356929557937398,300048,0.7847490120282778,5500,231,persistence,,,,
UC1,m120,all,Asia,snaive7,9.91319149199321,,,-0.03781851688089223,323413,0.8458581034604511,4804,231,persistence,2.046159559421939,,,253122.0
UC1,m120,all,Asia,wt_med,8.778979210566332,,,-1.3815469337214608,368264,0.9631619279767961,5332,231,persistence,0.6515642884395269,,,288310.0
UC1,m120,all,Asia,clim,9.469018182914693,,,-1.5549362241051774,331630,0.8673489403660007,4450,231,persistence,1.8661548107703931,,,256778.0
UC1,m120,all,Asia,h5,8.725315393979308,,,-1.695624903843299,370489,0.9689812187294854,5348,231,persistence,0.5593721672864888,,,290137.0
UC1,m120,all,Asia,lvlh5_naive,9.16621844641903,,,-1.13285633995058,349352,0.9136992642847241,4917,231,persistence,1.2105030672058092,,,271646.0
UC1,m120,all,Asia,lvlh5_tft,8.832049421035084,,,-1.5651968722855407,248210,0.6491713068427013,4016,231,persistence,0.5514446547609225,,,195806.0
UC1,m120,busy,all,persistence,13.757528810910172,13.650347208976745,13.856950378417968,0.9048854718164907,363404,0.77753766758384,16459,231,persistence,,,,
UC1,m120,busy,all,snaive7,16.781701803743267,16.596181058883666,16.9561888217926,0.7044499534534457,388858,0.8319989387604894,15324,231,persistence,3.374376977848101,3.1826659440994263,3.568573427200317,303360.0
UC1,m120,busy,all,wt_med,14.725447626054606,14.586749148368835,14.863916540145874,-0.7421877566035381,456687,0.9771255814351553,16341,231,persistence,1.1091978119073218,0.9643952369689941,1.255914855003357,355378.0
UC1,m120,busy,all,clim,15.821028460093244,15.66370885372162,15.968183970451355,-0.7239171799529225,416759,0.8916958008293073,15195,231,persistence,2.465082911621881,2.294829082489014,2.6290634155273436,322693.0
UC1,m120,busy,all,h5,14.513126917052796,14.378544545173645,14.647494697570801,-1.3475335280297591,459690,0.9835507875852094,16366,231,persistence,0.8612927059316711,0.722078013420105,1.0063742399215698,357825.0
UC1,m120,busy,all,lvlh5_naive,14.822189298558058,14.680297327041625,14.965593218803406,-0.8691871107390571,436223,0.9333408932384494,15611,231,persistence,1.2920627500604294,1.131772255897522,1.4534966230392456,338026.0
UC1,m120,busy,all,lvlh5_tft,13.787498294250687,13.631081557273864,13.951402640342712,-1.8757941911434721,310012,0.663300369294233,11607,231,persistence,0.24135374580851554,0.06348321437835694,0.4089152574539184,242182.0
UC1,m120,busy,EU,persistence,11.010894533044562,,,3.635426921309969,76185,0.7338959049793371,4692,231,persistence,,,,
UC1,m120,busy,EU,snaive7,13.645591692141304,,,0.8003266639444672,90613,0.8728819273858721,4463,231,persistence,2.273590690856878,,,66859.0
UC1,m120,busy,EU,wt_med,12.84629387923336,,,-0.4799311082542518,101899,0.9816008245913167,4655,231,persistence,1.4249424795334154,,,74756.0
UC1,m120,busy,EU,clim,13.635131201397265,,,-2.3858693392107124,96188,0.9265863268117408,4517,231,persistence,2.2401613746520272,,,70767.0
UC1,m120,busy,EU,h5,12.625359037754436,,,-1.1173224439437828,102531,0.9876889287056035,4662,231,persistence,1.1453033040613252,,,75271.0
UC1,m120,busy,EU,lvlh5_naive,12.479474840425734,,,-0.48848041984717444,98383,0.9477309289175312,4463,231,persistence,1.0613674507395596,,,72275.0
UC1,m120,busy,EU,lvlh5_tft,11.200930587455868,,,-1.3588157386616324,70754,0.6815786685162173,3291,231,persistence,-0.4333784218135299,,,51926.0
UC1,m120,busy,NA,persistence,14.172422560996282,,,-0.6238685034298048,176978,0.7754744346439166,6994,231,persistence,,,,
UC1,m120,busy,NA,snaive7,16.88375516123621,,,0.836815645783615,184791,0.8097090952111787,6635,231,persistence,3.2274235928640573,,,144620.0
UC1,m120,busy,NA,wt_med,14.365644999977576,,,-0.6114773802636241,222969,0.9769957803688563,6975,231,persistence,0.5586007142980781,,,173317.0
UC1,m120,busy,NA,clim,15.150204779801484,,,0.6580056856509588,207540,0.9093896651900149,6674,231,persistence,1.519094573643411,,,161250.0
UC1,m120,busy,NA,h5,14.131665216113824,,,-1.1964181175904944,224627,0.9842607320161775,6981,231,persistence,0.3037818831533255,,,174622.0
UC1,m120,busy,NA,lvlh5_naive,14.450323386218022,,,-0.8359548342897651,214239,0.9387430494393543,6752,231,persistence,0.708719692803805,,,165996.0
UC1,m120,busy,NA,lvlh5_tft,13.675051868849746,,,-1.6164216438080432,148569,0.6509931250246473,4783,231,persistence,0.17835567909187483,,,115423.0
UC1,m120,busy,Asia,persistence,14.989604593572265,,,1.4720929599695214,110241,0.8144883635020318,4773,231,persistence,,,,
UC1,m120,busy,Asia,snaive7,19.120216122833924,,,0.41228162955911646,113454,0.838226819357222,4226,231,persistence,4.406689086971191,,,91881.0
UC1,m120,busy,Asia,wt_med,16.786673393061697,,,-1.1660117282030664,131819,0.9739120797931289,4711,231,persistence,1.7785424723917804,,,107305.0
UC1,m120,busy,Asia,clim,18.912922118710796,,,-1.8470109969831285,113031,0.8351015884743258,4004,231,persistence,4.322880365256518,,,90676.0
UC1,m120,busy,Asia,h5,16.620099768357832,,,-1.7817560098693146,132532,0.9791799039527151,4723,231,persistence,1.5652164094059222,,,107932.0
UC1,m120,busy,Asia,lvlh5_naive,17.33148499785054,,,-1.2298210541880252,123601,0.9131954192833395,4396,231,persistence,2.4299116487701404,,,99755.0
UC1,m120,busy,Asia,lvlh5_tft,15.989706549959243,,,-2.704042527898508,90689,0.670033247137052,3533,231,persistence,0.8067135254588956,,,74833.0
UC2-intraday,h2-4,all,all,persistence,8.715401758142356,8.63307719230652,8.79767951965332,0.21245934964315644,7367094,0.62440704547951,19633,231,wt_med,0.6770158929823458,0.6077906489372253,0.74861661195755,7119872.0
UC2-intraday,h2-4,all,all,snaive7,8.733184873649572,8.645433473587037,8.83009922504425,0.08329585422212446,9747652,0.8261741448775375,18263,231,wt_med,1.1642221288462853,1.0991292476654053,1.2325555801391601,9700334.0
UC2-intraday,h2-4,all,all,wt_med,7.592976279130412,7.516131281852722,7.669479429721832,-1.3095280328401075,11427490,0.9685508652593066,19405,231,wt_med,,,,
UC2-intraday,h2-4,all,all,clim,8.118249971005234,8.038369417190552,8.201970100402832,-1.2800983730609157,10519140,0.8915625521250757,18120,231,wt_med,0.5919112852301236,0.5629817485809326,0.6235319256782532,10474062.0
UC2-intraday,h2-4,all,all,h5,7.521470435669347,7.446401381492615,7.595825171470642,-1.595275636828665,11525392,0.9768486687848942,19419,231,wt_med,-0.06786056036802446,-0.07237564325332642,-0.06304672956466675,11427490.0
UC2-intraday,h2-4,all,all,lvlh5_naive,7.881893166267567,7.807801234722137,7.960290741920471,-1.0684171696787685,10902972,0.9240947018547373,18902,231,wt_med,0.3303929540474977,0.29803802967071535,0.35868566036224364,10837896.0
UC2-intraday,h2-4,all,all,lvlh5_tft,7.413876917926357,7.330272519588471,7.4945361614227295,-1.2157502464607424,8078810,0.6847294038993286,13722,231,wt_med,0.04507437949834969,-0.0006815791130065913,0.09010552167892455,8018281.0
UC2-intraday,h2-4,all,EU,persistence,6.071840109094008,,,1.4028218776876409,2581260,0.5634510553110882,6400,231,wt_med,0.25226446029512156,,,2497615.0
UC2-intraday,h2-4,all,EU,snaive7,6.547835913224731,,,-0.05962971476982444,3871610,0.8451154630889418,6073,231,wt_med,0.6707076765351981,,,3854812.0
UC2-intraday,h2-4,all,EU,wt_med,5.838424805228438,,,-1.5008164938960786,4448288,0.9709957803273013,6347,231,wt_med,,,,
UC2-intraday,h2-4,all,EU,clim,6.3306191276976795,,,-2.1654962920248164,4099542,0.8948696629522517,6213,231,wt_med,0.42525503595428,,,4076288.0
UC2-intraday,h2-4,all,EU,h5,5.784794355054317,,,-1.7476282126975073,4488440,0.9797603707881037,6348,231,wt_med,-0.04369763996845528,,,4448288.0
UC2-intraday,h2-4,all,EU,lvlh5_naive,6.025604305420154,,,-1.1634888728230688,4238768,0.9252606489926899,6319,231,wt_med,0.1918147969742916,,,4211836.0
UC2-intraday,h2-4,all,EU,lvlh5_tft,5.615107822276309,,,-1.0738732847108805,3232296,0.7055626292112415,4380,231,wt_med,-0.1815171381097547,,,3210764.0
UC2-intraday,h2-4,all,NA,persistence,10.193911350049781,,,-0.8694591985242248,2784164,0.6603398889868958,7700,231,wt_med,1.0613812652474883,,,2703724.0
UC2-intraday,h2-4,all,NA,snaive7,10.483078285909396,,,0.35106169608725657,3350488,0.7946589618901495,7319,231,wt_med,1.727041240873062,,,3328882.0
UC2-intraday,h2-4,all,NA,wt_med,8.754623072273011,,,-1.0290851281108226,4089272,0.9698815940861318,7656,231,wt_med,,,,
UC2-intraday,h2-4,all,NA,clim,9.242378583373384,,,-0.0999870356232264,3818155,0.9055788555684079,7360,231,wt_med,0.6342968223104286,,,3804714.0
UC2-intraday,h2-4,all,NA,h5,8.643587437058642,,,-1.3605041598870937,4129439,0.979408285876176,7662,231,wt_med,-0.11616704024579436,,,4089272.0
UC2-intraday,h2-4,all,NA,lvlh5_naive,9.05333170704983,,,-0.9272805052032688,3927527,0.9315193872103208,7528,231,wt_med,0.3754342591851888,,,3898813.0
UC2-intraday,h2-4,all,NA,lvlh5_tft,8.525419916365264,,,-1.149130436530694,2893466,0.6862638182331778,5276,231,wt_med,0.19209626167004362,,,2866857.0
UC2-intraday,h2-4,all,Asia,persistence,10.067925781972054,,,0.1822862909470592,2001670,0.6669734406175819,5533,231,wt_med,0.6882993412153974,,,1918533.0
UC2-intraday,h2-4,all,Asia,snaive7,9.761799589317828,,,-0.05283038889685194,2525554,0.8415360378311593,4871,231,wt_med,1.175684643016085,,,2516640.0
UC2-intraday,h2-4,all,Asia,wt_med,8.64990864830636,,,-1.411918454772261,2889930,0.9629492150274364,5402,231,wt_med,,,,
UC2-intraday,h2-4,all,Asia,clim,9.285436967098645,,,-1.6168814769341477,2601443,0.8668228970212494,4547,231,wt_med,0.7917038171118292,,,2593060.0
UC2-intraday,h2-4,all,Asia,h5,8.608740786369657,,,-1.6935208028304602,2907513,0.9688080199285335,5409,231,wt_med,-0.03669900741540452,,,2889930.0
UC2-intraday,h2-4,all,Asia,lvlh5_naive,9.07586721740825,,,-1.1237145860066389,2736677,0.9118840141227087,5055,231,wt_med,0.48001667524576475,,,2727247.0
UC2-intraday,h2-4,all,Asia,lvlh5_tft,8.744075806674738,,,-1.5492548458946975,1953048,0.65077217735755,4066,231,wt_med,0.2027739123296378,,,1940660.0
UC2-intraday,h2-4,busy,all,persistence,15.811285718638365,15.689842891693115,15.92537612915039,0.9940957789368813,2395913,0.6642050083874175,16520,231,wt_med,0.9699250788677265,0.8157538175582886,1.1255937337875366,2338726.0
UC2-intraday,h2-4,busy,all,snaive7,16.75431178819157,16.591772699356078,16.940513324737548,0.7049518199046266,2989305,0.8287076169283062,15445,231,wt_med,2.1288093750629766,1.973570966720581,2.2767507791519166,2977260.0
UC2-intraday,h2-4,busy,all,wt_med,14.66742677076998,14.53376202583313,14.81961395740509,-0.7637123972780493,3521886,0.9763519460721354,16453,231,wt_med,,,,
UC2-intraday,h2-4,busy,all,clim,15.724388754562948,15.573758196830749,15.883108186721802,-0.7838840696922298,3204891,0.8884732682429448,15314,231,wt_med,1.1453469636767508,1.0722035408020019,1.2177525997161864,3196300.0
UC2-intraday,h2-4,busy,all,h5,14.48976495816215,14.354658007621765,14.63408350944519,-1.325010546469138,3548581,0.983752445463767,16465,231,wt_med,-0.1763244359698195,-0.18749945163726806,-0.16506352424621581,3521886.0
UC2-intraday,h2-4,busy,all,lvlh5_naive,14.826327681597835,14.685144424438477,14.980322909355163,-0.8306350141108938,3363784,0.9325222493193454,15986,231,wt_med,0.24147259907183383,0.17023870944976807,0.3162785291671753,3345550.0
UC2-intraday,h2-4,busy,all,lvlh5_tft,13.79083408438813,13.647148323059081,13.950875282287598,-1.8488677257023987,2406106,0.6670307544184683,11685,231,wt_med,-0.5630839352999075,-0.676334547996521,-0.4425145864486695,2389884.0
UC2-intraday,h2-4,busy,EU,persistence,12.124333448826617,,,4.377166555398747,473332,0.5702348611253335,4706,231,persistence,,,,
UC2-intraday,h2-4,busy,EU,snaive7,13.541140031320458,,,0.8149885602585604,720296,0.8677585490292928,4490,231,persistence,1.0279697284750597,,,413590.0
UC2-intraday,h2-4,busy,EU,wt_med,12.696327714845141,,,-0.5895813526135674,814098,0.9807641570238476,4678,231,persistence,0.02176133137289193,,,463161.0
UC2-intraday,h2-4,busy,EU,clim,13.496111009318396,,,-2.518388781279447,764080,0.9205062254160818,4525,231,persistence,0.9561460100698184,,,435559.0
UC2-intraday,h2-4,busy,EU,h5,12.529033574387727,,,-1.1727686609770023,819732,0.9875515772861162,4681,231,persistence,-0.25375127583498985,,,467341.0
UC2-intraday,h2-4,busy,EU,lvlh5_naive,12.404020792746254,,,-0.5558323006771154,787589,0.9488281038231946,4621,231,persistence,-0.2678518981024267,,,449572.0
UC2-intraday,h2-4,busy,EU,lvlh5_tft,11.163894884568684,,,-1.3920482641528313,567735,0.6839645088035274,3303,231,persistence,-1.6573951831000528,,,322324.0
UC2-intraday,h2-4,busy,NA,persistence,16.28398056377415,,,-0.854403407262062,1165041,0.6693852903593525,7011,231,wt_med,1.5500440080532103,,,1138428.0
UC2-intraday,h2-4,busy,NA,snaive7,16.986877877596058,,,0.8388894576540145,1406556,0.8081500105718935,6668,231,wt_med,2.6836662974877004,,,1398599.0
UC2-intraday,h2-4,busy,NA,wt_med,14.402033119363118,,,-0.5493617101446374,1698523,0.975902403037351,6995,231,wt_med,,,,
UC2-intraday,h2-4,busy,NA,clim,15.154053058847166,,,0.7481476176502837,1577833,0.906558825692459,6694,231,wt_med,1.0074461308255462,,,1574509.0
UC2-intraday,h2-4,busy,NA,h5,14.194530515952449,,,-1.1069411536418972,1713530,0.9845248163708069,7001,231,wt_med,-0.2189888656203066,,,1698523.0
UC2-intraday,h2-4,busy,NA,lvlh5_naive,14.527413178298525,,,-0.7220678046708947,1633453,0.9385158210684047,6871,231,wt_med,0.2890862346620922,,,1622657.0
UC2-intraday,h2-4,busy,NA,lvlh5_tft,13.741327020110383,,,-1.5453062901052674,1139181,0.6545271835556495,4797,231,wt_med,-0.2302619303269319,,,1130211.0
UC2-intraday,h2-4,busy,Asia,persistence,17.38802571481374,,,1.723115611056842,757540,0.7307506800686822,4803,231,wt_med,0.6970949769174523,,,737137.0
UC2-intraday,h2-4,busy,Asia,snaive7,19.058573626620813,,,0.3946162863367627,862453,0.8319535816950592,4287,231,wt_med,2.21848831790093,,,860419.0
UC2-intraday,h2-4,busy,Asia,wt_med,16.704002913010953,,,-1.2649081262106583,1009265,0.9735737850404182,4780,231,wt_med,,,,
UC2-intraday,h2-4,busy,Asia,clim,18.74008201831333,,,-2.0492579185100896,862978,0.8324600158200375,4095,231,wt_med,1.664923815838827,,,861137.0
UC2-intraday,h2-4,busy,Asia,h5,16.571049098854644,,,-1.8159557488828635,1015319,0.9794136939787395,4783,231,wt_med,-0.10934813948764695,,,1009265.0
UC2-intraday,h2-4,busy,Asia,lvlh5_naive,17.367897965346195,,,-1.2483219615811358,942742,0.9094032759053113,4494,231,wt_med,0.5130499339730407,,,939662.0
UC2-intraday,h2-4,busy,Asia,lvlh5_tft,16.004542566489537,,,-2.7143889956974205,699190,0.6744641444639515,3585,231,wt_med,-0.3114854397969566,,,694591.0
UC2-intraday,h4-8,all,all,persistence,11.352104617022315,11.237588739395141,11.474461269378661,0.4360163794547418,7361173,0.4322977243915131,18944,231,wt_med,3.2487787704743685,3.1605977535247805,3.3368160486221314,7051500.0
UC2-intraday,h4-8,all,all,snaive7,9.047471774666441,8.940974497795105,9.147312831878661,0.06831174995888864,13992483,0.821732971020642,18241,231,wt_med,1.2223202481006865,1.147106111049652,1.2910950660705567,13910159.0
UC2-intraday,h4-8,all,all,wt_med,7.880220578827721,7.801403772830963,7.95831845998764,-1.4172898718770113,16444824,0.9657509738215554,19376,231,wt_med,,,,
UC2-intraday,h4-8,all,all,clim,8.420431284326764,8.330041980743408,8.51105489730835,-1.3259618955307697,15077339,0.885443031916165,18067,231,wt_med,0.6148687511774549,0.5857678413391113,0.643344235420227,15005887.0
UC2-intraday,h4-8,all,all,h5,7.791649417220907,7.711435008049011,7.872478818893432,-1.6800392627947454,16605606,0.975193177220812,19392,231,wt_med,-0.08500100852401982,-0.09029408693313598,-0.07992044687271119,16444824.0
UC2-intraday,h4-8,all,all,lvlh5_naive,8.182638703171456,8.097345018386841,8.265446209907532,-1.1104328827700922,15627944,0.9177782709519259,18206,231,wt_med,0.33743904546176573,0.3051947832107544,0.3677498698234558,15520563.0
UC2-intraday,h4-8,all,all,lvlh5_tft,7.722860809967835,7.630017423629761,7.815072846412659,-1.2755391784829428,11747035,0.6898651205246037,13701,231,wt_med,0.05752169550412134,0.00759342908859253,0.10680576562881469,11645850.0
UC2-intraday,h4-8,all,EU,persistence,7.986944839323632,,,2.9262390242663323,2125826,0.3343264343636442,6089,231,wt_med,2.561005032973289,,,2023456.0
UC2-intraday,h4-8,all,EU,snaive7,6.7138177985669385,,,-0.07428980023536773,5370320,0.8445846165169518,6068,231,wt_med,0.6814537704399961,,,5341366.0
UC2-intraday,h4-8,all,EU,wt_med,5.997748678515647,,,-1.616121938468484,6153497,0.9677540451934361,6344,231,wt_med,,,,
UC2-intraday,h4-8,all,EU,clim,6.533163428552842,,,-2.230813764585301,5656894,0.8896538101392554,6211,231,wt_med,0.4516817426252092,,,5621312.0
UC2-intraday,h4-8,all,EU,h5,5.916662522687032,,,-1.8413891526921087,6218861,0.9780337731936324,6345,231,wt_med,-0.06881000957666836,,,6153497.0
UC2-intraday,h4-8,all,EU,lvlh5_naive,6.196421327925878,,,-1.2136425520802832,5847961,0.9197027176390029,6054,231,wt_med,0.19090018833096245,,,5803376.0
UC2-intraday,h4-8,all,EU,lvlh5_tft,5.7572743275349865,,,-1.0984440959630952,4518831,0.7106718309597778,4379,231,wt_med,-0.17520485851512424,,,4482222.0
UC2-intraday,h4-8,all,NA,persistence,12.169725006425084,,,-0.8800324773648809,3054435,0.4784552700984077,7477,231,wt_med,3.2995605994343067,,,2954252.0
UC2-intraday,h4-8,all,NA,snaive7,10.928828575217564,,,0.3388903800325105,5037148,0.7890329985302206,7318,231,wt_med,1.8108715370217887,,,4998732.0
UC2-intraday,h4-8,all,NA,wt_med,9.150686445532601,,,-1.145172064482512,6179660,0.9679992844556607,7652,231,wt_med,,,,
UC2-intraday,h4-8,all,NA,clim,9.635117431963387,,,-0.1802681650612439,5751756,0.9009712010634167,7356,231,wt_med,0.6530757269712091,,,5729491.0
UC2-intraday,h4-8,all,NA,h5,9.032521287701456,,,-1.4771059370270112,6247504,0.9786265590071102,7660,231,wt_med,-0.12666927670778003,,,6179660.0
UC2-intraday,h4-8,all,NA,lvlh5_naive,9.470100980061158,,,-0.9804329063599198,5910066,0.9257693237307116,7313,231,wt_med,0.3897735510299803,,,5861946.0
UC2-intraday,h4-8,all,NA,lvlh5_tft,8.942256721989677,,,-1.2479355149057632,4425533,0.6932279085475437,5276,231,wt_med,0.190957802470051,,,4379662.0
UC2-intraday,h4-8,all,Asia,persistence,13.487163626959731,,,-0.14814031927927399,2180912,0.5089011119272939,5378,231,wt_med,3.847516530105237,,,2073792.0
UC2-intraday,h4-8,all,Asia,snaive7,9.899852022934352,,,-0.09825063493458186,3585015,0.8365390807955698,4855,231,wt_med,1.207462141403186,,,3570061.0
UC2-intraday,h4-8,all,Asia,wt_med,8.788061144056657,,,-1.528700403023883,4111667,0.9594297744130718,5380,231,wt_med,,,,
UC2-intraday,h4-8,all,Asia,clim,9.426102757688101,,,-1.7269497359956105,3668689,0.8560638445821895,4500,231,wt_med,0.8059501505300563,,,3655084.0
UC2-intraday,h4-8,all,Asia,h5,8.735767167217372,,,-1.7439191448383895,4139241,0.9658639814146762,5387,231,wt_med,-0.046606735175781504,,,4111667.0
UC2-intraday,h4-8,all,Asia,lvlh5_naive,9.217889515793566,,,-1.1530028706105742,3869917,0.9030190417432421,4839,231,wt_med,0.4784517709860003,,,3855241.0
UC2-intraday,h4-8,all,Asia,lvlh5_tft,8.966558797095383,,,-1.60466224462947,2802671,0.6539843828024152,4046,231,wt_med,0.22229634911075297,,,2783966.0
UC2-intraday,h4-8,busy,all,persistence,19.674741411447553,19.510365104675294,19.850068473815917,1.6853551419591206,2631497,0.4943856216002143,15872,231,wt_med,5.319916510129678,5.1417535781860355,5.497793436050415,2557436.0
UC2-intraday,h4-8,busy,all,snaive7,17.000571883995494,16.825134229660033,17.176441764831544,0.6822790237962981,4389002,0.8245722803311514,15422,231,wt_med,2.213628061985549,2.0604449987411497,2.37780601978302,4368244.0
UC2-intraday,h4-8,busy,all,wt_med,14.8782627004317,14.746854329109192,15.01567714214325,-0.9042611971939563,5188800,0.9748322393524265,16424,231,wt_med,,,,
UC2-intraday,h4-8,busy,all,clim,15.936073727108111,15.786716723442078,16.09475984573364,-0.8326623817370705,4701283,0.8832412570766831,15266,231,wt_med,1.1565053524748201,1.0840293169021606,1.2274434566497803,4687271.0
UC2-intraday,h4-8,busy,all,h5,14.678702721081155,14.546271467208863,14.817197108268738,-1.4128157421833123,5233067,0.9831487862880212,16436,231,wt_med,-0.20093395871877995,-0.21369149684906005,-0.188135027885437,5188800.0
UC2-intraday,h4-8,busy,all,lvlh5_naive,15.040055110288074,14.902723360061646,15.178668856620789,-0.8733154012051176,4934967,0.9271440278562145,15501,231,wt_med,0.23759010096721056,0.15862371921539306,0.3155973672866821,4904705.0
UC2-intraday,h4-8,busy,all,lvlh5_tft,14.07122705677619,13.923691487312317,14.23176109790802,-1.9074645354893838,3579271,0.6724461848942335,11660,231,wt_med,-0.5259770786269264,-0.6488972187042237,-0.40454707145690916,3552280.0
UC2-intraday,h4-8,busy,EU,persistence,15.654676017663704,,,8.289141326407142,417353,0.3585282022691017,4351,231,wt_med,4.868242013710941,,,403911.0
UC2-intraday,h4-8,busy,EU,snaive7,13.5891766256434,,,0.8311485920886245,1010646,0.8681981284678881,4485,231,wt_med,0.9484453514469007,,,1006980.0
UC2-intraday,h4-8,busy,EU,wt_med,12.740335447820204,,,-0.7057591945035055,1138180,0.9777565496321966,4674,231,wt_med,,,,
UC2-intraday,h4-8,busy,EU,clim,13.59455235230404,,,-2.4882604604525955,1069122,0.9184320914581817,4522,231,wt_med,0.8805086714116586,,,1063437.0
UC2-intraday,h4-8,busy,EU,h5,12.516817655415952,,,-1.2685103583051107,1148016,0.9862061915360978,4676,231,wt_med,-0.22447520383419142,,,1138180.0
UC2-intraday,h4-8,busy,EU,lvlh5_naive,12.397468693583075,,,-0.6116398977569694,1099035,0.9441289334947207,4480,231,wt_med,-0.2412530314357408,,,1091322.0
UC2-intraday,h4-8,busy,EU,lvlh5_tft,11.173929859968721,,,-1.4257287079306702,796799,0.6844922955862733,3299,231,wt_med,-1.5684031119621304,,,791915.0
UC2-intraday,h4-8,busy,NA,persistence,19.242933609936337,,,-0.6273896507429126,1310181,0.49435531766053575,6855,231,wt_med,5.0953490687241665,,,1275723.0
UC2-intraday,h4-8,busy,NA,snaive7,17.531041166091004,,,0.829585429493918,2130880,0.8040201005025126,6665,231,wt_med,2.7820570476234567,,,2116898.0
UC2-intraday,h4-8,busy,NA,wt_med,14.909974003248141,,,-0.6739335621357212,2583015,0.9746189273443354,6994,231,wt_med,,,,
UC2-intraday,h4-8,busy,NA,clim,15.669508941138776,,,0.6582071877963317,2390691,0.9020515552684583,6693,231,wt_med,1.0374140090963366,,,2385136.0
UC2-intraday,h4-8,busy,NA,h5,14.693630902612854,,,-1.2255093823065661,2608527,0.9842450727884806,7001,231,wt_med,-0.23232346695625075,,,2583015.0
UC2-intraday,h4-8,busy,NA,lvlh5_naive,15.055587069234718,,,-0.755581786052212,2474656,0.9337330895353777,6688,231,wt_med,0.3081966278400518,,,2456426.0
UC2-intraday,h4-8,busy,NA,lvlh5_tft,14.28770608841722,,,-1.634224798251097,1755274,0.6622970687647579,4796,231,wt_med,-0.20988814402156158,,,1739585.0
UC2-intraday,h4-8,busy,Asia,persistence,22.156626985839022,,,1.9884696608157635,903963,0.5992832173279493,4666,231,wt_med,5.854116873736902,,,877802.0
UC2-intraday,h4-8,busy,Asia,snaive7,18.858200077596685,,,0.3100500530671532,1247476,0.827015520346962,4272,231,wt_med,2.270450173019835,,,1244366.0
UC2-intraday,h4-8,busy,Asia,wt_med,16.48048895990406,,,-1.4635879545245485,1467605,0.9729502713790111,4756,231,wt_med,,,,
UC2-intraday,h4-8,busy,Asia,clim,18.465853786237282,,,-2.277862131183194,1241470,0.8230338363584895,4051,231,wt_med,1.6227643864767682,,,1238698.0
UC2-intraday,h4-8,busy,Asia,h5,16.333222445080473,,,-1.8559230581419603,1476524,0.9788631317674872,4759,231,wt_med,-0.1274307034249679,,,1467605.0
UC2-intraday,h4-8,busy,Asia,lvlh5_naive,17.14532891742513,,,-1.298608092820899,1361276,0.9024593494991736,4333,231,wt_med,0.4948807421298367,,,1356957.0
UC2-intraday,h4-8,busy,Asia,lvlh5_tft,15.948745795455897,,,-2.748059272048598,1027198,0.6809819896089053,3565,231,wt_med,-0.255939222396226,,,1020780.0
UC2-intraday,h8+,all,all,persistence,14.187237366182575,13.966234874725341,14.398479914665222,1.4268791776137242,1569676,0.20185897767287517,8753,231,wt_med,6.713196611199972,6.5595850348472595,6.865096640586853,1483593.0
UC2-intraday,h8+,all,all,snaive7,8.804536081400979,8.69630687236786,8.91837375164032,-0.007233180987634118,6147641,0.7905813221071432,17663,231,wt_med,1.3139264577570664,1.2400837302207948,1.392329454421997,6073217.0
UC2-intraday,h8+,all,all,wt_med,7.579320596731614,7.480284345149994,7.676982855796814,-1.5736246829276916,7354395,0.9457688440815205,18867,231,wt_med,,,,
UC2-intraday,h8+,all,all,clim,8.103871070473764,7.995991909503937,8.206889533996582,-1.4560483523817722,6562655,0.8439517640072108,17530,231,wt_med,0.5599195367185645,0.5289994955062867,0.5907975316047669,6517507.0
UC2-intraday,h8+,all,all,h5,7.478509765347255,7.378095316886902,7.572939765453339,-1.9309326453189728,7524310,0.9676197663045057,18902,231,wt_med,-0.10345279081420067,-0.113358473777771,-0.09364951848983764,7354395.0
UC2-intraday,h8+,all,all,lvlh5_naive,7.938312613992435,7.840612089633941,8.035982632637024,-1.3499826678876137,7125143,0.9162872349153857,17722,231,wt_med,0.3873306857439198,0.3552504897117615,0.4221306800842285,6989876.0
UC2-intraday,h8+,all,all,lvlh5_tft,7.725043947182262,7.607727921009063,7.8403837323188785,-1.4477233995560905,5509134,0.708469873466166,13341,231,wt_med,0.2886722435806588,0.23859703540802002,0.34532837867736815,5391000.0
UC2-intraday,h8+,all,EU,persistence,10.750419512856586,,,4.44101959986666,353982,0.1446852445427591,1643,231,wt_med,5.927013946475688,,,331625.0
UC2-intraday,h8+,all,EU,snaive7,6.302369364407162,,,-0.12949385135087682,1993446,0.8147934697040669,5864,231,wt_med,0.7461090700916476,,,1966882.0
UC2-intraday,h8+,all,EU,wt_med,5.541700883454692,,,-1.798666684019079,2305155,0.9422002104173769,6165,231,wt_med,,,,
UC2-intraday,h8+,all,EU,clim,6.251860143069589,,,-2.217418936008098,2013286,0.822902795183126,6002,231,wt_med,0.4976900803591762,,,1997905.0
UC2-intraday,h8+,all,EU,h5,5.4682662900236085,,,-2.0563644645095294,2365635,0.9669205735712831,6178,231,wt_med,-0.05523240302712833,,,2305155.0
UC2-intraday,h8+,all,EU,lvlh5_naive,5.814474199106621,,,-1.4221316981411785,2251010,0.9200691908577164,5880,231,wt_med,0.2666352903092067,,,2200509.0
UC2-intraday,h8+,all,EU,lvlh5_tft,5.531985707398558,,,-1.1959321728245687,1811432,0.7403977656846371,4274,231,wt_med,0.15358651445585167,,,1771863.0
UC2-intraday,h8+,all,NA,persistence,12.156316812373635,,,0.37654255125180136,740413,0.22186547109926358,4054,231,wt_med,4.644070861465806,,,710626.0
UC2-intraday,h8+,all,NA,snaive7,10.404012728530612,,,0.2064222649611053,2548291,0.7635978612112612,7130,231,wt_med,1.7854820415577983,,,2511827.0
UC2-intraday,h8+,all,NA,wt_med,8.673629971364837,,,-1.352598474578998,3169879,0.9498573062097269,7505,231,wt_med,,,,
UC2-intraday,h8+,all,NA,clim,9.062669735493524,,,-0.6011015508103457,2919248,0.8747554848112918,7196,231,wt_med,0.5514870265191336,,,2901226.0
UC2-intraday,h8+,all,NA,h5,8.553087938736693,,,-1.8263612561785734,3254999,0.9753635964828168,7515,231,wt_med,-0.15321028420958654,,,3169879.0
UC2-intraday,h8+,all,NA,lvlh5_naive,9.053689442495694,,,-1.2467588202242774,3115284,0.9334978616907027,7163,231,wt_med,0.40882934801767573,,,3045912.0
UC2-intraday,h8+,all,NA,lvlh5_tft,8.746015704370734,,,-1.5088929029442195,2376270,0.7120516022936484,5189,231,wt_med,0.2994699814046879,,,2313041.0
UC2-intraday,h8+,all,Asia,persistence,19.91078120101582,,,0.818252780986406,475281,0.23855655717956956,3056,231,wt_med,10.635534347512813,,,441342.0
UC2-intraday,h8+,all,Asia,snaive7,9.372441939244188,,,-0.19450228656258406,1605904,0.8060472213299068,4669,231,wt_med,1.2715082019030322,,,1594508.0
UC2-intraday,h8+,all,Asia,wt_med,8.232841109291934,,,-1.6703967465537488,1879361,0.9433027826855124,5197,231,wt_med,,,,
UC2-intraday,h8+,all,Asia,clim,8.674170199635487,,,-2.046768307383317,1630121,0.8182023972052682,4332,231,wt_med,0.6518593330598081,,,1618376.0
UC2-intraday,h8+,all,Asia,h5,8.139205936304288,,,-1.9538639978651828,1903676,0.9555071474461934,5209,231,wt_med,-0.07867321658797857,,,1879361.0
UC2-intraday,h8+,all,Asia,lvlh5_naive,8.68088114743969,,,-1.4404756052875556,1758849,0.8828145077096049,4679,231,wt_med,0.5021075343055784,,,1743455.0
UC2-intraday,h8+,all,Asia,lvlh5_tft,8.895343528207716,,,-1.6828830064103406,1321432,0.6632629296498554,3878,231,wt_med,0.452808566615133,,,1306096.0
UC2-intraday,h8+,busy,all,persistence,23.263881575279242,22.953945112228393,23.573141288757324,4.434778433765542,645676,0.24357346915910275,7933,231,wt_med,10.884440163318867,10.579204154014587,11.17146918773651,621851.0
UC2-intraday,h8+,busy,all,snaive7,15.985793674343293,15.816637802124024,16.185972738265992,0.3983862114600506,2109694,0.7958565696171828,14934,231,wt_med,2.32077076648466,2.166949200630188,2.475733160972595,2090231.0
UC2-intraday,h8+,busy,all,wt_med,13.775587910997203,13.626912951469421,13.930766654014587,-1.4524010747003202,2543965,0.959680056978015,16006,231,wt_med,,,,
UC2-intraday,h8+,busy,all,clim,14.70457721215544,14.546070289611816,14.872653770446778,-1.3463341095321075,2259301,0.8522940026338751,14851,231,wt_med,1.007383738791349,0.9364612340927124,1.0745890140533447,2249267.0
UC2-intraday,h8+,busy,all,h5,13.55732697737392,13.4127849817276,13.716913414001464,-2.1252112381386845,2595412,0.979087816082935,16038,231,wt_med,-0.23762040751346802,-0.2612725019454956,-0.21514635086059572,2543965.0
UC2-intraday,h8+,busy,all,lvlh5_naive,14.003075059630433,13.849958491325378,14.171202850341796,-1.5210798118229116,2460985,0.9283768546430632,15132,231,wt_med,0.2697861915736315,0.19594805240631102,0.33926901817321775,2419585.0
UC2-intraday,h8+,busy,all,lvlh5_tft,13.59081707588441,13.405491042137147,13.77789397239685,-2.2813615919779537,1823394,0.6878533540411801,11335,231,wt_med,-0.10623665634983581,-0.22181363105773924,0.013739466667175267,1789219.0
UC2-intraday,h8+,busy,EU,persistence,19.37627275228997,,,12.44947320831859,101748,0.2059042561802846,1287,231,wt_med,10.572730594348814,,,98528.0
UC2-intraday,h8+,busy,EU,snaive7,12.277412749758472,,,0.5233428342089199,416102,0.842052647768298,4290,231,wt_med,1.1965070953791554,,,412522.0
UC2-intraday,h8+,busy,EU,wt_med,11.166088499688382,,,-1.5258104724983363,473335,0.9578732859525004,4504,231,wt_med,,,,
UC2-intraday,h8+,busy,EU,clim,12.280589084488277,,,-2.6537732504385345,431551,0.8733163075329049,4355,231,wt_med,0.9485995162856716,,,428352.0
UC2-intraday,h8+,busy,EU,h5,11.017978852057428,,,-2.1199951936494155,483735,0.9789194417911897,4517,231,wt_med,-0.17020965595191567,,,473335.0
UC2-intraday,h8+,busy,EU,lvlh5_naive,11.044226882603342,,,-1.3708997320228706,466681,0.9444077935534005,4319,231,wt_med,-0.08598932581334325,,,457549.0
UC2-intraday,h8+,busy,EU,lvlh5_tft,10.483683386054397,,,-1.8930494365021941,337191,0.6823629166734122,3188,231,wt_med,-0.6927553167287744,,,331448.0
UC2-intraday,h8+,busy,NA,persistence,18.908643751270002,,,0.6453413925344876,310039,0.21958307128328036,3920,231,wt_med,6.731728368164373,,,298345.0
UC2-intraday,h8+,busy,NA,snaive7,16.607172691788566,,,0.5510113814613504,1096520,0.7766030380808304,6551,231,wt_med,2.7050528274070693,,,1082582.0
UC2-intraday,h8+,busy,NA,wt_med,14.06076699351652,,,-1.148674634078851,1351589,0.9572539704124243,6917,231,wt_med,,,,
UC2-intraday,h8+,busy,NA,clim,14.698682096360692,,,-0.07562549100114123,1237268,0.876286878233131,6613,231,wt_med,0.8983612423303674,,,1232458.0
UC2-intraday,h8+,busy,NA,h5,13.83066960518118,,,-1.922626206803945,1385167,0.9810353668417444,6927,231,wt_med,-0.27889298263007467,,,1351589.0
UC2-intraday,h8+,busy,NA,lvlh5_naive,14.287776836949044,,,-1.2663242876621774,1330260,0.9421478472234026,6621,231,wt_med,0.3085953929527611,,,1302663.0
UC2-intraday,h8+,busy,NA,lvlh5_tft,13.839135759247656,,,-2.0659419379033137,965124,0.68354269007836,4739,231,wt_med,-0.015315489771935177,,,941728.0
UC2-intraday,h8+,busy,Asia,persistence,30.72831984402858,,,5.971379586042952,233889,0.3140499307822346,2726,231,wt_med,16.527893838508653,,,224978.0
UC2-intraday,h8+,busy,Asia,snaive7,17.42902028566069,,,0.031007985636573143,597072,0.8017068792119783,4093,231,wt_med,2.4010337289351686,,,595127.0
UC2-intraday,h8+,busy,Asia,wt_med,14.95733205756,,,-1.974994471803416,719041,0.9654783947923534,4585,231,wt_med,,,,
UC2-intraday,h8+,busy,Asia,clim,16.488489911631515,,,-3.05338096673565,590482,0.7928582841782018,3883,231,wt_med,1.2785097296828825,,,588457.0
UC2-intraday,h8+,busy,Asia,h5,14.726954893945026,,,-2.5149337242433,726510,0.9755072500741858,4594,231,wt_med,-0.20441549925525804,,,719041.0
UC2-intraday,h8+,busy,Asia,lvlh5_naive,15.512178130823491,,,-2.1369686285146083,664044,0.8916322368147206,4192,231,wt_med,0.4399924655774943,,,659373.0
UC2-intraday,h8+,busy,Asia,lvlh5_tft,15.141520894394086,,,-2.93163159371696,521079,0.6996687483467628,3408,231,wt_med,0.10455474782811355,,,516043.0
