uc,lead,segment,region,metric,model,value,lo,hi,n,lower,n_park_days,n_origin_days,ref,diff_vs_ref,diff_lo,diff_hi,diff_lo_park,diff_hi_park,n_paired,paired_share,wins
UC2,0,all,all,MAE,chronos2,5.635748661934564,5.212193703651428,6.104184639453888,162456.0,True,186,7,wt_med,-1.2255405088917666,-1.6399255871772767,-0.8400047063827515,-1.863565492630005,-0.6222333073616028,161524.0,0.9996905442707367,True
UC2,0,all,all,MAE,chronos2_grid,5.498741563137146,5.051326513290405,5.982791483402252,162456.0,True,186,7,wt_med,-1.360580971852026,-1.8121750712394715,-0.9586990833282472,-2.096212887763977,-0.6587146997451786,161524.0,0.9996905442707367,True
UC2,0,all,all,MAE,chronos2_nocov,5.89946132033334,5.408691549301148,6.4102987408638,162456.0,True,186,7,wt_med,-0.9608380556555289,-1.3909892559051513,-0.5714967370033265,-1.6260544419288636,-0.38507162332534794,161524.0,0.9996905442707367,True
UC2,0,all,all,MAE,chronos2_owx,5.5277180489652205,5.1062058210372925,5.98825112581253,162456.0,True,186,7,wt_med,-1.3339211613464572,-1.7540504217147828,-0.9517402648925781,-1.9570313215255737,-0.7530327081680298,161524.0,0.9996905442707367,True
UC2,0,all,all,MAE,clim,7.213026762532454,6.5716660737991335,7.873236584663391,160224.0,True,185,7,wt_med,0.3888489523428511,0.09776782989501953,0.6851532340049743,-0.07267681360244749,0.8163108825683594,159976.0,0.9901097948927426,False
UC2,0,all,all,MAE,h5,6.6906387052937175,6.160158312320709,7.255745053291321,161890.0,True,186,7,wt_med,-0.1546296124376445,-0.21282036304473878,-0.10558748245239258,-0.2657615184783936,-0.0715351939201355,161574.0,1.0,True
UC2,0,all,all,MAE,lvlh5_cbd,8.67386571419443,7.7548665523529055,9.639245676994323,136681.0,True,150,7,wt_med,1.8416126478109112,1.171674335002899,2.477623891830444,0.8390747547149658,3.028476595878601,136545.0,0.8450926510453415,False
UC2,0,all,all,MAE,lvlh5_naive,6.925884928366404,6.397943961620331,7.480153274536133,160589.0,True,186,7,wt_med,0.08014051409937117,-0.13074742555618285,0.2955078959465027,-0.18102041482925416,0.3201745748519897,160331.0,0.9923069305705126,False
UC2,0,all,all,MAE,lvlh5_tft,6.487490771316649,5.917577922344208,7.113310110569,158781.0,True,182,7,wt_med,-0.3762756216153278,-0.7715462565422058,0.009231221675872727,-0.8751727223396301,0.08757718801498393,158472.0,0.9808013665565004,False
UC2,0,all,all,MAE,oracle_level,4.6602036703448135,4.335657179355621,5.017824292182922,161237.0,True,184,7,wt_med,-2.1740719964958597,-2.5999101281166075,-1.805130970478058,-2.8828510284423827,-1.5340244054794316,160951.0,0.9961441816133784,True
UC2,0,all,all,MAE,oracle_shape,5.790657644522062,5.281342816352844,6.370862531661987,160094.0,True,184,7,wt_med,-1.0474064161476013,-1.3986599802970887,-0.7102517008781435,-1.451671051979065,-0.6305824518203735,159758.0,0.9887605679131544,True
UC2,0,all,all,MAE,snaive7,7.2118028713418,6.606099331378937,7.915696918964386,144880.0,True,181,7,wt_med,0.3752892099647074,-0.2070446968078613,0.9253972053527831,-0.2813539147377014,1.0238207936286925,144791.0,0.8961280899154567,False
UC2,0,all,all,MAE,wt_med,6.840128981147957,6.288715600967407,7.44086480140686,161574.0,True,186,7,wt_med,,,,,,,,
UC2,0,busy,all,MAE,chronos2,11.075660400856306,10.393892455101014,11.7513897895813,49150.0,True,180,7,wt_med,-3.0898949420600026,-4.049848246574402,-2.198232316970825,-4.553076505661011,-1.60663447380066,48765.0,0.9996720034439638,True
UC2,0,busy,all,MAE,chronos2_grid,10.802810819224206,10.102539038658142,11.497296357154847,49150.0,True,180,7,wt_med,-3.354518199174768,-4.362491726875305,-2.421077084541321,-4.997911643981934,-1.6208495855331426,48765.0,0.9996720034439638,True
UC2,0,busy,all,MAE,chronos2_nocov,11.728516950442371,10.944074845314026,12.51377122402191,49150.0,True,180,7,wt_med,-2.433933570521141,-3.482082891464233,-1.4866438150405883,-4.065467262268067,-0.9094269037246705,48765.0,0.9996720034439638,True
UC2,0,busy,all,MAE,chronos2_owx,10.81496759450569,10.1729412317276,11.472037434577942,49150.0,True,180,7,wt_med,-3.352092703357057,-4.31788821220398,-2.4863282918930056,-4.7779274702072145,-1.9146253347396853,48765.0,0.9996720034439638,True
UC2,0,busy,all,MAE,clim,15.060369644123659,14.049528646469117,16.142904376983644,47938.0,True,179,7,wt_med,0.8955959089960359,0.17620456218719482,1.5859714984893793,-0.2106424331665039,1.8899927377700805,47910.0,0.9821446874807814,False
UC2,0,busy,all,MAE,h5,13.746025538788697,12.890666055679322,14.654971837997437,48906.0,True,180,7,wt_med,-0.37943051597958366,-0.5203736543655395,-0.24231786727905275,-0.6158313035964966,-0.14368078708648685,48781.0,1.0,True
UC2,0,busy,all,MAE,lvlh5_cbd,16.929031631089497,14.885495257377624,18.99670329093933,39710.0,True,146,7,wt_med,2.8265591844475644,0.7633169412612916,4.708340740203857,-0.14837520122528064,6.123370361328125,39674.0,0.8133084602611672,False
UC2,0,busy,all,MAE,lvlh5_naive,13.80338871249733,12.924620413780213,14.752295279502869,48437.0,True,180,7,wt_med,-0.3284024969360022,-0.8651482582092285,0.1901041746139526,-0.9925424575805664,0.30773923397064207,48326.0,0.9906725979377217,False
UC2,0,busy,all,MAE,lvlh5_tft,12.566864990540848,11.57085690498352,13.624092602729798,47729.0,True,176,7,wt_med,-1.6355635588604738,-2.676332139968872,-0.6810228347778321,-3.060615372657776,-0.33188838958740297,47605.0,0.9758922531313421,True
UC2,0,busy,all,MAE,oracle_level,8.68594641270302,8.227615880966187,9.129175162315368,48790.0,True,178,7,wt_med,-5.428431057439834,-6.362369441986084,-4.568137311935425,-7.019947099685669,-4.023849964141846,48666.0,0.9976425247534901,True
UC2,0,busy,all,MAE,oracle_shape,10.869123478425932,9.895006251335143,11.886518836021423,48337.0,True,178,7,wt_med,-3.269757546443529,-3.9520858764648437,-2.6347931146621706,-3.969468879699707,-2.588166475296021,48209.0,0.9882741231217073,True
UC2,0,busy,all,MAE,snaive7,14.598940537069737,13.470902609825135,15.825504493713378,43607.0,True,176,7,wt_med,0.43497325466608494,-0.9240693569183349,1.7761469602584832,-1.2120139837265014,2.0994252681732166,43559.0,0.8929501240236978,False
UC2,0,busy,all,MAE,wt_med,14.118734753285091,13.23227310180664,15.108817529678344,48781.0,True,180,7,wt_med,,,,,,,,
UC3,1,all,all,MAE,chronos2,5.905937985707164,5.421024739742279,6.432684814929962,181155.0,True,203,7,wt_med,-0.9033631724226678,-1.2995442986488341,-0.5360592246055603,-1.4485108971595764,-0.4340498328208925,178882.0,0.9975407504893404,True
UC3,1,all,all,MAE,chronos2_grid,5.851196062850773,5.372482180595398,6.3789679408073425,181155.0,True,203,7,wt_med,-0.9471844731758425,-1.3596749782562256,-0.5723804593086244,-1.4888259410858153,-0.47988122701644903,178882.0,0.9975407504893404,True
UC3,1,all,all,MAE,chronos2_nocov,6.309733123860369,5.773439562320709,6.902147674560547,181155.0,True,203,7,wt_med,-0.49099978787161636,-0.9082551836967468,-0.10399014949798586,-1.038925790786743,0.0017085552215576124,178882.0,0.9975407504893404,False
UC3,1,all,all,MAE,chronos2_owx,5.843189215327779,5.368542122840881,6.3310948491096495,181155.0,True,203,7,wt_med,-0.9670216096865527,-1.3458104252815246,-0.6187838435173035,-1.5092612385749817,-0.4958918809890748,178882.0,0.9975407504893404,True
UC3,1,all,all,MAE,chronos2_owx_x_h5,6.147744301530598,5.738567674160004,6.621648132801056,180162.0,True,203,7,wt_med,-0.6417988426410517,-0.9211220741271973,-0.39494171142578127,-1.0288719415664673,-0.29991010427474984,179294.0,0.9998382806444237,True
UC3,1,all,all,MAE,chronos2_x_h5,6.1376262110015,5.73303405046463,6.609244370460511,180162.0,True,203,7,wt_med,-0.651460282813253,-0.933397090435028,-0.40513839721679695,-1.0408101201057434,-0.3044837832450868,179294.0,0.9998382806444237,True
UC3,1,all,all,MAE,clim,7.144035018578989,6.543412971496582,7.722502732276916,177620.0,True,203,7,wt_med,0.36878654145691847,0.07629027366638184,0.6630673170089721,-0.13420807123184203,0.8760838031768797,177196.0,0.9881387217479074,False
UC3,1,all,all,MAE,h5,6.616646595928877,6.1341772198677065,7.112206029891968,180196.0,True,203,7,wt_med,-0.17001827707544503,-0.22926775217056275,-0.11562327146530153,-0.26947176456451416,-0.09268395900726319,179323.0,1.0,True
UC3,1,all,all,MAE,lvlh5_cbd,8.673264740609634,7.863376128673553,9.585852217674255,143576.0,True,159,7,wt_med,1.9118961041978313,1.155009961128235,2.6848044991493225,0.9653115630149841,2.8967691540718077,143201.0,0.7985646013060232,False
UC3,1,all,all,MAE,lvlh5_naive,6.726422080607185,6.232049548625946,7.252702701091766,179026.0,True,203,7,wt_med,-0.06074434380320248,-0.30109291076660155,0.1770393013954162,-0.3249758243560791,0.1803098201751709,178227.0,0.9938881236651183,False
UC3,1,all,all,MAE,lvlh5_tft,6.570668709652247,6.031505954265595,7.154067587852478,177044.0,True,199,7,wt_med,-0.22475900461098952,-0.5777124881744384,0.11858185529708855,-0.7388766527175903,0.24147167205810535,176176.0,0.9824506616552254,False
UC3,1,all,all,MAE,oracle_level,4.761337123892899,4.426203238964081,5.112314546108245,179416.0,True,203,7,wt_med,-2.024509285270871,-2.4256056427955626,-1.6727877259254456,-2.681300461292267,-1.4277557611465455,178585.0,0.9958845212270595,True
UC3,1,all,all,MAE,oracle_shape,5.418033090815427,4.92244873046875,5.939965629577636,178764.0,True,203,7,wt_med,-1.3705935380128258,-1.7000007152557373,-1.0475246906280518,-1.791745138168335,-0.8843508243560795,177562.0,0.9901797315458697,True
UC3,1,all,all,MAE,snaive7,7.178536168179045,6.532422554492951,7.8719664216041565,159021.0,True,199,7,wt_med,0.35158784252843045,-0.17499910593032836,0.8854670763015745,-0.3591125011444092,1.0108425974845887,158454.0,0.8836234058096284,False
UC3,1,all,all,MAE,wt_med,6.783491242060416,6.273958742618561,7.3042569875717165,179323.0,True,203,7,wt_med,,,,,,,,
UC3,1,busy,all,MAE,chronos2,12.12798710366049,11.364961886405945,12.96330168247223,55339.0,True,197,7,wt_med,-2.093834065604277,-3.0658164978027345,-1.15916805267334,-3.5313037157058718,-0.9324000597000124,54550.0,0.9969114932655933,True
UC3,1,busy,all,MAE,chronos2_grid,12.133614790189938,11.318071699142456,13.048409748077393,55339.0,True,197,7,wt_med,-2.05366924355819,-3.0793267250061036,-1.1198211431503298,-3.471901226043701,-0.9172788381576542,54550.0,0.9969114932655933,True
UC3,1,busy,all,MAE,chronos2_nocov,13.266070925574839,12.316163849830627,14.290219902992249,55339.0,True,197,7,wt_med,-0.9326663170595122,-1.9358822584152222,0.04790058135986325,-2.526873230934143,0.1928493738174438,54550.0,0.9969114932655933,False
UC3,1,busy,all,MAE,chronos2_owx,11.964524565999524,11.207495641708373,12.755925107002259,55339.0,True,197,7,wt_med,-2.2603194108870355,-3.170750284194946,-1.3631030559539796,-3.6791603565216064,-1.1077696800231938,54550.0,0.9969114932655933,True
UC3,1,busy,all,MAE,chronos2_owx_x_h5,12.243215406114725,11.479607200622558,13.051085495948792,55075.0,True,197,7,wt_med,-1.924956839129834,-2.583028483390808,-1.3284205913543703,-2.9487382411956786,-1.1165546178817753,54718.0,0.9999817248122225,True
UC3,1,busy,all,MAE,chronos2_x_h5,12.206776177970658,11.444863510131835,13.011087274551391,55075.0,True,197,7,wt_med,-1.9602162998216084,-2.6349994421005247,-1.3757091760635376,-2.9936230182647705,-1.1298457622528078,54718.0,0.9999817248122225,True
UC3,1,busy,all,MAE,clim,15.051627196901995,14.020501565933227,16.052249956130982,53712.0,True,197,7,wt_med,0.8456854590552219,0.18333938121795657,1.5241284132003783,-0.3008009672164917,1.9367372274398802,53621.0,0.9799338438202453,False
UC3,1,busy,all,MAE,h5,13.77923293752383,12.961225652694703,14.598898363113403,55077.0,True,197,7,wt_med,-0.38553907235146845,-0.5250442743301391,-0.25764901638031007,-0.5644518375396729,-0.2231316566467286,54719.0,1.0,True
UC3,1,busy,all,MAE,lvlh5_cbd,16.854084588912357,15.030026149749755,18.78648738861084,42675.0,True,155,7,wt_med,3.1146241407137953,1.0646338224411012,5.253163433074951,0.42656219005584717,5.566549348831177,42544.0,0.777499588808275,False
UC3,1,busy,all,MAE,lvlh5_naive,13.574939287372016,12.698869109153748,14.394420385360718,54655.0,True,197,7,wt_med,-0.5930344349819947,-1.21764976978302,-0.01726391315460213,-1.338694667816162,-0.012500071525573966,54317.0,0.9926533745134232,True
UC3,1,busy,all,MAE,lvlh5_tft,13.017380684987405,12.018030190467835,14.159122490882874,53897.0,True,193,7,wt_med,-1.1968019345397831,-2.114260458946228,-0.30112335681915303,-2.5915531873703004,-0.06356327533721953,53540.0,0.9784535536102633,True
UC3,1,busy,all,MAE,oracle_level,8.916163655647376,8.504380941390991,9.293072962760926,54923.0,True,196,7,wt_med,-5.241207764653739,-6.169437265396118,-4.376608872413636,-6.470959734916687,-3.906710410118104,54578.0,0.9974231985233648,True
UC3,1,busy,all,MAE,oracle_shape,10.161085043182402,9.24452738761902,11.077812552452087,54633.0,True,196,7,wt_med,-4.017421183241231,-4.6548001050949095,-3.3314683198928834,-4.615456628799438,-3.3918317794799804,54171.0,0.9899851970979002,True
UC3,1,busy,all,MAE,snaive7,15.113920932714807,13.838222432136536,16.43423891067505,48718.0,True,194,7,wt_med,0.8309973823608221,-0.570772385597229,2.1741081714630126,-0.9861472368240356,2.3612373113632197,48517.0,0.8866572854036076,False
UC3,1,busy,all,MAE,wt_med,14.156006140463093,13.282084727287293,15.035438728332519,54719.0,True,197,7,wt_med,,,,,,,,
UC3,2,all,all,MAE,chronos2,8.060140721691258,7.513081347942352,8.668035387992859,246835.0,True,238,8,wt_med,0.7977490880142053,0.5549643635749817,1.0711906790733337,0.4501224160194397,1.1505736827850341,242541.0,0.9970197232658901,False
UC3,2,all,all,MAE,chronos2_grid,7.811223787958796,7.2346116065979,8.43949580192566,246835.0,True,238,8,wt_med,0.5425238145100533,0.2566325068473816,0.8706629157066345,0.13250038623809815,0.9758389115333554,242541.0,0.9970197232658901,False
UC3,2,all,all,MAE,chronos2_nocov,8.912224873828634,8.301682877540589,9.54092242717743,246835.0,True,238,8,wt_med,1.650618572855107,1.3442710995674134,1.985610556602478,1.2039008140563965,2.134558308124542,242541.0,0.9970197232658901,False
UC3,2,all,all,MAE,chronos2_owx,7.966047883946048,7.441392493247986,8.555108308792114,246835.0,True,238,8,wt_med,0.7006982005956122,0.4568084359169006,0.965644085407257,0.3459429502487183,1.052695894241333,242541.0,0.9970197232658901,False
UC3,2,all,all,MAE,chronos2_owx_x_h5,7.350400757798477,6.874575960636139,7.83106369972229,244833.0,True,238,8,wt_med,0.10445698321360197,-0.09800599813461304,0.2828147768974304,-0.13554658889770507,0.3583862423896789,243184.0,0.9996629204245558,False
UC3,2,all,all,MAE,chronos2_x_h5,7.37412482352174,6.900448608398437,7.850863659381867,244833.0,True,238,8,wt_med,0.12849112463934098,-0.07263107299804687,0.3051615715026855,-0.11276627779006958,0.3751570463180541,243184.0,0.9996629204245558,False
UC3,2,all,all,MAE,clim,7.4367138579390115,6.9493094205856325,8.002496361732483,238109.0,True,235,8,wt_med,0.23748782411058045,0.029023540019989018,0.44364866018295285,-0.013078951835632312,0.5027368783950805,237149.0,0.9748546858171713,False
UC3,2,all,all,MAE,h5,7.218492180451742,6.75440673828125,7.739814329147339,244963.0,True,238,8,wt_med,-0.024106328052419634,-0.05132945775985718,0.0036728382110595616,-0.0733375072479248,0.01727737188339233,243266.0,1.0,False
UC3,2,all,all,MAE,lvlh5_cbd,10.696890336520774,10.005391931533813,11.541801023483277,203391.0,True,197,8,wt_med,3.538335751494163,3.0769411444664003,4.0447179794311525,2.885585618019104,4.2968664288520815,202376.0,0.8319123921961967,False
UC3,2,all,all,MAE,lvlh5_naive,7.364561106507016,6.90857515335083,7.868956661224365,243657.0,True,238,8,wt_med,0.12647659387795063,-0.02253659963607788,0.2847173571586608,-0.09641977548599243,0.3259479761123657,242127.0,0.9953178824825499,False
UC3,2,all,all,MAE,lvlh5_tft,7.741705214814841,7.254846084117889,8.25906174182892,241583.0,True,234,8,wt_med,0.49853775353045116,0.23036202192306518,0.7336307406425475,0.20546312332153321,0.7733294963836669,239976.0,0.9864757097169353,False
UC3,2,all,all,MAE,oracle_level,5.727385761424969,5.39580512046814,6.075031673908233,244356.0,True,238,8,wt_med,-1.5304511858523693,-1.7793781399726867,-1.2959251403808594,-1.954306995868683,-1.1121211767196655,242746.0,0.9978624222045004,True
UC3,2,all,all,MAE,oracle_shape,5.434645577976325,4.997790610790252,5.9064926385879515,244870.0,True,238,8,wt_med,-1.8067688884970394,-2.0850661993026733,-1.5228122234344483,-2.2324137806892397,-1.4310679078102113,241734.0,0.9937023669563358,True
UC3,2,all,all,MAE,snaive7,8.176646218989196,7.589927303791046,8.791881084442139,221052.0,True,236,8,wt_med,0.9889301158143153,0.6025107622146606,1.4039135217666625,0.47394747734069825,1.4300053358078002,219921.0,0.9040350891616584,False
UC3,2,all,all,MAE,wt_med,7.2478973633800035,6.775992619991302,7.7722062230110165,243266.0,True,238,8,wt_med,,,,,,,,
UC3,2,busy,all,MAE,chronos2,15.241020089155748,14.258570623397826,16.28069405555725,71609.0,True,228,8,wt_med,1.2904111518012442,0.6853445529937744,1.9496668100357055,0.3392847299575806,2.309766101837158,70404.0,0.9968566816753037,False
UC3,2,busy,all,MAE,chronos2_grid,15.02517792924488,13.973934435844422,16.178647470474242,71609.0,True,228,8,wt_med,1.0612327104860757,0.3553857564926148,1.858070111274719,-0.001668024063110341,2.2530499458312976,70404.0,0.9968566816753037,False
UC3,2,busy,all,MAE,chronos2_nocov,17.184671908306964,16.092911672592162,18.31370520591736,71609.0,True,228,8,wt_med,3.2220068580826187,2.4688906192779543,4.015440344810486,2.067006826400757,4.444081234931946,70404.0,0.9968566816753037,False
UC3,2,busy,all,MAE,chronos2_owx,15.043067262343467,14.105967831611633,16.032822942733766,71609.0,True,228,8,wt_med,1.0842303976363254,0.4883383512496948,1.723153829574585,0.16612646579742432,2.090656876564026,70404.0,0.9968566816753037,False
UC3,2,busy,all,MAE,chronos2_owx_x_h5,13.695203961924811,12.913587808609009,14.470868468284607,71116.0,True,228,8,wt_med,-0.20065212665154242,-0.649190616607666,0.2159084796905515,-0.7668088436126709,0.35053732395172116,70613.0,0.9998159318098151,False
UC3,2,busy,all,MAE,chronos2_x_h5,13.757536725496724,12.960759592056274,14.53878698348999,71116.0,True,228,8,wt_med,-0.13784663655690288,-0.5751914739608764,0.2698403596878051,-0.6971145153045655,0.40507535934448236,70613.0,0.9998159318098151,False
UC3,2,busy,all,MAE,clim,14.481171548117155,13.628791236877442,15.32602162361145,68354.0,True,225,8,wt_med,0.6659893487478161,0.17572760581970218,1.1523692607879636,0.08861987590789795,1.2872151613235474,68161.0,0.965097839322629,False
UC3,2,busy,all,MAE,h5,13.7385748720976,12.947579479217529,14.553943586349487,71148.0,True,228,8,wt_med,-0.15720131396369652,-0.22336328029632568,-0.086151123046875,-0.28938405513763427,-0.051226353645324726,70626.0,1.0,True
UC3,2,busy,all,MAE,lvlh5_cbd,20.51657091111193,18.95304822921753,22.177078342437746,58093.0,True,190,8,wt_med,7.059101663475648,5.710843300819397,8.407742023468018,5.514648342132569,8.780426907539367,57759.0,0.8178149689915895,False
UC3,2,busy,all,MAE,lvlh5_naive,13.982059724226213,13.17950644493103,14.827720594406127,70641.0,True,228,8,wt_med,0.09309696009557555,-0.18831286430358887,0.3891082763671874,-0.31194462776184084,0.4415692329406738,70158.0,0.993373545153343,False
UC3,2,busy,all,MAE,lvlh5_tft,14.42727729114095,13.569252324104308,15.283779191970826,69886.0,True,224,8,wt_med,0.49158328616424285,-0.09485530853271484,1.020895218849182,-0.13194553852081298,1.1465326547622678,69395.0,0.9825701582986436,False
UC3,2,busy,all,MAE,oracle_level,10.194913922023566,9.752286314964294,10.659005522727966,71064.0,True,228,8,wt_med,-3.711257701649144,-4.286172986030579,-3.179302191734314,-4.415328407287598,-2.9631988763809205,70562.0,0.9990938181406281,True
UC3,2,busy,all,MAE,oracle_shape,10.109802948333337,9.272336435317992,11.001029229164123,70870.0,True,228,8,wt_med,-3.770722480806988,-4.264450573921204,-3.268588066101074,-4.247692489624024,-3.3124498367309574,70101.0,0.9925664769348399,True
UC3,2,busy,all,MAE,snaive7,16.098771414280357,15.145812249183654,17.107808923721315,63976.0,True,226,8,wt_med,2.2999780005657016,1.5608555793762207,3.1381075859069822,1.5978490352630614,2.9183690309524533,63638.0,0.9010562682298304,False
UC3,2,busy,all,MAE,wt_med,13.900957154588962,13.092508816719056,14.711517357826233,70626.0,True,228,8,wt_med,,,,,,,,
UC3,3,all,all,MAE,chronos2,7.308676175427892,6.683419477939606,8.043925952911376,228102.0,True,239,8,wt_med,0.3323694645272921,0.048771989345550534,0.6352012395858764,0.012823653221130372,0.6542523741722106,225006.0,0.99827414095255,False
UC3,3,all,all,MAE,chronos2_grid,7.040304106404049,6.425610339641571,7.780080652236938,228102.0,True,239,8,wt_med,0.06204751060408409,-0.24707982540130616,0.39420763254165636,-0.302285635471344,0.45108673572540275,225006.0,0.99827414095255,False
UC3,3,all,all,MAE,chronos2_nocov,7.7918755011168,7.130482733249664,8.542156648635864,228102.0,True,239,8,wt_med,0.8193420046057351,0.47382631301879885,1.1585061907768248,0.40153740644454955,1.2684673905372619,225006.0,0.99827414095255,False
UC3,3,all,all,MAE,chronos2_owx,7.2356583808548365,6.609591424465179,7.95305927991867,228102.0,True,239,8,wt_med,0.25724242301989353,-0.015880990028381343,0.5635501384735105,-0.06867024898529053,0.5832711338996887,225006.0,0.99827414095255,False
UC3,3,all,all,MAE,chronos2_owx_x_h5,7.008122537466715,6.402951622009278,7.697898697853089,226374.0,True,239,8,wt_med,0.06173538235874876,-0.1481616973876953,0.27912189960479733,-0.20458773374557496,0.3450349688529968,225334.0,0.9997293640054127,False
UC3,3,all,all,MAE,chronos2_x_h5,7.009432650947051,6.409024107456207,7.693584465980529,226374.0,True,239,8,wt_med,0.06318777822909372,-0.15309293270111085,0.2790454149246216,-0.20377403497695923,0.34726495742797836,225334.0,0.9997293640054127,False
UC3,3,all,all,MAE,clim,7.312665299961703,6.717917168140412,7.941741538047791,221945.0,True,236,8,wt_med,0.47201471458850275,0.24245327711105347,0.6871437788009643,0.18455206155776976,0.7920704960823057,221277.0,0.9817298520375342,False
UC3,3,all,all,MAE,h5,6.8699036028596785,6.291370987892151,7.529823291301727,226459.0,True,239,8,wt_med,-0.0758454601921077,-0.1068050742149353,-0.04545857906341553,-0.13162282705307007,-0.030839896202087404,225395.0,1.0,True
UC3,3,all,all,MAE,lvlh5_cbd,9.848211134846187,9.07130937576294,10.769358396530151,188631.0,True,198,8,wt_med,3.0131893919854082,2.516589415073395,3.575323390960693,2.2840306162834167,3.745335507392883,188025.0,0.8342021783979237,False
UC3,3,all,all,MAE,lvlh5_naive,7.162811584886111,6.553885054588318,7.8470456242561335,225034.0,True,239,8,wt_med,0.22254277725007032,0.09371665716171265,0.3540992975234985,0.035606706142425545,0.3911776065826416,224107.0,0.9942855875241243,False
UC3,3,all,all,MAE,lvlh5_tft,7.279433973994336,6.693681454658508,7.9408655047416685,223105.0,True,235,8,wt_med,0.3309062902907165,0.08185398578643799,0.5842248201370239,0.031148779392242434,0.638034129142761,222102.0,0.9853900929479359,False
UC3,3,all,all,MAE,oracle_level,5.103652572954847,4.800022482872009,5.427560091018677,225885.0,True,239,8,wt_med,-1.8479301838588382,-2.2530936121940615,-1.474341404438019,-2.4457849621772767,-1.2970963001251221,224887.0,0.9977461789303224,True
UC3,3,all,all,MAE,oracle_shape,5.734776378697158,5.161510622501373,6.389728987216949,225190.0,True,239,8,wt_med,-1.2079496328827615,-1.4309004187583922,-0.9900487065315248,-1.5255054235458374,-0.8749269723892213,223742.0,0.9926662082122496,True
UC3,3,all,all,MAE,prod_served,7.849472670682282,7.301525771617889,8.456544017791748,223295.0,True,238,8,wt_med,0.9829729802804721,0.6483457803726196,1.3204644680023192,0.5964452743530273,1.369736635684967,221912.0,0.9845471283746312,False
UC3,3,all,all,MAE,prod_served_lin,7.823667765954591,7.2803605675697325,8.431107473373412,223478.0,True,238,8,wt_med,0.9603954655979825,0.6263442993164062,1.293420958518982,0.5770201086997986,1.3489612936973572,222080.0,0.9852924865236584,False
UC3,3,all,all,MAE,snaive7,8.244323885918885,7.440360808372498,9.06903953552246,202207.0,True,238,8,wt_med,1.4177921665210134,0.9469338059425354,1.9090088963508607,0.8388565182685852,2.0165157556533813,201392.0,0.8935069544577298,False
UC3,3,all,all,MAE,wt_med,6.941305264091928,6.372835469245911,7.607856237888336,225395.0,True,239,8,wt_med,,,,,,,,
UC3,3,busy,all,MAE,chronos2,14.816259755327142,13.566056966781616,16.27191014289856,66910.0,True,230,8,wt_med,0.37844823329464994,-0.3971835136413574,1.1407616853713987,-0.4569251775741577,1.2190495014190674,66004.0,0.998230516779843,False
UC3,3,busy,all,MAE,chronos2_grid,14.313459736213005,13.02914936542511,15.831225490570066,66910.0,True,230,8,wt_med,-0.12472001924405518,-0.9948955774307251,0.7486829042434692,-1.0813414573669433,0.8954399347305293,66004.0,0.998230516779843,False
UC3,3,busy,all,MAE,chronos2_nocov,15.890806312258869,14.640603828430176,17.34941611289978,66910.0,True,230,8,wt_med,1.4588978377250275,0.5694232702255249,2.3276670217514037,0.4383229732513428,2.4048466205596926,66004.0,0.998230516779843,False
UC3,3,busy,all,MAE,chronos2_owx,14.688422437491678,13.45560164451599,16.10416932106018,66910.0,True,230,8,wt_med,0.24532205240992866,-0.4946529150009155,0.9701573610305784,-0.6078330039978027,1.0724366426467895,66004.0,0.998230516779843,False
UC3,3,busy,all,MAE,chronos2_owx_x_h5,13.943013757303014,12.755847835540772,15.329115891456604,66477.0,True,230,8,wt_med,-0.4547517399419867,-1.0101912021636963,0.0756751537322998,-1.2125688791275024,0.29701020717620846,66108.0,0.9998033907533159,False
UC3,3,busy,all,MAE,chronos2_x_h5,13.945177272293877,12.745671033859253,15.31160945892334,66477.0,True,230,8,wt_med,-0.45241885629629763,-1.0007128477096559,0.0697010517120361,-1.2087188243865967,0.2995653867721558,66108.0,0.9998033907533159,False
UC3,3,busy,all,MAE,clim,15.462920542907453,14.25211434364319,16.656791639328002,64173.0,True,227,8,wt_med,1.2206730093265215,0.586585021018982,1.7629794597625732,0.4525489091873169,2.071528935432434,64011.0,0.9680888068843484,False
UC3,3,busy,all,MAE,h5,14.167124652281784,13.035669589042664,15.540252828598023,66505.0,True,230,8,wt_med,-0.23051961555330358,-0.31130223274230956,-0.15700495243072513,-0.3443430185317993,-0.11578090190887452,66121.0,1.0,True
UC3,3,busy,all,MAE,lvlh5_cbd,19.217182241263675,17.38052554130554,21.35817246437073,54718.0,True,191,8,wt_med,5.181103362178442,3.6773746967315675,6.733988332748413,3.320886659622192,6.899263334274292,54506.0,0.8243371999818515,False
UC3,3,busy,all,MAE,lvlh5_naive,14.415200632835385,13.233186721801758,15.863054895401001,66085.0,True,230,8,wt_med,0.046644887928025014,-0.28087058067321774,0.38070976734161366,-0.4313433885574341,0.4535979986190795,65744.0,0.9942983318461608,False
UC3,3,busy,all,MAE,lvlh5_tft,14.384047441988923,13.241155767440796,15.711563181877136,65255.0,True,226,8,wt_med,-0.04478436611820413,-0.7012882709503174,0.6279564619064331,-0.832072401046753,0.7866115093231201,64898.0,0.9815036070234873,False
UC3,3,busy,all,MAE,oracle_level,9.492580121333884,9.084873390197753,9.9596107006073,66427.0,True,229,8,wt_med,-4.9091279811313395,-5.9156512260437015,-4.001582098007202,-6.000629544258118,-3.764420557022095,66062.0,0.9991076964958183,True
UC3,3,busy,all,MAE,oracle_shape,10.98695989943793,9.78649697303772,12.33323209285736,66150.0,True,229,8,wt_med,-3.3579668338437862,-3.8613664627075197,-2.8837879180908206,-3.997890853881836,-2.734961724281311,65691.0,0.9934967710712179,True
UC3,3,busy,all,MAE,prod_served,15.612564153938628,14.502514338493347,16.776150703430176,64883.0,True,229,8,wt_med,1.3113792889495564,0.46426632404327395,2.1303088188171384,0.393651556968689,2.25786497592926,64468.0,0.9750003780947052,False
UC3,3,busy,all,MAE,prod_served_lin,15.543735179082875,14.444805216789245,16.71475214958191,64942.0,True,229,8,wt_med,1.248839633021836,0.40495615005493163,2.0762387037277223,0.34960966110229497,2.200475239753723,64527.0,0.9758926815988869,False
UC3,3,busy,all,MAE,snaive7,17.302290413565775,15.616638684272766,19.108488464355467,58854.0,True,229,8,wt_med,3.1005555650232637,1.7611608028411865,4.439508748054505,1.748002004623413,4.195240688323974,58679.0,0.8874487681674506,False
UC3,3,busy,all,MAE,wt_med,14.391169220066242,13.258564949035645,15.79262478351593,66121.0,True,230,8,wt_med,,,,,,,,
UC3,4,all,all,MAE,chronos2,7.52158334640467,6.683176648616791,8.41346595287323,195569.0,True,214,8,wt_med,-0.4912011553159825,-0.8649726390838623,-0.10779515504837042,-0.9736482620239257,-0.08845782279968271,193559.0,0.9986173236958731,True
UC3,4,all,all,MAE,chronos2_grid,7.238286215941707,6.3886765241622925,8.166802573204041,195569.0,True,214,8,wt_med,-0.7710261633412916,-1.1921265840530395,-0.3518189668655396,-1.2151909708976745,-0.38071250915527344,193559.0,0.9986173236958731,True
UC3,4,all,all,MAE,chronos2_nocov,7.923344207201695,7.02681735754013,8.83294289112091,195569.0,True,214,8,wt_med,-0.08520025472076487,-0.5054834961891175,0.313103973865509,-0.6591139793395996,0.49125680923461895,193559.0,0.9986173236958731,False
UC3,4,all,all,MAE,chronos2_owx,7.43923433046105,6.596988368034363,8.322600650787354,195569.0,True,214,8,wt_med,-0.5754742218061999,-0.9490926384925842,-0.21704323291778593,-1.0472473740577697,-0.17039515972137456,193559.0,0.9986173236958731,True
UC3,4,all,all,MAE,chronos2_owx_x_h5,7.309485562934642,6.5899401783943174,8.079814219474793,194321.0,True,214,8,wt_med,-0.647210962465973,-0.8841308951377869,-0.4271230459213257,-0.9907616257667542,-0.32693408727645884,193784.0,0.9997781526825468,True
UC3,4,all,all,MAE,chronos2_x_h5,7.33009042374485,6.61369069814682,8.09442753791809,194321.0,True,214,8,wt_med,-0.6265578634665916,-0.8657328128814697,-0.4060622572898865,-0.9762021660804748,-0.3032781004905702,193784.0,0.9997781526825468,True
UC3,4,all,all,MAE,clim,8.056498900245828,7.275079131126404,8.879477715492248,193225.0,True,214,8,wt_med,0.16580930111717418,-0.10054442882537841,0.4202991366386413,-0.14207696914672852,0.46861045360565173,192450.0,0.992895726601557,False
UC3,4,all,all,MAE,h5,7.855841422574771,7.093691110610962,8.663205337524413,194394.0,True,214,8,wt_med,-0.09827416974931236,-0.14156965017318726,-0.055529451370239256,-0.15903677940368652,-0.04181662797927857,193827.0,1.0,True
UC3,4,all,all,MAE,lvlh5_cbd,9.584139622018064,8.618257927894593,10.67986981868744,165574.0,True,181,8,wt_med,1.7919082967726077,1.1058287739753723,2.5021954655647276,0.8759846329689026,2.880434226989746,165094.0,0.8517595587818003,False
UC3,4,all,all,MAE,lvlh5_naive,8.133749160989636,7.3674985527992245,8.958370208740234,192933.0,True,214,8,wt_med,0.20429176293111784,-0.07662343978881836,0.48416169881820675,-0.13886651992797852,0.5480908036231994,192484.0,0.9930711407595433,False
UC3,4,all,all,MAE,lvlh5_tft,7.78770012687635,7.04354373216629,8.621163129806519,191219.0,True,210,8,wt_med,-0.18674224028231468,-0.5414498805999756,0.15010797977447496,-0.6424008846282959,0.23718096017837523,190682.0,0.9837741903862723,False
UC3,4,all,all,MAE,oracle_level,5.355046936166903,4.834063911437989,6.0098641276359555,193752.0,True,214,8,wt_med,-2.6055711172338665,-3.1678022861480715,-1.9450079560279847,-3.3935335874557495,-1.8048388361930847,193245.0,0.9969973223544707,True
UC3,4,all,all,MAE,oracle_shape,6.884373754109261,6.102153396606445,7.709382247924804,192642.0,True,214,8,wt_med,-1.0485129704460707,-1.4437422037124634,-0.6277374625205996,-1.5376579999923705,-0.532797408103943,191936.0,0.9902438772720003,True
UC3,4,all,all,MAE,prod_served,8.202696304158927,7.509282422065735,9.017255187034607,192189.0,True,213,8,wt_med,0.3116916385232269,-0.17140227556228638,0.7791229128837585,-0.25962769985198975,0.9130894660949704,191282.0,0.9868697343507354,False
UC3,4,all,all,MAE,prod_served_lin,8.179319579422721,7.484454596042633,8.994632720947266,192212.0,True,213,8,wt_med,0.28895476785396834,-0.18882813453674316,0.7562986493110655,-0.27569385766983034,0.8983428955078124,191302.0,0.9869729191495509,False
UC3,4,all,all,MAE,snaive7,8.79792545058611,7.850274300575256,9.859373903274536,172664.0,True,212,8,wt_med,0.9595702015694361,0.22231656312942505,1.7137138843536375,0.10613119602203369,1.8194504976272583,172546.0,0.8902062148204326,False
UC3,4,all,all,MAE,wt_med,7.953837700629943,7.192881977558136,8.762531685829162,193827.0,True,214,8,wt_med,,,,,,,,
UC3,4,busy,all,MAE,chronos2,15.19107790554932,13.516834378242493,16.94372191429138,59396.0,True,206,8,wt_med,-1.2694913353412502,-2.241127300262451,-0.30788848400115976,-2.5547209978103638,-0.25527353286743165,58820.0,0.9985569985569985,True
UC3,4,busy,all,MAE,chronos2_grid,14.726167739798417,12.946286392211913,16.60860643386841,59396.0,True,206,8,wt_med,-1.7243744286579652,-2.846178889274597,-0.626381540298462,-2.9205572843551635,-0.7721687793731692,58820.0,0.9985569985569985,True
UC3,4,busy,all,MAE,chronos2_nocov,16.277642165998778,14.503366541862487,18.076201772689817,59396.0,True,206,8,wt_med,-0.17316453287448397,-1.234004831314087,0.8459091186523438,-1.8584893941879272,1.1497363090515136,58820.0,0.9985569985569985,False
UC3,4,busy,all,MAE,chronos2_owx,15.027271381563848,13.416206502914429,16.75021104812622,59396.0,True,206,8,wt_med,-1.437773715156716,-2.373450207710266,-0.5345763921737671,-2.7335759162902833,-0.37027435302734374,58820.0,0.9985569985569985,True
UC3,4,busy,all,MAE,chronos2_owx_x_h5,14.403656844450401,12.967936158180237,15.956405115127563,59051.0,True,206,8,wt_med,-1.9751653677009848,-2.5960163116455077,-1.4057557821273805,-2.873812174797058,-1.1686374425888062,58903.0,0.9999660470248706,True
UC3,4,busy,all,MAE,chronos2_x_h5,14.435936799423686,13.009964489936829,15.9846284866333,59051.0,True,206,8,wt_med,-1.9429533466095528,-2.57138409614563,-1.3661306381225589,-2.847028708457947,-1.1492704868316654,58903.0,0.9999660470248706,True
UC3,4,busy,all,MAE,clim,16.642976100542544,15.076868152618408,18.31762652397156,58244.0,True,206,8,wt_med,0.32042368652015796,-0.3103776931762695,0.9216742515563964,-0.48302125930786133,1.1479476690292352,58109.0,0.9864867158984806,False
UC3,4,busy,all,MAE,h5,16.111639266545893,14.65457911491394,17.743684434890746,59063.0,True,206,8,wt_med,-0.26074611662847147,-0.38306331634521484,-0.14223115444183348,-0.4005001068115234,-0.09934990406036379,58905.0,1.0,True
UC3,4,busy,all,MAE,lvlh5_cbd,18.53941906025847,16.45475287437439,21.144085359573364,50024.0,True,175,8,wt_med,2.6775859693077546,0.7369478464126588,4.671539974212646,-0.2151358604431152,5.566309976577758,49893.0,0.8470078940667176,False
UC3,4,busy,all,MAE,lvlh5_naive,15.992201987253745,14.441730833053589,17.643204307556154,58571.0,True,206,8,wt_med,-0.31860625672720744,-0.9749417543411255,0.34801673889160156,-1.0267622470855713,0.3428441047668457,58454.0,0.99234360410831,False
UC3,4,busy,all,MAE,lvlh5_tft,15.162300858124926,13.70856170654297,16.80147671699524,57921.0,True,202,8,wt_med,-1.2808912336868943,-2.1776222467422484,-0.4235944986343384,-2.4288159370422364,-0.21431159973144548,57773.0,0.9807826160767337,True
UC3,4,busy,all,MAE,oracle_level,9.518210011342624,8.911429524421692,10.176190757751465,58987.0,True,206,8,wt_med,-6.864578452084878,-8.061652088165284,-5.722584915161133,-8.398142838478089,-5.409928417205812,58842.0,0.9989304812834224,True
UC3,4,busy,all,MAE,oracle_shape,12.812925616061536,11.197643208503724,14.574057841300965,58568.0,True,206,8,wt_med,-3.502748069939541,-4.385967469215393,-2.6030282974243164,-4.231131196022034,-2.561495971679688,58378.0,0.9910533910533911,True
UC3,4,busy,all,MAE,prod_served,15.916414660699166,14.59847469329834,17.437876415252685,57869.0,True,205,8,wt_med,-0.3539709501854631,-1.3378917932510377,0.6475066184997558,-1.6347707509994507,0.8204739093780516,57694.0,0.9794414735591206,False
UC3,4,busy,all,MAE,prod_served_lin,15.85659763620341,14.54171531200409,17.369429636001588,57873.0,True,205,8,wt_med,-0.41312307185690855,-1.3977085113525392,0.5941213607788086,-1.7008211851119994,0.7507368326187133,57698.0,0.9795093795093796,False
UC3,4,busy,all,MAE,snaive7,18.291735678793763,16.353135442733766,20.553101301193237,52527.0,True,204,8,wt_med,2.250895169891816,0.42431259155273443,4.257986736297608,0.1593452692031861,4.069393825531004,52504.0,0.891333503098209,False
UC3,4,busy,all,MAE,wt_med,16.380103556574145,14.914868593215942,17.984048318862914,58905.0,True,206,8,wt_med,,,,,,,,
UC3,5,all,all,MAE,chronos2,7.636808062059936,6.722354817390442,8.755341267585754,180496.0,True,204,8,wt_med,-0.567845975127101,-0.9737370371818542,-0.19421089887619025,-1.2003063678741455,0.010597908496856606,178718.0,0.9992340163819854,False
UC3,5,all,all,MAE,chronos2_grid,7.288150258406544,6.30151492357254,8.406858158111572,180496.0,True,204,8,wt_med,-0.9096533353231129,-1.359209990501404,-0.4896100759506229,-1.4960580945014954,-0.35036563873291016,178718.0,0.9992340163819854,True
UC3,5,all,all,MAE,chronos2_nocov,7.9903529558095325,7.015876913070679,9.187577319145202,180496.0,True,204,8,wt_med,-0.21523097105216937,-0.6539743185043335,0.23195161819458004,-0.9274468660354614,0.5206265211105346,178718.0,0.9992340163819854,False
UC3,5,all,all,MAE,chronos2_owx,7.6257988612825764,6.705829405784607,8.746481823921203,180496.0,True,204,8,wt_med,-0.5794446814939214,-0.9883528590202332,-0.19326622486114506,-1.2003130435943603,-0.010884237289428887,178718.0,0.9992340163819854,True
UC3,5,all,all,MAE,chronos2_owx_x_h5,7.432431804692087,6.61967625617981,8.433671641349793,179489.0,True,204,8,wt_med,-0.7407196204528281,-1.0000056982040406,-0.5067937135696411,-1.2243912100791932,-0.31225017309188846,178834.0,0.9998825864527131,True
UC3,5,all,all,MAE,chronos2_x_h5,7.4620999301425455,6.636593079566955,8.475365352630615,179489.0,True,204,8,wt_med,-0.7109795764861007,-0.9778776645660401,-0.4644011497497559,-1.1977887392044066,-0.28503131866455084,178834.0,0.9998825864527131,True
UC3,5,all,all,MAE,clim,8.487665911842518,7.596041846275329,9.557794427871704,178408.0,True,203,8,wt_med,0.33581643807828065,0.015014564990997327,0.666788077354431,-0.1205630898475647,0.7972471356391903,177466.0,0.9922339325151659,False
UC3,5,all,all,MAE,h5,8.063790030632136,7.2310866713523865,9.151350808143615,179550.0,True,204,8,wt_med,-0.10661534483240587,-0.15265746116638185,-0.0670587182044983,-0.15172804594039918,-0.06727313995361328,178855.0,1.0,True
UC3,5,all,all,MAE,lvlh5_cbd,10.13120422580235,8.8860294342041,11.646484446525573,157542.0,True,177,8,wt_med,1.7450485625514496,1.0535990953445435,2.509863221645355,0.6393805623054505,2.941981625556945,156921.0,0.8773643454194738,False
UC3,5,all,all,MAE,lvlh5_naive,8.183757528305952,7.277394080162049,9.30040102005005,177613.0,True,204,8,wt_med,0.022774907110171938,-0.23375588655471802,0.28799459934234606,-0.28342974185943604,0.30665779113769526,177069.0,0.9900142573593134,False
UC3,5,all,all,MAE,lvlh5_tft,7.828814912118946,7.0084484934806826,8.819665622711181,176412.0,True,200,8,wt_med,-0.3591933186178107,-0.7790088415145874,0.04768857955932613,-0.997897469997406,0.29168727397918676,175758.0,0.9826842973358307,False
UC3,5,all,all,MAE,oracle_level,5.069103335234793,4.6429463744163515,5.491765737533569,178941.0,True,204,8,wt_med,-3.1056613862052247,-3.818932604789734,-2.5529686331748964,-3.8975722908973696,-2.2820434808731083,178311.0,0.9969584300131391,True
UC3,5,all,all,MAE,oracle_shape,6.870873494675751,5.981434237957001,7.987672889232635,177387.0,True,204,8,wt_med,-1.290719900258959,-1.690294909477234,-0.8843090176582337,-1.8223957896232605,-0.7347061753273011,176523.0,0.9869615051298538,True
UC3,5,all,all,MAE,prod_served,8.258301045233376,7.441840827465057,9.217830753326416,177568.0,True,203,8,wt_med,0.08012529765279552,-0.4585249304771423,0.5874409794807434,-0.7515206694602966,0.9019168138504028,176380.0,0.986161974784043,False
UC3,5,all,all,MAE,prod_served_lin,8.235337129891846,7.421619081497193,9.184111094474792,177617.0,True,203,8,wt_med,0.058201346885327965,-0.4763670563697815,0.5645143270492553,-0.7752628326416016,0.8685801386833188,176407.0,0.9863129350591261,False
UC3,5,all,all,MAE,snaive7,8.884666757361762,7.735043251514435,10.247773933410643,161714.0,True,201,8,wt_med,0.7674237122277212,0.013333773612976078,1.583907961845398,-0.1964375615119934,1.7304107904434196,161461.0,0.9027480361186436,False
UC3,5,all,all,MAE,wt_med,8.174778451818511,7.339938735961914,9.258845043182372,178855.0,True,204,8,wt_med,,,,,,,,
UC3,5,busy,all,MAE,chronos2,15.48167675432726,13.718857717514037,17.80911865234375,54802.0,True,196,8,wt_med,-1.438358467358471,-2.440962481498718,-0.48444139957427984,-3.1644518852233885,0.018545484542846654,54196.0,0.9993914695089343,False
UC3,5,busy,all,MAE,chronos2_grid,14.935851543559885,12.96835653781891,17.40970664024353,54802.0,True,196,8,wt_med,-1.9670443403931142,-3.1055864095687866,-0.9095071792602543,-3.630551981925964,-0.5702698230743412,54196.0,0.9993914695089343,True
UC3,5,busy,all,MAE,chronos2_nocov,16.413249614765068,14.44712154865265,18.930931329727173,54802.0,True,196,8,wt_med,-0.508396642226927,-1.6527131795883179,0.6456352710723877,-2.738650608062744,1.2337173461914057,54196.0,0.9993914695089343,False
UC3,5,busy,all,MAE,chronos2_owx,15.478607469229607,13.732766175270081,17.737063312530516,54802.0,True,196,8,wt_med,-1.4429830808781698,-2.449586296081543,-0.49630823135375984,-3.1518259763717653,-0.027172708511353068,54196.0,0.9993914695089343,True
UC3,5,busy,all,MAE,chronos2_owx_x_h5,14.69774310681934,13.091969466209411,16.814451360702513,54444.0,True,196,8,wt_med,-2.1812688216156477,-2.8848660707473757,-1.5381776332855224,-3.400707411766052,-1.1622141838073732,54227.0,0.9999631193641778,True
UC3,5,busy,all,MAE,chronos2_x_h5,14.77458509120399,13.141558241844177,16.951239109039307,54444.0,True,196,8,wt_med,-2.104143006143273,-2.818550133705139,-1.474640488624573,-3.3340115785598754,-1.0891881704330446,54227.0,0.9999631193641778,True
UC3,5,busy,all,MAE,clim,17.68950665622553,16.006254196166992,19.824846029281616,53634.0,True,195,8,wt_med,0.7673870774753233,-0.018471431732177728,1.5581130981445312,-0.330897855758667,1.711023902893066,53488.0,0.9863357244278891,False
UC3,5,busy,all,MAE,h5,16.602018143088,14.95096287727356,18.66516284942627,54456.0,True,196,8,wt_med,-0.26740074498884425,-0.38107130527496336,-0.16203508377075196,-0.3640877723693848,-0.18169550895690917,54229.0,1.0,True
UC3,5,busy,all,MAE,lvlh5_cbd,19.910347738361576,17.230576372146608,23.471462583541868,47323.0,True,171,8,wt_med,2.7496960215920723,0.8851097106933594,4.752606582641601,-0.6788531541824341,5.721897888183594,47118.0,0.8688708993343045,False
UC3,5,busy,all,MAE,lvlh5_naive,16.4063832400934,14.584213209152221,18.67874240875244,53624.0,True,196,8,wt_med,-0.5062737274990425,-1.1364582777023315,0.12966599464416503,-1.2533877849578856,0.167388582229614,53442.0,0.9854874698039794,False
UC3,5,busy,all,MAE,lvlh5_tft,15.436154230743949,13.817978858947754,17.377070236206055,53335.0,True,192,8,wt_med,-1.492871645412988,-2.5748973846435548,-0.49983975887298593,-3.266247510910034,0.17265534400939925,53118.0,0.9795128068007892,False
UC3,5,busy,all,MAE,oracle_level,9.371079876666117,8.756839275360107,10.05816216468811,54373.0,True,196,8,wt_med,-7.508241912838605,-9.102948188781738,-6.238517808914184,-9.131871652603149,-5.962927150726318,54158.0,0.9986907374283133,True
UC3,5,busy,all,MAE,oracle_shape,13.106618414328459,11.2950443983078,15.435357332229614,53580.0,True,196,8,wt_med,-3.8007619404359474,-4.615622735023498,-2.9954099655151367,-4.568006873130798,-2.8400363683700567,53364.0,0.9840491250069151,True
UC3,5,busy,all,MAE,prod_served,16.142859819036737,14.513378643989563,18.001081800460813,53381.0,True,195,8,wt_med,-0.828468458295692,-2.0335701942443847,0.3503776073455806,-2.811617922782898,1.0657646417617792,53136.0,0.9798447325231887,False
UC3,5,busy,all,MAE,prod_served_lin,16.07842200872708,14.461939835548401,17.928153038024902,53397.0,True,195,8,wt_med,-0.8905368028900433,-2.093504047393799,0.272837972640991,-2.880473494529724,0.9928536891937254,53148.0,0.9800660163381216,False
UC3,5,busy,all,MAE,snaive7,18.260221073493657,15.855874872207641,21.061654806137085,48943.0,True,193,8,wt_med,1.3924478100695836,-0.39034276008605956,3.369107151031494,-1.0693149805068969,3.666957950592041,48860.0,0.9009939331354072,False
UC3,5,busy,all,MAE,wt_med,16.886131036899076,15.23013072013855,18.93451976776123,54229.0,True,196,8,wt_med,,,,,,,,
UC3,6,all,all,MAE,chronos2,6.4499571146527375,5.9017995476722716,7.034095275402069,187737.0,True,210,8,snaive7,-0.603442527866517,-0.9790144324302673,-0.24810547828674318,-0.8314593076705933,-0.38074252605438236,167130.0,0.9998564198284217,True
UC3,6,all,all,MAE,chronos2_grid,6.112026934512292,5.558068013191223,6.691494393348694,187737.0,True,210,8,snaive7,-0.9371483442934991,-1.2436358451843261,-0.6605245113372803,-1.1761649012565614,-0.6909721732139588,167130.0,0.9998564198284217,True
UC3,6,all,all,MAE,chronos2_nocov,6.801944187473232,6.182709264755249,7.4279746294021605,187737.0,True,210,8,snaive7,-0.2639698637813579,-0.6186131358146667,0.09163651466369603,-0.5410009384155273,0.024814844131469723,167130.0,0.9998564198284217,False
UC3,6,all,all,MAE,chronos2_owx,6.454623783150403,5.888735496997834,7.055543088912964,187737.0,True,210,8,snaive7,-0.5982773877314296,-0.9697106361389161,-0.2511597633361817,-0.8283002257347107,-0.37580668926239025,167130.0,0.9998564198284217,True
UC3,6,all,all,MAE,chronos2_owx_x_h5,6.560538954818861,6.044033885002136,7.1064878582954405,186925.0,True,210,8,snaive7,-0.47404411552737713,-0.9207000970840454,-0.056031167507171735,-0.8484948635101318,-0.09256068468093873,166767.0,0.9976847697332998,True
UC3,6,all,all,MAE,chronos2_x_h5,6.5648852746054365,6.046455085277557,7.108594930171966,186925.0,True,210,8,snaive7,-0.4694499321597192,-0.9149415016174316,-0.05176515579223646,-0.847451114654541,-0.09026147127151493,166767.0,0.9976847697332998,True
UC3,6,all,all,MAE,clim,7.595646046180098,6.949740028381347,8.299146485328674,185188.0,True,209,8,snaive7,0.5872417364758045,-0.003007745742797832,1.1569531917572022,0.029734432697296143,1.1861455798149108,165093.0,0.9876700527657131,False
UC3,6,all,all,MAE,h5,7.203309334723782,6.64605199098587,7.785096764564514,186990.0,True,210,8,snaive7,0.1630870441096235,-0.395678448677063,0.6948910593986511,-0.37870564460754397,0.7604582667350769,166789.0,0.99781638489058,False
UC3,6,all,all,MAE,lvlh5_cbd,8.652671346908141,7.866250061988831,9.549299573898315,162772.0,True,180,8,snaive7,1.6813858180821972,0.9366018652915955,2.422492027282715,1.0278610587120056,2.4081679940223695,145557.0,0.8707957931009728,False
UC3,6,all,all,MAE,lvlh5_naive,7.147611410075906,6.621919858455658,7.709642589092255,185349.0,True,210,8,snaive7,0.10197338151627022,-0.3580778956413269,0.536487865447998,-0.25527751445770264,0.5124318242073057,166290.0,0.994831113823181,False
UC3,6,all,all,MAE,lvlh5_tft,6.907097557878967,6.3904847502708435,7.501576662063599,183899.0,True,206,8,snaive7,-0.12423053984317356,-0.5928136467933655,0.27765549421310415,-0.5333384871482849,0.2890937209129333,164030.0,0.981310647666224,False
UC3,6,all,all,MAE,oracle_level,4.681902526295852,4.359030699729919,5.051962924003601,186141.0,True,210,8,snaive7,-2.4068853589939305,-2.882265877723694,-1.9458351016044617,-2.9803824424743652,-1.7892275273799898,166370.0,0.9953097143951087,True
UC3,6,all,all,MAE,oracle_shape,5.915672228996108,5.397335267066955,6.460491156578064,185102.0,True,210,8,snaive7,-1.1777903846472357,-1.7173403024673461,-0.6308314085006714,-1.9130878090858459,-0.3869118690490725,165981.0,0.9929825191141104,True
UC3,6,all,all,MAE,prod_served,7.376365001918162,6.806853938102722,8.006759190559388,185073.0,True,209,8,snaive7,0.42635269327649716,-0.06087106466293334,0.9050460457801818,-0.1693738341331482,1.0578951120376587,165152.0,0.9880230206875097,False
UC3,6,all,all,MAE,prod_served_lin,7.358195886867247,6.7900672316551205,7.98407027721405,185163.0,True,209,8,snaive7,0.4084335945068789,-0.07518774271011351,0.8902791619300842,-0.18072770833969115,1.0352884650230405,165152.0,0.9880230206875097,False
UC3,6,all,all,MAE,snaive7,7.076378668772509,6.4123169660568236,7.75665887594223,167154.0,True,207,8,snaive7,,,,,,,,
UC3,6,all,all,MAE,wt_med,7.370635316585394,6.8149616599082945,7.960241496562958,186411.0,True,210,8,snaive7,0.3172302302842711,-0.24306607246398926,0.8504685401916503,-0.26057010889053345,0.9627712726593017,166707.0,0.997325819304354,False
UC3,6,busy,all,MAE,chronos2,13.409386179976746,12.534533500671387,14.263622641563416,55844.0,True,201,8,snaive7,-1.3709559981329225,-2.3099446535110473,-0.4997878313064578,-1.9454254150390624,-0.8392282485961915,49640.0,0.9999194263153655,True
UC3,6,busy,all,MAE,chronos2_grid,12.692108355964736,11.659474778175355,13.779024481773376,55844.0,True,201,8,snaive7,-2.0748575785965055,-2.8136618375778197,-1.4195606231689453,-2.712972807884216,-1.5552385091781615,49640.0,0.9999194263153655,True
UC3,6,busy,all,MAE,chronos2_nocov,14.347922191272517,13.270707130432129,15.373478865623474,55844.0,True,201,8,snaive7,-0.4747693909934032,-1.2781759023666381,0.3785745859146118,-1.3125016927719115,0.21696062088012694,49640.0,0.9999194263153655,False
UC3,6,busy,all,MAE,chronos2_owx,13.439974830422306,12.5612042427063,14.349974226951598,55844.0,True,201,8,snaive7,-1.340428673548626,-2.220729446411133,-0.4906634807586675,-1.8893322229385376,-0.7991942644119263,49640.0,0.9999194263153655,True
UC3,6,busy,all,MAE,chronos2_owx_x_h5,13.362979050241927,12.480411076545716,14.345853328704834,55616.0,True,201,8,snaive7,-1.3422318675162312,-2.481053948402405,-0.25774538516998313,-2.2483028173446655,-0.341105937957764,49482.0,0.9967367657722987,True
UC3,6,busy,all,MAE,chronos2_x_h5,13.361974409544153,12.461279606819152,14.33284821510315,55616.0,True,201,8,snaive7,-1.34385551427318,-2.5153765439987184,-0.24718878269195563,-2.2532737016677857,-0.3376410722732545,49482.0,0.9967367657722987,True
UC3,6,busy,all,MAE,clim,16.192108052783567,15.067414164543152,17.383097314834593,54714.0,True,200,8,snaive7,1.4891246521525634,0.021636056900024427,2.916033840179443,0.11109113693237306,3.1017401695251463,48872.0,0.9844492788655225,False
UC3,6,busy,all,MAE,h5,15.261687567421792,14.29566969871521,16.17573552131653,55620.0,True,201,8,snaive7,0.5771416878865043,-0.7992207050323487,1.8793125391006467,-0.9332866191864013,2.2256836175918577,49482.0,0.9967367657722987,False
UC3,6,busy,all,MAE,lvlh5_cbd,16.925893679700796,15.242030453681945,18.674479722976685,47531.0,True,173,8,snaive7,2.4223282808461057,0.4986559391021729,4.245336318016052,0.5604296684265136,4.0080681324005125,42585.0,0.8578075900410925,False
UC3,6,busy,all,MAE,lvlh5_naive,14.495358412947501,13.519503092765808,15.434879732131957,55105.0,True,201,8,snaive7,-0.22585955756350984,-1.3997854471206665,0.8692998647689819,-1.092089796066284,0.7563054084777832,49354.0,0.9941584078639916,False
UC3,6,busy,all,MAE,lvlh5_tft,13.671181057379354,12.768604159355164,14.601300168037413,54522.0,True,197,8,snaive7,-1.0951171233904091,-2.2262925148010253,-0.06592688560485865,-1.9779120206832885,-0.31613051891326954,48504.0,0.9770364998791394,True
UC3,6,busy,all,MAE,oracle_level,8.907063017765532,8.470260334014892,9.373377180099487,55453.0,True,201,8,snaive7,-5.9404540919365285,-7.05026650428772,-4.883513641357422,-6.941843962669372,-4.947258079051972,49378.0,0.9946418499717992,True
UC3,6,busy,all,MAE,oracle_shape,11.20080947583734,10.17807204723358,12.16677234172821,55064.0,True,201,8,snaive7,-3.58408028118113,-4.830755043029785,-2.3958566665649417,-4.725501441955567,-2.126521635055542,49282.0,0.9927080815405689,True
UC3,6,busy,all,MAE,prod_served,14.476912082676732,13.575958228111267,15.426269221305848,54574.0,True,200,8,snaive7,-0.13433815236337665,-1.221697950363159,0.9521534681320186,-1.236314296722412,0.9131824970245355,48765.0,0.982293932801547,False
UC3,6,busy,all,MAE,prod_served_lin,14.430842782041653,13.536172032356262,15.380437898635865,54593.0,True,200,8,snaive7,-0.18211832256741545,-1.2709101915359498,0.9089632511138911,-1.2890100479125977,0.8646363019943231,48765.0,0.982293932801547,False
UC3,6,busy,all,MAE,snaive7,14.83397792281041,13.605385446548462,16.140492010116578,49644.0,True,199,8,snaive7,,,,,,,,
UC3,6,busy,all,MAE,wt_med,15.643702420896922,14.617889714241027,16.589765357971192,55434.0,True,201,8,snaive7,0.9353504923269789,-0.41579487323760983,2.246644258499145,-0.6554276943206787,2.6680462837219237,49459.0,0.9962734670856498,False
UC3,7,all,all,MAE,chronos2,6.7870570654497815,6.208296287059784,7.440999162197113,161895.0,True,186,7,wt_med,-0.6013897917165014,-1.0565999150276184,-0.19443404674530032,-1.2918311595916747,0.03241041898727372,160345.0,1.0,False
UC3,7,all,all,MAE,chronos2_grid,6.54678640897825,5.96853266954422,7.208830869197845,161895.0,True,186,7,wt_med,-0.8308354925375516,-1.2757143259048462,-0.4076203346252442,-1.4349684596061707,-0.2730690479278566,160345.0,1.0,True
UC3,7,all,all,MAE,chronos2_nocov,7.153818034097806,6.505284285545349,7.854328942298889,161895.0,True,186,7,wt_med,-0.234510277912233,-0.7126021146774292,0.2324054956436157,-0.9415315270423888,0.39803775548934933,160345.0,1.0,False
UC3,7,all,all,MAE,chronos2_owx,6.795675772316406,6.206405401229858,7.434384953975678,161895.0,True,186,7,wt_med,-0.5905752435495248,-1.022730576992035,-0.17953307628631593,-1.2807052254676818,0.06212176084518429,160345.0,1.0,False
UC3,7,all,all,MAE,chronos2_owx_x_h5,6.684522440256157,6.13114607334137,7.251338744163513,160944.0,True,186,7,wt_med,-0.686282644996604,-0.9662871479988098,-0.44007525444030765,-1.1750803112983703,-0.2761795520782472,160320.0,0.9998440861891547,True
UC3,7,all,all,MAE,chronos2_x_h5,6.6960945863824355,6.14799473285675,7.2684607028961175,160944.0,True,186,7,wt_med,-0.6746245032957594,-0.9577457070350647,-0.4271469712257385,-1.1600082755088805,-0.2602570176124573,160320.0,0.9998440861891547,True
UC3,7,all,all,MAE,clim,7.632337363594767,6.946296966075897,8.295859265327454,159543.0,True,185,7,wt_med,0.2927587291601128,-0.026152288913726805,0.6171132445335386,-0.2653736352920532,0.7890848994255064,158950.0,0.9913000093548286,False
UC3,7,all,all,MAE,h5,7.185646097603399,6.589636325836182,7.818191993236542,160978.0,True,186,7,wt_med,-0.18504474726371267,-0.2454262852668762,-0.13230764865875244,-0.3005544662475586,-0.09933556318283081,160345.0,1.0,True
UC3,7,all,all,MAE,lvlh5_cbd,9.147666893066605,8.283023953437805,10.119581580162048,151079.0,True,170,7,wt_med,1.834591174729133,1.1401738047599792,2.481415557861328,0.7877097606658936,3.1279183983802796,150671.0,0.9396675917552777,False
UC3,7,all,all,MAE,lvlh5_naive,7.592078497030216,6.960230445861816,8.2596825838089,159634.0,True,186,7,wt_med,0.22291972960104012,0.011691975593566896,0.43122078180313106,-0.07464280128479003,0.5327309846878051,159114.0,0.9923228039539742,False
UC3,7,all,all,MAE,lvlh5_tft,7.2579750575795074,6.676601231098175,7.892456376552581,158827.0,True,183,7,wt_med,-0.10762449952062436,-0.5356577157974243,0.29463032484054563,-0.7164929866790771,0.476012873649597,158203.0,0.9866413046867691,False
UC3,7,all,all,MAE,oracle_level,4.7888744256275135,4.451862585544586,5.151625323295593,160332.0,True,184,7,wt_med,-2.5711827473111235,-3.067551052570343,-2.157620143890381,-3.4135042905807493,-1.77440305352211,159782.0,0.9964888209797624,True
UC3,7,all,all,MAE,oracle_shape,6.592745893460081,5.951095056533814,7.325389564037323,159307.0,True,184,7,wt_med,-0.7665924332763412,-1.107988166809082,-0.3957428932189943,-1.2517333984375,-0.28314675092697145,158589.0,0.9890486139262216,True
UC3,7,all,all,MAE,prod_served,7.865296476207699,7.2344272375106815,8.566808581352234,160367.0,True,186,7,wt_med,0.5114226017555863,0.005938017368316667,0.9921866774559019,-0.23031375408172608,1.1763086318969724,159377.0,0.9939630172440674,False
UC3,7,all,all,MAE,prod_served_lin,7.845647795369372,7.220820820331573,8.547962641716003,160367.0,True,186,7,wt_med,0.4917797109997055,-0.018487370014190666,0.9725733041763306,-0.24450098276138305,1.1502357363700864,159377.0,0.9939630172440674,False
UC3,7,all,all,MAE,wt_med,7.36605132682653,6.764627516269684,8.020783400535583,160345.0,True,185,7,wt_med,,,,,,,,
UC3,7,busy,all,MAE,chronos2,13.817353336774444,12.767536091804505,14.898023438453674,48631.0,True,178,7,wt_med,-1.4876525501989555,-2.5749481916427612,-0.49773526191711437,-3.2054688930511475,0.14395847320556573,48008.0,1.0,False
UC3,7,busy,all,MAE,chronos2_grid,13.35214895738399,12.208184599876404,14.536213755607605,48631.0,True,178,7,wt_med,-1.9207669019579914,-3.0811471700668336,-0.8539361476898194,-3.3644314050674438,-0.4313369750976563,48008.0,1.0,True
UC3,7,busy,all,MAE,chronos2_nocov,14.769187486825485,13.554059839248657,16.058801651000977,48631.0,True,178,7,wt_med,-0.5342431716214939,-1.7866114854812623,0.6651672363281249,-2.3997929096221924,1.257970738410949,48008.0,1.0,False
UC3,7,busy,all,MAE,chronos2_owx,13.84767449031804,12.802444648742675,14.94054901599884,48631.0,True,178,7,wt_med,-1.450291161963472,-2.5098907709121705,-0.43334684371948246,-3.2001679658889772,0.19738657474517718,48008.0,1.0,False
UC3,7,busy,all,MAE,chronos2_owx_x_h5,13.335215619660858,12.443936133384705,14.301666545867919,48280.0,True,178,7,wt_med,-1.9401548389262935,-2.6079591035842897,-1.3251365423202515,-3.2044569969177243,-0.8077945232391358,48006.0,0.9999583402766206,True
UC3,7,busy,all,MAE,chronos2_x_h5,13.373745742567994,12.480571985244751,14.344936513900757,48280.0,True,178,7,wt_med,-1.9013368798626615,-2.5624771118164062,-1.2963207721710208,-3.175379252433777,-0.8033222198486336,48006.0,0.9999583402766206,True
UC3,7,busy,all,MAE,clim,16.021418301759134,14.988372206687927,17.063953161239624,47296.0,True,177,7,wt_med,0.7024654978694542,-0.10334746837615967,1.450219750404358,-0.6723914861679077,1.936235427856445,47171.0,0.9825654057657057,False
UC3,7,busy,all,MAE,h5,14.8638915636454,13.9221262216568,15.954764008522034,48291.0,True,178,7,wt_med,-0.41233101774704295,-0.562632703781128,-0.2704939365386963,-0.641390609741211,-0.18609025478363042,48008.0,1.0,True
UC3,7,busy,all,MAE,lvlh5_cbd,18.008180645935614,15.90428547859192,20.042260122299194,43956.0,True,163,7,wt_med,2.784346093310079,0.8103604316711426,4.5682630062103255,-0.3524590969085693,6.095556449890136,43790.0,0.9121396433927679,False
UC3,7,busy,all,MAE,lvlh5_naive,15.327280244566811,14.194010233879089,16.615679359436037,47778.0,True,178,7,wt_med,0.03894334235540242,-0.47433953285217284,0.5580578804016113,-0.7309728145599366,0.8517936706542966,47539.0,0.9902307948675221,False
UC3,7,busy,all,MAE,lvlh5_tft,14.255003305363525,13.12755582332611,15.328061056137084,47387.0,True,175,7,wt_med,-1.021708144738037,-2.1085299491882323,0.032314729690551665,-2.725386548042297,0.6170786142349238,47113.0,0.9813572737877021,False
UC3,7,busy,all,MAE,oracle_level,8.896475321505946,8.452096605300904,9.346133923530578,48171.0,True,176,7,wt_med,-6.374004080318844,-7.461340308189392,-5.395284223556518,-8.308178448677063,-4.634134888648988,47918.0,0.9981253124479254,True
UC3,7,busy,all,MAE,oracle_shape,12.522665025097364,11.25459818840027,13.891976404190064,47689.0,True,176,7,wt_med,-2.7830512101078924,-3.4700241565704344,-2.0409519910812377,-3.731185460090637,-1.8469465255737305,47432.0,0.9880019996667222,True
UC3,7,busy,all,MAE,prod_served,15.468097618347544,14.313660287857056,16.58623585700989,47614.0,True,178,7,wt_med,0.12379523165370365,-1.0987319946289062,1.2702255725860594,-1.8088799476623536,1.8457970857620238,47312.0,0.985502416263956,False
UC3,7,busy,all,MAE,prod_served_lin,15.410105221153442,14.274044394493103,16.526455736160276,47614.0,True,178,7,wt_med,0.06568365319580671,-1.155758261680603,1.208487629890442,-1.856383728981018,1.7701082229614258,47312.0,0.985502416263956,False
UC3,7,busy,all,MAE,wt_med,15.282036327278787,14.258533048629761,16.434491252899168,48008.0,True,177,7,wt_med,,,,,,,,
UC3,10,all,all,MAE,chronos2_owx_x_h5,7.249370622577723,6.640474736690521,7.939838027954101,225450.0,True,239,8,wt_med,0.08990533073425766,-0.09350091218948364,0.2666973233222961,-0.2027246832847595,0.36372669935226437,223915.0,0.9997455039022735,False
UC3,10,all,all,MAE,chronos2_x_h5,7.265457416574226,6.646116173267364,7.978832006454468,225450.0,True,239,8,wt_med,0.10615877806252794,-0.0864296555519104,0.28709858655929565,-0.1842546582221985,0.3789534211158752,223915.0,0.9997455039022735,False
UC3,10,all,all,MAE,clim,7.430233031858552,6.835446405410766,8.071279335021972,220914.0,True,235,8,wt_med,0.3912137125190389,0.1426450490951538,0.6344163179397583,0.029288136959075933,0.8116786241531372,219945.0,0.9820200739378137,False
UC3,10,all,all,MAE,h5,7.069543404910015,6.4754765152931215,7.74300240278244,225539.0,True,239,8,wt_med,-0.09076720527565918,-0.12274235486984253,-0.06119232177734376,-0.1517146944999695,-0.04546815156936647,223972.0,1.0,True
UC3,10,all,all,MAE,lvlh5_cbd,10.473640876346002,9.596817827224731,11.396536684036255,207779.0,True,220,8,wt_med,3.2817397685660907,2.775253343582153,3.7926030516624447,2.465324580669403,4.11466691493988,206654.0,0.9226778347293412,False
UC3,10,all,all,MAE,lvlh5_naive,7.351281203768674,6.760085844993592,8.038811016082764,223886.0,True,239,8,wt_med,0.2173371656049774,0.09702423810958863,0.355066442489624,0.04711049795150757,0.37696762084960933,222504.0,0.9934456092725876,False
UC3,10,all,all,MAE,lvlh5_tft,7.537538902070003,6.911236119270325,8.196823740005494,221934.0,True,235,8,wt_med,0.4064652039865768,0.19775159358978273,0.6270898699760437,0.11881606578826906,0.68812997341156,220440.0,0.9842301716285964,False
UC3,10,all,all,MAE,oracle_level,5.199750872597142,4.8858957529068,5.522282361984253,224979.0,True,239,8,wt_med,-1.9636958325334222,-2.364239811897278,-1.6047879576683044,-2.5993174076080323,-1.379533576965332,223488.0,0.9978390155912347,True
UC3,10,all,all,MAE,oracle_shape,5.9502084970373845,5.390997159481048,6.577567017078399,224177.0,True,239,8,wt_med,-1.1810701449657595,-1.3972041130065918,-0.9499633073806762,-1.5281033635139465,-0.8354005217552185,222161.0,0.9919141678424088,True
UC3,10,all,all,MAE,prod_served,8.202776187750429,7.58585866689682,8.813956832885742,223616.0,True,238,8,wt_med,1.1440149822875068,0.8326165199279785,1.4590806007385253,0.784799587726593,1.5100140690803527,221595.0,0.9893870662404229,False
UC3,10,all,all,MAE,prod_served_lin,8.183392122346676,7.568629443645477,8.791959190368653,223823.0,True,238,8,wt_med,1.1285001690902936,0.816358995437622,1.4420815706253052,0.7661333441734314,1.5017984986305237,221775.0,0.9901907381279803,False
UC3,10,all,all,MAE,wt_med,7.150518814851856,6.547989881038665,7.837344610691071,223972.0,True,239,8,wt_med,,,,,,,,
UC3,10,busy,all,MAE,chronos2_owx_x_h5,14.509099996471676,13.37228171825409,15.881257796287537,65235.0,True,229,8,wt_med,-0.3432083938128603,-0.8524568319320679,0.12981061935424784,-1.1640220642089845,0.39323966503143304,64669.0,0.9997526474453119,False
UC3,10,busy,all,MAE,chronos2_x_h5,14.539663842523304,13.392697596549988,15.911022305488586,65235.0,True,229,8,wt_med,-0.31223594374689867,-0.8185612440109253,0.18246362209320066,-1.12946674823761,0.42735939025878905,64669.0,0.9997526474453119,False
UC3,10,busy,all,MAE,clim,15.732337841918719,14.53225827217102,16.93058052062988,62917.0,True,225,8,wt_med,1.027402288577857,0.3696953058242798,1.6665452241897578,0.04667465686798097,2.0506879806518548,62659.0,0.9686789827626189,False
UC3,10,busy,all,MAE,h5,14.597647691930566,13.478264975547791,15.929454708099366,65271.0,True,229,8,wt_med,-0.26117531112313586,-0.33536314964294434,-0.18835189342498782,-0.38524527549743653,-0.14940245151519777,64685.0,1.0,True
UC3,10,busy,all,MAE,lvlh5_cbd,20.367329669263643,18.553951692581176,22.44418487548828,59834.0,True,212,8,wt_med,5.625967287197925,4.168293929100036,7.003683137893677,3.3537489652633665,7.805539536476135,59399.0,0.9182808997449177,False
UC3,10,busy,all,MAE,lvlh5_naive,14.782089677652824,13.630609941482543,16.138584184646607,64752.0,True,229,8,wt_med,-0.02033081970401085,-0.34624481201171875,0.3267562389373779,-0.42025616168975827,0.3441623210906982,64227.0,0.992919533122053,False
UC3,10,busy,all,MAE,lvlh5_tft,14.936153480184295,13.79126238822937,16.332063102722167,63765.0,True,225,8,wt_med,0.08833219937932668,-0.42068607807159425,0.6470725536346432,-0.5307039260864258,0.744097065925598,63215.0,0.9772744840380304,False
UC3,10,busy,all,MAE,oracle_level,9.63919391008691,9.218649053573609,10.106025457382202,65198.0,True,229,8,wt_med,-5.222573300516547,-6.220016407966614,-4.265191221237183,-6.372949123382568,-4.009069037437439,64632.0,0.9991806446625957,True
UC3,10,busy,all,MAE,oracle_shape,11.380970482442994,10.229490804672242,12.713543772697449,64860.0,True,229,8,wt_med,-3.3957426106166544,-3.8748753309249877,-2.9209531784057616,-3.960726761817932,-2.800913453102112,64179.0,0.9921774754579887,True
UC3,10,busy,all,MAE,prod_served,16.665121741172786,15.48692991733551,17.986149072647095,63865.0,True,228,8,wt_med,1.9028012843833544,1.1937368154525756,2.6092588663101197,1.14450101852417,2.7133778095245358,63221.0,0.9773672412460385,False
UC3,10,busy,all,MAE,prod_served_lin,16.608008038534923,15.435734415054322,17.92006335258484,63942.0,True,228,8,wt_med,1.8555688532878314,1.1419236421585084,2.563404107093811,1.0835451364517212,2.680951380729675,63294.0,0.978495787276803,False
UC3,10,busy,all,MAE,wt_med,14.84889077838757,13.72070291042328,16.188893461227416,64685.0,True,229,8,wt_med,,,,,,,,
UC3,14,all,all,MAE,chronos2_owx_x_h5,7.202904887807275,6.576792931556701,7.828744661808014,160184.0,True,186,7,clim,-0.47242188081180814,-0.7626827359199524,-0.1814184665679932,-0.8208173274993896,-0.16265919208526614,158742.0,0.9959095072587425,True
UC3,14,all,all,MAE,chronos2_x_h5,7.209056465437079,6.58069372177124,7.833928823471069,160184.0,True,186,7,clim,-0.4664279770484079,-0.7622308611869812,-0.1708336949348451,-0.829253613948822,-0.15059360265731817,158742.0,0.9959095072587425,True
UC3,14,all,all,MAE,clim,7.634672572367843,6.927443027496338,8.305964684486389,159394.0,True,185,7,clim,,,,,,,,
UC3,14,all,all,MAE,h5,7.564654634414239,6.934504878520966,8.206886196136475,160236.0,True,186,7,clim,-0.10945539971154528,-0.3998700141906738,0.19722323417663568,-0.6152447104454041,0.45341206789016714,158777.0,0.9961290889243007,False
UC3,14,all,all,MAE,lvlh5_cbd,9.543359555371365,8.622322726249696,10.536381101608276,149871.0,True,170,7,clim,1.9643892292071028,1.2582537412643433,2.570968127250671,0.8233214735984802,3.142415225505829,148964.0,0.934564663663626,False
UC3,14,all,all,MAE,lvlh5_naive,8.117394639980954,7.439089524745941,8.841300964355469,159037.0,True,186,7,clim,0.46750407862894594,0.09436991214752198,0.8632855892181395,-0.17321302890777587,1.1650222539901731,157956.0,0.9909783304264903,False
UC3,14,all,all,MAE,lvlh5_tft,7.811317919278987,7.174557447433472,8.511664485931396,157778.0,True,183,7,clim,0.21600975185287474,-0.28400776386260984,0.705784511566162,-0.5445582389831543,0.909727942943573,156336.0,0.9808148361920775,False
UC3,14,all,all,MAE,oracle_level,4.8876768300123,4.533222126960754,5.275190579891205,159579.0,True,184,7,clim,-2.769426210601539,-3.2344794392585756,-2.320280933380127,-3.5154443621635436,-2.067907679080963,158236.0,0.9927349837509567,True
UC3,14,all,all,MAE,oracle_shape,7.198546737378581,6.508150351047516,7.98572758436203,158872.0,True,184,7,clim,-0.4438132545412037,-0.9700452566146851,0.11469943523406934,-1.3437822937965394,0.564368987083435,157819.0,0.9901188250498764,False
UC3,14,all,all,MAE,prod_served,8.581660258256829,7.85336002111435,9.412591648101806,159686.0,True,185,7,clim,0.9660450464640089,0.33612895011901855,1.5679898262023921,0.15750499963760375,1.7421041607856749,158725.0,0.9958028533068999,False
UC3,14,all,all,MAE,prod_served_lin,8.559652580366423,7.833650386333465,9.391265368461609,159706.0,True,185,7,clim,0.9437612208258521,0.317868709564209,1.5461760520935055,0.13985848426818848,1.7178925871849058,158745.0,0.9959283285443618,False
UC3,14,all,all,MAE,wt_med,7.732672956763945,7.090739357471466,8.38520941734314,159404.0,True,185,7,clim,0.06129087214951845,-0.25980688333511354,0.392300522327423,-0.4853765249252319,0.6787441253662109,158482.0,0.994278329171738,False
UC3,14,busy,all,MAE,chronos2_owx_x_h5,14.65136442051519,13.663692569732666,15.705415081977844,47004.0,True,177,7,clim,-1.444461054796161,-2.0894532442092895,-0.7713030576705933,-2.1135589361190794,-0.7853662014007569,46272.0,0.9974348472764114,True
UC3,14,busy,all,MAE,chronos2_x_h5,14.676547980968559,13.700079035758971,15.716553330421448,47004.0,True,177,7,clim,-1.4194179978562733,-2.071538710594177,-0.735685133934021,-2.126236605644226,-0.718932819366455,46272.0,0.9974348472764114,True
UC3,14,busy,all,MAE,clim,16.072050613265503,15.01363172531128,17.10179934501648,46391.0,True,176,7,clim,,,,,,,,
UC3,14,busy,all,MAE,h5,15.812768554168173,14.764262914657593,16.97554955482483,47011.0,True,177,7,clim,-0.2834516554287685,-0.9953818321228027,0.5440366029739376,-1.5615738391876222,1.2143153190612792,46272.0,0.9974348472764114,False
UC3,14,busy,all,MAE,lvlh5_cbd,19.24094766062825,17.129858922958373,21.4282696723938,42624.0,True,163,7,clim,3.207575371136464,1.1916393041610718,4.964131593704224,-0.23606910705566403,6.285813426971434,42125.0,0.9080425082451338,False
UC3,14,busy,all,MAE,lvlh5_naive,16.605673450375228,15.333232307434082,18.04530940055847,46660.0,True,177,7,clim,0.576710206900426,-0.40458240509033205,1.6281576871871946,-1.0898581266403198,2.485769152641296,46136.0,0.9945032441637387,False
UC3,14,busy,all,MAE,lvlh5_tft,15.51844992142768,14.236036348342896,16.708067274093626,45853.0,True,174,7,clim,-0.42936142192886884,-1.7751225709915162,0.824807786941528,-2.4106040477752684,1.508082604408262,45121.0,0.9726240003448945,False
UC3,14,busy,all,MAE,oracle_level,9.109904137449343,8.627352547645568,9.602779078483582,46883.0,True,175,7,clim,-6.96365472006784,-7.996777868270874,-6.020908904075623,-8.37784240245819,-5.517156052589416,46179.0,0.995430148089069,True
UC3,14,busy,all,MAE,oracle_shape,13.850646325647016,12.435384917259217,15.420958447456359,46609.0,True,175,7,clim,-2.2130537240360333,-3.4148300886154175,-0.9876637220382694,-4.221357250213623,0.0933564186096188,46098.0,0.9936841197646095,False
UC3,14,busy,all,MAE,prod_served,17.27602435128017,15.824895191192628,18.692574739456177,46322.0,True,176,7,clim,1.1929784454604828,-0.3888167381286621,2.7172765254974367,-0.9194329261779784,3.13418698310852,45930.0,0.9900627276842491,False
UC3,14,busy,all,MAE,prod_served_lin,17.213991281077348,15.766094541549682,18.653309535980224,46336.0,True,176,7,clim,1.131711975448372,-0.4497504234313965,2.645225763320923,-0.9619110107421874,3.0776646614074705,45944.0,0.9903645103576124,False
UC3,14,busy,all,MAE,wt_med,16.180446053646413,15.0889728307724,17.363111782073975,46676.0,True,176,7,clim,0.07729871367317998,-0.6518479347229004,0.8905798435211181,-1.2753926277160643,1.6362669944763177,46178.0,0.9954085921838287,False
UC3,21,all,all,MAE,chronos2_owx_x_h5,7.47756252744529,6.849292242527008,8.101659798622132,159731.0,True,186,7,clim,-0.31884208328099195,-0.588550066947937,-0.04714934825897224,-0.654716944694519,-0.006450521945953422,156646.0,0.9951148238732014,True
UC3,21,all,all,MAE,chronos2_x_h5,7.479339224582579,6.850626420974732,8.112929773330688,159731.0,True,186,7,clim,-0.31716598519640904,-0.5918552994728088,-0.03749731779098517,-0.6541016817092895,0.003803944587707439,156646.0,0.9951148238732014,False
UC3,21,all,all,MAE,clim,7.7676110917002825,7.0533791303634645,8.440247416496277,157415.0,True,184,7,clim,,,,,,,,
UC3,21,all,all,MAE,h5,7.747310124601818,7.0968856573104855,8.41798493862152,159789.0,True,186,7,clim,-0.04313962319543574,-0.3425068616867065,0.27336373329162594,-0.5481393575668335,0.5257248640060425,156686.0,0.995368929263412,False
UC3,21,all,all,MAE,lvlh5_cbd,9.616078666260089,8.672654628753662,10.651891374588013,149328.0,True,169,7,clim,1.887192722226379,1.1932092905044556,2.574542486667633,0.7661452412605285,3.047922313213348,146891.0,0.9331448718355938,False
UC3,21,all,all,MAE,lvlh5_naive,8.474913541282207,7.783587276935577,9.27938985824585,158202.0,True,186,7,clim,0.7051669260947042,0.3055058717727661,1.130893778800964,0.09311171770095826,1.4446533441543579,155840.0,0.989994600260458,False
UC3,21,all,all,MAE,lvlh5_tft,7.95666992380307,7.295929539203644,8.64136471748352,157245.0,True,183,7,clim,0.2563611041927656,-0.2310842514038086,0.7801989197731017,-0.3269269347190857,0.8846996426582336,154160.0,0.9793221738716132,False
UC3,21,all,all,MAE,oracle_level,4.973910951660277,4.6096068024635315,5.365641272068023,159136.0,True,184,7,clim,-2.8274062737026258,-3.3011539578437805,-2.3882051110267644,-3.584946322441101,-2.1006737589836124,156163.0,0.9920465012864086,True
UC3,21,all,all,MAE,oracle_shape,7.635850940311928,6.8655890583992,8.502653098106384,158117.0,True,182,7,clim,-0.12090512851086732,-0.6922069072723389,0.5021881461143493,-1.0585758209228515,0.9552391290664671,155818.0,0.9898548422958422,False
UC3,21,all,all,MAE,prod_served,8.941288116845572,8.152655625343323,9.778650975227356,159116.0,True,183,7,clim,1.191047192844894,0.6015543699264526,1.8049243450164794,0.5603020548820495,1.8733897924423215,156867.0,0.9965187561541149,False
UC3,21,all,all,MAE,prod_served_lin,8.924520596144664,8.137672710418702,9.756994390487671,159156.0,True,183,7,clim,1.1710495707648487,0.5830900073051453,1.7832942008972168,0.5347089052200318,1.8530271291732787,156907.0,0.9967728615443255,False
UC3,21,all,all,MAE,wt_med,7.921682611461358,7.259241127967835,8.626072883605957,158777.0,True,185,7,clim,0.1301574913961847,-0.18984534740447997,0.46573938131332393,-0.40921237468719485,0.7375165224075317,156326.0,0.9930819807515167,False
UC3,21,busy,all,MAE,chronos2_owx_x_h5,15.301389184477793,14.345280170440674,16.297994709014894,46463.0,True,175,7,clim,-1.1497654493422296,-1.7179121255874634,-0.4895008563995362,-1.7849534749984741,-0.4562317848205568,45345.0,0.9970535851711779,True
UC3,21,busy,all,MAE,chronos2_x_h5,15.312102680429282,14.372817778587342,16.312487411499024,46463.0,True,175,7,clim,-1.1400206364340821,-1.7187268018722535,-0.48193869590759286,-1.8041059017181396,-0.4099268913269046,45345.0,0.9970535851711779,True
UC3,21,busy,all,MAE,clim,16.44689856857011,15.373377871513366,17.490352725982664,45479.0,True,173,7,clim,,,,,,,,
UC3,21,busy,all,MAE,h5,16.30736776699447,15.254631996154785,17.481073093414306,46471.0,True,175,7,clim,-0.13724363215348845,-0.913729214668274,0.6942833423614502,-1.3919626951217652,1.4589977741241456,45345.0,0.9970535851711779,False
UC3,21,busy,all,MAE,lvlh5_cbd,19.356326777617607,17.170398950576782,21.62180037498474,42157.0,True,161,7,clim,2.8627854925711986,0.8369287014007568,4.708810472488404,-0.4818496227264404,5.990964341163634,41273.0,0.9075177554475692,False
UC3,21,busy,all,MAE,lvlh5_naive,17.630506636118717,16.30005717277527,19.11278381347656,45780.0,True,175,7,clim,1.2057624222399603,0.15932812690734863,2.3489850997924804,-0.5720317125320434,3.321956205368042,45195.0,0.9937553596165263,False
UC3,21,busy,all,MAE,lvlh5_tft,15.849532639706238,14.584952354431152,17.156037712097167,45228.0,True,172,7,clim,-0.45034289828040563,-1.6854611873626708,0.7757382392883294,-1.625007152557373,1.170379662513732,44110.0,0.9698981947712131,False
UC3,21,busy,all,MAE,oracle_level,9.286126169459132,8.779786849021912,9.787087535858154,46342.0,True,173,7,clim,-7.185484696517195,-8.188212299346924,-6.22294385433197,-8.541402792930603,-5.7224972486495975,45253.0,0.9950306734976583,True
UC3,21,busy,all,MAE,oracle_shape,14.986051266964605,13.480748176574707,16.580578136444093,45720.0,True,171,7,clim,-1.4579328461280383,-2.719592261314392,-0.18592915534973178,-3.6380385637283323,1.3457980155944824,45166.0,0.9931177026759603,False
UC3,21,busy,all,MAE,prod_served,18.103335084033613,16.637183475494385,19.659542179107667,45696.0,True,172,7,clim,1.6065192341783359,0.1971599578857422,3.0730040788650514,0.2424166202545166,3.458289647102356,45128.0,0.9922821522021152,False
UC3,21,busy,all,MAE,prod_served_lin,18.046707562437124,16.57757411003113,19.610326194763182,45726.0,True,172,7,clim,1.5430737632313196,0.12717213630676272,2.998392724990844,0.17835493087768559,3.4046743869781495,45158.0,0.9929417973130455,False
UC3,21,busy,all,MAE,wt_med,16.70770199279295,15.5756920337677,17.888876962661744,46066.0,True,174,7,clim,0.24187167075569604,-0.5870448112487793,1.1086076259613036,-1.1128405809402466,1.900494861602783,45243.0,0.9948107917940148,False
UC3,30,all,all,MAE,chronos2_owx_x_h5,7.867006080151721,7.371843254566192,8.40682578086853,239488.0,True,236,8,wt_med,0.09407419592007127,-0.08652417659759522,0.26084991693496706,-0.1475527763366699,0.3288007259368895,236597.0,0.9997042257686961,False
UC3,30,all,all,MAE,chronos2_x_h5,7.867905034099943,7.377500450611114,8.399654912948607,239488.0,True,236,8,wt_med,0.0950000398900519,-0.08267296552658081,0.2566790699958801,-0.14944376945495605,0.3350432634353637,236597.0,0.9997042257686961,False
UC3,30,all,all,MAE,clim,7.90590118561643,7.405957293510437,8.48036606311798,230513.0,True,231,8,wt_med,0.1251404758468997,-0.12824627161026,0.36266160011291504,-0.23705843687057496,0.5000133633613586,228687.0,0.9662817376313555,False
UC3,30,all,all,MAE,h5,7.741942173336004,7.274106168746949,8.295527696609497,239604.0,True,236,8,wt_med,-0.025195210992660755,-0.05257047414779663,0.002252578735351558,-0.08288449048995972,0.022695076465606673,236667.0,1.0,False
UC3,30,all,all,MAE,lvlh5_cbd,11.444577449924374,10.71668894290924,12.28794732093811,220631.0,True,217,8,wt_med,3.6226700531805287,3.2057037115097047,4.102814126014709,2.912680983543396,4.404147982597351,217948.0,0.9209057452031758,False
UC3,30,all,all,MAE,lvlh5_naive,7.918708981152908,7.442335975170136,8.453333234786987,237396.0,True,236,8,wt_med,0.14638435400517746,0.003553915023803711,0.2798038244247436,-0.056192636489868164,0.32432568073272705,234713.0,0.9917436736004597,False
UC3,30,all,all,MAE,lvlh5_tft,8.530707530737882,8.002040183544159,9.092832493782044,236855.0,True,233,8,wt_med,0.7799152710996147,0.47180852890014646,1.0603282570838928,0.3421311616897583,1.186744713783264,233970.0,0.9886042414024769,False
UC3,30,all,all,MAE,oracle_level,5.971612850672467,5.632858312129974,6.3395021796226505,239045.0,True,236,8,wt_med,-1.834863240506185,-2.1154441952705385,-1.5783956527709961,-2.2827620029449465,-1.3842239260673526,236199.0,0.9980225379964254,True
UC3,30,all,all,MAE,oracle_shape,6.0901804051465325,5.685755407810211,6.546625316143036,240333.0,True,235,8,wt_med,-1.6615367022075347,-1.9368742823600769,-1.4090294122695923,-2.058760440349579,-1.2941434502601625,234326.0,0.9901084646359652,True
UC3,30,all,all,MAE,prod_served,9.317098670949072,8.749496006965638,9.887334895133971,239118.0,True,234,8,wt_med,1.5845296045033406,1.1105571150779725,2.066814291477203,0.8187488198280335,2.3233351230621335,233782.0,0.9878098763241179,False
UC3,30,all,all,MAE,prod_served_lin,9.284040793250776,8.71765296459198,9.849727320671082,239672.0,True,234,8,wt_med,1.5526396480326836,1.0808991551399232,2.039977502822876,0.7871203541755677,2.298656666278839,233999.0,0.9887267764411599,False
UC3,30,all,all,MAE,wt_med,7.787906636751216,7.307588696479797,8.34820065498352,236667.0,True,236,8,wt_med,,,,,,,,
UC3,30,busy,all,MAE,chronos2_owx_x_h5,14.452351557433227,13.627663946151733,15.278749680519104,66574.0,True,219,8,wt_med,-0.10947659679249,-0.5546512842178345,0.3082356691360471,-0.62945396900177,0.4021517515182495,65845.0,0.9999392549621103,False
UC3,30,busy,all,MAE,chronos2_x_h5,14.460171260480127,13.620913219451904,15.28233606815338,66574.0,True,219,8,wt_med,-0.10158819723324086,-0.5476684093475341,0.32384378910064676,-0.6381464242935181,0.39520468711853024,65845.0,0.9999392549621103,False
UC3,30,busy,all,MAE,clim,15.299369104976538,14.405367588996887,16.186949300765992,63719.0,True,214,8,wt_med,0.6937363782810593,0.11804831027984619,1.304755592346191,-0.1433786392211914,1.5310091972351074,63318.0,0.9615635772752813,False
UC3,30,busy,all,MAE,h5,14.370288845668629,13.570154738426208,15.15855085849762,66584.0,True,219,8,wt_med,-0.18481772692068255,-0.2596734046936035,-0.10926194190979006,-0.3331165313720703,-0.064412522315979,65849.0,1.0,True
UC3,30,busy,all,MAE,lvlh5_cbd,21.553986227470343,20.06184039115906,23.312909269332884,61246.0,True,205,8,wt_med,7.043481942374886,5.761856627464295,8.511653804779053,5.159562563896179,9.282105374336243,60571.0,0.9198469225045179,False
UC3,30,busy,all,MAE,lvlh5_naive,14.617871887895678,13.790395188331605,15.41580650806427,65655.0,True,219,8,wt_med,0.03260848657860116,-0.23627324104309083,0.35085909366607654,-0.3254814147949219,0.3708621978759765,64972.0,0.9866816504426794,False
UC3,30,busy,all,MAE,lvlh5_tft,15.805742522822351,14.907527637481689,16.66708106994629,65351.0,True,216,8,wt_med,1.2313482645095917,0.6593035221099853,1.8081952810287474,0.5200986385345459,1.8922107934951782,64626.0,0.9814272046652189,False
UC3,30,busy,all,MAE,oracle_level,10.544510976513969,10.086243271827698,11.018966007232667,66539.0,True,219,8,wt_med,-4.06119787814224,-4.68866879940033,-3.4125041484832765,-4.930502963066101,-3.1590522766113285,65812.0,0.9994381083995201,True
UC3,30,busy,all,MAE,oracle_shape,10.62891816075366,9.799528312683105,11.509326195716858,66157.0,True,218,8,wt_med,-3.8963131306980276,-4.458929872512817,-3.345587015151978,-4.375608968734741,-3.4478875875473025,64916.0,0.9858312199122234,True
UC3,30,busy,all,MAE,prod_served,17.967825913845118,17.018576431274415,18.8290771484375,65301.0,True,217,8,wt_med,3.362715188494226,2.5127810716629027,4.223246550559997,2.1713201999664307,4.426233220100403,64246.0,0.9756564260656958,False
UC3,30,busy,all,MAE,prod_served_lin,17.8764334468384,16.933511972427368,18.74637141227722,65489.0,True,217,8,wt_med,3.2780784712940214,2.4316235542297364,4.145642375946045,2.089921259880066,4.3356640338897705,64342.0,0.977114306975049,False
UC3,30,busy,all,MAE,wt_med,14.578156084374857,13.762411189079284,15.374942970275878,65849.0,True,219,8,wt_med,,,,,,,,
UC3,45,all,all,MAE,chronos2_owx_x_h5,7.647047338064657,7.045348644256592,8.271122121810913,219909.0,True,235,8,wt_med,0.02159110204904735,-0.14571006298065187,0.18708345890045167,-0.24921154975891113,0.2750447034835815,217589.0,0.9997656680757214,False
UC3,45,all,all,MAE,chronos2_x_h5,7.663559188070302,7.05899475812912,8.302630472183228,219909.0,True,235,8,wt_med,0.03862028144829743,-0.12689001560211183,0.20194628238677978,-0.23123044967651368,0.2886842250823974,217589.0,0.9997656680757214,False
UC3,45,all,all,MAE,clim,7.920235658856642,7.3044824481010435,8.613042163848876,213529.0,True,231,8,wt_med,0.37711374186023505,0.12617676258087157,0.6150995016098021,0.0162406325340271,0.7486746072769165,211769.0,0.9730242602462783,False
UC3,45,all,all,MAE,h5,7.51816173763652,6.9190736532211305,8.16849489212036,220023.0,True,235,8,wt_med,-0.10119807939716985,-0.13140134811401366,-0.07087545394897463,-0.1671762228012085,-0.04579387903213501,217640.0,1.0,True
UC3,45,all,all,MAE,lvlh5_cbd,10.127156334091186,8.829922032356261,11.596587347984313,55187.0,True,72,8,wt_med,1.3761825502271918,0.6383882761001587,2.172274088859558,0.6491183280944824,2.1718346834182736,54901.0,0.2522560191141334,False
UC3,45,all,all,MAE,lvlh5_naive,7.838967206740191,7.212183773517609,8.552398014068604,217277.0,True,234,8,wt_med,0.20887474832001462,0.023914778232574464,0.3837079286575316,-0.06735943555831908,0.4711365342140196,215195.0,0.988765851865466,False
UC3,45,all,all,MAE,lvlh5_tft,7.898495104982118,7.317112004756927,8.505310440063477,217523.0,True,234,8,wt_med,0.3245963275654855,0.028070461750030525,0.632267415523529,-0.01186047792434692,0.6097307801246643,215221.0,0.9888853151994119,False
UC3,45,all,all,MAE,oracle_level,5.268930976569333,4.948951339721679,5.587796485424041,219545.0,True,235,8,wt_med,-2.381181767175624,-2.8126466035842896,-1.9709398865699768,-3.189698052406311,-1.6748265624046328,217256.0,0.9982356184524903,True
UC3,45,all,all,MAE,oracle_shape,6.530367809945149,5.918469154834748,7.183320236206054,218732.0,True,233,8,wt_med,-1.0976891816666843,-1.3368316888809204,-0.8546075224876405,-1.5235010385513306,-0.6659988880157471,214858.0,0.9872174232677816,True
UC3,45,all,all,MAE,prod_served,8.544779153576048,7.925979721546173,9.187538242340088,216440.0,True,232,8,wt_med,1.0250159741406852,0.6064544320106506,1.4378509759902953,0.5544340133666992,1.4709009051322937,212844.0,0.9779636096305826,False
UC3,45,all,all,MAE,prod_served_lin,8.51610457742419,7.895377850532531,9.151909399032593,216825.0,True,232,8,wt_med,0.9980637762408504,0.5812763452529908,1.409273052215576,0.5212154150009155,1.4444344401359557,212979.0,0.978583900018379,False
UC3,45,all,all,MAE,wt_med,7.647312074986216,7.040170204639435,8.317731833457946,217640.0,True,235,8,wt_med,,,,,,,,
UC3,45,busy,all,MAE,chronos2_owx_x_h5,15.34151618541382,14.160783052444458,16.47727026939392,60993.0,True,210,8,wt_med,-0.6775518846408204,-1.1138779401779175,-0.2399082660675049,-1.2474159002304077,-0.06576585769653323,60504.0,1.0,True
UC3,45,busy,all,MAE,chronos2_x_h5,15.386410181122523,14.187516784667968,16.561600112915038,60993.0,True,210,8,wt_med,-0.6313677387227887,-1.0619142055511475,-0.1970315456390381,-1.1873226642608643,-0.0379597902297974,60504.0,1.0,True
UC3,45,busy,all,MAE,clim,16.957238462453077,15.662971997261048,18.15183687210083,58873.0,True,206,8,wt_med,1.1085492006497386,0.5073762893676758,1.7462777376174927,0.1804668426513672,2.026322555541992,58485.0,0.9666303054343515,False
UC3,45,busy,all,MAE,h5,15.701171650845179,14.450937080383301,16.976391220092772,60993.0,True,210,8,wt_med,-0.3129927360174545,-0.3838172435760498,-0.24311299324035646,-0.4433887004852295,-0.17677574157714845,60504.0,1.0,True
UC3,45,busy,all,MAE,lvlh5_cbd,16.463131132075304,14.642470240592957,18.484003114700318,22052.0,True,72,8,wt_med,1.907840572727114,0.3408921957015991,3.544926333427429,0.31422214508056645,3.6902158260345455,21957.0,0.36290162633875445,False
UC3,45,busy,all,MAE,lvlh5_naive,15.807150852524497,14.53695318698883,17.177382230758667,60130.0,True,209,8,wt_med,-0.2804724665935403,-0.7239354848861694,0.18979923725128164,-0.8500811576843261,0.3862503528594968,59678.0,0.9863480100489224,False
UC3,45,busy,all,MAE,lvlh5_tft,15.57457114042934,14.516262650489807,16.7331494808197,59880.0,True,209,8,wt_med,-0.3361219364659771,-1.1205273628234862,0.44836039543151845,-0.9615489959716796,0.3495180606842041,59395.0,0.9816706333465556,False
UC3,45,busy,all,MAE,oracle_level,9.705061002759091,9.246713042259216,10.161320471763611,60942.0,True,210,8,wt_med,-6.338948199799798,-7.381908845901489,-5.3047277450561525,-7.69342610836029,-4.818601298332214,60453.0,0.9991570805236017,True
UC3,45,busy,all,MAE,oracle_shape,12.487433799274745,11.16148841381073,13.85717670917511,60521.0,True,208,8,wt_med,-3.5625646650040643,-4.138408637046814,-2.9463419914245605,-4.372361421585083,-2.714128088951111,59617.0,0.9853398122438186,True
UC3,45,busy,all,MAE,prod_served,17.32974843514105,16.23261432647705,18.517934703826903,58951.0,True,207,8,wt_med,1.3939599855493814,0.4037052631378174,2.3739474534988405,0.5178228855133057,2.335280895233154,58129.0,0.9607463969324342,False
UC3,45,busy,all,MAE,prod_served_lin,17.236487286630236,16.143090963363647,18.430347156524657,59111.0,True,207,8,wt_med,1.312990722446525,0.3242610692977905,2.300712728500366,0.4258359432220459,2.2853578329086304,58205.0,0.9620025122305963,False
UC3,45,busy,all,MAE,wt_med,16.040410551368506,14.765314745903016,17.316743469238283,60504.0,True,210,8,wt_med,,,,,,,,
UC3,60,all,all,MAE,chronos2_owx_x_h5,8.2630404099179,7.542844474315643,9.051276516914367,188180.0,True,211,8,wt_med,-0.07452517331219966,-0.24629604816436768,0.10984323024749755,-0.33467286825180054,0.1728225231170653,186182.0,0.9996939416556145,False
UC3,60,all,all,MAE,chronos2_x_h5,8.298538467602434,7.571404922008514,9.09273178577423,188180.0,True,211,8,wt_med,-0.038476993931155334,-0.2114229679107666,0.14280266761779767,-0.308884334564209,0.21751272678375244,186182.0,0.9996939416556145,False
UC3,60,all,all,MAE,clim,8.355164061612989,7.645432007312775,9.082731485366821,184961.0,True,211,8,wt_med,0.07913412221271265,-0.1555084228515625,0.31880285739898684,-0.32808823585510255,0.4549985647201538,183467.0,0.9851158994625185,False
UC3,60,all,all,MAE,h5,8.313121822827306,7.584875333309173,9.11876995563507,188257.0,True,211,8,wt_med,-0.02672070565241569,-0.05927013158798218,0.005058050155639648,-0.06962466239929199,0.028863263130187982,186239.0,1.0,False
UC3,60,all,all,MAE,lvlh5_naive,8.547778277045685,7.876605749130249,9.252364993095398,185764.0,True,211,8,wt_med,0.33498213162819823,0.14063090085983276,0.5346808433532715,0.07846797704696655,0.5828666090965271,183982.0,0.9878811634512642,False
UC3,60,all,all,MAE,lvlh5_tft,0.47260309615170903,0.12360160928219557,1.1897752016782759,3352.0,True,18,8,wt_med,0.08594055808492085,-0.0012717083096504206,0.2583571195602417,0.006101086735725403,1.07088041305542,3351.0,0.01799300898308088,False
UC3,60,all,all,MAE,oracle_level,5.717622427472495,5.176818144321442,6.305950450897217,187703.0,True,211,8,wt_med,-2.649840943838738,-3.2266127824783326,-2.0348698973655703,-3.327649486064911,-1.9091192364692688,185727.0,0.9972508443451694,True
UC3,60,all,all,MAE,oracle_shape,7.263499159153019,6.644577181339264,7.92368335723877,186905.0,True,211,8,wt_med,-0.9829049010205297,-1.3134035229682923,-0.6496414661407472,-1.5697464227676392,-0.3272537231445314,183475.0,0.9851588550196253,True
UC3,60,all,all,MAE,prod_served,0.3383838383838384,0.045600986853241925,0.9382307559251784,3168.0,True,18,8,wt_med,-0.0695322376738306,-0.1412512943148613,0.008114990778267375,-0.3166666030883789,0.1795226186513878,3164.0,0.0169889228357111,False
UC3,60,all,all,MAE,prod_served_lin,0.3379571248423707,0.04491596668958664,0.9365307316184042,3172.0,True,18,8,wt_med,-0.06948831332912192,-0.1421712040901184,0.008862179704010481,-0.3166666030883789,0.1873843163251853,3166.0,0.016999661724987784,False
UC3,60,all,all,MAE,wt_med,8.349105182051021,7.6203813552856445,9.122905921936034,186239.0,True,211,8,wt_med,,,,,,,,
UC3,60,busy,all,MAE,chronos2_owx_x_h5,16.427547880372163,14.829092240333557,18.200736713409423,56169.0,True,189,8,wt_med,-0.327376419864823,-0.7517524480819702,0.1030208110809326,-1.0726656913757324,0.2955679893493652,55872.0,0.9999642051759315,False
UC3,60,busy,all,MAE,chronos2_x_h5,16.52554861866679,14.929917144775391,18.285873413085938,56169.0,True,189,8,wt_med,-0.2285341122651836,-0.6611315965652466,0.21092162132263179,-0.9985631942749024,0.428019189834594,55872.0,0.9999642051759315,False
UC3,60,busy,all,MAE,clim,17.145763354642973,15.71354582309723,18.69551396369934,55374.0,True,189,8,wt_med,0.5109783339084295,-0.016236639022827144,1.0620029449462889,-0.5619042873382568,1.4289349555969235,55063.0,0.9854851988402477,False
UC3,60,busy,all,MAE,h5,16.692290746938195,15.131046223640443,18.406636476516724,56176.0,True,189,8,wt_med,-0.06331433224755756,-0.14901406764984132,0.026757192611694316,-0.18788414001464843,0.09043669700622557,55874.0,1.0,False
UC3,60,busy,all,MAE,lvlh5_naive,17.009774152310197,15.61660144329071,18.54893550872803,55475.0,True,189,8,wt_med,0.49187649654216514,0.002829432487487822,0.9720101356506348,-0.27999751567840575,1.1043694019317625,55222.0,0.9883308873536887,False
UC3,60,busy,all,MAE,oracle_level,10.274334424033883,9.479775023460387,11.068626546859742,56104.0,True,189,8,wt_med,-6.486682870336091,-7.662134408950806,-5.433219742774964,-7.740053057670593,-5.343380856513977,55810.0,0.9988545656298099,True
UC3,60,busy,all,MAE,oracle_shape,13.366107638438294,11.997889995574951,14.826343011856078,55653.0,True,189,8,wt_med,-3.1308161328004065,-3.8910130739212034,-2.3701919317245483,-3.955320858955383,-2.0751021862030035,55145.0,0.9869527866270538,True
UC3,60,busy,all,MAE,wt_med,16.76204495829903,15.243384909629821,18.438343858718873,55874.0,True,189,8,wt_med,,,,,,,,
UC3,90,all,all,MAE,chronos2_owx_x_h5,7.983204863002769,7.323983597755432,8.718140053749083,177171.0,True,205,8,wt_med,0.15171441958523513,-0.001307690143585205,0.2958161354064941,0.0034073829650878907,0.3193570017814636,175229.0,0.999703333504487,False
UC3,90,all,all,MAE,chronos2_x_h5,8.034302033255123,7.390231549739838,8.78296821117401,177171.0,True,205,8,wt_med,0.20353741746299558,0.049185967445373534,0.37135090827941897,0.00033218860626220724,0.4242695808410644,175229.0,0.999703333504487,False
UC3,90,all,all,MAE,clim,8.348050066876544,7.636076664924621,9.101141214370728,171211.0,True,201,8,wt_med,0.6413797975872972,0.38196232318878176,0.8985033154487609,0.08103755712509156,1.25363632440567,169851.0,0.9690211717185547,False
UC3,90,all,all,MAE,h5,7.777091819176784,7.126213562488556,8.52867088317871,177256.0,True,205,8,wt_med,-0.05083266298115596,-0.07692615985870362,-0.02540707588195801,-0.08429757356643677,-0.015669608116149914,175281.0,1.0,True
UC3,90,all,all,MAE,lvlh5_naive,8.351891572776786,7.653664124011994,9.123860454559326,174298.0,True,205,8,wt_med,0.5433283254153283,0.3591255068778992,0.7528684139251709,0.302984619140625,0.7713149666786193,172533.0,0.984322316737125,False
UC3,90,all,all,MAE,oracle_level,5.005869428768703,4.60480694770813,5.465239715576171,176491.0,True,205,8,wt_med,-2.8670620668625997,-3.3539073944091795,-2.427837586402893,-3.6893291234970094,-2.050669586658478,174572.0,0.9959550664361796,True
UC3,90,all,all,MAE,oracle_shape,7.285140499113388,6.6432361006736755,8.022497248649596,176871.0,True,204,8,wt_med,-0.5333472593354429,-0.8731495857238769,-0.16972904205322278,-1.3154600501060485,0.1633515119552611,171830.0,0.9803116139227869,False
UC3,90,all,all,MAE,wt_med,7.858213383082022,7.202053225040435,8.605362677574158,175281.0,True,205,8,wt_med,,,,,,,,
UC3,90,busy,all,MAE,chronos2_owx_x_h5,16.553442701933527,15.50197160243988,17.67447986602783,54802.0,True,186,8,wt_med,-0.05616754094340948,-0.4037588119506836,0.28767704963684076,-0.45562217235565183,0.3406761646270752,54371.0,0.9998896592309249,False
UC3,90,busy,all,MAE,chronos2_x_h5,16.692137703279116,15.637698245048522,17.85423641204834,54802.0,True,186,8,wt_med,0.0842335800897942,-0.2815042972564697,0.4654522895812988,-0.4601459980010986,0.6215050220489501,54371.0,0.9998896592309249,False
UC3,90,busy,all,MAE,clim,17.97702648282739,16.699063873291017,19.3859233379364,52147.0,True,182,8,wt_med,1.4756998858513768,0.8845537662506103,2.158735847473144,0.0796395778656006,3.085724258422851,51687.0,0.9505305551979697,False
UC3,90,busy,all,MAE,h5,16.51402230432403,15.463762712478637,17.62174286842346,54810.0,True,186,8,wt_med,-0.08536582562480532,-0.1568523406982422,-0.020610523223876968,-0.17550301551818848,-0.0049914360046386975,54377.0,1.0,True
UC3,90,busy,all,MAE,lvlh5_naive,17.323714303351228,16.210624027252198,18.51635980606079,53814.0,True,186,8,wt_med,0.713237302994937,0.24319882392883302,1.2353209972381591,0.10537114143371583,1.2848161220550534,53417.0,0.9823454769479744,False
UC3,90,busy,all,MAE,oracle_level,9.734129219805759,9.123298978805542,10.410425782203674,54653.0,True,186,8,wt_med,-6.928184912976059,-7.973334264755249,-5.969299316406251,-8.592364358901978,-5.214350891113281,54223.0,0.9971679202604042,True
UC3,90,busy,all,MAE,oracle_shape,13.986594129263619,12.89878945350647,15.231355500221252,54253.0,True,185,8,wt_med,-2.6223276580202324,-3.3986502408981325,-1.8396427154541017,-3.865681219100952,-1.115689539909363,53244.0,0.9791639847729738,True
UC3,90,busy,all,MAE,wt_med,16.64114423377531,15.619361448287965,17.75270719528198,54377.0,True,186,8,wt_med,,,,,,,,
UC2,1,all,all,MAE,chronos2,5.905937985707164,5.421024739742279,6.432684814929962,181155.0,True,203,7,wt_med,-0.9033631724226678,-1.2995442986488341,-0.5360592246055603,-1.4485108971595764,-0.4340498328208925,178882.0,0.9975407504893404,True
UC2,1,all,all,MAE,chronos2_grid,5.851196062850773,5.372482180595398,6.3789679408073425,181155.0,True,203,7,wt_med,-0.9471844731758425,-1.3596749782562256,-0.5723804593086244,-1.4888259410858153,-0.47988122701644903,178882.0,0.9975407504893404,True
UC2,1,all,all,MAE,chronos2_nocov,6.309733123860369,5.773439562320709,6.902147674560547,181155.0,True,203,7,wt_med,-0.49099978787161636,-0.9082551836967468,-0.10399014949798586,-1.038925790786743,0.0017085552215576124,178882.0,0.9975407504893404,False
UC2,1,all,all,MAE,chronos2_owx,5.843189215327779,5.368542122840881,6.3310948491096495,181155.0,True,203,7,wt_med,-0.9670216096865527,-1.3458104252815246,-0.6187838435173035,-1.5092612385749817,-0.4958918809890748,178882.0,0.9975407504893404,True
UC2,1,all,all,MAE,chronos2_owx_x_h5,6.147744301530598,5.738567674160004,6.621648132801056,180162.0,True,203,7,wt_med,-0.6417988426410517,-0.9211220741271973,-0.39494171142578127,-1.0288719415664673,-0.29991010427474984,179294.0,0.9998382806444237,True
UC2,1,all,all,MAE,chronos2_x_h5,6.1376262110015,5.73303405046463,6.609244370460511,180162.0,True,203,7,wt_med,-0.651460282813253,-0.933397090435028,-0.40513839721679695,-1.0408101201057434,-0.3044837832450868,179294.0,0.9998382806444237,True
UC2,1,all,all,MAE,clim,7.144035018578989,6.543412971496582,7.722502732276916,177620.0,True,203,7,wt_med,0.36878654145691847,0.07629027366638184,0.6630673170089721,-0.13420807123184203,0.8760838031768797,177196.0,0.9881387217479074,False
UC2,1,all,all,MAE,h5,6.616646595928877,6.1341772198677065,7.112206029891968,180196.0,True,203,7,wt_med,-0.17001827707544503,-0.22926775217056275,-0.11562327146530153,-0.26947176456451416,-0.09268395900726319,179323.0,1.0,True
UC2,1,all,all,MAE,lvlh5_cbd,8.673264740609634,7.863376128673553,9.585852217674255,143576.0,True,159,7,wt_med,1.9118961041978313,1.155009961128235,2.6848044991493225,0.9653115630149841,2.8967691540718077,143201.0,0.7985646013060232,False
UC2,1,all,all,MAE,lvlh5_naive,6.726422080607185,6.232049548625946,7.252702701091766,179026.0,True,203,7,wt_med,-0.06074434380320248,-0.30109291076660155,0.1770393013954162,-0.3249758243560791,0.1803098201751709,178227.0,0.9938881236651183,False
UC2,1,all,all,MAE,lvlh5_tft,6.570668709652247,6.031505954265595,7.154067587852478,177044.0,True,199,7,wt_med,-0.22475900461098952,-0.5777124881744384,0.11858185529708855,-0.7388766527175903,0.24147167205810535,176176.0,0.9824506616552254,False
UC2,1,all,all,MAE,oracle_level,4.761337123892899,4.426203238964081,5.112314546108245,179416.0,True,203,7,wt_med,-2.024509285270871,-2.4256056427955626,-1.6727877259254456,-2.681300461292267,-1.4277557611465455,178585.0,0.9958845212270595,True
UC2,1,all,all,MAE,oracle_shape,5.418033090815427,4.92244873046875,5.939965629577636,178764.0,True,203,7,wt_med,-1.3705935380128258,-1.7000007152557373,-1.0475246906280518,-1.791745138168335,-0.8843508243560795,177562.0,0.9901797315458697,True
UC2,1,all,all,MAE,snaive7,7.178536168179045,6.532422554492951,7.8719664216041565,159021.0,True,199,7,wt_med,0.35158784252843045,-0.17499910593032836,0.8854670763015745,-0.3591125011444092,1.0108425974845887,158454.0,0.8836234058096284,False
UC2,1,all,all,MAE,wt_med,6.783491242060416,6.273958742618561,7.3042569875717165,179323.0,True,203,7,wt_med,,,,,,,,
UC2,1,busy,all,MAE,chronos2,12.12798710366049,11.364961886405945,12.96330168247223,55339.0,True,197,7,wt_med,-2.093834065604277,-3.0658164978027345,-1.15916805267334,-3.5313037157058718,-0.9324000597000124,54550.0,0.9969114932655933,True
UC2,1,busy,all,MAE,chronos2_grid,12.133614790189938,11.318071699142456,13.048409748077393,55339.0,True,197,7,wt_med,-2.05366924355819,-3.0793267250061036,-1.1198211431503298,-3.471901226043701,-0.9172788381576542,54550.0,0.9969114932655933,True
UC2,1,busy,all,MAE,chronos2_nocov,13.266070925574839,12.316163849830627,14.290219902992249,55339.0,True,197,7,wt_med,-0.9326663170595122,-1.9358822584152222,0.04790058135986325,-2.526873230934143,0.1928493738174438,54550.0,0.9969114932655933,False
UC2,1,busy,all,MAE,chronos2_owx,11.964524565999524,11.207495641708373,12.755925107002259,55339.0,True,197,7,wt_med,-2.2603194108870355,-3.170750284194946,-1.3631030559539796,-3.6791603565216064,-1.1077696800231938,54550.0,0.9969114932655933,True
UC2,1,busy,all,MAE,chronos2_owx_x_h5,12.243215406114725,11.479607200622558,13.051085495948792,55075.0,True,197,7,wt_med,-1.924956839129834,-2.583028483390808,-1.3284205913543703,-2.9487382411956786,-1.1165546178817753,54718.0,0.9999817248122225,True
UC2,1,busy,all,MAE,chronos2_x_h5,12.206776177970658,11.444863510131835,13.011087274551391,55075.0,True,197,7,wt_med,-1.9602162998216084,-2.6349994421005247,-1.3757091760635376,-2.9936230182647705,-1.1298457622528078,54718.0,0.9999817248122225,True
UC2,1,busy,all,MAE,clim,15.051627196901995,14.020501565933227,16.052249956130982,53712.0,True,197,7,wt_med,0.8456854590552219,0.18333938121795657,1.5241284132003783,-0.3008009672164917,1.9367372274398802,53621.0,0.9799338438202453,False
UC2,1,busy,all,MAE,h5,13.77923293752383,12.961225652694703,14.598898363113403,55077.0,True,197,7,wt_med,-0.38553907235146845,-0.5250442743301391,-0.25764901638031007,-0.5644518375396729,-0.2231316566467286,54719.0,1.0,True
UC2,1,busy,all,MAE,lvlh5_cbd,16.854084588912357,15.030026149749755,18.78648738861084,42675.0,True,155,7,wt_med,3.1146241407137953,1.0646338224411012,5.253163433074951,0.42656219005584717,5.566549348831177,42544.0,0.777499588808275,False
UC2,1,busy,all,MAE,lvlh5_naive,13.574939287372016,12.698869109153748,14.394420385360718,54655.0,True,197,7,wt_med,-0.5930344349819947,-1.21764976978302,-0.01726391315460213,-1.338694667816162,-0.012500071525573966,54317.0,0.9926533745134232,True
UC2,1,busy,all,MAE,lvlh5_tft,13.017380684987405,12.018030190467835,14.159122490882874,53897.0,True,193,7,wt_med,-1.1968019345397831,-2.114260458946228,-0.30112335681915303,-2.5915531873703004,-0.06356327533721953,53540.0,0.9784535536102633,True
UC2,1,busy,all,MAE,oracle_level,8.916163655647376,8.504380941390991,9.293072962760926,54923.0,True,196,7,wt_med,-5.241207764653739,-6.169437265396118,-4.376608872413636,-6.470959734916687,-3.906710410118104,54578.0,0.9974231985233648,True
UC2,1,busy,all,MAE,oracle_shape,10.161085043182402,9.24452738761902,11.077812552452087,54633.0,True,196,7,wt_med,-4.017421183241231,-4.6548001050949095,-3.3314683198928834,-4.615456628799438,-3.3918317794799804,54171.0,0.9899851970979002,True
UC2,1,busy,all,MAE,snaive7,15.113920932714807,13.838222432136536,16.43423891067505,48718.0,True,194,7,wt_med,0.8309973823608221,-0.570772385597229,2.1741081714630126,-0.9861472368240356,2.3612373113632197,48517.0,0.8866572854036076,False
UC2,1,busy,all,MAE,wt_med,14.156006140463093,13.282084727287293,15.035438728332519,54719.0,True,197,7,wt_med,,,,,,,,
UC1,m015,all,all,MAE,chronos2,2.8251441138339755,2.583678650856018,3.048878252506256,19605.0,True,184,7,persistence,0.20432096529598498,0.14879302382469178,0.2688843309879303,0.12489123940467835,0.2901149570941925,18056.0,1.0,False
UC1,m015,all,all,MAE,clim,7.16703757375013,6.521561002731323,7.843416213989258,19322.0,True,184,7,persistence,5.0091632572997815,4.450899374485016,5.634405732154846,4.000458610057831,6.01305468082428,17843.0,0.988203367301728,False
UC1,m015,all,all,MAE,h5,6.67306830978706,6.122843682765961,7.247295379638672,19536.0,True,184,7,persistence,4.450524451236454,3.961820459365845,5.018717050552368,3.471839910745621,5.452098524570465,17995.0,0.9966216216216216,False
UC1,m015,all,all,MAE,lvlh5_naive,6.907646414682081,6.359529995918274,7.496239697933197,19369.0,True,184,7,persistence,4.70177985411559,4.221385097503662,5.251618897914886,3.754619616270065,5.668409883975983,17840.0,0.9880372175454143,False
UC1,m015,all,all,MAE,lvlh5_tft,6.463677788139658,5.876819241046905,7.104951465129853,19148.0,True,180,7,persistence,4.259681276565587,3.7990842163562775,4.797251975536346,3.3585090219974516,5.235230445861816,17613.0,0.9754652193176784,False
UC1,m015,all,all,MAE,persistence,2.50825210456358,2.2776553630828857,2.7368972063064576,18056.0,True,184,7,persistence,,,,,,,,
UC1,m015,all,all,MAE,snaive7,7.17651114686279,6.494827306270599,7.913137114048004,17404.0,True,179,7,persistence,4.94280442804428,4.33916300535202,5.659051418304443,4.019926357269287,6.003960704803466,16260.0,0.9005316792202038,False
UC1,m015,all,all,MAE,wt_med,6.701938362135275,6.140101206302643,7.296673226356506,19501.0,True,184,7,persistence,4.51309715811134,4.001478523015976,5.1169478058815,3.4850479304790496,5.551186728477478,17981.0,0.9958462560921577,False
UC1,m015,busy,all,MAE,chronos2,5.6433758288978515,5.3286316871643065,5.927336573600769,5850.0,True,178,7,persistence,0.38746122424028506,0.23811769485473633,0.545068371295929,0.1393683671951294,0.5960330367088318,5471.0,1.0,False
UC1,m015,busy,all,MAE,clim,15.117420259376095,14.054446744918824,16.314831113815305,5706.0,True,178,7,persistence,10.516865449124115,9.373167467117309,11.748772478103637,8.718688678741454,12.254837465286254,5366.0,0.9808078961798574,False
UC1,m015,busy,all,MAE,h5,13.821735395189004,12.930026865005493,14.7840345621109,5820.0,True,178,7,persistence,9.229556932966023,8.266949033737182,10.383655333518982,7.252844560146332,11.010142207145691,5445.0,0.9952476695302505,False
UC1,m015,busy,all,MAE,lvlh5_naive,13.944901671668852,12.995840167999267,14.968670845031738,5765.0,True,178,7,persistence,9.346833419640186,8.326804542541504,10.500045108795167,7.323898077011108,11.309505367279053,5394.0,0.9859257905318954,False
UC1,m015,busy,all,MAE,lvlh5_tft,12.669686714983353,11.623708891868592,13.764094710350037,5674.0,True,174,7,persistence,8.121370715433677,7.0580207228660585,9.230633854866028,6.351338887214661,9.637384748458862,5300.0,0.9687442880643392,False
UC1,m015,busy,all,MAE,persistence,4.996161579235972,4.625355088710785,5.326517546176911,5471.0,True,178,7,persistence,,,,,,,,
UC1,m015,busy,all,MAE,snaive7,14.703617721029213,13.477217411994934,16.022512292861936,5169.0,True,174,7,persistence,9.946972775294595,8.671064472198486,11.349050545692444,8.120945858955384,11.52136058807373,4922.0,0.899652714311826,False
UC1,m015,busy,all,MAE,wt_med,13.944482699259769,13.001183867454529,14.988991141319275,5809.0,True,178,7,persistence,9.356972257945987,8.299116945266723,10.573302316665648,7.314708077907563,11.322381901741027,5443.0,0.994882105647962,False
UC1,m030,all,all,MAE,chronos2,3.5174737183912925,3.2374706625938416,3.797486054897308,19990.0,True,184,7,persistence,-0.3871075299540494,-0.49982315897941587,-0.27415049672126773,-0.6016353130340576,-0.17521762251853945,17943.0,1.0,True
UC1,m030,all,all,MAE,clim,7.131236387580408,6.47843873500824,7.803716599941254,19743.0,True,184,7,persistence,3.6530433801545663,3.1257203698158262,4.224902057647705,2.817049264907837,4.550885319709778,17727.0,0.9879618792844006,False
UC1,m030,all,all,MAE,h5,6.612380109470724,6.068261063098907,7.199329590797424,19914.0,True,184,7,persistence,3.0724716195056483,2.6045706450939177,3.605706912279129,2.2231032490730285,3.973373037576675,17882.0,0.9966003455386502,False
UC1,m030,all,all,MAE,lvlh5_naive,6.8714012623541025,6.341590738296508,7.483656132221222,19752.0,True,184,7,persistence,3.3593170221026165,2.9342771589756014,3.856512916088104,2.5598480701446533,4.196994495391845,17732.0,0.9882405394861505,False
UC1,m030,all,all,MAE,lvlh5_tft,6.450814770749254,5.858462500572204,7.0781890749931335,19522.0,True,180,7,persistence,2.94888619160341,2.5157014191150666,3.4898467302322387,2.2031637489795686,3.703069972991943,17504.0,0.9755336342863512,False
UC1,m030,all,all,MAE,persistence,3.8236638243326087,3.471944797039032,4.158733308315277,17943.0,True,184,7,persistence,,,,,,,,
UC1,m030,all,all,MAE,snaive7,7.0929240783345495,6.457172930240631,7.821135294437409,17821.0,True,179,7,persistence,3.584735836261636,3.036020278930664,4.215680885314941,2.835674548149109,4.474308431148529,16221.0,0.9040294265173048,False
UC1,m030,all,all,MAE,wt_med,6.761603057273596,6.19137521982193,7.380481815338134,19887.0,True,184,7,persistence,3.223550156739812,2.7334112942218782,3.7777749717235567,2.32165841460228,4.191598534584045,17864.0,0.9955971688123503,False
UC1,m030,busy,all,MAE,chronos2,6.977587772181714,6.601868903636932,7.3003323674201965,5976.0,True,178,7,persistence,-0.8210789125669882,-1.0934542298316956,-0.5378565073013306,-1.2721723198890686,-0.37837384939193724,5461.0,1.0,True
UC1,m030,busy,all,MAE,clim,14.877503852080123,13.833522009849549,15.994176483154297,5841.0,True,178,7,persistence,7.698056801195815,6.6261165022850035,8.889603686332702,5.959190022945404,9.414004397392272,5352.0,0.9800402856619667,False
UC1,m030,busy,all,MAE,h5,13.630268803634529,12.740744590759277,14.574312567710876,5943.0,True,178,7,persistence,6.438834192123666,5.422854483127594,7.541467213630677,4.608079361915588,8.284280848503112,5434.0,0.9950558505768174,False
UC1,m030,busy,all,MAE,lvlh5_naive,13.719724746783601,12.794321727752685,14.725347518920898,5888.0,True,178,7,persistence,6.538446668179055,5.5901246786117555,7.6276755094528195,4.64463860988617,8.23382523059845,5383.0,0.9857169016663615,False
UC1,m030,busy,all,MAE,lvlh5_tft,12.560801571789279,11.481470799446106,13.666849541664122,5796.0,True,174,7,persistence,5.412966920470761,4.38026510477066,6.609398090839386,3.8107873797416687,6.733868205547333,5291.0,0.9688701702984801,False
UC1,m030,busy,all,MAE,persistence,7.561984984435085,7.0422925591468815,7.9972575306892395,5461.0,True,178,7,persistence,,,,,,,,
UC1,m030,busy,all,MAE,snaive7,14.385646836638339,13.13475067615509,15.675289463996886,5295.0,True,174,7,persistence,7.180341186027619,5.886675012111664,8.519480180740356,5.502415657043457,8.807361602783203,4924.0,0.9016663614722579,False
UC1,m030,busy,all,MAE,wt_med,13.94347093513058,13.002593231201171,14.989405512809753,5935.0,True,178,7,persistence,6.730344319646473,5.6891745805740355,7.903513085842133,4.779098773002625,8.667047715187072,5431.0,0.9945065006409083,False
UC1,m045,all,all,MAE,chronos2,3.9224870313566584,3.604982203245163,4.2476564168930055,20146.0,True,184,7,persistence,-0.7278988115602449,-0.8605363547801972,-0.5865836560726166,-0.9761078000068665,-0.4773699343204499,17676.0,1.0,True
UC1,m045,all,all,MAE,clim,7.153513839352992,6.475134658813476,7.847399890422821,19907.0,True,184,7,persistence,2.857245131729668,2.3260185599327086,3.4477935910224913,2.089585471153259,3.640591955184936,17460.0,0.9877800407331976,False
UC1,m045,all,all,MAE,h5,6.7011497832477955,6.144791042804718,7.266667354106903,20069.0,True,184,7,persistence,2.37101214804723,1.8963499188423156,2.92250941991806,1.5556900143623351,3.241845804452896,17616.0,0.9966055668703326,False
UC1,m045,all,all,MAE,lvlh5_naive,6.926527086184971,6.3933319568634035,7.4877028465271,19901.0,True,184,7,persistence,2.6297676111680577,2.2107072710990905,3.135528552532196,1.9125404596328734,3.385207158327103,17463.0,0.9879497623896809,False
UC1,m045,all,all,MAE,lvlh5_tft,6.514850771864082,5.928897786140442,7.130691492557526,19669.0,True,180,7,persistence,2.232509087657453,1.8378200769424438,2.7094561100006103,1.5730152308940888,2.8712996840476985,17236.0,0.9751074903824395,False
UC1,m045,all,all,MAE,persistence,4.552500565738855,4.135017728805542,4.943722534179687,17676.0,True,184,7,persistence,,,,,,,,
UC1,m045,all,all,MAE,snaive7,7.180622875926235,6.5803574323654175,7.8577193260192875,17949.0,True,179,7,persistence,2.912945166760882,2.4488747298717497,3.453637719154358,2.319498175382614,3.6025238394737245,15921.0,0.9007128309572301,False
UC1,m045,all,all,MAE,wt_med,6.863427773343974,6.291669154167176,7.4584634542465205,20048.0,True,184,7,persistence,2.488950119304624,2.00171879529953,3.0418638348579408,1.6437998771667481,3.350258725881576,17602.0,0.9958135324734103,False
UC1,m045,busy,all,MAE,chronos2,7.816933206958318,7.410192692279816,8.176300239562988,6064.0,True,178,7,persistence,-1.4619676600264304,-1.7388184070587158,-1.1292406082153321,-1.8698369979858398,-1.0077609062194823,5371.0,1.0,True
UC1,m045,busy,all,MAE,clim,14.829907329401854,13.858015131950378,15.77899055480957,5935.0,True,178,7,persistence,6.007699619771863,4.902570915222168,7.205300498008728,4.425219273567199,7.75421462059021,5260.0,0.979333457456712,False
UC1,m045,busy,all,MAE,h5,13.74309586996185,12.912663698196411,14.615460848808288,6029.0,True,178,7,persistence,4.993870484746397,3.9270879507064818,6.161073303222656,3.150322103500366,6.951781368255615,5343.0,0.9947868180971886,False
UC1,m045,busy,all,MAE,lvlh5_naive,13.795232766937259,12.918449115753173,14.742180824279785,5967.0,True,178,7,persistence,5.0664334531347475,4.073289895057679,6.149287295341491,3.256731390953064,6.832340049743652,5288.0,0.9845466393595234,False
UC1,m045,busy,all,MAE,lvlh5_tft,12.6741413167406,11.673550081253051,13.72766900062561,5878.0,True,174,7,persistence,3.969231663699004,3.062338709831238,5.05532021522522,2.6055068254470823,5.208587050437927,5199.0,0.9679761683113014,False
UC1,m045,busy,all,MAE,persistence,9.039471234407001,8.43791573047638,9.549863862991334,5371.0,True,178,7,persistence,,,,,,,,
UC1,m045,busy,all,MAE,snaive7,14.45205734500093,13.355959916114807,15.626996731758117,5371.0,True,174,7,persistence,5.734300518134715,4.652908229827881,6.833522987365722,4.3903315782547,6.975025725364684,4825.0,0.8983429528951778,False
UC1,m045,busy,all,MAE,wt_med,14.124377283294587,13.238264775276184,15.04997215270996,6022.0,True,178,7,persistence,5.196759692826372,4.097817516326904,6.359345602989197,3.341112232208252,7.185276126861572,5339.0,0.9940420778253584,False
UC1,m060,all,all,MAE,chronos2,4.14558635530926,3.818434053659439,4.48031200170517,20198.0,True,184,7,persistence,-1.0260997180659466,-1.2022066950798034,-0.8488221883773804,-1.333622896671295,-0.7113129138946535,17553.0,1.0,True
UC1,m060,all,all,MAE,clim,7.230312593928464,6.54151976108551,7.9406478047370905,19962.0,True,184,7,persistence,2.383426561328643,1.8554463505744934,2.9945309281349184,1.6146559357643127,3.1698260784149164,17341.0,0.987922292485615,False
UC1,m060,all,all,MAE,h5,6.788299035689432,6.229114317893982,7.40181165933609,20118.0,True,184,7,persistence,1.869273363818234,1.3703178286552429,2.435593342781067,1.0329953670501708,2.7325110912322996,17495.0,0.9966957215290834,False
UC1,m060,all,all,MAE,lvlh5_naive,6.972002527678446,6.429653322696685,7.575750136375428,19948.0,True,184,7,persistence,2.0860959077846744,1.6203851699829102,2.630507266521454,1.3615503072738648,2.87566921710968,17342.0,0.9879792628040791,False
UC1,m060,all,all,MAE,lvlh5_tft,6.545090075198749,5.941858160495758,7.202395009994507,19721.0,True,180,7,persistence,1.655913080810369,1.222186231613159,2.1776071310043332,1.04660062789917,2.3096944093704224,17117.0,0.975160941149661,False
UC1,m060,all,all,MAE,persistence,5.057426081011793,4.602862203121186,5.511105406284332,17553.0,True,184,7,persistence,,,,,,,,
UC1,m060,all,all,MAE,snaive7,7.2499167683941845,6.618725001811981,7.958272337913513,18022.0,True,179,7,persistence,2.4777848101265825,1.9991456151008606,3.0256303668022153,1.9212647557258606,3.0813134789466856,15800.0,0.9001310317324673,False
UC1,m060,all,all,MAE,wt_med,6.9162603244103895,6.351895451545715,7.539506018161774,20098.0,True,184,7,persistence,1.96950626466045,1.4575915694236756,2.535547363758087,1.1206220030784606,2.87268488407135,17479.0,0.995784196433658,False
UC1,m060,busy,all,MAE,chronos2,8.313148587117553,7.89919296503067,8.698153519630432,6072.0,True,178,7,persistence,-2.1430360521383705,-2.5032976865768433,-1.6899256229400637,-2.604093384742737,-1.604791009426117,5309.0,1.0,True
UC1,m060,busy,all,MAE,clim,15.097240915208614,14.084405827522279,16.17859935760498,5944.0,True,178,7,persistence,5.077929574754666,3.906203532218933,6.368991637229919,3.320155072212219,6.894717788696289,5197.0,0.9789037483518553,False
UC1,m060,busy,all,MAE,h5,14.034920076196787,13.1776709318161,14.994034957885741,6037.0,True,178,7,persistence,3.9753479454648755,2.8408888578414917,5.181433510780335,2.1114307641983032,6.0403848648071286,5281.0,0.9947259370879639,False
UC1,m060,busy,all,MAE,lvlh5_naive,14.042181840940113,13.104561233520508,15.01366708278656,5974.0,True,178,7,persistence,3.991100750941639,2.9455151081085207,5.20046455860138,2.164157271385193,5.899923634529114,5225.0,0.9841778112638915,False
UC1,m060,busy,all,MAE,lvlh5_tft,12.813233270947537,11.773658752441406,13.949247574806213,5887.0,True,174,7,persistence,2.720711417430792,1.7191915273666383,3.9270899534225463,1.379731297492981,4.067549705505371,5137.0,0.9676021849689207,False
UC1,m060,busy,all,MAE,persistence,10.154266340177058,9.508894157409667,10.734960150718688,5309.0,True,178,7,persistence,,,,,,,,
UC1,m060,busy,all,MAE,snaive7,14.914174252275682,13.699559211730957,16.22711124420166,5383.0,True,174,7,persistence,5.03081115070216,3.864937686920166,6.328311777114868,3.754767727851868,6.176280236244201,4771.0,0.8986626483330195,False
UC1,m060,busy,all,MAE,wt_med,14.36816373881339,13.473895859718322,15.355197501182555,6034.0,True,178,7,persistence,4.195907540735128,3.060777115821838,5.4432560205459595,2.280649709701538,6.320785021781921,5278.0,0.9941608589188171,False
UC1,m075,all,all,MAE,chronos2,4.3471380791012635,4.010888159275055,4.689537298679352,19996.0,True,184,7,persistence,-1.2868176109682663,-1.50581237077713,-1.0776077032089233,-1.6370702385902405,-0.9274074971675874,16161.0,1.0,True
UC1,m075,all,all,MAE,clim,7.270019703935735,6.56749597787857,7.9872407674789425,19793.0,True,184,7,persistence,2.1159066741727655,1.5466073274612426,2.779696524143219,1.289634358882904,2.988973343372345,15987.0,0.9892333395210693,False
UC1,m075,all,all,MAE,h5,6.769031282926095,6.203968298435211,7.381292343139648,19931.0,True,184,7,persistence,1.5294133618817103,1.021860706806183,2.0948128461837765,0.7066581130027771,2.418573760986328,16113.0,0.9970298867644329,False
UC1,m075,all,all,MAE,lvlh5_naive,6.9715124915228985,6.408396542072296,7.582862138748169,19775.0,True,184,7,persistence,1.7534305604728528,1.299853253364563,2.289998424053192,1.0231769919395446,2.551967000961304,15984.0,0.9890477074438463,False
UC1,m075,all,all,MAE,lvlh5_tft,6.51346352473828,5.882487225532532,7.206533455848693,19567.0,True,180,7,persistence,1.293962551223089,0.8205856680870056,1.8240540623664856,0.6817054152488708,2.0055342078208924,15785.0,0.9767341129880577,False
UC1,m075,all,all,MAE,persistence,5.535734174865417,5.0537161231040955,6.032657504081726,16161.0,True,184,7,persistence,,,,,,,,
UC1,m075,all,all,MAE,snaive7,7.375404530744337,6.717520678043366,8.1444655418396,17922.0,True,179,7,persistence,2.204829992474515,1.7114554166793823,2.7886956214904783,1.6413938879966736,2.8218641400337217,14617.0,0.904461357589258,False
UC1,m075,all,all,MAE,wt_med,6.937886015566156,6.335578167438507,7.553341364860534,19915.0,True,184,7,persistence,1.6475409836065573,1.1120494604110718,2.2312682986259462,0.7643135070800782,2.6032815694808957,16104.0,0.9964729905327641,False
UC1,m075,busy,all,MAE,chronos2,8.595136293628872,8.148006081581116,9.022823071479797,6109.0,True,178,7,persistence,-2.5091594700094095,-2.9762091040611267,-1.9368912458419802,-3.015070366859436,-1.9303126692771913,4946.0,1.0,True
UC1,m075,busy,all,MAE,clim,15.188021354688022,14.06576635837555,16.348526525497437,5994.0,True,178,7,persistence,4.848350515463919,3.5423741340637207,6.268578791618347,2.9138616800308226,6.9612038135528564,4850.0,0.9805903760614638,False
UC1,m075,busy,all,MAE,h5,13.892688291399441,12.982003426551818,14.904779863357543,6081.0,True,178,7,persistence,3.4682801706623323,2.303367352485657,4.712321305274963,1.5589767456054688,5.598242235183715,4922.0,0.9951475940153659,False
UC1,m075,busy,all,MAE,lvlh5_naive,13.860699016108565,12.914618110656738,14.855073523521423,6024.0,True,178,7,persistence,3.514012260047796,2.347637343406677,4.731492328643798,1.779516077041626,5.5070819616317745,4873.0,0.9852405984634047,False
UC1,m075,busy,all,MAE,lvlh5_tft,12.586001935592522,11.446030712127685,13.795578742027283,5942.0,True,174,7,persistence,2.1969198478322607,1.069828701019287,3.47396228313446,0.8112617492675781,3.6752937078475942,4801.0,0.9706833805095026,False
UC1,m075,busy,all,MAE,persistence,10.751718560452892,10.029791021347046,11.433861684799194,4946.0,True,177,7,persistence,,,,,,,,
UC1,m075,busy,all,MAE,snaive7,15.009159186664224,13.718189096450805,16.3338707447052,5459.0,True,174,7,persistence,4.5626122082585265,3.272238302230835,5.9853616714477536,3.066399431228638,5.8690119028091425,4456.0,0.9009300444803882,False
UC1,m075,busy,all,MAE,wt_med,14.312181069958848,13.36124234199524,15.367970371246338,6075.0,True,178,7,persistence,3.751626677511183,2.539887022972107,5.102201437950134,1.7040028810501098,6.03543062210083,4918.0,0.9943388596845936,False
UC1,m090,all,all,MAE,chronos2,4.437905501526534,4.093591153621674,4.790621328353882,20209.0,True,185,7,persistence,-1.6186770716176708,-1.881657648086548,-1.3597521960735321,-2.0627109169960023,-1.1651394784450533,16018.0,1.0,True
UC1,m090,all,all,MAE,clim,7.304815240762038,6.647001695632935,8.009703493118286,19999.0,True,185,7,persistence,1.6502335563691455,1.1003899455070496,2.256331944465637,0.8970947861671448,2.4295023798942563,15842.0,0.9890123610937696,False
UC1,m090,all,all,MAE,h5,6.7142382831893554,6.162436234951019,7.2835250139236445,20142.0,True,185,7,persistence,0.9922114722274404,0.5013308048248291,1.5635490536689756,0.19128963947296143,1.8411857008934018,15969.0,0.996940941440879,False
UC1,m090,all,all,MAE,lvlh5_naive,6.9969232915056505,6.463542532920838,7.57120451927185,19991.0,True,185,7,persistence,1.3166251898299688,0.8593272566795349,1.832089912891388,0.6590832710266114,2.0550466537475582,15844.0,0.9891372206267949,False
UC1,m090,all,all,MAE,lvlh5_tft,6.548068618551747,5.949488973617553,7.202575242519378,19778.0,True,181,7,persistence,0.8611983856815577,0.4185715317726135,1.3506108164787292,0.3059670925140381,1.476167917251587,15645.0,0.9767136970907728,False
UC1,m090,all,all,MAE,persistence,5.957110750405794,5.432076048851013,6.478658092021942,16018.0,True,185,7,persistence,,,,,,,,
UC1,m090,all,all,MAE,snaive7,7.3166840860333355,6.701826560497284,8.082432174682618,18179.0,True,179,7,persistence,1.6538143762049025,1.173233187198639,2.233838808536529,1.185250186920166,2.2030155181884767,14524.0,0.9067299288300662,False
UC1,m090,all,all,MAE,wt_med,6.921188630490956,6.344451117515564,7.5505094766616825,20124.0,True,185,7,persistence,1.1359591401892581,0.6005036354064941,1.7434735894203184,0.2853926301002503,2.0652584075927733,15957.0,0.9961917842427269,False
UC1,m090,busy,all,MAE,chronos2,8.824917968421222,8.361578178405761,9.30005702972412,6161.0,True,179,7,persistence,-3.1686568100435384,-3.7471795797348024,-2.531256079673767,-3.808486747741699,-2.3746771574020387,4895.0,1.0,True
UC1,m090,busy,all,MAE,clim,15.309078882090292,14.270865035057067,16.403494596481323,6047.0,True,179,7,persistence,3.9075849135236496,2.679087257385254,5.270692038536072,2.220824956893921,5.845566296577454,4799.0,0.980388151174668,False
UC1,m090,busy,all,MAE,h5,13.811124470166286,12.932725644111633,14.803725051879884,6134.0,True,179,7,persistence,2.361363403119869,1.1443876028060913,3.633719873428343,0.5435919761657715,4.490095615386963,4872.0,0.9953013278855976,False
UC1,m090,busy,all,MAE,lvlh5_naive,13.95196970611862,13.022440242767335,14.941177606582642,6080.0,True,179,7,persistence,2.6130054963459557,1.4526978492736817,3.9282549381256096,0.9914608716964722,4.476016855239868,4826.0,0.9859039836567927,False
UC1,m090,busy,all,MAE,lvlh5_tft,12.703321143189983,11.665815234184265,13.763905000686645,5997.0,True,175,7,persistence,1.2717962974545909,0.2557897329330444,2.3660555124282836,0.16690752506256107,2.451782417297363,4754.0,0.9711950970377937,False
UC1,m090,busy,all,MAE,persistence,11.59591419816139,10.800895714759827,12.356997203826904,4895.0,True,178,7,persistence,,,,,,,,
UC1,m090,busy,all,MAE,snaive7,14.793760203156177,13.58649275302887,16.098780345916747,5513.0,True,174,7,persistence,3.2865895166780117,2.064811134338379,4.624753355979919,2.1267586231231688,4.457942938804626,4407.0,0.9003064351378958,False
UC1,m090,busy,all,MAE,wt_med,14.336188611519008,13.399236798286438,15.381784033775329,6129.0,True,179,7,persistence,2.7531320599712465,1.5106931924819946,4.030756211280822,0.7714230060577393,4.9493591547012326,4869.0,0.994688457609806,False
UC1,m105,all,all,MAE,chronos2,4.525558163779392,4.200442969799042,4.856634795665741,20204.0,True,185,7,persistence,-1.8890261694535857,-2.1750266313552857,-1.6192197918891906,-2.4333052396774293,-1.3639429807662964,15662.0,1.0,True
UC1,m105,all,all,MAE,clim,7.24869830780014,6.637644743919372,7.902142035961151,19974.0,True,185,7,persistence,1.3574936987009627,0.7951913475990295,1.9908003449440002,0.5253971695899964,2.26177122592926,15473.0,0.9879325756608351,False
UC1,m105,all,all,MAE,h5,6.668484874826148,6.147917640209198,7.235690689086914,20132.0,True,185,7,persistence,0.6265371805546662,0.13962446451187135,1.2062359809875487,-0.2428192377090454,1.5565329670906065,15613.0,0.9968714085046609,False
UC1,m105,all,all,MAE,lvlh5_naive,6.939256045557447,6.407367408275604,7.495625698566437,19979.0,True,185,7,persistence,0.9208228976394723,0.4438654661178589,1.4951015830039978,0.13579992055892945,1.7800761342048643,15489.0,0.9889541565572724,False
UC1,m105,all,all,MAE,lvlh5_tft,6.491326449512983,5.93738021850586,7.09985716342926,19731.0,True,181,7,persistence,0.51166009443474,0.10103232860565187,0.990636122226715,-0.09540978670120238,1.1855509996414184,15295.0,0.9765674881879709,False
UC1,m105,all,all,MAE,persistence,6.2534797599284895,5.72033269405365,6.796499621868134,15662.0,True,185,7,persistence,,,,,,,,
UC1,m105,all,all,MAE,snaive7,7.179239022232054,6.578735673427582,7.868696308135986,18082.0,True,179,7,persistence,1.2734408145948235,0.7411360383033753,1.8496695041656488,0.779229748249054,1.8043508529663086,14142.0,0.9029498148384625,False
UC1,m105,all,all,MAE,wt_med,6.847987077534791,6.32237753868103,7.435464584827423,20120.0,True,185,7,persistence,0.8057033002242875,0.2860383987426758,1.4076459288597105,-0.12596298456192015,1.7687169432640069,15605.0,0.9963606180564424,False
UC1,m105,busy,all,MAE,chronos2,8.896240698890784,8.430442023277283,9.324806451797485,6192.0,True,179,7,persistence,-3.7285217063297953,-4.3324284791946415,-3.1399310350418093,-4.6327770233154295,-2.6647526979446416,4823.0,1.0,True
UC1,m105,busy,all,MAE,clim,15.06246905429939,14.038880109786987,16.202038478851318,6059.0,True,179,7,persistence,3.3870728083209514,2.126806044578552,4.792797112464904,1.3911643505096436,5.699967575073242,4711.0,0.97677793904209,False
UC1,m105,busy,all,MAE,h5,13.529551354859647,12.690495657920838,14.472803831100464,6163.0,True,179,7,persistence,1.5740909564492611,0.3572267055511475,2.9294982194900507,-0.5750418186187743,3.97832703590393,4799.0,0.9950238440804479,False
UC1,m105,busy,all,MAE,lvlh5_naive,13.648072051998334,12.736604642868041,14.648705625534058,6110.0,True,179,7,persistence,1.7519300415754309,0.572248387336731,3.0217723846435547,-0.2282295703887939,4.057387208938598,4755.0,0.9859008915612689,False
UC1,m105,busy,all,MAE,lvlh5_tft,12.373050199882291,11.358362460136414,13.425324845314027,6009.0,True,175,7,persistence,0.5233404742085597,-0.48568158149719237,1.6067357063293455,-0.6947877645492553,2.0138956785202025,4681.0,0.9705577441426498,False
UC1,m105,busy,all,MAE,persistence,12.099108438731081,11.251231265068053,12.905172872543336,4823.0,True,178,7,persistence,,,,,,,,
UC1,m105,busy,all,MAE,snaive7,14.325787758058674,13.208307194709779,15.61569685935974,5522.0,True,174,7,persistence,2.581373905025357,1.334133529663086,3.9441597223281857,1.4023474693298341,3.7256453037261963,4338.0,0.8994401824590503,False
UC1,m105,busy,all,MAE,wt_med,13.96185064935065,13.080492639541626,14.979603385925293,6160.0,True,179,7,persistence,2.078069626850116,0.7927366495132446,3.435171127319335,-0.15416119098663325,4.570580673217774,4797.0,0.9946091644204852,False
UC1,m120,all,all,MAE,chronos2,4.672096501847942,4.346007704734802,5.010938274860382,20201.0,True,184,7,persistence,-2.033342349707099,-2.3600185036659242,-1.7208279728889466,-2.648786520957947,-1.4538498818874361,15552.0,1.0,True
UC1,m120,all,all,MAE,clim,7.417226006812262,6.797170114517212,8.076098012924195,19964.0,True,184,7,persistence,1.1300527240773288,0.5514257907867431,1.7629177689552307,0.3355069875717163,1.972588527202606,15363.0,0.9878472222222222,False
UC1,m120,all,all,MAE,h5,6.764371707583739,6.24613721370697,7.31573896408081,20122.0,True,184,7,persistence,0.3507869444623628,-0.1606515884399414,0.9435293555259704,-0.5712475538253784,1.2922730803489684,15503.0,0.996849279835391,False
UC1,m120,all,all,MAE,lvlh5_naive,7.012238574644144,6.4837224125862125,7.552607643604278,19968.0,True,184,7,persistence,0.6223151620184826,0.1293583631515503,1.19139187335968,-0.21637071371078492,1.5222753047943114,15378.0,0.9888117283950617,False
UC1,m120,all,all,MAE,lvlh5_tft,6.5117994825312495,5.9849988460540775,7.087321937084198,19719.0,True,180,7,persistence,0.1877858239753758,-0.24949347972869873,0.6542490243911743,-0.42936561107635496,0.8576090455055236,15185.0,0.9764017489711934,False
UC1,m120,all,all,MAE,persistence,6.543081275720165,5.956800901889801,7.145263612270355,15552.0,True,184,7,persistence,,,,,,,,
UC1,m120,all,all,MAE,snaive7,7.30073201607133,6.7106599569320675,7.983749604225158,18169.0,True,179,7,persistence,1.0976543122386788,0.5892462134361267,1.6998538017272948,0.6078725814819336,1.6624839305877686,14111.0,0.9073431069958847,False
UC1,m120,all,all,MAE,wt_med,6.969516137053061,6.420940494537353,7.538820791244507,20109.0,True,184,7,persistence,0.5427907577126634,0.0005037903785705569,1.1708924412727355,-0.3882317304611206,1.5247476339340207,15494.0,0.9962705761316872,False
UC1,m120,busy,all,MAE,chronos2,9.197421617530988,8.73102889060974,9.65014669895172,6205.0,True,178,7,persistence,-4.030890192786151,-4.687469148635865,-3.310046148300171,-5.058009648323059,-2.8769673585891726,4807.0,1.0,True
UC1,m120,busy,all,MAE,clim,15.328390179601252,14.318982768058778,16.433311939239502,6069.0,True,178,7,persistence,2.805939961677666,1.5230414628982545,4.1977210521698,0.8151059627532959,5.091962313652038,4697.0,0.977116704805492,False
UC1,m120,busy,all,MAE,h5,13.723598963394881,12.884567952156067,14.66343433856964,6174.0,True,178,7,persistence,0.963895567635376,-0.245510983467102,2.311362457275391,-1.1692561864852904,3.39392032623291,4783.0,0.995007281048471,False
UC1,m120,busy,all,MAE,lvlh5_naive,13.826597224915428,12.90293333530426,14.792943620681763,6120.0,True,178,7,persistence,1.1018986844728644,-0.10982177257537841,2.4105391979217528,-0.9635482788085937,3.4717131376266472,4739.0,0.9858539629706677,False
UC1,m120,busy,all,MAE,lvlh5_tft,12.452910737829441,11.479236841201782,13.485869741439819,6021.0,True,174,7,persistence,-0.15517117592882812,-1.1478892326354981,0.9664594888687131,-1.4204754114151001,1.3202052116394039,4666.0,0.970667776159767,False
UC1,m120,busy,all,MAE,persistence,12.753900561680883,11.86159794330597,13.614540243148804,4807.0,True,177,7,persistence,,,,,,,,
UC1,m120,busy,all,MAE,snaive7,14.549442646530025,13.466162157058715,15.797150874137879,5562.0,True,174,7,persistence,2.2594718714121687,0.9867768049240112,3.714695835113525,1.072360110282898,3.540437602996826,4355.0,0.9059704597462035,False
UC1,m120,busy,all,MAE,wt_med,14.267012313674659,13.385931468009948,15.285448789596558,6172.0,True,178,7,persistence,1.5347207697134486,0.2606477737426758,2.8931163072586057,-0.6450195550918579,4.034914493560791,4781.0,0.9945912211358435,False
UC2-intraday,h2-4,all,all,MAE,chronos2,4.926469628228961,4.558454895019532,5.314043462276459,154235.0,True,186,7,wt_med,-2.0169767804458987,-2.4499237656593325,-1.611512839794159,-2.7136569023132324,-1.3813225269317628,153352.0,0.9996740590083572,True
UC2-intraday,h2-4,all,all,MAE,clim,7.288558767644758,6.623075699806213,7.963321614265442,152099.0,True,185,7,wt_med,0.3775367758418602,0.0801958441734314,0.6766309142112732,-0.09509422779083251,0.8144009351730346,151866.0,0.9899870927367309,False
UC2-intraday,h2-4,all,all,MAE,h5,6.7872131755459995,6.241688978672028,7.366721403598786,153709.0,True,186,7,wt_med,-0.14446438116843385,-0.19630880355834962,-0.09988127946853638,-0.22841638326644897,-0.0739298701286316,153402.0,1.0,True
UC2-intraday,h2-4,all,all,MAE,lvlh5_naive,7.027128558422949,6.5006133913993835,7.59078893661499,152416.0,True,186,7,wt_med,0.09455302638039864,-0.12967649698257447,0.3179290890693663,-0.17807022333145142,0.3492357850074768,152167.0,0.991949257506421,False
UC2-intraday,h2-4,all,all,MAE,lvlh5_tft,6.574355615853674,5.9797070860862735,7.213863003253937,150764.0,True,182,7,wt_med,-0.37690163267044063,-0.7903272032737731,0.0294623851776122,-0.895429813861847,0.13313647508621204,150464.0,0.9808477073310647,False
UC2-intraday,h2-4,all,all,MAE,persistence,7.3967101130653266,6.750284624099732,8.06519057750702,101888.0,True,185,7,wt_med,0.28588914663639553,-0.29361419677734374,0.8078984618186951,-0.7207260370254517,1.2205435395240782,101305.0,0.6603890431676249,False
UC2-intraday,h2-4,all,all,MAE,snaive7,7.290230699364215,6.6896700978279116,7.97867203950882,137625.0,True,181,7,wt_med,0.37408387622149775,-0.21482768058776855,0.9291049718856811,-0.29216829538345335,1.0350713014602662,137536.0,0.8965724045318836,False
UC2-intraday,h2-4,all,all,MAE,wt_med,6.9261059177846445,6.379092693328857,7.524157059192658,153402.0,True,186,7,wt_med,,,,,,,,
UC2-intraday,h2-4,busy,all,MAE,chronos2,9.680606155138513,9.146961283683776,10.210037899017333,46089.0,True,180,7,wt_med,-4.630751641037943,-5.635339951515197,-3.697264623641968,-6.236184072494507,-3.070580363273621,45721.0,0.9996501738198832,True
UC2-intraday,h2-4,busy,all,MAE,clim,15.20517613547856,14.159629607200623,16.30957441329956,44937.0,True,179,7,wt_med,0.877441047451514,0.16895995140075684,1.5639761209487912,-0.2667466402053833,1.843104219436644,44909.0,0.9818964951789579,False
UC2-intraday,h2-4,busy,all,MAE,h5,13.947550751182922,13.075455379486083,14.883987307548523,45861.0,True,180,7,wt_med,-0.341135185954478,-0.4670772314071655,-0.2220423460006714,-0.5126612424850464,-0.1582416534423829,45737.0,1.0,True
UC2-intraday,h2-4,busy,all,MAE,lvlh5_naive,13.992577744355945,13.103099489212036,14.96737389564514,45392.0,True,180,7,wt_med,-0.30464266512868754,-0.8688064336776733,0.22521858215332016,-0.9906155109405518,0.35179564952850334,45282.0,0.9900518180029297,False
UC2-intraday,h2-4,busy,all,MAE,lvlh5_tft,12.706426295367303,11.685214281082153,13.780271053314209,44762.0,True,176,7,wt_med,-1.6629618355581712,-2.734179067611694,-0.6482944726943971,-3.1924289226531983,-0.25367872714996353,44639.0,0.9759931783894877,True
UC2-intraday,h2-4,busy,all,MAE,persistence,14.301555061885116,13.253553891181946,15.261602878570557,31510.0,True,179,7,wt_med,0.030267157254840527,-1.3371268033981323,1.2920275688171385,-2.4956547498703,2.2352311611175537,31255.0,0.6833635787218226,False
UC2-intraday,h2-4,busy,all,MAE,snaive7,14.723083685380088,13.628302931785583,15.950153231620789,40951.0,True,176,7,wt_med,0.4236486321296713,-0.9752060890197753,1.7617867469787591,-1.2430484533309936,2.086153221130371,40903.0,0.8943087653322256,False
UC2-intraday,h2-4,busy,all,MAE,wt_med,14.281872444629075,13.359018754959106,15.28158745765686,45737.0,True,180,7,wt_med,,,,,,,,
UC2-intraday,h4-8,all,all,MAE,chronos2,5.475882645405998,5.075480377674102,5.940601933002472,219705.0,True,186,7,wt_med,-1.6320946183672174,-2.0886368632316588,-1.224491810798645,-2.280690598487854,-1.0209439992904663,218344.0,0.9995422167695153,True
UC2-intraday,h4-8,all,all,MAE,clim,7.4037000406699445,6.759357976913452,8.097664546966552,216376.0,True,185,7,wt_med,0.33971694882308867,0.04474815130233765,0.6240561962127685,-0.08940695524215699,0.721958303451538,216074.0,0.9891505374375126,False
UC2-intraday,h4-8,all,all,MAE,h5,6.906682196035444,6.340008699893952,7.509774911403656,218940.0,True,186,7,wt_med,-0.17690088764168443,-0.2388695001602173,-0.12039086818695069,-0.2851208925247192,-0.08979256153106689,218444.0,1.0,True
UC2-intraday,h4-8,all,all,MAE,lvlh5_naive,7.13032042966931,6.610550045967102,7.709516012668609,216967.0,True,186,7,wt_med,0.04776266890795089,-0.17015599012374877,0.26998857259750364,-0.2250765562057495,0.2968499541282653,216555.0,0.991352474776144,False
UC2-intraday,h4-8,all,all,MAE,lvlh5_tft,6.722370433987653,6.1396897315979,7.401855444908142,214730.0,True,182,7,wt_med,-0.37973081229635497,-0.8351298213005066,0.028691375255584666,-0.910664176940918,0.0984738945960997,214243.0,0.9807685264873377,False
UC2-intraday,h4-8,all,all,MAE,persistence,9.590873062871824,8.74914300441742,10.426490306854248,109763.0,True,175,7,wt_med,2.3824641382656377,1.7247391223907471,2.9961787819862367,1.2398960709571838,3.6057889223098747,109239.0,0.5000778231491824,False
UC2-intraday,h4-8,all,all,MAE,snaive7,7.490241448178285,6.848322975635528,8.172694563865662,195777.0,True,181,7,wt_med,0.42819091829326883,-0.16768693923950193,0.9805450081825255,-0.23987388610839844,1.0915096879005426,195602.0,0.8954331544926846,False
UC2-intraday,h4-8,all,all,MAE,wt_med,7.080414202266943,6.511664152145386,7.708735704421997,218444.0,True,186,7,wt_med,,,,,,,,
UC2-intraday,h4-8,busy,all,MAE,chronos2,10.542824033080228,9.914314413070679,11.215788650512696,66065.0,True,180,7,wt_med,-3.839358834849108,-4.849679255485535,-2.93053674697876,-5.383534383773804,-2.3394213676452638,65483.0,0.9995115622376555,True
UC2-intraday,h4-8,busy,all,MAE,clim,15.208045601592634,14.178738903999328,16.341618919372557,64296.0,True,179,7,wt_med,0.8626336014437523,0.1745445966720581,1.5169457435607907,-0.18964149951934814,1.7444802045822143,64277.0,0.9811035640692971,False
UC2-intraday,h4-8,busy,all,MAE,h5,13.904010180479046,13.00975866317749,14.891335225105285,65714.0,True,180,7,wt_med,-0.41733381668320213,-0.5702682971954346,-0.26931810379028326,-0.6446632385253906,-0.1964406728744507,65515.0,1.0,True
UC2-intraday,h4-8,busy,all,MAE,lvlh5_naive,13.888510967611241,12.967166876792907,14.865581965446472,65012.0,True,180,7,wt_med,-0.42775885684898896,-0.9721505165100097,0.07101080417633035,-1.0955996751785277,0.19818449020385737,64832.0,0.9895749065099596,False
UC2-intraday,h4-8,busy,all,MAE,lvlh5_tft,12.782439763064215,11.69089641571045,13.907346081733703,64123.0,True,176,7,wt_med,-1.6043234599741236,-2.715656614303589,-0.5762240171432497,-3.0905532360076906,-0.276393151283265,63925.0,0.9757307486835076,True
UC2-intraday,h4-8,busy,all,MAE,persistence,18.037070120589547,16.766675567626955,19.189187669754027,35824.0,True,169,7,wt_med,3.9927222659323363,2.480374789237976,5.254958748817444,1.3143796443939209,6.400765514373778,35588.0,0.5432038464473785,False
UC2-intraday,h4-8,busy,all,MAE,snaive7,14.835523613963039,13.65982940196991,16.051416635513306,58440.0,True,176,7,wt_med,0.5391556972439329,-0.8411859989166259,1.8879110574722289,-1.0204636096954345,2.158831024169922,58344.0,0.890544150194612,False
UC2-intraday,h4-8,busy,all,MAE,wt_med,14.308440815080516,13.369456171989441,15.341109418869019,65515.0,True,180,7,wt_med,,,,,,,,
UC2-intraday,h8+,all,all,MAE,chronos2,6.204187544443661,5.672281396389008,6.851344180107117,105922.0,True,180,7,wt_med,-0.7479491892129149,-1.2155081748962402,-0.3690771102905275,-1.3236830115318299,-0.25354118347168003,104653.0,0.9980925676900041,True
UC2-intraday,h8+,all,all,MAE,clim,7.182368932038835,6.494315063953399,7.969729936122894,103000.0,True,179,7,wt_med,0.30421994263211616,0.027890360355377203,0.5772225618362427,-0.03080288171768188,0.6331690788269043,102845.0,0.9808493796076412,False
UC2-intraday,h8+,all,all,MAE,h5,6.707297761745157,6.0804363489151,7.3868307113647464,105618.0,True,180,7,wt_med,-0.20600447769734842,-0.3229317545890808,-0.11729636192321778,-0.36088778972625735,-0.08020570278167725,104853.0,1.0,True
UC2-intraday,h8+,all,all,MAE,lvlh5_naive,6.940435368319799,6.389170384407043,7.571931779384613,104608.0,True,180,7,wt_med,0.04941956280724469,-0.1673432111740112,0.23264942169189443,-0.22951998710632324,0.2977580547332764,103893.0,0.9908443249120197,False
UC2-intraday,h8+,all,all,MAE,lvlh5_tft,6.833142598910157,6.205734145641327,7.562627935409546,103307.0,True,176,7,wt_med,-0.07520863842131575,-0.5025879979133606,0.30689263343811024,-0.4583191752433777,0.28477991819381715,102546.0,0.9779977683041973,False
UC2-intraday,h8+,all,all,MAE,persistence,12.540596683499874,11.24771294593811,14.09525225162506,27921.0,True,107,7,wt_med,5.478662156813356,4.309334337711334,6.6675701379776005,3.611357545852661,8.307015466690062,27791.0,0.2650472566354801,False
UC2-intraday,h8+,all,all,MAE,snaive7,7.550393356643356,6.810243666172028,8.327839517593384,91520.0,True,176,7,wt_med,0.7181622783449759,0.14616477489471436,1.303936457633972,0.13804508447647096,1.32254341840744,91189.0,0.8696842245810802,False
UC2-intraday,h8+,all,all,MAE,wt_med,6.893818011883304,6.2749987721443174,7.596830177307129,104853.0,True,180,7,wt_med,,,,,,,,
UC2-intraday,h8+,busy,all,MAE,chronos2,11.657021008320655,10.652668333053589,12.77425022125244,33015.0,True,174,7,wt_med,-2.1501153488309797,-3.1056366682052614,-1.3388062477111817,-3.427866721153259,-0.939971423149109,32419.0,0.9980297386325154,True
UC2-intraday,h8+,busy,all,MAE,clim,14.614109067850348,13.440496397018432,16.015097999572752,31540.0,True,173,7,wt_med,0.9189034837235877,0.3218350410461426,1.4721948623657224,0.24643678665161134,1.5818652868270873,31518.0,0.9702921528183973,False
UC2-intraday,h8+,busy,all,MAE,h5,13.154765439429928,12.077322340011596,14.39823317527771,32838.0,True,174,7,wt_med,-0.558116938090695,-0.8721813201904297,-0.2967225074768067,-0.9231254816055298,-0.19369394779205343,32483.0,1.0,True
UC2-intraday,h8+,busy,all,MAE,lvlh5_naive,13.048026801369764,11.986811423301697,14.260813045501708,32427.0,True,174,7,wt_med,-0.5933804508457303,-1.1520907640457154,-0.12500658035278323,-1.2338916778564453,0.04332220554351804,32085.0,0.9877474371209556,False
UC2-intraday,h8+,busy,all,MAE,lvlh5_tft,12.580975815542656,11.314557647705078,13.896471643447876,31894.0,True,170,7,wt_med,-1.121176806012766,-2.2014700889587404,-0.17789659500122082,-2.106875467300415,-0.07020564079284689,31539.0,0.9709386448296031,True
UC2-intraday,h8+,busy,all,MAE,persistence,23.99383232280995,21.699374628067016,26.241822290420533,9566.0,True,102,7,wt_med,10.677560256815072,8.061378049850465,13.085672760009766,6.065177273750305,15.58155357837677,9501.0,0.2924914570698519,False
UC2-intraday,h8+,busy,all,MAE,snaive7,14.700143061516451,13.26682288646698,16.191102075576783,27960.0,True,171,7,wt_med,1.1522976087582837,-0.15204937458038328,2.429486131668091,-0.3179736614227295,2.736670184135437,27768.0,0.8548471508173506,False
UC2-intraday,h8+,busy,all,MAE,wt_med,13.650109287935228,12.592014908790588,14.926731204986572,32483.0,True,174,7,wt_med,,,,,,,,
