uc,lead,segment,region,metric,model,value,lo,hi,n,lower,n_park_days,n_origin_days,ref,diff_vs_ref,diff_lo,diff_hi,diff_lo_park,diff_hi_park,n_paired,paired_share,wins
UC2,0,all,all,MAE,clim,8.068027474230623,7.98048996925354,8.146962118148803,10784797.0,True,18120,231,wt_med,0.5884599526071641,0.5587954044342041,0.6173410177230835,0.49966174364089966,0.6845672130584717,10739176.0,0.918531154280256,False
UC2,0,all,all,MAE,h5,7.484200492255121,7.4019262313842775,7.556586122512817,11786368.0,True,19416,231,wt_med,-0.0615827561709672,-0.06637574434280395,-0.057011759281158446,-0.0795668125152588,-0.046611452102661134,11691684.0,1.0,True
UC2,0,all,all,MAE,lvlh5_cbd,9.964625792263668,9.833426594734192,10.101040601730347,6531510.0,True,10326,231,wt_med,2.6137658553641074,2.5330679655075072,2.6931875705718995,2.221031105518341,3.073708200454712,6487936.0,0.5549188636983347,False
UC2,0,all,all,MAE,lvlh5_naive,7.83097758026907,7.746649289131165,7.909551405906678,11165705.0,True,18981,231,wt_med,0.32570939969859136,0.29674568176269533,0.3564782619476318,0.27079216241836546,0.3858386397361755,11102711.0,0.9496246220818148,False
UC2,0,all,all,MAE,lvlh5_tft,7.367243775982233,7.278577470779419,7.451653504371643,8125804.0,True,13504,231,wt_med,0.03943352677542933,-0.009189200401306151,0.08729403018951416,-0.09162514209747315,0.170631206035614,8068047.0,0.6900671451606116,False
UC2,0,all,all,MAE,oracle_level,5.399649226396223,5.352779281139374,5.448637139797211,11733072.0,True,19254,231,wt_med,-2.1666741258343167,-2.2130152702331545,-2.1180147767066955,-2.456359255313873,-1.9243789672851563,11644750.0,0.995985693763191,True
UC2,0,all,all,MAE,oracle_shape,6.546325588772087,6.4646334767341616,6.620477783679962,11127496.0,True,18076,231,wt_med,-0.9735323206435504,-1.0243553876876832,-0.926408851146698,-1.1903944492340088,-0.768951165676117,11033288.0,0.9436868119254677,True
UC2,0,all,all,MAE,snaive7,8.691050636314626,8.594423961639404,8.786271977424622,9990498.0,True,18261,231,wt_med,1.1643370739152585,1.101063621044159,1.2306878566741943,0.9690417528152466,1.3541785836219788,9944442.0,0.8505568573355216,False
UC2,0,all,all,MAE,wt_med,7.549492399897226,7.4660045266151425,7.62171026468277,11691684.0,True,19404,231,wt_med,,,,,,,,
UC2,0,all,EU,MAE,clim,6.312954918468228,6.2043252229690555,6.421569883823395,4122442.0,True,6213,231,wt_med,0.4234820007078586,0.38312748670578,0.46666539907455445,0.3238803267478943,0.5262080550193786,4099689.0,0.9174901205673474,False
UC2,0,all,EU,MAE,h5,5.778938249843773,5.686285746097565,5.873524010181427,4506272.0,True,6347,231,wt_med,-0.03850640076233525,-0.044909441471099855,-0.03208632469177246,-0.05973385572433472,-0.01915057897567749,4468374.0,1.0,True
UC2,0,all,EU,MAE,lvlh5_cbd,7.956404418614932,7.8291861653327945,8.085474276542664,2857675.0,True,3822,231,wt_med,2.135581946412822,2.0595066428184508,2.213882851600647,1.7592760801315308,2.546712577342987,2839474.0,0.6354602367662152,False
UC2,0,all,EU,MAE,lvlh5_naive,6.0162854004867405,5.922594964504242,6.1106059670448305,4258038.0,True,6336,231,wt_med,0.19495025950137546,0.157920241355896,0.23495973348617555,0.11250437498092651,0.2717433929443359,4232624.0,0.9472403160523268,False
UC2,0,all,EU,MAE,lvlh5_tft,5.603610656953722,5.511072409152985,5.7000298500061035,3198457.0,True,4324,231,wt_med,-0.1838172450728628,-0.24377492666244507,-0.1267765879631043,-0.4060135722160339,0.012247931957244796,3178397.0,0.7113095278058641,False
UC2,0,all,EU,MAE,oracle_level,4.133920348226732,4.075673758983612,4.194950437545776,4482155.0,True,6335,231,wt_med,-1.7018801358573317,-1.7617995977401733,-1.6411213517189025,-2.070366370677948,-1.3466201841831207,4447577.0,0.9953457342648578,True
UC2,0,all,EU,MAE,oracle_shape,4.997130911970385,4.904522049427032,5.095555460453033,4236240.0,True,6009,231,wt_med,-0.8306862708602702,-0.8972314834594727,-0.7691479206085206,-1.186033844947815,-0.5194940686225892,4196732.0,0.9392078639791567,True
UC2,0,all,EU,MAE,snaive7,6.536363636363636,6.426292610168457,6.643930184841156,3890480.0,True,6073,231,wt_med,0.6708512494386429,0.5809571504592895,0.7531286239624023,0.4817433476448059,0.8795312404632567,3874540.0,0.867102887985652,False
UC2,0,all,EU,MAE,wt_med,5.826620041205145,5.735093069076538,5.921823108196259,4468374.0,True,6347,231,wt_med,,,,,,,,
UC2,0,all,NA,MAE,clim,9.085273247490635,8.967515635490418,9.210708141326904,3954986.0,True,7360,231,wt_med,0.6240388009605837,0.5820666313171386,0.666487741470337,0.4908884525299072,0.8090704917907715,3940521.0,0.9333876711053568,False
UC2,0,all,NA,MAE,h5,8.516489539348647,8.399913430213928,8.639674830436707,4259295.0,True,7660,231,wt_med,-0.0972270089519931,-0.10448095798492432,-0.09020378589630128,-0.12907590866088867,-0.07361887693405153,4221741.0,1.0,True
UC2,0,all,NA,MAE,lvlh5_cbd,10.251512097103898,10.04894678592682,10.465433979034424,2264661.0,True,3953,231,wt_med,2.189527539040867,2.0746023416519166,2.3006675004959107,1.8477990984916688,2.5807381391525266,2250242.0,0.5330128020643616,False
UC2,0,all,NA,MAE,lvlh5_naive,8.900551474129168,8.776899290084838,9.026125621795654,4057950.0,True,7532,231,wt_med,0.3742456140988235,0.32846066951751707,0.41693332195281985,0.29152090549468995,0.4669491052627563,4031474.0,0.9549316265493312,False
UC2,0,all,NA,MAE,lvlh5_tft,8.386491715609987,8.251975274085998,8.541688990592956,2936843.0,True,5211,231,wt_med,0.19330419516081143,0.12348964214324952,0.26756906509399414,0.06020307540893555,0.3340162515640258,2912417.0,0.6898615997523296,False
UC2,0,all,NA,MAE,oracle_level,6.482155117009445,6.404671144485474,6.565455424785614,4239280.0,True,7633,231,wt_med,-2.1488270325990397,-2.2212993621826174,-2.0826174139976503,-2.582238054275513,-1.808787286281586,4203459.0,0.9956695590752725,True
UC2,0,all,NA,MAE,oracle_shape,7.318967410910068,7.195650517940521,7.443686509132385,4045544.0,True,7282,231,wt_med,-1.2251569930016641,-1.30201895236969,-1.1450654149055481,-1.5213507175445558,-0.8535640716552736,4009229.0,0.9496624733729521,True
UC2,0,all,NA,MAE,snaive7,10.311194149767923,10.165207314491273,10.45929925441742,3472546.0,True,7317,231,wt_med,1.7072805417134234,1.6142104387283325,1.8073493003845214,1.4692923903465271,1.9719916820526122,3451419.0,0.8175345195264229,False
UC2,0,all,NA,MAE,wt_med,8.609636877297778,8.490519070625306,8.734773206710816,4221741.0,True,7655,231,wt_med,,,,,,,,
UC2,0,all,Asia,MAE,clim,9.254416187819244,9.035503816604614,9.468133425712585,2707369.0,True,4547,231,wt_med,0.7871134723445952,0.7089322328567504,0.864752984046936,0.5656924843788147,1.0628258943557738,2698966.0,0.8991850595471902,False
UC2,0,all,Asia,MAE,h5,8.572505189848652,8.382133054733277,8.761356353759766,3020801.0,True,5409,231,wt_med,-0.04580200388530109,-0.05711617469787598,-0.03469252586364746,-0.09131393432617187,-0.01466441154479981,3001569.0,1.0,True
UC2,0,all,Asia,MAE,lvlh5_cbd,13.576063264098849,13.171700525283814,13.988263845443726,1409174.0,True,2551,231,wt_med,4.267604059713491,3.995013213157654,4.544328451156616,2.8329128980636598,5.80013382434845,1398220.0,0.4658297043979332,False
UC2,0,all,Asia,MAE,lvlh5_naive,9.019429232565214,8.824737739562988,9.225389742851258,2849717.0,True,5113,231,wt_med,0.451750458696468,0.37321181297302247,0.5298569202423096,0.3176729679107666,0.5650040149688721,2838613.0,0.945709727146036,False
UC2,0,all,Asia,MAE,lvlh5_tft,8.697325764377323,8.493892240524293,8.918337154388428,1990504.0,True,3969,231,wt_med,0.17166075193470043,0.04974322319030762,0.3017090320587158,-0.2039577007293701,0.47237169742584206,1977233.0,0.6587331492296196,False
UC2,0,all,Asia,MAE,oracle_level,5.759635322985209,5.66107188463211,5.859536647796631,3011637.0,True,5286,231,wt_med,-2.8822490218476107,-3.0116938948631287,-2.7501625776290894,-3.5969272017478944,-2.2653574824333194,2993714.0,0.9973830353391843,True
UC2,0,all,Asia,MAE,oracle_shape,7.754109078441833,7.565676414966584,7.952805006504059,2845712.0,True,4785,231,wt_med,-0.8287544632062716,-0.9448883175849915,-0.7116481423377992,-1.3058600187301637,-0.30816065073013316,2827327.0,0.9419496936435577,True
UC2,0,all,Asia,MAE,snaive7,9.740250704860033,9.505678415298462,9.985380506515503,2627472.0,True,4871,231,wt_med,1.1788894562233168,1.0010047435760498,1.3578990697860718,0.6482064485549927,1.6525991678237915,2618483.0,0.8723714164158811,False
UC2,0,all,Asia,MAE,wt_med,8.623191737388012,8.434268593788147,8.811225652694702,3001569.0,True,5402,231,wt_med,,,,,,,,
UC2,0,busy,all,MAE,clim,15.597332820344695,15.442718315124512,15.751402926445007,3321711.0,True,15314,231,wt_med,1.1380225502626349,1.067040753364563,1.2083088636398316,0.927120304107666,1.3716312408447264,3312600.0,0.9098944636687705,False
UC2,0,busy,all,MAE,h5,14.389956690394545,14.245151543617249,14.527098464965821,3666854.0,True,16461,231,wt_med,-0.16307565053086925,-0.17508401870727539,-0.15181963443756105,-0.20244858264923096,-0.1291609287261963,3640642.0,1.0,True
UC2,0,busy,all,MAE,lvlh5_cbd,18.531761245529736,18.26711573600769,18.79863295555115,1933867.0,True,8884,231,wt_med,4.398807132102702,4.166994285583496,4.607410621643067,3.258748006820679,5.57946000099182,1923085.0,0.5282268896529788,False
UC2,0,busy,all,MAE,lvlh5_naive,14.702539271571077,14.55787968635559,14.842884063720703,3482271.0,True,16048,231,wt_med,0.23601120136159537,0.1660156726837158,0.305283522605896,0.10497698783874512,0.362164831161499,3464288.0,0.9515596425026136,False
UC2,0,busy,all,MAE,lvlh5_tft,13.689522312835608,13.542034816741943,13.854626345634461,2442733.0,True,11497,231,wt_med,-0.5646796371683624,-0.6834474563598633,-0.4431739568710327,-0.8769623279571533,-0.27852675914764413,2427006.0,0.6666423119878307,True
UC2,0,busy,all,MAE,oracle_level,9.66657355144592,9.594725608825684,9.740923500061035,3657495.0,True,16304,231,wt_med,-4.9067007397969995,-5.0150857925415036,-4.796126461029052,-5.440777540206909,-4.419969940185547,3632268.0,0.9976998562341477,True
UC2,0,busy,all,MAE,oracle_shape,11.702657900434417,11.543811202049255,11.852649259567261,3475816.0,True,15377,231,wt_med,-2.7633786569511987,-2.86623797416687,-2.6620908975601196,-2.979909324645996,-2.51081223487854,3450126.0,0.9476696692506431,True
UC2,0,busy,all,MAE,snaive7,16.639730502786225,16.44808945655823,16.816236352920534,3097917.0,True,15443,231,wt_med,2.126604962653886,1.9775092363357545,2.279640293121338,1.7240159273147584,2.482703638076782,3086131.0,0.8476886768872084,False
UC2,0,busy,all,MAE,wt_med,14.555028206563568,14.413905215263366,14.695165538787842,3640642.0,True,16450,231,wt_med,,,,,,,,
UC2,0,busy,EU,MAE,clim,13.455518460966225,13.243170356750488,13.696408534049988,771601.0,True,4525,231,wt_med,0.8392430603013441,0.6915207624435424,0.9867910146713257,0.5905258655548096,1.0905313968658448,768225.0,0.9345098058297306,False
UC2,0,busy,EU,MAE,h5,12.508304224325764,12.31837317943573,12.709098720550537,827493.0,True,4680,231,wt_med,-0.15549237770387236,-0.17759320735931397,-0.13439636230468752,-0.22457854747772216,-0.09317505359649658,822062.0,1.0,True
UC2,0,busy,EU,MAE,lvlh5_cbd,15.932204558608198,15.637950944900513,16.259470224380493,511670.0,True,2950,231,wt_med,3.3072197090166053,3.0108278036117553,3.6160175800323486,1.8387203454971313,4.777948713302612,509446.0,0.6197172476041953,False
UC2,0,busy,EU,MAE,lvlh5_naive,12.38423327541279,12.1973215341568,12.599507379531861,795497.0,True,4631,231,wt_med,-0.16668711578879858,-0.2788337230682373,-0.04575073719024661,-0.3998685359954834,0.0497294902801513,791266.0,0.9625381053983763,False
UC2,0,busy,EU,MAE,lvlh5_tft,11.164365856009661,10.985606837272645,11.356049156188964,563150.0,True,3256,231,wt_med,-1.5379366916404997,-1.745706605911255,-1.344303798675537,-2.2029494047164917,-0.8589884519577027,560598.0,0.6819412647707838,True
UC2,0,busy,EU,MAE,oracle_level,8.073760365333904,7.977189946174621,8.177925419807433,825347.0,True,4653,231,wt_med,-4.591858707784693,-4.770426106452942,-4.414256858825683,-5.578598403930664,-3.537185537815095,820130.0,0.9976498123012619,True
UC2,0,busy,EU,MAE,oracle_shape,9.491456354729973,9.257367062568665,9.729634475708007,792645.0,True,4436,231,wt_med,-3.0249953720321923,-3.181162786483765,-2.8636112928390505,-3.30973641872406,-2.6482289314270018,786686.0,0.9569667494665852,True
UC2,0,busy,EU,MAE,snaive7,13.513342633890222,13.278390049934387,13.742384266853332,727555.0,True,4490,231,wt_med,0.9499340566657892,0.6835374355316162,1.18893563747406,0.29309811592102053,1.5246337175369262,725623.0,0.8826864640379922,False
UC2,0,busy,EU,MAE,wt_med,12.659730652919123,12.46338894367218,12.8638680934906,822062.0,True,4678,231,wt_med,,,,,,,,
UC2,0,busy,NA,MAE,clim,14.919499728624361,14.752661538124084,15.096956038475037,1637951.0,True,6694,231,wt_med,0.9951424702015395,0.9169023513793946,1.069358730316162,0.766726303100586,1.283699893951416,1634061.0,0.9303303118653679,False
UC2,0,busy,NA,MAE,h5,14.008218639643832,13.838119626045227,14.178411936759948,1770404.0,True,6999,231,wt_med,-0.1844045894771842,-0.19953842163085939,-0.17029080390930176,-0.23491599559783935,-0.14677057266235352,1756431.0,1.0,True
UC2,0,busy,NA,MAE,lvlh5_cbd,16.65053527265561,16.338533544540404,16.96094799041748,855286.0,True,3589,231,wt_med,3.063473224953583,2.8190680503845216,3.2951409578323365,2.435891103744507,3.7841285943984984,851028.0,0.4845211682098528,False
UC2,0,busy,NA,MAE,lvlh5_naive,14.305933298105714,14.138283586502075,14.476512479782105,1690551.0,True,6875,231,wt_med,0.2952703049447969,0.20860116481781005,0.3729037284851074,0.1480931520462036,0.43840849399566645,1680639.0,0.9568488599893762,False
UC2,0,busy,NA,MAE,lvlh5_tft,13.52531106291482,13.343503665924072,13.738094687461853,1160060.0,True,4743,231,wt_med,-0.21152186329199374,-0.3468397855758667,-0.07389535903930666,-0.4724409580230713,0.03962652683258054,1151874.0,0.6558037292669054,False
UC2,0,busy,NA,MAE,oracle_level,10.19257175206745,10.073661375045777,10.302697682380677,1765621.0,True,6966,231,wt_med,-4.012036960754573,-4.1453722476959225,-3.8969954013824464,-4.459860253334045,-3.6193438053131106,1752109.0,0.9975393283311442,True
UC2,0,busy,NA,MAE,oracle_shape,11.209264627496674,11.02057933807373,11.398474407196044,1688003.0,True,6653,231,wt_med,-2.806329664391912,-2.9343772172927856,-2.6800880432128906,-3.1082489490509033,-2.4820624351501466,1674663.0,0.9534465060113377,True
UC2,0,busy,NA,MAE,snaive7,16.735462645140654,16.530292415618895,16.941647911071776,1459877.0,True,6666,231,wt_med,2.6550892640706962,2.4889385223388674,2.8310650825500487,2.231290864944458,3.110431623458862,1452096.0,0.8267310244467332,False
UC2,0,busy,NA,MAE,wt_med,14.183080348729897,14.01303482055664,14.348962187767029,1756431.0,True,6993,231,wt_med,,,,,,,,
UC2,0,busy,Asia,MAE,clim,18.626282260000725,18.221089029312132,19.049541091918947,912159.0,True,4095,231,wt_med,1.6466433560287967,1.4644789695739746,1.8232849597930907,1.1139655113220215,2.290730619430542,910314.0,0.8570492463863356,False
UC2,0,busy,Asia,MAE,h5,16.478801064963324,16.149007081985474,16.820580911636352,1068957.0,True,4782,231,wt_med,-0.13367404196586108,-0.1601008415222168,-0.10846152305603028,-0.21748933792114258,-0.056561946868896484,1062149.0,1.0,True
UC2,0,busy,Asia,MAE,lvlh5_cbd,23.71617539066498,23.026578998565675,24.369536066055296,566911.0,True,2345,231,wt_med,7.4071226301552215,6.8525535583496096,7.961498022079468,4.598361992835999,9.852892208099364,562611.0,0.5296912203466745,False
UC2,0,busy,Asia,MAE,lvlh5_naive,17.22676134842914,16.871190547943115,17.581239414215087,996223.0,True,4542,231,wt_med,0.4567408249357072,0.27252588272094724,0.6307800292968749,0.1988828182220459,0.7107266426086425,992383.0,0.9343161835109763,False
UC2,0,busy,Asia,MAE,lvlh5_tft,15.930641444878145,15.56401710510254,16.310475301742553,719523.0,True,3498,231,wt_med,-0.370409384672465,-0.6451002597808838,-0.07626829147338869,-1.1001832962036133,0.22459340095520014,714534.0,0.672724824859789,False
UC2,0,busy,Asia,MAE,oracle_level,10.028411663128436,9.898954439163209,10.171435689926147,1066527.0,True,4685,231,wt_med,-6.629068575911392,-6.909732961654663,-6.347450232505799,-7.568674254417419,-5.722320580482483,1060029.0,0.9980040465132481,True
UC2,0,busy,Asia,MAE,oracle_shape,14.300759099522038,13.912175345420838,14.657956719398499,995168.0,True,4288,231,wt_med,-2.482487545918186,-2.710344433784485,-2.2429684162139893,-3.0376515626907348,-1.7774533271789554,988777.0,0.9309211796085106,True
UC2,0,busy,Asia,MAE,snaive7,18.984482995326665,18.535362005233765,19.42050929069519,910485.0,True,4287,231,wt_med,2.22172648533925,1.8178038120269775,2.629701852798462,1.091965937614441,2.947207307815552,908412.0,0.8552585371732214,False
UC2,0,busy,Asia,MAE,wt_med,16.636989254803233,16.306961584091187,16.97567014694214,1062149.0,True,4779,231,wt_med,,,,,,,,
UC3,1,all,all,MAE,clim,8.095228229901275,8.004306435585022,8.17633101940155,10715730.0,True,18028,230,wt_med,0.5221906524396029,0.492432975769043,0.5511177182197571,0.43429296016693114,0.6200201988220215,10664558.0,0.9195695529068441,False
UC3,1,all,all,MAE,h5,7.586142732049037,7.501377725601197,7.661385798454285,11699219.0,True,19273,230,wt_med,-0.06676428713764171,-0.07159816026687622,-0.061944675445556645,-0.08567643165588379,-0.05148168802261353,11597337.0,1.0,True
UC3,1,all,all,MAE,lvlh5_cbd,10.04160012717191,9.899794268608094,10.180528354644775,6430221.0,True,10167,230,wt_med,2.5963351769480694,2.5123769879341125,2.682155990600586,2.2078994035720827,3.0600021958351133,6384154.0,0.5504844776003319,False
UC3,1,all,all,MAE,lvlh5_naive,7.854493669818345,7.772261679172516,7.932477056980133,11132015.0,True,18871,230,wt_med,0.24775665150813175,0.21857603788375854,0.27670655250549314,0.19180006980895997,0.3067625641822815,11062134.0,0.9538512160162286,False
UC3,1,all,all,MAE,lvlh5_tft,7.499597699600305,7.410209584236145,7.586947190761566,8042054.0,True,13356,230,wt_med,0.08851404737473878,0.03803573846817017,0.13822407722473143,-0.04471129179000854,0.22785276174545285,7980971.0,0.6881727244797663,False
UC3,1,all,all,MAE,oracle_level,5.42361360377196,5.376203155517578,5.471900045871735,11646265.0,True,19113,230,wt_med,-2.250489968826746,-2.2977025151252746,-2.2019698143005373,-2.546583318710327,-1.9964957118034363,11550901.0,0.995995977352387,True
UC3,1,all,all,MAE,oracle_shape,6.542374389928938,6.460597169399262,6.617095541954041,11103244.0,True,18041,230,wt_med,-1.0776179617278192,-1.129945659637451,-1.0270090103149414,-1.294826090335846,-0.8690898895263672,10996756.0,0.9482138873777661,True
UC3,1,all,all,MAE,snaive7,8.68927399557153,8.592964267730713,8.785763788223267,9971840.0,True,18230,230,wt_med,1.060806690104676,0.9975777387619018,1.1282432079315186,0.8680229783058167,1.2454853415489195,9910398.0,0.8545408312270308,False
UC3,1,all,all,MAE,wt_med,7.656693342618223,7.571970272064209,7.732551681995392,11597337.0,True,19262,230,wt_med,,,,,,,,
UC3,1,all,EU,MAE,clim,6.3334018879075344,6.221250915527344,6.442956662178039,4096493.0,True,6181,230,wt_med,0.35741976519109997,0.3176491379737854,0.399835193157196,0.26749151945114136,0.4546124696731567,4070459.0,0.917675733122194,False
UC3,1,all,EU,MAE,h5,5.87861960094712,5.78318635225296,5.9752029299736025,4477151.0,True,6311,230,wt_med,-0.04252032918524584,-0.04857174158096313,-0.03572676181793213,-0.0645059585571289,-0.022706711292266847,4435618.0,1.0,True
UC3,1,all,EU,MAE,lvlh5_cbd,8.016744623250954,7.887297821044922,8.151636791229247,2809004.0,True,3760,230,wt_med,2.0889460639196225,2.007669150829315,2.169550657272339,1.6906089425086974,2.5270679593086243,2788947.0,0.6287617644260619,False
UC3,1,all,EU,MAE,lvlh5_naive,6.04428552398713,5.951101016998291,6.138925492763519,4250100.0,True,6301,230,wt_med,0.1309414420966979,0.09419291019439698,0.17081493139266968,0.040068435668945315,0.21540186405181885,4221418.0,0.9517090966805527,False
UC3,1,all,EU,MAE,lvlh5_tft,5.751921363412722,5.657138955593109,5.848057997226715,3172735.0,True,4289,230,wt_med,-0.11955242015284906,-0.1859128952026367,-0.05580885410308838,-0.34757682085037234,0.0877235412597656,3150736.0,0.7103262724607935,False
UC3,1,all,EU,MAE,oracle_level,4.164994577971535,4.107535636425018,4.226179778575897,4453427.0,True,6300,230,wt_med,-1.7753533055490172,-1.83512202501297,-1.711810564994812,-2.1577173590660097,-1.4026914775371553,4415154.0,0.9953864376959423,True
UC3,1,all,EU,MAE,oracle_shape,4.996035691934103,4.902384102344513,5.093967545032501,4232431.0,True,6003,230,wt_med,-0.9215821358683227,-0.9867405772209168,-0.8577442288398742,-1.292345404624939,-0.6033277750015259,4187755.0,0.9441198498157416,True
UC3,1,all,EU,MAE,snaive7,6.534760626504091,6.424958050251007,6.642305862903595,3887732.0,True,6068,230,wt_med,0.5776951686322258,0.4879958391189575,0.661608612537384,0.3784567713737488,0.8038811802864074,3866669.0,0.8717317406503445,False
UC3,1,all,EU,MAE,wt_med,5.930738850820788,5.835808050632477,6.027244031429291,4435618.0,True,6311,230,wt_med,,,,,,,,
UC3,1,all,NA,MAE,clim,9.138168708678023,9.016487216949463,9.267003154754638,3930112.0,True,7325,230,wt_med,0.5847961761798075,0.5416557550430298,0.6281272411346436,0.45250391960144043,0.7699259519577026,3914410.0,0.9338286830482281,False
UC3,1,all,NA,MAE,h5,8.601813907691056,8.484868335723878,8.73062605857849,4231486.0,True,7620,230,wt_med,-0.10236723976367124,-0.11035239696502686,-0.09534924030303955,-0.13457050323486328,-0.077578604221344,4191786.0,1.0,True
UC3,1,all,NA,MAE,lvlh5_cbd,10.325225012433735,10.11664695739746,10.53649308681488,2233307.0,True,3902,230,wt_med,2.2078934729558473,2.083366870880127,2.323753547668457,1.8802797555923463,2.5955626249313353,2218417.0,0.5292295455922607,False
UC3,1,all,NA,MAE,lvlh5_naive,8.921586269503393,8.797425651550293,9.051548624038697,4045047.0,True,7495,230,wt_med,0.3016727568999933,0.2557385921478271,0.34603090286254884,0.2184980869293213,0.39430272579193115,4016286.0,0.9581324046599707,False
UC3,1,all,NA,MAE,lvlh5_tft,8.507407134808878,8.369283843040467,8.6647358417511,2907941.0,True,5161,230,wt_med,0.2504554989534604,0.17080926895141602,0.3193671464920044,0.10438389778137207,0.41157739162445056,2882824.0,0.6877316733249265,False
UC3,1,all,NA,MAE,oracle_level,6.497455956563859,6.416237163543701,6.585017955303192,4211528.0,True,7591,230,wt_med,-2.2240498388672325,-2.2965368270874023,-2.1550554394721986,-2.6734121084213256,-1.8739497661590578,4173584.0,0.9956576981744775,True
UC3,1,all,NA,MAE,oracle_shape,7.315908707074247,7.193494284152985,7.444188165664673,4035146.0,True,7266,230,wt_med,-1.3211709586467055,-1.4003204584121705,-1.241295850276947,-1.6270907282829286,-0.947758448123932,3994895.0,0.9530293292644233,True
UC3,1,all,NA,MAE,snaive7,10.31129387205605,10.166439533233643,10.460513997077943,3464392.0,True,7302,230,wt_med,1.6149360732294422,1.5213791370391845,1.716370153427124,1.3774283289909364,1.8790043115615844,3436432.0,0.8198013925329203,False
UC3,1,all,NA,MAE,wt_med,8.699801945996288,8.58108389377594,8.828027510643006,4191786.0,True,7613,230,wt_med,,,,,,,,
UC3,1,all,Asia,MAE,clim,9.254875470645656,9.03370385169983,9.466298532485961,2689125.0,True,4522,230,wt_med,0.6810260444402321,0.6032670021057129,0.7554969787597656,0.4495793581008911,0.9782402038574218,2679689.0,0.9022725428486097,False
UC3,1,all,Asia,MAE,h5,8.705336432005543,8.512715196609497,8.895478177070618,2990582.0,True,5342,230,wt_med,-0.052722548791503954,-0.06419587135314941,-0.041320085525512695,-0.10103862285614014,-0.019925713539123535,2969933.0,1.0,True
UC3,1,all,Asia,MAE,lvlh5_cbd,13.683338977894609,13.282776427268981,14.09941852092743,1387910.0,True,2505,230,wt_med,4.250042005337773,3.9722286462783813,4.539568543434143,2.8122948169708253,5.799696588516236,1376790.0,0.4635761143433202,False
UC3,1,all,Asia,MAE,lvlh5_naive,9.044935354633797,8.849420261383056,9.25053505897522,2836868.0,True,5075,230,wt_med,0.3456820128813476,0.26632778644561766,0.42475237846374514,0.20369431972503663,0.45753312110900873,2824430.0,0.9510079857020344,False
UC3,1,all,Asia,MAE,lvlh5_tft,8.832468519842118,8.616727375984192,9.068075561523438,1961378.0,True,3906,230,wt_med,0.18541901834697683,0.06003880500793457,0.31289618015289306,-0.2210770845413208,0.48802709579467773,1947411.0,0.6557087314764339,False
UC3,1,all,Asia,MAE,oracle_level,5.786759608663885,5.687762641906739,5.889095449447632,2981310.0,True,5222,230,wt_med,-2.9959424111043225,-3.1289018988609314,-2.8582427978515623,-3.736580193042755,-2.3578362464904785,2962163.0,0.9973837793647197,True
UC3,1,all,Asia,MAE,oracle_shape,7.749655758369359,7.561372685432434,7.948476898670196,2835667.0,True,4772,230,wt_med,-0.9640725445672551,-1.0800896048545838,-0.8481178402900696,-1.4536832809448241,-0.43782639503479015,2814106.0,0.9475318130072294,True
UC3,1,all,Asia,MAE,snaive7,9.741623901216773,9.50993721485138,9.986221718788146,2619716.0,True,4860,230,wt_med,1.0469242667789658,0.8704177379608155,1.2267029762268067,0.5196169018745422,1.504616594314575,2607297.0,0.8778975822013493,False
UC3,1,all,Asia,MAE,wt_med,8.762168372148462,8.569052577018738,8.949919486045838,2969933.0,True,5338,230,wt_med,,,,,,,,
UC3,1,busy,all,MAE,clim,15.62169498594114,15.466678094863891,15.780323314666749,3299343.0,True,15221,230,wt_med,1.0059034158420062,0.931099271774292,1.0779425382614136,0.7912906169891357,1.2448349714279174,3289028.0,0.9115597766378836,False
UC3,1,busy,all,MAE,h5,14.551164862796997,14.407886028289795,14.688528156280517,3636072.0,True,16318,230,wt_med,-0.17461802256680237,-0.18728442192077638,-0.16341116428375244,-0.21518318653106688,-0.14008326530456544,3608132.0,1.0,True
UC3,1,busy,all,MAE,lvlh5_cbd,18.67765252851168,18.398558616638184,18.955517387390138,1899350.0,True,8733,230,wt_med,4.370691124007731,4.137080812454224,4.590706205368042,3.208825874328613,5.5854989528656,1888216.0,0.5233223174761898,False
UC3,1,busy,all,MAE,lvlh5_naive,14.70802282454337,14.566709494590759,14.847424578666686,3468824.0,True,15944,230,wt_med,0.07497318505412665,0.001891756057739258,0.14608211517333985,-0.058120203018188474,0.19860615730285644,3449117.0,0.9559287187941018,False
UC3,1,busy,all,MAE,lvlh5_tft,13.901530935586536,13.757350778579712,14.062269449234009,2412586.0,True,11352,230,wt_med,-0.4947546563608256,-0.6146043062210083,-0.37741189002990727,-0.8187422752380371,-0.20754170417785647,2396352.0,0.6641530853084089,True
UC3,1,busy,all,MAE,oracle_level,9.682172561808525,9.607438921928406,9.75722782611847,3626658.0,True,16159,230,wt_med,-5.06513949320296,-5.173894572257995,-4.953916764259338,-5.617373108863831,-4.569564366340638,3599756.0,0.9976785771695714,True
UC3,1,busy,all,MAE,oracle_shape,11.664496638180838,11.50682990550995,11.81479377746582,3464227.0,True,15323,230,wt_med,-2.965386096848034,-3.0724960803985595,-2.8671374320983887,-3.180103087425232,-2.7104299306869506,3435682.0,0.9522051853978735,True
UC3,1,busy,all,MAE,snaive7,16.611200821151783,16.42058210372925,16.78728895187378,3088345.0,True,15383,230,wt_med,1.9283813840319635,1.7763108015060425,2.0831759214401244,1.504502034187317,2.2944870471954344,3072588.0,0.8515730577484416,False
UC3,1,busy,all,MAE,wt_med,14.728047227762177,14.582443737983704,14.869409775733947,3608132.0,True,16308,230,wt_med,,,,,,,,
UC3,1,busy,EU,MAE,clim,13.46292359740994,13.250064897537232,13.699535155296326,765851.0,True,4492,230,wt_med,0.6792158278102232,0.5329672813415527,0.8216484785079954,0.43117711544036863,0.9115517377853393,761950.0,0.9349228883405503,False
UC3,1,busy,EU,MAE,h5,12.688073865179515,12.490439987182617,12.897790837287904,821077.0,True,4638,230,wt_med,-0.16768396305707967,-0.18957266807556153,-0.14560425281524658,-0.24324638843536378,-0.1032552480697632,814987.0,1.0,True
UC3,1,busy,EU,MAE,lvlh5_cbd,16.007799012356514,15.71022891998291,16.33869514465332,502299.0,True,2895,230,wt_med,3.159602876666586,2.856856632232666,3.4813252687454224,1.6501186609268188,4.688751745223999,499817.0,0.613282175053099,False
UC3,1,busy,EU,MAE,lvlh5_naive,12.408901677121268,12.216692471504212,12.623194336891174,792224.0,True,4595,230,wt_med,-0.31623765808579307,-0.430985164642334,-0.19440293312072757,-0.5743398427963257,-0.0688228130340577,787425.0,0.9661810556487405,True
UC3,1,busy,EU,MAE,lvlh5_tft,11.41620484631866,11.225781464576722,11.603171849250794,557750.0,True,3219,230,wt_med,-1.4454900535480046,-1.6551499366760254,-1.2371832847595214,-2.116941499710083,-0.7720769405364997,554920.0,0.6808942964734407,True
UC3,1,busy,EU,MAE,oracle_level,8.103901124541931,8.005145168304443,8.21245563030243,818988.0,True,4610,230,wt_med,-4.752993606501329,-4.9334792137146,-4.568996405601501,-5.787106370925903,-3.639012277126313,813079.0,0.997658858362158,True
UC3,1,busy,EU,MAE,oracle_shape,9.461598410558778,9.234213471412659,9.695867562294007,789977.0,True,4417,230,wt_med,-3.2259389178148457,-3.3831215620040895,-3.063964295387268,-3.5392006397247315,-2.8411384105682376,783148.0,0.9609331191785881,True
UC3,1,busy,EU,MAE,snaive7,13.481882293203151,13.246433639526368,13.70840961933136,724733.0,True,4474,230,wt_med,0.7401750383995847,0.47219624519348147,0.9817679643630981,0.05545318126678468,1.3643741369247435,722013.0,0.8859196527061168,False
UC3,1,busy,EU,MAE,wt_med,12.85019086194013,12.647601103782653,13.059186148643494,814987.0,True,4636,230,wt_med,,,,,,,,
UC3,1,busy,NA,MAE,clim,14.988711472505509,14.815128540992736,15.166121196746825,1628999.0,True,6664,230,wt_med,0.9301869244589813,0.8499029636383056,1.0045226097106934,0.6999885559082031,1.223216676712036,1624667.0,0.9305032219192455,False
UC3,1,busy,NA,MAE,h5,14.11948638930523,13.95303270816803,14.2863285779953,1760711.0,True,6960,230,wt_med,-0.1933676315528725,-0.2093311071395874,-0.1796419620513916,-0.24646563529968263,-0.1549607276916504,1746009.0,1.0,True
UC3,1,busy,NA,MAE,lvlh5_cbd,16.78921461413918,16.467444515228273,17.101857805252074,843703.0,True,3546,230,wt_med,3.1077679008949914,2.8634785413742065,3.3451372623443603,2.457119846343994,3.869641780853271,839300.0,0.4806962621613062,False
UC3,1,busy,NA,MAE,lvlh5_naive,14.306897024720461,14.13961989879608,14.485743832588195,1686849.0,True,6846,230,wt_med,0.16615840551376593,0.07806766033172607,0.24885406494140624,0.013835382461547852,0.315910005569458,1676098.0,0.9599595420183974,False
UC3,1,busy,NA,MAE,lvlh5_tft,13.718745048423642,13.535952496528626,13.914301800727845,1149545.0,True,4700,230,wt_med,-0.11189593834914291,-0.26106369495391846,0.02163813114166258,-0.3971570491790771,0.1701212167739868,1141240.0,0.6536277877147254,False
UC3,1,busy,NA,MAE,oracle_level,10.192344346213103,10.074193406105042,10.307865738868713,1755879.0,True,6927,230,wt_med,-4.133353961685593,-4.271112942695618,-4.0109563112258915,-4.585128545761108,-3.733344030380249,1741657.0,0.9975074584380722,True
UC3,1,busy,NA,MAE,oracle_shape,11.177967782921638,10.994970965385438,11.362244248390198,1685073.0,True,6638,230,wt_med,-2.967010913344609,-3.0938688278198243,-2.8376715421676635,-3.2784264087677,-2.637250018119812,1670304.0,0.9566411169701874,True
UC3,1,busy,NA,MAE,snaive7,16.710037233360378,16.501455783843994,16.922295236587523,1458101.0,True,6646,230,wt_med,2.5029750188204893,2.334663510322571,2.677223563194275,2.0789019346237185,2.966619062423706,1447890.0,0.8292568938648083,False
UC3,1,busy,NA,MAE,wt_med,14.303570600151545,14.137289643287659,14.470707893371582,1746009.0,True,6954,230,wt_med,,,,,,,,
UC3,1,busy,Asia,MAE,clim,18.589575043698513,18.185898542404175,19.014125967025755,904493.0,True,4065,230,wt_med,1.4180589553983722,1.2281033992767334,1.6010519504547118,0.8521474361419678,2.1176048278808595,902411.0,0.8617896815695383,False
UC3,1,busy,Asia,MAE,h5,16.723067503632798,16.38374819755554,17.074302005767823,1054284.0,True,4720,230,wt_med,-0.14875145157840208,-0.174501371383667,-0.12268433570861817,-0.23900847434997557,-0.0681421756744385,1047136.0,1.0,True
UC3,1,busy,Asia,MAE,lvlh5_cbd,23.980545978892,23.309302949905394,24.685676670074464,553348.0,True,2292,230,wt_med,7.403466553720467,6.798757934570313,7.995663261413574,4.568625497817993,9.860287714004516,549099.0,0.524381742199676,False
UC3,1,busy,Asia,MAE,lvlh5_naive,17.231948141315772,16.873078536987304,17.583451890945433,989751.0,True,4503,230,wt_med,0.23245571083805672,0.05153970718383789,0.4114078044891357,-0.03351826667785644,0.4717365264892578,985594.0,0.9412282645234239,False
UC3,1,busy,Asia,MAE,lvlh5_tft,16.164867953849665,15.80664939880371,16.57184453010559,705291.0,True,3433,230,wt_med,-0.36529244704759023,-0.6461076736450195,-0.08841629028320327,-1.152898359298706,0.184353160858154,700192.0,0.6686734101396571,False
UC3,1,busy,Asia,MAE,oracle_level,10.059419985712667,9.928828406333924,10.20329806804657,1051791.0,True,4622,230,wt_med,-6.860942500685514,-7.143299198150634,-6.581626057624817,-7.809601593017578,-5.940920615196228,1045020.0,0.997979250068759,True
UC3,1,busy,Asia,MAE,oracle_shape,14.252583068496527,13.865181851387025,14.618517184257508,989177.0,True,4268,230,wt_med,-2.7548800462000056,-2.9928349018096925,-2.513912606239319,-3.296456456184387,-2.0413237571716314,982230.0,0.9380156923264982,True
UC3,1,busy,Asia,MAE,snaive7,18.956624491585416,18.504244470596312,19.40070676803589,905511.0,True,4263,230,wt_med,1.9571312251782196,1.5576858043670654,2.3703391075134275,0.8074569702148438,2.681383657455444,902685.0,0.8620513476759466,False
UC3,1,busy,Asia,MAE,wt_med,16.897362902240015,16.55315570831299,17.24347996711731,1047136.0,True,4718,230,wt_med,,,,,,,,
UC3,2,all,all,MAE,clim,8.116379894864009,8.02784161567688,8.198936080932617,10648304.0,True,17940,229,wt_med,0.5030048900549371,0.47193082571029665,0.5320211768150329,0.4131271243095398,0.6051764488220215,10594564.0,0.9195074569959605,False
UC3,2,all,all,MAE,h5,7.6233744743867975,7.538971996307373,7.698637330532074,11628085.0,True,19160,229,wt_med,-0.0695673283342586,-0.07450419664382935,-0.06468985080718995,-0.08875998258590698,-0.05377514362335205,11521999.0,1.0,True
UC3,2,all,all,MAE,lvlh5_cbd,10.05914522305331,9.93278067111969,10.196008205413818,6385849.0,True,10107,229,wt_med,2.582967080008305,2.4967645406723022,2.669669210910797,2.19011447429657,3.0382151007652283,6337170.0,0.5500061230694431,False
UC3,2,all,all,MAE,lvlh5_naive,7.861957677696699,7.7812551856040955,7.940043210983276,11100604.0,True,18770,229,wt_med,0.2142750799104185,0.18352509737014772,0.2440539240837097,0.1554868221282959,0.2742562174797058,11025863.0,0.9569401108262551,False
UC3,2,all,all,MAE,lvlh5_tft,7.568702064240277,7.482113313674927,7.658064496517182,7973462.0,True,13242,229,wt_med,0.12328631151282377,0.07535580396652222,0.17437664270401002,-0.010819780826568603,0.2590253949165344,7910098.0,0.6865213232530223,False
UC3,2,all,all,MAE,oracle_level,5.429680270139287,5.382524836063385,5.479120135307312,11575541.0,True,19005,229,wt_med,-2.2860826103188545,-2.3336132645606993,-2.236245405673981,-2.585237443447113,-2.029924774169922,11475956.0,0.9960039052251263,True
UC3,2,all,all,MAE,oracle_shape,6.5385408636586675,6.457880568504334,6.614550065994263,11078271.0,True,18001,229,wt_med,-1.122053591179668,-1.1751107215881347,-1.0734917998313904,-1.3418761610984802,-0.9136242032051087,10963293.0,0.9515096295356388,True
UC3,2,all,all,MAE,snaive7,8.685913328171484,8.589782667160033,8.781866860389709,9951215.0,True,18191,229,wt_med,1.0155185245711698,0.9517795324325562,1.083642852306366,0.8231127738952637,1.1991872310638427,9882415.0,0.8576996925620285,False
UC3,2,all,all,MAE,wt_med,7.6981939071510075,7.612758469581604,7.774066281318665,11521999.0,True,19151,229,wt_med,,,,,,,,
UC3,2,all,EU,MAE,clim,6.3554830851440025,6.2441699385643,6.464318716526032,4072160.0,True,6151,229,wt_med,0.33696043732438064,0.29795136451721194,0.3797444701194763,0.250173282623291,0.43317878246307373,4044595.0,0.917479172611786,False
UC3,2,all,EU,MAE,h5,5.922153987716834,5.82739405632019,6.01664832830429,4452761.0,True,6276,229,wt_med,-0.04531553328684623,-0.0514534592628479,-0.0385191798210144,-0.06886879205703736,-0.02513272762298584,4408378.0,1.0,True
UC3,2,all,EU,MAE,lvlh5_cbd,8.01575668970866,7.8875169396400455,8.14720594882965,2791395.0,True,3748,229,wt_med,2.0518508890466656,1.9753110647201537,2.1349059462547304,1.6396242022514342,2.499330389499664,2770046.0,0.6283594555639285,False
UC3,2,all,EU,MAE,lvlh5_naive,6.056163121543265,5.9621715426445006,6.151539874076843,4242987.0,True,6269,229,wt_med,0.09802383839704909,0.06098951101303101,0.137859308719635,-1.3136863708495049e-05,0.18775715827941894,4211385.0,0.9553139499380497,False
UC3,2,all,EU,MAE,lvlh5_tft,5.8121790417108254,5.718815708160401,5.911495327949524,3152519.0,True,4261,229,wt_med,-0.09876383764417618,-0.15952833890914916,-0.032702434062957766,-0.3169900178909302,0.09660104513168336,3128757.0,0.709729746405594,False
UC3,2,all,EU,MAE,oracle_level,4.179187134427106,4.120962929725647,4.24012964963913,4429341.0,True,6266,229,wt_med,-1.8096690458399785,-1.8708884000778199,-1.745471465587616,-2.201128351688385,-1.4277291536331176,4388120.0,0.9954046590378592,True
UC3,2,all,EU,MAE,oracle_shape,4.994663216179414,4.901029479503632,5.092915606498718,4228260.0,True,5995,229,wt_med,-0.966667040070913,-1.0317931413650512,-0.9037680745124818,-1.3425366640090943,-0.6441405534744263,4179460.0,0.9480720573417253,True
UC3,2,all,EU,MAE,snaive7,6.532454845348617,6.421285915374756,6.642251682281494,3884705.0,True,6060,229,wt_med,0.5338178751033613,0.44430969953536986,0.6176284432411194,0.3259899616241455,0.7649753093719481,3861449.0,0.8759341871318658,False
UC3,2,all,EU,MAE,wt_med,5.978522486048156,5.88545138835907,6.073346722126007,4408378.0,True,6276,229,wt_med,,,,,,,,
UC3,2,all,NA,MAE,clim,9.18521299769656,9.066102623939514,9.31421926021576,3901122.0,True,7288,229,wt_med,0.5929369326419316,0.549779748916626,0.6351761817932129,0.4564554691314697,0.7792325496673583,3884672.0,0.9319139217865087,False
UC3,2,all,NA,MAE,h5,8.631536470428916,8.515357851982117,8.760567355155946,4209095.0,True,7586,229,wt_med,-0.10648754716338438,-0.11413123607635497,-0.09921939373016357,-0.13999829292297364,-0.08116044998168945,4168488.0,1.0,True
UC3,2,all,NA,MAE,lvlh5_cbd,10.360007803696513,10.151190090179444,10.571774363517761,2224549.0,True,3882,229,wt_med,2.202183204315123,2.078337216377258,2.3122613430023193,1.8793175220489502,2.5883150577545164,2208732.0,0.5298640658195489,False
UC3,2,all,NA,MAE,lvlh5_naive,8.92894224079476,8.805161905288696,9.058851099014282,4031764.0,True,7466,229,wt_med,0.2685823058123322,0.22129902839660645,0.31460001468658444,0.18285770416259767,0.3635703086853027,4001661.0,0.9599790139734119,False
UC3,2,all,NA,MAE,lvlh5_tft,8.583449484398251,8.438538527488708,8.73907835483551,2881073.0,True,5118,229,wt_med,0.31518525178817214,0.24038045406341552,0.3908726930618286,0.16787223815917968,0.4733327627182007,2856011.0,0.6851431502261731,False
UC3,2,all,NA,MAE,oracle_level,6.497260816715325,6.418373644351959,6.5831535935401915,4189209.0,True,7558,229,wt_med,-2.2596266273096184,-2.333807098865509,-2.188756597042084,-2.7071051359176637,-1.9038950562477113,4150357.0,0.9956504612703695,True
UC3,2,all,NA,MAE,oracle_shape,7.316087540600943,7.192974662780761,7.443840324878693,4023353.0,True,7247,229,wt_med,-1.3619317215734394,-1.4409973740577697,-1.2817699670791627,-1.6741836190223693,-0.9891074419021607,3980743.0,0.9549608874968574,True
UC3,2,all,NA,MAE,snaive7,10.31206906036557,10.164840483665467,10.46450092792511,3453790.0,True,7283,229,wt_med,1.5727808635330138,1.4798031568527221,1.6746904611587525,1.339479923248291,1.8363496541976927,3423077.0,0.8211795260055924,False
UC3,2,all,NA,MAE,wt_med,8.734471827674687,8.613957691192628,8.863488173484802,4168488.0,True,7580,229,wt_med,,,,,,,,
UC3,2,all,Asia,MAE,clim,9.238241778946117,9.020482993125915,9.445907807350158,2675022.0,True,4501,229,wt_med,0.6239017640435573,0.5464024543762207,0.7006440877914428,0.38039753437042234,0.9335880279541015,2665297.0,0.9049835779912146,False
UC3,2,all,Asia,MAE,h5,8.74657791509017,8.55738298892975,8.939614725112914,2966229.0,True,5298,229,wt_med,-0.0536120524947421,-0.06503918170928955,-0.041866898536682136,-0.10151641368865967,-0.020919072628021253,2945133.0,1.0,True
UC3,2,all,Asia,MAE,lvlh5_cbd,13.734305896332353,13.323818278312682,14.168780398368835,1369905.0,True,2477,229,wt_med,4.285175140447478,3.996483087539673,4.563689851760865,2.845783162117004,5.842144918441773,1358392.0,0.46123282038536123,False
UC3,2,all,Asia,MAE,lvlh5_naive,9.051026208995143,8.860639524459838,9.2576185464859,2825853.0,True,5035,229,wt_med,0.3110675931919129,0.23061134815216064,0.3915477991104126,0.1701214075088501,0.4263195276260376,2812817.0,0.9550729967033746,False
UC3,2,all,Asia,MAE,lvlh5_tft,8.916169063794232,8.710215044021606,9.149187445640564,1939870.0,True,3863,229,wt_med,0.19946830328112597,0.07634632587432862,0.32965583801269527,-0.16981041431427002,0.48940186500549304,1925330.0,0.6537327855821792,False
UC3,2,all,Asia,MAE,oracle_level,5.790365332179472,5.693327462673187,5.889271330833435,2956991.0,True,5181,229,wt_med,-3.0351472554908865,-3.170262408256531,-2.899654245376587,-3.784823489189148,-2.3945365190505985,2937479.0,0.9974011360437712,True
UC3,2,all,Asia,MAE,oracle_shape,7.741223093491531,7.555052280426025,7.944086408615112,2826658.0,True,4759,229,wt_med,-1.013080524485022,-1.1297573447227478,-0.8933078765869141,-1.5144175171852112,-0.4807206630706788,2803090.0,0.9517702596113656,True
UC3,2,all,Asia,MAE,snaive7,9.738131143023363,9.510552406311035,9.982724475860596,2612720.0,True,4848,229,wt_med,0.9972385271272177,0.818539309501648,1.1799970388412475,0.479071044921875,1.4477622747421264,2597889.0,0.882095647293348,False
UC3,2,all,Asia,MAE,wt_med,8.805529156068673,8.614055013656616,8.998439693450928,2945133.0,True,5295,229,wt_med,,,,,,,,
UC3,2,busy,all,MAE,clim,15.632358517416701,15.47915859222412,15.78799228668213,3278089.0,True,15128,229,wt_med,0.9572270871802324,0.8854940176010132,1.0302925825119018,0.7326888322830201,1.2040790557861327,3267243.0,0.9119601078528244,False
UC3,2,busy,all,MAE,h5,14.602252750523663,14.458580470085144,14.743755292892455,3611585.0,True,16211,229,wt_med,-0.1817059810308539,-0.1934783935546875,-0.17017979621887208,-0.22288820743560792,-0.14721808433532715,3582660.0,1.0,True
UC3,2,busy,all,MAE,lvlh5_cbd,18.73787292355383,18.463144731521606,19.01148614883423,1878823.0,True,8655,229,wt_med,4.357640460818407,4.113023471832276,4.5827317237854,3.1993138074874876,5.534831619262695,1866991.0,0.5211186660191032,False
UC3,2,busy,all,MAE,lvlh5_naive,14.698723529006942,14.553369140625,14.837222290039062,3458118.0,True,15848,229,wt_med,0.004557469573217787,-0.0698779821395874,0.07668466567993164,-0.1331162691116333,0.1301568508148193,3437190.0,0.9593960911724808,False
UC3,2,busy,all,MAE,lvlh5_tft,14.03806459614443,13.879242157936096,14.203960537910461,2387423.0,True,11240,229,wt_med,-0.41472932460882994,-0.5368799209594727,-0.28925633430480957,-0.7478664636611938,-0.12127330303192141,2370739.0,0.6617259243132197,True
UC3,2,busy,all,MAE,oracle_level,9.677446487410458,9.603449368476868,9.750942349433899,3602159.0,True,16055,229,wt_med,-5.130672995971816,-5.244865369796753,-5.013728594779968,-5.684369897842407,-4.631434440612793,3574311.0,0.9976696086148281,True
UC3,2,busy,all,MAE,oracle_shape,11.639154852267893,11.483094596862793,11.78888463973999,3455008.0,True,15279,229,wt_med,-3.0500810088440122,-3.157054829597473,-2.951577138900757,-3.274013614654541,-2.7889480113983156,3424381.0,0.9558208147019254,True
UC3,2,busy,all,MAE,snaive7,16.592351727522175,16.40564727783203,16.767275524139404,3079179.0,True,15332,229,wt_med,1.8447929170933417,1.6930932998657227,1.997606372833252,1.415942120552063,2.2089420080184934,3061455.0,0.8545201051732512,False
UC3,2,busy,all,MAE,wt_med,14.788229695254364,14.644119477272033,14.931294751167297,3582660.0,True,16202,229,wt_med,,,,,,,,
UC3,2,busy,EU,MAE,clim,13.486315567948651,13.274014830589294,13.722557497024535,760280.0,True,4465,229,wt_med,0.6128236019127833,0.47412681579589844,0.7563293933868408,0.3671560049057007,0.8462089776992797,756176.0,0.9349322393710211,False
UC3,2,busy,EU,MAE,h5,12.771474070458497,12.570658564567566,12.976084661483764,815402.0,True,4606,229,wt_med,-0.17728969538936035,-0.19955029487609863,-0.15616128444671631,-0.25537776947021484,-0.11163699626922609,808803.0,1.0,True
UC3,2,busy,EU,MAE,lvlh5_cbd,15.976331523308167,15.669309616088867,16.3287410736084,495907.0,True,2871,229,wt_med,3.044002393433363,2.750153589248657,3.3708786964416504,1.5067971229553223,4.60083532333374,493217.0,0.6098110417493506,False
UC3,2,busy,EU,MAE,lvlh5_naive,12.415345275009878,12.222000408172608,12.634933018684388,789177.0,True,4568,229,wt_med,-0.4062786062977626,-0.5230441093444824,-0.28587412834167486,-0.6829646110534668,-0.13389480113983157,783898.0,0.9692075820688103,True
UC3,2,busy,EU,MAE,lvlh5_tft,11.55254799625929,11.371142935752868,11.761024498939515,552568.0,True,3189,229,wt_med,-1.3933247148512748,-1.6027671575546265,-1.1837639093399048,-2.05726842880249,-0.705136275291443,549463.0,0.6793533159496193,True
UC3,2,busy,EU,MAE,oracle_level,8.118863946550851,8.019909286499024,8.227311277389527,813375.0,True,4581,229,wt_med,-4.83510900617722,-5.016436219215393,-4.650022745132446,-5.8933410286903385,-3.681692779064179,806923.0,0.9976755773655637,True
UC3,2,busy,EU,MAE,oracle_shape,9.440406548698894,9.209377312660218,9.673066902160645,787455.0,True,4407,229,wt_med,-3.3417923163523113,-3.4989882469177247,-3.1821314096450806,-3.6796069145202637,-2.9443655729293825,779891.0,0.9642533472304133,True
UC3,2,busy,EU,MAE,snaive7,13.462940202442894,13.222855758666991,13.692214131355286,721685.0,True,4459,229,wt_med,0.6318645921456874,0.3658366441726685,0.8717020511627197,-0.07009267807006836,1.2767598390579222,718688.0,0.8885822629243463,False
UC3,2,busy,EU,MAE,wt_med,12.945295702414557,12.734076690673827,13.149006748199463,808803.0,True,4605,229,wt_med,,,,,,,,
UC3,2,busy,NA,MAE,clim,15.042726877958415,14.870245242118836,15.220828866958618,1618899.0,True,6629,229,wt_med,0.9394420114348012,0.8594873666763305,1.0143333196640014,0.7050121307373047,1.2283291101455687,1614370.0,0.9287195639355108,False
UC3,2,busy,NA,MAE,h5,14.147553476705902,13.983549976348877,14.3157146692276,1753427.0,True,6929,229,wt_med,-0.20156383483625895,-0.21675949096679686,-0.18668274879455568,-0.25697758197784426,-0.16230709552764894,1738275.0,1.0,True
UC3,2,busy,NA,MAE,lvlh5_cbd,16.852705106863663,16.547013807296754,17.16736845970154,840223.0,True,3525,229,wt_med,3.1017382381241845,2.8560673236846923,3.34283561706543,2.458194375038147,3.8478329181671143,835421.0,0.48060347183270774,False
UC3,2,busy,NA,MAE,lvlh5_naive,14.296060034631559,14.125835943222047,14.472351098060608,1683600.0,True,6817,229,wt_med,0.10801712167782362,0.0180633544921875,0.18780493736267087,-0.040774869918823245,0.2603952884674072,1672287.0,0.9620382275531777,False
UC3,2,busy,NA,MAE,lvlh5_tft,13.843100447938196,13.646150612831116,14.04855136871338,1139967.0,True,4660,229,wt_med,0.008987947235274518,-0.14235689640045165,0.14997808933258053,-0.27089288234710696,0.2945499420166015,1131668.0,0.6510293250492586,False
UC3,2,busy,NA,MAE,oracle_level,10.174642872745297,10.06099202632904,10.285913872718812,1748517.0,True,6896,229,wt_med,-4.190652523025173,-4.324563717842102,-4.065873670578003,-4.648661851882935,-3.797173142433167,1733879.0,0.9974710560757072,True
UC3,2,busy,NA,MAE,oracle_shape,11.159434318474077,10.979426336288451,11.347016000747681,1682317.0,True,6621,229,wt_med,-3.031754467311483,-3.160312461853027,-2.9032371282577514,-3.3494568824768067,-2.695333862304688,1666625.0,0.958780975392271,True
UC3,2,busy,NA,MAE,snaive7,16.696762920627243,16.4932644367218,16.907216548919678,1455386.0,True,6625,229,wt_med,2.4368773202794056,2.265552282333374,2.615128421783447,2.006004571914673,2.9077273845672607,1444061.0,0.8307436970559894,False
UC3,2,busy,NA,MAE,wt_med,14.3416858667357,14.180971884727478,14.509454870224,1738275.0,True,6924,229,wt_med,,,,,,,,
UC3,2,busy,Asia,MAE,clim,18.509340200909993,18.101740550994872,18.927631902694703,898910.0,True,4034,229,wt_med,1.27967864284145,1.0921038150787354,1.4617884159088135,0.6402692556381225,2.0267138481140137,896697.0,0.8658870084648053,False
UC3,2,busy,Asia,MAE,h5,16.798454528192597,16.458107662200927,17.151139211654662,1042756.0,True,4676,229,wt_med,-0.15182277936464672,-0.1786097526550293,-0.12347006797790527,-0.24132013320922852,-0.07109899520874026,1035582.0,1.0,True
UC3,2,busy,Asia,MAE,lvlh5_cbd,24.18004569824319,23.492679166793824,24.8685471534729,542693.0,True,2259,229,wt_med,7.510062231416661,6.914843559265137,8.092447853088379,4.738410878181457,10.042905950546265,538353.0,0.5198555015440592,False
UC3,2,busy,Asia,MAE,lvlh5_naive,17.215531273214314,16.857289266586303,17.56514263153076,985341.0,True,4463,229,wt_med,0.15648263505560678,-0.02715673446655273,0.3413413047790527,-0.12110896110534668,0.40061206817626943,981005.0,0.9472982342296409,False
UC3,2,busy,Asia,MAE,lvlh5_tft,16.33436217460823,15.994738388061524,16.7319402217865,694888.0,True,3391,229,wt_med,-0.3303412645580295,-0.6127888679504394,-0.04459404945373542,-1.0329505681991578,0.21632642745971672,689608.0,0.6659134670166148,False
UC3,2,busy,Asia,MAE,oracle_level,10.060382543322234,9.926425623893739,10.205493545532226,1040267.0,True,4578,229,wt_med,-6.938474513858235,-7.231631588935852,-6.6558788299560545,-7.884905195236206,-6.016722393035889,1033509.0,0.9979982270839006,True
UC3,2,busy,Asia,MAE,oracle_shape,14.215651604962009,13.829042410850525,14.576665258407592,985236.0,True,4251,229,wt_med,-2.8486630717644523,-3.086284303665161,-2.604176163673401,-3.394109511375427,-2.1131061077117925,977865.0,0.9442661228178937,True
UC3,2,busy,Asia,MAE,snaive7,18.927427758095483,18.47788486480713,19.375130081176756,902108.0,True,4248,229,wt_med,1.863387470429707,1.4614591598510742,2.2611360073089597,0.7017996311187744,2.587616729736328,898706.0,0.8678269803839773,False
UC3,2,busy,Asia,MAE,wt_med,16.977130734215155,16.637343835830688,17.32988586425781,1035582.0,True,4673,229,wt_med,,,,,,,,
UC3,3,all,all,MAE,clim,8.137461521745891,8.048785877227782,8.220381736755371,10579677.0,True,17833,228,wt_med,0.49007632659313405,0.4604339122772217,0.5197031021118164,0.40009409189224243,0.5944491386413574,10523724.0,0.9192085026396056,False
UC3,3,all,all,MAE,h5,7.654119418036345,7.570875477790833,7.727370047569275,11558007.0,True,19040,228,wt_med,-0.07223139479835261,-0.07707566022872925,-0.06736043691635132,-0.09129282236099243,-0.056805419921875,11448680.0,1.0,True
UC3,3,all,all,MAE,lvlh5_cbd,10.073356326799338,9.94029242992401,10.216182923316955,6376127.0,True,10099,228,wt_med,2.5512197631273734,2.4638244032859804,2.635148358345032,2.166304576396942,3.015648305416107,6324224.0,0.5523976563236984,False
UC3,3,all,all,MAE,lvlh5_naive,7.869978706959917,7.788713037967682,7.948785376548767,11065388.0,True,18669,228,wt_med,0.18587723616645402,0.1547421932220459,0.2165156602859497,0.12593117952346802,0.24714138507843017,10986822.0,0.9596584060345822,False
UC3,3,all,all,MAE,lvlh5_tft,7.654253046067728,7.569738566875458,7.7454774379730225,7912055.0,True,13131,228,wt_med,0.17811781602190901,0.1270369529724121,0.23286492824554442,0.04636784791946411,0.31491767168045043,7846229.0,0.685339183207147,False
UC3,3,all,all,MAE,oracle_level,5.4338190392576555,5.386524558067322,5.483779835700989,11505942.0,True,18889,228,wt_med,-2.3156856329075843,-2.363978862762451,-2.2649187207221986,-2.6148843288421633,-2.058675169944763,11403135.0,0.9960218121215721,True
UC3,3,all,all,MAE,oracle_shape,6.53593227281327,6.454716002941131,6.610009753704071,11048012.0,True,17953,228,wt_med,-1.1600081840875953,-1.2144663691520692,-1.112830638885498,-1.3843565225601195,-0.9522428512573243,10926541.0,0.954393082870689,True
UC3,3,all,all,MAE,prod_served,8.111678693532541,8.024289345741272,8.205579257011413,7726729.0,True,12408,228,wt_med,0.727515285237426,0.6625504732131958,0.7980391025543212,0.5279860973358155,0.9232689499855041,7643159.0,0.6676017671906281,False
UC3,3,all,all,MAE,prod_served_lin,8.089757451050762,8.003261756896972,8.183303141593933,7726729.0,True,12408,228,wt_med,0.7054591236424619,0.6404170513153076,0.7758822798728943,0.5064280509948731,0.901642894744873,7643159.0,0.6676017671906281,False
UC3,3,all,all,MAE,snaive7,8.68343754317026,8.586544394493103,8.78080220222473,9924367.0,True,18144,228,wt_med,0.9757500244004911,0.9124081492424011,1.0446022033691407,0.7823602437973023,1.1644155263900757,9846113.0,0.8600216793551746,False
UC3,3,all,all,MAE,wt_med,7.732788452467883,7.6490718126297,7.805994832515717,11448680.0,True,19032,228,wt_med,,,,,,,,
UC3,3,all,EU,MAE,clim,6.386630317574372,6.273542141914367,6.498303592205048,4047052.0,True,6122,228,wt_med,0.32599836351799816,0.28386286497116087,0.3693490386009216,0.24235138893127442,0.4187461853027344,4018376.0,0.9169975771895719,False
UC3,3,all,EU,MAE,h5,5.958989012776823,5.861661577224732,6.055804324150086,4428644.0,True,6242,228,wt_med,-0.04822113296795294,-0.054560065269470215,-0.04145997762680054,-0.07254980802536011,-0.027792227268218995,4382101.0,1.0,True
UC3,3,all,EU,MAE,lvlh5_cbd,8.037371198438597,7.9066324710845945,8.170712304115295,2793221.0,True,3751,228,wt_med,2.023018539082363,1.946808123588562,2.1049742221832277,1.6063365817070008,2.4659823536872865,2769793.0,0.6320696396545857,False
UC3,3,all,EU,MAE,lvlh5_naive,6.0672738696026745,5.9736542224884035,6.1635258316993715,4233243.0,True,6237,228,wt_med,0.07055622419714247,0.0326629638671875,0.11086324453353881,-0.033489668369293214,0.1649960398674011,4199203.0,0.9582624864191857,False
UC3,3,all,EU,MAE,lvlh5_tft,5.852002678789123,5.759697878360749,5.951869106292724,3130435.0,True,4234,228,wt_med,-0.09046138276510973,-0.15698304176330566,-0.027396678924560554,-0.2986027717590332,0.09570673704147337,3105185.0,0.7086064424348046,False
UC3,3,all,EU,MAE,oracle_level,4.191339887826579,4.131431591510773,4.253377568721771,4405300.0,True,6233,228,wt_med,-1.838690188504871,-1.900998854637146,-1.774262011051178,-2.2394688010215758,-1.4466870725154877,4361997.0,0.9954122463174628,True
UC3,3,all,EU,MAE,oracle_shape,4.9952938977472625,4.901753103733062,5.0922073245048525,4221052.0,True,5982,228,wt_med,-1.0033626601204286,-1.068605661392212,-0.9399080514907837,-1.378196918964386,-0.6802407979965212,4168611.0,0.9512813602424955,True
UC3,3,all,EU,MAE,prod_served,6.274565057466719,6.171852540969849,6.382872903347015,3135989.0,True,4232,228,wt_med,0.3205048320766979,0.233896803855896,0.4041892170906067,0.1053157925605774,0.5268936157226562,3097426.0,0.7068358305753336,False
UC3,3,all,EU,MAE,prod_served_lin,6.255931462132042,6.153024411201477,6.364175486564636,3135989.0,True,4232,228,wt_med,0.30167653722800747,0.21414101123809814,0.38521589040756227,0.08375686407089233,0.5088618755340576,3097426.0,0.7068358305753336,False
UC3,3,all,EU,MAE,snaive7,6.535793591257444,6.4263893365859985,6.643567085266113,3877859.0,True,6047,228,wt_med,0.4972929623253384,0.4069103002548218,0.5810777902603149,0.2838962197303772,0.7330461263656616,3850519.0,0.8786924354322276,False
UC3,3,all,EU,MAE,wt_med,6.018999447981687,5.924241077899933,6.117973136901855,4382101.0,True,6242,228,wt_med,,,,,,,,
UC3,3,all,NA,MAE,clim,9.222701110094771,9.10027379989624,9.349802613258362,3872282.0,True,7245,228,wt_med,0.6018084658791132,0.5593941688537598,0.6452973127365113,0.4630260467529297,0.7900832414627075,3855146.0,0.9299062940814369,False
UC3,3,all,NA,MAE,h5,8.66218078985807,8.543313670158387,8.791688227653504,4187132.0,True,7553,228,wt_med,-0.1085316033148267,-0.11621379852294922,-0.10129525661468505,-0.143082594871521,-0.08292438983917237,4145736.0,1.0,True
UC3,3,all,NA,MAE,lvlh5_cbd,10.398263458268756,10.182306432724,10.609820485115051,2230208.0,True,3904,228,wt_med,2.1716523473410536,2.0461156368255615,2.2832834720611572,1.8446276664733887,2.554688239097595,2213537.0,0.5339310076666725,False
UC3,3,all,NA,MAE,lvlh5_naive,8.941659353910735,8.81796407699585,9.069306111335754,4018126.0,True,7435,228,wt_med,0.2406355236119584,0.19367752075195313,0.2866934061050415,0.1524597406387329,0.33650455474853513,3987239.0,0.9617686702674748,False
UC3,3,all,NA,MAE,lvlh5_tft,8.676216338444837,8.540494275093078,8.82147912979126,2863352.0,True,5083,228,wt_med,0.3879634036316677,0.3049717903137207,0.4629117727279663,0.24146783351898193,0.5457408189773559,2837883.0,0.6845305634512183,False
UC3,3,all,NA,MAE,oracle_level,6.497807662957979,6.419345343112946,6.5852489352226256,4167417.0,True,7526,228,wt_med,-2.290760387714439,-2.367055094242096,-2.2183651447296144,-2.74073703289032,-1.929023015499115,4127758.0,0.9956634961801716,True
UC3,3,all,NA,MAE,oracle_shape,7.320901172974691,7.1965593814849855,7.4497117638587955,4010674.0,True,7225,228,wt_med,-1.3969046769944011,-1.4771183609962464,-1.3164533734321595,-1.7120970964431763,-1.0234320640563965,3966763.0,0.9568296196381053,True
UC3,3,all,NA,MAE,prod_served,9.504768838888616,9.356572484970092,9.670133924484253,2810118.0,True,4992,228,wt_med,1.2620233855009904,1.147515892982483,1.3767136096954347,0.9370640277862549,1.6115039587020872,2779500.0,0.6704479011688154,False
UC3,3,all,NA,MAE,prod_served_lin,9.487836097985921,9.340413188934326,9.652809357643127,2810118.0,True,4992,228,wt_med,1.2450075553157038,1.1313763856887817,1.3587787389755248,0.9213551044464111,1.5926459312438963,2779500.0,0.6704479011688154,False
UC3,3,all,NA,MAE,snaive7,10.306322650667022,10.160190868377686,10.461579704284668,3442243.0,True,7261,228,wt_med,1.5253300934189031,1.4304892539978027,1.6259995222091674,1.2823184251785278,1.7955097675323486,3408732.0,0.8222260172861948,False
UC3,3,all,NA,MAE,wt_med,8.768272871210323,8.645899629592895,8.90114848613739,4145736.0,True,7547,228,wt_med,,,,,,,,
UC3,3,all,Asia,MAE,clim,9.221288382738617,8.99952871799469,9.429436755180358,2660343.0,True,4466,228,wt_med,0.5763275780487671,0.5014484167098999,0.6533087730407715,0.3241152048110962,0.8984891414642334,2650202.0,0.9073414764162264,False
UC3,3,all,Asia,MAE,h5,8.77104160074447,8.58331503868103,8.963371324539185,2942231.0,True,5245,228,wt_med,-0.05673049698323318,-0.06880912780761719,-0.04487366676330567,-0.10380866527557372,-0.023883581161499027,2920843.0,1.0,True
UC3,3,all,Asia,MAE,lvlh5_cbd,13.74183660278465,13.310477352142334,14.17736508846283,1352698.0,True,2444,228,wt_med,4.26887572384366,3.9755404472351072,4.5537396430969235,2.8080300807952883,5.85078649520874,1340894.0,0.45907773885826797,False
UC3,3,all,Asia,MAE,lvlh5_naive,9.051612435303177,8.854689621925354,9.256025075912476,2814019.0,True,4997,228,wt_med,0.2808364774653622,0.19674811363220215,0.36042375564575196,0.133667254447937,0.40106749534606934,2800380.0,0.9587574546115625,False
UC3,3,all,Asia,MAE,lvlh5_tft,9.069898300712657,8.857329320907592,9.310523056983948,1918268.0,True,3814,228,wt_med,0.3034203383427858,0.17836222648620606,0.43548429012298584,-0.06397979259490966,0.608071231842041,1903161.0,0.6515793556860126,False
UC3,3,all,Asia,MAE,oracle_level,5.788176147077204,5.692329823970795,5.887008595466614,2933225.0,True,5130,228,wt_med,-3.0651718234307115,-3.203234100341797,-2.9284865260124207,-3.813163328170776,-2.421764469146729,2913380.0,0.9974449157315199,True
UC3,3,all,Asia,MAE,oracle_shape,7.727167941230153,7.537704026699066,7.926007258892059,2816286.0,True,4746,228,wt_med,-1.057284847009523,-1.175630223751068,-0.9382914066314698,-1.569070076942444,-0.5178272485733032,2791167.0,0.955603228246092,True
UC3,3,all,Asia,MAE,prod_served,9.14863120864507,8.928939604759217,9.398305368423461,1780622.0,True,3184,228,wt_med,0.60013656182395,0.45018715858459474,0.7551920175552368,0.04469256401062012,1.01373188495636,1766233.0,0.6046997390821759,False
UC3,3,all,Asia,MAE,prod_served_lin,9.113047154309,8.893094444274903,9.361228442192077,1780622.0,True,3184,228,wt_med,0.5644878110645664,0.4150111436843872,0.719425630569458,0.013332176208496095,0.9682509183883666,1766233.0,0.6046997390821759,False
UC3,3,all,Asia,MAE,snaive7,9.736285669853107,9.505717611312866,9.982093858718873,2604265.0,True,4836,228,wt_med,0.9637419777320932,0.7833932876586914,1.1467300415039061,0.44397859573364257,1.4112497806549071,2586862.0,0.8856559561742963,False
UC3,3,all,Asia,MAE,wt_med,8.834234671291815,8.644759559631348,9.029338669776916,2920843.0,True,5243,228,wt_med,,,,,,,,
UC3,3,busy,all,MAE,clim,15.638909195634866,15.480159807205201,15.794958019256592,3256991.0,True,15026,228,wt_med,0.9203494141565507,0.8452281951904297,0.9960978031158447,0.6867053985595704,1.1756609201431274,3245833.0,0.9120021556501946,False
UC3,3,busy,all,MAE,h5,14.645894067175554,14.50270655155182,14.788178062438964,3588746.0,True,16106,228,wt_med,-0.1877936026753435,-0.19990160465240478,-0.17628777027130127,-0.22975306510925292,-0.15268831253051757,3559019.0,1.0,True
UC3,3,busy,all,MAE,lvlh5_cbd,18.774773610544184,18.508188915252685,19.05511360168457,1869565.0,True,8639,228,wt_med,4.305049400731562,4.064270997047425,4.534512519836426,3.144971561431885,5.489541363716125,1857012.0,0.5217763659030761,False
UC3,3,busy,all,MAE,lvlh5_naive,14.693925440417576,14.548112845420837,14.836816787719727,3447605.0,True,15763,228,wt_med,-0.05498293011877209,-0.13024768829345704,0.01854662895202636,-0.1948702812194824,0.07714760303497313,3425582.0,0.9625073650913356,False
UC3,3,busy,all,MAE,lvlh5_tft,14.241142600599938,14.094381403923034,14.41113269329071,2365059.0,True,11136,228,wt_med,-0.2668038608212395,-0.390950345993042,-0.1422388792037965,-0.5847939491271973,0.012138104438781687,2347712.0,0.6596514376573994,False
UC3,3,busy,all,MAE,oracle_level,9.672957028286262,9.599478769302369,9.746257543563843,3579462.0,True,15955,228,wt_med,-5.184608179824716,-5.295707416534424,-5.070357012748718,-5.734021019935608,-4.675024557113647,3550788.0,0.9976872840521503,True
UC3,3,busy,all,MAE,oracle_shape,11.616507281529598,11.459571146965027,11.76251323223114,3445764.0,True,15231,228,wt_med,-3.125711749718816,-3.2318952560424803,-3.021853232383728,-3.3548553466796873,-2.868238353729248,3413338.0,0.9590670912405919,True
UC3,3,busy,all,MAE,prod_served,15.303928062164474,15.142565298080445,15.476190400123595,2281303.0,True,10608,228,wt_med,0.8427723754502665,0.6978631734848022,1.001906132698059,0.41429805755615234,1.242184615135193,2261988.0,0.6355650250813497,False
UC3,3,busy,all,MAE,prod_served_lin,15.246875360265603,15.085589694976807,15.42034604549408,2281303.0,True,10608,228,wt_med,0.7854430483273998,0.6403323173522949,0.9447413921356201,0.35886948108673095,1.1763467550277709,2261988.0,0.6355650250813497,False
UC3,3,busy,all,MAE,snaive7,16.568571969397087,16.380166721343993,16.742633485794066,3069381.0,True,15285,228,wt_med,1.7638759246516695,1.6128002882003785,1.9193173170089721,1.3317421197891235,2.1344784498214717,3048986.0,0.856692813384812,False
UC3,3,busy,all,MAE,wt_med,14.8400356952295,14.696333503723144,14.980242705345153,3559019.0,True,16097,228,wt_med,,,,,,,,
UC3,3,busy,EU,MAE,clim,13.519348015263839,13.307772445678712,13.75891101360321,754987.0,True,4437,228,wt_med,0.5617577450232201,0.41772780418395994,0.7047869920730591,0.2950334072113037,0.8107239484786987,750837.0,0.9348861706419368,False
UC3,3,busy,EU,MAE,h5,12.8514174581721,12.650402188301086,13.054978632926941,810165.0,True,4577,228,wt_med,-0.18630032174038647,-0.20850515365600586,-0.16451783180236818,-0.267123818397522,-0.11832282543182374,803132.0,1.0,True
UC3,3,busy,EU,MAE,lvlh5_cbd,15.997851611332699,15.684745025634765,16.339639472961426,493183.0,True,2866,228,wt_med,2.9687915864256027,2.6695636510849,3.292253017425537,1.4309077739715577,4.514185953140259,490236.0,0.6104052633938132,False
UC3,3,busy,EU,MAE,lvlh5_naive,12.430601568284123,12.23995373249054,12.648999452590942,786004.0,True,4544,228,wt_med,-0.4865114787420328,-0.6067578554153442,-0.3608169555664063,-0.7778791427612305,-0.18916959762573243,780276.0,0.9715414153588701,True
UC3,3,busy,EU,MAE,lvlh5_tft,11.702703569730087,11.519346332550048,11.911954975128173,546526.0,True,3160,228,wt_med,-1.302732073743952,-1.5169756889343262,-1.082598614692688,-1.9332701921463014,-0.669369411468506,543213.0,0.67636826822988,True
UC3,3,busy,EU,MAE,oracle_level,8.133186482684035,8.03632423877716,8.239987778663636,808179.0,True,4554,228,wt_med,-4.91124244691102,-5.099588441848755,-4.725312829017639,-5.984449791908264,-3.7317745089530945,801279.0,0.9976927827555122,True
UC3,3,busy,EU,MAE,oracle_shape,9.432209916569613,9.200254225730896,9.669696021080018,784706.0,True,4391,228,wt_med,-3.444594694472581,-3.604679274559021,-3.2833158493041994,-3.7930586338043213,-3.034184956550598,776497.0,0.9668360867204893,True
UC3,3,busy,EU,MAE,prod_served,12.664952878383945,12.444656991958619,12.894597721099853,551021.0,True,3163,228,wt_med,-0.3191330248021025,-0.5839226245880127,-0.04620010852813727,-1.0738797426223754,0.3911324262619015,546244.0,0.6801422431181923,False
UC3,3,busy,EU,MAE,prod_served_lin,12.604766878213352,12.383642220497132,12.832583904266357,551021.0,True,3163,228,wt_med,-0.3798201902446525,-0.6475847244262696,-0.10646352767944338,-1.1332770109176635,0.32784662246704044,546244.0,0.6801422431181923,False
UC3,3,busy,EU,MAE,snaive7,13.464004407879084,13.230308055877686,13.697426176071167,718713.0,True,4445,228,wt_med,0.5363218792603206,0.2624288320541382,0.7894614219665527,-0.17639946937561032,1.2051688432693481,715175.0,0.8904825109695542,False
UC3,3,busy,EU,MAE,wt_med,13.035408251694616,12.829172134399414,13.244784665107726,803132.0,True,4576,228,wt_med,,,,,,,,
UC3,3,busy,NA,MAE,clim,15.08841251902247,14.914035201072693,15.273729848861695,1608624.0,True,6593,228,wt_med,0.9563325039169204,0.8778833627700806,1.0377195835113526,0.709571647644043,1.2638904094696044,1603939.0,0.9265282520992093,False
UC3,3,busy,NA,MAE,h5,14.182454691272566,14.018874526023865,14.352040100097657,1746573.0,True,6902,228,wt_med,-0.2055476255944093,-0.22119641304016113,-0.19119315147399904,-0.2612107753753662,-0.1658250093460083,1731128.0,1.0,True
UC3,3,busy,NA,MAE,lvlh5_cbd,16.917050221267072,16.60412335395813,17.220872116088866,843517.0,True,3546,228,wt_med,3.052634141075858,2.792184090614319,3.288590693473816,2.3868562459945677,3.831884241104126,838378.0,0.48429578864185663,False
UC3,3,busy,NA,MAE,lvlh5_naive,14.294583969351278,14.123611044883727,14.472909951210022,1680822.0,True,6791,228,wt_med,0.0567387960952086,-0.03282759189605713,0.13704466819763184,-0.09560317993164062,0.21334600448608393,1669109.0,0.964174226284827,False
UC3,3,busy,NA,MAE,lvlh5_tft,13.97354514137327,13.78683569431305,14.17807424068451,1133742.0,True,4630,228,wt_med,0.11139136482995582,-0.04279825687408447,0.24899072647094714,-0.15527191162109374,0.38649690151214594,1125233.0,0.6499998844683929,False
UC3,3,busy,NA,MAE,oracle_level,10.160085361730244,10.043792486190796,10.272097396850587,1741683.0,True,6868,228,wt_med,-4.242297510816311,-4.381973695755005,-4.1143310308456424,-4.699491333961487,-3.843975424766541,1726753.0,0.9974727460938764,True
UC3,3,busy,NA,MAE,oracle_shape,11.148536611552604,10.961827850341797,11.331235527992249,1679907.0,True,6601,228,wt_med,-3.0911450637776294,-3.219058036804199,-2.9634185314178465,-3.4122384786605835,-2.755257868766785,1663601.0,0.9609924858242718,True
UC3,3,busy,NA,MAE,prod_served,15.419547011356146,15.209747099876404,15.62287633419037,1113582.0,True,4565,228,wt_med,1.611935479196216,1.413480544090271,1.799820113182068,1.1800899744033813,2.073952794075012,1104078.0,0.6377795287234682,False
UC3,3,busy,NA,MAE,prod_served_lin,15.383210890621436,15.175177025794984,15.584821724891663,1113582.0,True,4565,228,wt_med,1.5754360199188824,1.375486969947815,1.7619261741638184,1.1417211055755616,2.0396066904067993,1104078.0,0.6377795287234682,False
UC3,3,busy,NA,MAE,snaive7,16.661944462806275,16.460286998748778,16.869550704956055,1452288.0,True,6607,228,wt_med,2.351454192619924,2.178854155540466,2.5300638914108275,1.9054736614227294,2.8360764026641845,1439768.0,0.831693554722701,False
UC3,3,busy,NA,MAE,wt_med,14.382262027995619,14.218867182731628,14.552785944938659,1731128.0,True,6897,228,wt_med,,,,,,,,
UC3,3,busy,Asia,MAE,clim,18.421357093286172,18.036759519577025,18.846526384353638,893380.0,True,3996,228,wt_med,1.1577407505917137,0.9755858898162841,1.3447701454162597,0.4881943702697754,1.9254955291748044,891057.0,0.8695283476407624,False
UC3,3,busy,Asia,MAE,h5,16.838951527023045,16.50586543083191,17.19419369697571,1032008.0,True,4627,228,wt_med,-0.15897201195598143,-0.18686437606811523,-0.13123764991760253,-0.24616012573242188,-0.08097100257873538,1024759.0,1.0,True
UC3,3,busy,Asia,MAE,lvlh5_cbd,24.285647814122914,23.581297206878663,24.95961127281189,532865.0,True,2227,228,wt_med,7.531933466177904,6.915537309646607,8.135791540145874,4.697385311126709,10.07955436706543,528398.0,0.5156314801821696,False
UC3,3,busy,Asia,MAE,lvlh5_naive,17.192147309842778,16.83948760032654,17.544799327850342,980779.0,True,4428,228,wt_med,0.0989159561575299,-0.08971271514892577,0.2811365127563476,-0.18910470008850097,0.3571274280548095,976197.0,0.9526112969000516,False
UC3,3,busy,Asia,MAE,lvlh5_tft,16.710084815675394,16.332269716262818,17.109808683395386,684791.0,True,3346,228,wt_med,-0.06486246528368511,-0.34868755340576174,0.24123845100402827,-0.7255906105041504,0.49753055572509747,679266.0,0.6628543882024944,False
UC3,3,busy,Asia,MAE,oracle_level,10.057559866860997,9.924019479751587,10.199280714988708,1029600.0,True,4533,228,wt_med,-6.9897112501030865,-7.280654072761536,-6.701933789253235,-7.926953411102295,-6.077519083023072,1022756.0,0.9980453940877806,True
UC3,3,busy,Asia,MAE,oracle_shape,14.164716937696006,13.785961508750916,14.520830607414245,981151.0,True,4239,228,wt_med,-2.930378145824587,-3.1690152883529663,-2.681828022003174,-3.4867939710617066,-2.1862473249435426,973240.0,0.949725740393595,True
UC3,3,busy,Asia,MAE,prod_served,17.453076049943245,17.050081539154053,17.875461959838866,616700.0,True,2880,228,wt_med,0.4920381384611865,0.1609508514404297,0.8477180957794189,-0.5038732051849365,1.2467932224273681,611666.0,0.5968876584640876,False
UC3,3,busy,Asia,MAE,prod_served_lin,17.361414788389816,16.957710361480714,17.787504720687867,616700.0,True,2880,228,wt_med,0.40010888295245906,0.0645078182220459,0.7543660163879393,-0.5776986122131348,1.125640344619751,611666.0,0.5968876584640876,False
UC3,3,busy,Asia,MAE,snaive7,18.90131458848149,18.454639673233032,19.35124764442444,898380.0,True,4233,228,wt_med,1.7996008021985546,1.3952513217926026,2.2233535766601564,0.6298366546630859,2.5360108375549317,894043.0,0.8724422034839411,False
UC3,3,busy,Asia,MAE,wt_med,17.027690413062974,16.68613209724426,17.38293399810791,1024759.0,True,4624,228,wt_med,,,,,,,,
UC3,4,all,all,MAE,clim,8.149612826229664,8.061687397956849,8.231066918373108,10514142.0,True,17725,227,wt_med,0.4790581378591545,0.447516655921936,0.5094418525695801,0.38613847494125364,0.5864969968795776,10457093.0,0.919135354200166,False
UC3,4,all,all,MAE,h5,7.678442573230252,7.595406317710877,7.7518427014350895,11488797.0,True,18926,227,wt_med,-0.07306771023682845,-0.0778688907623291,-0.06825854778289794,-0.09198315143585205,-0.057572603225708015,11377098.0,1.0,True
UC3,4,all,all,MAE,lvlh5_cbd,10.087307226016595,9.953360652923584,10.22756621837616,6345812.0,True,10050,227,wt_med,2.5351116627143524,2.442850923538208,2.6225268721580504,2.1300381660461425,3.0067479610443115,6291854.0,0.5530280217327829,False
UC3,4,all,all,MAE,lvlh5_naive,7.872251442805408,7.792181837558746,7.952740597724914,11030125.0,True,18571,227,wt_med,0.1595201938928259,0.12780431509017945,0.19106827974319457,0.09791287183761598,0.2224359393119812,10948504.0,0.9623283547351003,False
UC3,4,all,all,MAE,lvlh5_tft,7.7024345230051905,7.616548264026642,7.793753159046173,7845203.0,True,13011,227,wt_med,0.18959608567786468,0.1384071707725525,0.24457132816314694,0.051529061794281,0.3263429045677185,7777513.0,0.6836113216217352,False
UC3,4,all,all,MAE,oracle_level,5.439693839591665,5.392923963069916,5.4895418882369995,11436839.0,True,18776,227,wt_med,-2.3351531626490516,-2.3826427936553953,-2.2850685119628906,-2.6345476865768434,-2.082478511333466,11331867.0,0.9960243816129561,True
UC3,4,all,all,MAE,oracle_shape,6.530443900576506,6.448274183273315,6.603107130527496,11017801.0,True,17907,227,wt_med,-1.1942897660474525,-1.2497150421142578,-1.1463685512542725,-1.4242389678955079,-0.9827879428863525,10890506.0,0.9572305696936073,True
UC3,4,all,all,MAE,prod_served,8.17818795652888,8.088866758346558,8.271922707557678,7659154.0,True,12284,227,wt_med,0.766664897274925,0.6975041508674622,0.8391361832618713,0.5588560342788697,0.9702094793319702,7573224.0,0.6656551609206496,False
UC3,4,all,all,MAE,prod_served_lin,8.156140743481592,8.066571569442749,8.249041867256164,7659154.0,True,12284,227,wt_med,0.7444474440476085,0.6752990365028382,0.8164968609809875,0.5372874498367309,0.947183632850647,7573224.0,0.6656551609206496,False
UC3,4,all,all,MAE,snaive7,8.67461179451191,8.576465582847595,8.772306776046753,9897722.0,True,18099,227,wt_med,0.938263679247112,0.8731445670127869,1.0065272927284241,0.7424044132232666,1.126472759246826,9797798.0,0.8611860423457722,False
UC3,4,all,all,MAE,wt_med,7.7588324368832895,7.675370883941651,7.834219574928284,11377098.0,True,18917,227,wt_med,,,,,,,,
UC3,4,all,EU,MAE,clim,6.414401286617252,6.3024558305740355,6.527195107936859,4024196.0,True,6092,227,wt_med,0.31594538868458866,0.2735520601272583,0.36027519702911376,0.23057605028152467,0.40937359333038326,3994923.0,0.9170228663312984,False
UC3,4,all,EU,MAE,h5,5.995190682290712,5.897736847400665,6.090917730331421,4404237.0,True,6210,227,wt_med,-0.04912374710340295,-0.055489301681518555,-0.042267453670501706,-0.07319079637527466,-0.02900573015213013,4356405.0,1.0,True
UC3,4,all,EU,MAE,lvlh5_cbd,8.028404859329372,7.902554309368133,8.157104849815369,2788140.0,True,3739,227,wt_med,1.9763514140163405,1.9019676566123962,2.0601653099060058,1.555060362815857,2.4280933499336244,2763222.0,0.6342895116500876,False
UC3,4,all,EU,MAE,lvlh5_naive,6.078824684975574,5.985951828956604,6.174578678607941,4223162.0,True,6203,227,wt_med,0.04495419565088188,0.006201279163360596,0.08712145090103149,-0.06409238576889038,0.14503718614578243,4187353.0,0.9611946088575327,False
UC3,4,all,EU,MAE,lvlh5_tft,5.88469389524307,5.79138867855072,5.9865992903709415,3106647.0,True,4203,227,wt_med,-0.08148459763885185,-0.14765394926071168,-0.009751474857330331,-0.2929533362388611,0.1068261981010437,3080283.0,0.707069934957838,False
UC3,4,all,EU,MAE,oracle_level,4.203473736275278,4.1443462610244755,4.264993703365326,4380858.0,True,6200,227,wt_med,-1.8641778994232814,-1.927138888835907,-1.7976599216461182,-2.2709076404571533,-1.464742261171341,4336425.0,0.9954136495573759,True
UC3,4,all,EU,MAE,oracle_shape,4.997211909187357,4.905478405952453,5.096555876731872,4213541.0,True,5968,227,wt_med,-1.038063972177925,-1.1053009986877442,-0.9736003398895263,-1.4155423760414123,-0.7142134308815007,4158104.0,0.9544805866304901,True
UC3,4,all,EU,MAE,prod_served,6.315173409847567,6.212065732479095,6.423347961902619,3112972.0,True,4199,227,wt_med,0.33045267342380846,0.23205424547195436,0.4257799267768859,0.1230115294456482,0.5307371258735657,3072502.0,0.7052838292123895,False
UC3,4,all,EU,MAE,prod_served_lin,6.297005040520763,6.195100653171539,6.405490291118622,3112972.0,True,4199,227,wt_med,0.31207672932352803,0.21426311731338502,0.40708862543106067,0.10265058279037476,0.5138881683349609,3072502.0,0.7052838292123895,False
UC3,4,all,EU,MAE,snaive7,6.538302692453741,6.429362440109253,6.646686327457428,3871190.0,True,6034,227,wt_med,0.46258343118069156,0.3715043544769287,0.5463342070579528,0.2438678026199341,0.6991232633590698,3832500.0,0.8797391427105606,False
UC3,4,all,EU,MAE,wt_med,6.056702487486816,5.960188806056976,6.154047310352325,4356405.0,True,6210,227,wt_med,,,,,,,,
UC3,4,all,NA,MAE,clim,9.251904041458483,9.126241207122803,9.379329133033753,3846161.0,True,7207,227,wt_med,0.6085914609333489,0.5648189067840577,0.6511895656585693,0.46480053663253784,0.8089361667633056,3828662.0,0.9286832490919738,False
UC3,4,all,NA,MAE,h5,8.684787862055618,8.564789819717408,8.814420461654663,4164519.0,True,7520,227,wt_med,-0.10824549297810826,-0.11603329181671143,-0.10108788013458252,-0.14263410568237306,-0.08265396356582642,4122678.0,1.0,True
UC3,4,all,NA,MAE,lvlh5_cbd,10.422439919700171,10.20636613368988,10.635575604438781,2221081.0,True,3898,227,wt_med,2.1548051500095955,2.0285642623901365,2.2730566024780274,1.8347241282463074,2.5304697513580323,2203937.0,0.5345886824049805,False
UC3,4,all,NA,MAE,lvlh5_naive,8.95078129396841,8.826721882820129,9.080219149589539,4004043.0,True,7401,227,wt_med,0.21889342371200904,0.17198846340179444,0.266666316986084,0.12806050777435304,0.31745293140411374,3972521.0,0.9635778006431742,False
UC3,4,all,NA,MAE,lvlh5_tft,8.757536647810996,8.605984568595886,8.913209891319275,2842232.0,True,5044,227,wt_med,0.43106322008874187,0.3460392951965332,0.5078904867172241,0.27064334154129027,0.5886974811553954,2816305.0,0.6831251434140624,False
UC3,4,all,NA,MAE,oracle_level,6.502887310212615,6.425286519527435,6.587914848327637,4144853.0,True,7492,227,wt_med,-2.307800928857385,-2.3866970539093018,-2.2336494088172913,-2.760898196697235,-1.9435885429382327,4104777.0,0.9956579194397428,True
UC3,4,all,NA,MAE,oracle_shape,7.324982653122275,7.199967396259308,7.453524386882782,3997635.0,True,7205,227,wt_med,-1.4243486957684581,-1.505265724658966,-1.3440593838691712,-1.7405295610427856,-1.0469423413276673,3952527.0,0.9587280403659951,True
UC3,4,all,NA,MAE,prod_served,9.63625539808632,9.48016586303711,9.802979207038879,2785941.0,True,4953,227,wt_med,1.36794846571072,1.2507087469100953,1.4758832454681396,1.049165415763855,1.723211145401001,2754826.0,0.6682127490917311,False
UC3,4,all,NA,MAE,prod_served_lin,9.618931359278607,9.464121246337891,9.784846544265747,2785941.0,True,4953,227,wt_med,1.3505573491755918,1.2343470335006714,1.4584171772003174,1.0322354674339294,1.703384804725647,2754826.0,0.6682127490917311,False
UC3,4,all,NA,MAE,snaive7,10.294587427849276,10.14911117553711,10.449008369445801,3431012.0,True,7241,227,wt_med,1.4811737124626703,1.388011908531189,1.582633304595947,1.2428534507751465,1.7515429735183716,3392756.0,0.8229495488126892,False
UC3,4,all,NA,MAE,wt_med,8.791604510466255,8.669274353981018,8.925019454956054,4122678.0,True,7514,227,wt_med,,,,,,,,
UC3,4,all,Asia,MAE,clim,9.187231942083036,8.964928698539733,9.397997379302979,2643785.0,True,4426,227,wt_med,0.5381745565230869,0.461466383934021,0.6137252807617187,0.26983985900878904,0.8716528177261352,2633508.0,0.9087282156924653,False
UC3,4,all,Asia,MAE,h5,8.782021660825995,8.593023443222046,8.975160813331604,2920041.0,True,5196,227,wt_med,-0.059017724200874255,-0.07069149017333984,-0.047951173782348644,-0.10742750167846679,-0.026868021488189703,2898015.0,1.0,True
UC3,4,all,Asia,MAE,lvlh5_cbd,13.825287794669151,13.40953471660614,14.275970220565796,1336591.0,True,2413,227,wt_med,4.333374815076819,4.032694172859192,4.6218870878219604,2.8307159423828123,6.005082106590271,1324695.0,0.45710425929472415,False
UC3,4,all,Asia,MAE,lvlh5_naive,9.033701585017777,8.840741419792176,9.237884569168092,2802920.0,True,4967,227,wt_med,0.2469706172698416,0.16512622833251953,0.3280968427658081,0.09494668245315552,0.3722703456878662,2788630.0,0.9622551988171214,False
UC3,4,all,Asia,MAE,lvlh5_tft,9.098943476973108,8.88444230556488,9.340317940711975,1896324.0,True,3764,227,wt_med,0.27198114753404745,0.1538102149963379,0.40703299045562735,-0.07625975608825683,0.5956216096878052,1880925.0,0.6490390836486354,False
UC3,4,all,Asia,MAE,oracle_level,5.786268804035261,5.688738453388214,5.888074243068695,2911128.0,True,5084,227,wt_med,-3.080526191346764,-3.2163151621818544,-2.941239619255066,-3.826752507686615,-2.4348036050796513,2890665.0,0.9974637812433683,True
UC3,4,all,Asia,MAE,oracle_shape,7.700553883989512,7.509494054317474,7.896981060504913,2806625.0,True,4734,227,wt_med,-1.1008643303996903,-1.2205611944198609,-0.980525279045105,-1.6216536045074463,-0.5556504845619202,2779875.0,0.9592341654546301,True
UC3,4,all,Asia,MAE,prod_served,9.165224534594978,8.948480987548828,9.423222517967224,1760241.0,True,3132,227,wt_med,0.5855723937737416,0.43680031299591066,0.7469089746475219,0.04511055946350099,1.0187194347381592,1745896.0,0.6024454669834353,False
UC3,4,all,Asia,MAE,prod_served_lin,9.12884222955834,8.911734175682067,9.38660671710968,1760241.0,True,3132,227,wt_med,0.548979077218803,0.4006779432296753,0.7102640867233276,0.02478718757629396,0.9718587636947632,1745896.0,0.6024454669834353,False
UC3,4,all,Asia,MAE,snaive7,9.719451593514979,9.489276576042176,9.963615489006042,2595520.0,True,4824,227,wt_med,0.9309103602584532,0.7474794626235962,1.1181593656539917,0.4081866979598999,1.3798962593078614,2572542.0,0.8876910574997023,False
UC3,4,all,Asia,MAE,wt_med,8.848330150119995,8.65458312034607,9.044964170455932,2898015.0,True,5193,227,wt_med,,,,,,,,
UC3,4,busy,all,MAE,clim,15.642801883899937,15.486523747444153,15.796467781066895,3235416.0,True,14930,227,wt_med,0.8926752407287069,0.8177992582321167,0.9712497234344482,0.6459641218185425,1.1650173425674437,3224065.0,0.9119700730494799,False
UC3,4,busy,all,MAE,h5,14.68383231553319,14.541865134239197,14.826793766021728,3565533.0,True,16004,227,wt_med,-0.1896297848116486,-0.2018885374069214,-0.17816674709320068,-0.23144805431365967,-0.15493369102478027,3535275.0,1.0,True
UC3,4,busy,all,MAE,lvlh5_cbd,18.793860593104945,18.527851009368895,19.07741575241089,1854606.0,True,8587,227,wt_med,4.290384259629928,4.042393732070923,4.5120526313781735,3.0915435552597046,5.536272573471069,1841621.0,0.520927226311956,False
UC3,4,busy,all,MAE,lvlh5_naive,14.68610234103972,14.53995976448059,14.828558444976807,3435286.0,True,15676,227,wt_med,-0.10601979337890377,-0.1818242073059082,-0.03125944137573242,-0.24937002658843993,0.029453802108764627,3412506.0,0.9652731399961814,False
UC3,4,busy,all,MAE,lvlh5_tft,14.328288846240273,14.160288238525391,14.50398428440094,2341390.0,True,11021,227,wt_med,-0.24761228331221474,-0.3757396459579468,-0.11860375404357916,-0.5702553987503052,0.03493008613586407,2323675.0,0.6572826724936532,False
UC3,4,busy,all,MAE,oracle_level,9.677660189048881,9.604196405410766,9.753941559791565,3556290.0,True,15849,227,wt_med,-5.219515615886172,-5.333717226982117,-5.104545617103577,-5.772552132606506,-4.709593820571899,3527099.0,0.997687308625213,True
UC3,4,busy,all,MAE,oracle_shape,11.596820210075942,11.44385051727295,11.744328474998474,3434730.0,True,15176,227,wt_med,-3.1891421364206973,-3.2929226875305178,-3.084501266479492,-3.418158030509949,-2.933193254470825,3400760.0,0.9619506261889104,True
UC3,4,busy,all,MAE,prod_served,15.42643906804478,15.261389207839965,15.602734279632568,2257190.0,True,10497,227,wt_med,0.917274742896268,0.7639794826507569,1.0792186975479126,0.47994563579559324,1.3273582220077516,2237521.0,0.6329128568498914,False
UC3,4,busy,all,MAE,prod_served_lin,15.369172732468247,15.202641868591309,15.543252182006835,2257190.0,True,10497,227,wt_med,0.8596625461839249,0.7060048103332519,1.0195977926254272,0.427372670173645,1.2784369945526122,2237521.0,0.6329128568498914,False
UC3,4,busy,all,MAE,snaive7,16.539867401884,16.351306343078612,16.712663412094116,3057962.0,True,15222,227,wt_med,1.6909912952507273,1.53437020778656,1.8463799715042113,1.2568281650543214,2.0719300746917724,3032023.0,0.857648414904074,False
UC3,4,busy,all,MAE,wt_med,14.881070496637461,14.733797001838685,15.024600434303284,3535275.0,True,15996,227,wt_med,,,,,,,,
UC3,4,busy,EU,MAE,clim,13.544990667910945,13.332563281059265,13.779758620262147,750100.0,True,4408,227,wt_med,0.5270647343876114,0.3726489067077637,0.6732799768447876,0.24496955871582032,0.7951942682266234,745786.0,0.9353002849345854,False
UC3,4,busy,EU,MAE,h5,12.91831143484885,12.71584644317627,13.12774133682251,804698.0,True,4545,227,wt_med,-0.18934934710851614,-0.21248745918273926,-0.16717019081115725,-0.268330717086792,-0.12205805778503419,797376.0,1.0,True
UC3,4,busy,EU,MAE,lvlh5_cbd,15.915516861286369,15.616935181617738,16.26860957145691,490566.0,True,2853,227,wt_med,2.8075279958170594,2.5081713914871218,3.137712240219116,1.2228303670883178,4.41845326423645,487330.0,0.6111671281804318,False
UC3,4,busy,EU,MAE,lvlh5_naive,12.44129955070493,12.246183490753173,12.66304337978363,782604.0,True,4514,227,wt_med,-0.5457231231941755,-0.6703456163406372,-0.4182600259780884,-0.8610427141189575,-0.2311098337173463,776529.0,0.9738554960269684,True
UC3,4,busy,EU,MAE,lvlh5_tft,11.754072392528238,11.568337082862854,11.969363594055176,540312.0,True,3129,227,wt_med,-1.2910296561901298,-1.515670156478882,-1.0535629034042358,-1.9263047695159912,-0.636055064201355,536811.0,0.6732219178906814,True
UC3,4,busy,EU,MAE,oracle_level,8.159597783278434,8.05710427761078,8.26916069984436,802724.0,True,4520,227,wt_med,-4.956973754047963,-5.149251580238342,-4.762564516067505,-6.0504919528961185,-3.7629200220108037,795549.0,0.9977087346496508,True
UC3,4,busy,EU,MAE,oracle_shape,9.424448137756402,9.189596486091613,9.660125112533569,781673.0,True,4372,227,wt_med,-3.5229382496112844,-3.6840182304382325,-3.3565331935882567,-3.8890743255615234,-3.108937191963196,772947.0,0.9693632614977125,True
UC3,4,busy,EU,MAE,prod_served,12.754039533519144,12.535815644264222,12.980536627769471,545360.0,True,3133,227,wt_med,-0.28290545293007163,-0.5685450792312622,0.00986363887786864,-0.9884366750717163,0.4158889532089233,540260.0,0.6775473553254675,False
UC3,4,busy,EU,MAE,prod_served_lin,12.694838730379933,12.47561867237091,12.920280861854554,545360.0,True,3133,227,wt_med,-0.34258528301188385,-0.6308483123779297,-0.04897356033325197,-1.0506624460220337,0.3636200428009033,540260.0,0.6775473553254675,False
UC3,4,busy,EU,MAE,snaive7,13.451868008948546,13.212818431854249,13.690037655830384,715200.0,True,4422,227,wt_med,0.44864165989456595,0.1689049482345581,0.7023364067077634,-0.29033052921295166,1.1417364597320556,710021.0,0.8904469158840999,False
UC3,4,busy,EU,MAE,wt_med,13.10618202704872,12.899674367904662,13.315267753601074,797376.0,True,4544,227,wt_med,,,,,,,,
UC3,4,busy,NA,MAE,clim,15.126497986838295,14.946242737770081,15.315038394927978,1598729.0,True,6560,227,wt_med,0.9677142600814701,0.8853126287460327,1.0452720165252685,0.7056959867477417,1.2834404468536376,1593939.0,0.9248053424927765,False
UC3,4,busy,NA,MAE,h5,14.209813514368271,14.048057460784912,14.377133250236511,1739075.0,True,6875,227,wt_med,-0.20561420825742438,-0.22116963863372802,-0.19193601608276367,-0.25850489139556887,-0.16598267555236818,1723540.0,1.0,True
UC3,4,busy,NA,MAE,lvlh5_cbd,16.937433545165046,16.633647680282593,17.25086913108826,840803.0,True,3540,227,wt_med,3.030806044629637,2.7705881357192994,3.2854058742523193,2.362769269943237,3.7952390909194946,835506.0,0.4847615953212574,False
UC3,4,busy,NA,MAE,lvlh5_naive,14.297111694674639,14.127192401885987,14.47381775379181,1676744.0,True,6763,227,wt_med,0.021981626040698643,-0.06803979873657226,0.10179901123046871,-0.1406090259552002,0.18131306171417233,1664796.0,0.9659166598976525,False
UC3,4,busy,NA,MAE,lvlh5_tft,14.096623771311467,13.893076944351197,14.3193790435791,1126357.0,True,4598,227,wt_med,0.1891829924363453,0.045125174522399905,0.3314913034439087,-0.09419188499450683,0.45911910533905026,1117716.0,0.6485001798623763,False
UC3,4,busy,NA,MAE,oracle_level,10.15620383044796,10.045048379898072,10.269489908218384,1734183.0,True,6840,227,wt_med,-4.272193344140385,-4.416183257102967,-4.144303107261658,-4.738034319877625,-3.863227677345276,1719154.0,0.9974552374763568,True
UC3,4,busy,NA,MAE,oracle_shape,11.141899062537135,10.959264707565307,11.328237986564636,1676211.0,True,6583,227,wt_med,-3.136064123830762,-3.2670509099960325,-3.0089852809906006,-3.4674535989761353,-2.801612162590027,1659431.0,0.9628038803857177,True
UC3,4,busy,NA,MAE,prod_served,15.62284702512411,15.397831583023072,15.829462933540345,1105273.0,True,4532,227,wt_med,1.7872923688862965,1.5876018047332763,1.9825494050979613,1.3390433311462402,2.2473131656646728,1095633.0,0.6356875964584517,False
UC3,4,busy,NA,MAE,prod_served_lin,15.586036549341204,15.36373438835144,15.791333436965942,1105273.0,True,4532,227,wt_med,1.7503810582558206,1.5518445014953612,1.9447329998016356,1.2962990760803224,2.2112663507461545,1095633.0,0.6356875964584517,False
UC3,4,busy,NA,MAE,snaive7,16.62962482373818,16.42846245765686,16.832749557495116,1448839.0,True,6591,227,wt_med,2.281822370975693,2.111147975921631,2.463319420814514,1.8242178916931153,2.767148160934448,1434439.0,0.8322632488947167,False
UC3,4,busy,NA,MAE,wt_med,14.411056894531024,14.250475144386291,14.57933828830719,1723540.0,True,6870,227,wt_med,,,,,,,,
UC3,4,busy,Asia,MAE,clim,18.34868208083358,17.94766139984131,18.764082860946655,886587.0,True,3962,227,wt_med,1.0657529909310917,0.8765711784362793,1.2516250133514404,0.33657073974609375,1.877588415145874,884340.0,0.8718215148680103,False
UC3,4,busy,Asia,MAE,h5,16.88108545548857,16.547983121871948,17.239071750640868,1021760.0,True,4584,227,wt_med,-0.16269042814230517,-0.18953614234924315,-0.13473305702209473,-0.2497692584991455,-0.0858924388885498,1014359.0,1.0,True
UC3,4,busy,Asia,MAE,lvlh5_cbd,24.47562048839583,23.75044779777527,25.2398540019989,523237.0,True,2194,227,wt_med,7.711889313064312,7.071737480163574,8.33084979057312,4.788744878768921,10.359375953674315,518785.0,0.5114412155854091,False
UC3,4,busy,Asia,MAE,lvlh5_naive,17.154526949238125,16.806232595443724,17.492511415481566,975938.0,True,4399,227,wt_med,0.026134908941308765,-0.16097679138183593,0.2135227680206298,-0.2690682888031006,0.2830206394195556,971181.0,0.9574332164450653,False
UC3,4,busy,Asia,MAE,lvlh5_tft,16.776437961711174,16.399216508865358,17.1737539768219,674721.0,True,3294,227,wt_med,-0.14015495709531223,-0.415239953994751,0.15672340393066406,-0.841944408416748,0.43429450988769525,669148.0,0.6596757163883793,False
UC3,4,busy,Asia,MAE,oracle_level,10.058972099231118,9.925313806533813,10.210149383544922,1019383.0,True,4489,227,wt_med,-7.034475165710925,-7.322046566009521,-6.735410523414612,-7.958142232894898,-6.136451005935669,1012396.0,0.9980647877132258,True
UC3,4,busy,Asia,MAE,oracle_shape,14.115772456922837,13.73122489452362,14.473754715919494,976846.0,True,4221,227,wt_med,-3.013666544358683,-3.2547106742858887,-2.7641690015792846,-3.5847916841506957,-2.2732365846633913,968382.0,0.9546738383550597,True
UC3,4,busy,Asia,MAE,prod_served,17.471317617305544,17.073168516159058,17.894218015670777,606557.0,True,2832,227,wt_med,0.41063165278211855,0.07373685836791992,0.7675953388214108,-0.5299594879150391,1.1582117557525633,601628.0,0.5931115118020346,False
UC3,4,busy,Asia,MAE,prod_served_lin,17.378515745428707,16.9819287776947,17.8036536693573,606557.0,True,2832,227,wt_med,0.3171775166714319,-0.01938705444335937,0.6776840209960936,-0.5958216190338135,1.037148094177246,601628.0,0.5931115118020346,False
UC3,4,busy,Asia,MAE,snaive7,18.865004032785823,18.423853206634522,19.316850233078004,893923.0,True,4209,227,wt_med,1.7299555073837034,1.3211078643798828,2.1468911170959473,0.5415967464447021,2.4804993152618406,887563.0,0.874998890925205,False
UC3,4,busy,Asia,MAE,wt_med,17.074909869188325,16.736286163330078,17.428642511367798,1014359.0,True,4582,227,wt_med,,,,,,,,
UC3,5,all,all,MAE,clim,8.171895117169669,8.083234810829163,8.25481038093567,10449718.0,True,17602,226,wt_med,0.47119147147373663,0.4388397097587585,0.5025489687919616,0.3728415250778198,0.5807890176773071,10390916.0,0.9190552626355863,False
UC3,5,all,all,MAE,h5,7.709728102077449,7.6263986229896545,7.785756230354309,11420113.0,True,18810,226,wt_med,-0.0742346443737727,-0.0791274905204773,-0.0694166898727417,-0.09270697832107544,-0.05870308876037598,11306084.0,1.0,True
UC3,5,all,all,MAE,lvlh5_cbd,10.127416725600895,9.995118498802185,10.266342759132385,6285352.0,True,9942,226,wt_med,2.5151894103322476,2.426576626300812,2.6024128675460814,2.1108182311058044,2.9997811794281004,6229149.0,0.5509554855598101,False
UC3,5,all,all,MAE,lvlh5_naive,7.881603790167529,7.799851989746093,7.961488211154938,10998376.0,True,18473,226,wt_med,0.13442823337829246,0.10212637186050415,0.1657882809638977,0.07036463022232056,0.20046340227127074,10913042.0,0.965236239178835,False
UC3,5,all,all,MAE,lvlh5_tft,7.777383113431856,7.684083521366119,7.868580234050751,7775021.0,True,12873,226,wt_med,0.22927094617123434,0.17679423093795776,0.2825391173362732,0.08966867923736573,0.3672645688056946,7705399.0,0.6815267779719308,False
UC3,5,all,all,MAE,oracle_level,5.449119910263712,5.4012650609016415,5.4982071876525875,11368326.0,True,18663,226,wt_med,-2.3595436749547583,-2.4076451301574706,-2.308429443836212,-2.6613080143928527,-2.1047124505043033,11261163.0,0.9960268294486402,True
UC3,5,all,all,MAE,oracle_shape,6.530900112794645,6.448245930671692,6.605762839317322,10992494.0,True,17872,226,wt_med,-1.2276296450819704,-1.282317543029785,-1.1783803462982179,-1.4624523997306824,-1.0143027424812316,10857595.0,0.9603320654613923,True
UC3,5,all,all,MAE,prod_served,8.25574783079539,8.160077142715455,8.348453378677368,7592299.0,True,12153,226,wt_med,0.8185685826447138,0.7533921718597412,0.8851245641708374,0.6100955009460449,1.0303303241729735,7502452.0,0.6635765310075531,False
UC3,5,all,all,MAE,prod_served_lin,8.234363810619156,8.13956127166748,8.327072262763977,7592299.0,True,12153,226,wt_med,0.7970250092902962,0.7320060849189758,0.8633373498916626,0.591038978099823,1.0073254823684692,7502452.0,0.6635765310075531,False
UC3,5,all,all,MAE,snaive7,8.67086250862539,8.572283673286439,8.769513511657715,9876365.0,True,18065,226,wt_med,0.8999464688528152,0.8339402556419373,0.968869936466217,0.7064363837242127,1.08963965177536,9745728.0,0.8619897039505455,False
UC3,5,all,all,MAE,wt_med,7.7920727459658,7.708423125743866,7.8681516408920285,11306084.0,True,18800,226,wt_med,,,,,,,,
UC3,5,all,EU,MAE,clim,6.446065764864186,6.3332778215408325,6.561855089664459,4001985.0,True,6064,226,wt_med,0.31397068578487364,0.27184356451034547,0.35711894035339353,0.22929878234863282,0.4069257974624634,3972339.0,0.9169543831041796,False
UC3,5,all,EU,MAE,h5,6.026588993712342,5.925209248065949,6.123291277885437,4381759.0,True,6182,226,wt_med,-0.050429096066781476,-0.05702654123306274,-0.04342293739318848,-0.07463151216506958,-0.030423271656036376,4332101.0,1.0,True
UC3,5,all,EU,MAE,lvlh5_cbd,8.067538660858718,7.939003992080688,8.198712158203126,2764368.0,True,3706,226,wt_med,1.9611953471445966,1.8834774136543273,2.044632983207703,1.5292753100395202,2.4121830701828,2737870.0,0.6319958837524795,False
UC3,5,all,EU,MAE,lvlh5_naive,6.0862477723583135,5.992909133434296,6.1819463729858395,4215425.0,True,6174,226,wt_med,0.019600400658180916,-0.019537854194641113,0.06275917291641235,-0.09595974683761596,0.12624090909957886,4177402.0,0.9642900754160626,False
UC3,5,all,EU,MAE,lvlh5_tft,5.919327710997446,5.822686886787414,6.018247056007385,3082093.0,True,4170,226,wt_med,-0.08183869812209554,-0.14690340757369996,-0.0160186529159546,-0.2858910322189331,0.1005275845527648,3054370.0,0.7050551222143713,False
UC3,5,all,EU,MAE,oracle_level,4.2145455038443975,4.1544389128685,4.27517306804657,4358396.0,True,6171,226,wt_med,-1.886820702650212,-1.951101541519165,-1.8196128487586976,-2.298669719696045,-1.4810588359832764,4312251.0,0.9954179276983616,True
UC3,5,all,EU,MAE,oracle_shape,4.9936029767652395,4.901218926906585,5.093636775016785,4208879.0,True,5960,226,wt_med,-1.073450665532941,-1.1405059099197388,-1.01040118932724,-1.4584633111953735,-0.740378034114838,4149502.0,0.9578497823573365,True
UC3,5,all,EU,MAE,prod_served,6.346920305986158,6.248069560527801,6.453105235099793,3088375.0,True,4164,226,wt_med,0.32847307745470555,0.24269554615020753,0.4174053907394409,0.12806657552719117,0.5296687483787537,3045793.0,0.7030752514772856,False
UC3,5,all,EU,MAE,prod_served_lin,6.328963573076456,6.2303743124008175,6.434585213661194,3088375.0,True,4164,226,wt_med,0.3103125360127894,0.2254212021827698,0.39847230911254883,0.10932331085205078,0.5143016457557678,3045793.0,0.7030752514772856,False
UC3,5,all,EU,MAE,snaive7,6.5370732122392745,6.4278970718383786,6.645255696773529,3866471.0,True,6026,226,wt_med,0.4293234657781779,0.3371168613433838,0.5152067065238952,0.20207399129867554,0.6680652499198914,3814116.0,0.8804309964149035,False
UC3,5,all,EU,MAE,wt_med,6.089987283306645,5.991125440597534,6.185672795772552,4332101.0,True,6182,226,wt_med,,,,,,,,
UC3,5,all,NA,MAE,clim,9.285858442378554,9.160550522804261,9.417403411865234,3822726.0,True,7171,226,wt_med,0.6160130920800704,0.5723126411437989,0.6606518507003785,0.4694649338722229,0.8172325372695922,3804743.0,0.9278595918263827,False
UC3,5,all,NA,MAE,h5,8.711246452988275,8.590797305107117,8.840158843994141,4142924.0,True,7490,226,wt_med,-0.10847812151953029,-0.11599345207214355,-0.1012883186340332,-0.1430278539657593,-0.08277305364608765,4100559.0,1.0,True
UC3,5,all,NA,MAE,lvlh5_cbd,10.396274439658123,10.187612533569336,10.60349645614624,2199566.0,True,3857,226,wt_med,2.1010595247270825,1.971281099319458,2.214506697654724,1.7834868907928467,2.467992568016052,2182026.0,0.5321289121800223,False
UC3,5,all,NA,MAE,lvlh5_naive,8.962222599701299,8.839098167419433,9.090134263038635,3991344.0,True,7374,226,wt_med,0.19869684914410257,0.15078358650207518,0.24669923782348632,0.10248081684112549,0.29866523742675777,3958832.0,0.9654371513737517,False
UC3,5,all,NA,MAE,lvlh5_tft,8.85112288604198,8.706050920486451,9.017611742019653,2819720.0,True,4997,226,wt_med,0.508543348665075,0.4186094760894775,0.5836856365203857,0.34589935541152955,0.6752928018569946,2793359.0,0.6812141954304279,False
UC3,5,all,NA,MAE,oracle_level,6.511157454219497,6.432198584079742,6.596659672260285,4123340.0,True,7462,226,wt_med,-2.3290037786489473,-2.408795988559723,-2.2554546713829042,-2.79310427904129,-1.9632146358489992,4082745.0,0.9956557142574951,True
UC3,5,all,NA,MAE,oracle_shape,7.328985157100716,7.2049155831336975,7.4580987095832825,3986303.0,True,7189,226,wt_med,-1.4517788967286913,-1.532864773273468,-1.3700486540794372,-1.7727121829986572,-1.0746724605560303,3939273.0,0.9606673138954958,True
UC3,5,all,NA,MAE,prod_served,9.754477764820257,9.598881030082703,9.919791173934936,2762874.0,True,4909,226,wt_med,1.4696325438942122,1.3527713537216186,1.5817356824874877,1.1596606731414796,1.8193307399749756,2730884.0,0.6659784678137786,False
UC3,5,all,NA,MAE,prod_served_lin,9.737377726961128,9.582491993904114,9.901728796958924,2762874.0,True,4909,226,wt_med,1.452453948977693,1.3357328414916991,1.5643939256668091,1.1450980067253114,1.799019432067871,2730884.0,0.6659784678137786,False
UC3,5,all,NA,MAE,snaive7,10.286472091970142,10.140678977966308,10.442914080619811,3422850.0,True,7226,226,wt_med,1.4401569637879703,1.341762375831604,1.5443623781204223,1.2033621072769165,1.7131191253662108,3378104.0,0.8238154846692853,False
UC3,5,all,NA,MAE,wt_med,8.819948450930715,8.700409150123596,8.952345657348634,4100559.0,True,7483,226,wt_med,,,,,,,,
UC3,5,all,Asia,MAE,clim,9.18079399407316,8.960859894752502,9.392410182952881,2625007.0,True,4367,226,wt_med,0.49932072962552176,0.41867570877075194,0.5741194009780883,0.21507809162139893,0.8465828895568847,2613834.0,0.9096583031254698,False
UC3,5,all,Asia,MAE,h5,8.82386158964299,8.634732961654663,9.021439599990845,2895430.0,True,5138,226,wt_med,-0.06125731879457952,-0.07298667430877685,-0.04972946643829346,-0.10932397842407227,-0.02888126373291016,2873424.0,1.0,True
UC3,5,all,Asia,MAE,lvlh5_cbd,13.989094649919462,13.560606431961059,14.428454279899597,1321418.0,True,2379,226,wt_med,4.363881682602832,4.069511818885803,4.657676124572754,2.843223786354065,6.04654221534729,1309253.0,0.45564211894937884,False
UC3,5,all,Asia,MAE,lvlh5_naive,9.047622946751408,8.857241368293762,9.251638841629028,2791607.0,True,4925,226,wt_med,0.21554776536296139,0.1316481113433838,0.2996496677398682,0.0639847755432129,0.3462823629379272,2776808.0,0.9663760029845926,False
UC3,5,all,Asia,MAE,lvlh5_tft,9.218255690225815,8.98909776210785,9.46773920059204,1873208.0,True,3706,226,wt_med,0.3208565804778818,0.19109745025634767,0.4566042423248291,-0.013324093818664543,0.6578081727027892,1857670.0,0.6465004816553352,False
UC3,5,all,Asia,MAE,oracle_level,5.796111435955157,5.6986124277114865,5.896333813667297,2886590.0,True,5030,226,wt_med,-3.114275244673589,-3.252170741558075,-2.973186564445496,-3.8664406895637513,-2.4549207329750065,2866167.0,0.9974744416417487,True
UC3,5,all,Asia,MAE,oracle_shape,7.7066319675973585,7.514505970478058,7.901041269302368,2797312.0,True,4723,226,wt_med,-1.1397874917511377,-1.263066828250885,-1.0163572192192079,-1.6714074611663818,-0.5907463788986208,2768820.0,0.9635960443011543,True
UC3,5,all,Asia,MAE,prod_served,9.2634002469774,9.026123642921448,9.510574626922606,1741050.0,True,3080,226,wt_med,0.6532801205255616,0.503154182434082,0.8173862934112549,0.13401103019714355,1.1026435256004332,1725775.0,0.6005987978105564,False
UC3,5,all,Asia,MAE,prod_served_lin,9.22913845093478,8.993270587921142,9.477592277526856,1741050.0,True,3080,226,wt_med,0.618858701163246,0.4679821014404297,0.7812728404998779,0.10740072727203369,1.0562873959541321,1725775.0,0.6005987978105564,False
UC3,5,all,Asia,MAE,snaive7,9.722350296322753,9.488375449180603,9.969257688522339,2587044.0,True,4813,226,wt_med,0.888246287068613,0.7006738901138305,1.0779046535491943,0.35539329051971436,1.3373416185379028,2553508.0,0.8886638379856228,False
UC3,5,all,Asia,MAE,wt_med,8.891367928993423,8.70171320438385,9.091030883789063,2873424.0,True,5135,226,wt_med,,,,,,,,
UC3,5,busy,all,MAE,clim,15.671633677046096,15.517544937133788,15.8251366853714,3213536.0,True,14824,226,wt_med,0.8708791517668928,0.7891535758972168,0.9491698503494262,0.6158737897872925,1.1574136018753052,3201950.0,0.9115687625958308,False
UC3,5,busy,all,MAE,h5,14.73744965844928,14.59185450077057,14.882599043846131,3543544.0,True,15905,226,wt_med,-0.19269331139498647,-0.2047804594039917,-0.18096537590026857,-0.23364078998565674,-0.15854449272155763,3512571.0,1.0,True
UC3,5,busy,all,MAE,lvlh5_cbd,18.859671868730914,18.590572595596313,19.140677881240844,1834465.0,True,8489,226,wt_med,4.257623289898284,4.011316132545471,4.498224377632141,3.0462958574295045,5.500185418128967,1820973.0,0.5184159978545629,False
UC3,5,busy,all,MAE,lvlh5_naive,14.69253467407472,14.541739797592163,14.835322189331055,3423782.0,True,15604,226,wt_med,-0.15665265283413454,-0.23473918437957764,-0.08277270793914798,-0.3017072916030884,-0.016936779022216797,3399935.0,0.9679334595656571,True
UC3,5,busy,all,MAE,lvlh5_tft,14.508671033480502,14.347520661354064,14.687689614295959,2317492.0,True,10897,226,wt_med,-0.12093384465118362,-0.24635694026947022,0.009477353096008268,-0.45907318592071533,0.1916424989700317,2299283.0,0.6545869108410904,False
UC3,5,busy,all,MAE,oracle_level,9.686932316426073,9.612178707122803,9.762976551055909,3534349.0,True,15752,226,wt_med,-5.269197876229764,-5.384133958816529,-5.1514808177948,-5.825035738945007,-4.753891205787658,3504473.0,0.9976945661738937,True
UC3,5,busy,all,MAE,oracle_shape,11.591567359811988,11.43687138557434,11.736912989616394,3424878.0,True,15137,226,wt_med,-3.2504109091506006,-3.357928729057312,-3.146418738365173,-3.483647418022156,-2.9905275583267215,3388774.0,0.9647560148962113,True
UC3,5,busy,all,MAE,prod_served,15.639383498004026,15.454813504219056,15.81971549987793,2233245.0,True,10383,226,wt_med,1.0916108007280485,0.9422024726867676,1.2452798366546631,0.6385682106018067,1.526560163497925,2213036.0,0.6300331011102693,False
UC3,5,busy,all,MAE,prod_served_lin,15.583283965709091,15.398101639747619,15.764137315750123,2233245.0,True,10383,226,wt_med,1.0351576973894687,0.8846786737442016,1.1881255149841308,0.5768578767776489,1.459600496292114,2213036.0,0.6300331011102693,False
UC3,5,busy,all,MAE,snaive7,16.518166971445293,16.331246376037598,16.69277958869934,3048114.0,True,15165,226,wt_med,1.61104573977706,1.4517971754074097,1.7683462619781494,1.1632757902145385,1.9935491561889649,3015253.0,0.858417666148243,False
UC3,5,busy,all,MAE,wt_med,14.937988584430038,14.791272044181824,15.084556937217712,3512571.0,True,15896,226,wt_med,,,,,,,,
UC3,5,busy,EU,MAE,clim,13.580939607767323,13.368055534362792,13.814196562767028,744864.0,True,4381,226,wt_med,0.5153078863637592,0.37067279815673826,0.6611928224563599,0.2258136034011841,0.7908848047256468,740468.0,0.9351858517505339,False
UC3,5,busy,EU,MAE,h5,12.967031455812505,12.759805011749268,13.177800369262695,799423.0,True,4519,226,wt_med,-0.19300195317680036,-0.2161151647567749,-0.17008931636810304,-0.27354278564453127,-0.12698001861572267,791787.0,1.0,True
UC3,5,busy,EU,MAE,lvlh5_cbd,15.929608931703674,15.62973494529724,16.271069955825805,485510.0,True,2824,226,wt_med,2.7429606456880666,2.428979182243347,3.081738567352295,1.091397190093994,4.393395709991455,482096.0,0.608870820056404,False
UC3,5,busy,EU,MAE,lvlh5_naive,12.436195732445878,12.244924187660217,12.652076721191406,779308.0,True,4492,226,wt_med,-0.603259464478402,-0.7274712562561035,-0.47410843372344974,-0.9371356725692749,-0.2682197570800782,772899.0,0.9761450996290669,True
UC3,5,busy,EU,MAE,lvlh5_tft,11.83244486926924,11.620960760116578,12.06200568675995,533427.0,True,3096,226,wt_med,-1.246372276721326,-1.4749161005020142,-1.0089741468429565,-1.8619483709335327,-0.6134464263916016,529815.0,0.6691382909797711,True
UC3,5,busy,EU,MAE,oracle_level,8.168254126035404,8.064617395401001,8.278416013717651,797461.0,True,4497,226,wt_med,-5.0017979162036035,-5.193990969657898,-4.801553559303284,-6.118478608131409,-3.783541703224183,790003.0,0.9977468687917331,True
UC3,5,busy,EU,MAE,oracle_shape,9.403561667950925,9.161013102531433,9.634729194641114,778838.0,True,4357,226,wt_med,-3.5929456692587554,-3.7527602195739744,-3.429106283187866,-3.967125082015991,-3.1736778020858765,769531.0,0.9718914303973164,True
UC3,5,busy,EU,MAE,prod_served,12.853736752491848,12.627019548416138,13.09158718585968,539158.0,True,3101,226,wt_med,-0.2123665783745512,-0.496469521522522,0.07699720859527587,-0.926754879951477,0.46973640918731674,533834.0,0.6742141510279911,False
UC3,5,busy,EU,MAE,prod_served_lin,12.795806609565284,12.569918942451476,13.03289361000061,539158.0,True,3101,226,wt_med,-0.270839343316462,-0.5540346622467041,0.020765709877014135,-0.986274242401123,0.4135745048522949,533834.0,0.6742141510279911,False
UC3,5,busy,EU,MAE,snaive7,13.418246838252232,13.18357994556427,13.649948811531067,711948.0,True,4404,226,wt_med,0.36314751773049636,0.08320925235748292,0.6172850847244262,-0.4045078754425049,1.0924565076828001,705000.0,0.8903909763610668,False
UC3,5,busy,EU,MAE,wt_med,13.157064968230092,12.951828956604004,13.375964498519897,791787.0,True,4518,226,wt_med,,,,,,,,
UC3,5,busy,NA,MAE,clim,15.17764986579933,15.00093870162964,15.361215209960937,1590156.0,True,6531,226,wt_med,0.9823214084082359,0.9028176307678223,1.0575380325317383,0.7105494260787963,1.303352069854736,1585279.0,0.9234095249966944,False
UC3,5,busy,NA,MAE,h5,14.245265359750992,14.084765005111695,14.41902265548706,1732629.0,True,6853,226,wt_med,-0.20673659413304257,-0.22166588306427001,-0.19295682907104492,-0.2612562417984009,-0.16696040630340575,1716767.0,1.0,True
UC3,5,busy,NA,MAE,lvlh5_cbd,16.881685817753997,16.572793817520143,17.190468072891235,833520.0,True,3508,226,wt_med,2.9442153495762824,2.6832227230072023,3.1867807388305662,2.259999179840088,3.7097480535507197,828054.0,0.4823333626520081,False
UC3,5,busy,NA,MAE,lvlh5_naive,14.302999185952503,14.134814882278443,14.482828974723816,1673477.0,True,6743,226,wt_med,-0.01597855315999297,-0.10816524028778077,0.06487903594970697,-0.18071086406707762,0.1503796100616454,1661039.0,0.9675389846146857,False
UC3,5,busy,NA,MAE,lvlh5_tft,14.266693907843809,14.066436672210694,14.490128922462464,1118740.0,True,4557,226,wt_med,0.34614926576007754,0.1845790386199951,0.4799997568130493,0.039771413803100585,0.6365877151489258,1109837.0,0.6464692063628903,False
UC3,5,busy,NA,MAE,oracle_level,10.159303027288438,10.04689862728119,10.271911358833313,1727777.0,True,6816,226,wt_med,-4.30993296936369,-4.4537170886993405,-4.182720732688904,-4.79067895412445,-3.8920896291732787,1712404.0,0.9974585951384201,True
UC3,5,busy,NA,MAE,oracle_shape,11.134876768357357,10.954980969429016,11.323284482955932,1673483.0,True,6571,226,wt_med,-3.1860542120008972,-3.319090223312378,-3.060974407196045,-3.512782406806946,-2.8483126640319827,1655801.0,0.9644879008042443,True
UC3,5,busy,NA,MAE,prod_served,15.85238297154477,15.634629058837891,16.093314266204835,1096635.0,True,4495,226,wt_med,2.0013162749740303,1.787303376197815,2.2021977186203,1.553457999229431,2.4584866285324094,1086779.0,0.6330381467024937,False
UC3,5,busy,NA,MAE,prod_served_lin,15.816086596725437,15.599379682540894,16.055007696151733,1096635.0,True,4495,226,wt_med,1.96488626022402,1.750153398513794,2.1652218103408813,1.5173699617385865,2.425174927711487,1086779.0,0.6330381467024937,False
UC3,5,busy,NA,MAE,snaive7,16.59887673213074,16.403078460693358,16.808487510681154,1447206.0,True,6578,226,wt_med,2.2068855720419265,2.0334160804748533,2.392509412765503,1.7314541578292846,2.6940815925598143,1430542.0,0.8332767346995836,False
UC3,5,busy,NA,MAE,wt_med,14.44900676678897,14.28711838722229,14.621317052841187,1716767.0,True,6848,226,wt_med,,,,,,,,
UC3,5,busy,Asia,MAE,clim,18.338396796415775,17.928472471237182,18.763692140579224,878516.0,True,3912,226,wt_med,0.9697398890439786,0.782796573638916,1.1568280696868896,0.19999208450317385,1.8141245841979976,876203.0,0.8726973746460468,False
UC3,5,busy,Asia,MAE,h5,16.979766770275987,16.63836016654968,17.34448895454407,1011492.0,True,4533,226,wt_med,-0.16843732476641193,-0.1956653118133545,-0.1407066822052002,-0.25235710144042967,-0.09558868408203125,1004017.0,1.0,True
UC3,5,busy,Asia,MAE,lvlh5_cbd,24.818261777771582,24.094276475906373,25.565068674087524,515435.0,True,2157,226,wt_med,7.816166074265006,7.187397480010986,8.428093671798706,4.921820569038391,10.407916116714476,510823.0,0.508779233817754,False
UC3,5,busy,Asia,MAE,lvlh5_naive,17.174789169175305,16.82947907447815,17.508588123321534,970997.0,True,4369,226,wt_med,-0.04121048037975683,-0.23479681015014647,0.14967184066772452,-0.34510111808776855,0.2281843662261962,965997.0,0.9621321152928686,False
UC3,5,busy,Asia,MAE,lvlh5_tft,17.0612292323029,16.66482892036438,17.4782826423645,665325.0,True,3244,226,wt_med,-0.002855638991142939,-0.2975142478942871,0.304757785797119,-0.6791030883789062,0.6438012599945068,659631.0,0.6569918636835831,False
UC3,5,busy,Asia,MAE,oracle_level,10.078301926593337,9.937897062301635,10.2329256772995,1009111.0,True,4439,226,wt_med,-7.119271458406628,-7.414166378974914,-6.819844961166382,-8.064681816101075,-6.212749457359314,1002066.0,0.9980568058110569,True
UC3,5,busy,Asia,MAE,oracle_shape,14.12958407050037,13.74399709701538,14.490710425376893,972557.0,True,4209,226,wt_med,-3.0874231704142687,-3.33457555770874,-2.8286312103271483,-3.6679414033889772,-2.3363682985305787,963442.0,0.9595873376646012,True
UC3,5,busy,Asia,MAE,prod_served,17.76226709426029,17.32493543624878,18.23803277015686,597452.0,True,2787,226,wt_med,0.5978059595930603,0.24315495491027833,0.9544653892517088,-0.3543693542480469,1.402573776245117,592423.0,0.5900527580708295,False
UC3,5,busy,Asia,MAE,prod_served_lin,17.67147046959421,17.232924938201904,18.14447112083435,597452.0,True,2787,226,wt_med,0.5064411324340874,0.14817495346069337,0.8599598884582519,-0.41874070167541505,1.2914875984191894,592423.0,0.5900527580708295,False
UC3,5,busy,Asia,MAE,snaive7,18.86942944564435,18.42246046066284,19.332762718200684,888960.0,True,4183,226,wt_med,1.6421858996875116,1.2262373924255372,2.0665807247161867,0.4162342071533203,2.3991320610046385,879711.0,0.8761913393896716,False
UC3,5,busy,Asia,MAE,wt_med,17.178568191574445,16.833384847640993,17.538512897491454,1004017.0,True,4530,226,wt_med,,,,,,,,
UC3,6,all,all,MAE,clim,8.201583907534879,8.112566137313843,8.28590943813324,10385581.0,True,17484,225,wt_med,0.4429099582403122,0.4111448049545288,0.4737161874771118,0.3415901780128479,0.5560837745666504,10323832.0,0.9192526187194364,False
UC3,6,all,all,MAE,h5,7.767203340877285,7.683731472492218,7.846765947341919,11348606.0,True,18696,225,wt_med,-0.07634857706746168,-0.08113356828689575,-0.07153927087783814,-0.09528799057006836,-0.06051582098007202,11230680.0,1.0,True
UC3,6,all,all,MAE,lvlh5_cbd,10.49133566934639,10.354880905151367,10.637200617790223,6222193.0,True,9835,225,wt_med,2.799938315392671,2.7155627250671386,2.8918029189109804,2.3957470774650576,3.267381012439728,6163621.0,0.5488199289802577,False
UC3,6,all,all,MAE,lvlh5_naive,7.904332630712872,7.8223058700561525,7.982633626461029,10962937.0,True,18388,225,wt_med,0.09505421185567542,0.06274651288986206,0.1273079514503479,0.028607654571533202,0.16540626287460328,10872371.0,0.9680955204849573,False
UC3,6,all,all,MAE,lvlh5_tft,7.8496964789643995,7.753016245365143,7.939947617053986,7690556.0,True,12735,225,wt_med,0.24103661502538642,0.1873884081840515,0.2946614861488342,0.10187995433807373,0.38112750053405764,7618674.0,0.6783804720640246,False
UC3,6,all,all,MAE,oracle_level,5.471266364979991,5.4216939330101015,5.521541130542755,11297033.0,True,18553,225,wt_med,-2.397405780368153,-2.448326551914215,-2.3454391956329346,-2.7027769327163695,-2.1370498538017273,11186108.0,0.9960312287412695,True
UC3,6,all,all,MAE,oracle_shape,6.531244991604688,6.448769378662109,6.607904517650605,10967283.0,True,17839,225,wt_med,-1.2900733670320275,-1.3452880382537842,-1.2400315165519715,-1.5251036286354065,-1.0744093656539917,10819274.0,0.9633676678527034,True
UC3,6,all,all,MAE,prod_served,8.282648759055395,8.18350808620453,8.377848744392395,7514719.0,True,12022,225,wt_med,0.7911562641079728,0.7229309797286987,0.8659999012947083,0.5883494973182678,0.9910475134849548,7420450.0,0.6607302496375999,False
UC3,6,all,all,MAE,prod_served_lin,8.262242723247535,8.163633966445923,8.35715115070343,7514719.0,True,12022,225,wt_med,0.7706089590253962,0.7020012378692627,0.8461043477058411,0.5652756333351135,0.9724146246910095,7420450.0,0.6607302496375999,False
UC3,6,all,all,MAE,snaive7,8.6667038085783,8.567112064361572,8.765577006340028,9854097.0,True,18031,225,wt_med,0.8322713152790779,0.7630552768707275,0.9042137861251831,0.6323710441589355,1.0241668462753295,9683922.0,0.8622738783404033,False
UC3,6,all,all,MAE,wt_med,7.852518235761325,7.768031120300293,7.932815825939178,11230680.0,True,18682,225,wt_med,,,,,,,,
UC3,6,all,EU,MAE,clim,6.465655848566697,6.349596679210663,6.581542825698852,3980736.0,True,6039,225,wt_med,0.280607836013151,0.23970543146133422,0.32255367040634153,0.19915200471878053,0.36889617443084716,3949585.0,0.9168139526354323,False
UC3,6,all,EU,MAE,h5,6.079730542740349,5.980243182182312,6.176719129085541,4359838.0,True,6158,225,wt_med,-0.05210719911530948,-0.05835789442062378,-0.04538130760192871,-0.07692848443984986,-0.03165285587310791,4307946.0,1.0,True
UC3,6,all,EU,MAE,lvlh5_cbd,8.700993934139063,8.557643961906432,8.847210383415222,2732396.0,True,3661,225,wt_med,2.5206658857472517,2.432667100429535,2.613272714614868,2.0596286177635195,3.0703171253204347,2704618.0,0.6278207758407371,False
UC3,6,all,EU,MAE,lvlh5_naive,6.103087027046909,6.009243881702423,6.1989086151123045,4207734.0,True,6149,225,wt_med,-0.020141920461073326,-0.060058093070983885,0.02351155281066894,-0.14346680641174317,0.09621024131774901,4167165.0,0.9673206210105698,False
UC3,6,all,EU,MAE,lvlh5_tft,6.019701745703783,5.921579670906067,6.121209764480591,3053080.0,True,4135,225,wt_med,-0.04819388631015453,-0.11212646961212158,0.023120796680450435,-0.26278111934661863,0.13858150243759154,3024158.0,0.701995336060387,False
UC3,6,all,EU,MAE,oracle_level,4.236447813644645,4.177232658863067,4.299470853805542,4336451.0,True,6146,225,wt_med,-1.9204326246047954,-1.9867504596710206,-1.8515238165855408,-2.3470348954200744,-1.5010159075260163,4288180.0,0.9954117345017788,True
UC3,6,all,EU,MAE,oracle_shape,4.9897029515238165,4.897738838195801,5.088230907917023,4204396.0,True,5954,225,wt_med,-1.1333054886808611,-1.1995303630828857,-1.0691310524940492,-1.5234329223632812,-0.7830757498741151,4140537.0,0.9611394850353278,True
UC3,6,all,EU,MAE,prod_served,6.408102789727694,6.30132737159729,6.5136258721351625,3059761.0,True,4128,225,wt_med,0.3273022339415448,0.24254496097564698,0.42084001302719115,0.11270012855529785,0.5359602808952332,3015343.0,0.6999491172823429,False
UC3,6,all,EU,MAE,prod_served_lin,6.391661146082979,6.286155247688294,6.497019600868225,3059761.0,True,4128,225,wt_med,0.310668678488649,0.22625879049301148,0.4037751197814941,0.09398503303527832,0.5201489448547363,3015343.0,0.6999491172823429,False
UC3,6,all,EU,MAE,snaive7,6.536693627730196,6.427251625061035,6.644589459896087,3862360.0,True,6020,225,wt_med,0.37300666439635055,0.27920213937759397,0.46137225627899164,0.13218424320220948,0.6195907950401306,3793892.0,0.8806730632185269,False
UC3,6,all,EU,MAE,wt_med,6.145015861387306,6.047432649135589,6.242774569988251,4307946.0,True,6158,225,wt_med,,,,,,,,
UC3,6,all,NA,MAE,clim,9.34077980450283,9.217546701431274,9.46919400691986,3800055.0,True,7139,225,wt_med,0.6075880695025404,0.5606221914291382,0.6531121492385864,0.46157695055007936,0.803513503074646,3781502.0,0.9278190754986457,False
UC3,6,all,NA,MAE,h5,8.769507742598883,8.65284469127655,8.898529362678527,4119547.0,True,7456,225,wt_med,-0.11187231165086509,-0.11960875988006592,-0.10431134700775146,-0.14720704555511474,-0.08483017683029175,4075689.0,1.0,True
UC3,6,all,NA,MAE,lvlh5_cbd,10.503145555816717,10.291445255279541,10.719528031349181,2178355.0,True,3822,225,wt_med,2.1578491559587505,2.026168870925903,2.2749936819076537,1.8065926551818847,2.5644728183746337,2160203.0,0.53002154973061,False
UC3,6,all,NA,MAE,lvlh5_naive,8.985553563596248,8.862003350257874,9.11337251663208,3976790.0,True,7349,225,wt_med,0.16037907263376283,0.11123507022857666,0.20683305263519283,0.060903310775756836,0.2613706827163696,3942157.0,0.9672369506112954,False
UC3,6,all,NA,MAE,lvlh5_tft,8.837892795270799,8.694114470481873,8.993386888504029,2788630.0,True,4948,225,wt_med,0.45912118954056425,0.37486920356750486,0.5360167980194092,0.297120201587677,0.6374528646469115,2761498.0,0.6775536602522911,False
UC3,6,all,NA,MAE,oracle_level,6.531431023832641,6.4515452027320865,6.61756454706192,4100134.0,True,7429,225,wt_med,-2.3710726670862288,-2.454035997390747,-2.2967673897743226,-2.843109917640686,-1.9954352736473084,4058027.0,0.9956664995783535,True
UC3,6,all,NA,MAE,oracle_shape,7.334607731198123,7.209454798698426,7.464405083656311,3975268.0,True,7174,225,wt_med,-1.5092491445452145,-1.5902845025062562,-1.424966073036194,-1.8366941571235658,-1.1330278158187868,3923082.0,0.9625567603416256,True
UC3,6,all,NA,MAE,prod_served,9.703886549166002,9.548073744773864,9.872617650032044,2733942.0,True,4862,225,wt_med,1.3785722961568396,1.2639796733856201,1.4943228721618653,1.0570209264755248,1.7266300678253172,2700434.0,0.6625711628144345,False
UC3,6,all,NA,MAE,prod_served_lin,9.686969813185502,9.531595230102539,9.855952620506287,2733942.0,True,4862,225,wt_med,1.3615941456077056,1.248303508758545,1.4774932861328125,1.04029541015625,1.707471752166748,2700434.0,0.6625711628144345,False
UC3,6,all,NA,MAE,snaive7,10.278258597411455,10.131624460220337,10.435361886024475,3413731.0,True,7210,225,wt_med,1.367835006373248,1.270023512840271,1.4725372552871705,1.1338544607162475,1.6383663177490233,3359354.0,0.8242419870603473,False
UC3,6,all,NA,MAE,wt_med,8.883699418674977,8.764098954200744,9.012112760543824,4075689.0,True,7448,225,wt_med,,,,,,,,
UC3,6,all,Asia,MAE,clim,9.192552182709546,8.96773931980133,9.404300236701966,2604790.0,True,4306,225,wt_med,0.4499663484068055,0.3677548408508301,0.5264905452728271,0.14351049661636353,0.8183484554290771,2592745.0,0.910679318380988,False
UC3,6,all,Asia,MAE,h5,8.892271064166895,8.699106788635254,9.089977955818176,2869221.0,True,5082,225,wt_med,-0.06217488220242373,-0.07403290271759033,-0.05063529014587402,-0.10809690952301025,-0.030996417999267587,2847045.0,1.0,True
UC3,6,all,Asia,MAE,lvlh5_cbd,14.201905004987221,13.771921038627625,14.679764223098754,1311442.0,True,2352,225,wt_med,4.449436443356458,4.154904246330261,4.76286928653717,3.0322131156921386,6.065219163894653,1298800.0,0.4561922976278914,False
UC3,6,all,Asia,MAE,lvlh5_naive,9.084637277723417,8.893770456314087,9.286763668060303,2778413.0,True,4890,225,wt_med,0.1755885901947405,0.08855288028717041,0.26394412517547605,0.022041869163513198,0.3110734939575195,2763049.0,0.9704971294798642,False
UC3,6,all,Asia,MAE,lvlh5_tft,9.381141730046322,9.150186276435852,9.633998203277589,1848846.0,True,3652,225,wt_med,0.3896650617200539,0.25194904804229734,0.5261700868606567,0.02851775884628296,0.7390432357788084,1833018.0,0.6438317624062844,False
UC3,6,all,Asia,MAE,oracle_level,5.82362829513798,5.72455928325653,5.92688729763031,2860448.0,True,4978,225,wt_med,-3.155251646042144,-3.297090232372284,-3.01082067489624,-3.9052560329437256,-2.4816930770874026,2839901.0,0.9974907316182217,True
UC3,6,all,Asia,MAE,oracle_shape,7.710628184232428,7.514534485340119,7.904927265644074,2787619.0,True,4711,225,wt_med,-1.2135974123593742,-1.3371920228004455,-1.0846473574638367,-1.7582788705825805,-0.6608202219009399,2755655.0,0.9679000507543787,True
UC3,6,all,Asia,MAE,prod_served,9.357642229938595,9.108171677589416,9.61118037700653,1721016.0,True,3032,225,wt_med,0.6811062884201249,0.525147819519043,0.8444544315338134,0.1654664993286133,1.1035184144973753,1704673.0,0.5987516881538578,False
UC3,6,all,Asia,MAE,prod_served_lin,9.324645006205637,9.076300835609436,9.57863953113556,1721016.0,True,3032,225,wt_med,0.6479820469966953,0.49245400428771974,0.8106767177581786,0.1454878091812134,1.0643749117851258,1704673.0,0.5987516881538578,False
UC3,6,all,Asia,MAE,snaive7,9.723897461836783,9.490703535079955,9.974004864692688,2578006.0,True,4801,225,wt_med,0.8098474478755868,0.617899489402771,1.0055402278900147,0.2765662550926209,1.2655611276626586,2530676.0,0.8888781174867275,False
UC3,6,all,Asia,MAE,wt_med,8.960001334717225,8.76299753189087,9.162663459777832,2847045.0,True,5076,225,wt_med,,,,,,,,
UC3,6,busy,all,MAE,clim,15.71619261172228,15.560885667800903,15.873150038719178,3192246.0,True,14718,225,wt_med,0.8188288288288295,0.7385889291763306,0.8960670232772827,0.5544528245925904,1.1248236656188964,3180150.0,0.9120835910995165,False
UC3,6,busy,all,MAE,h5,14.837689175132477,14.69519853591919,14.98797378540039,3518565.0,True,15800,225,wt_med,-0.1972940752926764,-0.20952754020690917,-0.18562028408050538,-0.23859732151031493,-0.16212122440338134,3486687.0,1.0,True
UC3,6,busy,all,MAE,lvlh5_cbd,19.494959783961235,19.216635179519653,19.781111764907838,1815636.0,True,8391,225,wt_med,4.76757780503843,4.532889413833618,5.010092806816101,3.581450343132019,5.946312355995178,1801596.0,0.5167071205416488,False
UC3,6,busy,all,MAE,lvlh5_naive,14.72704917061111,14.575526690483093,14.872225666046143,3409041.0,True,15524,225,wt_med,-0.2319250082247457,-0.3123979330062866,-0.15300767421722414,-0.3907660484313965,-0.08333656787872316,3383868.0,0.9705109750315988,True
UC3,6,busy,all,MAE,lvlh5_tft,14.618005369035332,14.456231164932252,14.787312817573547,2288353.0,True,10775,225,wt_med,-0.10806669907941746,-0.24662551879882813,0.026439237594604478,-0.4277658462524414,0.18721637725830065,2269750.0,0.6509761271946694,False
UC3,6,busy,all,MAE,oracle_level,9.71777957282747,9.63996925354004,9.796734738349915,3509433.0,True,15650,225,wt_med,-5.343448789661268,-5.459087085723877,-5.223495817184448,-5.902424240112305,-4.823598051071167,3478665.0,0.9976992485990283,True
UC3,6,busy,all,MAE,oracle_shape,11.584614967809667,11.430020928382874,11.734320712089538,3413369.0,True,15098,225,wt_med,-3.3673245968130434,-3.479973888397217,-3.264544677734375,-3.6088714838027953,-3.0969141006469725,3373238.0,0.967462235640882,True
UC3,6,busy,all,MAE,prod_served,15.672801453424215,15.49164388179779,15.854644942283631,2206651.0,True,10261,225,wt_med,1.0344562687504766,0.8672478675842286,1.1988329887390137,0.613834810256958,1.4189905405044554,2185611.0,0.6268446235638587,False
UC3,6,busy,all,MAE,prod_served_lin,15.619054168511468,15.437668299674987,15.80096414089203,2206651.0,True,10261,225,wt_med,0.9804172037018475,0.8128260374069214,1.1454162836074828,0.5644098043441772,1.3662376165390013,2185611.0,0.6268446235638587,False
UC3,6,busy,all,MAE,snaive7,16.488229768055206,16.302671813964842,16.665800666809083,3034817.0,True,15103,225,wt_med,1.4705873903342823,1.3095900058746337,1.62962749004364,1.0071221351623536,1.8704032897949219,2993529.0,0.8585597158563416,False
UC3,6,busy,all,MAE,wt_med,15.044153949006606,14.900985956192017,15.193630266189576,3486687.0,True,15788,225,wt_med,,,,,,,,
UC3,6,busy,EU,MAE,clim,13.583132363994226,13.368952751159668,13.816600108146668,739748.0,True,4355,225,wt_med,0.4177666086592122,0.2763921022415161,0.562281608581543,0.1369331121444702,0.6851735115051267,734963.0,0.934746333956529,False
UC3,6,busy,EU,MAE,h5,13.068535116092551,12.865398478507995,13.284676814079285,794237.0,True,4493,225,wt_med,-0.20035571432205224,-0.22284934520721436,-0.17879898548126222,-0.28294808864593507,-0.1330599308013916,786270.0,1.0,True
UC3,6,busy,EU,MAE,lvlh5_cbd,17.61111844703255,17.269620418548584,17.97394127845764,479121.0,True,2785,225,wt_med,4.279937683158572,3.926478695869446,4.6517157554626465,2.290411853790283,6.231712412834167,475565.0,0.6048367609091024,False
UC3,6,busy,EU,MAE,lvlh5_naive,12.459589419625457,12.264049172401428,12.678106927871704,776155.0,True,4467,225,wt_med,-0.7018112778954144,-0.8282528638839721,-0.5667701244354248,-1.0644466161727906,-0.32603044509887713,769341.0,0.9784692281277424,True
UC3,6,busy,EU,MAE,lvlh5_tft,12.048218532765603,11.831722402572632,12.285353755950927,526669.0,True,3063,225,wt_med,-1.1792809375461406,-1.4049506425857543,-0.9374057769775392,-1.8497619867324828,-0.547996211051941,523004.0,0.6651709972401338,True
UC3,6,busy,EU,MAE,oracle_level,8.18510229136469,8.081112933158874,8.29663007259369,792268.0,True,4470,225,wt_med,-5.092873360583328,-5.291176652908325,-4.8947478294372555,-6.276084637641906,-3.8241199970245363,784493.0,0.9977399620995332,True
UC3,6,busy,EU,MAE,oracle_shape,9.39046432113483,9.15300543308258,9.620595693588257,776159.0,True,4342,225,wt_med,-3.727523221866617,-3.8917585134506227,-3.5658873319625854,-4.134044790267945,-3.2798163652420045,766152.0,0.9744133694532413,True
UC3,6,busy,EU,MAE,prod_served,13.002910579486986,12.753871822357178,13.245532751083374,532540.0,True,3068,225,wt_med,-0.19239891242270524,-0.48549058437347414,0.10533726215362546,-0.9322664022445678,0.5376481533050537,527043.0,0.6703079094967378,False
UC3,6,busy,EU,MAE,prod_served_lin,12.948675216885116,12.700238299369811,13.192342257499694,532540.0,True,3068,225,wt_med,-0.24719520039161935,-0.5429779291152954,0.049149107933044396,-1.0069245100021362,0.4871619224548339,527043.0,0.6703079094967378,False
UC3,6,busy,EU,MAE,snaive7,13.393060036594433,13.16027798652649,13.628954291343689,708851.0,True,4388,225,wt_med,0.21985648394231916,-0.07073891162872314,0.48572723865509027,-0.5829501152038574,0.9946064233779907,699852.0,0.8900911900492198,False
UC3,6,busy,EU,MAE,wt_med,13.26404415785926,13.048760747909546,13.482012367248535,786270.0,True,4492,225,wt_med,,,,,,,,
UC3,6,busy,NA,MAE,clim,15.262967318584558,15.091406846046448,15.451269340515136,1582459.0,True,6501,225,wt_med,0.9727172685192809,0.8896365404129029,1.0516878843307496,0.7021012306213379,1.2982047080993653,1577518.0,0.9235783495799303,False
UC3,6,busy,NA,MAE,h5,14.328093151465,14.16403820514679,14.501418352127075,1724471.0,True,6826,225,wt_med,-0.21225026345832987,-0.22720954418182374,-0.19835188388824462,-0.26915817260742186,-0.1712411165237427,1708050.0,1.0,True
UC3,6,busy,NA,MAE,lvlh5_cbd,17.057387477883427,16.755191135406495,17.374636745452882,825288.0,True,3477,225,wt_med,3.0510209457638435,2.7753432273864744,3.287409281730652,2.3448903799057006,3.860678553581238,819596.0,0.47984309592810515,False
UC3,6,busy,NA,MAE,lvlh5_naive,14.328264513209634,14.160200119018555,14.50163025856018,1668551.0,True,6722,225,wt_med,-0.08094288497509616,-0.1738903284072876,0.0017106294631957855,-0.2562508821487427,0.09066262245178215,1655272.0,0.9691004361699014,False
UC3,6,busy,NA,MAE,lvlh5_tft,14.196657139876063,13.987554359436036,14.411899304389953,1107368.0,True,4514,225,wt_med,0.25089501718503016,0.08910894393920898,0.39504582881927486,-0.04433763027191162,0.5555442810058594,1098162.0,0.6429331694037059,False
UC3,6,busy,NA,MAE,oracle_level,10.179775918923651,10.064557719230653,10.295616269111633,1719650.0,True,6789,225,wt_med,-4.378644487737256,-4.523515319824218,-4.2464975118637085,-4.881227564811707,-3.946908473968506,1703702.0,0.9974544070723925,True
UC3,6,busy,NA,MAE,oracle_shape,11.135188967042357,10.956043887138367,11.325335431098939,1670067.0,True,6560,225,wt_med,-3.2779391574790626,-3.411941170692444,-3.149058294296265,-3.6191606521606445,-2.937395429611206,1650154.0,0.9661040367670736,True
UC3,6,busy,NA,MAE,prod_served,15.738716149830708,15.50976881980896,15.965270185470581,1085999.0,True,4453,225,wt_med,1.8413995838733257,1.6372092723846436,2.043236017227173,1.3917410612106322,2.277323055267334,1075634.0,0.6297438599572612,False
UC3,6,busy,NA,MAE,prod_served_lin,15.703010661151621,15.475108575820922,15.927426886558532,1085999.0,True,4453,225,wt_med,1.8056446244726363,1.6017611742019653,2.0078686714172362,1.3550032377243042,2.2406235218048094,1075634.0,0.6297438599572612,False
UC3,6,busy,NA,MAE,snaive7,16.56236475722103,16.364292526245116,16.77313847541809,1443700.0,True,6561,225,wt_med,2.0787478099665417,1.9048694610595702,2.2665374755859373,1.582123613357544,2.5661849975585938,1424065.0,0.8337373027721671,False
UC3,6,busy,NA,MAE,wt_med,14.540613857908141,14.376329064369202,14.716923880577088,1708050.0,True,6819,225,wt_med,,,,,,,,
UC3,6,busy,Asia,MAE,clim,18.354163434052957,17.94185872077942,18.790684366226195,870039.0,True,3862,225,wt_med,0.8787642522667056,0.6870587825775146,1.0631553649902343,0.04651379585266114,1.7868162155151364,867669.0,0.8743428590430758,False
UC3,6,busy,Asia,MAE,h5,17.121926998060722,16.776755619049073,17.4774450302124,999857.0,True,4481,225,wt_med,-0.16912587530621082,-0.19793787002563476,-0.14288134574890138,-0.251402473449707,-0.09836754798889161,992367.0,1.0,True
UC3,6,busy,Asia,MAE,lvlh5_cbd,25.19553334233932,24.460587644577025,25.960868978500365,511227.0,True,2129,225,wt_med,8.003506819020096,7.366700649261475,8.649699878692626,5.240023136138916,10.545624494552612,506435.0,0.510330351573561,False
UC3,6,busy,Asia,MAE,lvlh5_naive,17.242039046451115,16.89436001777649,17.575274324417116,964335.0,True,4335,225,wt_med,-0.11559901411576234,-0.32061052322387695,0.09011688232421868,-0.4484363079071045,0.1726374626159668,959255.0,0.9666333120710382,False
UC3,6,busy,Asia,MAE,lvlh5_tft,17.399558332892212,17.011255073547364,17.805057287216187,654316.0,True,3198,225,wt_med,0.1479544413104925,-0.15402817726135254,0.4549533367156981,-0.5246452331542969,0.7885431766510008,648584.0,0.6535727205761578,False
UC3,6,busy,Asia,MAE,oracle_level,10.138644570211618,9.995696544647217,10.295488524436951,997515.0,True,4391,225,wt_med,-7.201469415101895,-7.5035217046737674,-6.89728479385376,-8.173132991790771,-6.2813109159469604,990470.0,0.9980884088245578,True
UC3,6,busy,Asia,MAE,oracle_shape,14.121552426485321,13.73898675441742,14.477576756477356,967143.0,True,4196,225,wt_med,-3.2330756044882865,-3.4880200147628786,-2.9680730581283568,-3.83450984954834,-2.463163876533508,956932.0,0.9642924442267831,True
UC3,6,busy,Asia,MAE,prod_served,17.96869133770438,17.519849872589113,18.40390839576721,588112.0,True,2740,225,wt_med,0.6547044776938726,0.30863585472106936,1.0178590297698975,-0.2581301212310791,1.3587686061859128,582934.0,0.58741775976025,False
UC3,6,busy,Asia,MAE,prod_served_lin,17.882070294433714,17.431424379348755,18.317705202102662,588112.0,True,2740,225,wt_med,0.567612071006323,0.22184991836547852,0.9288544654846191,-0.337184476852417,1.2503409385681152,582934.0,0.58741775976025,False
UC3,6,busy,Asia,MAE,snaive7,18.85371305252611,18.414874792099,19.317048501968383,882266.0,True,4154,225,wt_med,1.4812433591072818,1.0509453296661377,1.916480255126953,0.19071607589721684,2.265666198730469,869612.0,0.8763008040372161,False
UC3,6,busy,Asia,MAE,wt_med,17.321253628949773,16.9724319934845,17.675189971923828,992367.0,True,4477,225,wt_med,,,,,,,,
UC3,7,all,all,MAE,clim,8.232249439654403,8.141790628433228,8.317676496505737,10318632.0,True,17382,224,wt_med,0.37252755753201594,0.34058231115341187,0.40391539335250853,0.2732814311981201,0.481331467628479,10251553.0,0.9207235233742127,False
UC3,7,all,all,MAE,h5,7.872739623522887,7.786635136604309,7.954013693332672,11258108.0,True,18551,224,wt_med,-0.08040446713182625,-0.08537859916687011,-0.07560678720474243,-0.09977803230285645,-0.06371550559997559,11134236.0,1.0,True
UC3,7,all,all,MAE,lvlh5_cbd,10.64138539331259,10.503182768821716,10.79029405117035,6133868.0,True,9689,224,wt_med,2.849381856342169,2.756123435497284,2.9355322241783144,2.428484833240509,3.3284423828125,6073073.0,0.545441375591464,False
UC3,7,all,all,MAE,lvlh5_naive,8.213284179208676,8.128140735626221,8.294518160820008,10623789.0,True,18116,224,wt_med,0.3429374750551464,0.31287579536437987,0.37290536165237426,0.283670449256897,0.409726619720459,10534762.0,0.9461593952202917,False
UC3,7,all,all,MAE,lvlh5_tft,8.036726302745498,7.942073810100555,8.134645342826843,7597280.0,True,12575,224,wt_med,0.3238078090683283,0.27052998542785645,0.3820142030715942,0.19213391542434693,0.46726250648498535,7522559.0,0.6756241739442204,False
UC3,7,all,all,MAE,oracle_level,5.505015611753597,5.456918478012085,5.556365966796875,11206629.0,True,18408,224,wt_med,-2.4745977342096497,-2.5267489194869994,-2.421434533596039,-2.788802444934845,-2.2057682752609256,11090070.0,0.9960333156221944,True
UC3,7,all,all,MAE,oracle_shape,6.988754564759493,6.9033919215202335,7.065997838973999,10604631.0,True,17188,224,wt_med,-0.8924184170151248,-0.9440225243568421,-0.844688105583191,-1.1253542304039001,-0.6771969437599182,10467448.0,0.9401137177261197,True
UC3,7,all,all,MAE,prod_served,8.485246301102862,8.387026691436768,8.591252660751342,7436203.0,True,11891,224,wt_med,0.890477560920214,0.8160237789154052,0.9610107183456421,0.6678412914276123,1.1096452474594116,7335127.0,0.6587903292152241,False
UC3,7,all,all,MAE,prod_served_lin,8.465058999196229,8.36728343963623,8.570746898651123,7436203.0,True,11891,224,wt_med,0.8701160354824129,0.7962263584136963,0.9406668186187744,0.6457021713256836,1.0861204504966735,7335127.0,0.6587903292152241,False
UC3,7,all,all,MAE,wt_med,7.962198798372874,7.875600838661194,8.045207023620605,11134236.0,True,18535,224,wt_med,,,,,,,,
UC3,7,all,EU,MAE,clim,6.483587136335508,6.370504927635193,6.595741248130798,3957597.0,True,6011,224,wt_med,0.20340447313794918,0.1621350646018982,0.24551196098327635,0.12171345949172974,0.2881400346755981,3922839.0,0.9174388117101149,False
UC3,7,all,EU,MAE,h5,6.174317827748858,6.069438850879669,6.273412919044494,4330816.0,True,6128,224,wt_med,-0.0557498943487138,-0.062371683120727536,-0.04866838455200195,-0.081081223487854,-0.036070084571838384,4275859.0,1.0,True
UC3,7,all,EU,MAE,lvlh5_cbd,8.770749376876449,8.624629998207093,8.924916052818299,2698330.0,True,3617,224,wt_med,2.483872000402303,2.3947091698646545,2.5797078251838683,2.013174998760223,3.0332523822784423,2668567.0,0.6241007947175059,False
UC3,7,all,EU,MAE,lvlh5_naive,6.395358761576427,6.285539710521698,6.498625802993774,4072460.0,True,6119,224,wt_med,0.19839050780584344,0.15996528863906861,0.23810914754867554,0.11773351430892945,0.27412613630294796,4031482.0,0.9428472734952205,False
UC3,7,all,EU,MAE,lvlh5_tft,6.253044364367077,6.149243724346161,6.372255563735962,3024504.0,True,4100,224,wt_med,0.08215711756467137,0.014464402198791504,0.15498247146606445,-0.1000698447227478,0.24722993373870844,2993731.0,0.7001472686540879,False
UC3,7,all,EU,MAE,oracle_level,4.267754149742928,4.206863033771515,4.3302155375480655,4307365.0,True,6116,224,wt_med,-1.988984769240397,-2.0563143134117126,-1.918245220184326,-2.4363053321838377,-1.5523211419582368,4256223.0,0.9954077063813377,True
UC3,7,all,EU,MAE,oracle_shape,5.419826872973003,5.312836384773254,5.527152717113495,4060643.0,True,5773,224,wt_med,-0.7789821476212007,-0.8457519173622131,-0.7127062678337097,-1.1486134767532348,-0.46481953859329234,3996125.0,0.9345782917537739,True
UC3,7,all,EU,MAE,prod_served,6.616340445735443,6.502604913711548,6.736513257026672,3032965.0,True,4093,224,wt_med,0.43413111666551085,0.337911057472229,0.5329134941101075,0.22932167053222657,0.6238524198532104,2985021.0,0.6981102510630027,False
UC3,7,all,EU,MAE,prod_served_lin,6.601041925970131,6.487667906284332,6.720608413219452,3032965.0,True,4093,224,wt_med,0.4186293413011164,0.3228443503379822,0.5162953615188598,0.2131919741630554,0.6103841900825501,2985021.0,0.6981102510630027,False
UC3,7,all,EU,MAE,wt_med,6.243412960998012,6.139747047424317,6.343846118450164,4275859.0,True,6128,224,wt_med,,,,,,,,
UC3,7,all,NA,MAE,clim,9.3934276114676,9.270784497261047,9.523320388793945,3776344.0,True,7106,224,wt_med,0.5474358513692099,0.5003366947174073,0.5929255008697509,0.40654811859130857,0.7316475868225097,3757095.0,0.9295320220261604,False
UC3,7,all,NA,MAE,h5,8.882977914819897,8.761595702171325,9.008438682556152,4088443.0,True,7416,224,wt_med,-0.11798820412373345,-0.12601277828216553,-0.11059138774871827,-0.1561950445175171,-0.08887388706207276,4041921.0,1.0,True
UC3,7,all,NA,MAE,lvlh5_cbd,10.807963265686341,10.597210454940797,11.034963846206665,2134801.0,True,3745,224,wt_med,2.4075022500490935,2.2749235153198244,2.5345492601394652,1.9609673500061036,2.909720516204834,2116483.0,0.5236329458195744,False
UC3,7,all,NA,MAE,lvlh5_naive,9.27596020956009,9.147414422035217,9.407224798202515,3864758.0,True,7248,224,wt_med,0.38365195918966144,0.33841538429260254,0.43182077407836916,0.30138339996337893,0.4764750003814697,3830528.0,0.9476998684536387,False
UC3,7,all,NA,MAE,lvlh5_tft,9.022894081047616,8.874718737602233,9.186839938163757,2752757.0,True,4899,224,wt_med,0.5637385809930162,0.478208327293396,0.6510890245437622,0.37329103946685793,0.7390249252319336,2724814.0,0.6741383614375441,False
UC3,7,all,NA,MAE,oracle_level,6.564260892516957,6.482804214954376,6.650753509998322,4069052.0,True,7387,224,wt_med,-2.4600103736822234,-2.5445916056632996,-2.3816925406455995,-2.9441983699798584,-2.067895436286926,4024428.0,0.9956721073964583,True
UC3,7,all,NA,MAE,oracle_shape,7.76997668458921,7.634883856773376,7.910705029964447,3856140.0,True,6983,224,wt_med,-1.1388373903469082,-1.2232977986335754,-1.05397572517395,-1.4625886917114257,-0.7575527667999271,3808971.0,0.9423665133484797,True
UC3,7,all,NA,MAE,prod_served,9.949477936330448,9.782076930999756,10.126546216011047,2700820.0,True,4813,224,wt_med,1.5351525260813244,1.408742094039917,1.660864806175232,1.1768681287765503,1.9458083629608154,2665413.0,0.659442131600296,False
UC3,7,all,NA,MAE,prod_served_lin,9.933030570345302,9.76744294166565,10.109966707229614,2700820.0,True,4813,224,wt_med,1.5185638210663797,1.392206358909607,1.6434490919113158,1.1623258352279664,1.9289992332458497,2665413.0,0.659442131600296,False
UC3,7,all,NA,MAE,wt_med,9.003562043889527,8.881215906143188,9.131819915771484,4041921.0,True,7406,224,wt_med,,,,,,,,
UC3,7,all,Asia,MAE,clim,9.21321484850607,8.984076809883117,9.42411766052246,2584691.0,True,4265,224,wt_med,0.37497564763676117,0.29546442031860354,0.4539222240447998,0.07021108865737916,0.73861083984375,2571619.0,0.9130691194891736,False
UC3,7,all,Asia,MAE,h5,9.008851694824205,8.811490201950074,9.207111763954163,2838849.0,True,5007,224,wt_med,-0.06389754535487313,-0.07606098651885987,-0.052802777290344244,-0.11330807209014893,-0.03093700408935547,2816456.0,1.0,True
UC3,7,all,Asia,MAE,lvlh5_cbd,14.248557845321542,13.801174545288086,14.704027700424193,1300737.0,True,2327,224,wt_med,4.33275460240484,4.0292370319366455,4.616251111030579,2.8793758869171144,5.959684991836547,1288023.0,0.45732047651374635,False
UC3,7,all,Asia,MAE,lvlh5_naive,9.440291712820025,9.244197654724122,9.652754783630371,2686571.0,True,4749,224,wt_med,0.5026157860759071,0.42724003791809084,0.5809946060180664,0.381571626663208,0.6371554613113404,2672752.0,0.9489770122451762,False
UC3,7,all,Asia,MAE,lvlh5_tft,9.509278458771174,9.263216519355774,9.771384239196777,1820019.0,True,3576,224,wt_med,0.36242748716103357,0.22678611278533936,0.5026042699813842,-0.0004128456115722602,0.7288788795471192,1804014.0,0.6405262500106517,False
UC3,7,all,Asia,MAE,oracle_level,5.865134425868186,5.762397825717926,5.969202160835266,2830212.0,True,4905,224,wt_med,-3.2311893471919033,-3.3710695624351503,-3.086600625514984,-3.9738412380218504,-2.5446091532707213,2809419.0,0.9975014699324257,True
UC3,7,all,Asia,MAE,oracle_shape,8.238212638281059,8.042704892158508,8.443012452125549,2687848.0,True,4432,224,wt_med,-0.7101370315188671,-0.8282026767730712,-0.5855861186981202,-1.2236422538757323,-0.19772541522979747,2662352.0,0.9452844283738144,True
UC3,7,all,Asia,MAE,prod_served,9.491873323707809,9.244872403144836,9.753714156150817,1702418.0,True,2985,224,wt_med,0.6790910866252791,0.5194513320922851,0.8498268842697143,0.16323573589324952,1.102605628967285,1684693.0,0.5981605961534637,False
UC3,7,all,Asia,MAE,prod_served_lin,9.457043085188245,9.211549234390258,9.717109227180481,1702418.0,True,2985,224,wt_med,0.6441497056140193,0.4832956314086914,0.8149850130081177,0.13939905166625977,1.061883270740509,1684693.0,0.5981605961534637,False
UC3,7,all,Asia,MAE,wt_med,9.077138254600818,8.874534940719604,9.278830432891846,2816456.0,True,5001,224,wt_med,,,,,,,,
UC3,7,busy,all,MAE,clim,15.75810780642419,15.603236603736878,15.916441631317138,3171388.0,True,14633,224,wt_med,0.6839996403189765,0.6042062282562256,0.7610032081604003,0.42015297412872316,0.9884360790252685,3158354.0,0.914058337474304,False
UC3,7,busy,all,MAE,h5,15.030763545657825,14.889556574821473,15.181246495246887,3488701.0,True,15669,224,wt_med,-0.2057391610996291,-0.2179579734802246,-0.19386692047119142,-0.25102689266204836,-0.16777410507202148,3455309.0,1.0,True
UC3,7,busy,all,MAE,lvlh5_cbd,19.774751125758723,19.48714671134949,20.055787229537962,1788188.0,True,8274,224,wt_med,4.869907198744961,4.626627445220947,5.105440974235535,3.6969966888427734,6.003633379936218,1773811.0,0.5133581396048805,False
UC3,7,busy,all,MAE,lvlh5_naive,15.38374048197473,15.220389437675475,15.530700635910033,3298606.0,True,15259,224,wt_med,0.3131707200102145,0.24381499290466307,0.3835540771484375,0.16698911190032958,0.46571898460388184,3274154.0,0.9475719827083482,False
UC3,7,busy,all,MAE,lvlh5_tft,14.963530223800381,14.799263668060302,15.144014239311218,2256560.0,True,10637,224,wt_med,0.03269374214599097,-0.09156153202056885,0.17155754566192624,-0.28421411514282224,0.3243122100830078,2237479.0,0.6475481642886353,False
UC3,7,busy,all,MAE,oracle_level,9.768439072126757,9.693088722229003,9.844694471359253,3479682.0,True,15527,224,wt_med,-5.4942170387213825,-5.612838792800903,-5.374669289588928,-6.058497619628906,-4.960645151138306,3447419.0,0.9977165573324991,True
UC3,7,busy,all,MAE,oracle_shape,12.43741106414758,12.273728513717652,12.591674971580506,3295017.0,True,14557,224,wt_med,-2.6242101398255624,-2.7303056478500367,-2.5221744060516356,-2.8719213247299193,-2.3513620615005495,3259775.0,0.9434105603869292,True
UC3,7,busy,all,MAE,prod_served,16.092049011453714,15.91048972606659,16.278991603851317,2179817.0,True,10141,224,wt_med,1.2560754325557806,1.095741057395935,1.4158156633377075,0.836354923248291,1.6898383378982542,2157583.0,0.6244254855354471,False
UC3,7,busy,all,MAE,prod_served_lin,16.03764610744847,15.85558795928955,16.22430944442749,2179817.0,True,10141,224,wt_med,1.2013146771178693,1.0426545858383178,1.3610256433486938,0.7808780431747436,1.6280717611312865,2157583.0,0.6244254855354471,False
UC3,7,busy,all,MAE,wt_med,15.244589412987377,15.103795456886292,15.394089961051941,3455309.0,True,15655,224,wt_med,,,,,,,,
UC3,7,busy,EU,MAE,clim,13.576878148400272,13.356712889671325,13.804087138175964,734500.0,True,4334,224,wt_med,0.21985572887233218,0.07167201042175293,0.37316441535949707,-0.09329383373260498,0.5001442193984985,729044.0,0.9345280213300518,False
UC3,7,busy,EU,MAE,h5,13.266740407601631,13.057588791847229,13.48116946220398,788515.0,True,4467,224,wt_med,-0.20797601651028153,-0.23033721446990968,-0.18481433391571045,-0.29158122539520265,-0.14135100841522216,780120.0,1.0,True
UC3,7,busy,EU,MAE,lvlh5_cbd,17.724321615054308,17.369648504257203,18.105800008773805,473565.0,True,2755,224,wt_med,4.1662690827872275,3.8123409271240236,4.527918910980224,2.14686119556427,6.12691807746887,469752.0,0.6021535148438701,False
UC3,7,busy,EU,MAE,lvlh5_naive,13.165909992185341,12.943812251091003,13.410901379585265,754510.0,True,4419,224,wt_med,-0.09487564710398821,-0.22373754978179933,0.03314735889434804,-0.34294543266296384,0.1463577270507812,747521.0,0.9582128390504026,False
UC3,7,busy,EU,MAE,lvlh5_tft,12.579961852193248,12.34700186252594,12.821062970161439,520476.0,True,3035,224,wt_med,-0.852997877650985,-1.1080147266387939,-0.6132206916809083,-1.4321837902069092,-0.31842000484466554,516690.0,0.6623211813567144,True
UC3,7,busy,EU,MAE,oracle_level,8.22503615076969,8.118852019309998,8.333670711517334,786540.0,True,4444,224,wt_med,-5.257446416999249,-5.455015659332275,-5.061980462074279,-6.48590829372406,-3.9532820701599123,778351.0,0.9977324001435677,True
UC3,7,busy,EU,MAE,oracle_shape,10.289034996525492,10.014734983444214,10.55680251121521,752972.0,True,4213,224,wt_med,-2.9232019684236867,-3.1026888132095336,-2.7559652805328367,-3.2260639667510986,-2.532952976226807,742836.0,0.9522073527149669,True
UC3,7,busy,EU,MAE,prod_served,13.577547105303145,13.309564447402954,13.853192138671876,526480.0,True,3041,224,wt_med,0.17250848811663566,-0.12325975894927979,0.48922717571258545,-0.54111168384552,0.8445701837539673,520728.0,0.6674973081064451,False
UC3,7,busy,EU,MAE,prod_served_lin,13.525742905713418,13.254522347450257,13.801120328903199,526480.0,True,3041,224,wt_med,0.12008404579742127,-0.17824435234069824,0.4364803075790405,-0.595371675491333,0.7911988973617553,520728.0,0.6674973081064451,False
UC3,7,busy,EU,MAE,wt_med,13.46666410295852,13.245261454582215,13.680801701545715,780120.0,True,4465,224,wt_med,,,,,,,,
UC3,7,busy,NA,MAE,clim,15.334872938153985,15.161011838912964,15.52207534313202,1574863.0,True,6471,224,wt_med,0.868708572884648,0.7833579301834106,0.950718879699707,0.6032741785049438,1.1942690134048461,1569775.0,0.9255994410229045,False
UC3,7,busy,NA,MAE,h5,14.501462218673913,14.333316802978516,14.67239339351654,1713492.0,True,6787,224,wt_med,-0.2251652461297624,-0.2416840076446533,-0.21135311126708983,-0.28678174018859864,-0.1817457914352417,1695955.0,1.0,True
UC3,7,busy,NA,MAE,lvlh5_cbd,17.53310561834671,17.211056900024413,17.860510683059694,810040.0,True,3407,224,wt_med,3.45436136189128,3.181988549232483,3.715961980819702,2.6550172567367554,4.336786365509033,804261.0,0.47422307785289114,False
UC3,7,busy,NA,MAE,lvlh5_naive,14.829789170376953,14.657693195343018,15.01338210105896,1623256.0,True,6631,224,wt_med,0.32505317790528565,0.23848342895507812,0.4103799104690552,0.18801116943359375,0.46143372058868404,1610166.0,0.9494155210486127,False
UC3,7,busy,NA,MAE,lvlh5_tft,14.51078466873864,14.301065492630006,14.735158443450928,1094379.0,True,4471,224,wt_med,0.42608229039168677,0.2664884805679321,0.5822529792785643,0.08552608489990235,0.7218358278274536,1084768.0,0.6396207446541918,False
UC3,7,busy,NA,MAE,oracle_level,10.217710902754108,10.103793454170226,10.333277678489685,1708704.0,True,6752,224,wt_med,-4.5283636529294,-4.677824783325195,-4.39017231464386,-5.065082979202271,-4.076166248321533,1691666.0,0.9974710413896595,True
UC3,7,busy,NA,MAE,oracle_shape,11.829918031494177,11.640600442886353,12.031434440612793,1621428.0,True,6385,224,wt_med,-2.675180415582389,-2.8145757913589478,-2.536427617073059,-2.9916874408721923,-2.315010833740234,1604072.0,0.9458222653313325,True
UC3,7,busy,NA,MAE,prod_served,16.143077133634556,15.905644273757934,16.38424997329712,1074071.0,True,4407,224,wt_med,2.1043403862218444,1.8899855136871337,2.3124908685684202,1.5995889902114868,2.6573827028274537,1063016.0,0.6267949326485668,False
UC3,7,busy,NA,MAE,prod_served_lin,16.10736708746442,15.871644043922425,16.349258136749267,1074071.0,True,4407,224,wt_med,2.0684612225968397,1.8557182788848876,2.2759520769119264,1.5622397661209106,2.620072340965271,1063016.0,0.6267949326485668,False
UC3,7,busy,NA,MAE,wt_med,14.727223894501918,14.555803894996643,14.901205110549927,1695955.0,True,6779,224,wt_med,,,,,,,,
UC3,7,busy,Asia,MAE,clim,18.38987616368435,17.966393566131593,18.81269884109497,862025.0,True,3828,224,wt_med,0.740343906879886,0.556673812866211,0.9282907009124756,-0.05823874473571775,1.6346705913543702,859535.0,0.8777626185365296,False
UC3,7,busy,Asia,MAE,h5,17.359664191735227,17.00680332183838,17.7289176940918,986694.0,True,4415,224,wt_med,-0.17031271381508262,-0.1989980697631836,-0.14432706832885742,-0.26300439834594724,-0.09257588386535645,979234.0,1.0,True
UC3,7,busy,Asia,MAE,lvlh5_cbd,25.297795259351734,24.5147554397583,26.054802083969115,504583.0,True,2112,224,wt_med,7.809102078558716,7.15808687210083,8.446980047225953,4.904881572723388,10.399959516525268,499798.0,0.5103969020683514,False
UC3,7,busy,Asia,MAE,lvlh5_naive,18.17747237145602,17.806310606002807,18.538424730300903,920840.0,True,4209,224,wt_med,0.6251192120917715,0.44991397857666016,0.807465934753418,0.29880523681640625,0.9764644145965575,916467.0,0.9359019396793821,False
UC3,7,busy,Asia,MAE,lvlh5_tft,17.66892500735903,17.267578077316283,18.096576690673828,641705.0,True,3131,224,wt_med,0.08126555711674044,-0.2046431064605713,0.3869061470031737,-0.5763311862945557,0.7876472949981688,636021.0,0.6495086976146661,False
UC3,7,busy,Asia,MAE,oracle_level,10.22176935771499,10.081009030342102,10.372230696678162,984438.0,True,4331,224,wt_med,-7.354446487727246,-7.66522741317749,-7.052860569953919,-8.320180296897888,-6.45134084224701,977402.0,0.9981291499273922,True
UC3,7,busy,Asia,MAE,oracle_shape,15.264507714914052,14.894940972328186,15.661659026145935,920617.0,True,3959,224,wt_med,-2.291344688273119,-2.5420891284942626,-2.042836141586304,-2.952138328552246,-1.4927927494049074,912867.0,0.9322255967419432,True
UC3,7,busy,Asia,MAE,prod_served,18.28279926665815,17.844402503967284,18.7436824798584,579266.0,True,2693,224,wt_med,0.6679739439110968,0.3216434955596924,1.0304484367370605,-0.18321781158447265,1.3541502952575681,573839.0,0.586008043021382,False
UC3,7,busy,Asia,MAE,prod_served_lin,18.191374299544595,17.75510177612305,18.651287031173705,579266.0,True,2693,224,wt_med,0.5761156439349726,0.22935800552368163,0.9398058891296387,-0.24209861755371093,1.2596086025238038,573839.0,0.586008043021382,False
UC3,7,busy,Asia,MAE,wt_med,17.557033354642506,17.20240921974182,17.932694005966187,979234.0,True,4411,224,wt_med,,,,,,,,
UC3,10,all,all,MAE,clim,8.29223968216635,8.204448533058166,8.374837112426757,10127562.0,True,17114,221,wt_med,0.3228176865199073,0.29011582136154174,0.35368897914886477,0.2206406593322754,0.4320686817169189,10054731.0,0.9204283717758628,False
UC3,10,all,all,MAE,h5,7.970770105818431,7.885206532478333,8.05400025844574,11057620.0,True,18210,221,wt_med,-0.08423296056588914,-0.08933553695678711,-0.07926630973815918,-0.10404595136642455,-0.06705342531204224,10923969.0,1.0,True
UC3,10,all,all,MAE,lvlh5_cbd,10.755793085618198,10.609769296646117,10.912873077392579,5965884.0,True,9410,221,wt_med,2.837225327484294,2.743727648258209,2.930692958831787,2.38334858417511,3.3644324779510497,5898009.0,0.539914476139579,False
UC3,10,all,all,MAE,lvlh5_naive,8.249366345826141,8.163655161857605,8.330557370185852,10527147.0,True,17827,221,wt_med,0.26007715924409425,0.2284880042076111,0.29102476835250857,0.19558497667312622,0.3329684019088745,10427971.0,0.9545954405399723,False
UC3,10,all,all,MAE,lvlh5_tft,8.199569645304887,8.097992277145385,8.30493712425232,7404956.0,True,12231,221,wt_med,0.37482789952313933,0.32055996656417846,0.431468665599823,0.23592685461044313,0.5141654253005982,7323084.0,0.6703684347694505,False
UC3,10,all,all,MAE,oracle_level,5.5300278351917065,5.480407309532166,5.581556904315948,11007066.0,True,18075,221,wt_med,-2.5545385126043367,-2.607772207260132,-2.4993090629577637,-2.878611433506012,-2.275960087776184,10880838.0,0.9960517097769135,True
UC3,10,all,all,MAE,oracle_shape,6.987772533800214,6.903200161457062,7.064826548099518,10525312.0,True,17066,221,wt_med,-1.0109368247412984,-1.0658395409584045,-0.9596348166465759,-1.2479870676994325,-0.7865699768066406,10367963.0,0.9491021990267456,True
UC3,10,all,all,MAE,prod_served,8.664843364461639,8.557835626602174,8.774475264549256,7248387.0,True,11540,221,wt_med,0.9609261568096645,0.8891578078269958,1.0387235045433045,0.7237725496292114,1.194813597202301,7136027.0,0.6532448966122112,False
UC3,10,all,all,MAE,prod_served_lin,8.643808046535042,8.537070751190186,8.75410795211792,7248387.0,True,11540,221,wt_med,0.9396589656961787,0.867934238910675,1.0175241351127624,0.7037239074707031,1.1723766326904297,7136027.0,0.6532448966122112,False
UC3,10,all,all,MAE,wt_med,8.067355967414407,7.9827764391899105,8.148006319999695,10923969.0,True,18196,221,wt_med,,,,,,,,
UC3,10,all,EU,MAE,clim,6.516438788529294,6.404285645484924,6.628014302253723,3890676.0,True,5930,221,wt_med,0.1425081213374808,0.10127980709075927,0.18726227283477784,0.051896762847900395,0.2413712739944458,3852198.0,0.9165726228690246,False
UC3,10,all,EU,MAE,h5,6.258901313192832,6.150477743148803,6.360348320007324,4264111.0,True,6040,221,wt_med,-0.05962170064497041,-0.06643794775009156,-0.05206617116928101,-0.08662190437316894,-0.039700543880462645,4202829.0,1.0,True
UC3,10,all,EU,MAE,lvlh5_cbd,8.8454883372925,8.696700739860535,8.994943499565125,2642308.0,True,3546,221,wt_med,2.422348718538914,2.3323135375976562,2.518246078491211,1.9140724301338197,2.9830232739448546,2607759.0,0.6204770643773515,False
UC3,10,all,EU,MAE,lvlh5_naive,6.4323459542360375,6.323546767234802,6.538028967380524,4047787.0,True,6035,221,wt_med,0.1284832642339131,0.08819116353988647,0.17116769552230834,0.028981077671051028,0.22011091709136962,4001289.0,0.9520465857640176,False
UC3,10,all,EU,MAE,lvlh5_tft,6.387147815550457,6.273880589008331,6.503929209709168,2966872.0,True,4017,221,wt_med,0.0894084554372494,0.017467546463012695,0.15880098342895507,-0.08776930570602416,0.2532840609550476,2931187.0,0.6974318964678315,False
UC3,10,all,EU,MAE,oracle_level,4.297593518927943,4.236733162403107,4.362941467761994,4240913.0,True,6031,221,wt_med,-2.05174610689493,-2.127282679080963,-1.9802734375,-2.5265167355537415,-1.6055121779441834,4183599.0,0.9954245104904339,True
UC3,10,all,EU,MAE,oracle_shape,5.418649851015368,5.307994472980499,5.525432991981506,4044669.0,True,5745,221,wt_med,-0.8842354032889421,-0.9527693629264832,-0.8177661657333375,-1.2661430478096007,-0.5530938506126404,3970226.0,0.9446556117320024,True
UC3,10,all,EU,MAE,prod_served,6.715520365203272,6.5980858445167545,6.840975213050842,2972153.0,True,4004,221,wt_med,0.4094262508692541,0.31300762891769407,0.5055678844451904,0.2054762601852417,0.6089654803276061,2916292.0,0.693887855061436,False
UC3,10,all,EU,MAE,prod_served_lin,6.70116078310908,6.584021747112274,6.826995861530304,2972153.0,True,4004,221,wt_med,0.39483091885174737,0.29864797592163084,0.491809344291687,0.19218093156814575,0.5947623968124389,2916292.0,0.693887855061436,False
UC3,10,all,EU,MAE,wt_med,6.336155955904939,6.229104220867157,6.439045071601868,4202829.0,True,6040,221,wt_med,,,,,,,,
UC3,10,all,NA,MAE,clim,9.51729095637568,9.394363522529602,9.652200174331664,3697135.0,True,6997,221,wt_med,0.5449945976941457,0.4975926637649536,0.591780686378479,0.39924705028533936,0.7358814477920532,3676208.0,0.9254561566036976,False
UC3,10,all,NA,MAE,h5,8.991058248885386,8.869096398353577,9.12463390827179,4022695.0,True,7311,221,wt_med,-0.12416371289322115,-0.13240158557891846,-0.11699197292327881,-0.16315252780914308,-0.09472625255584717,3972320.0,1.0,True
UC3,10,all,NA,MAE,lvlh5_cbd,10.851099605961142,10.627662134170532,11.07753918170929,2080553.0,True,3653,221,wt_med,2.322159802281586,2.187630844116211,2.451880955696106,1.8892339587211608,2.8016273975372314,2059752.0,0.5185262013130866,False
UC3,10,all,NA,MAE,lvlh5_naive,9.312114860652423,9.183280324935913,9.44539453983307,3826729.0,True,7160,221,wt_med,0.2904614918697632,0.24579026699066162,0.3384795904159546,0.19886066913604736,0.38945209980010986,3788300.0,0.9536744270350828,False
UC3,10,all,NA,MAE,lvlh5_tft,9.209075694454334,9.058945512771606,9.3846107006073,2679820.0,True,4773,221,wt_med,0.6469960296811763,0.5493119239807129,0.7389253377914429,0.4494924783706665,0.8524741411209106,2649795.0,0.6670648386836912,False
UC3,10,all,NA,MAE,oracle_level,6.592210512613265,6.5088921070098875,6.678545463085174,4003563.0,True,7283,221,wt_med,-2.5490478163782155,-2.6347132682800294,-2.4687162041664124,-3.0363620042800905,-2.153398644924164,3955032.0,0.9956478833528014,True
UC3,10,all,NA,MAE,oracle_shape,7.779001257290276,7.642081832885742,7.918726444244385,3822144.0,True,6928,221,wt_med,-1.2587616981781657,-1.343465256690979,-1.1712517142295837,-1.5882826566696167,-0.8609174132347108,3768091.0,0.9485869718451686,True
UC3,10,all,NA,MAE,prod_served,10.169566765208847,9.999924921989441,10.359426784515382,2632037.0,True,4685,221,wt_med,1.6505694217182985,1.5167624711990357,1.7824034214019775,1.2632418274879456,2.0864579200744626,2593684.0,0.6529393402344222,False
UC3,10,all,NA,MAE,prod_served_lin,10.152749847361568,9.983343958854675,10.342104482650758,2632037.0,True,4685,221,wt_med,1.6336558347123251,1.502475905418396,1.765250039100647,1.2436168313026428,2.06927011013031,2593684.0,0.6529393402344222,False
UC3,10,all,NA,MAE,wt_med,9.120538879042977,8.999053955078125,9.255787038803101,3972320.0,True,7301,221,wt_med,,,,,,,,
UC3,10,all,Asia,MAE,clim,9.229294525329452,9.00745861530304,9.444169092178345,2539751.0,True,4187,221,wt_med,0.27445479105024084,0.1918078899383545,0.35595912933349605,-0.006816649436950678,0.5935224533081054,2526325.0,0.9190579957945592,False
UC3,10,all,Asia,MAE,h5,9.123965714587843,8.918166542053223,9.328532576560974,2770814.0,True,4859,221,wt_med,-0.06415859805298396,-0.07558748722076417,-0.0533677339553833,-0.11199758052825928,-0.03276183605194092,2748820.0,1.0,True
UC3,10,all,Asia,MAE,lvlh5_cbd,14.657026813489606,14.162998485565186,15.164369869232178,1243023.0,True,2211,221,wt_med,4.578638524851648,4.251257371902466,4.9116230487823485,2.9178401470184325,6.368069434165954,1230498.0,0.44764589896755697,False
UC3,10,all,Asia,MAE,lvlh5_naive,9.488913406243014,9.291286873817445,9.700939893722534,2652631.0,True,4632,221,wt_med,0.41602130883485167,0.33397469520568845,0.49859256744384767,0.26490302085876466,0.568199062347412,2638382.0,0.9598234878966247,False
UC3,10,all,Asia,MAE,lvlh5_tft,9.719210085111149,9.473594284057617,9.996206593513488,1758264.0,True,3441,221,wt_med,0.4410857957884904,0.2941689968109131,0.585530948638916,0.03683133125305176,0.8090319633483886,1742102.0,0.6337635785537067,False
UC3,10,all,Asia,MAE,oracle_level,5.88264311539008,5.780072104930878,5.990392971038818,2762590.0,True,4761,221,wt_med,-3.3295338667151197,-3.4769161343574524,-3.183351480960846,-4.100325357913971,-2.6220611572265624,2742207.0,0.997594240437715,True
UC3,10,all,Asia,MAE,oracle_shape,8.237497192015809,8.042280673980713,8.442840504646302,2658499.0,True,4393,221,wt_med,-0.8471150032921422,-0.97431480884552,-0.7159119844436646,-1.3895281434059144,-0.3030231475830079,2629646.0,0.9566453969339571,True
UC3,10,all,Asia,MAE,prod_served,9.779794027114756,9.520057892799377,10.060963678359986,1644197.0,True,2851,221,wt_med,0.8499936348859904,0.6726216077804565,1.0330302476882933,0.24590487480163578,1.304929733276367,1626051.0,0.5915450993517218,False
UC3,10,all,Asia,MAE,prod_served_lin,9.739938401541908,9.482472920417786,10.02122368812561,1644197.0,True,2851,221,wt_med,0.8098162357761236,0.6315034627914429,0.9932233572006225,0.2107978463172913,1.2571694374084472,1626051.0,0.5915450993517218,False
UC3,10,all,Asia,MAE,wt_med,9.192332528139348,8.981837558746339,9.39752550125122,2748820.0,True,4855,221,wt_med,,,,,,,,
UC3,10,busy,all,MAE,clim,15.848495001326683,15.694956517219543,16.010288667678832,3113026.0,True,14387,221,wt_med,0.5934968544773032,0.5158542394638062,0.6662380695343018,0.32519757747650146,0.8769776821136475,3099008.0,0.9154681518934692,False
UC3,10,busy,all,MAE,h5,15.211408475165495,15.06608304977417,15.367751479148865,3420181.0,True,15376,221,wt_med,-0.21385128688080535,-0.2260608196258545,-0.20176832675933837,-0.25919926166534424,-0.175765061378479,3385162.0,1.0,True
UC3,10,busy,all,MAE,lvlh5_cbd,20.07165184914666,19.772867059707643,20.368632316589355,1720901.0,True,8004,221,wt_med,4.926959947111204,4.665337681770325,5.18678011894226,3.589785027503967,6.210346460342407,1705341.0,0.5037693912433142,False
UC3,10,busy,all,MAE,lvlh5_naive,15.42458632306931,15.259881520271302,15.569248342514038,3265628.0,True,15019,221,wt_med,0.14599395803428372,0.07669124603271485,0.22028167247772218,-0.015459203720092773,0.3234465837478637,3239134.0,0.9568623303700089,False
UC3,10,busy,all,MAE,lvlh5_tft,15.300736196822573,15.137636709213258,15.498563027381897,2186800.0,True,10331,221,wt_med,0.17590009138613993,0.03889265060424805,0.31418366432189937,-0.14508409500122071,0.4630312919616699,2166359.0,0.6399572605387867,False
UC3,10,busy,all,MAE,oracle_level,9.80048539467831,9.721377754211426,9.877377915382386,3411420.0,True,15236,221,wt_med,-5.654806775006074,-5.776103782653808,-5.527652263641357,-6.243176579475403,-5.108100843429566,3377497.0,0.9977357065924762,True
UC3,10,busy,all,MAE,oracle_shape,12.423035255105148,12.258566880226136,12.577578687667847,3266166.0,True,14435,221,wt_med,-2.8451160569895624,-2.9581796407699583,-2.7426549196243286,-3.09867947101593,-2.5602497339248655,3226567.0,0.953149952646284,True
UC3,10,busy,all,MAE,prod_served,16.531562493343966,16.335237741470337,16.733061504364013,2112745.0,True,9827,221,wt_med,1.5070054011089518,1.340013813972473,1.684561276435852,1.0561931610107422,1.926143980026245,2088460.0,0.6169453633238232,False
UC3,10,busy,all,MAE,prod_served_lin,16.47430800924863,16.278117752075197,16.67559108734131,2112745.0,True,9827,221,wt_med,1.449292600768029,1.282382607460022,1.6258561611175537,1.0086958169937135,1.8675432682037354,2088460.0,0.6169453633238232,False
UC3,10,busy,all,MAE,wt_med,15.434834137923088,15.289939975738525,15.588147711753845,3385162.0,True,15361,221,wt_med,,,,,,,,
UC3,10,busy,EU,MAE,clim,13.574382303479798,13.357906222343445,13.790594983100892,718921.0,True,4268,221,clim,,,,,,,,
UC3,10,busy,EU,MAE,h5,13.441567104100766,13.22243673801422,13.677759194374085,772002.0,True,4399,221,clim,-0.27381138064216515,-0.42276673316955565,-0.13033165931701665,-0.5885052442550659,0.09767451286315901,714863.0,0.9943554298733797,False
UC3,10,busy,EU,MAE,lvlh5_cbd,17.768005510952865,17.41498546600342,18.158842706680296,455954.0,True,2690,221,clim,4.018843393595338,3.718509817123413,4.317187762260437,2.291811728477478,5.824936532974242,441776.0,0.6144986723158734,False
UC3,10,busy,EU,MAE,lvlh5_naive,13.207656181537011,12.98810567855835,13.446770167350769,744191.0,True,4361,221,clim,-0.350353426829523,-0.5611063003540039,-0.14350099563598637,-0.6257831573486328,-0.012722325325012213,698125.0,0.9710733168178423,True
UC3,10,busy,EU,MAE,lvlh5_tft,12.906567739919028,12.667896103858947,13.160672640800476,506449.0,True,2965,221,clim,-0.8062808087541349,-1.068299913406372,-0.5529360294342042,-1.2239688158035278,-0.36858730316162114,490761.0,0.682635505152861,True
UC3,10,busy,EU,MAE,oracle_level,8.252981346694833,8.14663918018341,8.363742518424989,770152.0,True,4375,221,clim,-5.422026966310474,-5.624928736686707,-5.227697134017944,-6.481152939796448,-4.281456732749939,713386.0,0.9923009621363126,True
UC3,10,busy,EU,MAE,oracle_shape,10.27073343730378,10.002329206466674,10.540244078636169,743887.0,True,4182,221,clim,-3.2500250609575687,-3.5061856746673583,-2.980322575569153,-3.66876699924469,-2.7937674045562746,696095.0,0.9682496407811151,True
UC3,10,busy,EU,MAE,prod_served,13.894990337795372,13.604968619346618,14.171095633506775,510753.0,True,2966,221,clim,0.20717894418393534,-0.11369569301605224,0.5201522588729858,-0.35129969120025634,0.836286163330078,495825.0,0.689679394537091,False
UC3,10,busy,EU,MAE,prod_served_lin,13.842804153866938,13.55665464401245,14.119752359390258,510753.0,True,2966,221,clim,0.15357283315685955,-0.16951973438262938,0.466526198387146,-0.40886883735656737,0.7851066350936888,495825.0,0.689679394537091,False
UC3,10,busy,EU,MAE,wt_med,13.656058556610228,13.441808485984803,13.893571782112122,762954.0,True,4394,221,clim,-0.05747133691849626,-0.21259598731994628,0.09821732044219969,-0.39613149166107176,0.3113609075546265,712938.0,0.9916778060454486,False
UC3,10,busy,NA,MAE,clim,15.509883317858849,15.33236496448517,15.698386597633363,1547709.0,True,6373,221,wt_med,0.8778142897806678,0.7959640741348266,0.9568929672241211,0.6009799480438233,1.2112192153930663,1542263.0,0.9214444255247962,False
UC3,10,busy,NA,MAE,h5,14.639289751530228,14.465916800498963,14.809033298492432,1692721.0,True,6698,221,wt_med,-0.23619529109870463,-0.2527029275894165,-0.22207994461059571,-0.29881141185760496,-0.19079089164733887,1673745.0,1.0,True
UC3,10,busy,NA,MAE,lvlh5_cbd,17.593084952505787,17.273786878585817,17.926394081115724,791499.0,True,3323,221,wt_med,3.3218496366846963,3.044586443901062,3.5932584047317504,2.5171890020370484,4.191672706604003,784678.0,0.46881573955411365,False
UC3,10,busy,NA,MAE,lvlh5_naive,14.846259131278883,14.666705083847045,15.026109194755554,1613599.0,True,6548,221,wt_med,0.16366281172282982,0.0779761552810669,0.2518576145172119,0.006399726867675782,0.3144427537918091,1598900.0,0.9552829134665077,False
UC3,10,busy,NA,MAE,lvlh5_tft,14.784755851678947,14.559984278678893,15.027925086021423,1068617.0,True,4370,221,wt_med,0.5384444014632876,0.3649817705154419,0.7025031328201294,0.21059627532958985,0.8547899484634398,1057992.0,0.6321106261706533,False
UC3,10,busy,NA,MAE,oracle_level,10.236678196843348,10.11655671596527,10.355889296531677,1687911.0,True,6658,221,wt_med,-4.663079881793964,-4.81664206981659,-4.5256901502609255,-5.209007620811462,-4.199189615249634,1669451.0,0.9974344956967758,True
UC3,10,busy,NA,MAE,oracle_shape,11.815591905017339,11.624160122871398,12.00906262397766,1613151.0,True,6330,221,wt_med,-2.8660799472359173,-3.009643030166626,-2.7259745836257934,-3.2048026084899903,-2.4950481176376345,1593243.0,0.9519030676715987,True
UC3,10,busy,NA,MAE,prod_served,16.50130563984933,16.25217261314392,16.755115222930907,1048911.0,True,4294,221,wt_med,2.3118017844224745,2.097303581237793,2.542931652069092,1.7768889665603638,2.8605623960494992,1036750.0,0.61941932612196,False
UC3,10,busy,NA,MAE,prod_served_lin,16.465508751457463,16.218808555603026,16.720273065567017,1048911.0,True,4294,221,wt_med,2.275904027007474,2.0618510961532595,2.50534291267395,1.7430107593536377,2.828434300422668,1036750.0,0.61941932612196,False
UC3,10,busy,NA,MAE,wt_med,14.878091346053312,14.704819130897523,15.050113368034364,1673745.0,True,6691,221,wt_med,,,,,,,,
UC3,10,busy,Asia,MAE,clim,18.39928650418953,17.967200136184694,18.82250189781189,846396.0,True,3746,221,wt_med,0.5267288609836136,0.33576202392578125,0.7196091651916504,-0.2223734378814697,1.3057384014129634,843807.0,0.8896572665459802,False
UC3,10,busy,Asia,MAE,h5,17.655009822514437,17.294463109970092,18.034036254882814,955458.0,True,4279,221,wt_med,-0.16858406706429108,-0.195656156539917,-0.14292168617248535,-0.25658040046691893,-0.09401583671569824,948463.0,1.0,True
UC3,10,busy,Asia,MAE,lvlh5_cbd,26.43378661919358,25.606804037094115,27.27128920555115,473448.0,True,1991,221,wt_med,8.537364908194988,7.795271301269532,9.228015232086182,5.232636165618897,11.39633903503418,468966.0,0.49444838649478157,False
UC3,10,busy,Asia,MAE,lvlh5_naive,18.269816019670365,17.900823307037353,18.641766357421876,907838.0,True,4110,221,wt_med,0.4510656372788304,0.26102547645568847,0.6480272769927978,0.05986785888671875,0.8688807010650634,903516.0,0.9526106975179843,False
UC3,10,busy,Asia,MAE,lvlh5_tft,18.184194676025445,17.742731189727785,18.664618062973023,611734.0,True,2996,221,wt_med,0.3032186459130273,-0.012852764129638667,0.6275489807128904,-0.3950843811035156,0.8872633934020994,606267.0,0.6392099639100313,False
UC3,10,busy,Asia,MAE,oracle_level,10.278332317360348,10.138516044616699,10.434846806526185,953357.0,True,4203,221,wt_med,-7.591987883243982,-7.90784432888031,-7.296484661102295,-8.609436631202698,-6.6460212707519535,946795.0,0.9982413652403942,True
UC3,10,busy,Asia,MAE,oracle_shape,15.261983334997426,14.89122531414032,15.654976892471314,909128.0,True,3923,221,wt_med,-2.55993045658027,-2.814891147613525,-2.292348861694336,-3.252214217185974,-1.7050437450408935,900652.0,0.9495910752448962,True
UC3,10,busy,Asia,MAE,prod_served,19.02373612544998,18.574541330337524,19.522907304763795,553081.0,True,2567,221,wt_med,1.1243065776067027,0.737143087387085,1.5318381786346436,0.08616833686828614,1.7544774532318115,547646.0,0.5774036520138371,False
UC3,10,busy,Asia,MAE,prod_served_lin,18.921107170559104,18.468713188171385,19.422345685958863,553081.0,True,2567,221,wt_med,1.0208668099465719,0.6324108600616455,1.4231165885925292,0.02618899345397951,1.6368138313293457,547646.0,0.5774036520138371,False
UC3,10,busy,Asia,MAE,wt_med,17.848180160955145,17.49125247001648,18.239013671875,948463.0,True,4276,221,wt_med,,,,,,,,
UC3,14,all,all,MAE,clim,8.383335703516577,8.292934441566468,8.466256809234618,9886718.0,True,16705,217,wt_med,0.25638016270583464,0.22291676998138427,0.2865553617477417,0.15173205137252807,0.36821930408477777,9808253.0,0.921075673692943,False
UC3,14,all,all,MAE,h5,8.121458772834407,8.035743689537048,8.20341694355011,10793963.0,True,17766,217,wt_med,-0.08789651223896655,-0.09291341304779052,-0.08296821117401124,-0.1081658124923706,-0.07029471397399903,10648694.0,1.0,True
UC3,14,all,all,MAE,lvlh5_cbd,10.880085528413723,10.726883602142333,11.042064929008484,5677675.0,True,8899,217,wt_med,2.7777059545111733,2.6887030363082887,2.8778942108154295,2.3130971431732177,3.282203507423401,5603342.0,0.526199926488638,False
UC3,14,all,all,MAE,lvlh5_naive,8.49767242443548,8.411498332023621,8.57616753578186,10127156.0,True,17334,217,wt_med,0.38426384060025853,0.353955602645874,0.41550703048706056,0.3219053864479065,0.453575873374939,10021868.0,0.9411358801370384,False
UC3,14,all,all,MAE,lvlh5_tft,8.449796336007529,8.34648826122284,8.553392624855041,7114787.0,True,11729,217,wt_med,0.44674438015363727,0.39288551807403566,0.5004941582679748,0.2800832033157349,0.613218593597412,7024986.0,0.6597039975042949,False
UC3,14,all,all,MAE,oracle_level,5.5917134851695,5.542276680469513,5.643659400939941,10744532.0,True,17644,217,wt_med,-2.6506741150288455,-2.703741419315338,-2.5920458793640138,-2.9870880365371706,-2.3598575711250307,10607041.0,0.9960884405167432,True
UC3,14,all,all,MAE,oracle_shape,7.30366219414935,7.218315362930298,7.383785891532898,10118888.0,True,16343,217,wt_med,-0.8192898886094655,-0.8714398860931396,-0.7650100350379944,-1.0603488087654114,-0.5920571446418763,9955177.0,0.9348730464036247,True
UC3,14,all,all,MAE,prod_served,8.92030250871559,8.80708749294281,9.030898809432983,6969981.0,True,11070,217,wt_med,1.0373026655785162,0.9624538660049439,1.1165467739105224,0.7623673677444458,1.3106767892837523,6842192.0,0.64253813660154,False
UC3,14,all,all,MAE,prod_served_lin,8.899244936966113,8.785937309265137,9.009292149543763,6969981.0,True,11070,217,wt_med,1.0159540246751328,0.9407579898834229,1.0953871369361878,0.7455194592475891,1.2880399703979493,6842192.0,0.64253813660154,False
UC3,14,all,all,MAE,wt_med,8.224694079856178,8.138455486297607,8.306856441497803,10648694.0,True,17754,217,wt_med,,,,,,,,
UC3,14,all,EU,MAE,clim,6.604969252109067,6.496583783626557,6.72094566822052,3807253.0,True,5828,217,wt_med,0.07015605654462664,0.026778316497802733,0.11702585220336913,-0.0464682936668396,0.1871865153312683,3768634.0,0.9160416933030825,False
UC3,14,all,EU,MAE,h5,6.402160226873762,6.289797604084015,6.509485304355621,4181268.0,True,5945,217,wt_med,-0.064739023690084,-0.07144603729248047,-0.05725381374359131,-0.09162279367446899,-0.043565762042999265,4114042.0,1.0,True
UC3,14,all,EU,MAE,lvlh5_cbd,8.99599250954743,8.839710664749145,9.158573651313782,2534303.0,True,3391,217,wt_med,2.3557971924291436,2.263120913505554,2.454768753051758,1.840369999408722,2.935146963596344,2493780.0,0.6061629900715647,False
UC3,14,all,EU,MAE,lvlh5_naive,6.7000319214468975,6.598275911808014,6.808943486213684,3899277.0,True,5931,217,wt_med,0.2574893407184309,0.21917725801467897,0.2932476162910461,0.18282483816146852,0.33767597675323485,3848735.0,0.935511839694393,False
UC3,14,all,EU,MAE,lvlh5_tft,6.583220817694467,6.471302306652069,6.707168233394623,2867165.0,True,3883,217,wt_med,0.098704714541622,0.026498031616210938,0.16461640596389765,-0.0749395728111267,0.2690009713172912,2825541.0,0.6868041211052294,False
UC3,14,all,EU,MAE,oracle_level,4.359665721115105,4.2954602360725405,4.427193355560303,4158434.0,True,5934,217,wt_med,-2.1422842976935286,-2.2166815638542174,-2.0669548511505127,-2.6353012204170225,-1.6859857797622682,4095432.0,0.995476468154676,True
UC3,14,all,EU,MAE,oracle_shape,5.760053869638618,5.650991654396057,5.869762861728669,3894463.0,True,5546,217,wt_med,-0.6806347302647966,-0.7559952974319458,-0.6135621309280396,-1.0658281326293946,-0.3340938210487367,3813056.0,0.9268393468029739,True
UC3,14,all,EU,MAE,prod_served,6.894057011408066,6.779344964027405,7.029416298866272,2869987.0,True,3860,217,wt_med,0.39524832931532483,0.2939456343650818,0.4940097212791442,0.16363657712936402,0.625209605693817,2805287.0,0.6818809822554072,False
UC3,14,all,EU,MAE,prod_served_lin,6.880446322579162,6.766381680965424,7.015954327583313,2869987.0,True,3860,217,wt_med,0.38135389534118946,0.2807263612747192,0.4803267002105712,0.1476745843887329,0.6125103473663329,2805287.0,0.6818809822554072,False
UC3,14,all,EU,MAE,wt_med,6.488736381398148,6.374449920654297,6.595742762088776,4114042.0,True,5945,217,wt_med,,,,,,,,
UC3,14,all,NA,MAE,clim,9.626048620090414,9.501597952842712,9.758427381515503,3606287.0,True,6869,217,wt_med,0.49099864400592885,0.44320383071899416,0.5359892129898072,0.331561803817749,0.6847743511199951,3583349.0,0.9246330985893687,False
UC3,14,all,NA,MAE,h5,9.160770892803633,9.0372784614563,9.299201202392577,3931234.0,True,7181,217,wt_med,-0.13134734731234765,-0.14021084308624268,-0.1240494728088379,-0.17300081253051758,-0.0993842601776123,3875428.0,1.0,True
UC3,14,all,NA,MAE,lvlh5_cbd,10.962859381609926,10.724266266822815,11.194554853439332,1981603.0,True,3480,217,wt_med,2.262958775732404,2.119152069091797,2.396488881111145,1.82421315908432,2.7341139554977416,1959531.0,0.505629571753107,False
UC3,14,all,NA,MAE,lvlh5_naive,9.571198664842711,9.438685369491576,9.706607127189637,3684095.0,True,6993,217,wt_med,0.41129466610001053,0.3623500347137451,0.46385233402252196,0.32194976806640624,0.5112857341766357,3643215.0,0.9400806827013687,False
UC3,14,all,NA,MAE,lvlh5_tft,9.433992258234147,9.273493027687072,9.621489024162292,2574259.0,True,4602,217,wt_med,0.6899316125801569,0.5976887941360474,0.778711485862732,0.472332501411438,0.9036858797073364,2541930.0,0.6559094892228677,False
UC3,14,all,NA,MAE,oracle_level,6.652893212209459,6.570037758350372,6.741834878921509,3912350.0,True,7157,217,wt_med,-2.669908662523131,-2.762254738807678,-2.588873362541199,-3.187427020072937,-2.2467552185058595,3858593.0,0.9956559636767861,True
UC3,14,all,NA,MAE,oracle_shape,8.107453778339456,7.971552419662475,8.250562858581542,3676514.0,True,6698,217,wt_med,-1.071691563034186,-1.1629212856292725,-0.9802556753158569,-1.4010108709335327,-0.6580473423004151,3621894.0,0.9345790968120167,True
UC3,14,all,NA,MAE,prod_served,10.433300732681797,10.252546286582946,10.623231315612793,2521422.0,True,4508,217,wt_med,1.7528918841762469,1.6169761657714843,1.8824208736419679,1.3302929401397705,2.2381865501403806,2480044.0,0.6399406723592852,False
UC3,14,all,NA,MAE,prod_served_lin,10.417173176485333,10.236595273017883,10.606482195854188,2521422.0,True,4508,217,wt_med,1.7366343601161915,1.6015757322311401,1.8663906812667848,1.3132312774658204,2.2217269420623778,2480044.0,0.6399406723592852,False
UC3,14,all,NA,MAE,wt_med,9.302001224122858,9.178148412704468,9.4383229970932,3875428.0,True,7170,217,wt_med,,,,,,,,
UC3,14,all,Asia,MAE,clim,9.308910640479578,9.069690394401551,9.52440140247345,2473178.0,True,4008,217,clim,,,,,,,,
UC3,14,all,Asia,MAE,h5,9.278689420618088,9.075772833824157,9.487521004676818,2681461.0,True,4640,217,clim,-0.2577849525163778,-0.3363771677017212,-0.1780730485916138,-0.5640075445175171,0.052932476997375466,2461375.0,0.9952275978518328,False
UC3,14,all,Asia,MAE,lvlh5_cbd,14.848893160719921,14.347195720672607,15.367415070533752,1161769.0,True,2028,217,clim,4.318523552056602,3.950341558456421,4.700874185562133,2.589754319190979,6.132091760635375,1065153.0,0.43068189996838074,False
UC3,14,all,Asia,MAE,lvlh5_naive,9.698452684441332,9.501980638504028,9.912631130218506,2543784.0,True,4410,217,clim,0.3352421818901927,0.21239473819732665,0.46159050464630125,-0.048731851577758785,0.6907868862152099,2423764.0,0.9800200389943627,False
UC3,14,all,Asia,MAE,lvlh5_tft,10.13395260419853,9.8770756483078,10.422729110717773,1673363.0,True,3244,217,clim,0.451097354659014,0.2854660987854004,0.6235534906387329,0.039705109596252446,0.9629436492919922,1542211.0,0.6235746072462233,False
UC3,14,all,Asia,MAE,oracle_level,5.9551294864467295,5.8516440153121945,6.06588339805603,2673748.0,True,4553,217,clim,-3.5465081399754457,-3.70135555267334,-3.3830793857574464,-4.4292720079422,-2.6825467109680177,2457693.0,0.9937388251068059,True
UC3,14,all,Asia,MAE,oracle_shape,8.503223126199932,8.310569834709167,8.70389883518219,2547911.0,True,4099,217,clim,-0.8599649389627242,-1.0174426317214966,-0.6930131435394287,-1.6168366432189942,-0.12040994167327893,2423003.0,0.9797123377290272,True
UC3,14,all,Asia,MAE,prod_served,10.18751821266309,9.908819389343261,10.475628542900086,1578572.0,True,2702,217,clim,0.9107603895829204,0.7080189466476441,1.1299158334732056,0.32956638336181643,1.530810248851776,1536515.0,0.6212714976439221,False
UC3,14,all,Asia,MAE,prod_served_lin,10.14504691582012,9.867058634757996,10.433445310592651,1578572.0,True,2702,217,clim,0.8674857551016437,0.6661082029342651,1.085889220237732,0.30353286266326907,1.491848611831665,1536515.0,0.6212714976439221,False
UC3,14,all,Asia,MAE,wt_med,9.340349101843245,9.136791872978211,9.548835492134094,2659224.0,True,4639,217,clim,-0.19982717697972951,-0.2836400270462036,-0.12151458263397218,-0.4933182239532471,0.110285997390747,2456270.0,0.9931634520442928,False
UC3,14,busy,all,MAE,clim,15.972849340571532,15.817582511901856,16.13474621772766,3034825.0,True,14017,217,wt_med,0.4652040110340874,0.3884511232376099,0.5391668319702149,0.1901623487472534,0.7506089925765986,3019371.0,0.9174000813070874,False
UC3,14,busy,all,MAE,h5,15.481915426203521,15.33624427318573,15.636739706993103,3328797.0,True,14973,217,wt_med,-0.21864897381705184,-0.23124182224273682,-0.2066797733306885,-0.26964142322540285,-0.17700130939483644,3291226.0,1.0,True
UC3,14,busy,all,MAE,lvlh5_cbd,20.272939674924547,19.951887845993042,20.597952365875244,1619224.0,True,7564,217,wt_med,4.832093101507086,4.566961288452148,5.102969336509704,3.45369234085083,6.102239871025085,1603309.0,0.48714643114754197,False
UC3,14,busy,all,MAE,lvlh5_naive,15.891538133466621,15.735811829566956,16.041590690612793,3131664.0,True,14550,217,wt_med,0.4069986235346619,0.3378764152526855,0.47925541400909416,0.2591100215911865,0.5747271060943604,3104532.0,0.9432752415057489,False
UC3,14,busy,all,MAE,lvlh5_tft,15.781607553556185,15.596423172950745,15.980377435684204,2084212.0,True,9882,217,wt_med,0.3406570376279596,0.20230391025543212,0.47623317241668695,-0.016033339500427245,0.6916808366775512,2063011.0,0.6268214337149743,False
UC3,14,busy,all,MAE,oracle_level,9.890901310422857,9.81130771636963,9.969670081138611,3319954.0,True,14842,217,wt_med,-5.843901748128038,-5.967680978775024,-5.716397285461426,-6.446861052513123,-5.2869236230850225,3283652.0,0.9976987298957896,True
UC3,14,busy,all,MAE,oracle_shape,12.942788258403889,12.772103309631348,13.104694056510926,3129412.0,True,13796,217,wt_med,-2.5291815664187496,-2.635133409500122,-2.4166014194488525,-2.7990688562393187,-2.227107524871826,3089989.0,0.9388565233745723,True
UC3,14,busy,all,MAE,prod_served,17.03587690406352,16.840042304992675,17.260001039505006,2019628.0,True,9395,217,wt_med,1.6974056785993437,1.5281291246414184,1.8614197254180909,1.2116146326065063,2.19496488571167,1993238.0,0.6056217348793428,False
UC3,14,busy,all,MAE,prod_served_lin,16.978788791797303,16.782231903076173,17.202559995651246,2019628.0,True,9395,217,wt_med,1.6397313692594668,1.4695936679840087,1.8037060260772706,1.1506527423858643,2.1377063274383543,1993238.0,0.6056217348793428,False
UC3,14,busy,all,MAE,wt_med,15.71214541328976,15.567287516593932,15.864931273460389,3291226.0,True,14958,217,wt_med,,,,,,,,
UC3,14,busy,EU,MAE,clim,13.662452552781902,13.459555435180665,13.895673155784607,699198.0,True,4168,217,clim,,,,,,,,
UC3,14,busy,EU,MAE,h5,13.709525821908692,13.484850335121155,13.947112774848938,751300.0,True,4294,217,clim,-0.08538441857720258,-0.24325759410858153,0.06476228237152096,-0.47430555820465087,0.37971346378326415,694744.0,0.9936298444789602,False
UC3,14,busy,EU,MAE,lvlh5_cbd,17.967626225109807,17.595406913757323,18.357841205596923,432316.0,True,2556,217,clim,4.13991948404656,3.8504963874816895,4.446776533126831,2.3598634958267213,6.0114562749862674,418095.0,0.5979636669441274,False
UC3,14,busy,EU,MAE,lvlh5_naive,13.767144197499936,13.540921807289124,14.013104844093323,713534.0,True,4246,217,clim,0.19085582835414527,-0.027102279663085933,0.3886489391326904,-0.15097017288208006,0.60796959400177,670934.0,0.9595765434111654,False
UC3,14,busy,EU,MAE,lvlh5_tft,13.30895390945672,13.067654061317445,13.587378907203675,482810.0,True,2842,217,clim,-0.5088777553743231,-0.7611305713653564,-0.2495848894119263,-1.0477424144744873,0.030850338935851936,467100.0,0.6680511099860126,False
UC3,14,busy,EU,MAE,oracle_level,8.346260825961453,8.236434078216552,8.465072870254517,749365.0,True,4269,217,clim,-5.412472505662045,-5.6256831884384155,-5.217953181266784,-6.467461252212525,-4.273060238361358,693252.0,0.9914959710983156,True
UC3,14,busy,EU,MAE,oracle_shape,10.891234063064877,10.617004323005677,11.166465878486633,712516.0,True,4010,217,clim,-2.643516937217269,-2.929689621925354,-2.3744142055511475,-3.1950938940048217,-2.0100513458251954,668310.0,0.9558236722645088,True
UC3,14,busy,EU,MAE,prod_served,14.365023592214877,14.074190998077393,14.668153405189514,487237.0,True,2839,217,clim,0.5625372466432967,0.2286848545074463,0.9044954061508178,-0.22929770946502684,1.4219639778137207,471519.0,0.6743712081556298,False
UC3,14,busy,EU,MAE,prod_served_lin,14.31539707575574,14.025905418395997,14.616945147514343,487237.0,True,2839,217,clim,0.5113176775485186,0.17933318614959717,0.8544108867645263,-0.2793497323989868,1.3589044809341428,471519.0,0.6743712081556298,False
UC3,14,busy,EU,MAE,wt_med,13.945360346760976,13.714615058898925,14.182207179069518,741952.0,True,4290,217,clim,0.1464456351767538,-0.02465658187866211,0.3020573139190673,-0.2749170780181885,0.6088083744049069,692571.0,0.9905219980606352,False
UC3,14,busy,NA,MAE,clim,15.630730082835992,15.447196102142334,15.82628927230835,1516732.0,True,6261,217,wt_med,0.7807103306072332,0.7033797025680542,0.8607865810394286,0.477753734588623,1.132546043395996,1510705.0,0.9203899169903282,False
UC3,14,busy,NA,MAE,h5,14.884153297862294,14.706954193115234,15.059397387504578,1662577.0,True,6582,217,wt_med,-0.24723638717538599,-0.26527278423309325,-0.2334897041320801,-0.31645522117614744,-0.19686141014099123,1641375.0,1.0,True
UC3,14,busy,NA,MAE,lvlh5_cbd,17.689748572023728,17.343958187103272,18.033290815353393,757728.0,True,3171,217,wt_med,3.235255438848503,2.933616018295288,3.50476758480072,2.4459181785583497,4.087757158279419,750426.0,0.4571935115375828,False
UC3,14,busy,NA,MAE,lvlh5_naive,15.239958457564557,15.058822011947631,15.430053019523621,1560205.0,True,6395,217,wt_med,0.3895092706309313,0.3007681131362915,0.4868563175201416,0.23266966342926027,0.5442304372787474,1544705.0,0.9411042571015155,False
UC3,14,busy,NA,MAE,lvlh5_tft,15.130340429137194,14.898039650917053,15.381490397453309,1029848.0,True,4209,217,wt_med,0.6296501162839547,0.4574998617172241,0.7937120676040649,0.2795480012893677,0.9470924854278564,1018405.0,0.6204584570862843,False
UC3,14,busy,NA,MAE,oracle_level,10.298748409985874,10.178011608123779,10.418223357200622,1657701.0,True,6548,217,wt_med,-4.862426635883427,-5.0213315963745115,-4.71159975528717,-5.438209795951844,-4.351890420913696,1637098.0,0.9973942578630721,True
UC3,14,busy,NA,MAE,oracle_shape,12.291255656855087,12.092123365402221,12.489327526092529,1558549.0,True,6121,217,wt_med,-2.5554984886392926,-2.70350022315979,-2.4106698036193848,-2.904441237449646,-2.1567646741867064,1538583.0,0.937374457390907,True
UC3,14,busy,NA,MAE,prod_served,16.87351172326258,16.632245540618896,17.153384733200074,1008465.0,True,4128,217,wt_med,2.4502269331519333,2.2363765954971315,2.672201156616211,1.8290644645690919,3.0867942571640015,995227.0,0.6063373695834285,False
UC3,14,busy,NA,MAE,prod_served_lin,16.840824421273915,16.599901247024537,17.11922969818115,1008465.0,True,4128,217,wt_med,2.4172882166581093,2.2031781911849975,2.637750005722046,1.7943394660949707,3.0544174909591675,995227.0,0.6063373695834285,False
UC3,14,busy,NA,MAE,wt_med,15.13630066255426,14.957324767112732,15.315544319152831,1641375.0,True,6572,217,wt_med,,,,,,,,
UC3,14,busy,Asia,MAE,clim,18.579200630117413,18.15271191596985,19.024604082107544,818895.0,True,3588,217,wt_med,0.4002285273160595,0.2081784725189209,0.5993923664093017,-0.42019009590148926,1.1477048873901368,816095.0,0.8988830255347786,False
UC3,14,busy,Asia,MAE,h5,18.02358232140515,17.657147645950317,18.412617874145507,914920.0,True,4097,217,wt_med,-0.14966229723790647,-0.17430343627929687,-0.12449598312377931,-0.24121565818786622,-0.07600078582763672,907899.0,1.0,True
UC3,14,busy,Asia,MAE,lvlh5_cbd,27.155786306615088,26.341433572769166,28.083666563034058,429180.0,True,1837,217,wt_med,8.742731263699344,7.972354936599731,9.510618257522584,5.038235521316528,11.439221620559692,425272.0,0.46841333672578117,False
UC3,14,busy,Asia,MAE,lvlh5_naive,18.843340646444833,18.467227506637574,19.230028438568116,857925.0,True,3909,217,wt_med,0.7309293771585281,0.5562713623046875,0.9293178558349608,0.35503835678100587,1.1571642875671386,853995.0,0.9406277570522712,False
UC3,14,busy,Asia,MAE,lvlh5_tft,19.04381558894096,18.602106523513793,19.521380281448366,571554.0,True,2831,217,wt_med,0.7191939146531503,0.37644476890563966,1.0549896717071532,-0.1615133762359619,1.541048955917358,566508.0,0.6239768961084878,False
UC3,14,busy,Asia,MAE,oracle_level,10.418250746329237,10.272439956665039,10.58651864528656,912888.0,True,4025,217,wt_med,-7.802620964970259,-8.132573318481445,-7.490824723243714,-8.869321417808532,-6.8340660572052006,906308.0,0.998247602431548,True
UC3,14,busy,Asia,MAE,oracle_shape,15.828812993921638,15.435797095298767,16.22630567550659,858347.0,True,3665,217,wt_med,-2.2929661055197688,-2.548114609718323,-2.015459227561951,-3.026724433898926,-1.3812493801116945,850661.0,0.9369555424116559,True
UC3,14,busy,Asia,MAE,prod_served,19.83222248943553,19.330568504333495,20.334602928161623,523926.0,True,2428,217,wt_med,1.5029255616731163,1.0827041149139405,1.9504942417144775,0.33544254302978516,2.446166658401489,518362.0,0.5709467683079286,False
UC3,14,busy,Asia,MAE,prod_served_lin,19.721228045563688,19.216498804092407,20.231708145141603,523926.0,True,2428,217,wt_med,1.3910930006443358,0.9774327278137207,1.8399052619934082,0.2636603355407715,2.2924971580505367,518362.0,0.5709467683079286,False
UC3,14,busy,Asia,MAE,wt_med,18.197054958756425,17.83244695663452,18.579786157608034,907899.0,True,4096,217,wt_med,,,,,,,,
UC3,21,all,all,MAE,clim,8.512233035599191,8.419920825958252,8.600857853889465,9479822.0,True,16049,210,wt_med,0.19245986851218966,0.15611562728881836,0.22449145317077634,0.07635514736175537,0.3136326789855957,9391441.0,0.9206468321080186,False
UC3,21,all,all,MAE,h5,8.280221968253203,8.19246711730957,8.362244415283204,10363250.0,True,16993,210,wt_med,-0.09529794922338297,-0.10033144950866699,-0.0904494047164917,-0.11624681949615479,-0.07684638500213624,10200916.0,1.0,True
UC3,21,all,all,MAE,lvlh5_cbd,11.003238913359237,10.836643385887147,11.171442747116089,5233914.0,True,8124,210,wt_med,2.678657652907182,2.582112455368042,2.784182643890381,2.2107015252113342,3.195439529418945,5150283.0,0.5048843652864116,False
UC3,21,all,all,MAE,lvlh5_naive,8.712657446140136,8.618354225158692,8.7957683801651,9670178.0,True,16607,210,wt_med,0.4051031305962294,0.3729490518569946,0.43851983547210693,0.3518094182014465,0.4649707555770874,9551070.0,0.9362953287724357,False
UC3,21,all,all,MAE,lvlh5_tft,8.665068309581779,8.553470420837403,8.77455506324768,6633690.0,True,10840,210,wt_med,0.4300770231459925,0.374326229095459,0.4865873336791992,0.2823504090309143,0.5809317350387573,6532639.0,0.6403972937332294,False
UC3,21,all,all,MAE,oracle_level,5.644359241250478,5.594299852848053,5.695859134197235,10316290.0,True,16885,210,wt_med,-2.7732572260401387,-2.8306350350379943,-2.715171551704407,-3.1209464073181152,-2.470407211780548,10161881.0,0.9961733828609117,True
UC3,21,all,all,MAE,oracle_shape,7.548863213404482,7.45549783706665,7.634153831005096,9671738.0,True,15561,210,wt_med,-0.7703088218819376,-0.8299454808235168,-0.714483642578125,-1.0219345331192016,-0.5418673396110535,9483071.0,0.9296293587752316,True
UC3,21,all,all,MAE,prod_served,9.183932951331906,9.057367634773254,9.299683213233948,6524932.0,True,10322,210,wt_med,1.0373932232089498,0.9555262565612793,1.114955687522888,0.7836838245391846,1.3292036175727844,6376971.0,0.6251370955314209,False
UC3,21,all,all,MAE,prod_served_lin,9.162465773589672,9.036305594444276,9.276868629455567,6524932.0,True,10322,210,wt_med,1.0155386075928519,0.9337813377380371,1.0927324771881104,0.7607971668243408,1.3074192166328429,6376971.0,0.6251370955314209,False
UC3,21,all,all,MAE,wt_med,8.398951476514462,8.312393760681152,8.48126950263977,10200916.0,True,16976,210,wt_med,,,,,,,,
UC3,21,all,EU,MAE,clim,6.723171253872671,6.61053375005722,6.841262793540954,3666720.0,True,5662,210,wt_med,0.00793030565283459,-0.039849483966827394,0.05850871801376342,-0.13985741138458252,0.154659366607666,3621298.0,0.913197172826941,False
UC3,21,all,EU,MAE,h5,6.554686812396226,6.447414338588715,6.666861188411713,4044844.0,True,5777,210,wt_med,-0.06951306904322152,-0.07670923471450805,-0.06181224584579468,-0.10036638975143433,-0.045679140090942386,3965516.0,1.0,True
UC3,21,all,EU,MAE,lvlh5_cbd,9.155461228338192,8.993266701698303,9.325825786590576,2356889.0,True,3149,210,wt_med,2.2438653774517494,2.141990005970001,2.3491278648376466,1.7134105563163757,2.8343219876289365,2307274.0,0.5818344951829724,False
UC3,21,all,EU,MAE,lvlh5_naive,6.940167181587703,6.833195304870605,7.0539821028709415,3736431.0,True,5762,210,wt_med,0.30601759558515607,0.26753259897232057,0.34449412822723385,0.23624956607818604,0.38155488967895507,3676479.0,0.92711238587866,False
UC3,21,all,EU,MAE,lvlh5_tft,6.930301595080981,6.800574028491974,7.067550539970398,2705988.0,True,3661,210,wt_med,0.1708858318614066,0.09588947296142578,0.24289542436599731,-0.011243915557861327,0.35351297855377195,2654869.0,0.6694889139269644,False
UC3,21,all,EU,MAE,oracle_level,4.424727629075933,4.360239923000336,4.493947303295135,4022435.0,True,5765,210,wt_med,-2.2445547717520338,-2.3254053711891176,-2.168987476825714,-2.763084864616394,-1.761734938621521,3947763.0,0.995523155120292,True
UC3,21,all,EU,MAE,oracle_shape,6.020149919034083,5.902704882621765,6.138138055801392,3738102.0,True,5335,210,wt_med,-0.6128053623910663,-0.6925891876220703,-0.5479567408561706,-1.0186060428619386,-0.25613911151885993,3638583.0,0.9175560002784001,True
UC3,21,all,EU,MAE,prod_served,7.22116441903456,7.086992728710174,7.365065467357636,2712855.0,True,3641,210,wt_med,0.43641595774015585,0.32666468620300293,0.5333625674247741,0.19486502408981324,0.694190239906311,2632854.0,0.6639373034934167,False
UC3,21,all,EU,MAE,prod_served_lin,7.207285774580654,7.073763918876648,7.351818919181824,2712855.0,True,3641,210,wt_med,0.4221344499163271,0.3118638753890991,0.5186575651168822,0.1809319496154785,0.6802283525466918,2632854.0,0.6639373034934167,False
UC3,21,all,EU,MAE,wt_med,6.654205404794736,6.54293053150177,6.767949724197388,3965516.0,True,5777,210,wt_med,,,,,,,,
UC3,21,all,NA,MAE,clim,9.81429973940727,9.682258486747742,9.958277535438537,3444839.0,True,6633,210,wt_med,0.45240925287408373,0.4027669906616211,0.5004099845886231,0.2824566125869751,0.6606950521469115,3419089.0,0.9205424786044735,False
UC3,21,all,NA,MAE,h5,9.397247216068669,9.265508270263672,9.539105296134949,3775596.0,True,6941,210,wt_med,-0.14177731825144058,-0.15050818920135497,-0.1336233377456665,-0.18758141994476318,-0.10791032314300537,3714211.0,1.0,True
UC3,21,all,NA,MAE,lvlh5_cbd,11.050726088654784,10.806780672073364,11.285627412796021,1816823.0,True,3201,210,wt_med,2.1673694585620744,2.0271632194519045,2.3111280679702757,1.7297525882720948,2.6635305643081666,1793261.0,0.4828107503854789,False
UC3,21,all,NA,MAE,lvlh5_naive,9.803454418517212,9.669936990737915,9.951744794845581,3511230.0,True,6755,210,wt_med,0.4241244328215821,0.3705772638320923,0.4736236333847046,0.335603141784668,0.5223183393478393,3466676.0,0.933354620941029,False
UC3,21,all,NA,MAE,lvlh5_tft,9.637243778872957,9.46042103767395,9.818592166900634,2389173.0,True,4290,210,wt_med,0.6407837285849993,0.5468748331069946,0.7292430877685546,0.37760603427886963,0.9081971168518066,2354103.0,0.6338097108645685,False
UC3,21,all,NA,MAE,oracle_level,6.7138682765855,6.629049861431122,6.8072021961212155,3757560.0,True,6917,210,wt_med,-2.864575863036227,-2.960372507572174,-2.7764134049415587,-3.428218591213226,-2.4078652262687683,3698160.0,0.995678489994241,True
UC3,21,all,NA,MAE,oracle_shape,8.368954837942917,8.230764460563659,8.526008796691894,3504842.0,True,6419,210,wt_med,-1.035582739160457,-1.1353375673294068,-0.9443597316741943,-1.3736472725868225,-0.6129334688186645,3445651.0,0.9276939301509796,True
UC3,21,all,NA,MAE,prod_served,10.699548070830295,10.509788370132446,10.896132278442384,2340411.0,True,4202,210,wt_med,1.777610846096783,1.6329726219177245,1.915805411338806,1.272861361503601,2.3355201959609984,2295683.0,0.6180809329356894,False
UC3,21,all,NA,MAE,prod_served_lin,10.682002594843384,10.49252953529358,10.879051804542542,2340411.0,True,4202,210,wt_med,1.7598381941234926,1.6152907133102417,1.8982072591781616,1.2540716409683228,2.3135576486587524,2295683.0,0.6180809329356894,False
UC3,21,all,NA,MAE,wt_med,9.55269005988082,9.418369364738464,9.69199070930481,3714211.0,True,6930,210,wt_med,,,,,,,,
UC3,21,all,Asia,MAE,clim,9.388224618633995,9.14364972114563,9.610970592498779,2368263.0,True,3754,210,clim,,,,,,,,
UC3,21,all,Asia,MAE,h5,9.3664550979035,9.157520771026611,9.580795431137085,2542810.0,True,4275,210,clim,-0.16278156183262027,-0.24242861270904542,-0.08487434387207032,-0.48896734714508056,0.19073988199234007,2356232.0,0.9949199054328003,False
UC3,21,all,Asia,MAE,lvlh5_cbd,15.029576449026573,14.494184851646423,15.58014612197876,1060202.0,True,1774,210,clim,4.3871207857903585,4.011126399040222,4.782699537277222,2.601295518875122,6.257882833480834,990735.0,0.418338250439246,False
UC3,21,all,Asia,MAE,lvlh5_naive,9.865486721787063,9.65379865169525,10.07731635570526,2422517.0,True,4090,210,clim,0.43263554116471603,0.30962989330291746,0.5585536003112793,0.08746814727783203,0.7663665771484375,2319645.0,0.9794710300334042,False
UC3,21,all,Asia,MAE,lvlh5_tft,10.206516361419455,9.9378427028656,10.4856586933136,1538529.0,True,2889,210,clim,0.5050571186359782,0.3297914981842041,0.6828663110733032,0.13810057640075685,1.0163151741027832,1435955.0,0.606332573704863,False
UC3,21,all,Asia,MAE,oracle_level,5.994138944756518,5.890835213661194,6.104260182380676,2536295.0,True,4203,210,clim,-3.5388548070034638,-3.699566733837128,-3.3621538400650026,-4.422237598896027,-2.647820913791657,2352814.0,0.9934766535642368,True
UC3,21,all,Asia,MAE,oracle_shape,8.718247958912759,8.508755898475647,8.932419323921204,2428794.0,True,3807,210,clim,-0.7210288799226436,-0.8821827411651612,-0.5436294794082642,-1.4736604690551758,0.028008341789245543,2319832.0,0.9795499908582789,False
UC3,21,all,Asia,MAE,prod_served,10.391777753919706,10.116533946990966,10.673065948486329,1471666.0,True,2479,210,clim,0.9297756823399244,0.7228530168533325,1.1361432552337645,0.48370296955108644,1.4895026445388793,1434439.0,0.6056924420978582,False
UC3,21,all,Asia,MAE,prod_served_lin,10.350085209551624,10.075499343872071,10.631683349609375,1471666.0,True,2479,210,clim,0.8877236152948988,0.6807607173919678,1.0946603059768676,0.4430649518966675,1.4542683362960815,1434439.0,0.6056924420978582,False
UC3,21,all,Asia,MAE,wt_med,9.443533983370545,9.236563467979432,9.659106349945068,2521189.0,True,4269,210,clim,-0.09864937172859456,-0.18114838600158692,-0.020194721221923877,-0.41651144027709963,0.24784910678863523,2351054.0,0.9927334928595346,False
UC3,21,busy,all,MAE,clim,16.164933393423805,15.99609396457672,16.331666803359987,2908947.0,True,13431,210,wt_med,0.3549213381964762,0.2712125301361084,0.4355806589126587,0.06080405712127686,0.66465106010437,2891683.0,0.9197549850173554,False
UC3,21,busy,all,MAE,h5,15.747894479772462,15.596687746047973,15.900646543502807,3183655.0,True,14304,210,wt_med,-0.23359775344619926,-0.2458728551864624,-0.2215418338775635,-0.288181471824646,-0.18912220001220703,3143971.0,1.0,True
UC3,21,busy,all,MAE,lvlh5_cbd,20.522745269839938,20.197266483306883,20.849388313293456,1473414.0,True,6874,210,wt_med,4.658627407224248,4.370117974281311,4.9423370361328125,3.246112084388733,6.025614333152771,1457124.0,0.4634661070347023,False
UC3,21,busy,all,MAE,lvlh5_naive,16.22804313894407,16.06497859954834,16.393335342407227,2986936.0,True,13902,210,wt_med,0.44895240064970743,0.3731374263763428,0.5220401287078857,0.3163353204727173,0.5880599021911621,2958259.0,0.9409307528599977,False
UC3,21,busy,all,MAE,lvlh5_tft,16.148998206846436,15.957637119293214,16.359588193893433,1919887.0,True,9116,210,wt_med,0.2694413824841142,0.13087043762207032,0.406330943107605,-0.06520137786865234,0.5671495676040649,1897636.0,0.6035793587154589,False
UC3,21,busy,all,MAE,oracle_level,9.94901027585299,9.867294001579285,10.029691076278686,3175298.0,True,14186,210,wt_med,-6.073992796799558,-6.205421829223633,-5.948197388648987,-6.701642847061157,-5.500865197181701,3136769.0,0.9977092664022664,True
UC3,21,busy,all,MAE,oracle_shape,13.303669276964998,13.125380206108094,13.474474310874939,2986030.0,True,13111,210,wt_med,-2.4663304349265474,-2.5850416898727415,-2.3523552656173705,-2.7251139163970945,-2.1771126270294188,2943681.0,0.9362939416425915,True
UC3,21,busy,all,MAE,prod_served,17.52115612411593,17.310242080688475,17.7455274105072,1874989.0,True,8731,210,wt_med,1.714236138389893,1.5259200572967528,1.8869206190109253,1.209252405166626,2.2704397201538087,1845655.0,0.5870458092647801,False
UC3,21,busy,all,MAE,prod_served_lin,17.462648580871676,17.251094388961793,17.686690711975096,1874989.0,True,8731,210,wt_med,1.6549443151618277,1.4662805795669556,1.827244186401367,1.1490199327468873,2.216321110725403,1845655.0,0.5870458092647801,False
UC3,21,busy,all,MAE,wt_med,15.997198606475695,15.844514966011047,16.15440320968628,3143971.0,True,14288,210,wt_med,,,,,,,,
UC3,21,busy,EU,MAE,clim,13.812789014737499,13.603212308883666,14.054301762580872,666056.0,True,3985,210,clim,,,,,,,,
UC3,21,busy,EU,MAE,h5,13.926473196304457,13.692296314239503,14.169295740127563,717513.0,True,4108,210,clim,0.04275669445339503,-0.13056697845458984,0.21557490825653075,-0.43523216247558594,0.6179295301437377,661107.0,0.9925696938395571,False
UC3,21,busy,EU,MAE,lvlh5_cbd,18.109542781254444,17.719525718688963,18.535803699493407,393121.0,True,2337,210,clim,4.165699873621092,3.8428357601165772,4.49111533164978,2.321341109275818,6.067428064346313,379657.0,0.5700076269863195,False
UC3,21,busy,EU,MAE,lvlh5_naive,14.233832897834667,13.993305969238282,14.488731908798218,677027.0,True,4068,210,clim,0.5632841537937825,0.33656725883483884,0.7740443944931029,0.08447120189666749,1.2102210521697996,634530.0,0.9526676435615024,False
UC3,21,busy,EU,MAE,lvlh5_tft,14.054834290572048,13.754574155807495,14.354728150367738,445581.0,True,2640,210,clim,0.06482827451518602,-0.19271135330200195,0.34083235263824463,-0.545315432548523,0.7870951414108274,430313.0,0.6460612921436035,False
UC3,21,busy,EU,MAE,oracle_level,8.409191755923553,8.301760125160218,8.52705957889557,715756.0,True,4087,210,clim,-5.441877182450783,-5.649070286750794,-5.247775435447693,-6.552543759346008,-4.282002019882203,659707.0,0.990467768475924,True
UC3,21,busy,EU,MAE,oracle_shape,11.36529770046397,11.079686212539674,11.65003206729889,676699.0,True,3807,210,clim,-2.249580520757833,-2.5427207708358766,-1.983591890335083,-2.9399309158325195,-1.4002826452255253,631673.0,0.948378214444431,True
UC3,21,busy,EU,MAE,prod_served,15.105947258278205,14.78395230770111,15.432149648666382,450611.0,True,2639,210,clim,1.1337812903835136,0.7926945447921753,1.4818501710891723,0.27729115486145023,2.1271217107772817,434119.0,0.6517755263821661,False
UC3,21,busy,EU,MAE,prod_served_lin,15.05517369749074,14.733883833885193,15.38081111907959,450611.0,True,2639,210,clim,1.0810169561802194,0.7392174482345581,1.428185200691223,0.22301228046417237,2.07998080253601,434119.0,0.6517755263821661,False
UC3,21,busy,EU,MAE,wt_med,14.190409589985979,13.949219918251037,14.435822200775146,707488.0,True,4106,210,clim,0.2893468406238888,0.10620455741882324,0.46873233318328855,-0.20585260391235352,0.8484748840332027,658706.0,0.9889648918409263,False
UC3,21,busy,NA,MAE,clim,15.890473438344266,15.699665093421936,16.09450888633728,1462070.0,True,6064,210,wt_med,0.7255161724882129,0.6387267112731934,0.808518385887146,0.397012996673584,1.1418259620666504,1454940.0,0.9160959982269191,False
UC3,21,busy,NA,MAE,h5,15.202136073985637,15.031892585754395,15.389615201950074,1611502.0,True,6381,210,wt_med,-0.26100395511637053,-0.278446102142334,-0.2455834150314331,-0.33695039749145506,-0.207034969329834,1588196.0,1.0,True
UC3,21,busy,NA,MAE,lvlh5_cbd,17.779573648377497,17.425442218780518,18.133699035644533,698346.0,True,2919,210,wt_med,3.077190381511384,2.774558448791504,3.366305708885193,2.2189877033233643,3.9828740835189818,690572.0,0.43481535024644313,False
UC3,21,busy,NA,MAE,lvlh5_naive,15.540969347709499,15.359691596031189,15.745271825790406,1500975.0,True,6185,210,wt_med,0.4182055821134636,0.3230482816696167,0.5126720190048217,0.26529583930969236,0.563823652267456,1484206.0,0.9345231948701546,False
UC3,21,busy,NA,MAE,lvlh5_tft,15.405252700347996,15.162865376472473,15.641222476959229,963524.0,True,3937,210,wt_med,0.5619077844621341,0.3851083517074585,0.7179968833923338,0.1141181230545044,0.967729640007019,951013.0,0.5988007777377603,False
UC3,21,busy,NA,MAE,oracle_level,10.332497069976766,10.207040667533875,10.463626885414124,1606696.0,True,6349,210,wt_med,-5.167616444303475,-5.332751750946045,-5.016399884223938,-5.805568361282349,-4.618358612060547,1583952.0,0.9973277857392916,True
UC3,21,busy,NA,MAE,oracle_shape,12.626814543097757,12.414393973350524,12.838143157958985,1499607.0,True,5878,210,wt_med,-2.4984742621089016,-2.648125410079956,-2.3469960689544678,-2.848461723327637,-2.0707528352737428,1478034.0,0.9306370246493506,True
UC3,21,busy,NA,MAE,prod_served,17.28694036265922,17.03047466278076,17.561645555496217,942262.0,True,3856,210,wt_med,2.522033141881405,2.286822867393494,2.749771976470947,1.7379435777664185,3.335997414588928,927648.0,0.5840891174640913,False
UC3,21,busy,NA,MAE,prod_served_lin,17.251463234217233,16.99566593170166,17.525332498550416,942262.0,True,3856,210,wt_med,2.4861109763617257,2.2496231317520143,2.717044973373413,1.702630591392517,3.300519919395447,927648.0,0.5840891174640913,False
UC3,21,busy,NA,MAE,wt_med,15.469255683807289,15.293421864509583,15.660302114486694,1588196.0,True,6370,210,wt_med,,,,,,,,
UC3,21,busy,Asia,MAE,clim,18.685279980943136,18.23966145515442,19.130920267105104,780821.0,True,3382,210,wt_med,0.20735774776778015,0.016237401962280275,0.40835642814636225,-0.6909068584442138,0.9780729770660399,778037.0,0.9171860467035331,False
UC3,21,busy,Asia,MAE,h5,18.306146155106244,17.926356506347656,18.72036180496216,854640.0,True,3815,210,wt_med,-0.15810244645974691,-0.18502941131591796,-0.13157057762145996,-0.24402832984924316,-0.08559446334838867,848287.0,1.0,True
UC3,21,busy,Asia,MAE,lvlh5_cbd,28.022119540817396,27.14400053024292,28.93633623123169,381947.0,True,1618,210,wt_med,8.890079620566794,8.050677347183228,9.637659645080566,5.0606921195983885,11.503087043762207,378649.0,0.4463689765374219,False
UC3,21,busy,Asia,MAE,lvlh5_naive,19.17193566998602,18.776956510543823,19.600330924987794,808934.0,True,3649,210,wt_med,0.6979301990850004,0.524128770828247,0.8904758930206298,0.41694557666778564,0.9935839653015136,805210.0,0.9492188374924996,False
UC3,21,busy,Asia,MAE,lvlh5_tft,19.37882286272872,18.898750019073486,19.879473161697387,510782.0,True,2539,210,wt_med,0.43479392660339045,0.07764077186584473,0.804997730255127,-0.13044247627258299,1.0161052703857418,506424.0,0.59699606383217,False
UC3,21,busy,Asia,MAE,oracle_level,10.518852482276095,10.377385759353638,10.679998779296875,852846.0,True,3750,210,wt_med,-7.997049824195171,-8.34149103164673,-7.668315029144287,-9.064231419563294,-7.005817103385926,846883.0,0.9983448997803809,True
UC3,21,busy,Asia,MAE,oracle_shape,16.17713011588928,15.735633516311646,16.608663988113403,809724.0,True,3426,210,wt_med,-2.3154757039947995,-2.5866043090820314,-2.024976205825806,-2.971046280860901,-1.4490210056304935,802253.0,0.9457329889530313,True
UC3,21,busy,Asia,MAE,prod_served,20.236295829219525,19.712198972702026,20.774482250213623,482116.0,True,2236,210,wt_med,1.269041750988773,0.8288681030273437,1.726819038391113,0.6111492156982422,1.864605903625488,476348.0,0.5615410822044897,False
UC3,21,busy,Asia,MAE,prod_served_lin,20.125548363879233,19.60669813156128,20.66574501991272,482116.0,True,2236,210,wt_med,1.1573455750837631,0.7144087791442871,1.622029685974121,0.5358784675598145,1.7506575584411619,476348.0,0.5615410822044897,False
UC3,21,busy,Asia,MAE,wt_med,18.492531419201285,18.109573650360108,18.901811027526854,848287.0,True,3812,210,wt_med,,,,,,,,
UC3,30,all,all,MAE,clim,8.625890846506177,8.52885730266571,8.716872453689575,8904873.0,True,15152,201,wt_med,0.1567050568107362,0.11905846595764161,0.1919713497161865,0.030811452865600587,0.29226248264312743,8805906.0,0.9155062696630358,False
UC3,30,all,all,MAE,h5,8.422292291342554,8.329860734939576,8.507565307617188,9794079.0,True,16015,201,wt_med,-0.09895441460983179,-0.1038933515548706,-0.09379243850708008,-0.12171349525451661,-0.0801362991333008,9618619.0,1.0,True
UC3,30,all,all,MAE,lvlh5_cbd,11.223548508659643,11.046564388275147,11.40764877796173,4702019.0,True,7254,201,wt_med,2.6184462289137276,2.514823293685913,2.73262505531311,2.1425845861434936,3.1212595462799073,4613284.0,0.47962020327450333,False
UC3,30,all,all,MAE,lvlh5_naive,8.829008564412396,8.732876324653626,8.919182634353637,9149009.0,True,15699,201,wt_med,0.3781423032372082,0.34342446327209475,0.4112019300460815,0.32153093814849854,0.44038863182067867,9017525.0,0.9375072450629347,False
UC3,30,all,all,MAE,lvlh5_tft,9.033937348517604,8.909030652046203,9.161984825134278,5022985.0,True,8151,201,wt_med,0.46133142780108116,0.398702597618103,0.5265433549880981,0.30893473625183104,0.6101561546325683,4933392.0,0.5129002406686448,False
UC3,30,all,all,MAE,oracle_level,5.658083603439733,5.609398996829986,5.711484634876252,9750348.0,True,15913,201,wt_med,-2.911122477334338,-2.9698900818824767,-2.8461654663085936,-3.2634181499481203,-2.594642663002014,9582577.0,0.9962528924370536,True
UC3,30,all,all,MAE,oracle_shape,7.6669447138897615,7.567526805400848,7.75681186914444,9163637.0,True,14759,201,wt_med,-0.7949415799201089,-0.8575812697410583,-0.7366287589073182,-1.053863763809204,-0.5513893723487856,8955502.0,0.9310590220903854,True
UC3,30,all,all,MAE,prod_served,9.616889745689724,9.484158444404603,9.74894676208496,5251577.0,True,8323,201,wt_med,1.1090311230210865,1.0183233976364137,1.2012281656265258,0.8400997638702392,1.3978362798690795,5101979.0,0.5304273929552673,False
UC3,30,all,all,MAE,prod_served_lin,9.593662413214163,9.461983680725098,9.725188422203065,5251577.0,True,8323,201,wt_med,1.0852967054548834,0.9951369524002075,1.1780472993850708,0.8157460689544678,1.3671252489089964,5101979.0,0.5304273929552673,False
UC3,30,all,all,MAE,wt_med,8.553541729847081,8.46173357963562,8.6400860786438,9618619.0,True,15999,201,wt_med,,,,,,,,
UC3,30,all,EU,MAE,clim,6.865146470719114,6.749789345264435,6.984520089626312,3469772.0,True,5452,201,wt_med,-0.02407712836858078,-0.07599351406097413,0.031202745437622068,-0.19372425079345704,0.1307287573814392,3413530.0,0.9049331479387668,False
UC3,30,all,EU,MAE,h5,6.726964877794864,6.609258651733398,6.845845854282379,3865304.0,True,5557,201,wt_med,-0.06985347820266252,-0.07741284370422363,-0.06229056119918824,-0.10259799957275391,-0.04446136951446533,3772135.0,1.0,True
UC3,30,all,EU,MAE,lvlh5_cbd,9.36929942537453,9.193713283538818,9.55350661277771,2113654.0,True,2824,201,wt_med,2.201440708888147,2.096794867515564,2.310665214061737,1.629797339439392,2.8398010969161986,2057472.0,0.5454396515501169,False
UC3,30,all,EU,MAE,lvlh5_naive,7.107221277147465,6.984840941429138,7.223423540592194,3566685.0,True,5545,201,wt_med,0.321359751459962,0.28043863773345945,0.35946972370147706,0.23789756298065184,0.4091109275817871,3494785.0,0.9264739994724474,False
UC3,30,all,EU,MAE,lvlh5_tft,7.377945390708553,7.220586609840393,7.538255178928376,2098839.0,True,2822,201,wt_med,0.15579235594311935,0.06362334489822388,0.24073033332824706,-0.05894550085067749,0.3661159753799437,2043977.0,0.5418621019661279,False
UC3,30,all,EU,MAE,oracle_level,4.517705643933547,4.451105606555939,4.590123915672303,3843561.0,True,5544,201,wt_med,-2.3350566538669213,-2.4141470551490785,-2.254384422302246,-2.8774683833122254,-1.8293658554553986,3755376.0,0.995557157949013,True
UC3,30,all,EU,MAE,oracle_shape,6.179493656335259,6.050883591175079,6.299779844284058,3578884.0,True,5125,201,wt_med,-0.6019936338168606,-0.6840436458587646,-0.5330960392951966,-1.0293725252151489,-0.2395144343376162,3459550.0,0.9171331354789795,True
UC3,30,all,EU,MAE,prod_served,7.680108596142311,7.517971789836883,7.842529594898224,2217390.0,True,2972,201,wt_med,0.4659359724664496,0.3351245403289795,0.5909721851348877,0.181378972530365,0.7597260236740111,2128022.0,0.5641425876857535,False
UC3,30,all,EU,MAE,prod_served_lin,7.664509908045044,7.502183902263641,7.8275594234466555,2217390.0,True,2972,201,wt_med,0.44975192925637053,0.31877105236053466,0.5745013356208801,0.16916929483413698,0.7433496832847595,2128022.0,0.5641425876857535,False
UC3,30,all,EU,MAE,wt_med,6.836393183170804,6.719696891307831,6.954410421848297,3772135.0,True,5556,201,wt_med,,,,,,,,
UC3,30,all,NA,MAE,clim,9.954107179116024,9.820688223838806,10.098871445655822,3211036.0,True,6279,201,wt_med,0.42163929196392935,0.3679122686386108,0.4721632719039917,0.23202786445617676,0.6581781864166257,3184753.0,0.9111409857564887,False
UC3,30,all,NA,MAE,h5,9.56225526632751,9.435433197021485,9.70060908794403,3561780.0,True,6608,201,wt_med,-0.15146760506685197,-0.16037249565124512,-0.14292476177215577,-0.20326876640319824,-0.11527814865112306,3495346.0,1.0,True
UC3,30,all,NA,MAE,lvlh5_cbd,11.220114809109171,10.966534996032715,11.487299084663391,1621922.0,True,2859,201,wt_med,2.082829725571253,1.9328596115112304,2.2403988599777223,1.6324575662612915,2.5385611295700072,1597991.0,0.45717677162718656,False
UC3,30,all,NA,MAE,lvlh5_naive,9.85272804499495,9.71534833908081,9.999533987045288,3297396.0,True,6422,201,wt_med,0.3141329355920668,0.25725862979888914,0.3661900758743286,0.23031489849090578,0.4066403865814209,3249590.0,0.9296905084646842,False
UC3,30,all,NA,MAE,lvlh5_tft,9.808243878047493,9.61342694759369,10.025808668136596,1736649.0,True,3129,201,wt_med,0.6674748524769907,0.5655639886856079,0.7663874149322509,0.41139979362487794,0.8968912601470946,1712630.0,0.4899743830796722,False
UC3,30,all,NA,MAE,oracle_level,6.666725876610056,6.576689291000366,6.7558128356933596,3544920.0,True,6582,201,wt_med,-3.0909472684390726,-3.1911663174629212,-2.9962212562561037,-3.7274390935897825,-2.583778178691864,3480348.0,0.9957091515403625,True
UC3,30,all,NA,MAE,oracle_shape,8.39696896077152,8.257654547691345,8.551156878471375,3294709.0,True,6084,201,wt_med,-1.1680914044151791,-1.2634018182754516,-1.0750610113143921,-1.5148895502090454,-0.7350146532058717,3230187.0,0.9241394128077736,True
UC3,30,all,NA,MAE,prod_served,10.965046323627378,10.757188510894775,11.19136655330658,1846358.0,True,3339,201,wt_med,1.8084556472929467,1.6452730417251586,1.957600474357605,1.3413846492767334,2.326823878288269,1806485.0,0.5168258020808241,False
UC3,30,all,NA,MAE,prod_served_lin,10.947299968370164,10.740668964385986,11.174408149719238,1846358.0,True,3339,201,wt_med,1.790582609321417,1.6282541513442994,1.9382839441299438,1.323056149482727,2.308319592475891,1806485.0,0.5168258020808241,False
UC3,30,all,NA,MAE,wt_med,9.735646628402453,9.606421184539794,9.874372148513794,3495346.0,True,6597,201,wt_med,,,,,,,,
UC3,30,all,Asia,MAE,clim,9.455197127781787,9.220486903190613,9.679350566864013,2224065.0,True,3421,201,clim,,,,,,,,
UC3,30,all,Asia,MAE,h5,9.475382182894345,9.244389462471009,9.696822357177734,2366995.0,True,3850,201,clim,-0.12021313845158232,-0.204475998878479,-0.03605785369873047,-0.47309374809265137,0.24433870315551734,2212658.0,0.9948711031377231,False
UC3,30,all,Asia,MAE,lvlh5_cbd,15.284636627383884,14.700512266159057,15.90098204612732,966443.0,True,1571,201,clim,4.374532518031936,3.9433754444122315,4.7902870893478395,2.703190875053406,6.125555872917175,910264.0,0.4092794050533595,False
UC3,30,all,Asia,MAE,lvlh5_naive,10.039315572022058,9.811443829536438,10.261005997657776,2284928.0,True,3732,201,clim,0.5036239482465845,0.3650761842727661,0.6383099555969237,0.1513660192489624,0.8438889980316162,2184592.0,0.9822518676387606,False
UC3,30,all,Asia,MAE,lvlh5_tft,10.82843606685916,10.523342299461365,11.169322967529297,1187497.0,True,2200,201,clim,0.6898207660255196,0.4807845115661621,0.8931918382644652,0.14685597419738772,1.316128087043762,1113247.0,0.5005460721696533,False
UC3,30,all,Asia,MAE,oracle_level,5.999997895569907,5.887978744506836,6.111605834960938,2361867.0,True,3787,201,clim,-3.5617046016948226,-3.7234740138053892,-3.3854930996894836,-4.409388780593872,-2.6806499123573304,2209733.0,0.9935559437336589,True
UC3,30,all,Asia,MAE,oracle_shape,8.941242209590865,8.717852425575256,9.16736466884613,2290044.0,True,3550,201,clim,-0.6066291958585968,-0.7789851903915406,-0.42384583950042726,-1.3480355739593506,0.15425102710723876,2186475.0,0.9830985155559752,False
UC3,30,all,Asia,MAE,prod_served,11.136821882611049,10.796984982490539,11.494555854797364,1187829.0,True,2012,201,clim,1.1701631278189257,0.9112830400466919,1.4195536375045776,0.7386594772338867,1.725135517120361,1156026.0,0.5197806718778453,False
UC3,30,all,Asia,MAE,prod_served_lin,11.090834097332191,10.752121901512146,11.449615979194641,1187829.0,True,2012,201,clim,1.123750352500723,0.86598801612854,1.3723900079727172,0.6873784780502319,1.684312629699707,1156026.0,0.5197806718778453,False
UC3,30,all,Asia,MAE,wt_med,9.551122690373768,9.323132658004761,9.774830985069276,2351138.0,True,3846,201,clim,-0.05404047701985348,-0.1346820831298828,0.028542304039001425,-0.3896783351898193,0.3081698417663574,2207623.0,0.9926072304541459,False
UC3,30,busy,all,MAE,clim,16.325870178257766,16.15983967781067,16.49652934074402,2734411.0,True,12606,201,wt_med,0.2916746910800292,0.19988565444946288,0.37322134971618653,-0.041301178932189944,0.6420114278793334,2715671.0,0.9158861074340446,False
UC3,30,busy,all,MAE,h5,15.9516322498413,15.799601221084595,16.108311128616332,3005652.0,True,13429,201,wt_med,-0.24300999974705384,-0.25596773624420166,-0.23058028221130372,-0.2987412452697754,-0.19853379726409912,2965075.0,1.0,True
UC3,30,busy,all,MAE,lvlh5_cbd,20.892303830368046,20.552869939804076,21.28038897514343,1317990.0,True,6118,201,wt_med,4.506716370264485,4.2044964790344235,4.81785945892334,3.147865390777588,5.854479837417602,1302348.0,0.4392293618205273,False
UC3,30,busy,all,MAE,lvlh5_naive,16.365361976546964,16.19469838142395,16.530833148956297,2827051.0,True,13102,201,wt_med,0.37986948201580617,0.29860944747924806,0.4573042392730713,0.23774492740631104,0.5365852117538452,2796907.0,0.9432837280675869,False
UC3,30,busy,all,MAE,lvlh5_tft,16.872760594348595,16.652239179611207,17.10130672454834,1411506.0,True,6781,201,wt_med,0.41988882922804294,0.25736265182495116,0.5664122581481933,0.09177255630493164,0.7422627449035644,1394650.0,0.47035909715605845,False
UC3,30,busy,all,MAE,oracle_level,9.902113062651667,9.819516110420228,9.984415221214295,2998063.0,True,13316,201,wt_med,-6.33654223662923,-6.470387411117554,-6.1903351783752445,-6.983843278884888,-5.745640969276429,2958502.0,0.9977831926679763,True
UC3,30,busy,all,MAE,oracle_shape,13.44707634331867,13.252471423149109,13.624175143241882,2829101.0,True,12387,201,wt_med,-2.5300209448278856,-2.6598756551742553,-2.4177244663238526,-2.815723752975464,-2.231245398521424,2783982.0,0.9389246477745082,True
UC3,30,busy,all,MAE,prod_served,18.316235595390523,18.07402687072754,18.561475896835326,1483900.0,True,6991,201,wt_med,1.9158257985787515,1.6962238788604735,2.115670013427734,1.377089834213257,2.4513625144958495,1457026.0,0.4913960017874759,False
UC3,30,busy,all,MAE,prod_served_lin,18.252508423748232,18.01101198196411,18.496807193756105,1483900.0,True,6991,201,wt_med,1.851215764166188,1.6332990169525146,2.050319957733154,1.3130914688110351,2.395328998565674,1457026.0,0.4913960017874759,False
UC3,30,busy,all,MAE,wt_med,16.214659662909032,16.062862873077393,16.37319779396057,2965075.0,True,13417,201,wt_med,,,,,,,,
UC3,30,busy,EU,MAE,clim,14.091019822119412,13.85913164615631,14.330260825157165,626825.0,True,3769,201,clim,,,,,,,,
UC3,30,busy,EU,MAE,h5,14.227298254995198,13.96340458393097,14.472567248344422,678852.0,True,3880,201,clim,0.09888239070714278,-0.09360167980194092,0.27585635185241697,-0.42436556816101073,0.7366262435913085,619917.0,0.9889793802097874,False
UC3,30,busy,EU,MAE,lvlh5_cbd,18.492770838677817,18.06399459838867,18.974074506759642,345949.0,True,2066,201,clim,4.361327920624079,4.002546596527099,4.714529681205749,2.3754626750946044,6.25893132686615,333513.0,0.5320671638814661,False
UC3,30,busy,EU,MAE,lvlh5_naive,14.589597773058184,14.308167934417725,14.865919160842896,639308.0,True,3847,201,clim,0.6581119245155236,0.4054077386856079,0.8993850231170654,0.10074307918548586,1.4803466320037841,592934.0,0.945932277748973,False
UC3,30,busy,EU,MAE,lvlh5_tft,14.840134401467035,14.48015263080597,15.233027815818787,333390.0,True,2004,201,clim,0.5462433801743423,0.21596062183380127,0.8775189161300658,-0.33296382427215576,1.6952504873275753,320916.0,0.5119706457145137,False
UC3,30,busy,EU,MAE,oracle_level,8.530764612118858,8.418032240867614,8.652895331382751,677202.0,True,3863,201,clim,-5.602543325796166,-5.8228771686553955,-5.404587292671204,-6.758748292922974,-4.383962154388428,618609.0,0.9868926733936905,True
UC3,30,busy,EU,MAE,oracle_shape,11.686680673558564,11.368379044532777,11.994891119003295,640401.0,True,3598,201,clim,-2.1725174251956787,-2.507405638694763,-1.8782245874404908,-2.917251777648926,-1.2344781398773197,590359.0,0.9418242731224824,True
UC3,30,busy,EU,MAE,prod_served,15.992257982487175,15.60711932182312,16.41863956451416,361792.0,True,2125,201,clim,1.7721971439607493,1.3290887594223022,2.215755033493042,0.728977108001709,3.1362279891967773,346914.0,0.5534463366968452,False
UC3,30,busy,EU,MAE,prod_served_lin,15.933955836502742,15.546621465682984,16.360708045959473,361792.0,True,2125,201,clim,1.711625215471269,1.27061607837677,2.1543641805648805,0.656808876991272,3.0821046113967894,346914.0,0.5534463366968452,False
UC3,30,busy,EU,MAE,wt_med,14.513529136049094,14.252761340141296,14.764281368255615,667781.0,True,3878,201,clim,0.3625318254581007,0.1616262674331665,0.5587039709091186,-0.17409048080444336,1.0292382955551145,617823.0,0.9856387348941092,False
UC3,30,busy,NA,MAE,clim,16.054002160957207,15.855458831787109,16.269888877868652,1378093.0,True,5748,201,wt_med,0.6877148959784964,0.5900796175003051,0.7800147771835327,0.30396170616149903,1.169325876235961,1371303.0,0.9066927704749267,False
UC3,30,busy,NA,MAE,h5,15.38889823121109,15.206756591796875,15.587209129333496,1537210.0,True,6093,201,wt_med,-0.27946245031978556,-0.2969808101654053,-0.26249787807464603,-0.3565948247909546,-0.21956224441528321,1512423.0,1.0,True
UC3,30,busy,NA,MAE,lvlh5_cbd,17.91919972544226,17.54077615737915,18.322143745422363,628126.0,True,2606,201,wt_med,2.8576968390675717,2.5216997861862183,3.1749007940292358,1.995949649810791,3.7556249856948853,620251.0,0.4101041838163001,False
UC3,30,busy,NA,MAE,lvlh5_naive,15.518055371891126,15.336931896209716,15.722808980941773,1425220.0,True,5895,201,wt_med,0.23647888137541528,0.1329746961593628,0.3313275337219238,0.09247286319732666,0.38194086551666256,1407503.0,0.9306278732867723,False
UC3,30,busy,NA,MAE,lvlh5_tft,15.674457504638594,15.394078707695007,15.971585655212403,692264.0,True,2858,201,wt_med,0.6317826847925474,0.4562131643295288,0.8022076606750488,0.18745105266571047,1.0193765878677368,683647.0,0.4520210285085588,False
UC3,30,busy,NA,MAE,oracle_level,10.173385253037726,10.051841020584106,10.296840906143188,1532608.0,True,6053,201,wt_med,-5.534046605492929,-5.708352971076965,-5.35977828502655,-6.24456205368042,-4.892047142982483,1508396.0,0.9973373851098535,True
UC3,30,busy,NA,MAE,oracle_shape,12.593371712381412,12.398434591293334,12.807169961929322,1425304.0,True,5584,201,wt_med,-2.6897519997860986,-2.8560009956359864,-2.5390242099761964,-3.0459827423095702,-2.247903633117676,1401767.0,0.9268352835152599,True
UC3,30,busy,NA,MAE,prod_served,17.651665933731834,17.344507217407227,17.944220066070557,736764.0,True,3062,201,wt_med,2.530738605124066,2.2569047451019286,2.7780580520629883,1.8153384447097778,3.322042417526245,723878.0,0.47862139097329254,False
UC3,30,busy,NA,MAE,prod_served_lin,17.615468793263513,17.309660720825196,17.90739026069641,736764.0,True,3062,201,wt_med,2.494277005241214,2.2204020023345947,2.7392252683639526,1.7808115243911744,3.283372592926025,723878.0,0.47862139097329254,False
UC3,30,busy,NA,MAE,wt_med,15.678485780763715,15.491646146774292,15.884350538253784,1512423.0,True,6083,201,wt_med,,,,,,,,
UC3,30,busy,Asia,MAE,clim,18.759779052026545,18.347452116012573,19.20421528816223,729493.0,True,3089,201,wt_med,0.10048586116483094,-0.09923110008239747,0.30149488449096673,-0.8196619987487793,0.9295323848724358,726545.0,0.9256871511369384,False
UC3,30,busy,Asia,MAE,h5,18.529689142466342,18.12378215789795,18.940570640563966,789590.0,True,3456,201,wt_med,-0.14723064363443328,-0.17539668083190918,-0.11953344345092774,-0.2182589054107666,-0.06791477203369142,784871.0,1.0,True
UC3,30,busy,Asia,MAE,lvlh5_cbd,28.73610252467581,27.72043619155884,29.7929847240448,343915.0,True,1446,201,wt_med,8.731577909348847,7.813133716583252,9.569349765777588,5.1207404136657715,11.225465631484983,341461.0,0.4350536584992948,False
UC3,30,busy,Asia,MAE,lvlh5_naive,19.43787071463303,18.997298431396484,19.868230199813844,762523.0,True,3360,201,wt_med,0.750477066331495,0.5485544204711914,0.941401481628418,0.47719826698303225,1.0494484424591062,759214.0,0.9673105516702745,False
UC3,30,busy,Asia,MAE,lvlh5_tft,20.778919786318017,20.23518648147583,21.37719612121582,385852.0,True,1919,201,wt_med,0.8947193647866776,0.5100380897521972,1.2775043487548827,0.40754270553588867,1.5494072914123533,382849.0,0.4877858909298471,False
UC3,30,busy,Asia,MAE,oracle_level,10.552825440827865,10.398362803459168,10.719408178329468,788253.0,True,3400,201,wt_med,-8.162878192866378,-8.519481754302978,-7.806337666511536,-9.244896078109742,-7.197916650772095,783754.0,0.9985768361934636,True
UC3,30,busy,Asia,MAE,oracle_shape,16.517760198884382,16.04870057106018,16.969809579849244,763396.0,True,3205,201,wt_med,-2.2006753848043665,-2.4873833656311035,-1.90224027633667,-2.930283308029175,-1.3068801164627077,756974.0,0.9644565794888587,True
UC3,30,busy,Asia,MAE,prod_served,21.768806572828435,21.172447538375856,22.4185462474823,385344.0,True,1804,201,wt_med,1.9027474665670994,1.3770672798156738,2.4339220046997068,1.0073702335357666,2.762645578384399,380314.0,0.4845560608048966,False
UC3,30,busy,Asia,MAE,prod_served_lin,21.647349511086198,21.046675968170167,22.297990465164183,385344.0,True,1804,201,wt_med,1.7800406374732454,1.2491907119750976,2.320534610748291,0.8845463275909424,2.6471288204193115,380314.0,0.4845560608048966,False
UC3,30,busy,Asia,MAE,wt_med,18.695200230356328,18.27596182823181,19.10646710395813,784871.0,True,3456,201,wt_med,,,,,,,,
UC3,45,all,all,MAE,clim,8.697486669037508,8.602824521064758,8.791248393058776,7963416.0,True,13791,186,wt_med,0.13398047076720232,0.09755041599273681,0.17388103008270261,-0.004340410232543945,0.2837552309036255,7862060.0,0.9038764299291873,False
UC3,45,all,all,MAE,h5,8.53669820472468,8.440709829330444,8.628084802627564,8888943.0,True,14608,186,wt_med,-0.10413602799581234,-0.10949230194091797,-0.09827725887298584,-0.12772963047027588,-0.08375413417816162,8698158.0,1.0,True
UC3,45,all,all,MAE,lvlh5_cbd,11.404278072404312,11.110692620277405,11.690224480628967,1247707.0,True,2219,186,wt_med,1.83538182364199,1.6589501619338989,2.01701979637146,1.3843995571136474,2.280463981628418,1224889.0,0.14082165442384467,False
UC3,45,all,all,MAE,lvlh5_naive,8.960643797594521,8.857919192314148,9.051710963249207,8213654.0,True,14293,186,wt_med,0.417446137488124,0.3796657085418701,0.45182051658630373,0.3411050319671631,0.4950957059860229,8072980.0,0.92812524214897,False
UC3,45,all,all,MAE,lvlh5_tft,9.317345326111528,9.16100025177002,9.480938053131103,3331386.0,True,5597,186,wt_med,0.4865792965900013,0.40663704872131345,0.5754794120788574,0.3270104169845581,0.6580694913864136,3274054.0,0.37640774058139664,False
UC3,45,all,all,MAE,oracle_level,5.6791354831465695,5.626231324672699,5.733051490783692,8849157.0,True,14540,186,wt_med,-3.0193455919400733,-3.0799747824668886,-2.9566497206687927,-3.4055667400360106,-2.6993153929710387,8666372.0,0.9963456630702731,True
UC3,45,all,all,MAE,oracle_shape,7.821079665425574,7.723851370811462,7.912890636920929,8243118.0,True,13337,186,wt_med,-0.731381148921959,-0.7947729468345642,-0.6762940764427186,-1.0213914513587952,-0.46696230173110975,8015479.0,0.9215145321572682,True
UC3,45,all,all,MAE,prod_served,10.160788891791402,10.000845670700073,10.337864065170288,3575446.0,True,5862,186,wt_med,1.3076151399187221,1.1965856075286865,1.4274589776992797,1.0242380380630494,1.6275987625122068,3474946.0,0.39950366502884865,False
UC3,45,all,all,MAE,prod_served_lin,10.13596863160568,9.97591483592987,10.312391781806946,3575446.0,True,5862,186,wt_med,1.2822056803184854,1.1702019929885865,1.4025646448135376,0.9952659606933594,1.5999483108520507,3474946.0,0.39950366502884865,False
UC3,45,all,all,MAE,wt_med,8.683353705462697,8.58817789554596,8.773258543014526,8698158.0,True,14595,186,wt_med,,,,,,,,
UC3,45,all,EU,MAE,clim,6.942180098258811,6.825545275211335,7.068772780895233,3139464.0,True,5094,186,wt_med,-0.06280524341894722,-0.11008610725402831,-0.014241647720336916,-0.2415386915206909,0.09461433887481688,3080738.0,0.892667910307207,False
UC3,45,all,EU,MAE,h5,6.820256102798602,6.699623763561249,6.94438624382019,3555418.0,True,5193,186,wt_med,-0.06740358960673465,-0.07538925409317017,-0.059582650661468506,-0.10550869703292846,-0.038426315784454344,3451158.0,1.0,True
UC3,45,all,EU,MAE,lvlh5_naive,7.251033566494303,7.1182414293289185,7.379745769500732,3236468.0,True,5178,186,wt_med,0.4362059045167408,0.39373624324798584,0.47462886571884155,0.35154922008514405,0.5313126802444457,3156503.0,0.9146214111321476,False
UC3,45,all,EU,MAE,lvlh5_tft,7.555733175101625,7.346297764778138,7.7708693742752075,1389915.0,True,1943,186,wt_med,0.1586828517247998,0.055847978591918944,0.2655317187309265,-0.09653189182281494,0.39514890909194944,1355328.0,0.39271687937787836,False
UC3,45,all,EU,MAE,oracle_level,4.624107575859884,4.551228046417236,4.701455521583557,3535296.0,True,5183,186,wt_med,-2.3308780671997376,-2.411296033859253,-2.2521995544433593,-2.8661710023880005,-1.8162592887878417,3436437.0,0.9957344752109292,True
UC3,45,all,EU,MAE,oracle_shape,6.306609545714813,6.170979940891266,6.437049973011017,3258967.0,True,4709,186,wt_med,-0.49734145798459206,-0.5759021997451782,-0.42296494245529176,-0.8932494997978211,-0.1369290351867676,3123132.0,0.9049519031003507,True
UC3,45,all,EU,MAE,prod_served,7.72245861198752,7.507758283615113,7.935945904254913,1374613.0,True,1913,186,wt_med,0.34543168299345073,0.18292447328567504,0.4984240531921385,-0.03862018585205078,0.7201034545898437,1324919.0,0.383905633992996,False
UC3,45,all,EU,MAE,prod_served_lin,7.705654064089311,7.491579759120941,7.918597853183746,1374613.0,True,1913,186,wt_med,0.3280210903459002,0.16628485918045044,0.4813835978507994,-0.059910917282104494,0.6966289877891539,1324919.0,0.383905633992996,False
UC3,45,all,EU,MAE,wt_med,6.937659330578316,6.813863575458527,7.061009228229523,3451158.0,True,5192,186,wt_med,,,,,,,,
UC3,45,all,NA,MAE,clim,10.190587917729626,10.040979361534118,10.348708057403565,2834070.0,True,5701,186,wt_med,0.45053605134685704,0.3875743865966797,0.5081119298934936,0.20238914489746093,0.8192786455154418,2805235.0,0.8969659510831596,False
UC3,45,all,NA,MAE,h5,9.786539189146106,9.653347826004028,9.931667113304139,3199368.0,True,6046,186,wt_med,-0.1661312966611046,-0.1751993179321289,-0.15722053050994875,-0.21727323532104492,-0.12842049598693847,3127471.0,1.0,True
UC3,45,all,NA,MAE,lvlh5_cbd,11.404278072404312,11.110692620277405,11.690224480628967,1247707.0,True,2219,186,wt_med,1.8353818236419919,1.6589501619338989,2.01701979637146,1.3843995332717896,2.280463981628418,1224889.0,0.3916547907238788,False
UC3,45,all,NA,MAE,lvlh5_naive,10.035505883627714,9.8909175157547,10.183531594276428,2913508.0,True,5838,186,wt_med,0.2823094949343261,0.2218890905380249,0.34484660625457764,0.1696948528289795,0.43081183433532716,2863761.0,0.9156794739263769,False
UC3,45,all,NA,MAE,lvlh5_tft,10.002288120626876,9.732265329360962,10.252895665168761,1097792.0,True,2072,186,wt_med,0.5421226477194647,0.4115761756896973,0.6703632593154907,0.30901954174041746,0.7606416940689087,1084360.0,0.3467210407386671,False
UC3,45,all,NA,MAE,oracle_level,6.614144771974026,6.529370701313018,6.707361960411072,3183922.0,True,6023,186,wt_med,-3.390602870487257,-3.5042728543281556,-3.28607097864151,-4.072485685348511,-2.828924345970154,3113844.0,0.9956428053209766,True
UC3,45,all,NA,MAE,oracle_shape,8.631736132813932,8.477230858802795,8.780201435089111,2914648.0,True,5481,186,wt_med,-1.1525210102650547,-1.247892642021179,-1.0542104959487915,-1.4978229522705078,-0.6959739446640015,2845892.0,0.9099659117542577,True
UC3,45,all,NA,MAE,prod_served,11.746805381664977,11.486997532844544,11.985811924934387,1408932.0,True,2618,186,wt_med,2.1643199936974664,1.9977113723754882,2.3307204246520996,1.756082248687744,2.587198853492737,1370877.0,0.4383340405074899,False
UC3,45,all,NA,MAE,prod_served_lin,11.730942479835791,11.47058300971985,11.968977355957032,1408932.0,True,2618,186,wt_med,2.148192087984553,1.982234573364258,2.3146797895431517,1.7432498931884766,2.5664559841156005,1370877.0,0.4383340405074899,False
UC3,45,all,NA,MAE,wt_med,9.984864607857276,9.847745513916015,10.129719972610474,3127471.0,True,6036,186,wt_med,,,,,,,,
UC3,45,all,Asia,MAE,clim,9.340322943772545,9.107808780670165,9.563994598388671,1989882.0,True,2996,186,clim,,,,,,,,
UC3,45,all,Asia,MAE,h5,9.522552523080542,9.274193572998048,9.751245856285095,2134157.0,True,3369,186,clim,-0.06121619605530704,-0.1564188241958618,0.03234016895294183,-0.38272395133972165,0.2929669141769409,1980686.0,0.99537862044081,False
UC3,45,all,Asia,MAE,lvlh5_naive,10.124332860943584,9.88522458076477,10.354994297027588,2063678.0,True,3277,186,clim,0.5906368425912429,0.4528696060180664,0.7244338274002075,0.28455779552459715,0.9295329332351684,1958433.0,0.984195545263488,False
UC3,45,all,Asia,MAE,lvlh5_tft,11.32825994244587,10.933354496955872,11.746954488754273,843679.0,True,1582,186,clim,0.914311036450961,0.6547149181365967,1.1945322036743165,0.23769965171813964,1.7035186767578123,767998.0,0.38595152878411887,False
UC3,45,all,Asia,MAE,oracle_level,6.0325912842830824,5.912286221981049,6.15823370218277,2129939.0,True,3334,186,clim,-3.4828733259861124,-3.6616903424263,-3.3176648139953615,-4.313895416259766,-2.599712431430817,1978260.0,0.9941594526710629,True
UC3,45,all,Asia,MAE,oracle_shape,9.06429114724651,8.83235318660736,9.296099328994751,2069503.0,True,3147,186,clim,-0.46534756012852263,-0.6547818660736084,-0.2876194000244141,-1.2580535411834717,0.43155517578124997,1959730.0,0.9848473427067534,False
UC3,45,all,Asia,MAE,prod_served,11.571534825691595,11.172459268569947,12.019902563095092,791901.0,True,1331,186,clim,1.4234062125955855,1.1126445293426515,1.7449802875518798,0.649970006942749,2.3161732673645017,765284.0,0.3845876288141709,False
UC3,45,all,Asia,MAE,prod_served_lin,11.516863850405542,11.121959352493286,11.965404772758484,791901.0,True,1331,186,clim,1.3681429051175762,1.0572778463363648,1.6861114978790284,0.5818405628204346,2.2706260085105896,765284.0,0.3845876288141709,False
UC3,45,all,Asia,MAE,wt_med,9.605364918337989,9.355376935005188,9.836157965660096,2119529.0,True,3367,186,clim,0.008608173627983717,-0.08669264316558838,0.10025372505187986,-0.29611940383911134,0.34924949407577516,1976087.0,0.9930674281188533,False
UC3,45,busy,all,MAE,clim,16.515651883729216,16.328694581985474,16.688005495071412,2442230.0,True,11367,186,wt_med,0.29609266787780086,0.20437512397766114,0.3928372859954834,-0.06400480270385742,0.6925785064697264,2423623.0,0.9004217854233068,False
UC3,45,busy,all,MAE,h5,16.19276533200123,16.028771066665648,16.35571732521057,2732520.0,True,12170,186,wt_med,-0.2516565796185475,-0.2645734786987305,-0.2383718490600586,-0.30904717445373536,-0.20508317947387697,2691653.0,1.0,True
UC3,45,busy,all,MAE,lvlh5_cbd,17.960169577091715,17.50228896141052,18.395908164978028,490573.0,True,2023,186,wt_med,2.39232403872726,2.0248518705368044,2.7572030305862425,1.4973377943038941,3.2599583148956297,483628.0,0.17967694944333462,False
UC3,45,busy,all,MAE,lvlh5_naive,16.606057065325466,16.425043773651122,16.778171014785766,2541066.0,True,11834,186,wt_med,0.4290166953011223,0.3442361354827881,0.5124372005462646,0.24711365699768068,0.6087668418884277,2511434.0,0.9330452327993244,False
UC3,45,busy,all,MAE,lvlh5_tft,17.509895101230914,17.21295714378357,17.818075561523436,924278.0,True,4624,186,wt_med,0.4094519077546046,0.20512232780456544,0.6124423980712889,0.03736100196838379,0.8130532264709471,914197.0,0.33964147681740553,False
UC3,45,busy,all,MAE,oracle_level,9.917439376599615,9.830754661560059,10.005570006370544,2725843.0,True,12089,186,wt_med,-6.575978682687243,-6.716243648529053,-6.431362843513489,-7.242128252983093,-5.956714606285096,2685869.0,0.997851134600188,True
UC3,45,busy,all,MAE,oracle_shape,13.70657722226928,13.511546850204468,13.903573966026306,2545391.0,True,11121,186,wt_med,-2.4651742851969356,-2.596781063079834,-2.34614896774292,-2.792747974395752,-2.120000720024109,2499537.0,0.9286252722769243,True
UC3,45,busy,all,MAE,prod_served,19.300142635358043,18.997998046875,19.62813768386841,1030600.0,True,4933,186,wt_med,2.3902049850089426,2.141166639328003,2.625244474411011,1.7923380851745605,3.0053369522094724,1010269.0,0.37533404194374237,False
UC3,45,busy,all,MAE,prod_served_lin,19.234449956336114,18.931606388092042,19.56218566894531,1030600.0,True,4933,186,wt_med,2.3233239117502364,2.0708555221557616,2.5579418182373046,1.7069300651550292,2.9396704673767085,1010269.0,0.37533404194374237,False
UC3,45,busy,all,MAE,wt_med,16.463485077757053,16.300470781326293,16.623653650283813,2691653.0,True,12157,186,wt_med,,,,,,,,
UC3,45,busy,EU,MAE,clim,14.161266648112136,13.937056517601013,14.412118887901306,564103.0,True,3447,186,clim,,,,,,,,
UC3,45,busy,EU,MAE,h5,14.363191791580213,14.109142947196961,14.602950072288513,618828.0,True,3552,186,clim,0.17664943806503253,-0.00321345329284668,0.341120958328247,-0.34742395877838134,0.9161820888519286,556826.0,0.9870998736046431,False
UC3,45,busy,EU,MAE,lvlh5_naive,14.935777549264564,14.653756546974183,15.224854326248169,574841.0,True,3518,186,clim,1.084347851707463,0.854466462135315,1.312629222869873,0.340728759765625,2.1190008163452143,525917.0,0.9323066886721042,False
UC3,45,busy,EU,MAE,lvlh5_tft,15.458034562415586,14.964983081817627,15.952938508987426,217473.0,True,1370,186,clim,1.063578311361347,0.6783959865570068,1.4321626186370848,0.19392893314361573,2.207354116439819,209027.0,0.37054757730414484,False
UC3,45,busy,EU,MAE,oracle_level,8.76731830697976,8.642861819267273,8.894983959197997,617563.0,True,3533,186,clim,-5.43127065329117,-5.651022815704346,-5.235304284095764,-6.454892182350159,-4.257845115661621,555813.0,0.9853041022650119,True
UC3,45,busy,EU,MAE,oracle_shape,11.967997777923134,11.651200127601623,12.304874849319457,576611.0,True,3238,186,clim,-1.7961533220132306,-2.101716709136963,-1.5121747255325317,-2.6349141120910646,-0.684404373168946,523634.0,0.9282595554357981,True
UC3,45,busy,EU,MAE,prod_served,16.44740307844267,15.92521436214447,16.95853981971741,218682.0,True,1358,186,clim,2.109074346811523,1.5701796293258667,2.6201526403427122,1.0175361633300781,3.592561912536621,209128.0,0.37072662262033707,False
UC3,45,busy,EU,MAE,prod_served_lin,16.38651729451898,15.86503529548645,16.901412534713746,218682.0,True,1358,186,clim,2.0449826183007556,1.5060786008834839,2.556929278373718,0.943615984916687,3.5614731550216674,209128.0,0.37072662262033707,False
UC3,45,busy,EU,MAE,wt_med,14.635573989540788,14.37629463672638,14.886190104484559,607694.0,True,3551,186,clim,0.42977404151786835,0.24696929454803468,0.59650719165802,-0.11693019866943358,1.1942333698272702,555279.0,0.9843574666328667,False
UC3,45,busy,NA,MAE,clim,16.423296799330007,16.20586848258972,16.65452847480774,1235835.0,True,5209,186,wt_med,0.791539780881374,0.6806644201278687,0.8951051235198975,0.2963789224624634,1.4411341667175288,1228467.0,0.8912248449836514,False
UC3,45,busy,NA,MAE,h5,15.725877273416808,15.538248705863953,15.92964596748352,1404109.0,True,5591,186,wt_med,-0.29504388411806914,-0.31235151290893554,-0.2770939588546753,-0.37646684646606443,-0.23355472087860107,1378403.0,1.0,True
UC3,45,busy,NA,MAE,lvlh5_cbd,17.96016957709171,17.50228896141052,18.395908164978028,490573.0,True,2023,186,wt_med,2.39232403872726,2.0248518705368044,2.7572030305862425,1.4973377943038941,3.2599583148956297,483628.0,0.35086110520653246,False
UC3,45,busy,NA,MAE,lvlh5_naive,15.736404519106298,15.545493149757386,15.958640193939209,1279989.0,True,5372,186,wt_med,0.18994235267165926,0.07900505065917969,0.3076235055923462,-0.019149231910705562,0.4332955121994018,1262488.0,0.9159063060657877,False
UC3,45,busy,NA,MAE,lvlh5_tft,16.064179520892072,15.707021522521973,16.42120213508606,437305.0,True,1890,186,wt_med,0.37143216348284547,0.14036309719085693,0.5891559600830077,-0.04633505344390869,0.7675674438476562,432874.0,0.3140402335166131,False
UC3,45,busy,NA,MAE,oracle_level,10.020592243283868,9.902766942977905,10.146196699142456,1399563.0,True,5560,186,wt_med,-6.041273274296403,-6.253113508224487,-5.85058696269989,-6.886415266990662,-5.279291987419128,1374460.0,0.9971394432542587,True
UC3,45,busy,NA,MAE,oracle_shape,12.900574069834862,12.674885272979736,13.140468502044678,1281175.0,True,5041,186,wt_med,-2.6517467802087253,-2.811332678794861,-2.4808923959732057,-3.0461769819259645,-2.169833016395569,1257018.0,0.9119379455790505,True
UC3,45,busy,NA,MAE,prod_served,18.991488850535525,18.637033128738402,19.353438997268675,566081.0,True,2401,186,wt_med,3.270285243043963,2.979385495185852,3.5576243877410887,2.6649734497070314,3.9062487840652462,554159.0,0.4020297402138562,False
UC3,45,busy,NA,MAE,prod_served_lin,18.958545022708766,18.60466628074646,19.3215594291687,566081.0,True,2401,186,wt_med,3.23672515469387,2.9445221185684205,3.524186444282532,2.6308388233184816,3.8687110662460324,554159.0,0.4020297402138562,False
UC3,45,busy,NA,MAE,wt_med,16.027923618854572,15.83257954120636,16.245118570327758,1378403.0,True,5579,186,wt_med,,,,,,,,
UC3,45,busy,Asia,MAE,clim,18.761128116183915,18.323013496398925,19.216653919219972,642292.0,True,2711,186,clim,,,,,,,,
UC3,45,busy,Asia,MAE,h5,18.712207116715028,18.275979137420656,19.15837960243225,709583.0,True,3027,186,clim,-0.132092223491874,-0.3576639652252197,0.08767457008361809,-0.8282444953918457,0.7639676094055174,640596.0,0.9973594564466006,False
UC3,45,busy,Asia,MAE,lvlh5_naive,19.62730753932348,19.18304238319397,20.068693256378175,686236.0,True,2944,186,clim,0.735755954620128,0.40397162437438966,1.037959337234497,0.10574536323547364,1.6494138240814207,635527.0,0.989467407347437,False
UC3,45,busy,Asia,MAE,lvlh5_tft,21.511538584785146,20.75283341407776,22.306547975540163,269500.0,True,1364,186,clim,0.8832671513848958,0.24282279014587405,1.5529266357421874,-0.7179945945739746,3.063162899017334,229398.0,0.35715531253697697,False
UC3,45,busy,Asia,MAE,oracle_level,10.715929158222519,10.556179904937744,10.905921602249146,708717.0,True,2996,186,clim,-8.196310486599078,-8.60216772556305,-7.808971118927002,-9.506505441665649,-6.806797313690186,640297.0,0.9968939360913728,True
UC3,45,busy,Asia,MAE,oracle_shape,16.6662926414475,16.166101455688477,17.115533781051635,687605.0,True,2842,186,clim,-2.263127436563,-2.686619234085083,-1.85688533782959,-3.169090914726257,-0.605645847320557,635482.0,0.9893973457555131,True
UC3,45,busy,Asia,MAE,prod_served,22.548497581730985,21.762719202041627,23.40426821708679,245837.0,True,1174,186,clim,1.7563586218972986,0.9577507495880127,2.5523814678192136,-0.19988870620727536,4.375597715377807,228430.0,0.3556482098484801,False
UC3,45,busy,Asia,MAE,prod_served_lin,22.40311924161131,21.611380434036256,23.258036947250368,245837.0,True,1174,186,clim,1.6039131243707025,0.8076888084411621,2.401086664199829,-0.3672930717468261,4.307799339294434,228430.0,0.3556482098484801,False
UC3,45,busy,Asia,MAE,wt_med,18.88879195981609,18.45161533355713,19.341777324676514,705556.0,True,3027,186,clim,0.02519077885281007,-0.20020580291748047,0.24447593688964842,-0.6364209175109863,0.8866674900054932,639877.0,0.9962400279000828,False
UC3,60,all,all,MAE,clim,8.75157336722781,8.64933865070343,8.85348048210144,7028874.0,True,12408,171,clim,,,,,,,,
UC3,60,all,all,MAE,h5,8.686346189521995,8.582791686058044,8.78700602054596,7870010.0,True,13125,171,clim,-0.16496416921774504,-0.20728278160095215,-0.12609443664550782,-0.37111835479736327,0.030460715293884274,6958821.0,0.990033538800098,False
UC3,60,all,all,MAE,lvlh5_naive,9.116110118079886,9.004490303993226,9.218996477127074,7236734.0,True,12751,171,clim,0.403283854264636,0.34372124671936033,0.4617452144622803,0.1642680883407593,0.6393743276596069,6644079.0,0.945255100603596,False
UC3,60,all,all,MAE,lvlh5_tft,4.257902860344993,3.0534956753253937,5.624821305274963,42309.0,True,173,171,clim,0.4642929974382679,-0.062125605344772315,1.0272948801517487,-0.3004892349243164,2.1678060770034775,40376.0,0.00574430556017934,False
UC3,60,all,all,MAE,oracle_level,5.704787057830752,5.648672461509705,5.761364054679871,7834788.0,True,13074,171,clim,-3.1380412552739676,-3.212010383605957,-3.064593458175659,-3.6119247317314147,-2.7562886357307432,6937567.0,0.9870097258821257,True
UC3,60,all,all,MAE,oracle_shape,8.014673125854964,7.9094611287117,8.117615342140198,7271818.0,True,11822,171,clim,-0.7222741507799748,-0.801545011997223,-0.6412893652915954,-1.1074268460273742,-0.3177096247673035,6618970.0,0.9416828356860573,True
UC3,60,all,all,MAE,prod_served,4.298616840572676,3.092544734477997,5.62437595129013,41210.0,True,168,171,clim,0.3338152089927968,-0.29612467885017396,0.9876096248626709,-0.8121359825134277,1.6348410129547115,40121.0,0.005708026634137986,False
UC3,60,all,all,MAE,prod_served_lin,4.299781606406212,3.0932374119758608,5.6262629389762875,41210.0,True,168,171,clim,0.33485581117120766,-0.2937504887580871,0.9856891512870787,-0.7998674154281616,1.629898333549499,40121.0,0.005708026634137986,False
UC3,60,all,all,MAE,wt_med,8.829396965328627,8.724558591842651,8.931232953071595,7693090.0,True,13111,171,clim,-0.07194898189707644,-0.11435649394989014,-0.03268392086029053,-0.266428542137146,0.11936972141265868,6936283.0,0.986827050819235,False
UC3,60,all,EU,MAE,clim,6.831458056768322,6.710920119285584,6.955221199989319,2764570.0,True,4598,171,clim,,,,,,,,
UC3,60,all,EU,MAE,h5,6.871634736859881,6.748169767856598,7.007592356204986,3138499.0,True,4705,171,clim,0.11323594322123842,0.06536535024642945,0.1588013529777527,-0.10025916099548339,0.3448728084564209,2720947.0,0.9842206925489316,False
UC3,60,all,EU,MAE,lvlh5_naive,7.339978317781431,7.204501342773438,7.482036244869232,2848184.0,True,4689,171,clim,0.6824420011775674,0.6117937684059143,0.7507614970207214,0.39586213827133176,1.0252909779548645,2542159.0,0.9195495140293065,False
UC3,60,all,EU,MAE,lvlh5_tft,4.257902860344993,3.0534956753253937,5.624821305274963,42309.0,True,173,171,clim,0.4642929974382679,-0.062125605344772315,1.0272948801517487,-0.3004892349243164,2.1678060770034775,40376.0,0.014604802916909321,False
UC3,60,all,EU,MAE,oracle_level,4.669654138000362,4.592666614055633,4.753915679454804,3120667.0,True,4695,171,clim,-2.155634163714465,-2.235565984249115,-2.079282534122467,-2.5654804348945617,-1.7610533237457275,2710922.0,0.980594450493205,True
UC3,60,all,EU,MAE,oracle_shape,6.377760505759043,6.235893547534943,6.514539229869842,2875624.0,True,4218,171,clim,-0.308435549809575,-0.4132411599159241,-0.21168550252914428,-0.8405789017677308,0.1500310182571411,2523252.0,0.9127104757701922,False
UC3,60,all,EU,MAE,prod_served,4.298616840572676,3.092544734477997,5.62437595129013,41210.0,True,168,171,clim,0.3338152089927968,-0.29612467885017396,0.9876096248626709,-0.8121359825134277,1.6348410129547115,40121.0,0.014512564340928246,False
UC3,60,all,EU,MAE,prod_served_lin,4.299781606406212,3.0932374119758608,5.6262629389762875,41210.0,True,168,171,clim,0.33485581117120766,-0.2937504887580871,0.9856891512870787,-0.7998674154281616,1.629898333549499,40121.0,0.014512564340928246,False
UC3,60,all,EU,MAE,wt_med,6.975706844003112,6.852363908290863,7.108965861797333,3042503.0,True,4704,171,clim,0.16761538214540028,0.11869266033172607,0.21416426897048949,-0.04746326208114624,0.40357185602188106,2709453.0,0.9800630839515729,False
UC3,60,all,NA,MAE,clim,10.354289246502407,10.1830894947052,10.515343642234802,2473558.0,True,5097,171,wt_med,0.45018686978991695,0.37660980224609375,0.5198344469070434,0.09809751510620117,0.9183494567871091,2445018.0,0.884843449003898,False
UC3,60,all,NA,MAE,h5,10.018379496645505,9.880331325531007,10.170332646369934,2831722.0,True,5458,171,wt_med,-0.17784326696995834,-0.18742728233337402,-0.16912341117858887,-0.2377086400985718,-0.13712661266326906,2763221.0,1.0,True
UC3,60,all,NA,MAE,lvlh5_naive,10.331939212494403,10.177588081359863,10.481634593009948,2549685.0,True,5215,171,wt_med,0.3886342204478961,0.32734992504119875,0.4591620206832886,0.23717472553253174,0.5814539670944213,2504004.0,0.9061902757687496,False
UC3,60,all,NA,MAE,oracle_level,6.617874805889799,6.523139560222626,6.720371663570404,2817685.0,True,5441,171,wt_med,-3.6363875370120473,-3.7600129723548887,-3.5235427260398864,-4.43588103055954,-2.9687327027320864,2751075.0,0.9956044051489186,True
UC3,60,all,NA,MAE,oracle_shape,9.036387507412577,8.865326762199402,9.208093929290772,2553104.0,True,4874,171,wt_med,-0.9382147545900974,-1.0478524923324586,-0.8238054990768433,-1.3004862308502196,-0.42657873630523685,2488988.0,0.9007560379716281,True
UC3,60,all,NA,MAE,wt_med,10.231783849355516,10.087599921226502,10.37562050819397,2763221.0,True,5447,171,wt_med,,,,,,,,
UC3,60,all,Asia,MAE,clim,9.502032951630214,9.266126132011413,9.75491406917572,1790746.0,True,2713,171,clim,,,,,,,,
UC3,60,all,Asia,MAE,h5,9.698838660503878,9.451598501205444,9.950262546539307,1899789.0,True,2962,171,clim,0.017782504119834286,-0.07761056423187256,0.10276861190795894,-0.3053890228271484,0.4124510049819945,1785266.0,0.9969398228447809,False
UC3,60,all,Asia,MAE,lvlh5_naive,10.181315541484535,9.94172031879425,10.4341726064682,1838865.0,True,2847,171,clim,0.6021644761368119,0.4584354400634766,0.7408686637878417,0.19102184772491457,1.1009974718093871,1762460.0,0.9842043483553782,False
UC3,60,all,Asia,MAE,oracle_level,6.051496091058659,5.924519562721253,6.177674126625061,1896436.0,True,2938,171,clim,-3.5867242278277924,-3.7733848094940186,-3.412597858905792,-4.475600159168243,-2.619481456279755,1783198.0,0.9957849968672274,True
UC3,60,all,Asia,MAE,oracle_shape,9.153305608174575,8.911459183692932,9.408405637741089,1843090.0,True,2730,171,clim,-0.45291335153856593,-0.636368703842163,-0.27386863231658937,-1.3396193981170654,0.7139614582061765,1761347.0,0.9835828196740353,False
UC3,60,all,Asia,MAE,wt_med,9.764431753035712,9.517076230049133,10.01245183944702,1887366.0,True,2960,171,clim,0.08278679232152442,-0.012964606285095215,0.16543650627136225,-0.22187886238098145,0.4735103845596313,1781812.0,0.9950110177546118,False
UC3,60,busy,all,MAE,clim,16.6687252478384,16.48319983482361,16.861378145217895,2170265.0,True,10076,171,clim,,,,,,,,
UC3,60,busy,all,MAE,h5,16.526493011494612,16.348532819747923,16.696802854537964,2431922.0,True,10789,171,clim,-0.4164388828757133,-0.5194739818572998,-0.3159048080444336,-0.9308678150177002,0.06857645511627192,2156376.0,0.9936003206981636,False
UC3,60,busy,all,MAE,lvlh5_naive,16.918311596786197,16.745162868499754,17.09937491416931,2244989.0,True,10430,171,clim,0.35371480199017213,0.20786685943603517,0.5044041156768798,-0.19740533828735352,0.9182792663574217,2073884.0,0.9555902159413712,False
UC3,60,busy,all,MAE,lvlh5_tft,19.63661521393139,14.195629167556763,24.255655527114868,1807.0,True,18,171,clim,6.876584080413757,4.4302081823348995,8.852838397026062,5.483640193939209,10.771408081054688,1683.0,0.0007754813352286472,False
UC3,60,busy,all,MAE,oracle_level,9.973921275445628,9.886673641204833,10.061181926727295,2425879.0,True,10726,171,clim,-6.848627456597651,-7.029450273513794,-6.6845115423202515,-7.840567660331726,-6.007666563987732,2152683.0,0.9918986851836066,True
UC3,60,busy,all,MAE,oracle_shape,14.089813863820092,13.8953706741333,14.304806303977966,2250766.0,True,9737,171,clim,-2.4716893971727742,-2.645005989074707,-2.286461520195007,-3.132000970840454,-1.7480453968048095,2069193.0,0.9534287287497148,True
UC3,60,busy,all,MAE,prod_served,20.740308019118427,16.480965662002564,24.05655083656311,1883.0,True,18,171,clim,8.030897207367797,5.737544465065002,10.391318249702453,4.623392105102539,9.508197784423828,1683.0,0.0007754813352286472,False
UC3,60,busy,all,MAE,prod_served_lin,20.71408656399363,16.424702215194703,24.06192421913147,1883.0,True,18,171,clim,7.998588829471181,5.694510769844055,10.32436249256134,4.647493362426758,9.354509353637695,1683.0,0.0007754813352286472,False
UC3,60,busy,all,MAE,wt_med,16.785643704800236,16.602004098892213,16.956555318832397,2393403.0,True,10781,171,clim,-0.19741277871950658,-0.2990868091583252,-0.0967038154602051,-0.6982167720794678,0.27069396972656246,2152657.0,0.9918867050797944,False
UC3,60,busy,EU,MAE,clim,13.845129765102762,13.616935348510742,14.084385991096497,497707.0,True,3032,171,clim,,,,,,,,
UC3,60,busy,EU,MAE,h5,14.504797830915622,14.242203855514527,14.744868516921997,547005.0,True,3136,171,clim,0.5619990258198495,0.3921380043029785,0.7229626417160034,-0.20324532985687255,1.4283647775650024,490669.0,0.9858591500621852,False
UC3,60,busy,EU,MAE,lvlh5_naive,15.226841528747032,14.939927697181702,15.513272380828857,504940.0,True,3107,171,clim,1.677245538642854,1.4258631467819214,1.9264693737030028,0.6488014459609985,3.01996009349823,460045.0,0.9243289726686584,False
UC3,60,busy,EU,MAE,lvlh5_tft,19.63661521393139,14.195629167556763,24.255655527114868,1807.0,True,18,171,clim,6.876584080413757,4.4302081823348995,8.852838397026062,5.483640193939209,10.771408081054688,1683.0,0.003381507593825283,False
UC3,60,busy,EU,MAE,oracle_level,8.956511725461127,8.826791143417358,9.088406348228455,545846.0,True,3121,171,clim,-4.866942475613939,-5.0754846096038815,-4.674767589569091,-5.833332681655884,-3.8778508901596074,489804.0,0.9841211797302429,True
UC3,60,busy,EU,MAE,oracle_shape,12.252643480763414,11.902489304542542,12.563529419898988,507046.0,True,2844,171,clim,-1.212788331727749,-1.5199988603591919,-0.9236572265625,-2.342777442932129,0.14453687667846646,457638.0,0.9194927939530688,False
UC3,60,busy,EU,MAE,prod_served,20.740308019118427,16.480965662002564,24.05655083656311,1883.0,True,18,171,clim,8.030897207367797,5.737544465065002,10.391318249702453,4.623392105102539,9.508197784423828,1683.0,0.003381507593825283,False
UC3,60,busy,EU,MAE,prod_served_lin,20.71408656399363,16.424702215194703,24.06192421913147,1883.0,True,18,171,clim,7.998588829471181,5.694510769844055,10.32436249256134,4.647493362426758,9.354509353637695,1683.0,0.003381507593825283,False
UC3,60,busy,EU,MAE,wt_med,14.730606015485408,14.464013695716858,14.978962182998657,537280.0,True,3136,171,clim,0.765439279391261,0.5927129268646241,0.9240241527557372,-0.053628754615783675,1.655250549316406,489142.0,0.9827910798923865,False
UC3,60,busy,NA,MAE,clim,16.675039419179953,16.438219833374024,16.911629152297973,1095279.0,True,4631,171,wt_med,0.8070290661707862,0.6708677291870118,0.9332796335220337,0.12875111103057862,1.7051569938659668,1087897.0,0.8783187323239785,False
UC3,60,busy,NA,MAE,h5,16.05180353274441,15.840804648399352,16.267735624313353,1263437.0,True,5054,171,wt_med,-0.31255257897341693,-0.331541109085083,-0.29526576995849607,-0.40759482383728024,-0.23891711235046387,1238613.0,1.0,True
UC3,60,busy,NA,MAE,lvlh5_naive,16.10658389403262,15.898781800270081,16.331655502319336,1140240.0,True,4797,171,wt_med,0.3606139643342452,0.24594519138336182,0.48254106044769285,0.11217544078826906,0.6515141010284424,1124061.0,0.9075159069055467,False
UC3,60,busy,NA,MAE,oracle_level,9.958531370261694,9.830899572372436,10.089574599266053,1259022.0,True,5023,171,wt_med,-6.448510534257734,-6.653645086288452,-6.230932116508484,-7.599376249313354,-5.510006976127625,1234888.0,0.9969926038237932,True
UC3,60,busy,NA,MAE,oracle_shape,13.427629797280998,13.186772680282592,13.689273452758789,1142690.0,True,4468,171,wt_med,-2.3220167890809265,-2.514040470123291,-2.1331761360168455,-2.781264877319336,-1.7681082725524901,1119524.0,0.9038529387306609,True
UC3,60,busy,NA,MAE,wt_med,16.36675862436451,16.152510929107667,16.57900047302246,1238613.0,True,5046,171,wt_med,,,,,,,,
UC3,60,busy,Asia,MAE,clim,19.091137041188055,18.634561681747435,19.590526580810547,577279.0,True,2413,171,clim,,,,,,,,
UC3,60,busy,Asia,MAE,h5,19.270937922378838,18.80196852684021,19.734377098083495,621480.0,True,2599,171,clim,0.004156335024568136,-0.21265730857849122,0.1910384654998779,-0.6355382919311523,0.9829307079315182,576304.0,0.9983110419745045,False
UC3,60,busy,Asia,MAE,lvlh5_naive,19.88534825669532,19.392781066894532,20.355067014694214,599809.0,True,2526,171,clim,0.6897850037273017,0.3498504638671875,1.0213904857635498,-0.10159196853637695,1.936867070198059,570567.0,0.988373039726025,False
UC3,60,busy,Asia,MAE,oracle_level,10.899388235652978,10.730055618286134,11.096954727172852,621011.0,True,2582,171,clim,-8.399635341878822,-8.823664426803589,-7.978804588317871,-9.738602471351623,-6.942289876937867,576084.0,0.9979299437533671,True
UC3,60,busy,Asia,MAE,oracle_shape,16.898660352416197,16.371301698684693,17.403262519836424,601030.0,True,2425,171,clim,-2.328933937017265,-2.75600323677063,-1.9288923263549804,-3.506431245803833,-0.28057541847229023,570138.0,0.9876298981948071,True
UC3,60,busy,Asia,MAE,wt_med,19.413888034201875,18.939678812026976,19.875659132003783,617510.0,True,2599,171,clim,0.13653846822024107,-0.07877211570739746,0.31853561401367186,-0.487880802154541,1.1007736206054686,575618.0,0.9971227084304123,False
UC3,90,all,all,MAE,clim,8.957796772756083,8.841549110412597,9.07998058795929,5291574.0,True,9639,141,wt_med,0.19502071900376805,0.1529310703277588,0.23854181766510008,-0.01312251091003418,0.4107450485229492,5208262.0,0.8834799760549616,False
UC3,90,all,all,MAE,h5,8.754254098518247,8.641902971267701,8.86995108127594,6033461.0,True,10220,141,wt_med,-0.09603400548279595,-0.10186781883239746,-0.09038636684417725,-0.12216014862060547,-0.07488174438476562,5895167.0,1.0,True
UC3,90,all,all,MAE,lvlh5_naive,9.273648882541076,9.157885861396789,9.392571759223937,5527879.0,True,9960,141,wt_med,0.5395678966324944,0.4914363384246826,0.586628794670105,0.4371911287307739,0.6622902393341064,5428915.0,0.9209094500630771,False
UC3,90,all,all,MAE,oracle_level,5.695107877521828,5.630624091625213,5.760765993595124,6007215.0,True,10202,141,wt_med,-3.217041429111771,-3.3017863154411318,-3.1315105676651003,-3.7170209288597107,-2.7982036113739013,5874796.0,0.9965444575191847,True
UC3,90,all,all,MAE,oracle_shape,8.09281191043405,7.968933522701263,8.222571158409119,5563700.0,True,9168,141,wt_med,-0.6347138252701967,-0.7163115262985229,-0.5619873046875,-0.9205459356307983,-0.316205096244812,5387492.0,0.9138828467454782,True
UC3,90,all,all,MAE,wt_med,8.909840976515168,8.793966436386109,9.026163601875306,5895167.0,True,10208,141,wt_med,,,,,,,,
UC3,90,all,EU,MAE,clim,7.06339230257832,6.9248972773551944,7.210181939601898,2059209.0,True,3655,141,wt_med,0.2880193138622049,0.2401317238807678,0.3374356150627136,0.14748547077178956,0.42591192722320553,2009334.0,0.8552191618968493,False
UC3,90,all,EU,MAE,h5,6.698283732755305,6.571571731567383,6.842292833328247,2441403.0,True,3757,141,wt_med,-0.04067127588214703,-0.049676251411437986,-0.03237752914428711,-0.07191214561462403,-0.014703178405761741,2349496.0,1.0,True
UC3,90,all,EU,MAE,lvlh5_naive,7.110145842663404,6.965176129341126,7.269458985328674,2188448.0,True,3720,141,wt_med,0.47889611304318525,0.42581900358200075,0.5274452090263366,0.35079880952835085,0.6154543161392212,2119067.0,0.9019240722265541,False
UC3,90,all,EU,MAE,oracle_level,4.7066819435173,4.625242030620575,4.7921337485313416,2427587.0,True,3749,141,wt_med,-2.0940309727231243,-2.1755027413368224,-2.0107772588729858,-2.5169301867485045,-1.7037267804145813,2339890.0,0.9959114635649517,True
UC3,90,all,EU,MAE,oracle_shape,5.954697439109503,5.8152101039886475,6.109520280361176,2222528.0,True,3286,141,wt_med,-0.6597975936800129,-0.7410317063331604,-0.582210671901703,-1.0439542889595033,-0.329463577270508,2094084.0,0.8912907278837674,True
UC3,90,all,EU,MAE,wt_med,6.788081997160242,6.6579497218132015,6.931721818447113,2349496.0,True,3757,141,wt_med,,,,,,,,
UC3,90,all,NA,MAE,clim,10.623009926519945,10.433336639404297,10.815422773361206,1839819.0,True,3914,141,wt_med,0.41337767914971657,0.3370245933532715,0.4869007349014282,-0.04372053146362304,1.0000350713729858,1811069.0,0.8769723863489994,False
UC3,90,all,NA,MAE,h5,10.386845871353117,10.191657185554504,10.574720311164857,2105702.0,True,4279,141,wt_med,-0.17521232237264606,-0.18528225421905517,-0.16565849781036376,-0.2268907070159912,-0.13551294803619385,2065138.0,1.0,True
UC3,90,all,NA,MAE,lvlh5_naive,10.788132842490459,10.598129034042358,10.995879697799683,1887874.0,True,4065,141,wt_med,0.49735378544490594,0.42413556575775146,0.5790688037872315,0.35770153999328613,0.6755633831024169,1862844.0,0.9020433501296281,False
UC3,90,all,NA,MAE,oracle_level,6.630147241829952,6.5283568620681764,6.745157980918885,2095308.0,True,4271,141,wt_med,-3.9918156662813447,-4.140556252002716,-3.84368634223938,-5.049294984340667,-3.1761113047599796,2056293.0,0.9957169932469404,True
UC3,90,all,NA,MAE,oracle_shape,9.534481681113906,9.32954936027527,9.743702125549316,1887984.0,True,3766,141,wt_med,-0.7838803944582597,-0.9125117540359498,-0.639141845703125,-1.1830292701721192,-0.32647383213043246,1850760.0,0.8961919251885346,True
UC3,90,all,NA,MAE,wt_med,10.61775217927325,10.42005877494812,10.809974765777588,2065138.0,True,4267,141,wt_med,,,,,,,,
UC3,90,all,Asia,MAE,clim,9.559058013164377,9.28161563873291,9.845154881477356,1392546.0,True,2070,141,clim,,,,,,,,
UC3,90,all,Asia,MAE,h5,9.81840054636978,9.5541588306427,10.093088626861572,1486356.0,True,2184,141,clim,0.15647397088113202,0.05371108055114746,0.25408971309661865,-0.15146565437316895,0.5163062095642087,1389271.0,0.9976481925911245,False
UC3,90,all,Asia,MAE,lvlh5_naive,10.56575040470571,10.274265885353088,10.855765223503113,1451557.0,True,2175,141,clim,0.8994953385120485,0.7168767929077149,1.066764736175537,0.36287517547607423,1.5819293260574339,1375847.0,0.9880082955966984,False
UC3,90,all,Asia,MAE,oracle_level,5.991738312672283,5.861492252349853,6.132257330417633,1484320.0,True,2182,141,clim,-3.6762121231332836,-3.8874632716178894,-3.4815226912498476,-4.648396003246307,-2.5173924446105964,1387506.0,0.9963807299722953,True
UC3,90,all,Asia,MAE,oracle_shape,9.489857454022875,9.19860668182373,9.777040815353393,1453188.0,True,2116,141,clim,-0.18922349359445612,-0.4182198762893677,0.023608446121215806,-1.0837643623352051,1.0130730628967282,1374131.0,0.9867760203253609,False
UC3,90,all,Asia,MAE,wt_med,9.894615993024134,9.629575276374817,10.171931219100951,1480533.0,True,2184,141,clim,0.22456423887440913,0.12208812236785889,0.3229233741760254,-0.07850252389907837,0.5693288803100585,1387859.0,0.9966342224960612,False
UC3,90,busy,all,MAE,clim,16.97968670931937,16.7730224609375,17.209646558761598,1683676.0,True,7744,141,wt_med,0.3374137016357075,0.2362226963043213,0.43744373321533203,-0.14882268905639648,0.8461823940277099,1666312.0,0.8921460339862198,False
UC3,90,busy,all,MAE,h5,16.71787093273941,16.506796884536744,16.92391037940979,1892951.0,True,8369,141,wt_med,-0.2204637701799541,-0.23437147140502929,-0.20598788261413575,-0.27927088737487793,-0.1698558330535889,1867757.0,1.0,True
UC3,90,busy,all,MAE,lvlh5_naive,17.23540925391724,17.01561279296875,17.46007618904114,1752062.0,True,8105,141,wt_med,0.7229301336160816,0.6096756935119629,0.8363667011260986,0.5212674140930176,0.9415340423583982,1735428.0,0.9291508477815904,False
UC3,90,busy,all,MAE,oracle_level,9.993060952099794,9.901852655410767,10.093491697311402,1888501.0,True,8323,141,wt_med,-6.986350101041474,-7.181059885025024,-6.794843220710755,-7.941120386123657,-6.0373900651931764,1864049.0,0.9980147310383524,True
UC3,90,busy,all,MAE,oracle_shape,14.378280823577324,14.144543790817261,14.63650279045105,1756120.0,True,7521,141,wt_med,-2.1079697467637004,-2.2715314626693726,-1.952920413017273,-2.518814969062805,-1.698024106025696,1727366.0,0.9248344404545131,True
UC3,90,busy,all,MAE,wt_med,16.962247230233913,16.74904808998108,17.172247552871703,1867757.0,True,8356,141,wt_med,,,,,,,,
UC3,90,busy,EU,MAE,clim,14.319497033060186,14.055805945396424,14.589205598831176,389290.0,True,2373,141,wt_med,0.48340612729143473,0.3320832490921021,0.6559339761734009,0.027230620384216316,0.90929696559906,380984.0,0.8833366952545901,False
UC3,90,busy,EU,MAE,h5,13.787318666857097,13.515655016899109,14.06143958568573,441108.0,True,2484,141,wt_med,-0.14199248320778324,-0.1739497423171997,-0.11313319206237793,-0.24914355278015135,-0.05491290092468262,431301.0,1.0,True
UC3,90,busy,EU,MAE,lvlh5_naive,14.350454290702842,14.047711825370788,14.6980215549469,402383.0,True,2459,141,wt_med,0.9895337162153339,0.8177574157714844,1.1624172687530516,0.5991209268569946,1.4562072992324828,395084.0,0.9160284812694615,False
UC3,90,busy,EU,MAE,oracle_level,9.160770102301955,9.033835434913636,9.300990176200866,440242.0,True,2471,141,wt_med,-4.769315417889921,-4.989291000366211,-4.540609860420227,-5.908537149429321,-3.604031038284302,430615.0,0.998409463460553,True
UC3,90,busy,EU,MAE,oracle_shape,11.089207364973694,10.752222800254822,11.448043394088746,404546.0,True,2208,141,wt_med,-2.164350806092637,-2.3951390743255616,-1.9298073291778566,-2.6006831884384156,-1.6173368930816652,391724.0,0.9082380982191092,True
UC3,90,busy,EU,MAE,wt_med,13.91457821799625,13.649037742614746,14.198503494262695,431301.0,True,2483,141,wt_med,,,,,,,,
UC3,90,busy,NA,MAE,clim,17.094040963858323,16.81129984855652,17.383661937713622,830537.0,True,3531,141,wt_med,0.7809893142391715,0.6495748043060303,0.9087752819061279,-0.03693246841430662,1.8356024265289306,822590.0,0.8733675917864651,False
UC3,90,busy,NA,MAE,h5,16.570523710542624,16.29700288772583,16.817757272720335,955208.0,True,3933,141,wt_med,-0.30066517316798524,-0.31968064308166505,-0.2823741912841797,-0.38969783782958983,-0.2343367338180542,941860.0,1.0,True
UC3,90,busy,NA,MAE,lvlh5_naive,16.66556961026912,16.40062794685364,16.92915358543396,863085.0,True,3710,141,wt_med,0.49773790157847486,0.36438803672790526,0.6448724269866943,0.25628933906555174,0.7700459480285644,855309.0,0.9081063002994075,False
UC3,90,busy,NA,MAE,oracle_level,9.950460417078906,9.810284185409547,10.102975654602051,951824.0,True,3907,141,wt_med,-6.963885689446679,-7.223192715644837,-6.70320508480072,-8.472713303565978,-5.65111210346222,939035.0,0.9970006158027732,True
UC3,90,busy,NA,MAE,oracle_shape,14.030632140307972,13.725455832481384,14.338348603248596,864203.0,True,3432,141,wt_med,-2.138111713436359,-2.353426456451416,-1.914400601387024,-2.5802236080169676,-1.6025702714920045,851635.0,0.9042055082496337,True
UC3,90,busy,NA,MAE,wt_med,16.891698341579428,16.615605449676515,17.1394850730896,941860.0,True,3921,141,wt_med,,,,,,,,
UC3,90,busy,Asia,MAE,clim,19.007522922330327,18.50124611854553,19.54584856033325,463849.0,True,1840,141,clim,,,,,,,,
UC3,90,busy,Asia,MAE,h5,19.604170316228217,19.11995530128479,20.13049449920654,496635.0,True,1952,141,clim,0.4398047332997912,0.2121729373931885,0.6656360149383544,-0.16492199897766113,1.2552339076995847,463123.0,0.9984348354744755,False
UC3,90,busy,Asia,MAE,lvlh5_naive,20.631827791345025,20.11639757156372,21.159810876846315,486594.0,True,1936,141,clim,1.437260107778222,0.9851322650909424,1.8043696403503418,0.5181218147277832,2.7164531230926507,459644.0,0.9909345498211702,False
UC3,90,busy,Asia,MAE,oracle_level,10.812821041421502,10.62563967704773,11.015346479415893,496435.0,True,1945,141,clim,-8.42146025157441,-8.886362314224243,-7.9452499628067015,-10.102237772941589,-6.528217744827271,462968.0,0.99810067500415,True
UC3,90,busy,Asia,MAE,oracle_shape,17.72484954927436,17.171060371398926,18.322597980499268,487371.0,True,1881,141,clim,-1.4332774837533506,-1.9466243267059327,-0.967761754989624,-2.953115653991699,0.4290959835052489,459214.0,0.9900075240002674,False
UC3,90,busy,Asia,MAE,wt_med,19.754242856796253,19.250964164733887,20.28614993095398,494596.0,True,1952,141,clim,0.5713114116411475,0.33701233863830565,0.8041228771209716,-0.0371021270751953,1.3839545726776123,462738.0,0.9976048239836671,False
UC2,1,all,all,MAE,clim,8.095228229901275,8.004306435585022,8.17633101940155,10715730.0,True,18028,230,wt_med,0.5221906524396029,0.492432975769043,0.5511177182197571,0.43429296016693114,0.6200201988220215,10664558.0,0.9195695529068441,False
UC2,1,all,all,MAE,h5,7.586142732049037,7.501377725601197,7.661385798454285,11699219.0,True,19273,230,wt_med,-0.06676428713764171,-0.07159816026687622,-0.061944675445556645,-0.08567643165588379,-0.05148168802261353,11597337.0,1.0,True
UC2,1,all,all,MAE,lvlh5_cbd,10.04160012717191,9.899794268608094,10.180528354644775,6430221.0,True,10167,230,wt_med,2.5963351769480694,2.5123769879341125,2.682155990600586,2.2078994035720827,3.0600021958351133,6384154.0,0.5504844776003319,False
UC2,1,all,all,MAE,lvlh5_naive,7.854493669818345,7.772261679172516,7.932477056980133,11132015.0,True,18871,230,wt_med,0.24775665150813175,0.21857603788375854,0.27670655250549314,0.19180006980895997,0.3067625641822815,11062134.0,0.9538512160162286,False
UC2,1,all,all,MAE,lvlh5_tft,7.499597699600305,7.410209584236145,7.586947190761566,8042054.0,True,13356,230,wt_med,0.08851404737473878,0.03803573846817017,0.13822407722473143,-0.04471129179000854,0.22785276174545285,7980971.0,0.6881727244797663,False
UC2,1,all,all,MAE,oracle_level,5.42361360377196,5.376203155517578,5.471900045871735,11646265.0,True,19113,230,wt_med,-2.250489968826746,-2.2977025151252746,-2.2019698143005373,-2.546583318710327,-1.9964957118034363,11550901.0,0.995995977352387,True
UC2,1,all,all,MAE,oracle_shape,6.542374389928938,6.460597169399262,6.617095541954041,11103244.0,True,18041,230,wt_med,-1.0776179617278192,-1.129945659637451,-1.0270090103149414,-1.294826090335846,-0.8690898895263672,10996756.0,0.9482138873777661,True
UC2,1,all,all,MAE,snaive7,8.68927399557153,8.592964267730713,8.785763788223267,9971840.0,True,18230,230,wt_med,1.060806690104676,0.9975777387619018,1.1282432079315186,0.8680229783058167,1.2454853415489195,9910398.0,0.8545408312270308,False
UC2,1,all,all,MAE,wt_med,7.656693342618223,7.571970272064209,7.732551681995392,11597337.0,True,19262,230,wt_med,,,,,,,,
UC2,1,all,EU,MAE,clim,6.3334018879075344,6.221250915527344,6.442956662178039,4096493.0,True,6181,230,wt_med,0.35741976519109997,0.3176491379737854,0.399835193157196,0.26749151945114136,0.4546124696731567,4070459.0,0.917675733122194,False
UC2,1,all,EU,MAE,h5,5.87861960094712,5.78318635225296,5.9752029299736025,4477151.0,True,6311,230,wt_med,-0.04252032918524584,-0.04857174158096313,-0.03572676181793213,-0.0645059585571289,-0.022706711292266847,4435618.0,1.0,True
UC2,1,all,EU,MAE,lvlh5_cbd,8.016744623250954,7.887297821044922,8.151636791229247,2809004.0,True,3760,230,wt_med,2.0889460639196225,2.007669150829315,2.169550657272339,1.6906089425086974,2.5270679593086243,2788947.0,0.6287617644260619,False
UC2,1,all,EU,MAE,lvlh5_naive,6.04428552398713,5.951101016998291,6.138925492763519,4250100.0,True,6301,230,wt_med,0.1309414420966979,0.09419291019439698,0.17081493139266968,0.040068435668945315,0.21540186405181885,4221418.0,0.9517090966805527,False
UC2,1,all,EU,MAE,lvlh5_tft,5.751921363412722,5.657138955593109,5.848057997226715,3172735.0,True,4289,230,wt_med,-0.11955242015284906,-0.1859128952026367,-0.05580885410308838,-0.34757682085037234,0.0877235412597656,3150736.0,0.7103262724607935,False
UC2,1,all,EU,MAE,oracle_level,4.164994577971535,4.107535636425018,4.226179778575897,4453427.0,True,6300,230,wt_med,-1.7753533055490172,-1.83512202501297,-1.711810564994812,-2.1577173590660097,-1.4026914775371553,4415154.0,0.9953864376959423,True
UC2,1,all,EU,MAE,oracle_shape,4.996035691934103,4.902384102344513,5.093967545032501,4232431.0,True,6003,230,wt_med,-0.9215821358683227,-0.9867405772209168,-0.8577442288398742,-1.292345404624939,-0.6033277750015259,4187755.0,0.9441198498157416,True
UC2,1,all,EU,MAE,snaive7,6.534760626504091,6.424958050251007,6.642305862903595,3887732.0,True,6068,230,wt_med,0.5776951686322258,0.4879958391189575,0.661608612537384,0.3784567713737488,0.8038811802864074,3866669.0,0.8717317406503445,False
UC2,1,all,EU,MAE,wt_med,5.930738850820788,5.835808050632477,6.027244031429291,4435618.0,True,6311,230,wt_med,,,,,,,,
UC2,1,all,NA,MAE,clim,9.138168708678023,9.016487216949463,9.267003154754638,3930112.0,True,7325,230,wt_med,0.5847961761798075,0.5416557550430298,0.6281272411346436,0.45250391960144043,0.7699259519577026,3914410.0,0.9338286830482281,False
UC2,1,all,NA,MAE,h5,8.601813907691056,8.484868335723878,8.73062605857849,4231486.0,True,7620,230,wt_med,-0.10236723976367124,-0.11035239696502686,-0.09534924030303955,-0.13457050323486328,-0.077578604221344,4191786.0,1.0,True
UC2,1,all,NA,MAE,lvlh5_cbd,10.325225012433735,10.11664695739746,10.53649308681488,2233307.0,True,3902,230,wt_med,2.2078934729558473,2.083366870880127,2.323753547668457,1.8802797555923463,2.5955626249313353,2218417.0,0.5292295455922607,False
UC2,1,all,NA,MAE,lvlh5_naive,8.921586269503393,8.797425651550293,9.051548624038697,4045047.0,True,7495,230,wt_med,0.3016727568999933,0.2557385921478271,0.34603090286254884,0.2184980869293213,0.39430272579193115,4016286.0,0.9581324046599707,False
UC2,1,all,NA,MAE,lvlh5_tft,8.507407134808878,8.369283843040467,8.6647358417511,2907941.0,True,5161,230,wt_med,0.2504554989534604,0.17080926895141602,0.3193671464920044,0.10438389778137207,0.41157739162445056,2882824.0,0.6877316733249265,False
UC2,1,all,NA,MAE,oracle_level,6.497455956563859,6.416237163543701,6.585017955303192,4211528.0,True,7591,230,wt_med,-2.2240498388672325,-2.2965368270874023,-2.1550554394721986,-2.6734121084213256,-1.8739497661590578,4173584.0,0.9956576981744775,True
UC2,1,all,NA,MAE,oracle_shape,7.315908707074247,7.193494284152985,7.444188165664673,4035146.0,True,7266,230,wt_med,-1.3211709586467055,-1.4003204584121705,-1.241295850276947,-1.6270907282829286,-0.947758448123932,3994895.0,0.9530293292644233,True
UC2,1,all,NA,MAE,snaive7,10.31129387205605,10.166439533233643,10.460513997077943,3464392.0,True,7302,230,wt_med,1.6149360732294422,1.5213791370391845,1.716370153427124,1.3774283289909364,1.8790043115615844,3436432.0,0.8198013925329203,False
UC2,1,all,NA,MAE,wt_med,8.699801945996288,8.58108389377594,8.828027510643006,4191786.0,True,7613,230,wt_med,,,,,,,,
UC2,1,all,Asia,MAE,clim,9.254875470645656,9.03370385169983,9.466298532485961,2689125.0,True,4522,230,wt_med,0.6810260444402321,0.6032670021057129,0.7554969787597656,0.4495793581008911,0.9782402038574218,2679689.0,0.9022725428486097,False
UC2,1,all,Asia,MAE,h5,8.705336432005543,8.512715196609497,8.895478177070618,2990582.0,True,5342,230,wt_med,-0.052722548791503954,-0.06419587135314941,-0.041320085525512695,-0.10103862285614014,-0.019925713539123535,2969933.0,1.0,True
UC2,1,all,Asia,MAE,lvlh5_cbd,13.683338977894609,13.282776427268981,14.09941852092743,1387910.0,True,2505,230,wt_med,4.250042005337773,3.9722286462783813,4.539568543434143,2.8122948169708253,5.799696588516236,1376790.0,0.4635761143433202,False
UC2,1,all,Asia,MAE,lvlh5_naive,9.044935354633797,8.849420261383056,9.25053505897522,2836868.0,True,5075,230,wt_med,0.3456820128813476,0.26632778644561766,0.42475237846374514,0.20369431972503663,0.45753312110900873,2824430.0,0.9510079857020344,False
UC2,1,all,Asia,MAE,lvlh5_tft,8.832468519842118,8.616727375984192,9.068075561523438,1961378.0,True,3906,230,wt_med,0.18541901834697683,0.06003880500793457,0.31289618015289306,-0.2210770845413208,0.48802709579467773,1947411.0,0.6557087314764339,False
UC2,1,all,Asia,MAE,oracle_level,5.786759608663885,5.687762641906739,5.889095449447632,2981310.0,True,5222,230,wt_med,-2.9959424111043225,-3.1289018988609314,-2.8582427978515623,-3.736580193042755,-2.3578362464904785,2962163.0,0.9973837793647197,True
UC2,1,all,Asia,MAE,oracle_shape,7.749655758369359,7.561372685432434,7.948476898670196,2835667.0,True,4772,230,wt_med,-0.9640725445672551,-1.0800896048545838,-0.8481178402900696,-1.4536832809448241,-0.43782639503479015,2814106.0,0.9475318130072294,True
UC2,1,all,Asia,MAE,snaive7,9.741623901216773,9.50993721485138,9.986221718788146,2619716.0,True,4860,230,wt_med,1.0469242667789658,0.8704177379608155,1.2267029762268067,0.5196169018745422,1.504616594314575,2607297.0,0.8778975822013493,False
UC2,1,all,Asia,MAE,wt_med,8.762168372148462,8.569052577018738,8.949919486045838,2969933.0,True,5338,230,wt_med,,,,,,,,
UC2,1,busy,all,MAE,clim,15.62169498594114,15.466678094863891,15.780323314666749,3299343.0,True,15221,230,wt_med,1.0059034158420062,0.931099271774292,1.0779425382614136,0.7912906169891357,1.2448349714279174,3289028.0,0.9115597766378836,False
UC2,1,busy,all,MAE,h5,14.551164862796997,14.407886028289795,14.688528156280517,3636072.0,True,16318,230,wt_med,-0.17461802256680237,-0.18728442192077638,-0.16341116428375244,-0.21518318653106688,-0.14008326530456544,3608132.0,1.0,True
UC2,1,busy,all,MAE,lvlh5_cbd,18.67765252851168,18.398558616638184,18.955517387390138,1899350.0,True,8733,230,wt_med,4.370691124007731,4.137080812454224,4.590706205368042,3.208825874328613,5.5854989528656,1888216.0,0.5233223174761898,False
UC2,1,busy,all,MAE,lvlh5_naive,14.70802282454337,14.566709494590759,14.847424578666686,3468824.0,True,15944,230,wt_med,0.07497318505412665,0.001891756057739258,0.14608211517333985,-0.058120203018188474,0.19860615730285644,3449117.0,0.9559287187941018,False
UC2,1,busy,all,MAE,lvlh5_tft,13.901530935586536,13.757350778579712,14.062269449234009,2412586.0,True,11352,230,wt_med,-0.4947546563608256,-0.6146043062210083,-0.37741189002990727,-0.8187422752380371,-0.20754170417785647,2396352.0,0.6641530853084089,True
UC2,1,busy,all,MAE,oracle_level,9.682172561808525,9.607438921928406,9.75722782611847,3626658.0,True,16159,230,wt_med,-5.06513949320296,-5.173894572257995,-4.953916764259338,-5.617373108863831,-4.569564366340638,3599756.0,0.9976785771695714,True
UC2,1,busy,all,MAE,oracle_shape,11.664496638180838,11.50682990550995,11.81479377746582,3464227.0,True,15323,230,wt_med,-2.965386096848034,-3.0724960803985595,-2.8671374320983887,-3.180103087425232,-2.7104299306869506,3435682.0,0.9522051853978735,True
UC2,1,busy,all,MAE,snaive7,16.611200821151783,16.42058210372925,16.78728895187378,3088345.0,True,15383,230,wt_med,1.9283813840319635,1.7763108015060425,2.0831759214401244,1.504502034187317,2.2944870471954344,3072588.0,0.8515730577484416,False
UC2,1,busy,all,MAE,wt_med,14.728047227762177,14.582443737983704,14.869409775733947,3608132.0,True,16308,230,wt_med,,,,,,,,
UC2,1,busy,EU,MAE,clim,13.46292359740994,13.250064897537232,13.699535155296326,765851.0,True,4492,230,wt_med,0.6792158278102232,0.5329672813415527,0.8216484785079954,0.43117711544036863,0.9115517377853393,761950.0,0.9349228883405503,False
UC2,1,busy,EU,MAE,h5,12.688073865179515,12.490439987182617,12.897790837287904,821077.0,True,4638,230,wt_med,-0.16768396305707967,-0.18957266807556153,-0.14560425281524658,-0.24324638843536378,-0.1032552480697632,814987.0,1.0,True
UC2,1,busy,EU,MAE,lvlh5_cbd,16.007799012356514,15.71022891998291,16.33869514465332,502299.0,True,2895,230,wt_med,3.159602876666586,2.856856632232666,3.4813252687454224,1.6501186609268188,4.688751745223999,499817.0,0.613282175053099,False
UC2,1,busy,EU,MAE,lvlh5_naive,12.408901677121268,12.216692471504212,12.623194336891174,792224.0,True,4595,230,wt_med,-0.31623765808579307,-0.430985164642334,-0.19440293312072757,-0.5743398427963257,-0.0688228130340577,787425.0,0.9661810556487405,True
UC2,1,busy,EU,MAE,lvlh5_tft,11.41620484631866,11.225781464576722,11.603171849250794,557750.0,True,3219,230,wt_med,-1.4454900535480046,-1.6551499366760254,-1.2371832847595214,-2.116941499710083,-0.7720769405364997,554920.0,0.6808942964734407,True
UC2,1,busy,EU,MAE,oracle_level,8.103901124541931,8.005145168304443,8.21245563030243,818988.0,True,4610,230,wt_med,-4.752993606501329,-4.9334792137146,-4.568996405601501,-5.787106370925903,-3.639012277126313,813079.0,0.997658858362158,True
UC2,1,busy,EU,MAE,oracle_shape,9.461598410558778,9.234213471412659,9.695867562294007,789977.0,True,4417,230,wt_med,-3.2259389178148457,-3.3831215620040895,-3.063964295387268,-3.5392006397247315,-2.8411384105682376,783148.0,0.9609331191785881,True
UC2,1,busy,EU,MAE,snaive7,13.481882293203151,13.246433639526368,13.70840961933136,724733.0,True,4474,230,wt_med,0.7401750383995847,0.47219624519348147,0.9817679643630981,0.05545318126678468,1.3643741369247435,722013.0,0.8859196527061168,False
UC2,1,busy,EU,MAE,wt_med,12.85019086194013,12.647601103782653,13.059186148643494,814987.0,True,4636,230,wt_med,,,,,,,,
UC2,1,busy,NA,MAE,clim,14.988711472505509,14.815128540992736,15.166121196746825,1628999.0,True,6664,230,wt_med,0.9301869244589813,0.8499029636383056,1.0045226097106934,0.6999885559082031,1.223216676712036,1624667.0,0.9305032219192455,False
UC2,1,busy,NA,MAE,h5,14.11948638930523,13.95303270816803,14.2863285779953,1760711.0,True,6960,230,wt_med,-0.1933676315528725,-0.2093311071395874,-0.1796419620513916,-0.24646563529968263,-0.1549607276916504,1746009.0,1.0,True
UC2,1,busy,NA,MAE,lvlh5_cbd,16.78921461413918,16.467444515228273,17.101857805252074,843703.0,True,3546,230,wt_med,3.1077679008949914,2.8634785413742065,3.3451372623443603,2.457119846343994,3.869641780853271,839300.0,0.4806962621613062,False
UC2,1,busy,NA,MAE,lvlh5_naive,14.306897024720461,14.13961989879608,14.485743832588195,1686849.0,True,6846,230,wt_med,0.16615840551376593,0.07806766033172607,0.24885406494140624,0.013835382461547852,0.315910005569458,1676098.0,0.9599595420183974,False
UC2,1,busy,NA,MAE,lvlh5_tft,13.718745048423642,13.535952496528626,13.914301800727845,1149545.0,True,4700,230,wt_med,-0.11189593834914291,-0.26106369495391846,0.02163813114166258,-0.3971570491790771,0.1701212167739868,1141240.0,0.6536277877147254,False
UC2,1,busy,NA,MAE,oracle_level,10.192344346213103,10.074193406105042,10.307865738868713,1755879.0,True,6927,230,wt_med,-4.133353961685593,-4.271112942695618,-4.0109563112258915,-4.585128545761108,-3.733344030380249,1741657.0,0.9975074584380722,True
UC2,1,busy,NA,MAE,oracle_shape,11.177967782921638,10.994970965385438,11.362244248390198,1685073.0,True,6638,230,wt_med,-2.967010913344609,-3.0938688278198243,-2.8376715421676635,-3.2784264087677,-2.637250018119812,1670304.0,0.9566411169701874,True
UC2,1,busy,NA,MAE,snaive7,16.710037233360378,16.501455783843994,16.922295236587523,1458101.0,True,6646,230,wt_med,2.5029750188204893,2.334663510322571,2.677223563194275,2.0789019346237185,2.966619062423706,1447890.0,0.8292568938648083,False
UC2,1,busy,NA,MAE,wt_med,14.303570600151545,14.137289643287659,14.470707893371582,1746009.0,True,6954,230,wt_med,,,,,,,,
UC2,1,busy,Asia,MAE,clim,18.589575043698513,18.185898542404175,19.014125967025755,904493.0,True,4065,230,wt_med,1.4180589553983722,1.2281033992767334,1.6010519504547118,0.8521474361419678,2.1176048278808595,902411.0,0.8617896815695383,False
UC2,1,busy,Asia,MAE,h5,16.723067503632798,16.38374819755554,17.074302005767823,1054284.0,True,4720,230,wt_med,-0.14875145157840208,-0.174501371383667,-0.12268433570861817,-0.23900847434997557,-0.0681421756744385,1047136.0,1.0,True
UC2,1,busy,Asia,MAE,lvlh5_cbd,23.980545978892,23.309302949905394,24.685676670074464,553348.0,True,2292,230,wt_med,7.403466553720467,6.798757934570313,7.995663261413574,4.568625497817993,9.860287714004516,549099.0,0.524381742199676,False
UC2,1,busy,Asia,MAE,lvlh5_naive,17.231948141315772,16.873078536987304,17.583451890945433,989751.0,True,4503,230,wt_med,0.23245571083805672,0.05153970718383789,0.4114078044891357,-0.03351826667785644,0.4717365264892578,985594.0,0.9412282645234239,False
UC2,1,busy,Asia,MAE,lvlh5_tft,16.164867953849665,15.80664939880371,16.57184453010559,705291.0,True,3433,230,wt_med,-0.36529244704759023,-0.6461076736450195,-0.08841629028320327,-1.152898359298706,0.184353160858154,700192.0,0.6686734101396571,False
UC2,1,busy,Asia,MAE,oracle_level,10.059419985712667,9.928828406333924,10.20329806804657,1051791.0,True,4622,230,wt_med,-6.860942500685514,-7.143299198150634,-6.581626057624817,-7.809601593017578,-5.940920615196228,1045020.0,0.997979250068759,True
UC2,1,busy,Asia,MAE,oracle_shape,14.252583068496527,13.865181851387025,14.618517184257508,989177.0,True,4268,230,wt_med,-2.7548800462000056,-2.9928349018096925,-2.513912606239319,-3.296456456184387,-2.0413237571716314,982230.0,0.9380156923264982,True
UC2,1,busy,Asia,MAE,snaive7,18.956624491585416,18.504244470596312,19.40070676803589,905511.0,True,4263,230,wt_med,1.9571312251782196,1.5576858043670654,2.3703391075134275,0.8074569702148438,2.681383657455444,902685.0,0.8620513476759466,False
UC2,1,busy,Asia,MAE,wt_med,16.897362902240015,16.55315570831299,17.24347996711731,1047136.0,True,4718,230,wt_med,,,,,,,,
D5,0,all,all,first-hour MAE (opening-aligned),clim,4.539297548129452,4.4637034177780155,4.60999344587326,785278.0,True,15849,231,wt_med,0.27946368812315203,0.2538464903831482,0.30408668518066406,0.1918375611305237,0.3789648175239563,781411.0,0.9125498952462588,False
D5,0,all,all,first-hour MAE (opening-aligned),h5,4.111407718140102,4.046455574035645,4.170748662948609,869510.0,True,17486,231,wt_med,-0.16025067033051776,-0.18274835348129273,-0.13771592378616335,-0.290379935503006,-0.06927024126052858,856294.0,1.0,True
D5,0,all,all,first-hour MAE (opening-aligned),lvlh5_cbd,3.954341525166088,3.8754766047000886,4.034278225898743,462162.0,True,9165,231,wt_med,-0.16455198027949036,-0.19758293628692628,-0.131136953830719,-0.3397179841995239,-0.04087435603141785,456085.0,0.5326266445870227,True
D5,0,all,all,first-hour MAE (opening-aligned),lvlh5_naive,4.110102073405321,4.045420086383819,4.17005821466446,869342.0,True,17482,231,wt_med,-0.16014980047400051,-0.18222506046295167,-0.13724604845046998,-0.2893934190273285,-0.06950730085372926,856128.0,0.999806141348649,True
D5,0,all,all,first-hour MAE (opening-aligned),lvlh5_tft,3.874581819115972,3.8040043234825136,3.9415388464927674,579566.0,True,11933,231,wt_med,-0.20744922620110762,-0.23709216117858886,-0.17770879268646242,-0.38790948390960694,-0.08092953562736512,571904.0,0.6678827598932142,True
D5,0,all,all,first-hour MAE (opening-aligned),oracle_level,4.103359123369422,4.037566065788269,4.164422106742859,864824.0,True,17428,231,wt_med,-0.16824227912257328,-0.19058703184127807,-0.14465364217758178,-0.2968138337135315,-0.07202892899513245,852040.0,0.995032080103329,True
D5,0,all,all,first-hour MAE (opening-aligned),oracle_shape,4.505981989744096,4.437679672241211,4.576475977897644,828129.0,True,16627,231,wt_med,0.2300836383965832,0.16734893321990968,0.2922800421714783,-0.10499299764633178,0.5816745042800903,816296.0,0.9532894076100031,False
D5,0,all,all,first-hour MAE (opening-aligned),snaive7,5.012244834365421,4.928338897228241,5.098845529556274,706012.0,True,15703,231,wt_med,0.6931192869161853,0.6371181845664978,0.7500683665275574,0.5117247819900512,0.8749639630317687,703648.0,0.8217364596738971,False
D5,0,all,all,first-hour MAE (opening-aligned),wt_med,4.259762418048007,4.189569711685181,4.324163401126862,856294.0,True,17304,231,wt_med,,,,,,,,
D5,1,all,all,first-hour MAE (opening-aligned),clim,4.553964480797206,4.477916121482849,4.625558316707611,779522.0,True,15751,230,wt_med,0.23373437411326492,0.2090044856071472,0.25771918296813967,0.1451849579811096,0.3327860593795776,775316.0,0.9128269973638882,False
D5,1,all,all,first-hour MAE (opening-aligned),h5,4.1747487373167065,4.108930993080139,4.236906409263611,863439.0,True,17365,230,wt_med,-0.1701709351897973,-0.1922295093536377,-0.14809360504150393,-0.3088797330856323,-0.07475444078445435,849357.0,1.0,True
D5,1,all,all,first-hour MAE (opening-aligned),lvlh5_cbd,4.018948784571655,3.941047006845474,4.099924802780151,455893.0,True,9027,230,wt_med,-0.1809917245323307,-0.21551594138145447,-0.14692624807357788,-0.36970391869544983,-0.050028294324874885,449278.0,0.5289624975128244,True
D5,1,all,all,first-hour MAE (opening-aligned),lvlh5_naive,4.173018822760144,4.106889832019806,4.235187804698944,863181.0,True,17360,230,wt_med,-0.17089912782031114,-0.1928608536720276,-0.14832662343978884,-0.30812438726425173,-0.07524982690811159,849103.0,0.9997009502482466,True
D5,1,all,all,first-hour MAE (opening-aligned),lvlh5_tft,3.9224553440940433,3.851484566926956,3.9904029071331024,574601.0,True,11813,230,wt_med,-0.2154880871205478,-0.24579840898513794,-0.1842645823955536,-0.4059134483337402,-0.0818988680839539,566332.0,0.6667773386220399,True
D5,1,all,all,first-hour MAE (opening-aligned),oracle_level,4.164871693880971,4.0982583403587345,4.227905571460724,858832.0,True,17306,230,wt_med,-0.18023123667507335,-0.2030143141746521,-0.15695430040359498,-0.3169318675994873,-0.08003616929054261,845164.0,0.9950633243736144,True
D5,1,all,all,first-hour MAE (opening-aligned),oracle_shape,4.502852257772218,4.435279679298401,4.572456431388855,826201.0,True,16588,230,wt_med,0.1606822061094597,0.09690052270889282,0.2236066699028015,-0.18521902561187745,0.5137599647045136,813132.0,0.9573500895383213,False
D5,1,all,all,first-hour MAE (opening-aligned),snaive7,5.009658154947623,4.92498859167099,5.095580506324768,704793.0,True,15677,230,wt_med,0.6236313198773482,0.567359185218811,0.6810842990875244,0.44322178363800047,0.798807668685913,701497.0,0.8259153689202537,False
D5,1,all,all,first-hour MAE (opening-aligned),wt_med,4.331458974259352,4.259643399715424,4.397292184829712,849357.0,True,17167,230,wt_med,,,,,,,,
D5,2,all,all,first-hour MAE (opening-aligned),clim,4.565761792528977,4.489326059818268,4.637948906421661,774325.0,True,15658,229,wt_med,0.2193448759092993,0.19449150562286377,0.24428277015686034,0.12803924679756165,0.31941510438919063,769961.0,0.9123884933688511,False
D5,2,all,all,first-hour MAE (opening-aligned),h5,4.198224210174396,4.131443440914154,4.260489356517792,858449.0,True,17258,229,wt_med,-0.17447669795804188,-0.19655208587646483,-0.15243499279022216,-0.3138685703277588,-0.07759488821029664,843896.0,1.0,True
D5,2,all,all,first-hour MAE (opening-aligned),lvlh5_cbd,4.036369942358859,3.9538031339645388,4.120135748386383,452527.0,True,8961,229,wt_med,-0.18827395153392512,-0.2236320734024048,-0.15292336344718935,-0.38164170980453493,-0.05633688569068912,445443.0,0.5278411083830234,True
D5,2,all,all,first-hour MAE (opening-aligned),lvlh5_naive,4.1960143894504895,4.129039454460144,4.258173704147339,858180.0,True,17252,229,wt_med,-0.17524801109945898,-0.1973055601119995,-0.15311821699142455,-0.3138496994972229,-0.07827661037445069,843637.0,0.9996930901438091,True
D5,2,all,all,first-hour MAE (opening-aligned),lvlh5_tft,3.9445647768023773,3.8739632606506347,4.01314389705658,569999.0,True,11708,229,wt_med,-0.21931536236263405,-0.25067652463912965,-0.1869777798652649,-0.41391624212265016,-0.0834204971790314,561334.0,0.6651696417568042,True
D5,2,all,all,first-hour MAE (opening-aligned),oracle_level,4.187024534070257,4.119597458839417,4.250438177585602,853871.0,True,17204,229,wt_med,-0.1858274732103551,-0.20834380388259888,-0.16233015060424805,-0.32394282817840575,-0.08413885831832886,839730.0,0.9950633727378729,True
D5,2,all,all,first-hour MAE (opening-aligned),oracle_shape,4.501526557456395,4.434178566932678,4.570194029808045,824278.0,True,16545,229,wt_med,0.13035983029046605,0.06557925939559936,0.19471131563186644,-0.21953641176223754,0.4882048904895782,810392.0,0.9602984253983903,False
D5,2,all,all,first-hour MAE (opening-aligned),snaive7,5.008401473882931,4.924747729301453,5.094127345085144,703448.0,True,15642,229,wt_med,0.5948830994369336,0.5379864335060119,0.6512844800949097,0.4132234573364258,0.7692805886268616,699740.0,0.8291780029766701,False
D5,2,all,all,first-hour MAE (opening-aligned),wt_med,4.359888540768057,4.28984135389328,4.42662113904953,843896.0,True,17051,229,wt_med,,,,,,,,
D5,3,all,all,first-hour MAE (opening-aligned),clim,4.571419754289538,4.492101669311523,4.641242551803589,769605.0,True,15563,228,wt_med,0.2069191069708607,0.18207632303237914,0.2326261520385742,0.1137879490852356,0.3077622652053833,765171.0,0.9123776614010989,False
D5,3,all,all,first-hour MAE (opening-aligned),h5,4.214608255498256,4.146112453937531,4.277103877067566,853407.0,True,17150,228,wt_med,-0.178097157833486,-0.19996774196624756,-0.15600415468215942,-0.3185397326946259,-0.08159165978431702,838656.0,1.0,True
D5,3,all,all,first-hour MAE (opening-aligned),lvlh5_cbd,4.053005744551765,3.9710768163204193,4.1373881816864015,451673.0,True,8935,228,wt_med,-0.20062982984342792,-0.23744629621505736,-0.16491526961326602,-0.40025084018707274,-0.06428970098495487,444239.0,0.5297034779456654,True
D5,3,all,all,first-hour MAE (opening-aligned),lvlh5_naive,4.212119161849043,4.142302644252777,4.274488615989685,853146.0,True,17144,228,wt_med,-0.17909486837944755,-0.20143746137619017,-0.1571844220161438,-0.31717079877853394,-0.08227380514144898,838405.0,0.9997007116147741,True
D5,3,all,all,first-hour MAE (opening-aligned),lvlh5_tft,3.962474713936267,3.888841670751572,4.032074534893036,565437.0,True,11603,228,wt_med,-0.22256475795652664,-0.25332955121994016,-0.19054894447326662,-0.41662750244140623,-0.08620083928108216,556494.0,0.6635545444139194,True
D5,3,all,all,first-hour MAE (opening-aligned),oracle_level,4.202742860148642,4.134243321418762,4.264480423927307,848864.0,True,17098,228,wt_med,-0.19011995036501705,-0.21250951290130615,-0.1667899012565613,-0.33301148414611814,-0.08793370723724366,834536.0,0.9950873778998779,True
D5,3,all,all,first-hour MAE (opening-aligned),oracle_shape,4.499903887492174,4.43268791437149,4.568796622753143,821737.0,True,16497,228,wt_med,0.1085602987303913,0.04447000026702881,0.17321839332580566,-0.2442883610725403,0.46657693386077875,807375.0,0.9627010359432234,False
D5,3,all,all,first-hour MAE (opening-aligned),prod_served,5.79619558469294,5.704852056503296,5.884871089458466,563766.0,True,11305,228,wt_med,1.6132397640552458,1.5558762550354004,1.6711750149726867,1.3858878552913665,1.873201024532318,554028.0,0.6606141254578755,False
D5,3,all,all,first-hour MAE (opening-aligned),prod_served_lin,5.945482921992458,5.8518365859985355,6.03498797416687,563766.0,True,11305,228,wt_med,1.7648038546788252,1.7049408555030823,1.8283982872962952,1.5366803586483002,2.0114091873168944,554028.0,0.6606141254578755,False
D5,3,all,all,first-hour MAE (opening-aligned),snaive7,5.008406380124621,4.923704206943512,5.095364463329315,701491.0,True,15603,228,wt_med,0.5712584899841495,0.5149900317192078,0.6309202075004577,0.3912412405014038,0.7452032804489135,697145.0,0.8312645470848596,False
D5,3,all,all,first-hour MAE (opening-aligned),wt_med,4.3793718759539075,4.307729482650757,4.4466636896133425,838656.0,True,16940,228,wt_med,,,,,,,,
D5,4,all,all,first-hour MAE (opening-aligned),clim,4.5753788616568345,4.500849866867066,4.646368300914764,764989.0,True,15469,227,wt_med,0.19882187421929398,0.173317289352417,0.22424172163009642,0.10114781856536866,0.30523167848587035,760530.0,0.9126122720809259,False
D5,4,all,all,first-hour MAE (opening-aligned),h5,4.228421282611565,4.160478127002716,4.292698752880097,848472.0,True,17036,227,wt_med,-0.17965077907974347,-0.20120058059692383,-0.15754626989364626,-0.317526763677597,-0.0834854006767273,833355.0,1.0,True
D5,4,all,all,first-hour MAE (opening-aligned),lvlh5_cbd,4.070161473741331,3.991024023294449,4.15448272228241,449630.0,True,8888,227,wt_med,-0.20457645435291827,-0.24094278812408448,-0.16765464544296266,-0.39916070699691775,-0.06825333833694465,441952.0,0.5303286114561021,True
D5,4,all,all,first-hour MAE (opening-aligned),lvlh5_naive,4.224823090607943,4.1561439514160154,4.2880812048912045,848287.0,True,17031,227,wt_med,-0.18142212768000388,-0.2027725100517273,-0.15926456451416016,-0.3192309677600861,-0.08429034352302552,833174.0,0.9997828056470531,True
D5,4,all,all,first-hour MAE (opening-aligned),lvlh5_tft,3.9788655590959183,3.9052901446819304,4.0500627040863035,560406.0,True,11497,227,wt_med,-0.22187940820183538,-0.25307236313819886,-0.1895206928253174,-0.4150131106376648,-0.08934128284454348,551235.0,0.6614648019151502,True
D5,4,all,all,first-hour MAE (opening-aligned),oracle_level,4.214465452817284,4.145451772212982,4.275644850730896,843984.0,True,16986,227,wt_med,-0.193691907464153,-0.21595776081085205,-0.17050158977508545,-0.33740774393081663,-0.09040491580963135,829287.0,0.9951185269183002,True
D5,4,all,all,first-hour MAE (opening-aligned),oracle_shape,4.496202358064368,4.428374516963959,4.564278960227966,819329.0,True,16446,227,wt_med,0.08630634293156358,0.022816240787506104,0.15008280277252195,-0.27150189876556396,0.44746640920639036,804347.0,0.9651913050260693,False
D5,4,all,all,first-hour MAE (opening-aligned),prod_served,5.81149655604258,5.717893207073212,5.902588355541229,558950.0,True,11196,227,wt_med,1.6151592983223129,1.557137632369995,1.6706029176712036,1.39648380279541,1.8604369759559631,548970.0,0.6587468725813129,False
D5,4,all,all,first-hour MAE (opening-aligned),prod_served_lin,5.962789381876733,5.869139397144318,6.05491578578949,558950.0,True,11196,227,wt_med,1.768737362697415,1.7070356130599975,1.830076849460602,1.55010929107666,1.995209765434265,548970.0,0.6587468725813129,False
D5,4,all,all,first-hour MAE (opening-aligned),snaive7,4.99958542111922,4.915087544918061,5.0861053466796875,699505.0,True,15558,227,wt_med,0.5435559457242656,0.4871491551399231,0.6010910868644714,0.367008638381958,0.715632426738739,693717.0,0.8324387565923286,False
D5,4,all,all,first-hour MAE (opening-aligned),wt_med,4.396411493301174,4.325454771518707,4.465347182750702,833355.0,True,16835,227,wt_med,,,,,,,,
D5,5,all,all,first-hour MAE (opening-aligned),clim,4.58500071008158,4.505600273609161,4.658056151866913,760476.0,True,15367,226,wt_med,0.189272357083607,0.16285767555236816,0.2152825832366943,0.08814131617546082,0.29936096668243406,755879.0,0.9126449327420315,False
D5,5,all,all,first-hour MAE (opening-aligned),h5,4.250664252209631,4.182205307483673,4.314868402481079,843806.0,True,16929,226,wt_med,-0.17986684540145248,-0.2011062264442444,-0.15851635932922364,-0.3166555047035217,-0.08562608361244203,828229.0,1.0,True
D5,5,all,all,first-hour MAE (opening-aligned),lvlh5_cbd,4.105026011293488,4.023918414115906,4.190632605552674,445321.0,True,8794,226,wt_med,-0.2039659447153115,-0.24050257205963135,-0.16580790281295776,-0.39063960313796997,-0.07040222287178041,437200.0,0.527873329719196,True
D5,5,all,all,first-hour MAE (opening-aligned),lvlh5_naive,4.248114482317525,4.178771448135376,4.311171448230743,843625.0,True,16924,226,wt_med,-0.18061550000926552,-0.20273206233978272,-0.1591435432434082,-0.31393091678619384,-0.08609220981597901,828052.0,0.9997862909895693,True
D5,5,all,all,first-hour MAE (opening-aligned),lvlh5_tft,3.994403378356018,3.9204426229000093,4.066039478778839,555945.0,True,11395,226,wt_med,-0.2251942212066358,-0.2562912583351135,-0.19441840648651124,-0.41874203085899353,-0.09184121489524842,546377.0,0.6596931524976788,True
D5,5,all,all,first-hour MAE (opening-aligned),oracle_level,4.2366372317680785,4.1666826725006105,4.299730563163758,839355.0,True,16880,226,wt_med,-0.1939990523138011,-0.21651861667633057,-0.1705447793006897,-0.33356680870056155,-0.0938650012016297,824206.0,0.9951426477459736,True
D5,5,all,all,first-hour MAE (opening-aligned),oracle_shape,4.495032017817795,4.427480316162109,4.563068604469299,817457.0,True,16408,226,wt_med,0.06409558744252841,0.000677299499511719,0.12673461437225342,-0.2985349059104919,0.4252596795558929,801639.0,0.9678953526138302,False
D5,5,all,all,first-hour MAE (opening-aligned),prod_served,5.83742264380186,5.7460389018058775,5.923341166973114,554739.0,True,11098,226,wt_med,1.6258209829933659,1.5681254029273988,1.68523690700531,1.4021260142326355,1.8762316823005676,544317.0,0.6572059176870165,False
D5,5,all,all,first-hour MAE (opening-aligned),prod_served_lin,5.99073280407543,5.897286379337311,6.079050624370575,554739.0,True,11098,226,wt_med,1.7817374801815848,1.7213208079338074,1.843018686771393,1.5613210558891297,2.01909818649292,544317.0,0.6572059176870165,False
D5,5,all,all,first-hour MAE (opening-aligned),snaive7,4.994444484248386,4.910743296146393,5.080865275859833,697865.0,True,15525,226,wt_med,0.5166522431785596,0.4601594567298889,0.5743767619132996,0.33868910670280455,0.6852333426475524,689847.0,0.8329181905004533,False
D5,5,all,all,first-hour MAE (opening-aligned),wt_med,4.419083369454583,4.34721223115921,4.488000679016113,828229.0,True,16731,226,wt_med,,,,,,,,
D5,6,all,all,first-hour MAE (opening-aligned),clim,4.5932912007135025,4.514211583137512,4.666834664344788,755709.0,True,15265,225,wt_med,0.16124704550750657,0.13426798582077026,0.18779605627059937,0.056899321079254155,0.27398748397827144,750975.0,0.9126467149700919,False
D5,6,all,all,first-hour MAE (opening-aligned),h5,4.291384937831936,4.219848084449768,4.356097614765167,839016.0,True,16828,225,wt_med,-0.17657764925491026,-0.1972862958908081,-0.15624361038208007,-0.30717483162879944,-0.08715986013412476,822854.0,1.0,True
D5,6,all,all,first-hour MAE (opening-aligned),lvlh5_cbd,4.160153022724037,4.079336965084076,4.245059585571289,440329.0,True,8707,225,wt_med,-0.2011677586541074,-0.23766790628433226,-0.16305181980133057,-0.3821043252944946,-0.07183831930160524,432027.0,0.5250348178413181,True
D5,6,all,all,first-hour MAE (opening-aligned),lvlh5_naive,4.289909695358581,4.216605722904205,4.354749488830566,838834.0,True,16823,225,wt_med,-0.17625061291349198,-0.19784207344055177,-0.15535387992858887,-0.3036279797554016,-0.0879770576953888,822677.0,0.9997848950117518,True
D5,6,all,all,first-hour MAE (opening-aligned),lvlh5_tft,4.034915743950869,3.960852700471878,4.107384383678436,550383.0,True,11276,225,wt_med,-0.22397558440030352,-0.25557332634925845,-0.19444499015808106,-0.41436817646026614,-0.0917492926120758,540533.0,0.6569002520495738,True
D5,6,all,all,first-hour MAE (opening-aligned),oracle_level,4.273260553996384,4.203041207790375,4.33570145368576,834605.0,True,16779,225,wt_med,-0.19481808204557982,-0.2170519709587097,-0.1713821530342102,-0.33342119455337527,-0.09572012424468994,818864.0,0.9951510231462689,True
D5,6,all,all,first-hour MAE (opening-aligned),oracle_shape,4.494838212797278,4.426501834392548,4.563834571838379,815453.0,True,16368,225,wt_med,0.024901731539592298,-0.03905067443847656,0.08768024444580078,-0.34626814126968386,0.3932684540748595,798461.0,0.9703556159415887,False
D5,6,all,all,first-hour MAE (opening-aligned),prod_served,5.8129533461840195,5.721953809261322,5.901188695430756,549387.0,True,10981,225,wt_med,1.5645672800193102,1.505437421798706,1.6235394954681397,1.3535251319408417,1.8038168430328367,538570.0,0.6545146526601316,False
D5,6,all,all,first-hour MAE (opening-aligned),prod_served_lin,5.960583113542913,5.867654252052307,6.053613150119782,549387.0,True,10981,225,wt_med,1.7149915517017282,1.6517245888710022,1.7760959029197694,1.490926629304886,1.9563997030258178,538570.0,0.6545146526601316,False
D5,6,all,all,first-hour MAE (opening-aligned),snaive7,4.988491052267171,4.9046842694282535,5.073726260662079,696154.0,True,15492,225,wt_med,0.47139433735502134,0.41563762426376344,0.5303031206130981,0.2901076912879944,0.63689546585083,685616.0,0.833217071315203,False
D5,6,all,all,first-hour MAE (opening-aligned),wt_med,4.456182384724386,4.383873867988586,4.525481808185577,822854.0,True,16621,225,wt_med,,,,,,,,
D5,7,all,all,first-hour MAE (opening-aligned),clim,4.610108093990603,4.5290615320205685,4.682950472831726,750458.0,True,15170,224,wt_med,0.11587171913105809,0.08952679634094238,0.14171762466430662,0.010369181632995605,0.22695292234420775,745458.0,0.9132470549032675,False
D5,7,all,all,first-hour MAE (opening-aligned),h5,4.356701660654325,4.28494164943695,4.419767355918884,833286.0,True,16714,224,wt_med,-0.17959240302252244,-0.20019153356552125,-0.15915049314498902,-0.310243022441864,-0.09156028032302857,816272.0,1.0,True
D5,7,all,all,first-hour MAE (opening-aligned),lvlh5_cbd,4.230153456833505,4.144550728797912,4.314702463150025,435271.0,True,8595,224,wt_med,-0.1983233516182823,-0.2350243091583252,-0.1610443949699402,-0.3786639213562012,-0.07401539683341983,426545.0,0.5225525315091049,True
D5,7,all,all,first-hour MAE (opening-aligned),lvlh5_naive,4.359121518620236,4.286685597896576,4.422936654090881,832864.0,True,16704,224,wt_med,-0.17129929858420478,-0.19237016439437865,-0.1500580906867981,-0.29500962495803834,-0.08726295828819276,815860.0,0.9994952662837877,True
D5,7,all,all,first-hour MAE (opening-aligned),lvlh5_tft,4.093515727127207,4.018401372432709,4.169565153121948,544567.0,True,11149,224,wt_med,-0.22710332324860083,-0.25551029443740847,-0.19689775705337526,-0.40896155834198,-0.09942232370376587,534227.0,0.6544717937158202,True
D5,7,all,all,first-hour MAE (opening-aligned),oracle_level,4.335942168406021,4.266575014591217,4.39911960363388,828913.0,True,16666,224,wt_med,-0.20071219969847043,-0.22371398210525512,-0.17802165746688844,-0.3390283823013306,-0.10116817951202393,812324.0,0.9951633769135778,True
D5,7,all,all,first-hour MAE (opening-aligned),oracle_shape,4.867950302838759,4.796125984191894,4.941467201709747,791417.0,True,15829,224,wt_med,0.36139010436474894,0.2938994288444519,0.42963812351226804,-0.023078393936157227,0.7386753976345062,775695.0,0.9502898543622714,False
D5,7,all,all,first-hour MAE (opening-aligned),prod_served,5.903128331434033,5.808431553840637,5.998920977115631,544060.0,True,10861,224,wt_med,1.5978012323011592,1.5389393806457519,1.6573810338974,1.3867571115493775,1.8418331384658813,532662.0,0.652554540643315,False
D5,7,all,all,first-hour MAE (opening-aligned),prod_served_lin,6.05487009704812,5.959630024433136,6.154494726657868,544060.0,True,10861,224,wt_med,1.7524954849416705,1.690921950340271,1.8153652906417848,1.5308797240257264,1.9884038329124452,532662.0,0.652554540643315,False
D5,7,all,all,first-hour MAE (opening-aligned),wt_med,4.5263711115902545,4.452117776870727,4.5935522556304935,816272.0,True,16486,224,wt_med,,,,,,,,
D5,10,all,all,first-hour MAE (opening-aligned),clim,4.627915007470631,4.548404467105866,4.70135395526886,735547.0,True,14899,221,wt_med,0.07063060102555685,0.044580817222595215,0.09900146722793579,-0.03437076807022094,0.18099555969238282,730335.0,0.9115377702780287,False
D5,10,all,all,first-hour MAE (opening-aligned),h5,4.4150775498174974,4.341243326663971,4.4794904589653015,819441.0,True,16421,221,wt_med,-0.17473878636365914,-0.1943601131439209,-0.15631906986236574,-0.29359118938446044,-0.09122653007507325,801212.0,1.0,True
D5,10,all,all,first-hour MAE (opening-aligned),lvlh5_cbd,4.3218691871711705,4.231293869018555,4.415830671787262,424376.0,True,8353,221,wt_med,-0.1910182573419279,-0.2287898063659668,-0.15383467674255372,-0.35364887714385984,-0.08053553104400635,414639.0,0.5175147152064622,True
D5,10,all,all,first-hour MAE (opening-aligned),lvlh5_naive,4.424009362222832,4.349764943122864,4.489914917945862,819041.0,True,16408,221,wt_med,-0.1604150010054397,-0.18107556104660033,-0.1404207944869995,-0.27352926731109617,-0.07729713916778568,800820.0,0.999510741227041,True
D5,10,all,all,first-hour MAE (opening-aligned),lvlh5_tft,4.179163461438001,4.098712599277496,4.25963568687439,531578.0,True,10843,221,wt_med,-0.21012459645453418,-0.23945183753967286,-0.17845157384872437,-0.36845693588256834,-0.0961959719657898,520245.0,0.6493225263725456,True
D5,10,all,all,first-hour MAE (opening-aligned),oracle_level,4.3889393883000904,4.318713068962097,4.454026126861573,815168.0,True,16375,221,wt_med,-0.20125235360091587,-0.22443450689315797,-0.17930015325546264,-0.3324810266494751,-0.10870109796524048,797354.0,0.9951847950355212,True
D5,10,all,all,first-hour MAE (opening-aligned),oracle_shape,4.866115452704472,4.7924734354019165,4.941139030456543,785576.0,True,15713,221,wt_med,0.28963725129029516,0.22232848405838013,0.35910402536392205,-0.10145388841629029,0.6655361056327816,767863.0,0.9583768091341618,False
D5,10,all,all,first-hour MAE (opening-aligned),prod_served,5.981128020270882,5.884929740428925,6.07924268245697,530416.0,True,10554,221,wt_med,1.6048334327390217,1.5397183299064636,1.6667802214622498,1.3762939631938935,1.8579504251480101,518079.0,0.6466191220301244,False
D5,10,all,all,first-hour MAE (opening-aligned),prod_served_lin,6.135028449368043,6.036855804920196,6.2351349830627445,530416.0,True,10554,221,wt_med,1.7621393165907122,1.6947597980499267,1.828759753704071,1.5205973982810974,2.021855127811432,518079.0,0.6466191220301244,False
D5,10,all,all,first-hour MAE (opening-aligned),wt_med,4.583256366604594,4.50823142528534,4.653207135200501,801212.0,True,16175,221,wt_med,,,,,,,,
D5,14,all,all,first-hour MAE (opening-aligned),clim,4.677321267069216,4.601155173778534,4.7495717883110045,717593.0,True,14521,217,wt_med,0.04014734413875676,0.013282322883605957,0.06822723150253295,-0.07184557914733887,0.15758824348449704,711803.0,0.9107138287691213,False
D5,14,all,all,first-hour MAE (opening-aligned),h5,4.491542881891788,4.416151547431946,4.558928108215332,801189.0,True,16003,217,wt_med,-0.17420783072411528,-0.19325785636901854,-0.15588173866271973,-0.2898719906806946,-0.0932109951972962,781588.0,1.0,True
D5,14,all,all,first-hour MAE (opening-aligned),lvlh5_cbd,4.42393213502302,4.329232907295227,4.520455551147461,405159.0,True,7932,217,wt_med,-0.18724351769912584,-0.22568508386611938,-0.15126835107803346,-0.3441270351409912,-0.07817504405975345,394373.0,0.5045791388813544,True
D5,14,all,all,first-hour MAE (opening-aligned),lvlh5_naive,4.504059922879236,4.426483380794525,4.573640406131744,800753.0,True,15989,217,wt_med,-0.1549734189317542,-0.17546240091323853,-0.13606061935424804,-0.26594866514205934,-0.07031221389770512,781164.0,0.9994575147008399,True
D5,14,all,all,first-hour MAE (opening-aligned),lvlh5_tft,4.273771773681582,4.1948333263397215,4.3573259830474855,511987.0,True,10411,217,wt_med,-0.20702445756657983,-0.23840708732604982,-0.17492461204528809,-0.35487483739852904,-0.09722011089324951,499524.0,0.6391142136266166,True
D5,14,all,all,first-hour MAE (opening-aligned),oracle_level,4.464561866954955,4.390991520881653,4.531685960292816,797077.0,True,15956,217,wt_med,-0.20167694512809398,-0.22467929124832153,-0.18015795946121216,-0.32412567138671877,-0.1105784296989441,777853.0,0.9952212674708414,True
D5,14,all,all,first-hour MAE (opening-aligned),oracle_shape,5.107822439962353,5.02907783985138,5.187947845458984,757310.0,True,15061,217,wt_med,0.4663304329842175,0.38815033435821533,0.5366865873336791,0.05584244728088379,0.8626680374145507,740210.0,0.9470590643663925,False
D5,14,all,all,first-hour MAE (opening-aligned),prod_served,6.108499928483117,6.006028938293457,6.210630381107331,510369.0,True,10121,217,wt_med,1.638951570209005,1.5767319679260254,1.701052725315094,1.3965187907218932,1.8999197959899903,496781.0,0.6356046919860592,False
D5,14,all,all,first-hour MAE (opening-aligned),prod_served_lin,6.2700563219944785,6.168611454963684,6.370318198204041,510369.0,True,10121,217,wt_med,1.8042970645012586,1.7386564016342163,1.8705992698669434,1.5414888978004455,2.083561623096466,496781.0,0.6356046919860592,False
D5,14,all,all,first-hour MAE (opening-aligned),wt_med,4.65840442790831,4.580025565624237,4.727432215213776,781588.0,True,15744,217,wt_med,,,,,,,,
D5,21,all,all,first-hour MAE (opening-aligned),clim,4.740032599528341,4.656974637508393,4.81715145111084,686513.0,True,13889,210,wt_med,0.01178577359616284,-0.017655396461486814,0.038356101512908934,-0.10661094188690186,0.13249976634979246,680439.0,0.9083492859374124,False
D5,21,all,all,first-hour MAE (opening-aligned),h5,4.558144253445055,4.4816412925720215,4.629266440868378,771323.0,True,15280,210,wt_med,-0.17305062849255215,-0.19318511486053466,-0.15493146181106568,-0.28923156261444094,-0.09355952739715578,749094.0,1.0,True
D5,21,all,all,first-hour MAE (opening-aligned),lvlh5_cbd,4.5614335575749445,4.462593150138855,4.663056170940399,375225.0,True,7258,210,wt_med,-0.2011525498276372,-0.24247575998306276,-0.16181817054748535,-0.35663663148880004,-0.0847733497619629,363672.0,0.4854824628150806,True
D5,21,all,all,first-hour MAE (opening-aligned),lvlh5_naive,4.576114546349085,4.498854005336762,4.648752343654633,770915.0,True,15267,210,wt_med,-0.148891850540239,-0.1704714059829712,-0.1304012417793274,-0.2575648665428162,-0.06448512077331543,748694.0,0.9994660216207846,True
D5,21,all,all,first-hour MAE (opening-aligned),lvlh5_tft,4.399840293076277,4.313976466655731,4.4865739107131954,478954.0,True,9630,210,wt_med,-0.1943707566129147,-0.22540770769119262,-0.16110378503799438,-0.33512765169143677,-0.09001759290695194,464715.0,0.6203694062427413,True
D5,21,all,all,first-hour MAE (opening-aligned),oracle_level,4.529448464647066,4.455326700210572,4.597952914237976,767427.0,True,15238,210,wt_med,-0.20154738930837723,-0.2260983943939209,-0.17868438959121705,-0.32240766286849976,-0.11137567758560182,745535.0,0.9952489273709307,True
D5,21,all,all,first-hour MAE (opening-aligned),oracle_shape,5.302203804321737,5.21527373790741,5.386071181297302,724353.0,True,14322,210,wt_med,0.5574313224629002,0.47536364793777464,0.6289850115776061,0.1442444443702698,0.9516564488410949,705462.0,0.9417536383951813,False
D5,21,all,all,first-hour MAE (opening-aligned),prod_served,6.236098076020648,6.131541681289673,6.3479996681213375,477344.0,True,9421,210,wt_med,1.6341859815452047,1.563549017906189,1.7003104925155639,1.4042630910873413,1.8922071933746338,461777.0,0.6164473350474039,False
D5,21,all,all,first-hour MAE (opening-aligned),prod_served_lin,6.408518804049072,6.303164613246918,6.518513929843903,477344.0,True,9421,210,wt_med,1.811906775348274,1.7354543566703797,1.8817576050758362,1.563200628757477,2.0732545256614685,461777.0,0.6164473350474039,False
D5,21,all,all,first-hour MAE (opening-aligned),wt_med,4.727092995004632,4.647989296913147,4.800533020496369,749094.0,True,14988,210,wt_med,,,,,,,,
D5,30,all,all,first-hour MAE (opening-aligned),clim,4.803820084248042,4.719257318973542,4.882821273803711,643101.0,True,13020,201,wt_med,-0.002549049171677531,-0.03271979093551636,0.025545251369476312,-0.12103120088577271,0.11933294534683225,636708.0,0.9019919505986052,False
D5,30,all,all,first-hour MAE (opening-aligned),h5,4.616989174463033,4.538608503341675,4.684390389919281,731003.0,True,14358,201,wt_med,-0.1604667009495797,-0.18111251592636107,-0.14156796932220458,-0.27432177066802976,-0.08545278310775757,705891.0,1.0,True
D5,30,all,all,first-hour MAE (opening-aligned),lvlh5_cbd,4.698645914317502,4.588252782821655,4.814527761936188,338312.0,True,6511,201,wt_med,-0.22909697204543367,-0.2746994972229004,-0.18930479288101199,-0.40994011163711547,-0.09991366863250732,326022.0,0.4618588422291827,True
D5,30,all,all,first-hour MAE (opening-aligned),lvlh5_naive,4.640367849144324,4.562239694595337,4.712158417701721,730460.0,True,14331,201,wt_med,-0.1298969332746669,-0.15045244693756105,-0.11015473604202271,-0.23655630350112916,-0.04811768531799318,705364.0,0.9992534258122004,True
D5,30,all,all,first-hour MAE (opening-aligned),lvlh5_tft,4.627216390434618,4.523653733730316,4.742095935344696,363465.0,True,7218,201,wt_med,-0.1664865641224793,-0.205361008644104,-0.12902215719223023,-0.31233811378479004,-0.04786751866340638,351859.0,0.4984608105217378,True
D5,30,all,all,first-hour MAE (opening-aligned),oracle_level,4.576266376872642,4.50039165019989,4.644970440864563,727383.0,True,14317,201,wt_med,-0.2018557128978129,-0.22700486183166504,-0.1777843475341797,-0.32249141931533815,-0.11287559270858764,702610.0,0.9953519736049901,True
D5,30,all,all,first-hour MAE (opening-aligned),oracle_shape,5.3951158668971315,5.307618975639343,5.486572706699372,687554.0,True,13488,201,wt_med,0.5871530543433163,0.5032480478286743,0.6637588262557983,0.16309159994125366,0.9909094810485839,666480.0,0.9441684339366843,False
D5,30,all,all,first-hour MAE (opening-aligned),prod_served,6.562432519339009,6.440639090538025,6.689471805095673,382517.0,True,7539,201,wt_med,1.7251970492854074,1.6458240509033204,1.799267327785492,1.4900269985198975,1.9820699453353883,368182.0,0.5215847772531453,False
D5,30,all,all,first-hour MAE (opening-aligned),prod_served_lin,6.715749561457399,6.596150290966034,6.836281108856201,382517.0,True,7539,201,wt_med,1.8844046558495524,1.7981833338737487,1.965097141265869,1.628342294692993,2.1469334602355956,368182.0,0.5215847772531453,False
D5,30,all,all,first-hour MAE (opening-aligned),wt_med,4.784079978353598,4.704564082622528,4.856451773643494,705891.0,True,14056,201,wt_med,,,,,,,,
D5,45,all,all,first-hour MAE (opening-aligned),clim,4.82559021349149,4.7385879278182985,4.905949056148529,573606.0,True,11629,186,wt_med,-0.0262061713915962,-0.05514295101165771,0.004648125171661372,-0.1533879518508911,0.10804419517517085,568721.0,0.8948077264982008,False
D5,45,all,all,first-hour MAE (opening-aligned),h5,4.664874146140918,4.586719083786011,4.742335379123688,664044.0,True,13007,186,wt_med,-0.13664833561209555,-0.15452088117599488,-0.11876844167709351,-0.23094772100448607,-0.06858659982681274,635579.0,1.0,True
D5,45,all,all,first-hour MAE (opening-aligned),lvlh5_cbd,4.418631040988928,4.254653716087342,4.600851929187774,74110.0,True,1855,186,wt_med,-0.2503694295195844,-0.34554879665374755,-0.17436308860778812,-0.5340564012527466,-0.0355473279953003,68944.0,0.10847432026545874,True
D5,45,all,all,first-hour MAE (opening-aligned),lvlh5_naive,4.68402196552014,4.605891978740692,4.762475228309631,663375.0,True,12970,186,wt_med,-0.11286459971050977,-0.13155351877212523,-0.09327373504638672,-0.1984924554824829,-0.047779023647308384,634952.0,0.9990134979286603,True
D5,45,all,all,first-hour MAE (opening-aligned),lvlh5_tft,4.790364607088152,4.6572978615760805,4.934788429737091,248035.0,True,4957,186,wt_med,-0.15478579124399872,-0.1953603744506836,-0.11544880867004398,-0.29111809730529786,-0.04946578741073611,242236.0,0.38112650040356905,True
D5,45,all,all,first-hour MAE (opening-aligned),oracle_level,4.6272843346326,4.547301077842713,4.702245998382568,660814.0,True,12983,186,wt_med,-0.17528617549593406,-0.1996880888938904,-0.1531963348388672,-0.2754638671875,-0.09600062370300293,632674.0,0.995429364406313,True
D5,45,all,all,first-hour MAE (opening-aligned),oracle_shape,5.483780461790948,5.394938576221466,5.574460732936859,620411.0,True,12135,186,wt_med,0.654052137718522,0.5688247442245483,0.7310820579528808,0.22963733673095704,1.0668773293495175,599142.0,0.9426711706963257,False
D5,45,all,all,first-hour MAE (opening-aligned),prod_served,6.802165167197755,6.645473730564118,6.96681535243988,262982.0,True,5285,186,wt_med,1.8422450592885378,1.7490746140480042,1.9376885175704956,1.6166629195213318,2.1225459218025207,253000.0,0.3980622393125009,False
D5,45,all,all,first-hour MAE (opening-aligned),prod_served_lin,6.9595057836658025,6.806053364276886,7.12219899892807,262982.0,True,5285,186,wt_med,2.006262845849803,1.905811858177185,2.1080610513687135,1.7237476110458374,2.3235374450683595,253000.0,0.3980622393125009,False
D5,45,all,all,first-hour MAE (opening-aligned),wt_med,4.817711881607164,4.7333858728408815,4.896357667446137,635579.0,True,12671,186,wt_med,,,,,,,,
D5,60,all,all,first-hour MAE (opening-aligned),clim,4.86271467324291,4.766521871089935,4.952620017528534,506875.0,True,10272,171,clim,,,,,,,,
D5,60,all,all,first-hour MAE (opening-aligned),h5,4.761509108865747,4.674570894241333,4.8396944284439085,587779.0,True,11587,171,clim,-0.07255589593955847,-0.10704600811004639,-0.03950464725494385,-0.263617479801178,0.08301486968994137,504822.0,0.9959496917385944,False
D5,60,all,all,first-hour MAE (opening-aligned),lvlh5_naive,4.78194863855898,4.697611165046692,4.862185609340668,587045.0,True,11539,171,clim,-0.04509566867093362,-0.07940202951431274,-0.009501612186431889,-0.2365647315979004,0.11555211544036864,504552.0,0.9954170160295931,False
D5,60,all,all,first-hour MAE (opening-aligned),lvlh5_tft,1.3371019843101062,0.9349738404154777,1.815367421507835,4334.0,True,168,171,clim,0.10417671166827391,0.026106464862823486,0.20056006610393523,-0.16139313578605652,0.9325273871421811,4148.0,0.00818347718865598,False
D5,60,all,all,first-hour MAE (opening-aligned),oracle_level,4.726031668108979,4.643894171714782,4.8058682680130005,584912.0,True,11569,171,clim,-0.11128855866830101,-0.14657015800476075,-0.0761372447013855,-0.3069684743881226,0.04755606651306152,502823.0,0.9920059186189889,False
D5,60,all,all,first-hour MAE (opening-aligned),oracle_shape,5.594161697407844,5.497855162620544,5.6911365509033205,547409.0,True,10743,171,clim,0.6883704753073223,0.5915132999420166,0.7847374320030213,0.15931392908096315,1.2054557144641875,488532.0,0.9638115906288532,False
D5,60,all,all,first-hour MAE (opening-aligned),prod_served,1.890738060781476,1.3671438157558442,2.484095400571823,4146.0,True,163,171,clim,0.5862487852283769,0.35961776971817017,0.8586714118719101,0.1906502924859524,2.794969105720519,4116.0,0.008120345252774353,False
D5,60,all,all,first-hour MAE (opening-aligned),prod_served_lin,1.9535395561987459,1.4218759417533875,2.5470020473003387,4146.0,True,163,171,clim,0.6489006316812438,0.41830250024795534,0.9182955771684647,0.251118503138423,2.896375608444213,4116.0,0.008120345252774353,False
D5,60,all,all,first-hour MAE (opening-aligned),wt_med,4.882811696122227,4.793121421337128,4.968079543113708,563674.0,True,11289,171,clim,0.052439171989055566,0.022122502326965332,0.0818707823753357,-0.11084159612655639,0.19950332641601562,504003.0,0.9943339087546239,False
D5,90,all,all,first-hour MAE (opening-aligned),clim,5.042091541060122,4.935824608802795,5.146382224559784,383937.0,True,7768,141,wt_med,0.021753018088896958,-0.016860866546630857,0.05846977233886719,-0.1466192126274109,0.22477706670761108,381947.0,0.8701854071073484,False
D5,90,all,all,first-hour MAE (opening-aligned),h5,4.900238926552188,4.806780195236206,4.991301226615906,456678.0,True,8940,141,wt_med,-0.08673927951408622,-0.1029705286026001,-0.07124775648117067,-0.14434970617294313,-0.03915274143218994,438926.0,1.0,True
D5,90,all,all,first-hour MAE (opening-aligned),lvlh5_naive,4.948466236618843,4.852027547359467,5.041927468776703,454560.0,True,8871,141,wt_med,-0.041952740557555934,-0.06143431663513184,-0.021926093101501468,-0.10332752466201782,0.019562149047851557,436872.0,0.9953203956931237,False
D5,90,all,all,first-hour MAE (opening-aligned),oracle_level,4.894869366132042,4.795752477645874,4.990193128585815,454552.0,True,8928,141,wt_med,-0.09287563423070022,-0.12179900407791137,-0.06163549423217775,-0.1841491937637329,0.0006623387336730814,437002.0,0.9956165731809007,False
D5,90,all,all,first-hour MAE (opening-aligned),oracle_shape,5.589196527352577,5.481613993644714,5.6964900374412535,422235.0,True,8240,141,wt_med,0.5596984603222142,0.4499768853187561,0.6644517421722411,0.09633897542953491,1.090447723865509,411086.0,0.9365724518483753,False
D5,90,all,all,first-hour MAE (opening-aligned),wt_med,4.9871288098677224,4.885654008388519,5.084197270870209,438926.0,True,8725,141,wt_med,,,,,,,,
UC3,0,all,all,"MAE, schedule known at origin",clim,8.13676429498217,8.03307065963745,8.232030510902405,8879357.0,True,15312,231,wt_med,0.6211780348183451,0.5866428971290588,0.6549139499664307,0.5165848731994629,0.7344961166381836,8840282.0,0.9106995855521913,False
UC3,0,all,all,"MAE, schedule known at origin",h5,7.520493877246424,7.427750372886658,7.604343342781067,9795511.0,True,16466,231,wt_med,-0.07037362370537181,-0.07613587379455566,-0.06504437923431397,-0.09033552408218384,-0.05286164283752441,9707133.0,1.0,True
UC3,0,all,all,"MAE, schedule known at origin",lvlh5_cbd,10.14636277129106,10.000975155830384,10.30309100151062,5591428.0,True,9026,231,wt_med,2.728058405030919,2.631868541240692,2.818346154689789,2.2996556997299193,3.2282981514930724,5549602.0,0.5717035091617679,False
UC3,0,all,all,"MAE, schedule known at origin",lvlh5_naive,7.887963575330241,7.795806145668029,7.97554726600647,9247547.0,True,16075,231,wt_med,0.3460307258748001,0.3129487633705139,0.379327130317688,0.28493695259094237,0.4091216325759887,9187162.0,0.9464341325085378,False
UC3,0,all,all,"MAE, schedule known at origin",lvlh5_tft,7.437004438296146,7.339917027950287,7.533575010299683,6929649.0,True,11729,231,wt_med,0.053629876090019124,0.0033260822296142596,0.10612344741821288,-0.07277114391326904,0.17884083986282348,6874739.0,0.7082151856784078,False
UC3,0,all,all,"MAE, schedule known at origin",oracle_level,5.3954429084473245,5.344054400920868,5.452749013900757,9749383.0,True,16320,231,wt_med,-2.218068158123697,-2.271467697620392,-2.16246497631073,-2.535470461845398,-1.94116530418396,9666220.0,0.995785264299974,True
UC3,0,all,all,"MAE, schedule known at origin",oracle_shape,6.696360980756981,6.604508006572724,6.778789854049682,9216395.0,True,15268,231,wt_med,-0.8600589744591609,-0.9173615574836731,-0.8054058790206909,-1.0827568650245667,-0.6357531547546387,9126186.0,0.9401525661593387,True
UC3,0,all,all,"MAE, schedule known at origin",snaive7,8.728264032215515,8.618886375427246,8.8400235414505,8248448.0,True,15412,231,wt_med,1.166179150627709,1.0895525217056274,1.2431493282318116,0.973887026309967,1.3573403358459473,8205542.0,0.8453105566803298,False
UC3,0,all,all,"MAE, schedule known at origin",wt_med,7.594438955353759,7.500104260444641,7.678081417083741,9707133.0,True,16456,231,wt_med,,,,,,,,
UC3,1,all,all,"MAE, schedule known at origin",clim,8.172324842057032,8.0631915807724,8.272647190093995,8721186.0,True,15095,230,wt_med,0.5488324452468314,0.5134178757667541,0.5827769875526428,0.4458139896392822,0.6657253980636597,8676895.0,0.9117846838074875,False
UC3,1,all,all,"MAE, schedule known at origin",h5,7.632536220635629,7.537853622436524,7.717439615726471,9611648.0,True,16180,230,wt_med,-0.07612575430420776,-0.08193082809448242,-0.07046036720275879,-0.09699422121047974,-0.057925319671630865,9516386.0,1.0,True
UC3,1,all,all,"MAE, schedule known at origin",lvlh5_cbd,10.24293212907086,10.086391043663024,10.402991223335267,5423983.0,True,8781,230,wt_med,2.718813530857818,2.6195507049560547,2.8116877913475036,2.2693135023117064,3.22769261598587,5379856.0,0.5653255342942163,False
UC3,1,all,all,"MAE, schedule known at origin",lvlh5_naive,7.919776973571641,7.826755034923553,8.006800889968872,9115811.0,True,15822,230,wt_med,0.26474276894986914,0.22986104488372802,0.2984776496887207,0.20049015283584595,0.3302267789840698,9048826.0,0.9508679030043548,False
UC3,1,all,all,"MAE, schedule known at origin",lvlh5_tft,7.583880039505096,7.486243331432343,7.6825167536735535,6780037.0,True,11493,230,wt_med,0.1082392965153618,0.05789813995361328,0.16409063339233398,-0.026850700378417965,0.24116549491882325,6722101.0,0.7063712001593883,False
UC3,1,all,all,"MAE, schedule known at origin",oracle_level,5.427888470527458,5.375837707519532,5.483772122859955,9566076.0,True,16042,230,wt_med,-2.3049899647100016,-2.3601270079612733,-2.2470094084739687,-2.6344767451286315,-2.014329397678375,9476148.0,0.9957717141780503,True
UC3,1,all,all,"MAE, schedule known at origin",oracle_shape,6.699999090408175,6.607752168178559,6.78288516998291,9093391.0,True,15090,230,wt_med,-0.9679998589073513,-1.0290552973747253,-0.9119209766387939,-1.2057751655578612,-0.7425501823425293,8991688.0,0.94486373293391,True
UC3,1,all,all,"MAE, schedule known at origin",snaive7,8.739011536153145,8.625449061393738,8.85125391483307,8139195.0,True,15235,230,wt_med,1.0634182859017853,0.9860735654830932,1.14358252286911,0.8726674556732178,1.2643459558486938,8082314.0,0.8493049777510076,False
UC3,1,all,all,"MAE, schedule known at origin",wt_med,7.712678163748297,7.6140711307525635,7.798398160934449,9516386.0,True,16170,230,wt_med,,,,,,,,
UC3,2,all,all,"MAE, schedule known at origin",clim,8.191587571558564,8.085113883018494,8.292134785652161,8633488.0,True,14950,229,wt_med,0.527284996073222,0.49135924577713014,0.560466980934143,0.4237356424331665,0.6472455382347106,8587192.0,0.9119397290026776,False
UC3,2,all,all,"MAE, schedule known at origin",h5,7.666758386133934,7.571886599063873,7.751101291179657,9515201.0,True,16000,229,wt_med,-0.07955192656898813,-0.08513277769088745,-0.07385431528091431,-0.10087798833847046,-0.06092382669448852,9416403.0,1.0,True
UC3,2,all,all,"MAE, schedule known at origin",lvlh5_cbd,10.255648207257508,10.108714294433593,10.415260648727417,5368532.0,True,8699,229,wt_med,2.705845318947379,2.6044660925865175,2.80460205078125,2.2626801133155823,3.21919287443161,5322063.0,0.5651906571968086,False
UC3,2,all,all,"MAE, schedule known at origin",lvlh5_naive,7.925099753565774,7.833449828624725,8.011768627166749,9059712.0,True,15656,229,wt_med,0.2301411263733124,0.19406007528305053,0.26384583711624143,0.1630643606185913,0.2977597951889038,8988231.0,0.9545291338953951,False
UC3,2,all,all,"MAE, schedule known at origin",lvlh5_tft,7.637473957501771,7.5400306224823,7.734301888942719,6691443.0,True,11332,229,wt_med,0.1311738375820175,0.07836195230484008,0.18771058320999143,0.004787981510162354,0.2575478196144103,6631533.0,0.7042533120130904,False
UC3,2,all,all,"MAE, schedule known at origin",oracle_level,5.432443303891253,5.378900492191315,5.489809048175812,9470273.0,True,15869,229,wt_med,-2.3402277133125837,-2.3947950124740602,-2.2828155636787417,-2.674514377117157,-2.0470449924468994,9376774.0,0.9957914927812669,True
UC3,2,all,all,"MAE, schedule known at origin",oracle_shape,6.692240000238389,6.602182400226593,6.7747045993804935,9043423.0,True,14987,229,wt_med,-1.0142975281200135,-1.0739590525627136,-0.9595044374465942,-1.2544844031333924,-0.785270392894745,8933988.0,0.9487686540178877,True
UC3,2,all,all,"MAE, schedule known at origin",snaive7,8.732609064842656,8.620446419715881,8.845948624610902,8096445.0,True,15128,229,wt_med,1.0155995257197459,0.9389695048332214,1.0947459816932679,0.8166954994201661,1.2174402475357056,8033225.0,0.8531097277803424,False
UC3,2,all,all,"MAE, schedule known at origin",wt_med,7.752367650365007,7.654429376125336,7.838170266151428,9416403.0,True,15992,229,wt_med,,,,,,,,
UC3,3,all,all,"MAE, schedule known at origin",clim,8.204335390939525,8.102135133743285,8.305381512641906,8551847.0,True,14794,228,wt_med,0.508587617617394,0.47225695848464966,0.5433400988578796,0.40326887369155884,0.6251813411712647,8504163.0,0.9117946700061328,False
UC3,3,all,all,"MAE, schedule known at origin",h5,7.688907314532813,7.595777201652527,7.775125646591187,9428285.0,True,15826,228,wt_med,-0.08258693458877797,-0.08808122873306275,-0.07692757844924927,-0.10414557456970215,-0.06408778429031373,9326840.0,1.0,True
UC3,3,all,all,"MAE, schedule known at origin",lvlh5_cbd,10.262337692018603,10.111174058914184,10.430206990242004,5349595.0,True,8665,228,wt_med,2.666437066922488,2.565127635002136,2.7618179321289062,2.224394881725311,3.189799165725708,5300141.0,0.5682676018887426,False
UC3,3,all,all,"MAE, schedule known at origin",lvlh5_naive,7.925463058627278,7.832150757312775,8.011560034751891,9005679.0,True,15506,228,wt_med,0.20107765480850492,0.16494821310043334,0.2357474327087402,0.1304874300956726,0.27213927507400515,8930630.0,0.9575193741931887,False
UC3,3,all,all,"MAE, schedule known at origin",lvlh5_tft,7.707827113851325,7.613605487346649,7.812819993495941,6614481.0,True,11177,228,wt_med,0.1802990190782463,0.1255083680152893,0.2379583477973938,0.05138963460922241,0.31098042726516717,6552385.0,0.7025300101642142,False
UC3,3,all,all,"MAE, schedule known at origin",oracle_level,5.434028988950069,5.379570364952087,5.49056191444397,9383973.0,True,15701,228,wt_med,-2.3640280884566156,-2.421565592288971,-2.3036407351493837,-2.6979331731796266,-2.0678890347480774,9287810.0,0.9958153029321828,True
UC3,3,all,all,"MAE, schedule known at origin",oracle_shape,6.680648224983724,6.588284873962403,6.763552749156952,8993824.0,True,14884,228,wt_med,-1.0539905902502875,-1.1151489973068238,-0.9968378067016601,-1.2982368350028992,-0.8219342827796938,8878471.0,0.9519270192262331,True
UC3,3,all,all,"MAE, schedule known at origin",prod_served,8.086424930490477,7.988005578517914,8.19973132610321,6443002.0,True,10503,228,wt_med,0.6594096313774696,0.5918715715408325,0.7327152132987976,0.5005089640617371,0.8229806780815123,6364261.0,0.6823598346278054,False
UC3,3,all,all,"MAE, schedule known at origin",prod_served_lin,8.063678293907095,7.965473806858062,8.177099776268005,6443002.0,True,10503,228,wt_med,0.6364775501821818,0.5692686438560486,0.7090931296348572,0.4722236514091492,0.7969033479690552,6364261.0,0.6823598346278054,False
UC3,3,all,all,"MAE, schedule known at origin",snaive7,8.727121319809813,8.61454529762268,8.8391263961792,8053524.0,True,15026,228,wt_med,0.9782007244668289,0.8990699410438537,1.0602599859237671,0.7745343327522278,1.1821619749069214,7982146.0,0.8558253384854891,False
UC3,3,all,all,"MAE, schedule known at origin",wt_med,7.779065310437404,7.6835167646408085,7.864424240589142,9326840.0,True,15819,228,wt_med,,,,,,,,
UC3,4,all,all,"MAE, schedule known at origin",clim,8.2057304420707,8.104803347587586,8.31042547225952,8473622.0,True,14628,227,wt_med,0.49353233594657375,0.4563807249069214,0.5294661283493042,0.38876134157180786,0.6161984443664551,8425685.0,0.9123814663772262,False
UC3,4,all,all,"MAE, schedule known at origin",h5,7.700190233527685,7.60654901266098,7.787677955627442,9337865.0,True,15642,227,wt_med,-0.08351417276143902,-0.0890665054321289,-0.07794519662857055,-0.1051602840423584,-0.06479331254959106,9234827.0,1.0,True
UC3,4,all,all,"MAE, schedule known at origin",lvlh5_cbd,10.256591027855427,10.098821091651917,10.419967031478881,5310316.0,True,8587,227,wt_med,2.6382124763535835,2.5342378854751586,2.736129379272461,2.1777506828308106,3.167360734939575,5258959.0,0.569470223968462,False
UC3,4,all,all,"MAE, schedule known at origin",lvlh5_naive,7.91360245251483,7.818396854400635,8.001007461547852,8947897.0,True,15338,227,wt_med,0.1720923145008335,0.13638840913772582,0.20737775564193725,0.09861061573028565,0.24547984600067138,8870201.0,0.9605162067464826,False
UC3,4,all,all,"MAE, schedule known at origin",lvlh5_tft,7.740271369001655,7.637940096855163,7.845278120040893,6530326.0,True,11014,227,wt_med,0.1906001526087433,0.13538475036621095,0.25153849124908445,0.06227496862411499,0.31978142261505127,6466592.0,0.7002396471531086,False
UC3,4,all,all,"MAE, schedule known at origin",oracle_level,5.428881570495491,5.37457914352417,5.484930610656738,9293972.0,True,15520,227,wt_med,-2.3818706874679467,-2.4417791843414305,-2.322257626056671,-2.7151037216186524,-2.087210309505463,9196344.0,0.995832840182063,True
UC3,4,all,all,"MAE, schedule known at origin",oracle_shape,6.661227427500513,6.5694422125816345,6.7443016290664675,8940711.0,True,14771,227,wt_med,-1.0905802501280961,-1.1525753498077393,-1.0329607725143433,-1.3414082407951355,-0.8537146210670472,8820274.0,0.9551098250135059,True
UC3,4,all,all,"MAE, schedule known at origin",prod_served,8.147510699206522,8.04703221321106,8.260850620269775,6364257.0,True,10345,227,wt_med,0.7023200618016823,0.6315942645072937,0.7754283905029297,0.5390051960945129,0.8690401434898376,6283324.0,0.6803943376524542,False
UC3,4,all,all,"MAE, schedule known at origin",prod_served_lin,8.124770161701516,8.025090956687928,8.237169909477235,6364257.0,True,10345,227,wt_med,0.6793481244958883,0.6088866472244263,0.7532056331634521,0.5145155787467957,0.844228994846344,6283324.0,0.6803943376524542,False
UC3,4,all,all,"MAE, schedule known at origin",snaive7,8.709167261939632,8.596950030326843,8.824545454978942,8006131.0,True,14908,227,wt_med,0.9428002691835271,0.8625970840454101,1.0251446485519409,0.7342575550079345,1.1464425563812255,7915789.0,0.8571670048610548,False
UC3,4,all,all,"MAE, schedule known at origin",wt_med,7.792659082839343,7.6978951573371885,7.881313514709473,9234827.0,True,15634,227,wt_med,,,,,,,,
UC3,5,all,all,"MAE, schedule known at origin",clim,8.198985023934338,8.092866802215577,8.303409075737,8367685.0,True,14417,226,wt_med,0.4863235407776223,0.45218420028686523,0.5200425505638122,0.3785735249519348,0.6109925150871277,8319551.0,0.9120691569910311,False
UC3,5,all,all,"MAE, schedule known at origin",h5,7.701342425494069,7.607639396190644,7.7897714376449585,9226648.0,True,15429,226,wt_med,-0.08515972842771546,-0.09092632532119752,-0.0793830156326294,-0.10706707239151,-0.06650489568710327,9121623.0,1.0,True
UC3,5,all,all,"MAE, schedule known at origin",lvlh5_cbd,10.26007312046831,10.110291385650635,10.42120943069458,5237726.0,True,8439,226,wt_med,2.597415513965224,2.496051001548767,2.692646884918213,2.1430927753448485,3.125172972679138,5184236.0,0.5683457867092293,False
UC3,5,all,all,"MAE, schedule known at origin",lvlh5_naive,7.890249043595241,7.797032737731934,7.976676404476166,8869422.0,True,15141,226,wt_med,0.14348898792414833,0.10702594518661498,0.17744332551956177,0.06555275917053223,0.22029814720153806,8788362.0,0.9634647255208859,False
UC3,5,all,all,"MAE, schedule known at origin",lvlh5_tft,7.809317137350764,7.706701493263244,7.915960681438446,6434781.0,True,10817,226,wt_med,0.24631243630485766,0.18739989995956421,0.3025475978851318,0.11090571880340576,0.38384368419647213,6369215.0,0.6982545759674567,False
UC3,5,all,all,"MAE, schedule known at origin",oracle_level,5.4254256226127255,5.36976672410965,5.481458532810211,9183142.0,True,15313,226,wt_med,-2.3894497945769793,-2.4470217704772947,-2.3297809600830077,-2.7272101402282716,-2.09595330953598,9083639.0,0.9958358287774007,True
UC3,5,all,all,"MAE, schedule known at origin",oracle_shape,6.632909737922436,6.541066586971283,6.716175282001496,8867885.0,True,14633,226,wt_med,-1.123214359774976,-1.1850085377693176,-1.067058765888214,-1.3806301832199097,-0.8835485816001892,8740769.0,0.9582471233463606,True
UC3,5,all,all,"MAE, schedule known at origin",prod_served,8.217590113955199,8.111223554611206,8.32871491909027,6272114.0,True,10155,226,wt_med,0.7676769423541474,0.6954858541488648,0.838232946395874,0.5942286133766175,0.9539342284202575,6187453.0,0.6783280782378311,False
UC3,5,all,all,"MAE, schedule known at origin",prod_served_lin,8.19577051692619,8.090121006965637,8.306497740745545,6272114.0,True,10155,226,wt_med,0.745635158764034,0.6730906963348389,0.816373324394226,0.5718109011650085,0.9270794987678528,6187453.0,0.6783280782378311,False
UC3,5,all,all,"MAE, schedule known at origin",snaive7,8.681197943016711,8.573110795021057,8.794835352897644,7939977.0,True,14768,226,wt_med,0.9100016532376252,0.8338067650794982,0.9942063808441162,0.6983372569084167,1.114346694946289,7827066.0,0.8580782170015139,False
UC3,5,all,all,"MAE, schedule known at origin",wt_med,7.796139130064902,7.700161564350128,7.885611474514008,9121623.0,True,15421,226,wt_med,,,,,,,,
UC3,6,all,all,"MAE, schedule known at origin",clim,8.197191715886236,8.09203794002533,8.296275186538697,8262127.0,True,14206,225,wt_med,0.4604181261124314,0.42523584365844724,0.49496238231658934,0.3506905436515808,0.5860944867134094,8212307.0,0.9121794620452782,False
UC3,6,all,all,"MAE, schedule known at origin",h5,7.723877047605981,7.629594290256501,7.8131263732910154,9111250.0,True,15207,225,wt_med,-0.08761704912089385,-0.09336069822311402,-0.08209829330444336,-0.10935049057006836,-0.06853874921798707,9002951.0,1.0,True
UC3,6,all,all,"MAE, schedule known at origin",lvlh5_cbd,10.60810244251246,10.459878873825073,10.766785097122192,5161387.0,True,8293,225,wt_med,2.88887142280819,2.79124059677124,2.990321397781372,2.449457550048828,3.3830018162727353,5105669.0,0.5671106062889824,False
UC3,6,all,all,"MAE, schedule known at origin",lvlh5_naive,7.882610504646854,7.790189433097839,7.968220186233521,8786610.0,True,14950,225,wt_med,0.10693309173282017,0.06956243515014648,0.14173295497894287,0.02569375038146973,0.18871066570281983,8700928.0,0.9664528886139667,False
UC3,6,all,all,"MAE, schedule known at origin",lvlh5_tft,7.858028589824547,7.750456464290619,7.966843962669373,6330724.0,True,10623,225,wt_med,0.25767623729604416,0.1951112151145935,0.3148741483688354,0.12254030704498291,0.40042041540145873,6263060.0,0.6956674539270512,False
UC3,6,all,all,"MAE, schedule known at origin",oracle_level,5.435724748258754,5.380041909217835,5.492933762073517,9068305.0,True,15102,225,wt_med,-2.4046280364006725,-2.4617786765098573,-2.3430418968200684,-2.7376941680908202,-2.1172314405441286,8965588.0,0.9958499163218816,True
UC3,6,all,all,"MAE, schedule known at origin",oracle_shape,6.6068671205908105,6.514899408817291,6.686830854415893,8794213.0,True,14493,225,wt_med,-1.1788288121759862,-1.2395930409431457,-1.1243337869644165,-1.4427780151367187,-0.9344534635543824,8655675.0,0.9614264256242203,True
UC3,6,all,all,"MAE, schedule known at origin",prod_served,8.223710487109729,8.119895458221436,8.329948544502258,6175200.0,True,9968,225,wt_med,0.7457413387079734,0.6708627462387085,0.8204991102218628,0.5756386280059814,0.9247772097587585,6086361.0,0.6760406671101509,False
UC3,6,all,all,"MAE, schedule known at origin",prod_served_lin,8.202966725774065,8.100231099128724,8.30964515209198,6175200.0,True,9968,225,wt_med,0.7247950992391017,0.6497202277183532,0.799667477607727,0.5520025610923767,0.9037899494171142,6086361.0,0.6760406671101509,False
UC3,6,all,all,"MAE, schedule known at origin",snaive7,8.652359923925841,8.544098734855652,8.766131258010864,7870741.0,True,14605,225,wt_med,0.8501538666964779,0.7712252974510193,0.9324490666389464,0.6292844295501709,1.0623873233795167,7728768.0,0.8584705170560186,False
UC3,6,all,all,"MAE, schedule known at origin",wt_med,7.822053402267768,7.726467549800873,7.913855743408203,9002951.0,True,15196,225,wt_med,,,,,,,,
UC3,7,all,all,"MAE, schedule known at origin",clim,8.201476804365637,8.098465490341187,8.299786448478699,8160458.0,True,14014,224,wt_med,0.39024445296601407,0.3541478991508484,0.4254480600357055,0.282442569732666,0.515349519252777,8107531.0,0.9131008380448555,False
UC3,7,all,all,"MAE, schedule known at origin",h5,7.805221956161867,7.709053194522857,7.897814416885376,8992947.0,True,14976,224,wt_med,-0.09257951858737279,-0.0985257387161255,-0.08667261600494384,-0.1145577073097229,-0.0729987621307373,8879119.0,1.0,True
UC3,7,all,all,"MAE, schedule known at origin",lvlh5_cbd,10.701658957654335,10.545248532295227,10.86124300956726,5062695.0,True,8112,224,wt_med,2.9078763847940863,2.79981015920639,3.0020103573799135,2.4676021933555603,3.395137560367584,5004882.0,0.5636687603803936,False
UC3,7,all,all,"MAE, schedule known at origin",lvlh5_naive,8.163336850245003,8.063964557647704,8.254444122314453,8450773.0,True,14606,224,wt_med,0.3529179523691415,0.319916820526123,0.3886117100715637,0.28142054080963136,0.4295121669769287,8366024.0,0.942213298413953,False
UC3,7,all,all,"MAE, schedule known at origin",lvlh5_tft,8.000027944638896,7.887888872623444,8.1149973154068,6217850.0,True,10408,224,wt_med,0.31967320951917877,0.2573249340057373,0.38328840732574465,0.19069675207138062,0.46066657304763786,6147639.0,0.6923703804397711,False
UC3,7,all,all,"MAE, schedule known at origin",oracle_level,5.463118551490286,5.407376372814179,5.520502996444702,8950350.0,True,14873,224,wt_med,-2.464794394670127,-2.5261327385902406,-2.40258709192276,-2.8029624342918398,-2.1729034185409546,8842302.0,0.9958535300630614,True
UC3,7,all,all,"MAE, schedule known at origin",oracle_shape,7.044759466867931,6.9467385649681095,7.13236289024353,8438573.0,True,13819,224,wt_med,-0.7747259000776481,-0.835015881061554,-0.7171465873718261,-1.0232676029205323,-0.5278309226036072,8308590.0,0.9357448638766976,True
UC3,7,all,all,"MAE, schedule known at origin",prod_served,8.362969762626937,8.255981945991516,8.478688883781434,6076553.0,True,9776,224,wt_med,0.8060188758833178,0.7248595118522644,0.879490303993225,0.6350160360336303,0.9870031833648681,5981283.0,0.6736347378608171,False
UC3,7,all,all,"MAE, schedule known at origin",prod_served_lin,8.342564053172909,8.234919452667237,8.458839893341064,6076553.0,True,9776,224,wt_med,0.7853747055606632,0.7046649217605591,0.8592959046363831,0.6164896249771118,0.965839958190918,5981283.0,0.6736347378608171,False
UC3,7,all,all,"MAE, schedule known at origin",wt_med,7.908247484913762,7.80886492729187,8.002082180976867,8879119.0,True,14963,224,wt_med,,,,,,,,
UC3,10,all,all,"MAE, schedule known at origin",clim,8.190386312046535,8.086133360862732,8.288954639434815,7854790.0,True,13504,221,wt_med,0.3330627720551922,0.2990812659263611,0.36963253021240233,0.21810992956161498,0.4568969964981079,7795523.0,0.9116115380410028,False
UC3,10,all,all,"MAE, schedule known at origin",h5,7.843546571514648,7.74276350736618,7.936282479763031,8673349.0,True,14372,221,wt_med,-0.09889389003977733,-0.10500437021255493,-0.09292870759963989,-0.12170860767364503,-0.07830611467361451,8551365.0,1.0,True
UC3,10,all,all,"MAE, schedule known at origin",lvlh5_cbd,10.674930991615884,10.51996681690216,10.841092824935913,4845062.0,True,7725,221,wt_med,2.798097266476737,2.698292922973633,2.901631534099579,2.3535006761550905,3.28536479473114,4780585.0,0.5590434977339875,False
UC3,10,all,all,"MAE, schedule known at origin",lvlh5_naive,8.123494276103436,8.024333214759826,8.218593311309814,8226860.0,True,14055,221,wt_med,0.25360392081803695,0.2194494366645813,0.28878672122955323,0.17502267360687257,0.3361729502677917,8132744.0,0.9510462949482335,False
UC3,10,all,all,"MAE, schedule known at origin",lvlh5_tft,8.108098497571577,7.997739160060883,8.222837471961975,5962380.0,True,9908,221,wt_med,0.36803709112215177,0.30705387592315675,0.4274358630180359,0.2349676728248596,0.5146093130111694,5885671.0,0.6882726909680501,False
UC3,10,all,all,"MAE, schedule known at origin",oracle_level,5.464396142569539,5.405677032470703,5.5228703141212465,8632031.0,True,14276,221,wt_med,-2.5122425081387583,-2.575481426715851,-2.450262701511383,-2.863943564891815,-2.2153405785560607,8515769.0,0.9958373897032813,True
UC3,10,all,all,"MAE, schedule known at origin",oracle_shape,6.977772482512293,6.8779809951782225,7.063532829284668,8230378.0,True,13424,221,wt_med,-0.8989701279443532,-0.959857189655304,-0.8406046748161315,-1.1674551010131835,-0.643700110912323,8082221.0,0.9451381153769018,True
UC3,10,all,all,"MAE, schedule known at origin",prod_served,8.475266119359782,8.357962965965271,8.600018095970153,5824642.0,True,9277,221,wt_med,0.863948965310791,0.7879861116409301,0.9439639449119568,0.676262629032135,1.0652953863143921,5719012.0,0.6687835216950744,False
UC3,10,all,all,"MAE, schedule known at origin",prod_served_lin,8.454783272517005,8.337826228141784,8.5790447473526,5824642.0,True,9277,221,wt_med,0.8431654584742967,0.7669684290885925,0.9232928156852722,0.6559034943580627,1.0396487593650816,5719012.0,0.6687835216950744,False
UC3,10,all,all,"MAE, schedule known at origin",wt_med,7.9573388575975885,7.854664397239685,8.050962090492249,8551365.0,True,14362,221,wt_med,,,,,,,,
UC3,14,all,all,"MAE, schedule known at origin",clim,8.18947580071453,8.08263692855835,8.294165301322938,7407946.0,True,12744,217,wt_med,0.2670280975125676,0.23042217493057252,0.3041792750358581,0.1444794774055481,0.394015622138977,7348017.0,0.9103274978601531,False
UC3,14,all,all,"MAE, schedule known at origin",h5,7.899191857611258,7.803146266937256,7.9994019031524655,8203907.0,True,13564,217,wt_med,-0.10487394817959039,-0.11077795028686524,-0.09901007413864135,-0.1299307107925415,-0.08327757120132447,8071839.0,1.0,True
UC3,14,all,all,"MAE, schedule known at origin",lvlh5_cbd,10.63488089305788,10.471358919143677,10.807929730415344,4484581.0,True,7067,217,wt_med,2.670576625976272,2.569583511352539,2.7700607776641846,2.2182659029960634,3.1755421638488768,4414129.0,0.5468554315813287,False
UC3,14,all,all,"MAE, schedule known at origin",lvlh5_naive,8.250297390967434,8.151746368408203,8.340664911270142,7642066.0,True,13205,217,wt_med,0.3565269890433038,0.32348995208740233,0.390091609954834,0.29123104810714723,0.42834796905517575,7542184.0,0.9343823631764707,False
UC3,14,all,all,"MAE, schedule known at origin",lvlh5_tft,8.265099176658035,8.146659111976623,8.392962002754212,5569327.0,True,9185,217,wt_med,0.4556540661049464,0.388908851146698,0.5176460862159729,0.30461164712905886,0.6273143053054809,5485442.0,0.679577726959123,False
UC3,14,all,all,"MAE, schedule known at origin",oracle_level,5.483137998412923,5.422574150562286,5.540957295894623,8164447.0,True,13479,217,wt_med,-2.55948076532804,-2.6245845317840577,-2.4980573773384096,-2.910355734825134,-2.2535404205322265,8038164.0,0.9958280882460614,True
UC3,14,all,all,"MAE, schedule known at origin",oracle_shape,7.20341225580019,7.105694806575775,7.304353928565979,7640290.0,True,12380,217,wt_med,-0.6965582824207281,-0.7604488492012024,-0.6343694448471069,-0.983227527141571,-0.42421448230743414,7486444.0,0.9274768736095951,True
UC3,14,all,all,"MAE, schedule known at origin",prod_served,8.65466324897844,8.533499908447265,8.784865188598634,5444616.0,True,8585,217,wt_med,0.9656962242772371,0.8779650688171386,1.0497470378875733,0.7485758543014527,1.2030657052993774,5326265.0,0.6598576854667195,False
UC3,14,all,all,"MAE, schedule known at origin",prod_served_lin,8.63414715564881,8.513017654418945,8.76433436870575,5444616.0,True,8585,217,wt_med,0.9447878579079338,0.856934666633606,1.0286545515060426,0.7323331236839294,1.177995789051056,5326265.0,0.6598576854667195,False
UC3,14,all,all,"MAE, schedule known at origin",wt_med,8.021808846782003,7.926382684707642,8.12229301929474,8071839.0,True,13554,217,wt_med,,,,,,,,
UC3,21,all,all,"MAE, schedule known at origin",clim,8.227004613100185,8.110569405555726,8.346029949188232,6828163.0,True,11711,210,wt_med,0.2141923798358043,0.17493070363998414,0.2545912265777588,0.0684382438659668,0.3574265718460082,6762164.0,0.90900419271712,False
UC3,21,all,all,"MAE, schedule known at origin",h5,7.937690225282626,7.833885443210602,8.0422997713089,7586071.0,True,12394,210,wt_med,-0.11742524959370115,-0.12350108623504638,-0.11152077913284301,-0.14585425853729247,-0.09345908164978027,7439090.0,1.0,True
UC3,21,all,all,"MAE, schedule known at origin",lvlh5_cbd,10.589215327742343,10.419114303588866,10.781676959991454,4025265.0,True,6193,210,wt_med,2.462482662004737,2.3579149723052977,2.5673619985580443,2.0120944738388062,2.9726303815841675,3945994.0,0.5304404167714062,False
UC3,21,all,all,"MAE, schedule known at origin",lvlh5_naive,8.348583432234383,8.243696570396423,8.448463249206544,7009615.0,True,12081,210,wt_med,0.3721917812213462,0.3381088972091675,0.40788466930389405,0.3114850282669067,0.4388435482978821,6897328.0,0.9271736193539801,False
UC3,21,all,all,"MAE, schedule known at origin",lvlh5_tft,8.351974062091582,8.224686861038208,8.481099700927734,5012701.0,True,8081,210,wt_med,0.3816845637022741,0.32387499809265136,0.445301079750061,0.2517169237136841,0.521830940246582,4918175.0,0.6611258903978847,False
UC3,21,all,all,"MAE, schedule known at origin",oracle_level,5.4688405851739565,5.40759288072586,5.531035542488098,7550033.0,True,12325,210,wt_med,-2.636465397448397,-2.703911030292511,-2.571056377887726,-3.00775865316391,-2.2951653838157653,7408534.0,0.9958925083578771,True
UC3,21,all,all,"MAE, schedule known at origin",oracle_shape,7.369155007959675,7.26458170413971,7.4698650598526,7017489.0,True,11233,210,wt_med,-0.6149081747455725,-0.6819796919822693,-0.5498006820678711,-0.9123983144760132,-0.3355696678161621,6841468.0,0.91966463640042,True
UC3,21,all,all,"MAE, schedule known at origin",prod_served,8.735891911701591,8.607967853546143,8.862932300567627,4927971.0,True,7638,210,wt_med,0.8508178844739618,0.7682321786880493,0.9369677186012267,0.6412479996681213,1.0765069603919983,4790591.0,0.6439754055939638,False
UC3,21,all,all,"MAE, schedule known at origin",prod_served_lin,8.716296524472241,8.58958625793457,8.842921543121339,4927971.0,True,7638,210,wt_med,0.8307309056440015,0.7479308843612671,0.9169157028198243,0.6221530079841614,1.052962076663971,4790591.0,0.6439754055939638,False
UC3,21,all,all,"MAE, schedule known at origin",wt_med,8.083044633147335,7.979159486293793,8.186789655685425,7439090.0,True,12380,210,wt_med,,,,,,,,
UC3,30,all,all,"MAE, schedule known at origin",clim,8.314316165812306,8.192778587341309,8.436901712417603,5915725.0,True,10156,201,wt_med,0.2033394635941903,0.15901944637298585,0.24801077842712402,0.031152069568634033,0.3762989640235901,5844232.0,0.9008311239903817,False
UC3,30,all,all,"MAE, schedule known at origin",h5,8.002974494833325,7.894220817089081,8.114003205299378,6645183.0,True,10694,201,wt_med,-0.1260945688698456,-0.1328789472579956,-0.11972130537033081,-0.157537579536438,-0.10006293058395387,6487600.0,1.0,True
UC3,30,all,all,"MAE, schedule known at origin",lvlh5_cbd,10.75809757618854,10.567892241477967,10.957829904556274,3384669.0,True,5044,201,wt_med,2.405853783073548,2.2971144914627075,2.5183193922042846,1.9262584805488587,2.9464741230010985,3301520.0,0.5088969726863555,False
UC3,30,all,all,"MAE, schedule known at origin",lvlh5_naive,8.386282605973188,8.271843338012696,8.488181042671204,6138318.0,True,10468,201,wt_med,0.33589475402883195,0.2983101844787598,0.3709322929382324,0.2680550813674927,0.4078719139099121,6016120.0,0.9273259757075035,False
UC3,30,all,all,"MAE, schedule known at origin",lvlh5_tft,8.623274054707293,8.479621815681458,8.772903513908386,3553485.0,True,5523,201,wt_med,0.357864588840501,0.2846874237060547,0.43001441955566405,0.21413209438323974,0.5106013774871826,3470537.0,0.5349492878722486,False
UC3,30,all,all,"MAE, schedule known at origin",oracle_level,5.418818943852607,5.3507872223854065,5.484693253040314,6613147.0,True,10640,201,wt_med,-2.769274856160658,-2.839677023887634,-2.696510970592499,-3.1535918712615967,-2.4132420778274537,6460822.0,0.9958724335655712,True
UC3,30,all,all,"MAE, schedule known at origin",oracle_shape,7.376261385388756,7.261541080474854,7.481092464923859,6157148.0,True,9768,201,wt_med,-0.6800282077667124,-0.7487287163734436,-0.6166372418403625,-0.9916170597076416,-0.40781086683273315,5967883.0,0.9198907145939947,True
UC3,30,all,all,"MAE, schedule known at origin",prod_served,9.142811714398924,8.985993671417237,9.29148473739624,3757871.0,True,5700,201,wt_med,0.9205831290271735,0.8184702873229981,1.0193074703216554,0.6634944200515747,1.1852317333221436,3622423.0,0.5583610271903323,False
UC3,30,all,all,"MAE, schedule known at origin",prod_served_lin,9.121686188802117,8.965148282051086,9.269813942909241,3757871.0,True,5700,201,wt_med,0.8987708296353016,0.7972444295883179,0.9966888666152954,0.6434813976287842,1.1609313249588011,3622423.0,0.5583610271903323,False
UC3,30,all,all,"MAE, schedule known at origin",wt_med,8.168217291448302,8.058089065551759,8.282647562026977,6487600.0,True,10680,201,wt_med,,,,,,,,
UC3,45,all,all,"MAE, schedule known at origin",clim,8.187352330257044,8.06178812980652,8.301787710189819,5000178.0,True,8674,186,wt_med,0.1825023003711248,0.13887279033660888,0.2303065538406372,-0.004817032814025877,0.36411926746368406,4926379.0,0.8882867860105775,False
UC3,45,all,all,"MAE, schedule known at origin",h5,7.8745790715093875,7.756104183197022,7.988430595397949,5714005.0,True,9036,186,wt_med,-0.1267239885516105,-0.13356370925903321,-0.11955956220626832,-0.15993797779083252,-0.10020594596862793,5545933.0,1.0,True
UC3,45,all,all,"MAE, schedule known at origin",lvlh5_cbd,12.071903193450904,11.67317020893097,12.455827450752258,686484.0,True,1316,186,wt_med,1.8574309055018077,1.6518886089324951,2.0579397678375244,1.4513622522354126,2.249768352508545,665023.0,0.1199118344920503,False
UC3,45,all,all,"MAE, schedule known at origin",lvlh5_naive,8.34467630803059,8.219743704795837,8.458673000335693,5203603.0,True,8885,186,wt_med,0.45638608936542635,0.41413689851760865,0.4972128987312317,0.3708322048187256,0.5495609998703003,5074566.0,0.9150067265507895,False
UC3,45,all,all,"MAE, schedule known at origin",lvlh5_tft,8.64239710640956,8.441886925697327,8.835813236236572,2145110.0,True,3349,186,wt_med,0.4045635684099409,0.3096193313598633,0.5073657512664795,0.21309361457824708,0.6001431226730346,2094983.0,0.37775122779160875,False
UC3,45,all,all,"MAE, schedule known at origin",oracle_level,5.326746786063504,5.260650730133056,5.394557046890259,5686338.0,True,9009,186,wt_med,-2.7450290032440527,-2.81699001789093,-2.6705868005752564,-3.1591898798942566,-2.358121156692505,5523435.0,0.9959433336104132,True
UC3,45,all,all,"MAE, schedule known at origin",oracle_shape,7.395064962955212,7.268818426132202,7.505681848526001,5236986.0,True,8213,186,wt_med,-0.49342880260245714,-0.5656539678573609,-0.4257714867591858,-0.8111017107963562,-0.2220054626464844,5031531.0,0.9072469862149435,True
UC3,45,all,all,"MAE, schedule known at origin",prod_served,9.48030311844115,9.275790786743164,9.683462381362915,2355119.0,True,3702,186,wt_med,1.072544453189245,0.9444642066955566,1.2028390645980835,0.7673498392105103,1.4122202157974242,2265473.0,0.4084926738206177,False
UC3,45,all,all,"MAE, schedule known at origin",prod_served_lin,9.458118464502219,9.25410816669464,9.66089744567871,2355119.0,True,3702,186,wt_med,1.0495103561154782,0.9203238725662232,1.180745816230774,0.7442627072334289,1.3874360918998716,2265473.0,0.4084926738206177,False
UC3,45,all,all,"MAE, schedule known at origin",wt_med,8.050671996939018,7.929364931583405,8.164963388442994,5545933.0,True,9025,186,wt_med,,,,,,,,
UC3,60,all,all,"MAE, schedule known at origin",clim,8.073831735548417,7.93629492521286,8.215616917610168,3887048.0,True,6913,171,clim,,,,,,,,
UC3,60,all,all,"MAE, schedule known at origin",h5,7.95482262737983,7.822207891941071,8.083869147300721,4521752.0,True,7256,171,clim,-0.19381061461324567,-0.2474472165107727,-0.1480997681617737,-0.44386844635009765,0.03277958631515495,3842514.0,0.9885429765724529,False
UC3,60,all,all,"MAE, schedule known at origin",lvlh5_naive,8.450726172190983,8.311168265342712,8.597647142410278,4074689.0,True,7106,171,clim,0.47518186619029557,0.3980590462684631,0.5495649218559265,0.195693302154541,0.7405805945396422,3618142.0,0.9308199950193566,False
UC3,60,all,all,"MAE, schedule known at origin",lvlh5_tft,3.300381505493184,2.3278789401054385,4.521645879745483,37034.0,True,107,171,clim,0.18795269300853912,-0.3538293182849884,0.7992971301078796,-1.5841589450836182,2.05114107131958,35317.0,0.009085815251059415,False
UC3,60,all,all,"MAE, schedule known at origin",oracle_level,5.283796178298921,5.2091855764389035,5.36204627752304,4498853.0,True,7240,171,clim,-2.8949926902578413,-2.9860460996627807,-2.8044293761253356,-3.4353674173355104,-2.4378867626190184,3828270.0,0.9848784990563533,True
UC3,60,all,all,"MAE, schedule known at origin",oracle_shape,7.586163542354611,7.444715750217438,7.733428514003753,4115475.0,True,6471,171,clim,-0.3961792065676093,-0.5071060657501221,-0.2982201337814331,-0.7924993753433227,-0.023670530319213876,3602274.0,0.9267377197297281,True
UC3,60,all,all,"MAE, schedule known at origin",prod_served,3.4651950576148827,2.4391341745853423,4.759731268882751,36015.0,True,106,171,clim,0.17932814326860003,-0.4993012070655823,0.9192092478275297,-2.1173280477523804,1.6730942964553823,35067.0,0.009021499091341296,False
UC3,60,all,all,"MAE, schedule known at origin",prod_served_lin,3.464903512425378,2.4375185132026673,4.757838070392609,36015.0,True,106,171,clim,0.17902871645706808,-0.500448477268219,0.9169945180416105,-2.106391978263855,1.6763393640518183,35067.0,0.009021499091341296,False
UC3,60,all,all,"MAE, schedule known at origin",wt_med,8.131524554546278,7.996609878540039,8.261116123199463,4368804.0,True,7247,171,clim,-0.07983168558369247,-0.1335782527923584,-0.03380107879638672,-0.31674561500549314,0.1362205266952514,3824509.0,0.9839109267495539,False
UC3,90,all,all,"MAE, schedule known at origin",clim,7.495857546895545,7.320593726634979,7.673601222038269,2191093.0,True,3853,141,wt_med,0.2478985915440246,0.19540244340896606,0.30695530176162716,0.08820915222167969,0.41520049571990963,2137376.0,0.8624318235832197,False
UC3,90,all,all,"MAE, schedule known at origin",h5,7.080250113556193,6.920351123809814,7.244166684150696,2586825.0,True,3899,141,wt_med,-0.10164958986213612,-0.11130068302154542,-0.09190151691436768,-0.13695626258850097,-0.06965769529342652,2478313.0,1.0,True
UC3,90,all,all,"MAE, schedule known at origin",lvlh5_naive,7.611814618053349,7.4367758393287655,7.7974594831466675,2327426.0,True,3885,141,wt_med,0.47162655983711055,0.4004301905632019,0.5386178612709045,0.355866014957428,0.5906408786773681,2243556.0,0.9052754837665783,False
UC3,90,all,all,"MAE, schedule known at origin",oracle_level,4.732073656090101,4.650416350364685,4.820399951934815,2575706.0,True,3897,141,wt_med,-2.550839805829624,-2.6602917432785036,-2.440776550769806,-3.218235957622528,-1.9828426361083986,2469996.0,0.9966440881357601,True
UC3,90,all,all,"MAE, schedule known at origin",oracle_shape,6.8212107006700196,6.640904796123505,7.009678566455841,2371525.0,True,3496,141,wt_med,-0.29165231067331554,-0.4035794138908386,-0.18621001243591312,-0.615636670589447,0.052371728420257516,2221846.0,0.8965154925951645,False
UC3,90,all,all,"MAE, schedule known at origin",wt_med,7.265113809272679,7.0980407953262326,7.434410476684571,2478313.0,True,3898,141,wt_med,,,,,,,,
D5,0,all,all,"first-hour MAE, schedule known at origin",clim,4.4855475306021635,4.39590505361557,4.5680063486099245,661963.0,True,13336,231,wt_med,0.2761214319455272,0.24712491035461426,0.3033323287963867,0.17588027119636535,0.3888679146766662,658377.0,0.9078282236335908,False
D5,0,all,all,"first-hour MAE, schedule known at origin",h5,4.0442486873838375,3.9693742990493774,4.114840078353882,737649.0,True,14795,231,wt_med,-0.18647100474061773,-0.21260063648223876,-0.16022691130638123,-0.3362313866615295,-0.07991442680358887,725222.0,1.0,True
D5,0,all,all,"first-hour MAE, schedule known at origin",lvlh5_cbd,3.9267603754003972,3.839983183145523,4.015685868263245,400852.0,True,7969,231,wt_med,-0.19081709301972394,-0.22845150232315065,-0.15215754508972168,-0.38728703260421754,-0.049653893709182786,395056.0,0.5447380250461238,True
D5,0,all,all,"first-hour MAE, schedule known at origin",lvlh5_naive,4.0442486873838375,3.9693742990493774,4.114840078353882,737649.0,True,14795,231,wt_med,-0.18647100474061773,-0.21260063648223876,-0.16022691130638123,-0.3362313866615295,-0.07991442680358887,725222.0,1.0,True
D5,0,all,all,"first-hour MAE, schedule known at origin",lvlh5_tft,3.829649188117068,3.7507714092731477,3.9047215819358825,499641.0,True,10312,231,wt_med,-0.23853603699664294,-0.273272705078125,-0.20300311446189884,-0.44775875806808474,-0.09456875920295718,492369.0,0.6789217646458602,True
D5,0,all,all,"first-hour MAE, schedule known at origin",oracle_level,4.0447510932418025,3.9696686446666716,4.1153319597244264,733598.0,True,14744,231,wt_med,-0.1863426711921532,-0.2126585602760315,-0.15982741117477417,-0.33660144805908204,-0.07924912571907046,721543.0,0.9949270706073451,True
D5,0,all,all,"first-hour MAE, schedule known at origin",oracle_shape,4.545594021455263,4.469311213493347,4.620150482654571,701323.0,True,14035,231,wt_med,0.31767793007410994,0.24796681404113768,0.39124146699905393,-0.06535490751266479,0.7129925489425659,690253.0,0.9517816613395622,False
D5,0,all,all,"first-hour MAE, schedule known at origin",snaive7,4.9303845831587765,4.835345149040222,5.027627384662628,596750.0,True,13170,231,wt_med,0.665648623876355,0.6024823904037475,0.7298776149749756,0.48416624665260316,0.853727126121521,594605.0,0.8198937704592525,False
D5,0,all,all,"first-hour MAE, schedule known at origin",wt_med,4.21556778476108,4.135054063796997,4.289505589008331,725222.0,True,14620,231,wt_med,,,,,,,,
D5,1,all,all,"first-hour MAE, schedule known at origin",clim,4.4968131798818805,4.405770242214203,4.582023334503174,650021.0,True,13133,230,wt_med,0.22601001307735746,0.1968243360519409,0.25425019264221194,0.12254977226257324,0.33562207221984863,646155.0,0.9079138166510232,False
D5,1,all,all,"first-hour MAE, schedule known at origin",h5,4.105410276623685,4.027347934246063,4.177631139755249,724956.0,True,14547,230,wt_med,-0.19980755368895586,-0.2255151867866516,-0.1737951159477234,-0.3565897226333618,-0.08525084853172303,711692.0,1.0,True
D5,1,all,all,"first-hour MAE, schedule known at origin",lvlh5_cbd,3.9904099384297402,3.900445342063904,4.080766987800598,389961.0,True,7755,230,wt_med,-0.2097726709936394,-0.2491707980632782,-0.17104135155677797,-0.4186249732971191,-0.05729944705963138,383640.0,0.5390534107450976,True
D5,1,all,all,"first-hour MAE, schedule known at origin",lvlh5_naive,4.105410276623685,4.027347934246063,4.177631139755249,724956.0,True,14547,230,wt_med,-0.19980755368895586,-0.2255151867866516,-0.1737951159477234,-0.3565897226333618,-0.08525084853172303,711692.0,1.0,True
D5,1,all,all,"first-hour MAE, schedule known at origin",lvlh5_tft,3.8716132433292665,3.790159446001053,3.9462770223617554,490126.0,True,10112,230,wt_med,-0.2509863366903251,-0.28665868043899534,-0.21464610099792483,-0.4709858775138855,-0.09780538678169251,482277.0,0.6776484771502279,True
D5,1,all,all,"first-hour MAE, schedule known at origin",oracle_level,4.10622083878878,4.0287540555000305,4.178254723548889,720992.0,True,14496,230,wt_med,-0.19969742333194507,-0.22552410364151002,-0.17380961179733279,-0.3565161108970642,-0.08476274013519287,708085.0,0.9949317963388656,True
D5,1,all,all,"first-hour MAE, schedule known at origin",oracle_shape,4.542002043154859,4.468048250675201,4.615714657306671,692484.0,True,13871,230,wt_med,0.2472809189332965,0.17575217485427858,0.3227650642395019,-0.15586404800415038,0.656378173828125,680273.0,0.9558530937540397,False
D5,1,all,all,"first-hour MAE, schedule known at origin",snaive7,4.925319691359386,4.8272560119628904,5.0231944680213925,589553.0,True,13026,230,wt_med,0.5940629592626561,0.5305175900459289,0.6595942974090576,0.41480633020401003,0.7704578042030334,586538.0,0.8241458383682829,False
D5,1,all,all,"first-hour MAE, schedule known at origin",wt_med,4.288174519314535,4.205910778045654,4.364090776443481,711692.0,True,14359,230,wt_med,,,,,,,,
D5,2,all,all,"first-hour MAE, schedule known at origin",clim,4.506194211690992,4.41450617313385,4.589782297611237,643504.0,True,12999,229,wt_med,0.21268405809793034,0.18314168453216553,0.24036484956741333,0.10884720087051392,0.3270466208457946,639472.0,0.9075596858386105,False
D5,2,all,all,"first-hour MAE, schedule known at origin",h5,4.1222883556446615,4.0440206050872805,4.195251560211181,718245.0,True,14385,229,wt_med,-0.2059398266548964,-0.23197126388549805,-0.17986173629760743,-0.3648897290229797,-0.08913636803627016,704606.0,1.0,True
D5,2,all,all,"first-hour MAE, schedule known at origin",lvlh5_cbd,4.005450566346393,3.9164931535720826,4.09783821105957,386336.0,True,7675,229,wt_med,-0.21910303292163702,-0.260874742269516,-0.1791530430316925,-0.43398683667182925,-0.06379914283752446,379568.0,0.5386953843708399,True
D5,2,all,all,"first-hour MAE, schedule known at origin",lvlh5_naive,4.1222883556446615,4.0440206050872805,4.195251560211181,718245.0,True,14385,229,wt_med,-0.2059398266548964,-0.23197126388549805,-0.17986173629760743,-0.3648897290229797,-0.08913636803627016,704606.0,1.0,True
D5,2,all,all,"first-hour MAE, schedule known at origin",lvlh5_tft,3.88615747890866,3.803660440444946,3.96149542927742,484322.0,True,9968,229,wt_med,-0.2580697415540367,-0.29436553716659547,-0.22161847949028016,-0.4817341446876526,-0.10223662853240968,476115.0,0.6757180608737365,True
D5,2,all,all,"first-hour MAE, schedule known at origin",oracle_level,4.123045043020778,4.045199453830719,4.195922291278839,714306.0,True,14339,229,wt_med,-0.20588038626627814,-0.23177030086517333,-0.1798790216445923,-0.36494444608688353,-0.08867534995079042,701019.0,0.9949092116729066,True
D5,2,all,all,"first-hour MAE, schedule known at origin",oracle_shape,4.536402961709221,4.462065398693085,4.6107388734817505,688758.0,True,13776,229,wt_med,0.215945524211957,0.14407522678375245,0.29341084957122804,-0.19439122676849363,0.6215312182903288,675827.0,0.9591558970545241,False
D5,2,all,all,"first-hour MAE, schedule known at origin",snaive7,4.9188901310901,4.821678912639618,5.017084407806396,586772.0,True,12946,229,wt_med,0.5632000082278283,0.49867523908615113,0.6278553962707519,0.3816497802734375,0.738685142993927,583386.0,0.8279605907414924,False
D5,2,all,all,"first-hour MAE, schedule known at origin",wt_med,4.31172882433587,4.228673577308655,4.38501558303833,704606.0,True,14188,229,wt_med,,,,,,,,
D5,3,all,all,"first-hour MAE, schedule known at origin",clim,4.505222920946571,4.4149345517158505,4.590364122390747,637670.0,True,12867,228,wt_med,0.1974825594242242,0.16843115091323851,0.2257030725479126,0.09259496927261353,0.31357080936431886,633580.0,0.9073983369567397,False
D5,3,all,all,"first-hour MAE, schedule known at origin",h5,4.133363351660312,4.052974045276642,4.20621110200882,712065.0,True,14238,228,wt_med,-0.20986030193143357,-0.23617026805877686,-0.18409419059753418,-0.3719645857810974,-0.09229274392127992,698238.0,1.0,True
D5,3,all,all,"first-hour MAE, schedule known at origin",lvlh5_cbd,4.018250064926633,3.924832761287689,4.1116857647895815,385050.0,True,7637,228,wt_med,-0.23405219402226862,-0.276590621471405,-0.19238002300262452,-0.4532415747642517,-0.07241692543029789,377936.0,0.5412710279303046,True
D5,3,all,all,"first-hour MAE, schedule known at origin",lvlh5_naive,4.133363351660312,4.052974045276642,4.20621110200882,712065.0,True,14238,228,wt_med,-0.20986030193143357,-0.23617026805877686,-0.18409419059753418,-0.3719645857810974,-0.09229274392127992,698238.0,1.0,True
D5,3,all,all,"first-hour MAE, schedule known at origin",lvlh5_tft,3.8991783748339834,3.8171785891056063,3.976449990272522,478868.0,True,9834,228,wt_med,-0.26239516900510207,-0.29898777008056643,-0.22480258345603943,-0.489442378282547,-0.10619049668312075,470400.0,0.6736957885420157,True
D5,3,all,all,"first-hour MAE, schedule known at origin",oracle_level,4.133960987564711,4.0534774422645565,4.20728063583374,708146.0,True,14193,228,wt_med,-0.20980035037109968,-0.23606493473052978,-0.1840852975845337,-0.37209993600845337,-0.09199737310409546,694692.0,0.9949215024103529,True
D5,3,all,all,"first-hour MAE, schedule known at origin",oracle_shape,4.530759044617351,4.45674352645874,4.603834438323974,684760.0,True,13680,228,wt_med,0.19498726980152004,0.1250789523124695,0.27443939447402954,-0.22010538578033448,0.6006737172603605,671409.0,0.9615761387950813,False
D5,3,all,all,"first-hour MAE, schedule known at origin",prod_served,5.8155913685701,5.7115440487861635,5.9202609896659855,477418.0,True,9558,228,wt_med,1.6565737664312135,1.591014802455902,1.7166244506835937,1.4139403879642487,1.9265870332717896,468316.0,0.6707111328801927,False
D5,3,all,all,"first-hour MAE, schedule known at origin",prod_served_lin,5.946925440599223,5.841911971569061,6.051441788673401,477418.0,True,9558,228,wt_med,1.7900469447979566,1.7213953137397766,1.8559690475463866,1.5454254448413849,2.058072757720947,468316.0,0.6707111328801927,False
D5,3,all,all,"first-hour MAE, schedule known at origin",snaive7,4.915434946862006,4.818923282623291,5.014596462249756,583669.0,True,12867,228,wt_med,0.5397396862088888,0.4766161561012268,0.6041512489318848,0.3578154981136322,0.7144079566001892,579685.0,0.8302111887350732,False
D5,3,all,all,"first-hour MAE, schedule known at origin",wt_med,4.325998441792054,4.240978050231933,4.401022017002106,698238.0,True,14038,228,wt_med,,,,,,,,
D5,4,all,all,"first-hour MAE, schedule known at origin",clim,4.505038795243984,4.4142749309539795,4.590706396102905,632294.0,True,12737,227,wt_med,0.18865769483021033,0.16146657466888428,0.21626993417739868,0.07961567044258118,0.30865328311920165,628188.0,0.9078477873497188,False
D5,4,all,all,"first-hour MAE, schedule known at origin",h5,4.138956142239243,4.058783400058746,4.211649298667908,706078.0,True,14073,227,wt_med,-0.21121819328769487,-0.23705484867095947,-0.18552350997924805,-0.3706764101982117,-0.09573230147361755,691953.0,1.0,True
D5,4,all,all,"first-hour MAE, schedule known at origin",lvlh5_cbd,4.027293884021454,3.9369781613349915,4.12034227848053,382588.0,True,7572,227,wt_med,-0.23717185996871493,-0.2792982220649719,-0.19561603665351868,-0.449951171875,-0.07938590645790103,375259.0,0.5423186256870047,True
D5,4,all,all,"first-hour MAE, schedule known at origin",lvlh5_naive,4.138956142239243,4.058783400058746,4.211649298667908,706078.0,True,14073,227,wt_med,-0.21121819328769487,-0.23705484867095947,-0.18552350997924805,-0.3706764101982117,-0.09573230147361755,691953.0,1.0,True
D5,4,all,all,"first-hour MAE, schedule known at origin",lvlh5_tft,3.9048251797770384,3.822470563650131,3.983734792470932,473086.0,True,9697,227,wt_med,-0.2616726490518264,-0.2994617402553558,-0.2247606635093689,-0.48299179673194886,-0.10880845189094548,464419.0,0.6711713078778472,True
D5,4,all,all,"first-hour MAE, schedule known at origin",oracle_level,4.139479744894036,4.060583317279816,4.213661146163941,702218.0,True,14030,227,wt_med,-0.21114076044644303,-0.23670177459716796,-0.18547924757003784,-0.3709461331367493,-0.09590738415718081,688464.0,0.9949577500205938,True
D5,4,all,all,"first-hour MAE, schedule known at origin",oracle_shape,4.519263055848185,4.446077370643616,4.593158483505249,681079.0,True,13576,227,wt_med,0.17319983202474543,0.10226935148239136,0.25081348419189453,-0.24136707782745362,0.581573152542114,667189.0,0.964211442106617,False
D5,4,all,all,"first-hour MAE, schedule known at origin",prod_served,5.826497299976908,5.721170973777771,5.930286383628845,472033.0,True,9426,227,wt_med,1.6640624493474334,1.6015368819236755,1.7265209674835205,1.431593471765518,1.927951693534851,462711.0,0.6687029321355641,False
D5,4,all,all,"first-hour MAE, schedule known at origin",prod_served_lin,5.962344528878278,5.85711590051651,6.065743350982666,472033.0,True,9426,227,wt_med,1.802114872998481,1.7352091908454894,1.8677619695663452,1.560637241601944,2.062753140926361,462711.0,0.6687029321355641,False
D5,4,all,all,"first-hour MAE, schedule known at origin",snaive7,4.906853094821038,4.808720588684082,5.00544171333313,580599.0,True,12773,227,wt_med,0.5210671862561398,0.4588574647903442,0.5848068952560425,0.34872926473617555,0.6922508001327514,575326.0,0.8314524252369742,False
D5,4,all,all,"first-hour MAE, schedule known at origin",wt_med,4.3351383692245,4.253428161144257,4.4101092457771305,691953.0,True,13882,227,wt_med,,,,,,,,
D5,5,all,all,"first-hour MAE, schedule known at origin",clim,4.498333429343165,4.405449175834656,4.587027049064636,624936.0,True,12566,226,wt_med,0.18430019009569243,0.1554116725921631,0.21185628175735474,0.07349511384963989,0.3068727731704712,620740.0,0.9074297141787903,False
D5,5,all,all,"first-hour MAE, schedule known at origin",h5,4.142225852833905,4.062451434135437,4.213193595409393,698612.0,True,13891,226,wt_med,-0.21047665130747983,-0.23646702766418456,-0.18527840375900267,-0.3712563872337341,-0.09786711335182191,684064.0,1.0,True
D5,5,all,all,"first-hour MAE, schedule known at origin",lvlh5_cbd,4.045558609271523,3.9530562818050385,4.140222609043121,377500.0,True,7447,226,wt_med,-0.23522296387249675,-0.2761074960231781,-0.19228818416595458,-0.45049136877059937,-0.08291675448417665,369746.0,0.5405137530991252,True
D5,5,all,all,"first-hour MAE, schedule known at origin",lvlh5_naive,4.142225852833905,4.062451434135437,4.213193595409393,698612.0,True,13891,226,wt_med,-0.21047665130747983,-0.23646702766418456,-0.18527840375900267,-0.3712563872337341,-0.09786711335182191,684064.0,1.0,True
D5,5,all,all,"first-hour MAE, schedule known at origin",lvlh5_tft,3.9057971460830143,3.8273027777671813,3.9812206745147702,466762.0,True,9546,226,wt_med,-0.2605494387251257,-0.2963429093360901,-0.22381930947303771,-0.47799891233444214,-0.10897372364997868,457708.0,0.669101136735744,True
D5,5,all,all,"first-hour MAE, schedule known at origin",oracle_level,4.142748117422193,4.063321661949158,4.214291524887085,694792.0,True,13851,226,wt_med,-0.2104229568411382,-0.2365180253982544,-0.18519785404205322,-0.3721260905265808,-0.09734817147254947,680625.0,0.9949726926135566,True
D5,5,all,all,"first-hour MAE, schedule known at origin",oracle_shape,4.500482950099614,4.425672113895416,4.572402620315552,676055.0,True,13457,226,wt_med,0.15328403834205862,0.083061420917511,0.23140176534652707,-0.2639052987098694,0.5701552093029021,661447.0,0.9669373041118959,False
D5,5,all,all,"first-hour MAE, schedule known at origin",prod_served,5.835869712181272,5.726757049560547,5.931751549243927,465953.0,True,9279,226,wt_med,1.6760798470919855,1.6147986769676208,1.7363624572753906,1.4398162484169006,1.9434094071388244,456222.0,0.6669288253730645,False
D5,5,all,all,"first-hour MAE, schedule known at origin",prod_served_lin,5.977193246958384,5.871405065059662,6.077230143547058,465953.0,True,9279,226,wt_med,1.820073067497841,1.7554531574249268,1.8836389303207397,1.5719926953315735,2.084956502914429,456222.0,0.6669288253730645,False
D5,5,all,all,"first-hour MAE, schedule known at origin",snaive7,4.88943226287886,4.790554487705231,4.98823664188385,576235.0,True,12660,226,wt_med,0.5025176304406642,0.43901660442352297,0.5649033308029174,0.32934882044792174,0.6713897466659545,569186.0,0.8320654207793423,False
D5,5,all,all,"first-hour MAE, schedule known at origin",wt_med,4.337825846704402,4.253353846073151,4.413769173622131,684064.0,True,13700,226,wt_med,,,,,,,,
D5,6,all,all,"first-hour MAE, schedule known at origin",clim,4.482790170438443,4.388114595413208,4.568922460079193,617525.0,True,12398,225,wt_med,0.16086705522813016,0.13314354419708252,0.18902130126953126,0.04721049070358276,0.2833756566047668,613202.0,0.9071102596912699,False
D5,6,all,all,"first-hour MAE, schedule known at origin",h5,4.155651881205024,4.07354496717453,4.228436279296875,691073.0,True,13714,225,wt_med,-0.20507474167708395,-0.23004016876220704,-0.18074084520339967,-0.35877926349639894,-0.09850719571113589,675995.0,1.0,True
D5,6,all,all,"first-hour MAE, schedule known at origin",lvlh5_cbd,4.0766686074029455,3.987224888801575,4.168041932582855,371852.0,True,7335,225,wt_med,-0.22512712167134286,-0.26561019420623777,-0.18564560413360598,-0.4246347427368164,-0.08203321695327762,363923.0,0.5383516150267383,True
D5,6,all,all,"first-hour MAE, schedule known at origin",lvlh5_naive,4.155651881205024,4.07354496717453,4.228436279296875,691073.0,True,13714,225,wt_med,-0.20507474167708395,-0.23004016876220704,-0.18074084520339967,-0.35877926349639894,-0.09850719571113589,675995.0,1.0,True
D5,6,all,all,"first-hour MAE, schedule known at origin",lvlh5_tft,3.9263174369241,3.8439570724964143,4.002999866008759,460041.0,True,9387,225,wt_med,-0.25295306052269595,-0.28669931292533873,-0.21806470155715943,-0.4632083773612976,-0.11038255095481875,450740.0,0.6667800797343175,True
D5,6,all,all,"first-hour MAE, schedule known at origin",oracle_level,4.15640400091373,4.074737286567688,4.228811490535736,687293.0,True,13677,225,wt_med,-0.20490681475203854,-0.22980362176895142,-0.18082222938537598,-0.3596663475036621,-0.09802013039588933,672585.0,0.9949555839910058,True
D5,6,all,all,"first-hour MAE, schedule known at origin",oracle_shape,4.482761478004624,4.407428395748139,4.555657148361206,670939.0,True,13335,225,wt_med,0.12457455710108345,0.053875720500946044,0.2046139359474182,-0.29594327211380006,0.5380153954029083,655312.0,0.9694036198492593,False
D5,6,all,all,"first-hour MAE, schedule known at origin",prod_served,5.789701420418682,5.683446776866913,5.890622544288635,459442.0,True,9122,225,wt_med,1.6202614742698191,1.5559472441673279,1.67934730052948,1.3791270077228546,1.8816146373748779,449375.0,0.6647608340298375,False
D5,6,all,all,"first-hour MAE, schedule known at origin",prod_served_lin,5.929680188141267,5.826327157020569,6.029772961139679,459442.0,True,9122,225,wt_med,1.7632119610570234,1.6961957454681396,1.8263736605644225,1.516144186258316,2.0305169343948366,449375.0,0.6647608340298375,False
D5,6,all,all,"first-hour MAE, schedule known at origin",snaive7,4.868628706600321,4.7711974620819095,4.966326677799225,571548.0,True,12545,225,wt_med,0.4736084350626726,0.4122361421585083,0.5367597699165344,0.3061394989490509,0.6380107939243317,562604.0,0.8322605936434441,False
D5,6,all,all,"first-hour MAE, schedule known at origin",wt_med,4.345142345727409,4.258628463745117,4.421219396591186,675995.0,True,13516,225,wt_med,,,,,,,,
D5,7,all,all,"first-hour MAE, schedule known at origin",clim,4.480054072310648,4.385385596752167,4.566150641441345,609924.0,True,12233,224,wt_med,0.11901469874024961,0.09061160087585449,0.1474043846130371,0.006370389461517338,0.23910567760467524,605358.0,0.9070582841114437,False
D5,7,all,all,"first-hour MAE, schedule known at origin",h5,4.200487116344423,4.117728042602539,4.276338815689087,683230.0,True,13534,224,wt_med,-0.20616826319401316,-0.23121252059936523,-0.1819684386253357,-0.36092203855514526,-0.10289669036865234,667386.0,1.0,True
D5,7,all,all,"first-hour MAE, schedule known at origin",lvlh5_cbd,4.124826515530275,4.029016268253327,4.220898890495301,366027.0,True,7197,224,wt_med,-0.217415500636017,-0.25818452835083006,-0.18091223239898682,-0.4217414975166321,-0.08252131938934328,357695.0,0.5359641946339899,True
D5,7,all,all,"first-hour MAE, schedule known at origin",lvlh5_naive,4.200487116344423,4.117728042602539,4.276338815689087,683230.0,True,13534,224,wt_med,-0.20616826319401316,-0.23121252059936523,-0.1819684386253357,-0.36092203855514526,-0.10289669036865234,667386.0,1.0,True
D5,7,all,all,"first-hour MAE, schedule known at origin",lvlh5_tft,3.9626265059841965,3.8807632327079773,4.042483675479889,452943.0,True,9213,224,wt_med,-0.2506627888349131,-0.2836568236351013,-0.21557019948959352,-0.45151442289352417,-0.11265506744384766,443203.0,0.6640879491029179,True
D5,7,all,all,"first-hour MAE, schedule known at origin",oracle_level,4.201713735194735,4.120022320747376,4.275342047214508,679488.0,True,13498,224,wt_med,-0.20592535657972633,-0.23055843114852906,-0.1817538857460022,-0.36105698347091675,-0.10213685631752015,664017.0,0.9949519468493495,True
D5,7,all,all,"first-hour MAE, schedule known at origin",oracle_shape,4.846712219295404,4.761598432064057,4.9290100812911986,647399.0,True,12789,224,wt_med,0.4743165214548526,0.40191948413848877,0.5591105461120606,0.044023966789245604,0.8949388504028319,632836.0,0.9482308589032434,False
D5,7,all,all,"first-hour MAE, schedule known at origin",prod_served,5.839042101845696,5.7300679087638855,5.946636533737182,452783.0,True,8954,224,wt_med,1.6386522601406135,1.5798943758010864,1.7020740389823914,1.4068834900856018,1.903098499774933,442207.0,0.6625955593914167,False
D5,7,all,all,"first-hour MAE, schedule known at origin",prod_served_lin,5.981880393035958,5.874050962924957,6.086490666866302,452783.0,True,8954,224,wt_med,1.7846113358675915,1.719015896320343,1.853676950931549,1.547085988521576,2.0464030146598815,442207.0,0.6625955593914167,False
D5,7,all,all,"first-hour MAE, schedule known at origin",wt_med,4.392516474723773,4.3028083682060245,4.468710768222809,667386.0,True,13319,224,wt_med,,,,,,,,
D5,10,all,all,"first-hour MAE, schedule known at origin",clim,4.4337693901742234,4.342281448841095,4.516719925403595,586315.0,True,11750,221,wt_med,0.08021878632396273,0.05229499340057373,0.10954542160034178,-0.030884230136871336,0.19484024047851561,581572.0,0.9035349243315213,False
D5,10,all,all,"first-hour MAE, schedule known at origin",h5,4.195598151545702,4.115263891220093,4.266591095924378,660606.0,True,13011,221,wt_med,-0.19919760029705014,-0.22233617305755615,-0.17666809558868407,-0.35446697473526,-0.09448400139808655,643663.0,1.0,True
D5,10,all,all,"first-hour MAE, schedule known at origin",lvlh5_cbd,4.135004931933631,4.04190376996994,4.231361699104309,351789.0,True,6864,221,wt_med,-0.21671750192684947,-0.2542382478713989,-0.17963101863861083,-0.4093534529209137,-0.0798641860485077,342528.0,0.5321542484188154,True
D5,10,all,all,"first-hour MAE, schedule known at origin",lvlh5_naive,4.195598151545702,4.115263891220093,4.266591095924378,660606.0,True,13011,221,wt_med,-0.19919760029705014,-0.22233617305755615,-0.17666809558868407,-0.35446697473526,-0.09448400139808655,643663.0,1.0,True
D5,10,all,all,"first-hour MAE, schedule known at origin",lvlh5_tft,3.9717056957962926,3.892318791151047,4.050291228294372,436234.0,True,8798,221,wt_med,-0.23975410558321686,-0.27101063132286074,-0.20644887685775756,-0.4357489824295044,-0.10331462025642396,425579.0,0.6611829482197983,True
D5,10,all,all,"first-hour MAE, schedule known at origin",oracle_level,4.196454557632181,4.116955578327179,4.268180310726166,656942.0,True,12978,221,wt_med,-0.19886661758069124,-0.22183116674423217,-0.17648980617523194,-0.35477161407470703,-0.09449435472488404,640373.0,0.9948886296089724,True
D5,10,all,all,"first-hour MAE, schedule known at origin",oracle_shape,4.802875678892459,4.72260605096817,4.882974946498871,631965.0,True,12428,221,wt_med,0.4264719028685633,0.3523601651191711,0.5101272583007812,-0.019428741931915273,0.8430459439754484,615664.0,0.9565005290035313,False
D5,10,all,all,"first-hour MAE, schedule known at origin",prod_served,5.836643881270772,5.7272333860397335,5.942367839813232,435074.0,True,8534,221,wt_med,1.636331451445403,1.5688727855682374,1.701170539855957,1.3899443984031676,1.9143048405647278,423688.0,0.6582450754509735,False
D5,10,all,all,"first-hour MAE, schedule known at origin",prod_served_lin,5.99344651714421,5.882139194011688,6.101922917366028,435074.0,True,8534,221,wt_med,1.7971133829610464,1.7224515318870544,1.8649268865585327,1.5417555093765258,2.0841493725776674,423688.0,0.6582450754509735,False
D5,10,all,all,"first-hour MAE, schedule known at origin",wt_med,4.383817308125526,4.296900951862336,4.461263132095337,643663.0,True,12780,221,wt_med,,,,,,,,
D5,14,all,all,"first-hour MAE, schedule known at origin",clim,4.4138024384014045,4.318080878257751,4.500009822845459,555938.0,True,11110,217,wt_med,0.06370290494395903,0.03527957201004028,0.09405544996261597,-0.049852597713470455,0.1819552958011627,550854.0,0.8998030036230346,False
D5,14,all,all,"first-hour MAE, schedule known at origin",h5,4.193893629390174,4.108376824855805,4.268857884407043,630442.0,True,12331,217,wt_med,-0.20380334910175524,-0.22864096164703368,-0.18143192529678345,-0.353980565071106,-0.09769226908683777,612194.0,1.0,True
D5,14,all,all,"first-hour MAE, schedule known at origin",lvlh5_cbd,4.138934510406524,4.037963569164276,4.238666474819183,328640.0,True,6340,217,wt_med,-0.2114653049751416,-0.2508864998817444,-0.17667094469070435,-0.40253937244415283,-0.07499343156814577,318403.0,0.5201014711022977,True
D5,14,all,all,"first-hour MAE, schedule known at origin",lvlh5_naive,4.193893629390174,4.108376824855805,4.268857884407043,630442.0,True,12331,217,wt_med,-0.20380334910175524,-0.22864096164703368,-0.18143192529678345,-0.353980565071106,-0.09769226908683777,612194.0,1.0,True
D5,14,all,all,"first-hour MAE, schedule known at origin",lvlh5_tft,3.9629681831105366,3.8747070729732513,4.047799468040466,411511.0,True,8221,217,wt_med,-0.24972799375698784,-0.2843009650707245,-0.21594364047050477,-0.4402818202972412,-0.11304611563682557,399807.0,0.653072392084862,True
D5,14,all,all,"first-hour MAE, schedule known at origin",oracle_level,4.194581206635298,4.109742927551269,4.271081066131591,626950.0,True,12298,217,wt_med,-0.2033202894100805,-0.2277148485183716,-0.18079562187194825,-0.35405216217041013,-0.09725472331047058,609032.0,0.9948349706138904,True
D5,14,all,all,"first-hour MAE, schedule known at origin",oracle_shape,5.005729136795087,4.918964767456055,5.102495169639587,592650.0,True,11532,217,wt_med,0.6459553382904515,0.5595317363739014,0.7320526003837585,0.1882753849029541,1.0883478939533233,577077.0,0.9426374645945567,False
D5,14,all,all,"first-hour MAE, schedule known at origin",prod_served,5.901190327883669,5.781406724452973,6.012832581996918,409383.0,True,7946,217,wt_med,1.6997617716533453,1.6284036874771117,1.771937334537506,1.437500923871994,1.9917091250419616,397098.0,0.6486473242142197,False
D5,14,all,all,"first-hour MAE, schedule known at origin",prod_served_lin,6.073258415713402,5.9533672571182255,6.18653175830841,409383.0,True,7946,217,wt_med,1.8765698265919246,1.7993651151657104,1.95222727060318,1.6037949979305268,2.1895264863967894,397098.0,0.6486473242142197,False
D5,14,all,all,"first-hour MAE, schedule known at origin",wt_med,4.38248006350928,4.292082750797272,4.46224285364151,612194.0,True,12085,217,wt_med,,,,,,,,
D5,21,all,all,"first-hour MAE, schedule known at origin",clim,4.408436957849133,4.309693086147308,4.501510512828827,515885.0,True,10206,210,wt_med,0.03708593704088159,0.008321368694305421,0.06799126863479614,-0.08418331146240234,0.1646177291870117,510490.0,0.8959029843542966,False
D5,21,all,all,"first-hour MAE, schedule known at origin",h5,4.19254229609809,4.107982361316681,4.2731021523475645,590480.0,True,11330,210,wt_med,-0.20647699651635154,-0.23272684812545777,-0.18317909240722657,-0.3486358761787415,-0.1018783450126648,569805.0,1.0,True
D5,21,all,all,"first-hour MAE, schedule known at origin",lvlh5_cbd,4.20660564346168,4.100132238864899,4.31329597234726,298930.0,True,5614,210,wt_med,-0.2282306905841427,-0.2707091212272644,-0.1891955852508545,-0.41952368021011355,-0.08420535326004029,288046.0,0.505516799606883,True
D5,21,all,all,"first-hour MAE, schedule known at origin",lvlh5_naive,4.19254229609809,4.107982361316681,4.2731021523475645,590480.0,True,11330,210,wt_med,-0.20647699651635154,-0.23272684812545777,-0.18317909240722657,-0.3486358761787415,-0.1018783450126648,569805.0,1.0,True
D5,21,all,all,"first-hour MAE, schedule known at origin",lvlh5_tft,4.010982093079708,3.912730723619461,4.100279605388641,374883.0,True,7291,210,wt_med,-0.2474227410005092,-0.28212690353393555,-0.21264100074768066,-0.43773295879364016,-0.11503455042839052,361576.0,0.6345609462886426,True
D5,21,all,all,"first-hour MAE, schedule known at origin",oracle_level,4.192386215017727,4.106387209892273,4.271283388137817,587226.0,True,11305,210,wt_med,-0.2054899617169168,-0.23148196935653687,-0.1821513295173645,-0.34930976629257204,-0.1007891893386841,566830.0,0.9947789155939313,True
D5,21,all,all,"first-hour MAE, schedule known at origin",oracle_shape,5.150777111809636,5.058177947998047,5.246976256370544,549676.0,True,10521,210,wt_med,0.7599336944687085,0.6710377216339112,0.846694803237915,0.29566140174865724,1.1916222393512723,532665.0,0.9348198067760023,False
D5,21,all,all,"first-hour MAE, schedule known at origin",prod_served,5.898830265147048,5.7864226460456845,6.013594949245453,373076.0,True,7096,210,wt_med,1.6355598639512632,1.563351333141327,1.7132882714271545,1.3818740963935852,1.9122199416160583,358989.0,0.6300207965883066,False
D5,21,all,all,"first-hour MAE, schedule known at origin",prod_served_lin,6.074895597679829,5.963005840778351,6.190577828884125,373076.0,True,7096,210,wt_med,1.8182701976940798,1.738867700099945,1.9009941935539245,1.5534265756607055,2.128226172924042,358989.0,0.6300207965883066,False
D5,21,all,all,"first-hour MAE, schedule known at origin",wt_med,4.385016803994349,4.294431877136231,4.466633999347687,569805.0,True,11057,210,wt_med,,,,,,,,
D5,30,all,all,"first-hour MAE, schedule known at origin",clim,4.436492793090963,4.334412431716919,4.536982488632202,450193.0,True,8865,201,wt_med,0.05231481377551628,0.021277236938476562,0.08549085855484008,-0.06942287683486939,0.17576324939727775,445457.0,0.8870005535577035,False
D5,30,all,all,"first-hour MAE, schedule known at origin",h5,4.168284923302514,4.078408563137055,4.248938810825348,525115.0,True,9851,201,wt_med,-0.19803327718107777,-0.22562457323074342,-0.17341182231903077,-0.34083297848701477,-0.09075294733047486,502206.0,1.0,True
D5,30,all,all,"first-hour MAE, schedule known at origin",lvlh5_cbd,4.284987413179211,4.167579329013824,4.404159188270569,256419.0,True,4662,201,wt_med,-0.24772430104807075,-0.294458270072937,-0.20594110488891604,-0.46618272066116334,-0.08516775965690614,245117.0,0.488080588443786,True
D5,30,all,all,"first-hour MAE, schedule known at origin",lvlh5_naive,4.168284923302514,4.078408563137055,4.248938810825348,525115.0,True,9851,201,wt_med,-0.19803327718107777,-0.22562457323074342,-0.17341182231903077,-0.34083297848701477,-0.09075294733047486,502206.0,1.0,True
D5,30,all,all,"first-hour MAE, schedule known at origin",lvlh5_tft,4.092065212154008,3.9825624227523804,4.20759288072586,269804.0,True,5043,201,wt_med,-0.2508578875531118,-0.2956938624382019,-0.20999447107315064,-0.4539433836936951,-0.10392011404037486,259358.0,0.5164374778477357,True
D5,30,all,all,"first-hour MAE, schedule known at origin",oracle_level,4.169565283998751,4.080980801582337,4.250675868988037,522203.0,True,9830,201,wt_med,-0.19714290861631323,-0.22450751066207886,-0.17286671400070192,-0.3407847583293915,-0.08973529934883119,499564.0,0.9947392106028203,True
D5,30,all,all,"first-hour MAE, schedule known at origin",oracle_shape,5.117441200110959,5.017325627803802,5.210768926143646,488045.0,True,9179,201,wt_med,0.7440123366057483,0.6506768822669983,0.8362694978713989,0.23948347568511966,1.201535940170288,470364.0,0.9365957395968985,False
D5,30,all,all,"first-hour MAE, schedule known at origin",prod_served,6.127577536211582,5.9893193483352665,6.268737411499023,285544.0,True,5319,201,wt_med,1.7112476836876782,1.6178837060928344,1.7941972494125367,1.4370436251163483,1.9980471730232239,273603.0,0.5448023321107275,False
D5,30,all,all,"first-hour MAE, schedule known at origin",prod_served_lin,6.2893131181183985,6.146663403511047,6.42885125875473,285544.0,True,5319,201,wt_med,1.8803037612891664,1.7784625172615052,1.9700716376304626,1.604841661453247,2.172349464893341,273603.0,0.5448023321107275,False
D5,30,all,all,"first-hour MAE, schedule known at origin",wt_med,4.3646302513311275,4.270297110080719,4.454637658596039,502206.0,True,9561,201,wt_med,,,,,,,,
D5,45,all,all,"first-hour MAE, schedule known at origin",clim,4.285140672590825,4.182075822353363,4.3849003434181215,382164.0,True,7430,186,wt_med,0.02759986794321545,-0.006269979476928711,0.06298912763595578,-0.0861298382282257,0.161018705368042,378625.0,0.8738555348607485,False
D5,45,all,all,"first-hour MAE, schedule known at origin",h5,4.071657314631442,3.980348551273346,4.15537520647049,458991.0,True,8394,186,wt_med,-0.16027560636169103,-0.1853236198425293,-0.13630573749542235,-0.2827019989490509,-0.07123059630393984,433281.0,1.0,True
D5,45,all,all,"first-hour MAE, schedule known at origin",lvlh5_cbd,4.384304554469814,4.115260267257691,4.665461719036102,41344.0,True,1138,186,wt_med,-0.38639699801521665,-0.5521404981613159,-0.24684343338012696,-0.7662622988224029,-0.041597306728363086,36276.0,0.08372395743178214,True
D5,45,all,all,"first-hour MAE, schedule known at origin",lvlh5_naive,4.071657314631442,3.980348551273346,4.15537520647049,458991.0,True,8394,186,wt_med,-0.16027560636169103,-0.1853236198425293,-0.13630573749542235,-0.2827019989490509,-0.07123059630393984,433281.0,1.0,True
D5,45,all,all,"first-hour MAE, schedule known at origin",lvlh5_tft,4.075088966935169,3.9240924298763273,4.232811141014099,171693.0,True,3127,186,wt_med,-0.2414037416369217,-0.2931847095489502,-0.192798912525177,-0.4307668566703796,-0.10359385013580327,167253.0,0.3860150802827726,True
D5,45,all,all,"first-hour MAE, schedule known at origin",oracle_level,4.073259811923077,3.9795170068740844,4.156195962429047,456409.0,True,8379,186,wt_med,-0.15891012834167562,-0.18365168571472168,-0.13482093811035156,-0.28211709260940554,-0.07006512284278872,430959.0,0.9946408912460967,True
D5,45,all,all,"first-hour MAE, schedule known at origin",oracle_shape,5.088548271452292,4.982594347000122,5.188644742965698,421123.0,True,7736,186,wt_med,0.8824214485131998,0.786895215511322,0.9811537742614745,0.38316787481307985,1.3492277383804319,403757.0,0.9318594630274579,False
D5,45,all,all,"first-hour MAE, schedule known at origin",prod_served,6.12962962962963,5.961402118206024,6.308727478981018,182682.0,True,3460,186,wt_med,1.7380195080576755,1.6319973945617676,1.8438932776451111,1.452491295337677,2.02668799161911,174492.0,0.40272248263828786,False
D5,45,all,all,"first-hour MAE, schedule known at origin",prod_served_lin,6.2927936249876835,6.123426902294159,6.466632294654846,182682.0,True,3460,186,wt_med,1.9095581745868007,1.7872376680374145,2.02934353351593,1.6098336458206177,2.225584518909454,174492.0,0.40272248263828786,False
D5,45,all,all,"first-hour MAE, schedule known at origin",wt_med,4.231582968096916,4.134525895118713,4.32099746465683,433281.0,True,8078,186,wt_med,,,,,,,,
D5,60,all,all,"first-hour MAE, schedule known at origin",clim,4.02728950518755,3.91979820728302,4.133297395706177,300720.0,True,5743,171,clim,,,,,,,,
D5,60,all,all,"first-hour MAE, schedule known at origin",h5,4.0140789884165695,3.916856497526169,4.106889188289642,368630.0,True,6723,171,clim,-0.06171529881621263,-0.10461152195930482,-0.019875168800354007,-0.27285189628601075,0.09477419257163999,299716.0,0.9966613461026869,False
D5,60,all,all,"first-hour MAE, schedule known at origin",lvlh5_naive,4.0140789884165695,3.916856497526169,4.106889188289642,368630.0,True,6723,171,clim,-0.06171529881621263,-0.10461152195930482,-0.019875168800354007,-0.27285189628601075,0.09477419257163999,299716.0,0.9966613461026869,False
D5,60,all,all,"first-hour MAE, schedule known at origin",lvlh5_tft,1.151627414659963,0.7680200517177582,1.6342361241579055,3779.0,True,105,171,clim,0.13460210002763184,0.04858380258083344,0.24005702435970305,-0.206998747587204,1.206872534751892,3619.0,0.012034450651769087,False
D5,60,all,all,"first-hour MAE, schedule known at origin",oracle_level,4.018451575316673,3.920867270231247,4.109026098251343,366466.0,True,6714,171,clim,-0.061263621123218925,-0.10397850275039673,-0.01936625242233277,-0.2724236249923706,0.09538857340812681,298250.0,0.9917863793562117,False
D5,60,all,all,"first-hour MAE, schedule known at origin",oracle_shape,5.119462283102528,5.006081068515778,5.236177062988281,334359.0,True,6102,171,clim,1.0625298740310436,0.9446128368377685,1.1810506403446197,0.5511946558952332,1.5616560935974118,286620.0,0.9531125299281724,False
D5,60,all,all,"first-hour MAE, schedule known at origin",prod_served,1.6810225062517365,1.1764058828353883,2.255928248167038,3599.0,True,104,171,clim,0.5924170616113744,0.33703531920909885,0.9027231574058533,0.15034250244498254,3.151396322250366,3587.0,0.01192803937217345,False
D5,60,all,all,"first-hour MAE, schedule known at origin",prod_served_lin,1.7424979160878022,1.230075043439865,2.319211262464523,3599.0,True,104,171,clim,0.6540981321438528,0.39766902178525926,0.9680641025304794,0.2250031314790249,3.0994284272193906,3587.0,0.01192803937217345,False
D5,60,all,all,"first-hour MAE, schedule known at origin",wt_med,4.118129046919091,4.012453782558441,4.220471715927124,347641.0,True,6453,171,clim,0.08225561748940713,0.04361604452133179,0.1187199592590332,-0.08244857788085937,0.24557904005050657,299244.0,0.9950917797286513,False
D5,90,all,all,"first-hour MAE, schedule known at origin",clim,3.886087162900573,3.7521974384784698,4.022191441059112,181178.0,True,3129,141,clim,,,,,,,,
D5,90,all,all,"first-hour MAE, schedule known at origin",h5,3.877046996071334,3.752082860469818,4.005222773551941,229849.0,True,3782,141,clim,-0.021370663963395042,-0.07485348582267762,0.029064989089965815,-0.22287564277648925,0.1987401366233825,180522.0,0.9963792513439822,False
D5,90,all,all,"first-hour MAE, schedule known at origin",lvlh5_naive,3.877046996071334,3.752082860469818,4.005222773551941,229849.0,True,3782,141,clim,-0.021370663963395042,-0.07485348582267762,0.029064989089965815,-0.22287564277648925,0.1987401366233825,180522.0,0.9963792513439822,False
D5,90,all,all,"first-hour MAE, schedule known at origin",oracle_level,3.8832137969929743,3.7577707707881927,4.012403905391693,228731.0,True,3778,141,clim,-0.02035349489285032,-0.07285584211349487,0.02971998453140256,-0.22313363552093507,0.20076069831848142,179748.0,0.9921072094845953,False
D5,90,all,all,"first-hour MAE, schedule known at origin",oracle_shape,4.821300541377396,4.667786371707916,4.969634830951691,205370.0,True,3388,141,clim,0.9579186386729117,0.8165093004703522,1.0939498484134673,0.45630764961242676,1.5640580356121057,171580.0,0.9470244731700317,False
D5,90,all,all,"first-hour MAE, schedule known at origin",wt_med,3.941551363461369,3.805270570516586,4.0724011063575745,215591.0,True,3594,141,clim,0.08353989563751485,0.03503302931785583,0.1339472234249115,-0.08699987530708313,0.3189695477485657,180333.0,0.9953360783318063,False
UC3,0,all,all,"MAE, schedule projected at origin",clim,7.747713651440088,7.600549268722534,7.910435461997986,1905440.0,True,2808,231,wt_med,0.4361412485373064,0.3782257318496704,0.49425673484802246,0.35934469699859617,0.5497618436813354,1898894.0,0.9568380958715599,False
UC3,0,all,all,"MAE, schedule projected at origin",h5,7.305628022253733,7.161900889873505,7.460963535308838,1990857.0,True,2950,231,wt_med,-0.01858354862132572,-0.025248336791992187,-0.011752021312713624,-0.03202812671661377,-0.005704700946807862,1984551.0,1.0,True
UC3,0,all,all,"MAE, schedule projected at origin",lvlh5_cbd,8.883688987634747,8.633476996421814,9.158992266654968,940082.0,True,1300,231,wt_med,1.9378038181619583,1.7435371160507203,2.1183085083961486,1.484261655807495,2.5422274827957154,938334.0,0.4728192926258887,False
UC3,0,all,all,"MAE, schedule projected at origin",lvlh5_naive,7.556244910869596,7.409512209892273,7.712758457660675,1918158.0,True,2906,231,wt_med,0.22824631437126808,0.1681573748588562,0.28781967163085936,0.13826273679733275,0.3303266763687134,1915549.0,0.9652304223978119,False
UC3,0,all,all,"MAE, schedule projected at origin",lvlh5_tft,6.963101416636713,6.790830993652344,7.155775320529938,1196155.0,True,1775,231,wt_med,-0.04235273150042129,-0.15916868448257446,0.07512332201004025,-0.4959882497787475,0.2686032056808471,1193308.0,0.6012987320557648,False
UC3,0,all,all,"MAE, schedule projected at origin",oracle_level,5.420322328230029,5.3340746521949765,5.5180552244186405,1983689.0,True,2934,231,wt_med,-1.9155856799698388,-2.0144724369049074,-1.8216775417327882,-2.5003878355026243,-1.5491024017333985,1978530.0,0.9969660643641811,True
UC3,0,all,all,"MAE, schedule projected at origin",oracle_shape,5.822771241559347,5.672927522659302,5.985864877700806,1911101.0,True,2808,231,wt_med,-1.5165441067573164,-1.6223894238471985,-1.4124378919601441,-1.7938997149467468,-1.1528827548027039,1907102.0,0.9609740440029004,True
UC3,0,all,all,"MAE, schedule projected at origin",snaive7,8.514848597916249,8.342395925521851,8.707752013206482,1742050.0,True,2849,231,wt_med,1.1556446604175052,1.0306629061698913,1.299061381816864,0.6440403580665589,1.5486646175384522,1738900.0,0.8762183486340235,False
UC3,0,all,all,"MAE, schedule projected at origin",wt_med,7.3296430779556685,7.184309005737305,7.48450585603714,1984551.0,True,2948,231,wt_med,,,,,,,,
UC3,1,all,all,"MAE, schedule projected at origin",clim,7.7581216558772335,7.612311160564422,7.9145449757575985,1994544.0,True,2933,230,wt_med,0.40588922770107416,0.3465646505355835,0.46339313983917235,0.3247599363327026,0.5318166494369507,1987663.0,0.9551704965662334,False
UC3,1,all,all,"MAE, schedule projected at origin",h5,7.372536640669946,7.222483313083648,7.531130290031433,2087571.0,True,3093,230,wt_med,-0.023953411204781005,-0.030398035049438478,-0.017114341259002686,-0.03959352970123291,-0.010515522956848145,2080951.0,1.0,True
UC3,1,all,all,"MAE, schedule projected at origin",lvlh5_cbd,8.956348570725133,8.72070586681366,9.22573916912079,1006238.0,True,1386,230,wt_med,1.940239170432588,1.7542525053024292,2.1249844312667845,1.5179146885871888,2.4989732265472413,1004298.0,0.48261491981310467,False
UC3,1,all,all,"MAE, schedule projected at origin",lvlh5_naive,7.559329956984411,7.415554797649383,7.71652899980545,2016204.0,True,3049,230,wt_med,0.17141243534953432,0.11205441951751709,0.2345434784889221,0.06917709112167358,0.2783905506134033,2013308.0,0.9674941889549538,False
UC3,1,all,all,"MAE, schedule projected at origin",lvlh5_tft,7.046800801459416,6.885649180412292,7.231892800331115,1262017.0,True,1863,230,wt_med,-0.01681463388181559,-0.13401260375976562,0.10826715230941772,-0.5171392440795899,0.31462467908859254,1258870.0,0.6049493717055328,False
UC3,1,all,all,"MAE, schedule projected at origin",oracle_level,5.403954957238889,5.31784952878952,5.500130081176758,2080189.0,True,3071,230,wt_med,-2.001568758933753,-2.1066109776496886,-1.9049593567848206,-2.6111679792404177,-1.6143874287605287,2074753.0,0.9970215540875301,True
UC3,1,all,all,"MAE, schedule projected at origin",oracle_shape,5.829216247161482,5.67871755361557,5.9953147053718565,2009853.0,True,2951,230,wt_med,-1.5691981872930167,-1.673042857646942,-1.467671525478363,-1.8417633891105651,-1.2201261758804323,2005068.0,0.963534460926759,True
UC3,1,all,all,"MAE, schedule projected at origin",snaive7,8.468378218367441,8.299750924110413,8.659081363677979,1832645.0,True,2995,230,wt_med,1.0492603184536389,0.918877363204956,1.1856179714202881,0.5147509455680848,1.4617028474807738,1828084.0,0.8784848850357361,False
UC3,1,all,all,"MAE, schedule projected at origin",wt_med,7.400669453533505,7.249707889556885,7.559461414813995,2080951.0,True,3092,230,wt_med,,,,,,,,
UC3,2,all,all,"MAE, schedule projected at origin",clim,7.794114946476502,7.650431442260742,7.949399363994599,2014816.0,True,2990,229,wt_med,0.39913877447727675,0.3383024573326111,0.4607652187347412,0.2955687165260315,0.5348787307739258,2007372.0,0.9533509752108191,False
UC3,2,all,all,"MAE, schedule projected at origin",h5,7.427998561444926,7.279416155815125,7.585807883739472,2112884.0,True,3160,229,wt_med,-0.024915362443698186,-0.031560194492340085,-0.01816985607147217,-0.040757811069488524,-0.011416888236999517,2105596.0,1.0,True
UC3,2,all,all,"MAE, schedule projected at origin",lvlh5_cbd,9.02216996480466,8.776189136505128,9.273295044898987,1017317.0,True,1408,229,wt_med,1.938733783456522,1.7511970281600953,2.116014301776886,1.5365801334381104,2.4732611775398254,1015107.0,0.4820996050524412,False
UC3,2,all,all,"MAE, schedule projected at origin",lvlh5_naive,7.581664049980997,7.441505420207977,7.746247172355652,2040892.0,True,3114,229,wt_med,0.14428810941466175,0.08399280309677123,0.20587934255599977,0.046090972423553464,0.25118987560272216,2037632.0,0.9677222031196868,False
UC3,2,all,all,"MAE, schedule projected at origin",lvlh5_tft,7.209750126896623,7.043712651729583,7.3950784444808955,1282019.0,True,1910,229,wt_med,0.08237608057718582,-0.039063990116119385,0.19533889293670653,-0.40425978899002074,0.4155711293220519,1278565.0,0.6072223731428061,False
UC3,2,all,all,"MAE, schedule projected at origin",oracle_level,5.417251123855141,5.32984619140625,5.513357746601105,2105268.0,True,3136,229,wt_med,-2.0442234509039316,-2.1472775101661683,-1.9460391402244568,-2.6694008469581605,-1.6548754096031189,2099182.0,0.9969538315992241,True
UC3,2,all,all,"MAE, schedule projected at origin",oracle_shape,5.855459716160093,5.707697069644928,6.021726036071777,2034848.0,True,3014,229,wt_med,-1.59644821116148,-1.6984537482261657,-1.4941510438919068,-1.8762436985969544,-1.2402326583862304,2029305.0,0.9637675033577191,True
UC3,2,all,all,"MAE, schedule projected at origin",snaive7,8.482077023027115,8.31406548023224,8.674305963516236,1854770.0,True,3063,229,wt_med,1.015166640529097,0.883592712879181,1.1552316784858703,0.49942967891693113,1.4187883496284484,1849190.0,0.8782264024057796,False
UC3,2,all,all,"MAE, schedule projected at origin",wt_med,7.455924355859339,7.3074918508529665,7.613025450706482,2105596.0,True,3159,229,wt_med,,,,,,,,
UC3,3,all,all,"MAE, schedule projected at origin",clim,7.8554383256979134,7.7019372344017025,8.014233899116515,2027830.0,True,3039,228,wt_med,0.4121271900180288,0.35050454139709475,0.46973367929458615,0.286754846572876,0.5712420463562011,2019561.0,0.951797025223391,False
UC3,3,all,all,"MAE, schedule projected at origin",h5,7.500113307041952,7.344136250019074,7.655801784992218,2129722.0,True,3214,228,wt_med,-0.026712193190815192,-0.03318380117416382,-0.019992816448211673,-0.043901050090789796,-0.01324114799499512,2121840.0,1.0,True
UC3,3,all,all,"MAE, schedule projected at origin",lvlh5_cbd,9.088512438376814,8.838721990585327,9.343707990646362,1026532.0,True,1434,228,wt_med,1.9549126710714049,1.769926381111145,2.1422842264175417,1.5583965539932252,2.513560366630554,1024083.0,0.48263912453342384,False
UC3,3,all,all,"MAE, schedule projected at origin",lvlh5_naive,7.627384116831221,7.480871152877808,7.793156158924103,2059709.0,True,3163,228,wt_med,0.11985747014398918,0.0593630313873291,0.18123161792755124,0.01607581377029419,0.22475767135620114,2056192.0,0.9690608151415753,False
UC3,3,all,all,"MAE, schedule projected at origin",lvlh5_tft,7.381155208528353,7.21067168712616,7.565960609912873,1297574.0,True,1954,228,wt_med,0.16707159855805465,0.04862167835235596,0.294262158870697,-0.3162151575088501,0.49725899696350095,1293844.0,0.6097745353089771,False
UC3,3,all,all,"MAE, schedule projected at origin",oracle_level,5.4328905797726375,5.34462583065033,5.527792072296142,2121969.0,True,3188,228,wt_med,-2.1034272130085894,-2.207376408576965,-2.0012810111045836,-2.7305406093597413,-1.7082059502601623,2115325.0,0.9969295517098368,True
UC3,3,all,all,"MAE, schedule projected at origin",oracle_shape,5.902324344126368,5.754407298564911,6.07674001455307,2054188.0,True,3069,228,wt_med,-1.6195989853660286,-1.7228743076324462,-1.51596657037735,-1.8958505511283874,-1.2703081727027894,2048070.0,0.9652330053161408,True
UC3,3,all,all,"MAE, schedule projected at origin",prod_served,8.238426861786033,8.043038296699525,8.462169289588928,1283727.0,True,1905,228,wt_med,1.0664337578133667,0.8935261011123657,1.2499186992645264,0.14582793712615968,1.751810348033905,1278898.0,0.6027306488707914,False
UC3,3,all,all,"MAE, schedule projected at origin",prod_served_lin,8.22064825698922,8.025553703308105,8.442627453804016,1283727.0,True,1905,228,wt_med,1.0487364903221374,0.875789475440979,1.2304800271987915,0.13235617876052858,1.73319331407547,1278898.0,0.6027306488707914,False
UC3,3,all,all,"MAE, schedule projected at origin",snaive7,8.495389511573125,8.325605416297913,8.685459184646607,1870843.0,True,3118,228,wt_med,0.9652552861719119,0.829753863811493,1.109358263015747,0.45348535776138305,1.3590932607650756,1863967.0,0.8784672736869886,False
UC3,3,all,all,"MAE, schedule projected at origin",wt_med,7.529372148701127,7.3728432893753055,7.687029576301574,2121840.0,True,3213,228,wt_med,,,,,,,,
UC3,4,all,all,"MAE, schedule projected at origin",clim,7.916574451610374,7.76583342552185,8.073352718353272,2040520.0,True,3097,227,wt_med,0.4190234064254943,0.3525390625,0.48431718349456787,0.28363428115844724,0.5990335464477539,2031408.0,0.9482497779225878,False
UC3,4,all,all,"MAE, schedule projected at origin",h5,7.5840292138477645,7.428371179103851,7.740523159503937,2150932.0,True,3284,227,wt_med,-0.028035464467380145,-0.034285223484039305,-0.021126174926757814,-0.04576516151428223,-0.015029871463775641,2142271.0,1.0,True
UC3,4,all,all,"MAE, schedule projected at origin",lvlh5_cbd,9.219172070066623,8.993072772026062,9.47581968307495,1035496.0,True,1463,227,wt_med,2.010176454590227,1.829622781276703,2.2023956418037414,1.597507643699646,2.5860744237899778,1032895.0,0.48214955064041853,False
UC3,4,all,all,"MAE, schedule projected at origin",lvlh5_naive,7.694554967815197,7.546107816696167,7.862991368770599,2082228.0,True,3233,227,wt_med,0.1058623601749904,0.04458179473876953,0.17045167684555051,0.00010973215103149577,0.20908602476119995,2078303.0,0.9701400989884099,False
UC3,4,all,all,"MAE, schedule projected at origin",lvlh5_tft,7.51451813297882,7.331086349487305,7.709088003635406,1314877.0,True,1997,227,wt_med,0.18464316236464828,0.06111677885055542,0.30893529653549195,-0.30249571800231934,0.5327212214469909,1310921.0,0.6119305167273421,False
UC3,4,all,all,"MAE, schedule projected at origin",oracle_level,5.4865884561200335,5.385200655460357,5.5916689276695255,2142867.0,True,3256,227,wt_med,-2.133970394276581,-2.2429204106330873,-2.0269146084785463,-2.7749680519104003,-1.7248199820518495,2135523.0,0.9968500717229519,True
UC3,4,all,all,"MAE, schedule projected at origin",oracle_shape,5.967493947619116,5.81740779876709,6.138736355304718,2077090.0,True,3136,227,wt_med,-1.6361466916558252,-1.7390027403831483,-1.5311424255371093,-1.9104766726493836,-1.2886754274368288,2070232.0,0.9663726017856751,True
UC3,4,all,all,"MAE, schedule projected at origin",prod_served,8.328962844148995,8.131203651428223,8.549378919601441,1294897.0,True,1939,227,wt_med,1.0800996201255924,0.8981185913085937,1.264982533454895,0.10675005912780762,1.7858391761779784,1289900.0,0.602118032685874,False
UC3,4,all,all,"MAE, schedule projected at origin",prod_served_lin,8.310323234203183,8.113229823112487,8.529428339004516,1294897.0,True,1939,227,wt_med,1.0615573881696267,0.8792142629623413,1.2449702262878417,0.09206486940383911,1.7681757688522337,1289900.0,0.602118032685874,False
UC3,4,all,all,"MAE, schedule projected at origin",snaive7,8.528356288436559,8.354054021835328,8.723679423332214,1891591.0,True,3191,227,wt_med,0.9191826394028944,0.7801992416381835,1.061090111732483,0.4121944665908813,1.2971863269805908,1882009.0,0.8785111687550268,False
UC3,4,all,all,"MAE, schedule projected at origin",wt_med,7.613013713017634,7.457732820510865,7.770390903949737,2142271.0,True,3283,227,wt_med,,,,,,,,
UC3,5,all,all,"MAE, schedule projected at origin",clim,8.063020855096918,7.90098237991333,8.221747708320617,2082033.0,True,3185,226,wt_med,0.41041414719279334,0.3431574821472168,0.47571735382080077,0.2556924343109131,0.5949464321136475,2071365.0,0.9482270454817001,False
UC3,5,all,all,"MAE, schedule projected at origin",h5,7.745001829297482,7.583836078643799,7.910967230796814,2193465.0,True,3381,226,wt_med,-0.028614924917405915,-0.035304033756256105,-0.021584761142730714,-0.04596819877624512,-0.015473484992980957,2184461.0,1.0,True
UC3,5,all,all,"MAE, schedule projected at origin",lvlh5_cbd,9.46418590805405,9.215378546714783,9.76638903617859,1047626.0,True,1503,226,wt_med,2.1072324544959278,1.9116682529449462,2.3034679174423216,1.6590211153030396,2.814770364761352,1044913.0,0.478339050227951,False
UC3,5,all,all,"MAE, schedule projected at origin",lvlh5_naive,7.845586853706085,7.688884913921356,8.017586851119995,2128954.0,True,3332,226,wt_med,0.09695002915831541,0.028104376792907716,0.16365742683410642,-0.015335345268249511,0.22181558609008786,2124680.0,0.9726335237845858,False
UC3,5,all,all,"MAE, schedule projected at origin",lvlh5_tft,7.624060984285633,7.441142129898071,7.8267066240310665,1340240.0,True,2056,226,wt_med,0.14803893427660775,0.028253340721130372,0.27163044214248655,-0.3090961456298828,0.46881573200225823,1336184.0,0.6116767477194603,False
UC3,5,all,all,"MAE, schedule projected at origin",oracle_level,5.5486941374628165,5.446888172626496,5.6532354831695555,2185184.0,True,3350,226,wt_med,-2.2347889560450787,-2.3435954451560974,-2.125525724887848,-2.935225760936737,-1.8079862713813781,2177524.0,0.9968243882587055,True
UC3,5,all,all,"MAE, schedule projected at origin",oracle_shape,6.105123122992586,5.941729748249054,6.284451019763947,2124609.0,True,3239,226,wt_med,-1.6587798146932382,-1.7648305773735047,-1.5532349944114685,-1.940732479095459,-1.3117858648300171,2116826.0,0.9690381288565005,True
UC3,5,all,all,"MAE, schedule projected at origin",prod_served,8.43703268860046,8.23265278339386,8.660660696029662,1320185.0,True,1998,226,wt_med,1.0580285612384497,0.8894397139549255,1.2383808255195616,0.17237439155578613,1.7405401349067686,1314999.0,0.601978703213287,False
UC3,5,all,all,"MAE, schedule projected at origin",prod_served_lin,8.417718066028625,8.215073108673096,8.639062142372131,1320185.0,True,1998,226,wt_med,1.0388292120374238,0.8703927636146546,1.2200271129608153,0.15769964456558228,1.7208277821540832,1314999.0,0.601978703213287,False
UC3,5,all,all,"MAE, schedule projected at origin",snaive7,8.628483031293316,8.447650408744812,8.8286963224411,1936388.0,True,3297,226,wt_med,0.8589269501350429,0.7203924655914307,1.0023746013641357,0.3453664779663086,1.2313846588134765,1918662.0,0.8783228448573813,False
UC3,5,all,all,"MAE, schedule projected at origin",wt_med,7.775092803213242,7.6141606092453005,7.938417387008667,2184461.0,True,3379,226,wt_med,,,,,,,,
UC3,6,all,all,"MAE, schedule projected at origin",clim,8.218673444303478,8.06348090171814,8.385573840141296,2123454.0,True,3278,225,wt_med,0.37481583215922143,0.3101478338241577,0.44376689195632935,0.18914129734039306,0.5488929271697998,2111525.0,0.9478374613788302,False
UC3,6,all,all,"MAE, schedule projected at origin",h5,7.943642266809573,7.7778970956802365,8.1160959482193,2237356.0,True,3489,225,wt_med,-0.030809150260197704,-0.03739343881607056,-0.023665904998779297,-0.04793130159378052,-0.01634732484817505,2227729.0,1.0,True
UC3,6,all,all,"MAE, schedule projected at origin",lvlh5_cbd,9.923203037129658,9.628523230552673,10.255295872688293,1060806.0,True,1542,225,wt_med,2.3707477570260336,2.157555603981018,2.587531900405884,1.7732276916503906,3.3504040002822877,1057952.0,0.474901570164055,False
UC3,6,all,all,"MAE, schedule projected at origin",lvlh5_naive,7.992032617944995,7.827142751216888,8.167176938056945,2176327.0,True,3438,225,wt_med,0.04745578144249851,-0.02623622417449951,0.11786944866180418,-0.06562526226043701,0.15336995124816888,2171443.0,0.9747339106327565,False
UC3,6,all,all,"MAE, schedule projected at origin",lvlh5_tft,7.810906176785165,7.605109071731567,8.015691113471984,1359832.0,True,2112,225,wt_med,0.16416004643103665,0.046660983562469484,0.28777590990066526,-0.2944537758827209,0.4924805402755737,1355614.0,0.6085183610753373,False
UC3,6,all,all,"MAE, schedule projected at origin",oracle_level,5.615878996320059,5.512958562374115,5.723641991615295,2228728.0,True,3451,225,wt_med,-2.3682451459140266,-2.4842759490013124,-2.2543724894523622,-3.1506357312202455,-1.913646650314331,2220520.0,0.9967639690465043,True
UC3,6,all,all,"MAE, schedule projected at origin",oracle_shape,6.225209240424357,6.050661337375641,6.406572234630585,2173070.0,True,3346,225,wt_med,-1.7351173480809994,-1.8439345002174377,-1.6209821462631226,-2.011743688583374,-1.401913607120514,2163599.0,0.9712128360316717,True
UC3,6,all,all,"MAE, schedule projected at origin",prod_served,8.554354958757584,8.341512656211853,8.778353404998779,1339519.0,True,2054,225,wt_med,0.998347561519509,0.823133111000061,1.1753007411956786,0.12741611003875736,1.6451977729797362,1334089.0,0.598856054753518,False
UC3,6,all,all,"MAE, schedule projected at origin",prod_served_lin,8.535505842022397,8.322930216789246,8.757298922538757,1339519.0,True,2054,225,wt_med,0.9796202689625666,0.8045544505119324,1.1560728669166564,0.10816798210144045,1.627805757522583,1334089.0,0.598856054753518,False
UC3,6,all,all,"MAE, schedule projected at origin",snaive7,8.723626015702678,8.541651678085326,8.924841737747192,1983356.0,True,3426,225,wt_med,0.76158118490922,0.6017552375793457,0.9102642655372619,0.23869669437408447,1.1186076760292054,1955154.0,0.8776444531628398,False
UC3,6,all,all,"MAE, schedule projected at origin",wt_med,7.975636174777094,7.810847532749176,8.145761013031006,2227729.0,True,3486,225,wt_med,,,,,,,,
UC3,7,all,all,"MAE, schedule projected at origin",clim,8.348606507167633,8.190106081962586,8.51772882938385,2158174.0,True,3368,224,wt_med,0.3055318462217276,0.237740421295166,0.3736912727355957,0.11673244237899781,0.46822805404663076,2144022.0,0.9507364806349293,False
UC3,7,all,all,"MAE, schedule projected at origin",h5,8.140792448086472,7.96642519235611,8.309170961380005,2265161.0,True,3575,224,wt_med,-0.032467384175633995,-0.03952149152755737,-0.025182700157165536,-0.05212521553039551,-0.01756044626235962,2255117.0,1.0,True
UC3,7,all,all,"MAE, schedule projected at origin",lvlh5_cbd,10.356513880657648,10.031364393234252,10.70628879070282,1071173.0,True,1577,224,wt_med,2.575312694041151,2.354633128643036,2.810325253009796,1.8045906901359559,3.810711312294006,1068191.0,0.4736743149025084,False
UC3,7,all,all,"MAE, schedule projected at origin",lvlh5_naive,8.4075273596677,8.235162591934204,8.5813499212265,2173016.0,True,3510,224,wt_med,0.30443724462605815,0.23386874198913574,0.3728233575820923,0.22132649421691894,0.41354942321777344,2168738.0,0.9616964441312801,False
UC3,7,all,all,"MAE, schedule projected at origin",lvlh5_tft,8.20214599490323,7.9969138383865355,8.425810551643371,1379430.0,True,2167,224,wt_med,0.34229472135247274,0.21482198238372802,0.47004507780075067,-0.14665026664733888,0.6847962498664855,1374920.0,0.6096889873119665,False
UC3,7,all,all,"MAE, schedule projected at origin",oracle_level,5.6712155158114435,5.571316421031952,5.778617250919342,2256279.0,True,3535,224,wt_med,-2.513162251907646,-2.6315484166145326,-2.392549455165863,-3.3505356669425965,-2.031007182598114,2247768.0,0.9967411890380854,True
UC3,7,all,all,"MAE, schedule projected at origin",oracle_shape,6.770569523177081,6.5933379292488095,6.95668443441391,2166058.0,True,3369,224,wt_med,-1.3453703338626237,-1.457345962524414,-1.2391897439956665,-1.6210226893424988,-0.9860612273216248,2158858.0,0.9573152967229638,True
UC3,7,all,all,"MAE, schedule projected at origin",prod_served,9.031725076306403,8.806328105926514,9.29291546344757,1359650.0,True,2115,224,wt_med,1.2636160443891624,1.082218301296234,1.4594456672668457,0.3270847797393799,2.0066168308258057,1353844.0,0.6003431307555218,False
UC3,7,all,all,"MAE, schedule projected at origin",prod_served_lin,9.012513882249108,8.788885045051575,9.271819829940796,1359650.0,True,2115,224,wt_med,1.2445032440960704,1.0623855233192443,1.441563081741333,0.31388852596282957,1.9848526954650878,1353844.0,0.6003431307555218,False
UC3,7,all,all,"MAE, schedule projected at origin",wt_med,8.174622425355315,8.00094964504242,8.34244499206543,2255117.0,True,3572,224,wt_med,,,,,,,,
UC3,10,all,all,"MAE, schedule projected at origin",clim,8.644248961180445,8.483756422996521,8.825076937675476,2272772.0,True,3610,221,wt_med,0.2874664484190923,0.22004597187042235,0.3558899641036987,0.09664466381072999,0.45013813972473143,2259208.0,0.9522060992900627,False
UC3,10,all,all,"MAE, schedule projected at origin",h5,8.433575765925937,8.25838577747345,8.611602759361267,2384271.0,True,3838,221,wt_med,-0.03139187997659931,-0.03880753517150879,-0.023292708396911624,-0.04955635070800781,-0.01625254154205323,2372604.0,1.0,True
UC3,10,all,all,"MAE, schedule projected at origin",lvlh5_cbd,11.105341773002129,10.749211406707763,11.525513863563537,1120822.0,True,1685,221,wt_med,3.0046237559517515,2.7525906801223754,3.3084463119506835,1.8681238651275636,4.783577728271483,1117424.0,0.4709694496005233,False
UC3,10,all,all,"MAE, schedule projected at origin",lvlh5_naive,8.699541430725962,8.517919516563415,8.874635648727416,2300287.0,True,3772,221,wt_med,0.283013971581207,0.20625631809234618,0.35552430152893066,0.17200480699539183,0.45109460353851316,2295227.0,0.9673873094709442,False
UC3,10,all,all,"MAE, schedule projected at origin",lvlh5_tft,8.577633429689309,8.36775484085083,8.811443257331849,1442576.0,True,2323,221,wt_med,0.40263373130026103,0.2774510383605957,0.5441773891448974,-0.12486531734466552,0.7740086913108826,1437413.0,0.6058377209176078,False
UC3,10,all,all,"MAE, schedule projected at origin",oracle_level,5.768565290554268,5.664792287349701,5.8734899163246155,2375035.0,True,3799,221,wt_med,-2.7068313225189105,-2.831251060962677,-2.5902353882789613,-3.614122486114502,-2.164665472507477,2365069.0,0.9968241645044854,True
UC3,10,all,all,"MAE, schedule projected at origin",oracle_shape,7.023635962604256,6.840883648395538,7.217582154273987,2294934.0,True,3642,221,wt_med,-1.4068430941946746,-1.5254376173019408,-1.2861637234687806,-1.6924968838691712,-1.0670589804649353,2285742.0,0.9633895921949048,True
UC3,10,all,all,"MAE, schedule projected at origin",prod_served,9.440417350017032,9.21410892009735,9.693711709976196,1423745.0,True,2263,221,wt_med,1.3523219584831487,1.1574382066726685,1.5560256719589234,0.3863109588623047,2.1074683904647826,1417015.0,0.5972404160154834,False
UC3,10,all,all,"MAE, schedule projected at origin",prod_served_lin,9.417121833614868,9.193417263031005,9.669033098220826,1423745.0,True,2263,221,wt_med,1.3291026382924667,1.1334341049194336,1.5314039707183837,0.3551675796508789,2.082075798511505,1417015.0,0.5972404160154834,False
UC3,10,all,all,"MAE, schedule projected at origin",wt_med,8.463880824612957,8.29261953830719,8.64123785495758,2372604.0,True,3834,221,wt_med,,,,,,,,
UC3,14,all,all,"MAE, schedule projected at origin",clim,8.96269664979272,8.804079914093018,9.132301378250123,2478772.0,True,3961,217,wt_med,0.22457784537743564,0.15338408946990967,0.2902318716049194,0.03304431438446045,0.374147367477417,2460236.0,0.9547436700939711,False
UC3,14,all,all,"MAE, schedule projected at origin",h5,8.82548104172265,8.661580014228822,8.994769644737243,2590056.0,True,4202,217,wt_med,-0.034715743609941896,-0.04232473373413086,-0.026978039741516115,-0.05275552272796631,-0.019155240058898924,2576855.0,1.0,True
UC3,14,all,all,"MAE, schedule projected at origin",lvlh5_cbd,11.801756451935866,11.429292631149291,12.245291996002196,1193094.0,True,1832,217,wt_med,3.1753493336505123,2.9157938241958616,3.479105567932129,1.9869089484214784,4.8581335783004755,1189213.0,0.46149783359948465,False
UC3,14,all,all,"MAE, schedule projected at origin",lvlh5_naive,9.258391888324114,9.102229404449464,9.430766987800599,2485090.0,True,4129,217,wt_med,0.46862799265481137,0.40245277881622316,0.5333226919174194,0.33551645278930664,0.6543081760406494,2479684.0,0.9622908545494411,False
UC3,14,all,all,"MAE, schedule projected at origin",lvlh5_tft,9.11538384806765,8.905594873428345,9.339386439323425,1545460.0,True,2544,217,wt_med,0.41499889868371653,0.29013612270355227,0.5504364013671875,-0.09569804668426514,0.8234913349151608,1539544.0,0.5974507684755254,False
UC3,14,all,all,"MAE, schedule projected at origin",oracle_level,5.9352908506916675,5.841771745681763,6.03331218957901,2580085.0,True,4165,217,wt_med,-2.936023355418489,-3.0627381920814516,-2.8158367395401003,-3.79393607378006,-2.3574121952056886,2568877.0,0.9969039779110582,True
UC3,14,all,all,"MAE, schedule projected at origin",oracle_shape,7.612683100915882,7.442287027835846,7.791185796260834,2478598.0,True,3963,217,wt_med,-1.191474040059635,-1.296821415424347,-1.0877817392349243,-1.4504555106163024,-0.8795158863067627,2468733.0,0.9580411004887741,True
UC3,14,all,all,"MAE, schedule projected at origin",prod_served,9.868471480596448,9.640128922462463,10.119985246658326,1525365.0,True,2485,217,wt_med,1.288894518007794,1.0997428894042969,1.48054838180542,0.3459460973739624,2.123675465583801,1515927.0,0.5882857203839564,False
UC3,14,all,all,"MAE, schedule projected at origin",prod_served_lin,9.845481163524795,9.616760158538819,10.095865488052368,1525365.0,True,2485,217,wt_med,1.265998956414128,1.0777016639709474,1.4562118291854858,0.3239472150802613,2.101664066314697,1515927.0,0.5882857203839564,False
UC3,14,all,all,"MAE, schedule projected at origin",wt_med,8.860219531172689,8.69766058921814,9.024672937393188,2576855.0,True,4200,217,wt_med,,,,,,,,
UC3,21,all,all,"MAE, schedule projected at origin",clim,9.246711398411334,9.0875244140625,9.40600390434265,2651659.0,True,4338,210,clim,,,,,,,,
UC3,21,all,all,"MAE, schedule projected at origin",h5,9.215872901062554,9.055072474479676,9.383351564407349,2777179.0,True,4599,210,clim,-0.16778900738593627,-0.22970571517944335,-0.10321679115295412,-0.32353887557983396,0.023199701309204034,2631758.0,0.992494887163093,False
UC3,21,all,all,"MAE, schedule projected at origin",lvlh5_cbd,12.38209633876412,11.99729118347168,12.790975999832153,1208649.0,True,1931,210,clim,3.213262376070716,2.9268522024154664,3.5147045135498045,1.7143257141113282,5.023050308227539,1184794.0,0.4468123540772022,False
UC3,21,all,all,"MAE, schedule projected at origin",lvlh5_naive,9.671859941620975,9.500408411026001,9.851786613464355,2660563.0,True,4526,210,clim,0.36186316092145887,0.2674973964691162,0.46151158809661863,0.13524346351623534,0.6082459449768066,2575498.0,0.9712779810677014,False
UC3,21,all,all,"MAE, schedule projected at origin",lvlh5_tft,9.633272194671902,9.415696382522583,9.854615759849548,1620989.0,True,2759,210,clim,0.4405856656766005,0.2978445768356323,0.5912107944488525,0.11066546440124513,0.7764523983001709,1567622.0,0.5911853673492707,False
UC3,21,all,all,"MAE, schedule projected at origin",oracle_level,6.12340787826916,6.02744482755661,6.222515881061554,2766257.0,True,4560,210,clim,-3.2176500385760365,-3.3418365716934204,-3.0992929339408875,-3.9353728532791137,-2.696559262275696,2625722.0,0.990218576370491,True
UC3,21,all,all,"MAE, schedule projected at origin",oracle_shape,8.02398832597631,7.850181031227112,8.209607791900634,2654249.0,True,4328,210,clim,-1.3043982782912993,-1.4416243314743042,-1.1681007862091064,-1.6565987467765808,-0.8271081805229196,2568470.0,0.9686275648565672,True
UC3,21,all,all,"MAE, schedule projected at origin",prod_served,10.566517278756338,10.328324580192566,10.807430243492126,1596961.0,True,2684,210,clim,1.4816235049925428,1.2852469444274903,1.6792223215103148,0.799236536026001,2.177122592926025,1569641.0,0.5919467774702554,False
UC3,21,all,all,"MAE, schedule projected at origin",prod_served_lin,10.539274049272336,10.301978039741517,10.779914808273315,1596961.0,True,2684,210,clim,1.4546455208547684,1.2568137884140014,1.6517157316207884,0.774739670753479,2.151555013656616,1569641.0,0.5919467774702554,False
UC3,21,all,all,"MAE, schedule projected at origin",wt_med,9.249859332195438,9.0932062625885,9.412962722778321,2761826.0,True,4596,210,clim,-0.13656663029418326,-0.1977848768234253,-0.07249426841735841,-0.2871395587921143,0.04516205787658681,2629277.0,0.9915592464943644,False
UC3,30,all,all,"MAE, schedule projected at origin",clim,9.242518102148171,9.095204615592957,9.397594833374024,2989148.0,True,4996,201,clim,,,,,,,,
UC3,30,all,all,"MAE, schedule projected at origin",h5,9.307187661961526,9.15519096851349,9.460830426216125,3148896.0,True,5321,201,clim,-0.1039983325352889,-0.16424226760864258,-0.04191575050354007,-0.2731173992156982,0.05130882263183587,2965580.0,0.9921154790595849,False
UC3,30,all,all,"MAE, schedule projected at origin",lvlh5_cbd,12.419432170675083,12.040651226043702,12.824430561065673,1317350.0,True,2210,201,clim,3.1101309456274286,2.8505594968795775,3.3860094070434568,1.8917783975601197,4.677746438980103,1283782.0,0.42948090894127694,False
UC3,30,all,all,"MAE, schedule projected at origin",lvlh5_naive,9.731656069504961,9.571513175964355,9.886618876457215,3010691.0,True,5231,201,clim,0.4068184369246399,0.3098335027694702,0.5016411781311035,0.15848000049591066,0.6609758377075196,2890743.0,0.9670792479997645,False
UC3,30,all,all,"MAE, schedule projected at origin",lvlh5_tft,10.026986586085169,9.798316526412965,10.272873210906983,1469500.0,True,2628,201,clim,0.7132114844612936,0.5580862760543823,0.8607998847961424,0.42963032722473143,1.0181429147720336,1420459.0,0.4752053093389822,False
UC3,30,all,all,"MAE, schedule projected at origin",oracle_level,6.1624479606341325,6.071194970607758,6.253691172599792,3137201.0,True,5273,201,clim,-3.1815708902363893,-3.2971007347106935,-3.069410479068756,-3.8779847741127016,-2.6441896677017214,2958742.0,0.9898278706842217,True
UC3,30,all,all,"MAE, schedule projected at origin",oracle_shape,8.26225049239529,8.088860726356506,8.433485293388367,3006489.0,True,4991,201,clim,-1.0818532314000961,-1.219423031806946,-0.9537095308303833,-1.575899362564087,-0.5030197620391846,2884694.0,0.9650555944369432,True
UC3,30,all,all,"MAE, schedule projected at origin",prod_served,10.809576985029182,10.554058599472047,11.056359910964966,1493706.0,True,2623,201,clim,1.5883318868795975,1.3932979106903076,1.7903182744979858,1.0634376049041747,2.0685059309005736,1467958.0,0.49109579050619107,False
UC3,30,all,all,"MAE, schedule projected at origin",prod_served_lin,10.78106191914607,10.524719619750977,11.02569591999054,1493706.0,True,2623,201,clim,1.5597333166207754,1.3654895305633545,1.7602579832077025,1.0419483423233031,2.0422073125839235,1467958.0,0.49109579050619107,False
UC3,30,all,all,"MAE, schedule projected at origin",wt_med,9.351949796535887,9.200609469413758,9.504974579811096,3131019.0,True,5319,201,clim,-0.06468200078739272,-0.1254197597503662,-0.003216552734375,-0.22461841106414795,0.08720757961273193,2961674.0,0.9908087521929325,False
UC3,45,all,all,"MAE, schedule projected at origin",clim,9.558289108063544,9.400730895996094,9.70198667049408,2963238.0,True,5117,186,clim,,,,,,,,
UC3,45,all,all,"MAE, schedule projected at origin",h5,9.728328415389528,9.57877492904663,9.880042219161988,3174938.0,True,5572,186,clim,-0.1106012548441786,-0.17629821300506593,-0.04166681766510011,-0.3168272733688354,0.09055333137512207,2940126.0,0.9922004239956426,False
UC3,45,all,all,"MAE, schedule projected at origin",lvlh5_cbd,10.5876437512939,10.20003845691681,10.978747820854187,561223.0,True,903,186,clim,1.3407316874032063,0.9833531618118286,1.6861357927322387,0.523280119895935,2.4900984287261956,558098.0,0.18834059228452119,False
UC3,45,all,all,"MAE, schedule projected at origin",lvlh5_naive,10.025492956827158,9.871844673156739,10.189111018180848,3010051.0,True,5408,186,clim,0.3059009029274815,0.20665991306304932,0.40203745365142823,0.03551194667816162,0.5929084777832031,2863019.0,0.9661792269132617,False
UC3,45,all,all,"MAE, schedule projected at origin",lvlh5_tft,10.537835478120755,10.274581050872802,10.820713210105895,1186276.0,True,2248,186,clim,0.603526271627274,0.4367863416671753,0.7790417909622193,0.16480026245117188,1.0932023286819457,1114851.0,0.3762272892018798,False
UC3,45,all,all,"MAE, schedule projected at origin",oracle_level,6.312684617318941,6.22219340801239,6.4081866383552555,3162819.0,True,5531,186,clim,-3.4047271574539826,-3.5245267748832703,-3.2885385751724243,-4.074174070358277,-2.8391403675079347,2933405.0,0.9899322970345278,True
UC3,45,all,all,"MAE, schedule projected at origin",oracle_shape,8.5632403664964,8.402354836463928,8.730105543136597,3006132.0,True,5124,186,clim,-1.1696402377211115,-1.3068084955215453,-1.0385964632034301,-1.7266011118888855,-0.5283972501754761,2856084.0,0.9638388816558103,True
UC3,45,all,all,"MAE, schedule projected at origin",prod_served,11.474063918933204,11.189001989364623,11.767931485176087,1220327.0,True,2160,186,clim,1.7294738414015676,1.5230226993560791,1.9616952657699585,1.1748422384262085,2.30870201587677,1191979.0,0.4022555731264245,False
UC3,45,all,all,"MAE, schedule projected at origin",prod_served_lin,11.444157180821206,11.158287644386292,11.73484480381012,1220327.0,True,2160,186,clim,1.699697729574094,1.4935803651809691,1.9301977634429932,1.1425715923309325,2.2785117626190186,1191979.0,0.4022555731264245,False
UC3,45,all,all,"MAE, schedule projected at origin",wt_med,9.796475505396982,9.645235276222229,9.948388814926147,3152225.0,True,5570,186,clim,-0.05255577836965308,-0.11751773357391357,0.012976074218749988,-0.25576632022857665,0.14164443016052242,2935681.0,0.9907003757376222,False
UC3,60,all,all,"MAE, schedule projected at origin",clim,9.590071187901557,9.439049696922302,9.744657397270203,3141826.0,True,5495,171,clim,,,,,,,,
UC3,60,all,all,"MAE, schedule projected at origin",h5,9.674253372947963,9.521923661231995,9.831267189979553,3348258.0,True,5869,171,clim,-0.1293955072462385,-0.1937263250350952,-0.06697940826416017,-0.39069011211395266,0.13843886852264398,3116307.0,0.9918776533137099,False
UC3,60,all,all,"MAE, schedule projected at origin",lvlh5_naive,9.973540244814362,9.821127367019653,10.129506802558899,3162045.0,True,5645,171,clim,0.3173147092808719,0.22900168895721434,0.4112704753875732,0.010523271560668946,0.7015957593917846,3025937.0,0.9631141253525816,False
UC3,60,all,all,"MAE, schedule projected at origin",lvlh5_tft,10.980338093630666,5.155855202674866,13.866458106040955,5275.0,True,66,171,clim,2.393431272106122,1.1405791521072388,3.1535340785980224,0.0006834268569946289,5.8587446212768555,5059.0,0.0016102101134817777,False
UC3,60,all,all,"MAE, schedule projected at origin",oracle_level,6.272536753599531,6.189020502567291,6.3604346990585325,3335935.0,True,5834,171,clim,-3.437290741570802,-3.5604703187942506,-3.3202357292175293,-4.162514650821686,-2.857629787921906,3109297.0,0.9896464667362228,True
UC3,60,all,all,"MAE, schedule projected at origin",oracle_shape,8.573395824293037,8.413858532905579,8.742096900939941,3156343.0,True,5351,171,clim,-1.1116681563634518,-1.2369796514511109,-0.9846511125564575,-1.6835281610488892,-0.41077899932861334,3016696.0,0.9601728421624877,True
UC3,60,all,all,"MAE, schedule projected at origin",prod_served,10.076419634263715,4.648304176330567,12.691214513778684,5195.0,True,62,171,clim,1.4057182429758601,0.188318681716919,2.429734718799591,-0.27397263050079346,8.431675910949707,5054.0,0.0016086186822567513,False
UC3,60,all,all,"MAE, schedule projected at origin",prod_served_lin,10.087680461982675,4.648520743846893,12.705977702140807,5195.0,True,62,171,clim,1.4160565888405223,0.19008653163909917,2.4436423659324644,-0.24543380737304688,8.365683555603027,5054.0,0.0016086186822567513,False
UC3,60,all,all,"MAE, schedule projected at origin",wt_med,9.74654662685461,9.594363260269166,9.902547836303711,3324286.0,True,5864,171,clim,-0.06226078757647535,-0.12367341518402099,0.0009689807891845547,-0.30962247848510743,0.19985399246215818,3111774.0,0.990434861765101,False
UC3,90,all,all,"MAE, schedule projected at origin",clim,9.990941244277904,9.845326852798461,10.154181313514709,3100481.0,True,5786,141,clim,,,,,,,,
UC3,90,all,all,"MAE, schedule projected at origin",h5,10.010654646298594,9.86024260520935,10.174658179283142,3446636.0,True,6321,141,clim,-0.23945608891814274,-0.29916245937347413,-0.17876555919647216,-0.5845653533935546,0.09142472743988037,3074873.0,0.9917406363722274,False
UC3,90,all,all,"MAE, schedule projected at origin",lvlh5_naive,10.482164137993857,10.328210926055908,10.641420841217041,3200453.0,True,6075,141,clim,0.42493157686458893,0.3292454719543457,0.5220728874206543,-0.018403768539428707,0.8870840072631835,2961723.0,0.9552462988807221,False
UC3,90,all,all,"MAE, schedule projected at origin",oracle_level,6.417965670506497,6.33927698135376,6.502116131782532,3431509.0,True,6305,141,clim,-3.71956175710869,-3.841879940032959,-3.605387830734253,-4.428460824489593,-3.0906788587570193,3066218.0,0.9889491340214631,True
UC3,90,all,all,"MAE, schedule projected at origin",oracle_shape,9.037507630119103,8.873615646362305,9.209646463394165,3192175.0,True,5672,141,clim,-1.040820740800843,-1.1695419788360595,-0.9123340606689454,-1.617408537864685,-0.35105504989624026,2950459.0,0.9516133141922173,True
UC3,90,all,all,"MAE, schedule projected at origin",wt_med,10.10279470530494,9.952542781829834,10.268528318405151,3416854.0,True,6310,141,clim,-0.15821704224774358,-0.2155052900314331,-0.097733473777771,-0.4958221912384033,0.16085059642791746,3070886.0,0.9904547068664508,False
D5,0,all,all,"first-hour MAE, schedule projected at origin",clim,4.827831164091959,4.673752403259277,4.989866483211517,123315.0,True,2513,231,wt_med,0.2973487003592501,0.24379415512084962,0.34866636991500854,0.2041991651058197,0.4255355834960937,123034.0,0.9386749267578125,False
D5,0,all,all,"first-hour MAE, schedule projected at origin",h5,4.48710479216751,4.35028623342514,4.635435771942139,131861.0,True,2691,231,wt_med,-0.01517343521118164,-0.030734932422637938,-0.0012435793876647949,-0.03675689697265625,0.0011231064796447736,131072.0,1.0,False
D5,0,all,all,"first-hour MAE, schedule projected at origin",lvlh5_cbd,4.134670330350834,3.9666319489479065,4.329240393638611,61310.0,True,1196,231,wt_med,0.005468671848276152,-0.017015159130096436,0.025749254226684566,-0.018576550483703613,0.03355336189270019,61029.0,0.46561431884765625,False
D5,0,all,all,"first-hour MAE, schedule projected at origin",lvlh5_naive,4.478965143920552,4.343756008148193,4.626678133010865,131693.0,True,2687,231,wt_med,-0.014329773885115138,-0.03325985670089722,0.0031361937522888113,-0.03914397954940796,0.0044862091541290235,130906.0,0.9987335205078125,False
D5,0,all,all,"first-hour MAE, schedule projected at origin",lvlh5_tft,4.15547246265583,4.00592360496521,4.319247663021088,79925.0,True,1621,231,wt_med,-0.015003360298209145,-0.03926903009414673,0.006599128246307369,-0.08137520551681518,0.026480543613433837,79535.0,0.6068038940429688,False
D5,0,all,all,"first-hour MAE, schedule projected at origin",oracle_level,4.430997957789137,4.2962961435318,4.581450390815735,131226.0,True,2684,231,wt_med,-0.06816173171488416,-0.09704927206039428,-0.04244960546493531,-0.18178062438964843,-0.006466960906982422,130497.0,0.9956130981445312,True
D5,0,all,all,"first-hour MAE, schedule projected at origin",oracle_shape,4.286900645677013,4.1196530103683475,4.4523521900177006,126806.0,True,2592,231,wt_med,-0.24961156572651966,-0.3980499625205994,-0.10942765474319473,-0.6056807637214661,0.2360883712768551,126043.0,0.9616317749023438,False
D5,0,all,all,"first-hour MAE, schedule projected at origin",snaive7,5.4593362742765095,5.283618831634522,5.638802886009216,109262.0,True,2533,231,wt_med,0.8429151802499932,0.7255786538124085,0.9641920804977417,0.4651288151741028,1.243867003917694,109043.0,0.8319320678710938,False
D5,0,all,all,"first-hour MAE, schedule projected at origin",wt_med,4.504291534423828,4.367538750171661,4.652517867088318,131072.0,True,2684,231,wt_med,,,,,,,,
D5,1,all,all,"first-hour MAE, schedule projected at origin",clim,4.8408313449317,4.686338424682617,4.998876202106476,129501.0,True,2618,230,wt_med,0.27237711073776083,0.2174137592315674,0.3205519080162048,0.1828855037689209,0.40219340324401853,129161.0,0.9382268550466712,False
D5,1,all,all,"first-hour MAE, schedule projected at origin",h5,4.537734324790769,4.396956872940064,4.684526550769806,138483.0,True,2818,230,wt_med,-0.01695737841862499,-0.03292160034179688,-0.0025280833244323746,-0.04146279096603393,-0.0020711302757263194,137665.0,1.0,True
D5,1,all,all,"first-hour MAE, schedule projected at origin",lvlh5_cbd,4.187744467704991,4.016822993755341,4.379069972038269,65932.0,True,1272,230,wt_med,-0.012773279417971573,-0.05389120578765869,0.0210573136806488,-0.07654863595962524,0.02139768600463867,65638.0,0.47679511858497076,False
D5,1,all,all,"first-hour MAE, schedule projected at origin",lvlh5_naive,4.527608956042139,4.386192059516906,4.677005267143249,138225.0,True,2813,230,wt_med,-0.021173884402336363,-0.040670037269592285,-0.0026895046234130943,-0.05262900590896606,-0.0003071665763854984,137411.0,0.9981549413431156,True
D5,1,all,all,"first-hour MAE, schedule projected at origin",lvlh5_tft,4.217442446543724,4.061443829536438,4.392403912544251,84475.0,True,1701,230,wt_med,-0.01181204990963547,-0.03603919744491577,0.013255095481872557,-0.07611414194107055,0.030496299266815186,84055.0,0.6105763992300149,False
D5,1,all,all,"first-hour MAE, schedule projected at origin",oracle_level,4.471653450371316,4.337488579750061,4.617019188404083,137840.0,True,2810,230,wt_med,-0.0796781630538046,-0.11479519605636597,-0.04883637428283692,-0.2093658685684204,-0.011794555187225348,137079.0,0.9957432898703374,True
D5,1,all,all,"first-hour MAE, schedule projected at origin",oracle_shape,4.30010615981225,4.137465405464172,4.47061048746109,133717.0,True,2717,230,wt_med,-0.2827259647243512,-0.4350202322006226,-0.13884006738662721,-0.6342252492904663,0.20518363714218119,132859.0,0.9650891657283986,False
D5,1,all,all,"first-hour MAE, schedule projected at origin",snaive7,5.441122874002082,5.2702819347381595,5.618670928478241,115240.0,True,2651,230,wt_med,0.7744935150792891,0.6573863625526428,0.8956382155418396,0.36727280616760255,1.2066442370414734,114959.0,0.835063378491265,False
D5,1,all,all,"first-hour MAE, schedule projected at origin",wt_med,4.555228271528711,4.412919378280639,4.706730914115906,137665.0,True,2808,230,wt_med,,,,,,,,
D5,2,all,all,"first-hour MAE, schedule projected at origin",clim,4.858772674111955,4.706447196006775,5.0175667881965635,130821.0,True,2659,229,wt_med,0.2519867575044641,0.2011479616165161,0.3013080835342407,0.1587437629699707,0.37699477672576903,130489.0,0.9368152774786417,False
D5,2,all,all,"first-hour MAE, schedule projected at origin",h5,4.587232710906964,4.442428719997406,4.740122973918915,140204.0,True,2873,229,wt_med,-0.015318759422787487,-0.031146299839019776,-0.0008256316184997578,-0.0358115553855896,-0.001791262626647954,139290.0,1.0,True
D5,2,all,all,"first-hour MAE, schedule projected at origin",lvlh5_cbd,4.21683659267615,4.04983948469162,4.4062118291854855,66191.0,True,1286,229,wt_med,-0.01063853955409133,-0.050522458553314206,0.02509869337081908,-0.07157731056213379,0.020216441154479976,65875.0,0.4729341661282217,False
D5,2,all,all,"first-hour MAE, schedule projected at origin",lvlh5_naive,4.57442833271605,4.432699644565583,4.722855973243713,139935.0,True,2867,229,wt_med,-0.01970257597164249,-0.03966810703277588,-0.0011858701705932647,-0.049990177154541016,0.0015653252601623533,139031.0,0.9981405700337426,False
D5,2,all,all,"first-hour MAE, schedule projected at origin",lvlh5_tft,4.274734359426429,4.110197424888611,4.45504240989685,85677.0,True,1740,229,wt_med,-0.002796261590332527,-0.031337571144104,0.02648823261260986,-0.062758469581604,0.04253352880477905,85219.0,0.6118098930289324,False
D5,2,all,all,"first-hour MAE, schedule projected at origin",oracle_level,4.514477221589258,4.381364476680756,4.660548794269562,139565.0,True,2865,229,wt_med,-0.08448386630426974,-0.11922940015792846,-0.05356137752532959,-0.2171228528022766,-0.016021776199340827,138711.0,0.995843204824467,True
D5,2,all,all,"first-hour MAE, schedule projected at origin",oracle_shape,4.324272997536323,4.155892074108124,4.487680351734161,135520.0,True,2769,229,wt_med,-0.29947796383044256,-0.4469625473022461,-0.15617638826370242,-0.6511426091194152,0.20622429847717283,134565.0,0.9660779668317898,False
D5,2,all,all,"first-hour MAE, schedule projected at origin",snaive7,5.458560458020501,5.289893519878388,5.640662050247192,116676.0,True,2696,229,wt_med,0.7537385908520555,0.6369448900222778,0.8717112064361572,0.34497772455215453,1.1734267830848693,116354.0,0.8353363486251705,False
D5,2,all,all,"first-hour MAE, schedule projected at origin",wt_med,4.603507071577285,4.456420767307281,4.755642557144165,139290.0,True,2863,229,wt_med,,,,,,,,
D5,3,all,all,"first-hour MAE, schedule projected at origin",clim,4.891363171258575,4.73986040353775,5.06321622133255,131935.0,True,2696,228,wt_med,0.25235388438419104,0.19982603788375855,0.30295848846435547,0.14590989351272582,0.3886775970458984,131591.0,0.9371376889002835,False
D5,3,all,all,"first-hour MAE, schedule projected at origin",h5,4.623910886360742,4.480147612094879,4.778311371803284,141342.0,True,2912,228,wt_med,-0.020152775997379635,-0.03656032085418701,-0.004538023471832279,-0.04768259525299072,-0.0016509890556335495,140418.0,1.0,True
D5,3,all,all,"first-hour MAE, schedule projected at origin",lvlh5_cbd,4.253877432101965,4.080769550800324,4.452331614494324,66623.0,True,1298,228,wt_med,-0.010117867665328184,-0.054332435131073,0.026269447803497305,-0.07354589700698852,0.02202993035316467,66303.0,0.4721830534546853,False
D5,3,all,all,"first-hour MAE, schedule projected at origin",lvlh5_naive,4.609616032313801,4.474086797237396,4.760933911800384,141081.0,True,2906,228,wt_med,-0.02583771946086255,-0.04532498121261597,-0.007213497161865235,-0.06574704647064208,-0.000283300876617432,140167.0,0.9982124798814966,True
D5,3,all,all,"first-hour MAE, schedule projected at origin",lvlh5_tft,4.31260687802771,4.146463537216187,4.4860877871513365,86569.0,True,1769,228,wt_med,-0.004939541829389604,-0.030196642875671385,0.018902242183685296,-0.06356070041656493,0.03209710121154785,86094.0,0.6131265222407384,False
D5,3,all,all,"first-hour MAE, schedule projected at origin",oracle_level,4.548879160713034,4.414930939674377,4.70004152059555,140718.0,True,2905,228,wt_med,-0.09235518075727,-0.12737650871276857,-0.06194194555282593,-0.2317300796508789,-0.02033847570419313,139844.0,0.9959122049879645,True
D5,3,all,all,"first-hour MAE, schedule projected at origin",oracle_shape,4.345656259109043,4.184638941287995,4.508226048946381,136977.0,True,2817,228,wt_med,-0.3182217366306208,-0.4667725682258606,-0.17314912080764772,-0.6774790644645691,0.1809943258762359,135966.0,0.9682946630773832,False
D5,3,all,all,"first-hour MAE, schedule projected at origin",prod_served,5.688956316301478,5.519463241100311,5.871459174156189,86348.0,True,1747,228,wt_med,1.3764700392010454,1.241560411453247,1.5138791799545288,0.8302518010139466,1.9528820514678955,85712.0,0.6104060732954465,False
D5,3,all,all,"first-hour MAE, schedule projected at origin",prod_served_lin,5.937507238152592,5.768462181091309,6.116468751430512,86348.0,True,1747,228,wt_med,1.6268798417957813,1.4876140356063843,1.7747096061706542,1.0137066960334777,2.208325982093811,85712.0,0.6104060732954465,False
D5,3,all,all,"first-hour MAE, schedule projected at origin",snaive7,5.468970141399739,5.304997611045837,5.652978897094727,117822.0,True,2736,228,wt_med,0.726809126511152,0.6099995017051697,0.850421142578125,0.3348499178886414,1.1275045990943908,117460.0,0.8365024427067755,False
D5,3,all,all,"first-hour MAE, schedule projected at origin",wt_med,4.644774886410574,4.504273355007172,4.80225590467453,140418.0,True,2902,228,wt_med,,,,,,,,
D5,4,all,all,"first-hour MAE, schedule projected at origin",clim,4.910550510569351,4.7622438192367555,5.060691475868225,132695.0,True,2732,227,wt_med,0.2470682020824828,0.19010119438171386,0.303565514087677,0.1303570091724396,0.3987295508384704,132342.0,0.9359273560487121,False
D5,4,all,all,"first-hour MAE, schedule projected at origin",h5,4.672045082657977,4.525342392921448,4.8292283654212955,142394.0,True,2963,227,wt_med,-0.02517512128541366,-0.04171515703201294,-0.010401713848114018,-0.058138692378997804,-0.004716014862060547,141402.0,1.0,True
D5,4,all,all,"first-hour MAE, schedule projected at origin",lvlh5_cbd,4.314793576240489,4.1393602132797245,4.505268120765686,67042.0,True,1316,227,wt_med,-0.021173108934682716,-0.06853001117706299,0.019168698787689193,-0.10345844030380248,0.017991197109222392,66693.0,0.4716552806890992,False
D5,4,all,all,"first-hour MAE, schedule projected at origin",lvlh5_naive,4.651158717539261,4.510162973403931,4.806268656253815,142209.0,True,2958,227,wt_med,-0.035427714770890795,-0.05709906816482544,-0.01429281234741211,-0.08697586059570313,-0.005373764038085941,141221.0,0.9987199615281255,True
D5,4,all,all,"first-hour MAE, schedule projected at origin",lvlh5_tft,4.380004666865636,4.21459276676178,4.560166239738464,87320.0,True,1800,227,wt_med,-0.009006929369462569,-0.03935476541519165,0.022741091251373288,-0.07240362763404845,0.03186621665954588,86816.0,0.613965856211369,False
D5,4,all,all,"first-hour MAE, schedule projected at origin",oracle_level,4.585896641158974,4.449075675010681,4.7334699630737305,141766.0,True,2956,227,wt_med,-0.1083868996202666,-0.14922133684158326,-0.0743419885635376,-0.2676877021789551,-0.02695859670639038,140823.0,0.9959052912971528,True
D5,4,all,all,"first-hour MAE, schedule projected at origin",oracle_shape,4.382595435924009,4.223837995529175,4.542916011810303,138250.0,True,2870,227,wt_med,-0.33637684065663986,-0.48257768154144287,-0.18916680812835698,-0.7161839842796326,0.1403148770332336,137158.0,0.9699862802506329,False
D5,4,all,all,"first-hour MAE, schedule projected at origin",prod_served,5.730029798543438,5.5601459503173825,5.911382210254669,86917.0,True,1770,227,wt_med,1.3528327478871764,1.2041648387908936,1.4872304320335388,0.8013613104820252,1.8940851807594299,86259.0,0.6100267322951585,False
D5,4,all,all,"first-hour MAE, schedule projected at origin",prod_served_lin,5.965205310813765,5.802763962745667,6.14739580154419,86917.0,True,1770,227,wt_med,1.5896935392248919,1.4325876116752625,1.735796570777893,0.9675456166267395,2.1370457172393795,86259.0,0.6100267322951585,False
D5,4,all,all,"first-hour MAE, schedule projected at origin",snaive7,5.452382554286579,5.285376739501953,5.629347634315491,118906.0,True,2785,227,wt_med,0.6528410098740611,0.5326216697692872,0.7759295225143432,0.2534277319908142,1.0205155849456786,118391.0,0.8372653852137877,False
D5,4,all,all,"first-hour MAE, schedule projected at origin",wt_med,4.696252528252783,4.551458716392517,4.853742706775665,141402.0,True,2953,227,wt_med,,,,,,,,
D5,5,all,all,"first-hour MAE, schedule projected at origin",clim,4.984598642467168,4.830545032024384,5.134050166606903,135540.0,True,2801,226,wt_med,0.2121112336187183,0.15292354822158813,0.2700077295303345,0.06868624687194824,0.3739500045776367,135139.0,0.9373911837131065,False
D5,5,all,all,"first-hour MAE, schedule projected at origin",h5,4.772423877708445,4.629873216152191,4.926265811920166,145194.0,True,3038,226,wt_med,-0.034623088128186374,-0.05103154182434082,-0.019406175613403322,-0.08285577297210693,-0.00749812126159668,144165.0,1.0,True
D5,5,all,all,"first-hour MAE, schedule projected at origin",lvlh5_cbd,4.436028860901898,4.242688930034637,4.6521201729774475,67821.0,True,1347,226,wt_med,-0.03263203115507274,-0.09939045906066894,0.03182383775711058,-0.13769382238388062,0.015429180860519406,67454.0,0.46789442652516217,False
D5,5,all,all,"first-hour MAE, schedule projected at origin",lvlh5_naive,4.758241624165572,4.618352317810059,4.91157853603363,145013.0,True,3033,226,wt_med,-0.03874993758974554,-0.06277501583099365,-0.015071690082550052,-0.09344290494918824,-0.005934810638427737,143988.0,0.9987722401415046,True
D5,5,all,all,"first-hour MAE, schedule projected at origin",lvlh5_tft,4.458146717200998,4.288216185569763,4.6362218976020815,89183.0,True,1849,226,wt_med,-0.04269113782965839,-0.08214813470840454,-0.0027343392372131373,-0.14489779472351075,0.01976451873779295,88669.0,0.615052197135227,False
D5,5,all,all,"first-hour MAE, schedule projected at origin",oracle_level,4.687882747803351,4.5547873973846436,4.8377654433250425,144563.0,True,3029,226,wt_med,-0.11614390421677179,-0.1591213345527649,-0.07479159832000733,-0.2769660592079163,-0.03196377754211426,143581.0,0.9959490861166025,True
D5,5,all,all,"first-hour MAE, schedule projected at origin",oracle_shape,4.468970646523294,4.303888142108917,4.64021909236908,141402.0,True,2951,226,wt_med,-0.35670897545793956,-0.5023168802261353,-0.21048965454101562,-0.7402239680290222,0.10355295538902248,140192.0,0.9724412998994209,False
D5,5,all,all,"first-hour MAE, schedule projected at origin",prod_served,5.845572500168945,5.671958482265472,6.037757956981659,88786.0,True,1819,226,wt_med,1.3655428798456208,1.2205962419509888,1.5102006316184997,0.8590346574783325,1.8982334494590758,88095.0,0.6110706482155863,False
D5,5,all,all,"first-hour MAE, schedule projected at origin",prod_served_lin,6.061789020791566,5.889549684524536,6.248891162872314,88786.0,True,1819,226,wt_med,1.5832070492082408,1.4293943047523499,1.7339825630187988,1.017366623878479,2.120681697130203,88095.0,0.6110706482155863,False
D5,5,all,all,"first-hour MAE, schedule projected at origin",snaive7,5.491950998931185,5.327753782272339,5.6716080665588375,121630.0,True,2865,226,wt_med,0.5833284988521559,0.4622661232948303,0.7077059507369995,0.19120514392852786,0.9410662293434143,120661.0,0.8369645891860021,False
D5,5,all,all,"first-hour MAE, schedule projected at origin",wt_med,4.804650920819894,4.65613009929657,4.963970673084259,144165.0,True,3031,226,wt_med,,,,,,,,
D5,6,all,all,"first-hour MAE, schedule projected at origin",clim,5.0871048746598735,4.941184854507446,5.235976576805115,138184.0,True,2867,225,wt_med,0.1629383115704819,0.10468931198120117,0.22372517585754395,-0.021054613590240478,0.34043446779251096,137773.0,0.9381311325829537,False
D5,6,all,all,"first-hour MAE, schedule projected at origin",h5,4.925422713477488,4.76728515625,5.082677567005158,147943.0,True,3114,225,wt_med,-0.045404946240952704,-0.06228373050689697,-0.030098199844360355,-0.1077535629272461,-0.011963558197021495,146859.0,1.0,True
D5,6,all,all,"first-hour MAE, schedule projected at origin",lvlh5_cbd,4.613500085328694,4.400199556350708,4.85161600112915,68477.0,True,1372,225,wt_med,-0.07313763902352566,-0.1631861925125122,0.011378753185272213,-0.2688864111900329,0.01897246837615966,68104.0,0.4637373262789478,False
D5,6,all,all,"first-hour MAE, schedule projected at origin",lvlh5_naive,4.917828770084258,4.764075195789337,5.075568449497223,147761.0,True,3109,225,wt_med,-0.04341245333328647,-0.07485374212265014,-0.011524999141693118,-0.10016543865203857,-0.007644104957580572,146682.0,0.9987947623230445,True
D5,6,all,all,"first-hour MAE, schedule projected at origin",lvlh5_tft,4.5879218071651175,4.409089577198029,4.775358331203461,90342.0,True,1889,225,wt_med,-0.07851538608409658,-0.1381195068359375,-0.025433611869812044,-0.2834876298904419,0.02836185693740843,89793.0,0.6114232018466692,False
D5,6,all,all,"first-hour MAE, schedule projected at origin",oracle_level,4.818461833850276,4.682145774364471,4.965730535984039,147312.0,True,3102,225,wt_med,-0.1484304919788313,-0.19849615097045897,-0.10074483156204224,-0.3414615750312805,-0.04008926153182983,146279.0,0.9960506336009369,True
D5,6,all,all,"first-hour MAE, schedule projected at origin",oracle_shape,4.550907191339479,4.382979249954223,4.719010829925537,144514.0,True,3033,225,wt_med,-0.43138366803953243,-0.5837891936302185,-0.2695905089378357,-0.8395575642585754,0.041494250297546276,143149.0,0.9747376735508209,False
D5,6,all,all,"first-hour MAE, schedule projected at origin",prod_served,5.931724943020735,5.748925685882568,6.130027937889099,89945.0,True,1859,225,wt_med,1.28397331688996,1.1391733050346375,1.433889591693878,0.806623125076294,1.789062714576721,89195.0,0.607351268904187,False
D5,6,all,all,"first-hour MAE, schedule projected at origin",prod_served_lin,6.118436266607371,5.939938616752625,6.30696120262146,89945.0,True,1859,225,wt_med,1.4720514042266943,1.3120946884155273,1.625322425365448,0.9131041646003724,2.0036643862724306,89195.0,0.607351268904187,False
D5,6,all,all,"first-hour MAE, schedule projected at origin",snaive7,5.538280660642345,5.3815496325492855,5.708313453197479,124606.0,True,2947,225,wt_med,0.46126800637336185,0.32931602001190186,0.5891131401062012,0.0075804710388183635,0.8291584730148311,123012.0,0.8376197577267992,False
D5,6,all,all,"first-hour MAE, schedule projected at origin",wt_med,4.967301969916723,4.80893098115921,5.12779334783554,146859.0,True,3105,225,wt_med,,,,,,,,
D5,7,all,all,"first-hour MAE, schedule projected at origin",clim,5.174548507834403,5.026266777515412,5.324969100952148,140534.0,True,2937,224,wt_med,0.10229122055674456,0.043526756763458255,0.16603214740753172,-0.10980105400085449,0.2950442314147949,140100.0,0.9409884072377523,False
D5,7,all,all,"first-hour MAE, schedule projected at origin",h5,5.067972540251639,4.911445307731628,5.227925896644592,150056.0,True,3180,224,wt_med,-0.06046530567010944,-0.07856959104537964,-0.042780840396881105,-0.14447795152664183,-0.015532624721527102,148886.0,1.0,True
D5,7,all,all,"first-hour MAE, schedule projected at origin",lvlh5_cbd,4.786916560415004,4.563466465473175,5.018996095657348,69244.0,True,1398,224,wt_med,-0.099134299433846,-0.19441794157028197,-0.007987606525421149,-0.37029372453689574,0.026895964145660377,68850.0,0.46243434574103676,False
D5,7,all,all,"first-hour MAE, schedule projected at origin",lvlh5_naive,5.083447424944356,4.920297265052795,5.26308913230896,149634.0,True,3170,224,wt_med,-0.014564390013799944,-0.047827839851379395,0.024646806716918934,-0.06053867340087891,0.03824930191040038,148474.0,0.9972327821286084,False
D5,7,all,all,"first-hour MAE, schedule projected at origin",lvlh5_tft,4.740566243282134,4.547200810909271,4.927899563312531,91624.0,True,1936,224,wt_med,-0.11239043624901512,-0.17223551273345947,-0.05862919092178345,-0.37998626232147215,0.02215644121170043,91024.0,0.6113670862270462,False
D5,7,all,all,"first-hour MAE, schedule projected at origin",oracle_level,4.946326037409669,4.8071247100830075,5.100283622741699,149425.0,True,3168,224,wt_med,-0.1773712596698802,-0.2292598843574524,-0.12896143198013307,-0.4041056990623474,-0.047385668754577635,148307.0,0.9961111185739425,True
D5,7,all,all,"first-hour MAE, schedule projected at origin",oracle_shape,4.963421105432073,4.7788759708404545,5.1335899353027346,144018.0,True,3040,224,wt_med,-0.13885070710412784,-0.3007770895957947,0.016658926010131813,-0.5817498683929443,0.42516373395919776,142859.0,0.9595193638085515,False
D5,7,all,all,"first-hour MAE, schedule projected at origin",prod_served,6.221030489608554,6.026870691776276,6.416333496570587,91277.0,True,1907,224,wt_med,1.398092974407164,1.2523264050483705,1.5453485131263733,0.9056418418884278,1.8827036261558532,90455.0,0.607545370283304,False
D5,7,all,all,"first-hour MAE, schedule projected at origin",prod_served_lin,6.416938275797846,6.224214863777161,6.608122086524963,91277.0,True,1907,224,wt_med,1.5954908518047652,1.4386237502098083,1.752014148235321,1.0169469833374023,2.1397848486900326,90455.0,0.607545370283304,False
D5,7,all,all,"first-hour MAE, schedule projected at origin",wt_med,5.126378571524522,4.962824356555939,5.293909287452697,148886.0,True,3167,224,wt_med,,,,,,,,
D5,10,all,all,"first-hour MAE, schedule projected at origin",clim,5.390690334512705,5.246648752689362,5.5435256361961365,149232.0,True,3149,221,clim,,,,,,,,
D5,10,all,all,"first-hour MAE, schedule projected at origin",h5,5.327907891837441,5.177670049667358,5.487210142612457,158835.0,True,3410,221,clim,-0.10594375541394463,-0.16842843294143678,-0.04903261661529543,-0.2887525200843811,0.08811581134796143,148921.0,0.9979159965691005,False
D5,10,all,all,"first-hour MAE, schedule projected at origin",lvlh5_cbd,5.2274967718042165,4.978881907463074,5.501599085330963,72587.0,True,1489,221,clim,-0.1108946491065721,-0.242251455783844,0.006041586399078362,-0.4277292490005493,0.20110543966293332,71105.0,0.47647287445052,False
D5,10,all,all,"first-hour MAE, schedule projected at origin",lvlh5_naive,5.376386149173798,5.212127959728241,5.552284693717956,158435.0,True,3397,221,clim,-0.02895955404014572,-0.11368384361267089,0.05658963918685913,-0.2936194181442261,0.3015798807144165,148817.0,0.9972190951002466,False
D5,10,all,all,"first-hour MAE, schedule projected at origin",lvlh5_tft,5.128359330469558,4.914990544319153,5.349714124202729,95344.0,True,2045,221,clim,-0.1474494973506717,-0.24835399389266968,-0.04275184869766236,-0.3970119893550873,0.10638718605041503,92588.0,0.6204299345984775,False
D5,10,all,all,"first-hour MAE, schedule projected at origin",oracle_level,5.1881213787987335,5.045743536949158,5.339301967620849,158226.0,True,3397,221,clim,-0.2042643853048487,-0.2717313408851624,-0.13958989381790166,-0.393894362449646,-0.00011200904846191671,148475.0,0.9949273614238233,True
D5,10,all,all,"first-hour MAE, schedule projected at origin",oracle_shape,5.126287729801221,4.942687547206878,5.297654640674591,153611.0,True,3285,221,clim,-0.3081212109517901,-0.47970038652420044,-0.13516746759414675,-0.8029416084289551,0.2806521415710449,146903.0,0.9843934276830707,False
D5,10,all,all,"first-hour MAE, schedule projected at origin",prod_served,6.640452266577165,6.432808291912079,6.862914419174194,95342.0,True,2020,221,clim,1.3709170652197225,1.2236696243286134,1.5313331842422484,0.8417516350746155,1.963049030303955,93254.0,0.6248927843894071,False
D5,10,all,all,"first-hour MAE, schedule projected at origin",prod_served_lin,6.781109060015523,6.581824219226837,6.9902188062667845,95342.0,True,2020,221,clim,1.5103762305102197,1.3535032272338867,1.6721705317497253,0.9857328653335571,1.9869922518730163,93254.0,0.6248927843894071,False
D5,10,all,all,"first-hour MAE, schedule projected at origin",wt_med,5.398060286006259,5.243220615386963,5.562623608112335,157549.0,True,3395,221,clim,-0.03314668297896706,-0.10047328472137451,0.026560640335083003,-0.25633087158203127,0.23403682708740223,148763.0,0.9968572424144956,False
D5,14,all,all,"first-hour MAE, schedule projected at origin",clim,5.5835730413535,5.431994235515594,5.737350749969482,161655.0,True,3411,217,clim,,,,,,,,
D5,14,all,all,"first-hour MAE, schedule projected at origin",h5,5.590540756206551,5.4314886927604675,5.742817091941833,170747.0,True,3672,217,clim,-0.02393094555340447,-0.08633576631546021,0.034532415866851796,-0.21711320877075196,0.16890270709991453,161112.0,0.9966409947109586,False
D5,14,all,all,"first-hour MAE, schedule projected at origin",lvlh5_cbd,5.6479630208679135,5.390851843357086,5.916510653495789,76519.0,True,1592,217,clim,0.012524138324621958,-0.10705012083053589,0.1283498406410217,-0.3437537670135498,0.35935883522033685,74838.0,0.46294887259905354,False
D5,14,all,all,"first-hour MAE, schedule projected at origin",lvlh5_naive,5.652205717336618,5.478645098209381,5.822215247154236,170311.0,True,3658,217,clim,0.07086867334368918,-0.012236750125885008,0.1575027346611023,-0.20449191331863403,0.4079611182212829,160999.0,0.9959419751940862,False
D5,14,all,all,"first-hour MAE, schedule projected at origin",lvlh5_tft,5.546703581869425,5.3143747568130495,5.777927780151367,100476.0,True,2190,217,clim,0.03103182846503305,-0.0743222951889038,0.14265770912170408,-0.28478691577911375,0.37656602859497057,97553.0,0.6034641675172435,False
D5,14,all,all,"first-hour MAE, schedule projected at origin",oracle_level,5.459491390119468,5.3150594472885135,5.60794106721878,170127.0,True,3658,217,clim,-0.11818317103695986,-0.1839057445526123,-0.05181267261505128,-0.3084831595420837,0.08214539289474487,160655.0,0.9938139865763509,False
D5,14,all,all,"first-hour MAE, schedule projected at origin",oracle_shape,5.475280208224714,5.313409912586212,5.648059475421905,164660.0,True,3529,217,clim,-0.14464073191043614,-0.31285557746887205,0.02327858209609983,-0.6425730466842651,0.4435785531997681,158332.0,0.9794438773932139,False
D5,14,all,all,"first-hour MAE, schedule projected at origin",prod_served,6.948903808448696,6.710865926742554,7.191887009143829,100986.0,True,2175,217,clim,1.44479149764725,1.2866702318191527,1.6200404405593871,0.963012158870697,1.9977587461471558,98608.0,0.6099904116791933,False
D5,14,all,all,"first-hour MAE, schedule projected at origin",prod_served_lin,7.067847275860021,6.847962856292725,7.298411512374878,100986.0,True,2175,217,clim,1.5637346868408244,1.3966379165649414,1.7347476720809936,1.0807747483253478,2.0616213083267207,98608.0,0.6099904116791933,False
D5,14,all,all,"first-hour MAE, schedule projected at origin",wt_med,5.6556017332373045,5.49693773984909,5.818075966835022,169394.0,True,3659,217,clim,0.040472447794021704,-0.0235842227935791,0.10639742612838743,-0.18977000713348388,0.29762103557586667,160949.0,0.9956326745229037,False
D5,21,all,all,"first-hour MAE, schedule projected at origin",clim,5.742595001992639,5.59239342212677,5.8978530168533325,170628.0,True,3683,210,clim,,,,,,,,
D5,21,all,all,"first-hour MAE, schedule projected at origin",h5,5.751890451938975,5.590743660926819,5.910150730609894,180843.0,True,3950,210,clim,-0.0011927046294717414,-0.060504448413848874,0.06193712949752807,-0.20376871824264525,0.19086585044860838,170149.0,0.9971927233513843,False
D5,21,all,all,"first-hour MAE, schedule projected at origin",lvlh5_cbd,5.951678113127449,5.694244754314423,6.223030817508698,76295.0,True,1644,210,clim,0.08408299401878239,-0.04292323589324951,0.20840855836868283,-0.29760777950286865,0.4513200163841247,74456.0,0.4363644888295004,False
D5,21,all,all,"first-hour MAE, schedule projected at origin",lvlh5_naive,5.831368473404297,5.653822910785675,6.000597548484802,180435.0,True,3937,210,clim,0.10401783189426794,0.02913362979888916,0.1882107138633728,-0.17340034246444702,0.4330116510391234,170008.0,0.9963663642544014,False
D5,21,all,all,"first-hour MAE, schedule projected at origin",lvlh5_tft,5.800579486408848,5.578159892559052,6.029996800422668,104071.0,True,2339,210,clim,0.13767634604476253,0.02599838972091675,0.2501230955123901,-0.23726468086242675,0.5413813710212705,100553.0,0.5893112502051246,False
D5,21,all,all,"first-hour MAE, schedule projected at origin",oracle_level,5.627842572342572,5.4745978832244875,5.7798662185668945,180201.0,True,3933,210,clim,-0.09352681270577357,-0.1586881160736084,-0.02318884134292603,-0.2987788438796997,0.10265052318572995,169681.0,0.9944499144337389,False
D5,21,all,all,"first-hour MAE, schedule projected at origin",oracle_shape,5.778715415084923,5.6077381610870365,5.956731128692627,174677.0,True,3801,210,clim,-0.030548090071872203,-0.18840638399124146,0.1385028004646301,-0.5646545886993408,0.6241509318351744,167030.0,0.9789131912698971,False
D5,21,all,all,"first-hour MAE, schedule projected at origin",prod_served,7.4428587869720335,7.219893264770508,7.678157985210419,104268.0,True,2325,210,clim,1.7505427381633734,1.5855222582817077,1.9318357110023499,1.3114767909049987,2.336377501487732,101338.0,0.5939119019152777,False
D5,21,all,all,"first-hour MAE, schedule projected at origin",prod_served_lin,7.602238941957264,7.39743320941925,7.831409609317779,104268.0,True,2325,210,clim,1.910645562375417,1.742940354347229,2.0978545188903808,1.4923021793365479,2.4310821056365968,101338.0,0.5939119019152777,False
D5,21,all,all,"first-hour MAE, schedule projected at origin",wt_med,5.814257985710222,5.649381923675537,5.976826906204224,179289.0,True,3931,210,clim,0.0642104396024692,0.0007501125335693364,0.12810688018798827,-0.17203956842422485,0.3194592595100402,169949.0,0.996020582788288,False
D5,30,all,all,"first-hour MAE, schedule projected at origin",clim,5.661058639351401,5.518868684768677,5.807524073123932,192908.0,True,4155,201,clim,,,,,,,,
D5,30,all,all,"first-hour MAE, schedule projected at origin",h5,5.761404258626049,5.608948469161987,5.9212370872497555,205888.0,True,4507,201,clim,0.06222211205276995,0.006976115703582765,0.11816694736480711,-0.14441109895706175,0.2583582520484924,191624.0,0.9933439774400232,False
D5,30,all,all,"first-hour MAE, schedule projected at origin",lvlh5_cbd,5.993871381736933,5.753463447093964,6.254464507102966,81893.0,True,1849,201,clim,0.08756635280297509,-0.022229838371276855,0.1906144380569458,-0.22437046766281127,0.4063414216041565,79610.0,0.4126837663549464,False
D5,30,all,all,"first-hour MAE, schedule projected at origin",lvlh5_naive,5.8475938619687,5.687059283256531,6.0150498151779175,205345.0,True,4480,201,clim,0.17426983151681785,0.10196554660797119,0.24157198667526245,-0.08784408569335937,0.49096505641937255,191409.0,0.9922294565285006,False
D5,30,all,all,"first-hour MAE, schedule projected at origin",lvlh5_tft,6.168796434474521,5.914146375656128,6.4538716793060305,93661.0,True,2175,201,clim,0.3323338297004774,0.2018520712852478,0.46977794170379633,-0.08616729974746704,0.894230818748474,90749.0,0.4704263172082029,False
D5,30,all,all,"first-hour MAE, schedule projected at origin",oracle_level,5.611360103366571,5.466870057582855,5.758791959285736,205180.0,True,4487,201,clim,-0.058016902003364734,-0.11479536294937134,0.004272508621215807,-0.2762189984321594,0.1258803963661194,191123.0,0.9907468845252659,False
D5,30,all,all,"first-hour MAE, schedule projected at origin",oracle_shape,6.0743721047192745,5.904071021080017,6.240429317951202,199509.0,True,4309,201,clim,0.32027846036651564,0.14393601417541504,0.48732777833938595,-0.3031172275543213,1.0622031092643738,188521.0,0.977258589586746,False
D5,30,all,all,"first-hour MAE, schedule projected at origin",prod_served,7.842894413909026,7.602290880680084,8.111594247817994,96973.0,True,2220,201,clim,2.0243738131358677,1.8392623901367187,2.211016845703125,1.5792899489402772,2.5830270528793333,94261.0,0.4886318867024696,False
D5,30,all,all,"first-hour MAE, schedule projected at origin",prod_served_lin,7.971422457797531,7.735024797916412,8.236865425109864,96973.0,True,2220,201,clim,2.1544581003808574,1.969814705848694,2.3451629996299745,1.73429194688797,2.703833508491516,94261.0,0.4886318867024696,False
D5,30,all,all,"first-hour MAE, schedule projected at origin",wt_med,5.818275768956968,5.662923741340637,5.982774782180786,203685.0,True,4495,201,clim,0.13033657340353777,0.07620198726654052,0.18637112379074094,-0.09660203456878662,0.37652740478515623,191251.0,0.9914104132539864,False
D5,45,all,all,"first-hour MAE, schedule projected at origin",clim,5.904456702291033,5.7554315567016605,6.059591746330261,191442.0,True,4199,186,clim,,,,,,,,
D5,45,all,all,"first-hour MAE, schedule projected at origin",h5,5.992731757155467,5.8524456262588505,6.140644109249115,205053.0,True,4613,186,clim,0.05297919773963855,-0.0033832311630249004,0.11094672679901121,-0.17907384634017945,0.25690678358078,190412.0,0.9946197804034642,False
D5,45,all,all,"first-hour MAE, schedule projected at origin",lvlh5_cbd,4.461944056268372,4.2540175199508665,4.688772451877594,32766.0,True,717,186,clim,-0.5713323640718295,-0.6927715420722962,-0.454036271572113,-1.1858409523963929,-0.18958856463432316,32445.0,0.1694769172908766,True
D5,45,all,all,"first-hour MAE, schedule projected at origin",lvlh5_naive,6.059226793080294,5.920318865776062,6.214815282821656,204384.0,True,4576,186,clim,0.1290859942198619,0.06717804670333863,0.19279351234436035,-0.12916463613510132,0.3693782329559326,190077.0,0.9928699031560473,False
D5,45,all,all,"first-hour MAE, schedule projected at origin",lvlh5_tft,6.399018041433416,6.135567235946655,6.689694166183472,76342.0,True,1830,186,clim,0.21671323344920257,0.08844205141067506,0.3536859631538391,-0.21706683635711668,0.6906737446784971,73023.0,0.3814366753377002,False
D5,45,all,all,"first-hour MAE, schedule projected at origin",oracle_level,5.864346923049374,5.726042985916138,6.010337126255036,204405.0,True,4604,186,clim,-0.06689485181822796,-0.13099822998046876,0.004155707359313961,-0.3136818289756775,0.15834798812866205,189944.0,0.9921751757712519,False
D5,45,all,all,"first-hour MAE, schedule projected at origin",oracle_shape,6.318960531298323,6.151306438446045,6.4927064895629885,199288.0,True,4399,186,clim,0.3169643114572418,0.15493860244750976,0.4804254293441772,-0.37577621936798095,1.0273313879966735,187495.0,0.9793827895655081,False
D5,45,all,all,"first-hour MAE, schedule projected at origin",prod_served,8.332179327521793,8.057405972480774,8.64745831489563,80300.0,True,1825,186,clim,2.2177035646314494,2.0173953056335447,2.4433750748634337,1.7002695560455323,2.839744985103607,77764.0,0.40620135602427887,False
D5,45,all,all,"first-hour MAE, schedule projected at origin",prod_served_lin,8.476271793275219,8.210000276565552,8.778031921386718,80300.0,True,1825,186,clim,2.3641948716629795,2.1607181072235107,2.5795188546180725,1.8633226037025452,2.94327392578125,77764.0,0.40620135602427887,False
D5,45,all,all,"first-hour MAE, schedule projected at origin",wt_med,6.073080307269474,5.932582581043244,6.228390276432037,202298.0,True,4593,186,clim,0.13337471593300254,0.07571643590927124,0.19226965904235838,-0.1112858772277832,0.37266228199005125,190096.0,0.9929691499253037,False
D5,60,all,all,"first-hour MAE, schedule projected at origin",clim,6.081356261065703,5.929402649402618,6.237870573997498,206155.0,True,4529,171,clim,,,,,,,,
D5,60,all,all,"first-hour MAE, schedule projected at origin",h5,6.018759496963253,5.871478867530823,6.161523473262787,219149.0,True,4864,171,clim,-0.08839697522256795,-0.14277379512786864,-0.03641877174377443,-0.35251142978668215,0.14519003629684446,205106.0,0.9949115956440542,False
D5,60,all,all,"first-hour MAE, schedule projected at origin",lvlh5_naive,6.077920935022121,5.929102969169617,6.225085258483887,218415.0,True,4816,171,clim,-0.02077782869835776,-0.08099871873855591,0.03905514478683469,-0.28507676124572756,0.2498187184333801,204836.0,0.9936019014818946,False
D5,60,all,all,"first-hour MAE, schedule projected at origin",lvlh5_tft,2.6,1.2270120203495025,3.6164847373962403,555.0,True,63,171,clim,-0.10396975425330801,-0.24576414823532106,0.11183879971504201,-0.23692798614501953,1.09375,529.0,0.0025660304140088766,False
D5,60,all,all,"first-hour MAE, schedule projected at origin",oracle_level,5.913071239834829,5.773322713375092,6.060492670536041,218446.0,True,4855,171,clim,-0.1842206544131999,-0.2507453918457031,-0.11714011430740358,-0.4576374888420105,0.06637641191482542,204573.0,0.992326162353569,False
D5,60,all,all,"first-hour MAE, schedule projected at origin",oracle_shape,6.33915123727037,6.189347815513611,6.499969589710235,213050.0,True,4641,171,clim,0.15724024598864528,-0.010305309295654293,0.3237646818161011,-0.6625201106071471,1.007509183883667,201912.0,0.9794183987776188,False
D5,60,all,all,"first-hour MAE, schedule projected at origin",prod_served,3.270566727605119,1.6190051227808,4.379870855808258,547.0,True,59,171,clim,0.5444234404536865,0.18705798983573915,0.8319929420948028,0.0,2.8125,529.0,0.0025660304140088766,False
D5,60,all,all,"first-hour MAE, schedule projected at origin",prod_served_lin,3.34209323583181,1.6905430108308792,4.454738020896912,547.0,True,59,171,clim,0.6136578449905481,0.162988418340683,1.0302476584911344,0.0,5.46875,529.0,0.0025660304140088766,False
D5,60,all,all,"first-hour MAE, schedule projected at origin",wt_med,6.113341480236816,5.966730535030365,6.262688255310058,216033.0,True,4836,171,clim,0.008864079234612632,-0.04157851934432984,0.05839880704879759,-0.24505097866058348,0.23687678575515744,204759.0,0.9932283961097232,False
D5,90,all,all,"first-hour MAE, schedule projected at origin",clim,6.075054621496457,5.928083109855652,6.24148987531662,202759.0,True,4639,141,wt_med,0.11593192933030494,0.062137949466705325,0.1674407362937927,-0.1341986894607544,0.4327394008636474,201614.0,0.9027425168468892,False
D5,90,all,all,"first-hour MAE, schedule projected at origin",h5,5.937053628504292,5.8020827293396,6.086406087875366,226829.0,True,5158,141,wt_med,-0.08461671927821435,-0.10952304601669312,-0.06465830802917481,-0.15729267597198487,-0.026426970958709727,223335.0,1.0,True
D5,90,all,all,"first-hour MAE, schedule projected at origin",lvlh5_naive,6.044383396974165,5.906243932247162,6.196003401279449,224711.0,True,5089,141,wt_med,0.0038244238192133295,-0.02832595109939575,0.03616985082626343,-0.08073749542236328,0.0982909321784973,221281.0,0.9908030537085544,False
D5,90,all,all,"first-hour MAE, schedule projected at origin",oracle_level,5.919561445189117,5.780924022197723,6.062124800682068,225821.0,True,5150,141,wt_med,-0.09714193241075364,-0.15066249370574952,-0.04155485630035401,-0.24091815948486328,0.06223651170730591,222401.0,0.9958179416571518,False
D5,90,all,all,"first-hour MAE, schedule projected at origin",oracle_shape,6.316389936338456,6.172423672676087,6.462491822242737,216865.0,True,4852,141,wt_med,0.2710776353273152,0.12130188941955566,0.417908227443695,-0.4610851764678955,1.0137065410614015,212474.0,0.9513690196341819,False
D5,90,all,all,"first-hour MAE, schedule projected at origin",wt_med,5.996451519018515,5.8601497411727905,6.1479139685630795,223335.0,True,5131,141,wt_med,,,,,,,,
UC1,m015,all,all,MAE,clim,7.968528433263557,7.878636455535888,8.050467133522034,1313233.0,True,18006,231,persistence,5.981337290326064,5.897380173206329,6.062351620197296,5.470057713985443,6.570898425579071,1185412.0,0.8945162198281164,False
UC1,m015,all,all,MAE,h5,7.396255864305768,7.313538551330566,7.472399413585663,1434313.0,True,19335,231,persistence,5.409656204654954,5.3312946319580075,5.482474207878113,4.944442236423493,5.939022135734557,1290797.0,0.9740401252943898,False
UC1,m015,all,all,MAE,lvlh5_naive,7.711190168118541,7.630157899856568,7.791497778892517,1359673.0,True,18544,231,persistence,5.753088234394772,5.672578310966491,5.828259170055389,5.248838615417481,6.323355793952941,1218096.0,0.9191796854661074,False
UC1,m015,all,all,MAE,lvlh5_tft,7.235523428136327,7.145023703575134,7.323223280906677,989055.0,True,13446,231,persistence,5.333504454838266,5.254256057739258,5.411541247367859,4.888785028457642,5.899565982818603,889438.0,0.6711731596537577,False
UC1,m015,all,all,MAE,persistence,2.45739470072042,2.4285643637180327,2.4855066895484925,1325199.0,True,19656,231,persistence,,,,,,,,
UC1,m015,all,all,MAE,snaive7,8.601455697458317,8.499159169197082,8.696918201446532,1209592.0,True,18145,231,persistence,6.572979421088754,6.47811723947525,6.669726860523224,6.015828156471253,7.2227465271949765,1101516.0,0.8312079921581589,False
UC1,m015,all,all,MAE,wt_med,7.447916703279863,7.36518760919571,7.524890530109405,1422529.0,True,19318,231,persistence,5.452659546671638,5.374429166316986,5.5269682049751285,4.983600306510925,5.998662221431732,1282117.0,0.9674901656279548,False
UC1,m015,all,EU,MAE,clim,6.147747137879542,6.041621935367584,6.255821013450623,502250.0,True,6205,231,persistence,4.4762551127520185,4.378326046466827,4.5759159326553345,3.7268190681934357,5.188592863082885,442032.0,0.9016975982310056,False
UC1,m015,all,EU,MAE,h5,5.645865470950023,5.553913521766662,5.73984432220459,549071.0,True,6341,231,persistence,3.9686478593939594,3.885638326406479,4.056657767295837,3.3314244210720063,4.576842415332794,478813.0,0.9767268706830783,False
UC1,m015,all,EU,MAE,lvlh5_naive,5.827263400135939,5.734608733654023,5.918473994731903,519654.0,True,6216,231,persistence,4.187484478500268,4.101994359493256,4.277048599720001,3.5715236127376557,4.7890620470047,450388.0,0.9187429368734982,False
UC1,m015,all,EU,MAE,lvlh5_tft,5.399537092050926,5.309856939315796,5.498285150527954,389390.0,True,4321,231,persistence,3.701278772222426,3.6186595797538756,3.788633292913437,3.235850477218628,4.202984845638275,339179.0,0.6918885729322634,False
UC1,m015,all,EU,MAE,persistence,2.153528401418133,2.114053803682327,2.1944390535354614,490222.0,True,6412,231,persistence,,,,,,,,
UC1,m015,all,EU,MAE,snaive7,6.41049500824872,6.29735940694809,6.517582392692566,470376.0,True,6063,231,persistence,4.721009575962752,4.6163313627243046,4.826339447498322,4.0826220393180845,5.37386976480484,417086.0,0.8508104491434493,False
UC1,m015,all,EU,MAE,wt_med,5.6748792785572615,5.581893146038055,5.767891156673431,544021.0,True,6338,231,persistence,4.001196745860815,3.9161164820194245,4.089046978950501,3.3488954603672028,4.623616254329681,475456.0,0.9698789528009759,False
UC1,m015,all,NA,MAE,clim,9.05106043089858,8.932293772697449,9.177652668952941,475750.0,True,7338,231,persistence,6.792856799081432,6.669657814502716,6.9226373672485355,5.810898792743683,7.9378900766372675,436331.0,0.9093506618010241,False
UC1,m015,all,NA,MAE,h5,8.458595765651488,8.343854069709778,8.583666896820068,510846.0,True,7639,231,persistence,6.242287115910678,6.126992273330688,6.364551424980164,5.339814102649688,7.276147580146789,468283.0,0.9759413288539411,False
UC1,m015,all,NA,MAE,lvlh5_naive,8.838070645107921,8.71432580947876,8.968374347686767,486672.0,True,7351,231,persistence,6.627562087014552,6.50371333360672,6.756567406654358,5.681004452705383,7.735350787639618,444734.0,0.9268632236201798,False
UC1,m015,all,NA,MAE,lvlh5_tft,8.313729430480798,8.176517820358276,8.47417447566986,352088.0,True,5199,231,persistence,6.306195316097408,6.1759250402450565,6.452905309200287,5.406982803344727,7.279279518127441,322744.0,0.6726257588672584,False
UC1,m015,all,NA,MAE,persistence,2.5506422106300812,2.503451132774353,2.6011329531669616,479827.0,True,7713,231,persistence,,,,,,,,
UC1,m015,all,NA,MAE,snaive7,10.274899927943299,10.123630237579345,10.425053453445434,414951.0,True,7275,231,persistence,7.950473686950185,7.795754241943359,8.099571466445923,6.87584398984909,9.194880199432372,384220.0,0.8007469358748048,False
UC1,m015,all,NA,MAE,wt_med,8.561503632663776,8.442196249961853,8.686431193351746,506653.0,True,7634,231,persistence,6.327257437326863,6.211539149284363,6.4518506050109865,5.4029244661331175,7.380201280117035,464952.0,0.9689992434773366,False
UC1,m015,all,Asia,MAE,clim,9.160155772253924,8.94024999141693,9.378226161003113,335233.0,True,4463,231,persistence,6.994867268742123,6.7860020160675045,7.20173853635788,6.10067663192749,8.028540325164794,307049.0,0.8645614529072223,False
UC1,m015,all,Asia,MAE,h5,8.513779861430143,8.322920656204223,8.705889010429383,374396.0,True,5355,231,persistence,6.2827017523952495,6.1004878282547,6.4694019794464115,5.561531567573548,7.179514551162719,343701.0,0.9677629170772913,False
UC1,m015,all,Asia,MAE,lvlh5_naive,8.929734276861094,8.73248336315155,9.141186332702636,353347.0,True,4977,231,persistence,6.732179090125605,6.549022579193116,6.921530985832215,5.958411955833435,7.6794069528579705,322974.0,0.909401661269886,False
UC1,m015,all,Asia,MAE,lvlh5_tft,8.58981451517121,8.378509712219238,8.823603749275208,247577.0,True,3926,231,persistence,6.387002182362767,6.2005606412887575,6.590028655529022,5.529320549964905,7.45276995897293,227515.0,0.6406166408559764,False
UC1,m015,all,Asia,MAE,persistence,2.750846121357173,2.6992639780044554,2.80886225104332,355150.0,True,5531,231,persistence,,,,,,,,
UC1,m015,all,Asia,MAE,snaive7,9.638194069665243,9.405212020874023,9.880388021469116,324265.0,True,4807,231,persistence,7.382978581659504,7.146084308624268,7.619785737991333,6.2687668800354,8.606993293762207,300210.0,0.8453048007883993,False
UC1,m015,all,Asia,MAE,wt_med,8.524592919283053,8.328466248512267,8.719979929924012,371855.0,True,5346,231,persistence,6.282197717941289,6.097851586341858,6.469076657295227,5.576097917556763,7.181541156768799,341709.0,0.9621540194284105,False
UC1,m015,busy,all,MAE,clim,15.5236722956894,15.36487169265747,15.682433843612671,401313.0,True,15198,231,persistence,11.458005171337714,11.287390518188477,11.62852578163147,10.334781885147095,12.520226860046387,370117.0,0.8896914948342092,False
UC1,m015,busy,all,MAE,h5,14.311437356960036,14.16317126750946,14.459642004966735,443058.0,True,16360,231,persistence,10.295800436286495,10.138483953475951,10.447214460372924,9.388281345367432,11.16651029586792,408218.0,0.9812791161665938,False
UC1,m015,busy,all,MAE,lvlh5_naive,14.615648530751093,14.463559222221374,14.76447639465332,420801.0,True,15672,231,persistence,10.589164237781201,10.429327178001405,10.748920512199401,9.599581003189087,11.557247090339661,386502.0,0.9290779459911636,False
UC1,m015,busy,all,MAE,lvlh5_tft,13.588548533029444,13.436655306816101,13.760271644592285,295185.0,True,11420,231,persistence,9.668579616587355,9.505731654167175,9.847514963150024,8.792802619934083,10.470154881477356,272235.0,0.6544016192074152,False
UC1,m015,busy,all,MAE,persistence,4.527780849314674,4.47754590511322,4.575105953216553,416006.0,True,16551,231,persistence,,,,,,,,
UC1,m015,busy,all,MAE,snaive7,16.606989654302296,16.41815576553345,16.795979690551757,372522.0,True,15315,231,persistence,12.446277035930645,12.24474127292633,12.64506185054779,11.348892068862915,13.49467134475708,346807.0,0.8336586491540987,False
UC1,m015,busy,all,MAE,wt_med,14.471928344332907,14.32091736793518,14.613837480545044,439714.0,True,16342,231,persistence,10.428587627163347,10.267721128463744,10.582533431053161,9.500573801994324,11.311863493919372,405679.0,0.9751758388100171,False
UC1,m015,busy,EU,MAE,clim,13.05620347527047,12.847677183151244,13.290834641456604,93633.0,True,4517,231,persistence,9.023159410817811,8.776734709739685,9.299048829078675,6.942302107810974,10.950288438796997,82623.0,0.9264641571635214,False
UC1,m015,busy,EU,MAE,h5,12.15931932133584,11.972207856178283,12.363795018196106,100521.0,True,4665,231,persistence,8.09402681282194,7.861562263965607,8.335360288619995,6.185664880275726,9.829869484901428,87943.0,0.9861181193303507,False
UC1,m015,busy,EU,MAE,lvlh5_naive,12.004961814124764,11.803035974502563,12.214942860603333,96754.0,True,4535,231,persistence,7.937924288981684,7.702427136898041,8.185760617256165,6.093442809581757,9.626228523254394,84318.0,0.9454704477411108,False
UC1,m015,busy,EU,MAE,lvlh5_tft,10.7683230033901,10.584151005744934,10.969783473014832,68313.0,True,3247,231,persistence,6.613349638101045,6.384696292877197,6.839855432510376,5.4546666741371155,7.73284524679184,59791.0,0.6704454984806181,False
UC1,m015,busy,EU,MAE,persistence,4.778943945459234,4.689872658252716,4.867428874969482,89181.0,True,4716,231,persistence,,,,,,,,
UC1,m015,busy,EU,MAE,snaive7,13.299014564327686,13.065640473365784,13.553318166732788,87474.0,True,4467,231,persistence,9.14267413110596,8.885356760025024,9.416856241226196,7.691832041740417,10.575610256195068,78059.0,0.8752873369888204,False
UC1,m015,busy,EU,MAE,wt_med,12.281972867556375,12.090902304649353,12.48136110305786,99733.0,True,4660,231,persistence,8.244830466774236,8.009529542922973,8.49075915813446,6.287351655960083,10.058942723274232,87387.0,0.97988360749487,False
UC1,m015,busy,NA,MAE,clim,14.924065426522748,14.753983354568481,15.102898621559143,195945.0,True,6665,231,persistence,11.073509574985627,10.867181181907654,11.280184435844422,9.67955677509308,12.668009877204893,180888.0,0.9103802310073228,False
UC1,m015,busy,NA,MAE,h5,13.967077887341945,13.802849984169006,14.139416456222534,211241.0,True,6972,231,persistence,10.192196285295083,10.010075902938842,10.385889339447022,8.885255718231202,11.594614601135254,194928.0,0.9810412944462619,False
UC1,m015,busy,NA,MAE,lvlh5_naive,14.26893252620009,14.097344493865966,14.447305679321289,201769.0,True,6717,231,persistence,10.482280591649578,10.285938739776611,10.681217050552368,9.11447548866272,11.992264270782469,185754.0,0.9348700269256901,False
UC1,m015,busy,NA,MAE,lvlh5_tft,13.475963306170469,13.286147284507752,13.686523914337158,138183.0,True,4724,231,persistence,9.903165791953533,9.682362413406372,10.147629022598267,8.604855489730834,11.251620292663574,127516.0,0.6417675331538287,False
UC1,m015,busy,NA,MAE,persistence,4.178399053826216,4.1020027041435245,4.256647908687592,198695.0,True,7030,231,persistence,,,,,,,,
UC1,m015,busy,NA,MAE,snaive7,16.762610643676968,16.54382038116455,16.980556154251097,173643.0,True,6614,231,persistence,12.785987796141209,12.535066103935241,13.019078922271728,11.3450270652771,14.432145404815675,161916.0,0.814897204257782,False
UC1,m015,busy,NA,MAE,wt_med,14.175886971370787,14.006837105751037,14.34507429599762,209646.0,True,6965,231,persistence,10.366511094819664,10.182487773895264,10.558373761177062,9.019152998924255,11.811802172660828,193694.0,0.9748307707793351,False
UC1,m015,busy,Asia,MAE,clim,18.642896138184096,18.227476167678834,19.08276128768921,111735.0,True,4016,231,persistence,13.997495450537494,13.579992270469665,14.449755716323853,12.795749378204345,15.460663175582885,106606.0,0.8320143604152033,False
UC1,m015,busy,Asia,MAE,h5,16.51314872501828,16.177901411056517,16.869982862472533,131296.0,True,4723,231,persistence,12.001672357535481,11.653410935401917,12.35579810142517,11.20824842453003,12.954611349105836,125347.0,0.9782798720049949,False
UC1,m015,busy,Asia,MAE,lvlh5_naive,17.253497727685247,16.884656715393067,17.630500745773315,122278.0,True,4420,231,persistence,12.679702027065849,12.315480756759644,13.058210849761963,11.797330904006959,13.689922308921814,116430.0,0.9086864902833061,False
UC1,m015,busy,Asia,MAE,lvlh5_tft,15.936251528996324,15.550916862487792,16.319552659988403,88689.0,True,3449,231,persistence,11.467300473144448,11.091891384124756,11.863797521591186,10.674528741836548,12.329252457618713,84928.0,0.6628268165144775,False
UC1,m015,busy,Asia,MAE,persistence,4.89476313119488,4.808006763458252,4.978946459293366,128130.0,True,4805,231,persistence,,,,,,,,
UC1,m015,busy,Asia,MAE,snaive7,18.96181499932678,18.497329235076904,19.40385718345642,111405.0,True,4234,231,persistence,14.345252358843792,13.873528289794923,14.795905017852784,13.150222492218017,15.246585988998413,106832.0,0.8337781940216967,False
UC1,m015,busy,Asia,MAE,wt_med,16.623880768788123,16.2835777759552,16.968267059326173,130335.0,True,4717,231,persistence,12.056670251528915,11.707089853286742,12.408590745925903,11.277894377708435,13.099801206588744,124598.0,0.9724342464684305,False
UC1,m030,all,all,MAE,clim,7.948941482398517,7.860011947154999,8.031039571762085,1350568.0,True,18029,231,persistence,4.310763956622558,4.233396375179291,4.382339227199554,3.868705093860626,4.793931758403778,1179046.0,0.8943549365859579,False
UC1,m030,all,all,MAE,h5,7.3623215359093335,7.279659259319305,7.435720598697662,1475647.0,True,19341,231,persistence,3.709413056039672,3.6404902219772337,3.7762720227241515,3.3208590269088747,4.139690566062927,1284126.0,0.9740624431094119,False
UC1,m030,all,all,MAE,lvlh5_naive,7.701046151822524,7.614860570430755,7.779465103149414,1399552.0,True,18641,231,persistence,4.082359236628072,4.009338426589966,4.153706753253937,3.658406102657318,4.565284407138824,1211386.0,0.9188861581406639,False
UC1,m030,all,all,MAE,lvlh5_tft,7.2493311232064706,7.15825765132904,7.331447780132294,1016224.0,True,13450,231,persistence,3.70896462707689,3.6362664341926574,3.7876176476478576,3.337150114774704,4.166272974014282,884341.0,0.6708090600157777,False
UC1,m030,all,all,MAE,persistence,4.147587839067905,4.106088066101075,4.191979205608368,1318320.0,True,19657,231,persistence,,,,,,,,
UC1,m030,all,all,MAE,snaive7,8.574853776878134,8.476187181472778,8.672465610504151,1251854.0,True,18153,231,persistence,4.927631285577129,4.840499377250671,5.014858543872833,4.4556786060333256,5.45831868648529,1098845.0,0.833519175920869,False
UC1,m030,all,all,MAE,wt_med,7.440802592478563,7.35678448677063,7.514963591098786,1464853.0,True,19330,231,persistence,3.78278700408542,3.714277195930481,3.850228428840637,3.385277509689331,4.221962583065033,1276001.0,0.9678992960737909,False
UC1,m030,all,EU,MAE,clim,6.136366159706736,6.027600347995758,6.2441775560379025,522395.0,True,6205,231,persistence,3.3370583149416397,3.2435749173164368,3.43204670548439,2.6777478098869323,3.986906200647354,439510.0,0.9020363597555219,False
UC1,m030,all,EU,MAE,h5,5.60826515518638,5.514620685577393,5.70260100364685,571603.0,True,6340,231,persistence,2.8189510539084406,2.7327123045921327,2.908764398097992,2.2342987179756166,3.384965133666992,476085.0,0.9771017276835741,False
UC1,m030,all,EU,MAE,lvlh5_naive,5.818131167756952,5.723607134819031,5.912959480285645,541396.0,True,6248,231,persistence,3.06427968973262,2.979810631275177,3.1530352532863617,2.4589777052402497,3.6336627900600433,447798.0,0.9190463876266824,False
UC1,m030,all,EU,MAE,lvlh5_tft,5.4268671357491085,5.33371342420578,5.521559453010559,404689.0,True,4320,231,persistence,2.5815815139450966,2.5018974244594574,2.661202847957611,2.138924241065979,3.0500160992145537,337156.0,0.6919682621777269,False
UC1,m030,all,EU,MAE,persistence,3.2499086696138675,3.1938147604465486,3.30806360244751,487242.0,True,6411,231,persistence,,,,,,,,
UC1,m030,all,EU,MAE,snaive7,6.380404515331455,6.264903724193573,6.4884900689125065,493430.0,True,6060,231,persistence,3.5847870440907528,3.4812611401081086,3.687763899564743,3.0443689942359926,4.126494193077087,416119.0,0.8540294145414393,False
UC1,m030,all,EU,MAE,wt_med,5.667273086252609,5.575976371765137,5.761662387847901,567264.0,True,6339,231,persistence,2.8809080660819317,2.794905549287796,2.9711345195770265,2.2848647952079775,3.4679767608642575,472807.0,0.9703740646331802,False
UC1,m030,all,NA,MAE,clim,9.030236629179177,8.903449559211731,9.157642388343811,491275.0,True,7335,231,persistence,4.620909980520435,4.504209995269775,4.741654849052429,3.7861980557441712,5.589796137809754,435328.0,0.9094437770930172,False
UC1,m030,all,NA,MAE,h5,8.453893091101397,8.332829642295838,8.580516529083251,527566.0,True,7647,231,persistence,4.066168206893451,3.956125259399414,4.182387900352478,3.295895719528198,4.963293421268463,467139.0,0.9759001410142581,False
UC1,m030,all,NA,MAE,lvlh5_naive,8.849206796116833,8.729108572006226,8.976409530639648,502803.0,True,7382,231,persistence,4.486824696864994,4.367837202548981,4.600473093986511,3.6750966191291807,5.482293450832366,443385.0,0.9262756567608502,False
UC1,m030,all,NA,MAE,lvlh5_tft,8.329698318446919,8.194923591613769,8.482644176483154,362910.0,True,5204,231,persistence,4.237027744852781,4.1155051469802855,4.373020422458649,3.4365895867347716,5.079839873313904,321651.0,0.6719611427377657,False
UC1,m030,all,NA,MAE,persistence,4.797010497728103,4.725979351997376,4.870667314529419,478675.0,True,7718,231,persistence,,,,,,,,
UC1,m030,all,NA,MAE,snaive7,10.240959530101701,10.095571517944336,10.39423840045929,431753.0,True,7289,231,persistence,5.806068779851463,5.656194984912872,5.9516724944114685,4.905415177345276,6.887706792354583,384822.0,0.8039316864260719,False
UC1,m030,all,NA,MAE,wt_med,8.557265197221538,8.437245607376099,8.684889316558838,523599.0,True,7644,231,persistence,4.14962183633947,4.041012644767761,4.264081919193268,3.3698631048202516,5.047974491119384,464217.0,0.9697957904632579,False
UC1,m030,all,Asia,MAE,clim,9.18274819084708,8.956454467773437,9.403910803794862,336898.0,True,4489,231,persistence,5.273717324988166,5.072098302841186,5.47006504535675,4.661574983596802,6.058968698978424,304208.0,0.8632389622108779,False
UC1,m030,all,Asia,MAE,h5,8.495848196972997,8.30308439731598,8.694154286384583,376478.0,True,5354,231,persistence,4.464120737044665,4.289050531387329,4.633818984031677,3.9606677293777466,5.108478057384491,340902.0,0.9673640689778464,False
UC1,m030,all,Asia,MAE,lvlh5_naive,8.945172483329655,8.750161457061768,9.153124165534972,355353.0,True,5011,231,persistence,4.946061534400235,4.754556906223297,5.122959494590759,4.401331293582916,5.610084450244903,320203.0,0.9086273385867885,False
UC1,m030,all,Asia,MAE,lvlh5_tft,8.638793445158893,8.435011291503907,8.870856094360352,248625.0,True,3926,231,persistence,4.641205224926129,4.459004437923431,4.825064325332642,4.0671397089958194,5.481864619255066,225534.0,0.639988876371654,False
UC1,m030,all,Asia,MAE,persistence,4.506621680292166,4.423643016815186,4.594009292125702,352403.0,True,5528,231,persistence,,,,,,,,
UC1,m030,all,Asia,MAE,snaive7,9.687474553908979,9.44687478542328,9.932574915885926,326671.0,True,4804,231,persistence,5.668611364734948,5.448257184028625,5.896736669540405,4.879121768474579,6.576788759231567,297904.0,0.8453503517279932,False
UC1,m030,all,Asia,MAE,wt_med,8.567786571833471,8.374949312210083,8.769921374320983,373990.0,True,5347,231,persistence,4.538365434823011,4.360698103904724,4.711583757400513,4.026121604442596,5.21141836643219,338977.0,0.9619015729151,False
UC1,m030,busy,all,MAE,clim,15.511606230444903,15.353678464889526,15.673385500907898,411977.0,True,15220,231,persistence,8.229658967030225,8.061774826049804,8.3943608045578,7.206271874904632,9.225101900100707,368762.0,0.8893095805971625,False
UC1,m030,busy,all,MAE,h5,14.306500327649674,14.15970983505249,14.447168874740601,454754.0,True,16372,231,persistence,7.055792960934774,6.907515203952789,7.203546309471131,6.187812733650207,7.891996610164642,406858.0,0.9811822187280694,False
UC1,m030,busy,all,MAE,lvlh5_naive,14.639870276926144,14.491481852531432,14.782349729537964,431986.0,True,15749,231,persistence,7.390165960099191,7.224349808692932,7.544173204898835,6.46287454366684,8.311279916763306,384965.0,0.9283848734267269,False
UC1,m030,busy,all,MAE,lvlh5_tft,13.637583463526534,13.483787798881531,13.80870099067688,302872.0,True,11429,231,persistence,6.492488470474629,6.325638282299042,6.6674766659736635,5.666643750667572,7.260758996009827,271357.0,0.6544068528267669,False
UC1,m030,busy,all,MAE,persistence,7.739047077009895,7.6728356838226315,7.807714819908142,414661.0,True,16543,231,persistence,,,,,,,,
UC1,m030,busy,all,MAE,snaive7,16.584951671082287,16.396286487579346,16.760881090164183,384242.0,True,15326,231,persistence,9.27262676908067,9.080312657356263,9.455531215667724,8.32151734828949,10.216149044036865,346437.0,0.8354704204157131,False
UC1,m030,busy,all,MAE,wt_med,14.492716587719686,14.346389436721802,14.631482529640198,451780.0,True,16355,231,persistence,7.218923146880452,7.068758571147919,7.366434800624847,6.34102852344513,8.05211935043335,404642.0,0.9758380942504842,False
UC1,m030,busy,EU,MAE,clim,13.24894801279875,13.035029530525208,13.497758769989014,97197.0,True,4511,231,persistence,6.662670585509226,6.4145613551139835,6.928775036334992,4.549433779716492,8.688965916633606,81997.0,0.9271064176201891,False
UC1,m030,busy,EU,MAE,h5,12.333204588351393,12.139233303070068,12.532558035850524,104373.0,True,4662,231,persistence,5.7357091472921535,5.497207248210907,5.982040858268737,3.856999063491821,7.524074053764343,87228.0,0.9862511871918954,False
UC1,m030,busy,EU,MAE,lvlh5_naive,12.223285794277977,12.027791023254395,12.441904163360595,100500.0,True,4556,231,persistence,5.621202552481809,5.378782999515534,5.871015667915344,3.771127390861511,7.392643296718598,83626.0,0.9455248518836779,False
UC1,m030,busy,EU,MAE,lvlh5_tft,11.043884520712549,10.857825469970702,11.241558408737182,71006.0,True,3243,231,persistence,4.237557879242594,4.018861150741577,4.449417841434479,3.077932596206665,5.424399507045746,59291.0,0.6703789968793813,False
UC1,m030,busy,EU,MAE,persistence,7.099871104879924,6.989824867248535,7.207503569126129,88444.0,True,4709,231,persistence,,,,,,,,
UC1,m030,busy,EU,MAE,snaive7,13.390437030331453,13.132028460502625,13.632435512542724,91687.0,True,4466,231,persistence,6.74844652574972,6.465829908847809,7.0185527324676515,5.305529606342316,8.190195655822754,77729.0,0.8788498937180589,False
UC1,m030,busy,EU,MAE,wt_med,12.489874601200976,12.292091727256775,12.693114066123963,103749.0,True,4658,231,persistence,5.898761474237742,5.656396818161011,6.148976361751556,3.9395191788673403,7.744598174095153,86716.0,0.9804622133779567,False
UC1,m030,busy,NA,MAE,clim,14.868994220224275,14.694533085823059,15.048357701301574,202430.0,True,6668,231,persistence,7.491979172436714,7.292771446704864,7.700470268726349,6.097488021850586,8.986255073547364,180530.0,0.9104571702347631,False
UC1,m030,busy,NA,MAE,h5,13.958171327693972,13.782807183265685,14.135029864311218,218228.0,True,6978,231,persistence,6.624594842255158,6.436868143081665,6.818455755710602,5.379549086093903,7.972491502761841,194523.0,0.9810273091761857,False
UC1,m030,busy,NA,MAE,lvlh5_naive,14.282133726061105,14.111661458015442,14.457643270492554,208428.0,True,6741,231,persistence,6.98343436056585,6.7933755159378055,7.182076454162598,5.672939443588257,8.418456363677977,185191.0,0.9339637390624606,False
UC1,m030,busy,NA,MAE,lvlh5_tft,13.4919487718769,13.309157657623292,13.708897066116332,142458.0,True,4728,231,persistence,6.407224213756095,6.187219393253327,6.647229087352753,5.059543442726135,7.749781060218811,127111.0,0.6410520210807675,False
UC1,m030,busy,NA,MAE,persistence,7.826497213606677,7.720498514175415,7.930984795093536,198285.0,True,7032,231,persistence,,,,,,,,
UC1,m030,busy,NA,MAE,snaive7,16.70544196183473,16.492842435836792,16.916492652893066,180321.0,True,6625,231,persistence,9.28508926202245,9.040742301940918,9.522575283050537,7.902177238464356,10.74984176158905,162051.0,0.817263030486421,False
UC1,m030,busy,NA,MAE,wt_med,14.139408462528426,13.96946702003479,14.31294014453888,216791.0,True,6973,231,persistence,6.770055037337537,6.584176230430603,6.961919665336609,5.511187124252319,8.107281947135926,193505.0,0.9758932849181733,False
UC1,m030,busy,Asia,MAE,clim,18.626938139741878,18.212141704559325,19.06565914154053,112350.0,True,4041,231,persistence,10.692704852449756,10.270761156082154,11.127718496322633,9.435024070739747,12.418246579170226,106235.0,0.8304020886095739,False
UC1,m030,busy,Asia,MAE,h5,16.4401933743464,16.099220943450927,16.797296714782714,132153.0,True,4732,231,persistence,8.646640975325123,8.301139450073242,9.00066442489624,7.733542132377624,9.924495077133178,125107.0,0.9779179564143451,False
UC1,m030,busy,Asia,MAE,lvlh5_naive,17.2193779426597,16.85355854034424,17.58959035873413,123058.0,True,4452,231,persistence,9.312320156250564,8.927157640457153,9.690420126914978,8.349347281455994,10.659954118728637,116148.0,0.9078885658005815,False
UC1,m030,busy,Asia,MAE,lvlh5_tft,15.929492621951661,15.55067536830902,16.30969262123108,89408.0,True,3458,231,persistence,8.193802279202641,7.826235151290893,8.573692440986633,7.341177606582642,9.380622386932373,84955.0,0.6640637213519682,False
UC1,m030,busy,Asia,MAE,persistence,8.04539130162899,7.924444091320038,8.173210263252258,127932.0,True,4802,231,persistence,,,,,,,,
UC1,m030,busy,Asia,MAE,snaive7,19.00105137480621,18.533659505844117,19.453926610946656,112234.0,True,4235,231,persistence,11.093252200980713,10.626966786384582,11.544662761688233,10.070645451545715,11.985381412506104,106657.0,0.8337007160053779,False
UC1,m030,busy,Asia,MAE,wt_med,16.659638829625113,16.32045774459839,17.00050187110901,131240.0,True,4724,231,persistence,8.83711752839151,8.480636358261108,9.183144450187683,7.920605039596557,10.158243083953856,124421.0,0.9725557327330144,False
UC1,m045,all,all,MAE,clim,7.98368546716749,7.895528960227966,8.064710593223571,1359095.0,True,18042,231,persistence,3.412888127107,3.3343321919441222,3.4835136771202087,3.016650581359863,3.8502522349357604,1161604.0,0.8929185560535842,False
UC1,m045,all,all,MAE,h5,7.395530994697899,7.312510013580322,7.468000864982605,1484883.0,True,19340,231,persistence,2.7805074508633174,2.7135814309120176,2.846531319618225,2.4245030999183657,3.1675970196723937,1266162.0,0.9732917110908005,False
UC1,m045,all,all,MAE,lvlh5_naive,7.734586959284675,7.653659653663635,7.812378239631653,1409007.0,True,18566,231,persistence,3.1732681703440537,3.102405679225922,3.243021845817566,2.7900798439979555,3.604835331439972,1193825.0,0.9176866601532623,False
UC1,m045,all,all,MAE,lvlh5_tft,7.2913265742876625,7.2042219877243046,7.375892746448517,1022009.0,True,13446,231,persistence,2.801179657198067,2.727527940273285,2.873261499404907,2.4458091378211977,3.2076379179954526,871374.0,0.6698203637923388,False
UC1,m045,all,all,MAE,persistence,5.073055952500832,5.024920153617859,5.124331164360046,1300907.0,True,19653,231,persistence,,,,,,,,
UC1,m045,all,all,MAE,snaive7,8.593549776429015,8.497251844406128,8.69120259284973,1258437.0,True,18160,231,persistence,4.000480898169813,3.9155290842056276,4.087148857116699,3.594148600101471,4.460706865787506,1081310.0,0.8311970033215288,False
UC1,m045,all,all,MAE,wt_med,7.471167896085713,7.386804354190827,7.54359050989151,1474138.0,True,19317,231,persistence,2.848105512270468,2.7796995401382447,2.912973415851593,2.4941357493400576,3.242326021194458,1257939.0,0.9669707365707156,False
UC1,m045,all,EU,MAE,clim,6.21654029052485,6.106855201721191,6.325635099411011,522778.0,True,6210,231,persistence,2.7013897402564355,2.6095179677009583,2.797559893131256,2.0679929316043855,3.316420042514801,432311.0,0.899733187925609,False
UC1,m045,all,EU,MAE,h5,5.65958020209888,5.567658627033234,5.752981519699096,572591.0,True,6343,231,persistence,2.151036226214788,2.0688130259513855,2.2365706503391265,1.5975906312465669,2.675676721334457,469094.0,0.9762866086145752,False
UC1,m045,all,EU,MAE,lvlh5_naive,5.876702662471964,5.7820394277572635,5.9678211331367494,543282.0,True,6269,231,persistence,2.4063884997847627,2.3202660024166106,2.493667471408844,1.8481780290603638,2.955680376291275,441535.0,0.9189303374902182,False
UC1,m045,all,EU,MAE,lvlh5_tft,5.489042045276768,5.398553740978241,5.585113525390625,405162.0,True,4323,231,persistence,1.9234393537630785,1.8479754328727722,1.9995547950267791,1.5172806143760682,2.3973666489124295,331707.0,0.6903543897038011,False
UC1,m045,all,EU,MAE,persistence,3.8552159471204277,3.7918981432914736,3.9170777082443236,480488.0,True,6406,231,persistence,,,,,,,,
UC1,m045,all,EU,MAE,snaive7,6.410805391376062,6.2972008228302006,6.520780563354492,494716.0,True,6059,231,persistence,2.9027646471086874,2.8048197507858275,2.9996994972229003,2.4137181758880617,3.416969931125641,409347.0,0.8519401108872646,False
UC1,m045,all,EU,MAE,wt_med,5.7287935975888855,5.6353740930557255,5.824067640304565,568036.0,True,6337,231,persistence,2.225986516409903,2.1404352247714997,2.3110482811927793,1.6780889332294464,2.7750227093696593,465603.0,0.9690210785701204,False
UC1,m045,all,NA,MAE,clim,9.046498535455322,8.926188087463379,9.172958087921142,494693.0,True,7337,231,persistence,3.5104642216547175,3.393872380256653,3.630507433414459,2.753178358078003,4.38739184141159,431518.0,0.9097728508962417,False
UC1,m045,all,NA,MAE,h5,8.468268466401435,8.347665739059448,8.594096183776855,530856.0,True,7647,231,persistence,2.9297401223919834,2.820174980163574,3.039324367046356,2.232687032222748,3.7407383918762203,462612.0,0.9753285798015661,False
UC1,m045,all,NA,MAE,lvlh5_naive,8.864331000225107,8.739299368858337,8.990937733650208,505756.0,True,7384,231,persistence,3.357115441095086,3.241502380371094,3.459641468524933,2.6135690569877625,4.240902459621429,438792.0,0.9251086832773227,False
UC1,m045,all,NA,MAE,lvlh5_tft,8.342928571660767,8.208815336227417,8.491899228096008,365397.0,True,5205,231,persistence,3.148866141884258,3.0298646092414856,3.2831081271171567,2.444039154052734,3.906034994125366,318496.0,0.6714876642899008,False
UC1,m045,all,NA,MAE,persistence,5.936000202397568,5.85609290599823,6.025812780857086,474314.0,True,7720,231,persistence,,,,,,,,
UC1,m045,all,NA,MAE,snaive7,10.261997890835751,10.117500758171081,10.406433272361756,433347.0,True,7294,231,persistence,4.6753715939955995,4.530436456203461,4.809242177009582,3.8509971618652346,5.626244246959685,380321.0,0.8018338062970943,False
UC1,m045,all,NA,MAE,wt_med,8.569853506193875,8.448766136169434,8.697958636283875,527053.0,True,7644,231,persistence,3.0109973512410892,2.8984764933586122,3.1248486161231996,2.312926948070526,3.825821506977081,459838.0,0.9694801334137302,False
UC1,m045,all,Asia,MAE,clim,9.148880055265439,8.929655408859253,9.371084594726563,341624.0,True,4495,231,persistence,4.304442951893208,4.1116580128669735,4.493268322944641,3.7868767261505125,4.924233543872833,297775.0,0.8603602952861126,False
UC1,m045,all,Asia,MAE,h5,8.508484876886293,8.31790382862091,8.702276968955994,381436.0,True,5350,231,persistence,3.456962201306,3.287297773361206,3.6259920716285703,3.035957145690918,4.043130922317505,334456.0,0.96634258389795,False
UC1,m045,all,Asia,MAE,lvlh5_naive,8.951303591470042,8.75667200088501,9.159771823883057,359969.0,True,4913,231,persistence,3.996027817018061,3.811465013027191,4.171407520771027,3.51877703666687,4.625122618675232,313498.0,0.9057887057395877,False
UC1,m045,all,Asia,MAE,lvlh5_tft,8.667206428369875,8.465643382072448,8.887967944145203,251450.0,True,3918,231,persistence,3.616909785491993,3.4320733904838563,3.8004958748817446,3.128027045726776,4.294474017620086,221171.0,0.6390286184828303,False
UC1,m045,all,Asia,MAE,persistence,5.5811415610869535,5.478084754943848,5.68691178560257,346105.0,True,5527,231,persistence,,,,,,,,
UC1,m045,all,Asia,MAE,snaive7,9.673603249650396,9.442411470413209,9.920769858360291,330374.0,True,4807,231,persistence,4.661125626624423,4.436465084552765,4.873496556282044,4.006051599979401,5.349516427516937,291642.0,0.8426402392337585,False
UC1,m045,all,Asia,MAE,wt_med,8.554578695630381,8.365597152709961,8.746075963973999,379049.0,True,5336,231,persistence,3.493993948835782,3.3226664423942567,3.6633983612060548,3.0601199746131895,4.104482126235962,332498.0,0.9606853411536961,False
UC1,m045,busy,all,MAE,clim,15.527287997312474,15.374714946746826,15.681984162330627,416740.0,True,15228,231,persistence,6.578557112575572,6.407780694961548,6.7512448787689205,5.6280375719070435,7.520271730422974,363729.0,0.8880297662790442,False
UC1,m045,busy,all,MAE,h5,14.328142707673969,14.187023162841797,14.472183179855346,459723.0,True,16371,231,persistence,5.359507220697591,5.212315154075623,5.502017092704773,4.535375428199768,6.177907800674438,401554.0,0.9803779868209995,False
UC1,m045,busy,all,MAE,lvlh5_naive,14.662879579680473,14.516712951660157,14.8000253200531,436625.0,True,15697,231,persistence,5.723618983954887,5.559525489807129,5.880313515663147,4.8398490190505985,6.565199542045593,379450.0,0.9264119572939835,False
UC1,m045,busy,all,MAE,lvlh5_tft,13.67432131254118,13.526904940605164,13.843159079551697,306266.0,True,11431,231,persistence,4.803109406030867,4.645151591300964,4.982192921638489,4.073141574859619,5.559705471992492,267848.0,0.6539401500521251,False
UC1,m045,busy,all,MAE,persistence,9.449585073890784,9.371752619743347,9.524914312362672,409591.0,True,16540,231,persistence,,,,,,,,
UC1,m045,busy,all,MAE,snaive7,16.573951520311674,16.39689564704895,16.7521164894104,387585.0,True,15330,231,persistence,7.562168947495,7.36729862689972,7.739777064323425,6.732986831665039,8.419278430938721,340958.0,0.8324352830018238,False
UC1,m045,busy,all,MAE,wt_med,14.492615382594762,14.349496531486512,14.63271622657776,456828.0,True,16351,231,persistence,5.495315508396281,5.348274183273316,5.636427974700927,4.669829869270325,6.32470588684082,399403.0,0.9751264065860822,False
UC1,m045,busy,EU,MAE,clim,13.49421255879876,13.270562839508056,13.742702865600586,97366.0,True,4514,231,persistence,5.56615971465372,5.3185782670974735,5.843834400177002,3.484452283382416,7.576826822757721,80744.0,0.9266859477574255,False
UC1,m045,busy,EU,MAE,h5,12.505303875738795,12.310408353805542,12.712530779838563,104393.0,True,4662,231,persistence,4.544416280585757,4.30387065410614,4.778533887863159,2.690373969078064,6.328760230541229,85906.0,0.9859293944819355,False
UC1,m045,busy,EU,MAE,lvlh5_naive,12.396572162251795,12.198658895492553,12.60577325820923,100564.0,True,4568,231,persistence,4.438769331872074,4.20443971157074,4.690403890609741,2.6737887144088743,6.2292113423347475,82343.0,0.945037414497544,False
UC1,m045,busy,EU,MAE,lvlh5_tft,11.216496641585673,11.024537277221679,11.406547141075134,71024.0,True,3246,231,persistence,3.0093490953066695,2.7927279710769652,3.224511981010437,1.886577272415161,4.16100845336914,58248.0,0.6685029610246522,False
UC1,m045,busy,EU,MAE,persistence,8.230592664004039,8.112691712379455,8.348220586776733,87132.0,True,4707,231,persistence,,,,,,,,
UC1,m045,busy,EU,MAE,snaive7,13.498317488320428,13.257015323638916,13.739618968963622,91827.0,True,4466,231,persistence,5.514270011384603,5.235139322280884,5.770290684700012,4.120452284812927,6.941240108013153,76419.0,0.8770486158931277,False
UC1,m045,busy,EU,MAE,wt_med,12.692694777025855,12.498078465461731,12.89223928451538,103734.0,True,4658,231,persistence,4.739516469099939,4.492147469520569,4.987102770805359,2.8186010360717773,6.602277934551239,85372.0,0.9798007620621586,False
UC1,m045,busy,NA,MAE,clim,14.894290591434665,14.724120473861694,15.071712183952332,204452.0,True,6666,231,persistence,5.716529405848764,5.517860269546508,5.926475381851196,4.47627055644989,7.053691172599792,178978.0,0.9102967728810111,False
UC1,m045,busy,NA,MAE,h5,13.974828220803209,13.806065583229065,14.155134248733521,220341.0,True,6979,231,persistence,4.805718155493976,4.613996601104736,5.010609555244446,3.701502466201782,6.02206962108612,192702.0,0.9800981613813798,False
UC1,m045,busy,NA,MAE,lvlh5_naive,14.288607509914852,14.118671917915345,14.463139629364013,210406.0,True,6742,231,persistence,5.165711006565745,4.971726131439209,5.354515933990479,3.9809208154678344,6.476259803771972,183319.0,0.9323754545685731,False
UC1,m045,busy,NA,MAE,lvlh5_tft,13.491038115140801,13.310749340057374,13.69550018310547,143981.0,True,4728,231,persistence,4.613683660757561,4.405494737625122,4.85159912109375,3.387956738471985,5.839258527755737,125886.0,0.6402665106934873,False
UC1,m045,busy,NA,MAE,persistence,9.665127279200467,9.547084760665893,9.782805323600769,196615.0,True,7033,231,persistence,,,,,,,,
UC1,m045,busy,NA,MAE,snaive7,16.72420725628329,16.509590673446656,16.936460494995117,181553.0,True,6633,231,persistence,7.4676245521614835,7.226697707176209,7.695899128913879,6.2301562309265135,8.754882550239563,160214.0,0.8148615314192712,False
UC1,m045,busy,NA,MAE,wt_med,14.148352802564641,13.97458508014679,14.325054478645324,218978.0,True,6972,231,persistence,4.948248802031463,4.754245924949646,5.151996684074402,3.8221400022506713,6.176056385040282,191783.0,0.9754240520814791,False
UC1,m045,busy,Asia,MAE,clim,18.37591583856877,17.966732788085938,18.798306131362914,114922.0,True,4048,231,persistence,8.847914082705973,8.435017824172974,9.271610260009766,7.492344403266907,10.726749062538147,104007.0,0.8264756365023362,False
UC1,m045,busy,Asia,MAE,h5,16.31453627702998,15.995071983337402,16.658452558517457,134989.0,True,4730,231,persistence,6.797028268508125,6.455319213867187,7.149553275108337,5.755120873451233,8.134399795532225,122946.0,0.9769714885095833,False
UC1,m045,busy,Asia,MAE,lvlh5_naive,17.103355710653403,16.738446092605592,17.446341609954835,125655.0,True,4387,231,persistence,7.552225756272312,7.168902564048767,7.939028072357178,6.4205927610397335,9.084604835510254,113788.0,0.9041988493690601,False
UC1,m045,busy,Asia,MAE,lvlh5_tft,15.876289705116845,15.499511075019836,16.25113205909729,91261.0,True,3457,231,persistence,6.336054910349606,5.962865853309632,6.728551030158997,5.299128723144531,7.620793557167053,83714.0,0.6652204316455294,False
UC1,m045,busy,Asia,MAE,persistence,9.956835447061442,9.809462714195252,10.105972194671631,125844.0,True,4800,231,persistence,,,,,,,,
UC1,m045,busy,Asia,MAE,snaive7,18.808064445514646,18.36858687400818,19.250501775741576,114205.0,True,4231,231,persistence,9.207467050083872,8.753622436523438,9.65723738670349,8.169374704360962,10.2200612783432,104325.0,0.8290025746161914,False
UC1,m045,busy,Asia,MAE,wt_med,16.446885531927585,16.115070199966432,16.785930824279784,134116.0,True,4721,231,persistence,6.881368202342777,6.530609226226806,7.236346745491028,5.81534435749054,8.304264211654663,122248.0,0.9714249388131337,False
UC1,m060,all,all,MAE,clim,8.056315122092336,7.965402495861054,8.137102627754212,1361961.0,True,18036,231,persistence,2.7813450366944084,2.7065163254737854,2.8488991379737856,2.3969862699508666,3.197664165496826,1153173.0,0.8913104471728519,False
UC1,m060,all,all,MAE,h5,7.471077403888816,7.389025485515594,7.545001423358917,1487548.0,True,19345,231,persistence,2.136070720652727,2.0689454913139342,2.1990086317062376,1.7816909193992614,2.5145482301712034,1258720.0,0.9728898318512593,False
UC1,m060,all,all,MAE,lvlh5_naive,7.781250112471043,7.700724494457245,7.857939326763153,1412193.0,True,18595,231,persistence,2.4984583432826977,2.430251944065094,2.5629857659339903,2.124304413795471,2.9028680324554443,1186496.0,0.9170664595241131,False
UC1,m060,all,all,MAE,lvlh5_tft,7.348699228028405,7.2587703466415405,7.432115077972412,1024672.0,True,13448,231,persistence,2.1352896477646857,2.067933976650238,2.209898090362549,1.8109405040740967,2.5088334798812864,866890.0,0.6700365977608508,False
UC1,m060,all,all,MAE,persistence,5.697244926746509,5.644763040542602,5.756268954277038,1293795.0,True,19657,231,persistence,,,,,,,,
UC1,m060,all,all,MAE,snaive7,8.66737713348034,8.569258499145509,8.76301724910736,1262081.0,True,18161,231,persistence,3.3543690496604066,3.264541471004486,3.4398887038230894,2.981398355960846,3.781098926067352,1073048.0,0.8293802341174606,False
UC1,m060,all,all,MAE,wt_med,7.538741852242266,7.456495630741119,7.6116678476333615,1478014.0,True,19324,231,persistence,2.194335355040703,2.1255882382392883,2.256652796268463,1.8394903779029845,2.5666656494140625,1250758.0,0.9667358430044946,False
UC1,m060,all,EU,MAE,clim,6.313137470380164,6.201550972461701,6.42376047372818,524142.0,True,6209,231,persistence,2.2380102880706483,2.147369360923767,2.334777021408081,1.6456149458885192,2.8140498518943784,428263.0,0.8969985757372654,False
UC1,m060,all,EU,MAE,h5,5.744132708651122,5.651715195178985,5.840156006813049,573625.0,True,6340,231,persistence,1.684490441725532,1.6003826379776,1.7717835187911988,1.1453870773315429,2.203755050897598,466036.0,0.9761142761394102,False
UC1,m060,all,EU,MAE,lvlh5_naive,5.945655871015125,5.855300796031952,6.040291178226471,545105.0,True,6266,231,persistence,1.915152405421769,1.8306504964828492,2.0025706768035887,1.3593026280403138,2.467484486103058,438672.0,0.9188002680965147,False
UC1,m060,all,EU,MAE,lvlh5_tft,5.564655093845797,5.474921870231628,5.661273467540741,406199.0,True,4321,231,persistence,1.4448498183191631,1.3627941370010377,1.520009958744049,1.0192917823791503,1.9173858404159545,329796.0,0.6907590482573727,False
UC1,m060,all,EU,MAE,persistence,4.253296749329759,4.185842764377594,4.322062051296234,477440.0,True,6408,231,persistence,,,,,,,,
UC1,m060,all,EU,MAE,snaive7,6.501929118002416,6.388279056549072,6.61627938747406,496600.0,True,6052,231,persistence,2.4198253029578156,2.3210457444190977,2.519318330287933,1.954595685005188,2.921067893505096,405502.0,0.8493255697050939,False
UC1,m060,all,EU,MAE,wt_med,5.816681831275865,5.722229027748108,5.913555610179901,569308.0,True,6333,231,persistence,1.769028570439568,1.6796057224273682,1.8561721920967102,1.211715281009674,2.310294711589813,462226.0,0.9681342158176943,False
UC1,m060,all,NA,MAE,clim,9.131226285134254,9.010224986076356,9.260810708999633,496524.0,True,7341,231,persistence,2.7832141355625906,2.6717251896858216,2.8965498089790342,2.110944902896881,3.579828882217407,430517.0,0.909916536155337,False
UC1,m060,all,NA,MAE,h5,8.536885749962446,8.422017335891724,8.65965714454651,532560.0,True,7648,231,persistence,2.174863649268967,2.0753108739852903,2.278632032871246,1.582114863395691,2.9148237109184265,461402.0,0.9751933364191073,False
UC1,m060,all,NA,MAE,lvlh5_naive,8.896246500194074,8.770797896385194,9.02433876991272,507205.0,True,7410,231,persistence,2.55669210463876,2.4448293805122376,2.6621250987052916,1.888027024269104,3.3688125014305115,437466.0,0.9246035520217103,False
UC1,m060,all,NA,MAE,lvlh5_tft,8.38875390917118,8.251409435272217,8.540819525718689,366754.0,True,5205,231,persistence,2.391406799536365,2.2781222343444822,2.5225677847862245,1.7682558059692384,3.087603712081909,317570.0,0.6711981045739202,False
UC1,m060,all,NA,MAE,persistence,6.687751379615715,6.5967975616455075,6.783917570114136,473139.0,True,7721,231,persistence,,,,,,,,
UC1,m060,all,NA,MAE,snaive7,10.342768084103012,10.195166897773742,10.49080948829651,434705.0,True,7296,231,persistence,3.9116497242848434,3.7718510746955873,4.046849262714386,3.1850452542304994,4.746194267272949,378833.0,0.800680138394848,False
UC1,m060,all,NA,MAE,wt_med,8.643614639905548,8.526726460456848,8.770910096168517,529375.0,True,7645,231,persistence,2.2618847868626686,2.1603668212890623,2.3680182576179503,1.6506417751312257,3.006966161727905,458906.0,0.9699179310942451,False
UC1,m060,all,Asia,MAE,clim,9.169584963155042,8.961033296585082,9.379379677772523,341295.0,True,4486,231,persistence,3.5690182850815075,3.3810554146766663,3.7641088247299193,3.0669064044952394,4.192554020881652,294393.0,0.8577484732646496,False
UC1,m060,all,Asia,MAE,h5,8.580287678668356,8.39253830909729,8.771966218948364,381363.0,True,5357,231,persistence,2.7173082524857977,2.555062305927277,2.894076573848724,2.2519580364227294,3.279427969455719,331282.0,0.9652288937578668,False
UC1,m060,all,Asia,MAE,lvlh5_naive,8.990142602957581,8.787930989265442,9.197021746635437,359883.0,True,4919,231,persistence,3.240841951012925,3.0645053386688232,3.41784245967865,2.718944275379181,3.844553232192993,310358.0,0.9042643699594425,False
UC1,m060,all,Asia,MAE,lvlh5_tft,8.712254338024092,8.506240081787109,8.933759570121765,251719.0,True,3922,231,persistence,2.802046677081222,2.6242685675621034,2.9857789516448974,2.3078468561172487,3.4487329006195067,219524.0,0.6396088760430749,False
UC1,m060,all,Asia,MAE,persistence,6.340429933336441,6.2237237095832825,6.459085619449615,343216.0,True,5528,231,persistence,,,,,,,,
UC1,m060,all,Asia,MAE,snaive7,9.716608822889206,9.488447141647338,9.967307066917419,330776.0,True,4813,231,persistence,3.935718169947318,3.6992951154708864,4.1566749811172485,3.335530686378479,4.606235301494598,288713.0,0.8411991282457695,False
UC1,m060,all,Asia,MAE,wt_med,8.58134188874624,8.393130111694337,8.769034934043884,379331.0,True,5346,231,persistence,2.696689581525729,2.5319855570793153,2.871966540813446,2.2292110323905945,3.2727616906166075,329626.0,0.9604039438720805,False
UC1,m060,busy,all,MAE,clim,15.57506231020455,15.421944332122802,15.725913381576538,418872.0,True,15221,231,persistence,5.38661179516113,5.221454310417175,5.542338156700135,4.464796781539917,6.317226505279541,361572.0,0.8871517426668138,False
UC1,m060,busy,all,MAE,h5,14.383805116346512,14.238621520996094,14.523330521583556,462068.0,True,16379,231,persistence,4.140470633227677,3.9934348344802855,4.28023772239685,3.3500070095062258,4.947734928131103,399414.0,0.9800007360789077,False
UC1,m060,busy,all,MAE,lvlh5_naive,14.67201263946203,14.52667453289032,14.811640763282776,438942.0,True,15722,231,persistence,4.460424064570624,4.299309849739075,4.608183693885803,3.6132500171661377,5.285261130332946,377328.0,0.9258106068970594,False
UC1,m060,busy,all,MAE,lvlh5_tft,13.716202497319452,13.568391919136047,13.882606101036071,308112.0,True,11437,231,persistence,3.5339742018017386,3.371338725090027,3.7123306512832643,2.8458981990814207,4.298492479324341,266584.0,0.6540895317311349,False
UC1,m060,busy,all,MAE,persistence,10.618318550415271,10.531472897529602,10.707612991333008,407565.0,True,16538,231,persistence,,,,,,,,
UC1,m060,busy,all,MAE,snaive7,16.615974201751328,16.4244815826416,16.78907518386841,390104.0,True,15321,231,persistence,6.348605213493748,6.153937745094299,6.5315204620361325,5.541349482536316,7.157183980941772,339120.0,0.8320635972176217,False
UC1,m060,busy,all,MAE,wt_med,14.543847663474132,14.399808526039124,14.681192278862,459614.0,True,16357,231,persistence,4.277482860557269,4.131201982498169,4.420090579986573,3.4804808139801025,5.115063929557801,397475.0,0.9752432127390723,False
UC1,m060,busy,EU,MAE,clim,13.602462328521886,13.37522006034851,13.84499409198761,97753.0,True,4511,231,persistence,4.730653034218443,4.481234455108643,4.994406700134277,2.791610670089722,6.688763034343719,80103.0,0.9260569486352443,False
UC1,m060,busy,EU,MAE,h5,12.560768491674455,12.36800925731659,12.760292625427246,104858.0,True,4659,231,persistence,3.659041075009087,3.416765284538269,3.903820300102234,1.9235257863998414,5.386967957019805,85283.0,0.9859420340119539,False
UC1,m060,busy,EU,MAE,lvlh5_naive,12.431448016007558,12.234007906913757,12.644900894165039,101135.0,True,4571,231,persistence,3.5324998477222653,3.2997573614120483,3.7890286207199098,1.8805485010147094,5.315238451957702,81804.0,0.945721915860299,False
UC1,m060,busy,EU,MAE,lvlh5_tft,11.298194477866895,11.111735510826112,11.491959953308106,71351.0,True,3246,231,persistence,2.0840845608646354,1.8690863609313966,2.299939513206482,1.081035304069519,3.1913665294647213,57870.0,0.669025075434398,False
UC1,m060,busy,EU,MAE,persistence,8.95084336235101,8.828438687324525,9.074371790885925,86499.0,True,4704,231,persistence,,,,,,,,
UC1,m060,busy,EU,MAE,snaive7,13.575558177036548,13.337445425987244,13.81218090057373,92399.0,True,4453,231,persistence,4.642245643657086,4.387613201141358,4.925751543045044,3.363722801208496,6.022589564323425,75809.0,0.8764147562399566,False
UC1,m060,busy,EU,MAE,wt_med,12.796191088548314,12.598042345046997,13.007427644729614,104203.0,True,4650,231,persistence,3.932296340023612,3.6867303609848023,4.190777230262756,2.1456157207489013,5.74326376914978,84700.0,0.9792020717002509,False
UC1,m060,busy,NA,MAE,clim,14.958523393087152,14.786049962043762,15.1376122713089,206514.0,True,6667,231,persistence,4.524272225051915,4.32917103767395,4.731814765930176,3.366033124923706,5.816396856307983,178661.0,0.9106575801905306,False
UC1,m060,busy,NA,MAE,h5,14.013459692035095,13.84557659626007,14.19537286758423,222363.0,True,6980,231,persistence,3.556187522104562,3.3841124534606934,3.741870617866516,2.5287046670913695,4.699543499946595,192268.0,0.9800141700095316,False
UC1,m060,busy,NA,MAE,lvlh5_naive,14.271759385597582,14.103007507324218,14.44669017791748,212346.0,True,6758,231,persistence,3.8588228903059196,3.666035461425781,4.04369626045227,2.78274610042572,5.076114773750305,182849.0,0.9320043427511226,False
UC1,m060,busy,NA,MAE,lvlh5_tft,13.511343425589224,13.328742933273315,13.727381443977356,145405.0,True,4726,231,persistence,3.3595895782161325,3.154128360748291,3.59583580493927,2.2641182422637938,4.4948581695556635,125522.0,0.6398014159815281,False
UC1,m060,busy,NA,MAE,persistence,10.900442940226007,10.768303298950196,11.02746319770813,196189.0,True,7030,231,persistence,,,,,,,,
UC1,m060,busy,NA,MAE,snaive7,16.74045980266167,16.5308744430542,16.954148292541504,183644.0,True,6627,231,persistence,6.196772943720237,5.970756268501281,6.41388623714447,5.110990405082703,7.4132449388504025,160022.0,0.8156522536941418,False
UC1,m060,busy,NA,MAE,wt_med,14.20795840244415,14.036154079437257,14.385462856292724,221263.0,True,6974,231,persistence,3.7219639713985764,3.5408366203308104,3.9044111490249636,2.6863917112350464,4.868400979042053,191459.0,0.9758905952933141,False
UC1,m060,busy,Asia,MAE,clim,18.36858339513983,17.963917398452757,18.781374597549437,114605.0,True,4043,231,persistence,7.396287253910202,6.988730955123901,7.822325921058654,5.953017210960388,9.295132613182068,102808.0,0.8232741017160886,False
UC1,m060,busy,Asia,MAE,h5,16.412111967637397,16.084376668930055,16.754325532913207,134847.0,True,4740,231,persistence,5.399234181006541,5.058821082115173,5.757877659797669,4.199513673782349,6.832044148445129,121863.0,0.9758642504224156,False
UC1,m060,busy,Asia,MAE,lvlh5_naive,17.155586663566478,16.78579592704773,17.51560244560242,125461.0,True,4393,231,persistence,6.11039154403092,5.726405620574951,6.519282746315002,4.793646883964539,7.736160707473754,112675.0,0.9022878512456257,False
UC1,m060,busy,Asia,MAE,lvlh5_tft,15.930778699439658,15.549546480178833,16.309350347518922,91356.0,True,3465,231,persistence,4.80566162658708,4.426817750930786,5.213805031776428,3.6015021324157717,6.239370489120483,83192.0,0.6661915324679485,False
UC1,m060,busy,Asia,MAE,persistence,11.330100819206098,11.156644296646117,11.492813014984131,124877.0,True,4804,231,persistence,,,,,,,,
UC1,m060,busy,Asia,MAE,snaive7,18.87853867667301,18.422630786895752,19.33294825553894,114061.0,True,4241,231,persistence,7.836216828510297,7.337731385231018,8.300616693496703,6.6109548807144165,9.082858991622924,103289.0,0.8271258918776075,False
UC1,m060,busy,Asia,MAE,wt_med,16.45540000596356,16.121679925918578,16.795974588394166,134148.0,True,4733,231,persistence,5.395195192719841,5.046830177307129,5.7595803976058955,4.1868726253509525,6.845605897903442,121316.0,0.971483940197154,False
UC1,m075,all,all,MAE,clim,8.116508048390171,8.030161833763122,8.195485019683838,1322252.0,True,18011,231,persistence,2.39051521360458,2.3162509202957153,2.4595639228820803,1.9869527101516724,2.807283401489258,1055174.0,0.891495437647854,False
UC1,m075,all,all,MAE,h5,7.561701484058622,7.480155897140503,7.637807774543762,1442598.0,True,19335,231,persistence,1.6993246294254032,1.6328718662261963,1.7634111881256103,1.3320695161819458,2.0737868189811706,1151590.0,0.9729553903345725,False
UC1,m075,all,all,MAE,lvlh5_naive,7.915027219154103,7.829850661754608,7.992540109157562,1364606.0,True,18265,231,persistence,2.0711163029857627,2.0026602268218996,2.1386112689971926,1.6869261264801025,2.465828788280487,1086702.0,0.9181328151402501,False
UC1,m075,all,all,MAE,lvlh5_tft,7.431281648902819,7.3409907698631285,7.515025734901428,993619.0,True,13441,231,persistence,1.6465850148409338,1.5756859183311462,1.7200449585914612,1.3222118616104126,2.0060036420822143,795138.0,0.6717962149374789,False
UC1,m075,all,all,MAE,persistence,6.28372845555931,6.22400416135788,6.345310997962952,1183600.0,True,19628,231,persistence,,,,,,,,
UC1,m075,all,all,MAE,snaive7,8.760153017958675,8.65877423286438,8.856312131881714,1222863.0,True,18159,231,persistence,2.976129557983789,2.887745714187622,3.06353600025177,2.609696662425995,3.409283757209778,982973.0,0.8304942548158162,False
UC1,m075,all,all,MAE,wt_med,7.6053536495103025,7.522230279445648,7.681486284732818,1430781.0,True,19309,231,persistence,1.7561969374384425,1.6895220160484314,1.8211670517921448,1.384817373752594,2.133041024208069,1143226.0,0.965888813788442,False
UC1,m075,all,EU,MAE,clim,6.3610115719980564,6.24851622581482,6.469387674331665,506222.0,True,6209,231,persistence,1.844033570431261,1.7567102074623109,1.9390390753746032,1.221279776096344,2.4482465982437134,394633.0,0.9012684303802094,False
UC1,m075,all,EU,MAE,h5,5.879363304754539,5.7829653978347775,5.975733482837677,550758.0,True,6343,231,persistence,1.3568073386334056,1.2712976574897765,1.443926751613617,0.7866310715675354,1.906292414665222,427164.0,0.9755631885699669,False
UC1,m075,all,EU,MAE,lvlh5_naive,6.145051968229774,6.048720610141754,6.241920173168182,518254.0,True,6080,231,persistence,1.5742368807346763,1.4924518823623658,1.6636229276657104,0.9912800669670105,2.150515341758728,402490.0,0.9192123581751411,False
UC1,m075,all,EU,MAE,lvlh5_tft,5.709629553201101,5.613043701648712,5.806416249275207,391789.0,True,4322,231,persistence,1.1003315043725923,1.0228089690208435,1.1780482530593872,0.6553812980651855,1.5838665127754212,303881.0,0.6940077284270915,False
UC1,m075,all,EU,MAE,persistence,4.639118539089763,4.564928555488587,4.713001263141632,437864.0,True,6409,231,persistence,,,,,,,,
UC1,m075,all,EU,MAE,snaive7,6.596803264035668,6.48936675786972,6.706148743629456,475485.0,True,6064,231,persistence,2.0720781580115997,1.973280417919159,2.165756416320801,1.583795928955078,2.574096179008484,371555.0,0.8485625673725175,False
UC1,m075,all,EU,MAE,wt_med,5.8846425590487765,5.79142529964447,5.979360282421112,546328.0,True,6340,231,persistence,1.3891056319922255,1.2988614439964294,1.4784426927566527,0.8102137684822083,1.9480500102043152,423953.0,0.9682298613268047,False
UC1,m075,all,NA,MAE,clim,9.157830962217004,9.037596774101257,9.282777190208435,477834.0,True,7332,231,persistence,2.3367351654445745,2.217580032348633,2.4571188926696776,1.6805389523506165,3.161725533008575,389496.0,0.9038477157595995,False
UC1,m075,all,NA,MAE,h5,8.605280171369307,8.486784267425538,8.728533387184143,515845.0,True,7642,231,persistence,1.7241203167729093,1.6185945272445679,1.834521448612213,1.1556342244148254,2.4148436427116393,419796.0,0.974160596476002,False
UC1,m075,all,NA,MAE,lvlh5_naive,8.98080182229557,8.854700922966003,9.103627896308899,491273.0,True,7358,231,persistence,2.1032618141133,1.9933634638786315,2.213768172264099,1.4986426115036011,2.8590736031532287,398299.0,0.9242755800812659,False
UC1,m075,all,NA,MAE,lvlh5_tft,8.450837583321812,8.314160490036011,8.604638695716858,355195.0,True,5200,231,persistence,1.8919607569796222,1.7723342299461364,2.025196707248688,1.3220215916633606,2.5636605143547055,289369.0,0.6714972930701203,False
UC1,m075,all,NA,MAE,persistence,7.36549238741237,7.274439632892609,7.463949191570282,430931.0,True,7708,231,persistence,,,,,,,,
UC1,m075,all,NA,MAE,snaive7,10.431645367526338,10.28373646736145,10.581377696990966,419657.0,True,7287,231,persistence,3.535557809330628,3.4038736820220947,3.673351061344147,2.8407308220863343,4.346544253826141,345100.0,0.8008242618887943,False
UC1,m075,all,NA,MAE,wt_med,8.683040205430924,8.565171265602112,8.808384084701538,510926.0,True,7633,231,persistence,1.8089589685721839,1.7027531147003174,1.9209193348884581,1.223244273662567,2.5051958084106447,416510.0,0.9665352457818073,False
UC1,m075,all,Asia,MAE,clim,9.272912748820211,9.059239053726197,9.479789924621581,338196.0,True,4470,231,persistence,3.2634580973639062,3.066374897956848,3.453997826576233,2.779896926879883,3.8474087357521056,271045.0,0.8609933133209448,False
UC1,m075,all,Asia,MAE,h5,8.594258733493797,8.401614928245545,8.779872965812682,375995.0,True,5350,231,persistence,2.1454459097922074,1.9887747049331665,2.3168597340583803,1.6676373481750488,2.6432470440864564,304630.0,0.9676784040914217,False
UC1,m075,all,Asia,MAE,lvlh5_naive,9.02382404206793,8.822579622268677,9.230534291267395,355079.0,True,4827,231,persistence,2.725810121473386,2.5554585099220275,2.9068111538887025,2.2236016273498533,3.258799839019775,285913.0,0.9082225504677499,False
UC1,m075,all,Asia,MAE,lvlh5_tft,8.697862559142347,8.496325063705445,8.92506422996521,246635.0,True,3919,231,persistence,2.117102974738006,1.9315619707107543,2.300458109378815,1.6865904092788697,2.5780112266540525,201888.0,0.6413112879401535,False
UC1,m075,all,Asia,MAE,persistence,7.090417877733835,6.965640509128571,7.2250800132751465,314805.0,True,5511,231,persistence,,,,,,,,
UC1,m075,all,Asia,MAE,snaive7,9.758523256062322,9.522294306755066,10.010867810249328,327721.0,True,4808,231,persistence,3.5125038487822833,3.2830078125,3.73507479429245,2.861042892932892,4.150782120227814,266318.0,0.845977668715554,False
UC1,m075,all,Asia,MAE,wt_med,8.64799465634345,8.456090879440307,8.833370089530945,373527.0,True,5336,231,persistence,2.1976430409264003,2.031487226486206,2.3759121656417848,1.722995436191559,2.707672822475433,302763.0,0.9617477486062801,False
UC1,m075,busy,all,MAE,clim,15.580182699705677,15.418425488471986,15.730006957054139,409415.0,True,15185,231,persistence,4.695921339033228,4.526850390434265,4.862505531311035,3.7944276571273803,5.579180479049682,331702.0,0.886185790656233,False
UC1,m075,busy,all,MAE,h5,14.432682680046572,14.28876371383667,14.569283747673035,450925.0,True,16368,231,persistence,3.361295601231392,3.216278338432312,3.510687518119812,2.615018200874329,4.125517106056213,366739.0,0.9797917729753702,False
UC1,m075,busy,all,MAE,lvlh5_naive,14.714636845916466,14.555631852149963,14.858018636703491,428072.0,True,15516,231,persistence,3.7255679762203595,3.562604475021362,3.8847424268722532,2.949052906036377,4.520985794067383,346714.0,0.9262923353539779,False
UC1,m075,busy,all,MAE,lvlh5_tft,13.675795491813119,13.525802659988404,13.837458539009095,299855.0,True,11416,231,persistence,2.6750981335589117,2.5107839107513428,2.8469246864318847,2.0643940210342406,3.367335772514343,244880.0,0.6542293275768561,False
UC1,m075,busy,all,MAE,persistence,11.565918520556876,11.473422479629516,11.662218403816222,374303.0,True,16508,231,persistence,,,,,,,,
UC1,m075,busy,all,MAE,snaive7,16.68304930524781,16.48477358818054,16.857634496688842,381359.0,True,15317,231,persistence,5.712503245951776,5.5170286178588865,5.904671049118042,4.934951424598694,6.500098037719726,311927.0,0.8333542611200017,False
UC1,m075,busy,all,MAE,wt_med,14.57174512760373,14.424027013778687,14.712309622764588,447675.0,True,16346,231,persistence,3.4984647257360812,3.347733569145203,3.6503443479537965,2.7406290769577026,4.284786415100098,364430.0,0.9736229739008236,False
UC1,m075,busy,EU,MAE,clim,13.532110534442824,13.311642956733703,13.776600909233093,93256.0,True,4512,231,persistence,3.9573234768613865,3.7136932611465454,4.224915862083435,2.075210452079773,6.040874981880188,73319.0,0.9292413373552001,False
UC1,m075,busy,EU,MAE,h5,12.72314918042666,12.526651859283447,12.931867599487305,99564.0,True,4665,231,persistence,3.102640824678584,2.8648863315582274,3.3422815084457396,1.365437388420105,4.946844172477722,77703.0,0.9848039339940686,False
UC1,m075,busy,EU,MAE,lvlh5_naive,12.583495575727552,12.383005833625793,12.811577343940735,95387.0,True,4484,231,persistence,2.9881330053814104,2.7540709257125853,3.2236466884613035,1.3266597509384155,4.799876153469085,74570.0,0.9450964487592203,False
UC1,m075,busy,EU,MAE,lvlh5_tft,11.277273965078978,11.084228491783142,11.489687538146972,67936.0,True,3244,231,persistence,1.55317403544446,1.344439482688904,1.7583708047866822,0.5122596263885498,2.7726410388946534,52801.0,0.669197232009328,False
UC1,m075,busy,EU,MAE,persistence,9.517464703049352,9.38957679271698,9.64379587173462,78902.0,True,4705,231,persistence,,,,,,,,
UC1,m075,busy,EU,MAE,snaive7,13.630404001187568,13.399515509605408,13.859078764915466,87574.0,True,4462,231,persistence,4.059295637938778,3.8034178256988525,4.320611381530762,2.7715123653411866,5.467014980316162,69027.0,0.8748447441129502,False
UC1,m075,busy,EU,MAE,wt_med,12.785154828798966,12.579807114601135,12.996848797798156,98948.0,True,4656,231,persistence,3.2197805752137967,2.9636390686035154,3.470358061790466,1.456459140777588,5.11859176158905,77293.0,0.9796076145091379,False
UC1,m075,busy,NA,MAE,clim,14.879525303845387,14.708890771865844,15.057553815841676,200760.0,True,6654,231,persistence,3.7999661996066862,3.599737048149109,4.017129278182983,2.8220379114151,4.9262627124786365,162720.0,0.9042511808835788,False
UC1,m075,busy,NA,MAE,h5,14.016558194719623,13.84464783668518,14.196503067016602,217030.0,True,6970,231,persistence,2.8268935044114976,2.648175287246704,3.0307706117630007,1.9567896366119386,3.8181846141815186,175904.0,0.9775159766601834,False
UC1,m075,busy,NA,MAE,lvlh5_naive,14.289918954160363,14.109592032432555,14.469794154167175,207249.0,True,6706,231,persistence,3.160416569329062,2.9702876091003416,3.3583322286605837,2.2759814500808715,4.2025003910064695,167297.0,0.9296860238955266,False
UC1,m075,busy,NA,MAE,lvlh5_tft,13.493928623269003,13.308856773376466,13.702270984649658,142243.0,True,4719,231,persistence,2.5865103282223316,2.373964715003967,2.8170161485671996,1.5894268035888672,3.644027328491211,115339.0,0.6409502639622118,False
UC1,m075,busy,NA,MAE,persistence,11.843300916921367,11.7028258562088,11.979956936836242,179950.0,True,7011,231,persistence,,,,,,,,
UC1,m075,busy,NA,MAE,snaive7,16.771512242012374,16.558631038665773,16.986344861984254,178933.0,True,6615,231,persistence,5.617257150658746,5.403031873703003,5.83881106376648,4.653110122680664,6.688113451004027,146490.0,0.8140594609613782,False
UC1,m075,busy,NA,MAE,wt_med,14.168581049698096,13.992119717597962,14.336833739280701,215300.0,True,6964,231,persistence,2.997193116984933,2.815065026283264,3.1983712911605835,2.0701347827911376,4.023852109909058,174749.0,0.9710975270908586,False
UC1,m075,busy,Asia,MAE,clim,18.45420237610378,18.054552507400512,18.871156454086304,115399.0,True,4019,231,persistence,6.785998766503246,6.340421652793884,7.223116064071656,5.30227563381195,8.459996676445007,95663.0,0.8286026106313501,False
UC1,m075,busy,Asia,MAE,h5,16.372067411840902,16.04117121696472,16.70573558807373,134331.0,True,4733,231,persistence,4.369867168440404,4.027473616600036,4.753037238121033,3.139819836616516,5.717738986015319,113132.0,0.9799135564005509,False
UC1,m075,busy,Asia,MAE,lvlh5_naive,17.03698075586314,16.685533618927003,17.383358573913576,125436.0,True,4326,231,persistence,5.151823955830215,4.771568846702576,5.560787224769592,3.8144421339035035,6.605783009529113,104847.0,0.9081515101644854,False
UC1,m075,busy,Asia,MAE,lvlh5_tft,15.781322582924805,15.408165979385377,16.1654803276062,89676.0,True,3453,231,persistence,3.580184700984736,3.197243809700012,3.9734903812408446,2.535248374938965,4.700055837631226,76740.0,0.6646975773271777,False
UC1,m075,busy,Asia,MAE,persistence,12.533533706940608,12.349197125434875,12.706627941131591,115451.0,True,4792,231,persistence,,,,,,,,
UC1,m075,busy,Asia,MAE,snaive7,18.872853759621076,18.416898202896117,19.317786121368407,114852.0,True,4240,231,persistence,7.040877502333782,6.53587007522583,7.516726446151734,5.689867234230041,8.19575171470642,96410.0,0.8350728880650665,False
UC1,m075,busy,Asia,MAE,wt_med,16.547213082809325,16.207333183288576,16.886389780044556,133427.0,True,4726,231,persistence,4.46953856283589,4.118227314949036,4.857730913162231,3.2129156589508057,5.83280758857727,112388.0,0.973469264016769,False
UC1,m090,all,all,MAE,clim,8.159418796142573,8.071379780769348,8.240019369125367,1343797.0,True,18005,231,persistence,1.8697590169729565,1.7958172917366029,1.938456082344055,1.474385130405426,2.2519820809364317,1049493.0,0.8917458367214803,False
UC1,m090,all,all,MAE,h5,7.571296628346209,7.4871365308761595,7.649196982383728,1463970.0,True,19330,231,persistence,1.1359938933184068,1.0712165832519531,1.199073112010956,0.7909358143806458,1.490350031852722,1145221.0,0.9730851552854668,False
UC1,m090,all,all,MAE,lvlh5_naive,7.950466888570894,7.86469179391861,8.02857048511505,1384719.0,True,18330,231,persistence,1.5518338764874793,1.4808484435081481,1.621047580242157,1.1755993723869325,1.9287481904029844,1080477.0,0.9180726945518597,False
UC1,m090,all,all,MAE,lvlh5_tft,7.471636842851229,7.379074609279632,7.558612430095673,1008785.0,True,13435,231,persistence,1.1418372066842357,1.073435080051422,1.2122792243957519,0.8253494501113892,1.4997651815414428,790479.0,0.6716637054899451,False
UC1,m090,all,all,MAE,persistence,6.792138989223356,6.726267516613007,6.858795261383056,1176897.0,True,19618,231,persistence,,,,,,,,
UC1,m090,all,all,MAE,snaive7,8.78824939103628,8.69010350704193,8.8850088596344,1244327.0,True,18147,231,persistence,2.4397151905191388,2.3508793354034423,2.5254474759101866,2.086217975616455,2.8101224541664123,980164.0,0.8328375380343395,False
UC1,m090,all,all,MAE,wt_med,7.641134532610775,7.5563283324241635,7.719140791893006,1452986.0,True,19304,231,persistence,1.2167341041224935,1.1494982361793518,1.281132960319519,0.8697208642959595,1.572672474384308,1137103.0,0.9661873553930378,False
UC1,m090,all,EU,MAE,clim,6.413169594766633,6.304299712181091,6.52462397813797,510570.0,True,6210,231,persistence,1.507094037177608,1.4190200090408325,1.6028046011924744,0.8736730456352234,2.096929121017456,391526.0,0.902017251230256,False
UC1,m090,all,EU,MAE,h5,5.896598295259903,5.7992961525917055,5.991966319084168,554630.0,True,6344,231,persistence,1.0086146662952808,0.9243596911430358,1.0969480633735658,0.42590166330337526,1.5535089373588562,423638.0,0.9759984886742724,False
UC1,m090,all,EU,MAE,lvlh5_naive,6.187771776080011,6.089925444126129,6.287272107601166,521510.0,True,6089,231,persistence,1.257273374707287,1.1752983450889587,1.3502285122871398,0.6626800060272217,1.8284634232521058,399134.0,0.9195449435095933,False
UC1,m090,all,EU,MAE,lvlh5_tft,5.747650581002067,5.652500963211059,5.850130915641785,394362.0,True,4323,231,persistence,0.8010561990177747,0.7246795654296875,0.8783296227455138,0.3081001162528992,1.2937944531440735,301060.0,0.6935971395395986,False
UC1,m090,all,EU,MAE,persistence,4.890562508063476,4.81237370967865,4.96822851896286,434056.0,True,6407,231,persistence,,,,,,,,
UC1,m090,all,EU,MAE,snaive7,6.657298364260252,6.542312920093536,6.7692792296409605,480272.0,True,6065,231,persistence,1.7474235453315288,1.6530272006988525,1.8474653601646422,1.2606798529624939,2.2480351388454434,369500.0,0.8512726468474114,False
UC1,m090,all,EU,MAE,wt_med,5.936625219830531,5.839274835586548,6.033087682723999,550424.0,True,6341,231,persistence,1.0630896408705102,0.9744317054748535,1.1530853152275085,0.4646596908569336,1.6232815146446227,420489.0,0.9687436644119652,False
UC1,m090,all,NA,MAE,clim,9.135732531687367,9.016826152801514,9.264197063446044,493651.0,True,7338,231,persistence,1.7024142613203859,1.5852927923202516,1.819990086555481,1.1073155522346496,2.4081780672073365,388856.0,0.9044466876619419,False
UC1,m090,all,NA,MAE,h5,8.571592570603821,8.450511813163757,8.698258757591248,531416.0,True,7642,231,persistence,1.0402905928834887,0.9386002540588378,1.14978688955307,0.5225836873054505,1.6762338995933532,418885.0,0.9742916420507143,False
UC1,m090,all,NA,MAE,lvlh5_naive,8.959428204461622,8.836414170265197,9.085259938240052,506350.0,True,7385,231,persistence,1.4586478724782648,1.3499968290328979,1.568164563179016,0.8830503106117249,2.14124356508255,397394.0,0.9243053649595988,False
UC1,m090,all,NA,MAE,lvlh5_tft,8.44994313550585,8.31229898929596,8.610429430007935,365859.0,True,5199,231,persistence,1.2528498302053581,1.1336663007736205,1.3782124996185303,0.6998239398002625,1.8932466626167297,288685.0,0.6714572798868674,False
UC1,m090,all,NA,MAE,persistence,8.050963162130353,7.952947580814362,8.158016347885132,429938.0,True,7706,231,persistence,,,,,,,,
UC1,m090,all,NA,MAE,snaive7,10.384780278670954,10.237185525894166,10.539837980270386,433845.0,True,7284,231,persistence,2.8549787617937827,2.7206916332244875,2.991947960853577,2.2147902488708495,3.580694854259491,345839.0,0.8043927263931079,False
UC1,m090,all,NA,MAE,wt_med,8.655383482784922,8.538265180587768,8.780369448661805,527038.0,True,7637,231,persistence,1.134661728276292,1.033248496055603,1.247750186920166,0.6041577696800232,1.7731921792030334,415790.0,0.9670929296782327,False
UC1,m090,all,Asia,MAE,clim,9.365700167267416,9.14650492668152,9.575148606300354,339576.0,True,4457,231,persistence,2.639202782494955,2.443666923046112,2.836460208892822,2.1442822098731993,3.1879354834556577,269111.0,0.8600460845693394,False
UC1,m090,all,Asia,MAE,h5,8.62247270615256,8.426093363761902,8.810778093338012,377924.0,True,5344,231,persistence,1.4467040994654727,1.281131637096405,1.6209341287612915,0.8833044767379761,1.9962704777717586,302698.0,0.967386058938393,False
UC1,m090,all,Asia,MAE,lvlh5_naive,9.094828011069835,8.892751502990723,9.29968490600586,356859.0,True,4856,231,persistence,2.0963002073946972,1.9256351709365844,2.281969463825226,1.5041367769241334,2.692708349227905,283949.0,0.9074665311614143,False
UC1,m090,all,Asia,MAE,lvlh5_tft,8.76688679164121,8.561294913291931,8.993793034553528,248564.0,True,3913,231,persistence,1.493286641991003,1.3002251505851745,1.6761451482772827,0.9913708448410035,1.9637557506561278,200734.0,0.6415214938814904,False
UC1,m090,all,Asia,MAE,persistence,7.700325660028827,7.5622346758842465,7.842623376846314,312903.0,True,5505,231,persistence,,,,,,,,
UC1,m090,all,Asia,MAE,snaive7,9.79000333121347,9.5483562707901,10.03623378276825,330210.0,True,4798,231,persistence,2.863343717549326,2.6312688112258913,3.0883363008499147,2.2420096039772033,3.473343312740326,264825.0,0.8463485489113239,False
UC1,m090,all,Asia,MAE,wt_med,8.71604611156677,8.517317271232605,8.908821415901183,375524.0,True,5326,231,persistence,1.5449349121080775,1.3750911712646485,1.7220378875732423,0.992357611656189,2.1060333251953125,300824.0,0.9613969824514307,False
UC1,m090,busy,all,MAE,clim,15.703364366464987,15.539235806465149,15.860067081451415,416007.0,True,15202,231,persistence,3.7288159163671217,3.5680205106735228,3.897482085227966,2.8603718519210815,4.583486723899841,330779.0,0.8863934786453505,False
UC1,m090,busy,all,MAE,h5,14.488275140244488,14.343261289596558,14.627487277984619,457772.0,True,16376,231,persistence,2.3167438651481334,2.172125458717346,2.4611009120941163,1.6103957891464233,3.0893919467926025,365616.0,0.9797467133294389,False
UC1,m090,busy,all,MAE,lvlh5_naive,14.815388250285748,14.660671210289001,14.963017392158509,434571.0,True,15578,231,persistence,2.745454986151781,2.5847875118255614,2.9060839414596558,1.9608149528503418,3.5561619281768797,345526.0,0.9259112371172696,False
UC1,m090,busy,all,MAE,lvlh5_tft,13.781080721710564,13.628852772712708,13.945002913475037,304494.0,True,11422,231,persistence,1.6914809784865685,1.5324344873428344,1.8678686618804932,1.0459842443466187,2.3900609254837035,244094.0,0.6541023758354012,False
UC1,m090,busy,all,MAE,persistence,12.51628998804847,12.411878418922424,12.617584133148194,373174.0,True,16504,231,persistence,,,,,,,,
UC1,m090,busy,all,MAE,snaive7,16.727806258553898,16.529330253601074,16.914533185958863,387981.0,True,15320,231,persistence,4.700017012753143,4.502180027961731,4.889145374298096,3.949785757064819,5.459702849388123,311531.0,0.8348143225412274,False
UC1,m090,busy,all,MAE,wt_med,14.65389885154542,14.509797501564027,14.794631671905517,454698.0,True,16357,231,persistence,2.4822951748882875,2.3281044483184816,2.63357150554657,1.7616003036499024,3.268403363227844,363432.0,0.973894215567001,False
UC1,m090,busy,EU,MAE,clim,13.661729430245394,13.435833597183228,13.917042779922486,94216.0,True,4520,231,persistence,3.3808071231295607,3.1345120429992677,3.652538704872131,1.4775936126708986,5.468188357353211,72777.0,0.9290720386044196,False
UC1,m090,busy,EU,MAE,h5,12.771050301890922,12.563367176055909,12.988774919509888,100533.0,True,4667,231,persistence,2.480522815043285,2.2449036598205567,2.724849271774292,0.6877561092376709,4.349843215942382,77164.0,0.9850765322405627,False
UC1,m090,busy,EU,MAE,lvlh5_naive,12.670657481828052,12.467344450950623,12.911440420150758,96350.0,True,4491,231,persistence,2.4077743114486925,2.177526021003723,2.6534621000289915,0.6998971223831176,4.231388807296753,74055.0,0.9453870016468156,False
UC1,m090,busy,EU,MAE,lvlh5_tft,11.352999375083836,11.155548906326294,11.55496413707733,68607.0,True,3246,231,persistence,0.9428170199486328,0.7328444957733155,1.1620207786560057,-0.16058220863342285,2.1279466867446892,52370.0,0.6685560364086656,False
UC1,m090,busy,EU,MAE,persistence,10.022225626492027,9.893257188796998,10.154243612289429,78333.0,True,4706,231,persistence,,,,,,,,
UC1,m090,busy,EU,MAE,snaive7,13.70920246785238,13.469268703460694,13.954965901374816,88498.0,True,4469,231,persistence,3.447395643622057,3.191909909248352,3.7118504285812377,2.2365979194641112,4.808589529991149,68635.0,0.8761952178519908,False
UC1,m090,busy,EU,MAE,wt_med,12.874129477686612,12.667453384399414,13.102468085289,99940.0,True,4663,231,persistence,2.62041380029185,2.3720237970352174,2.8800213098526,0.8079164028167725,4.554876208305359,76752.0,0.9798169353912144,False
UC1,m090,busy,NA,MAE,clim,14.93168008322153,14.757893562316895,15.108762121200561,205716.0,True,6671,231,persistence,2.7665115220973426,2.5574226140975953,2.990729331970215,1.8513848304748535,3.7919368743896484,162644.0,0.9051416614261307,False
UC1,m090,busy,NA,MAE,h5,14.046332051767164,13.87386121749878,14.225041222572326,221994.0,True,6981,231,persistence,1.7353088329907695,1.5461606502532959,1.9367042541503907,0.9425371170043946,2.6280218124389645,175637.0,0.9774499273745193,False
UC1,m090,busy,NA,MAE,lvlh5_naive,14.343302336984134,14.164856195449829,14.521478009223937,211970.0,True,6742,231,persistence,2.1171692827832356,1.9315345764160157,2.3102808475494383,1.2925016403198242,3.0720329523086547,167007.0,0.9294225022121555,False
UC1,m090,busy,NA,MAE,lvlh5_tft,13.561083518344486,13.374640846252442,13.780000782012939,145368.0,True,4728,231,persistence,1.5302358081129075,1.3088852882385253,1.7636713981628418,0.5577808380126953,2.5393934011459347,115112.0,0.6406179565805363,False
UC1,m090,busy,NA,MAE,persistence,12.911257784282844,12.756060123443604,13.05868227481842,179689.0,True,7016,231,persistence,,,,,,,,
UC1,m090,busy,NA,MAE,snaive7,16.7493797201123,16.549255084991454,16.96285276412964,183788.0,True,6626,231,persistence,4.535604558800488,4.314356875419617,4.751677107810974,3.6207324266433716,5.482621264457702,146793.0,0.8169281369477264,False
UC1,m090,busy,NA,MAE,wt_med,14.193433704051582,14.018583345413209,14.366723132133483,220383.0,True,6977,231,persistence,1.8971638721651622,1.7115981340408326,2.0947821617126463,1.104926300048828,2.7880004405975343,174569.0,0.9715063248167668,False
UC1,m090,busy,Asia,MAE,clim,18.728154210639673,18.31611442565918,19.16127676963806,116075.0,True,4011,231,persistence,5.635735858554078,5.192624545097351,6.080166220664978,4.1477995157241825,7.429488039016723,95358.0,0.8281054606085869,False
UC1,m090,busy,Asia,MAE,h5,16.490171540537542,16.143420600891112,16.831102037429808,135245.0,True,4728,231,persistence,3.1099332978770544,2.7499083280563354,3.4928833723068236,1.776707649230957,4.6096317768096915,112815.0,0.9797050854522718,False
UC1,m090,busy,Asia,MAE,lvlh5_naive,17.244777804296742,16.88403630256653,17.597703313827516,126251.0,True,4345,231,persistence,3.989281115991803,3.584234023094177,4.402027654647827,2.501921558380127,5.628028059005736,104464.0,0.9071835487008476,False
UC1,m090,busy,Asia,MAE,lvlh5_tft,15.974696762618438,15.60893943309784,16.372947692871094,90519.0,True,3448,231,persistence,2.4455245429501673,2.0611336708068846,2.8376652002334595,1.3693942546844482,3.586824631690979,76612.0,0.6653119355286925,False
UC1,m090,busy,Asia,MAE,persistence,13.596568014450465,13.390979123115539,13.784144186973572,115152.0,True,4782,231,persistence,,,,,,,,
UC1,m090,busy,Asia,MAE,snaive7,19.00254116426812,18.54255814552307,19.43657636642456,115695.0,True,4225,231,persistence,5.845748831982354,5.365148377418518,6.320449018478394,4.5039390325546265,7.125886297225952,96103.0,0.8345751702098096,False
UC1,m090,busy,Asia,MAE,wt_med,16.732773953488373,16.390473508834837,17.073308324813844,134375.0,True,4717,231,persistence,3.2988511386037054,2.9445140600204467,3.7046679735183714,1.9923524379730224,4.785354089736938,112111.0,0.9735914269834653,False
UC1,m105,all,all,MAE,clim,8.215751455997154,8.124787664413452,8.29707899093628,1337743.0,True,17983,231,persistence,1.5005974842461542,1.4243629813194274,1.5724262833595275,1.0882682800292969,1.915717875957489,1028479.0,0.890689356542825,False
UC1,m105,all,all,MAE,h5,7.609699653942256,7.527388572692871,7.685227560997009,1459583.0,True,19320,231,persistence,0.7264653957315952,0.6610651731491088,0.7911730885505677,0.3820976853370667,1.0986854314804078,1123792.0,0.9732328743396553,False
UC1,m105,all,all,MAE,lvlh5_naive,7.9984610503287055,7.912441110610962,8.075099062919616,1380115.0,True,18286,231,persistence,1.1637641241917702,1.0926324605941773,1.2320701360702515,0.7782781839370727,1.576556622982025,1060228.0,0.9181848099073352,False
UC1,m105,all,all,MAE,lvlh5_tft,7.511172905815188,7.4209918737411495,7.597655820846557,1004394.0,True,13434,231,persistence,0.7544586597441381,0.6835947394371032,0.8263602614402771,0.41657687425613404,1.1143836379051206,775029.0,0.6711951156144453,False
UC1,m105,all,all,MAE,persistence,7.163980254611587,7.092120814323425,7.234577047824859,1154700.0,True,19600,231,persistence,,,,,,,,
UC1,m105,all,all,MAE,snaive7,8.847148641672582,8.74908185005188,8.947023296356202,1239760.0,True,18135,231,persistence,2.066972732128856,1.9776502132415772,2.156061279773712,1.703361690044403,2.4769445061683655,960361.0,0.8316974105828354,False
UC1,m105,all,all,MAE,wt_med,7.684013680570415,7.600469493865967,7.760424768924713,1448770.0,True,19297,231,persistence,0.818125026888274,0.7504765152931213,0.8846246123313903,0.46232659816741944,1.1944790124893188,1115728.0,0.9662492422274184,False
UC1,m105,all,EU,MAE,clim,6.498111102161575,6.38609949350357,6.612124121189117,509027.0,True,6206,231,persistence,1.1965304057949746,1.1100608706474304,1.2922367930412293,0.5763004899024964,1.7621039390563964,381572.0,0.9006710680674986,False
UC1,m105,all,EU,MAE,h5,5.948833397356822,5.853496837615967,6.0472166538238525,554484.0,True,6338,231,persistence,0.676055955436544,0.5933982133865356,0.7633463263511657,0.07761311531066896,1.2158982872962951,414151.0,0.9775712670511008,False
UC1,m105,all,EU,MAE,lvlh5_naive,6.2372871115093025,6.141825032234192,6.337070095539093,521818.0,True,6047,231,persistence,0.9404323660414056,0.8591853022575379,1.030517053604126,0.32516413927078247,1.5084685921669005,390507.0,0.9217614415571234,False
UC1,m105,all,EU,MAE,lvlh5_tft,5.8136754816081195,5.719090449810028,5.916207778453827,392857.0,True,4320,231,persistence,0.5052537256299381,0.4222909212112427,0.5897058963775634,-0.0010022640228271366,1.0001991510391235,294005.0,0.6939759661798689,False
UC1,m105,all,EU,MAE,persistence,5.187516670482683,5.106056809425354,5.267022454738617,423653.0,True,6399,231,persistence,,,,,,,,
UC1,m105,all,EU,MAE,snaive7,6.74070745905194,6.631978738307953,6.854754614830017,479632.0,True,6054,231,persistence,1.443359152917946,1.347353732585907,1.542062795162201,0.9812015414237976,1.9141591906547546,360579.0,0.8511187221617692,False
UC1,m105,all,EU,MAE,wt_med,6.010233155204673,5.916821837425232,6.106703388690948,549977.0,True,6334,231,persistence,0.7475988803699645,0.6614308953285217,0.8374463796615601,0.14083282947540285,1.2982275009155273,410850.0,0.9697795129504571,False
UC1,m105,all,NA,MAE,clim,9.1750801517364,9.050690841674804,9.306067991256715,493751.0,True,7333,231,persistence,1.226866392848514,1.1098280429840088,1.3452492952346802,0.6758740425109864,1.8642934322357176,384927.0,0.9045485094443374,False
UC1,m105,all,NA,MAE,h5,8.589042081522015,8.467472076416016,8.713237094879151,531611.0,True,7642,231,persistence,0.5389927935146464,0.4368664026260376,0.6474754810333252,0.04892997741699219,1.1105996370315552,414349.0,0.9736879209298173,False
UC1,m105,all,NA,MAE,lvlh5_naive,8.994926717329738,8.869533228874207,9.122561955451966,505948.0,True,7370,231,persistence,0.9703322877433216,0.8602587699890136,1.0792197465896607,0.44219532012939455,1.5906165122985838,392972.0,0.923453633684725,False
UC1,m105,all,NA,MAE,lvlh5_tft,8.469007452042824,8.331699252128601,8.624640202522277,365859.0,True,5200,231,persistence,0.7968637697917647,0.6756054162979126,0.9266103029251098,0.247566556930542,1.3938044071197508,285365.0,0.6705855536181753,False
UC1,m105,all,NA,MAE,persistence,8.488459531989491,8.384853339195251,8.599637842178344,425546.0,True,7705,231,persistence,,,,,,,,
UC1,m105,all,NA,MAE,snaive7,10.39491575456512,10.245112037658691,10.544026374816895,433614.0,True,7285,231,persistence,2.3704403565977312,2.2348694801330566,2.506228804588318,1.772002959251404,3.0344436168670654,341337.0,0.8021153999802606,False
UC1,m105,all,NA,MAE,wt_med,8.676752847963304,8.556351041793823,8.798207926750184,527570.0,True,7637,231,persistence,0.6389955054923426,0.5367172479629516,0.7501343250274658,0.1474231243133545,1.2180133819580077,411391.0,0.9667368510102315,False
UC1,m105,all,Asia,MAE,clim,9.41186392608183,9.185596895217895,9.626000452041627,334965.0,True,4444,231,persistence,2.345661882586458,2.1529552698135377,2.558332085609436,1.708498442173004,3.0866420984268186,261980.0,0.857542201171191,False
UC1,m105,all,Asia,MAE,h5,8.681473199942166,8.4845956325531,8.874401187896728,373488.0,True,5340,231,persistence,1.0602238631591776,0.8923360586166382,1.2421414136886597,0.3688755750656128,1.7653220891952512,295292.0,0.9665827607765605,False
UC1,m105,all,Asia,MAE,lvlh5_naive,9.17585179393525,8.97625195980072,9.385326385498047,352349.0,True,4869,231,persistence,1.753561776623556,1.5757351875305177,1.9409408211708068,1.0161052107810975,2.520691037178039,276749.0,0.9058857417815326,False
UC1,m105,all,Asia,MAE,lvlh5_tft,8.79920584459448,8.593770527839661,9.02498002052307,245678.0,True,3914,231,persistence,1.067076849684307,0.8722046136856079,1.2556960701942443,0.43952629566192625,1.7248219728469847,195659.0,0.640452895407871,False
UC1,m105,all,Asia,MAE,persistence,8.059911424185191,7.917156434059143,8.210559868812561,305501.0,True,5496,231,persistence,,,,,,,,
UC1,m105,all,Asia,MAE,snaive7,9.88594976019405,9.644787096977234,10.135674786567687,326514.0,True,4796,231,persistence,2.5362301456789655,2.3040270686149595,2.7657408237457277,1.6886821389198303,3.452835345268249,258445.0,0.8459710442846341,False
UC1,m105,all,Asia,MAE,wt_med,8.752916710440894,8.553369498252868,8.942822670936584,371223.0,True,5326,231,persistence,1.1679461100491677,0.9914077877998352,1.3540161728858948,0.4851003408432007,1.8761465787887572,293487.0,0.960674433144245,False
UC1,m105,busy,all,MAE,clim,15.769694877912682,15.6095365524292,15.93006739616394,415768.0,True,15186,231,persistence,3.1294308968153643,2.9549946784973145,3.3040258646011353,2.2081695556640626,4.057876539230346,324370.0,0.884695319190718,False
UC1,m105,busy,all,MAE,h5,14.527927233676413,14.37960901260376,14.666689443588258,457911.0,True,16366,231,persistence,1.615213901695057,1.4636856317520142,1.7678736209869383,0.8444466829299927,2.4304094552993774,358985.0,0.9791051859286615,False
UC1,m105,busy,all,MAE,lvlh5_naive,14.874623244588358,14.722502303123473,15.024099230766296,434498.0,True,15555,231,persistence,2.078373332743327,1.9196440696716308,2.2423325777053833,1.2719024658203124,2.9520636320114133,339123.0,0.924933041680531,False
UC1,m105,busy,all,MAE,lvlh5_tft,13.809581631612543,13.654302525520325,13.974081826210021,304321.0,True,11416,231,persistence,0.9945776738128558,0.8327599287033081,1.1675152540206908,0.3475130796432495,1.7565609693527218,239493.0,0.6531995439742967,False
UC1,m105,busy,all,MAE,persistence,13.153142268018742,13.048942756652831,13.261316823959351,366646.0,True,16487,231,persistence,,,,,,,,
UC1,m105,busy,all,MAE,snaive7,16.798286953341883,16.597815990447998,16.975725650787354,388314.0,True,15313,231,persistence,4.083772510918104,3.875193190574646,4.284243726730347,3.265964221954346,4.956646752357483,305685.0,0.8337333558800587,False
UC1,m105,busy,all,MAE,wt_med,14.697871807491518,14.551596283912659,14.838060760498047,455128.0,True,16348,231,persistence,1.817156537257901,1.6600951671600341,1.9770449876785277,1.0537890911102294,2.6333916664123533,356931.0,0.973503051990203,False
UC1,m105,busy,EU,MAE,clim,13.658390543539978,13.435260915756226,13.91717882156372,96865.0,True,4515,231,persistence,2.795118693123312,2.558967924118042,3.0622159957885744,0.9250847816467286,4.842317914962768,71866.0,0.9282494413660376,False
UC1,m105,busy,EU,MAE,h5,12.685122713495822,12.485433459281921,12.904148721694947,103269.0,True,4660,231,persistence,1.7704945022541416,1.5373772859573365,2.0255768060684205,0.022556400299072292,3.589361333847046,76304.0,0.9855723899200476,False
UC1,m105,busy,EU,MAE,lvlh5_naive,12.576428629907479,12.374478912353515,12.804717183113098,99058.0,True,4457,231,persistence,1.7125469360296215,1.483562159538269,1.9518605470657349,0.07814655303955079,3.425503015518188,73233.0,0.9459061494943233,False
UC1,m105,busy,EU,MAE,lvlh5_tft,11.31787910188741,11.11396484375,11.514620304107666,70176.0,True,3242,231,persistence,0.27400482939367876,0.05931601524353028,0.5000536680221557,-0.832181167602539,1.4434971332550035,51764.0,0.6686041254956665,False
UC1,m105,busy,EU,MAE,persistence,10.55497862337092,10.40894157886505,10.69876720905304,77421.0,True,4696,231,persistence,,,,,,,,
UC1,m105,busy,EU,MAE,snaive7,13.705197555382437,13.466504573822021,13.956311869621278,91139.0,True,4463,231,persistence,2.853975782930206,2.6006375551223755,3.1218036890029905,1.6541559219360351,4.226614999771118,67886.0,0.876842200436574,False
UC1,m105,busy,EU,MAE,wt_med,12.870226890020149,12.672185945510865,13.091439986228943,102737.0,True,4658,231,persistence,2.0042028985507248,1.7730099439620972,2.268043613433838,0.22592175006866455,3.9001112937927243,75900.0,0.9803541674739412,False
UC1,m105,busy,NA,MAE,clim,15.02220593034981,14.852075791358947,15.20191662311554,205283.0,True,6669,231,persistence,2.0490954141919744,1.8489030122756958,2.270859980583191,1.1789152145385742,3.0012415647506714,160626.0,0.9048383553309787,False
UC1,m105,busy,NA,MAE,h5,14.093076438134936,13.923922896385193,14.264990067481994,221676.0,True,6980,231,persistence,0.9585758495635428,0.7712684869766235,1.1528945446014405,0.2133687734603882,1.811522841453552,173442.0,0.9770334443073699,False
UC1,m105,busy,NA,MAE,lvlh5_naive,14.422423961908482,14.251138615608216,14.600109028816224,211446.0,True,6739,231,persistence,1.3700530475282946,1.178967833518982,1.5675376653671265,0.5701976776123047,2.2722605705261225,164874.0,0.9287681881939398,False
UC1,m105,busy,NA,MAE,lvlh5_tft,13.627455172092693,13.440066504478455,13.841829872131347,145118.0,True,4728,231,persistence,0.8187020381356369,0.5912267208099365,1.0556822061538695,-0.1127615451812744,1.8125048875808716,113569.0,0.6397568710954884,False
UC1,m105,busy,NA,MAE,persistence,13.6244739999662,13.463946723937989,13.776390719413758,177519.0,True,7012,231,persistence,,,,,,,,
UC1,m105,busy,NA,MAE,snaive7,16.814773558737127,16.610016441345216,17.034650754928588,183138.0,True,6625,231,persistence,3.8119286688026364,3.59348886013031,4.035473704338074,2.9539032220840453,4.725066351890564,144509.0,0.8140480737273194,False
UC1,m105,busy,NA,MAE,wt_med,14.255131651846941,14.089372777938843,14.431230974197387,220202.0,True,6976,231,persistence,1.1397224284322363,0.9530856609344482,1.3385438442230224,0.3839327335357666,2.0016952276229856,172424.0,0.9712988468839955,False
UC1,m105,busy,Asia,MAE,clim,18.92018130610808,18.49748682975769,19.363419103622437,113620.0,True,4002,231,persistence,5.279626243496811,4.826901483535766,5.7565289497375485,3.567754316329956,6.9657628536224365,91878.0,0.8224983438669364,False
UC1,m105,busy,Asia,MAE,h5,16.684121786772558,16.341099643707274,17.040604639053345,132966.0,True,4726,231,persistence,2.549313317588041,2.1869126558303833,2.9444705486297607,1.0597490310668944,4.201075220108033,109239.0,0.9779152417954273,False
UC1,m105,busy,Asia,MAE,lvlh5_naive,17.481767877930196,17.115288972854614,17.83953814506531,123994.0,True,4359,231,persistence,3.499674544581824,3.1157007694244383,3.9230602502822878,1.7661510705947876,5.3511563539505,101016.0,0.9043023651370562,False
UC1,m105,busy,Asia,MAE,lvlh5_tft,16.070553519675627,15.694662404060363,16.485306119918825,89027.0,True,3446,231,persistence,1.7668774686718134,1.355042862892151,2.162705898284912,0.5574992656707763,3.2265598535537716,74160.0,0.6638855567292715,False
UC1,m105,busy,Asia,MAE,persistence,14.204850231858629,14.003941631317138,14.403725028038025,111706.0,True,4779,231,persistence,,,,,,,,
UC1,m105,busy,Asia,MAE,snaive7,19.243824372791288,18.779839420318602,19.694206333160402,114037.0,True,4225,231,persistence,5.399774895487191,4.901707768440247,5.899053835868835,3.610522985458374,7.152964067459106,93290.0,0.8351386675738098,False
UC1,m105,busy,Asia,MAE,wt_med,16.85583520565251,16.504972791671754,17.199580669403076,132189.0,True,4714,231,persistence,2.7619306306223343,2.3866188287734986,3.1562891006469727,1.2722898960113525,4.423207879066467,108607.0,0.9722575331674216,False
UC1,m120,all,all,MAE,clim,8.260818765266716,8.173462080955506,8.342846345901489,1331737.0,True,17996,231,persistence,1.146503677358016,1.0699692487716674,1.2197955965995788,0.7572466850280761,1.523755633831024,1014995.0,0.8894297544197867,False
UC1,m120,all,all,MAE,h5,7.650065071897477,7.567529916763306,7.726191473007202,1452624.0,True,19330,231,persistence,0.35944137666756415,0.2966848134994507,0.4204897880554199,0.024336338043212898,0.7160841226577759,1110377.0,0.9730120270773545,False
UC1,m120,all,all,MAE,lvlh5_naive,8.001901079689869,7.918632924556732,8.079771280288696,1373723.0,True,18351,231,persistence,0.7680426081448806,0.698486578464508,0.8359805703163147,0.3983734965324402,1.1570645809173583,1047345.0,0.9177777290950118,False
UC1,m120,all,all,MAE,lvlh5_tft,7.513759469812987,7.4239298582077025,7.600137007236481,1000075.0,True,13441,231,persistence,0.3666282307254347,0.2936524748802185,0.43917099237442014,0.034768652915954594,0.7273512721061706,766175.0,0.6713913291125375,False
UC1,m120,all,all,MAE,persistence,7.484056345433435,7.407786667346954,7.55518010854721,1141175.0,True,19588,231,persistence,,,,,,,,
UC1,m120,all,all,MAE,snaive7,8.873239036789927,8.776136183738709,8.971390175819398,1232919.0,True,18145,231,persistence,1.6996923499809702,1.6149881482124329,1.7862791776657103,1.3492672920227051,2.089803147315979,945880.0,0.8288649856507547,False
UC1,m120,all,all,MAE,wt_med,7.722071254677817,7.6384523749351505,7.798125171661377,1442179.0,True,19301,231,persistence,0.4494444020924311,0.3849867582321167,0.5144865870475769,0.12041767835617066,0.807471776008606,1101876.0,0.965562687580783,False
UC1,m120,all,EU,MAE,clim,6.493080732379084,6.3794255495071415,6.605027914047241,505039.0,True,6207,231,persistence,0.9221966894593283,0.8345705747604371,1.0218244433403014,0.32429230213165283,1.4699696898460388,374682.0,0.8983047190235411,False
UC1,m120,all,EU,MAE,h5,5.953959399730326,5.857664024829864,6.049680399894714,549553.0,True,6339,231,persistence,0.4014971159434868,0.32353981733322146,0.48813482522964474,-0.20701444149017334,0.9228947162628173,407759.0,0.9776072347332407,False
UC1,m120,all,EU,MAE,lvlh5_naive,6.204747533726351,6.109460628032684,6.301266348361969,517607.0,True,6051,231,persistence,0.6405605882217333,0.5613328814506531,0.7299295902252196,0.035450589656829866,1.1904277443885802,384513.0,0.921874662849827,False
UC1,m120,all,EU,MAE,lvlh5_tft,5.764943456424827,5.673444509506226,5.864773237705231,389080.0,True,4321,231,persistence,0.19295206742361604,0.11491725444793702,0.2777486562728882,-0.31169517040252687,0.6968235611915586,289553.0,0.694206890929971,False
UC1,m120,all,EU,MAE,persistence,5.372026785007876,5.286556959152222,5.4538329362869264,417099.0,True,6392,231,persistence,,,,,,,,
UC1,m120,all,EU,MAE,snaive7,6.714305556140122,6.605046331882477,6.8222699642181395,475186.0,True,6051,231,persistence,1.1495455766159246,1.0545804977416993,1.2408964872360229,0.6953753471374512,1.6109959959983826,353745.0,0.8481080031359461,False
UC1,m120,all,EU,MAE,wt_med,6.0051825642682015,5.908961617946625,6.101502025127411,544904.0,True,6332,231,persistence,0.466573409259718,0.38469902276992796,0.5549965858459472,-0.15195392370223998,1.0073988556861877,403900.0,0.9683552346085701,False
UC1,m120,all,NA,MAE,clim,9.25813883056049,9.135702848434448,9.393052959442139,495280.0,True,7339,231,wt_med,0.639631918993004,0.596759557723999,0.6846981525421143,0.5020525455474854,0.8238778352737427,493587.0,0.9325014405410766,False
UC1,m120,all,NA,MAE,h5,8.655524273065181,8.536501812934876,8.783646702766418,532957.0,True,7643,231,wt_med,-0.10570430650935592,-0.11733541488647461,-0.09306361675262452,-0.1453937768936157,-0.07538235187530518,529315.0,1.0,True
UC1,m120,all,NA,MAE,lvlh5_naive,9.037873108943595,8.912994289398194,9.16601231098175,507087.0,True,7382,231,wt_med,0.34939560808527936,0.3028930425643921,0.39515550136566163,0.26518204212188723,0.44027204513549806,504650.0,0.9534020384837006,False
UC1,m120,all,NA,MAE,lvlh5_tft,8.50811617691736,8.370863962173463,8.665842509269714,366868.0,True,5201,231,wt_med,0.16851021953733536,0.09803502559661866,0.24745738506317136,0.03258569240570069,0.30725674629211425,364725.0,0.6890509432001738,False
UC1,m120,all,NA,MAE,persistence,8.823325346439386,8.71496124267578,8.943461656570435,424028.0,True,7696,231,wt_med,-0.2929042723159281,-0.40136616230010985,-0.19091737270355225,-0.8402109146118164,0.1763712406158447,409965.0,0.7745198983592001,False
UC1,m120,all,NA,MAE,snaive7,10.460663552929315,10.309763932228089,10.618366765975953,434419.0,True,7290,231,wt_med,1.7008559574359712,1.604459547996521,1.810181951522827,1.462603259086609,1.9595379114151001,431914.0,0.8159866997912396,False
UC1,m120,all,NA,MAE,wt_med,8.758535087802159,8.63926429748535,8.888979601860047,529315.0,True,7637,231,wt_med,,,,,,,,
UC1,m120,all,Asia,MAE,clim,9.4642053237905,9.239556527137756,9.679122400283813,331418.0,True,4450,231,persistence,1.8635874670169263,1.6741449594497682,2.060105013847351,1.2136470317840575,2.6059105753898617,256571.0,0.8550998506905562,False
UC1,m120,all,Asia,MAE,h5,8.720636412024403,8.524516940116882,8.917811751365662,370114.0,True,5348,231,persistence,0.5581597971049508,0.3880040645599365,0.737443470954895,-0.2004774570465088,1.3132623076438903,289805.0,0.9658621287260705,False
UC1,m120,all,Asia,MAE,lvlh5_naive,9.16195169745331,8.965996193885804,9.368836641311646,349029.0,True,4918,231,persistence,1.2090471717522018,1.0251800060272216,1.3957022666931151,0.3703795909881592,2.0282794713973997,271343.0,0.9043319735508986,False
UC1,m120,all,Asia,MAE,lvlh5_tft,8.806658977311537,8.597618198394775,9.02908444404602,244127.0,True,3919,231,persistence,0.5374370843634164,0.3388816356658936,0.729633092880249,-0.1763864278793335,1.2529251098632812,192540.0,0.6416973284274516,False
UC1,m120,all,Asia,MAE,persistence,8.527348957500132,8.37336778640747,8.683978033065795,300048.0,True,5500,231,persistence,,,,,,,,
UC1,m120,all,Asia,MAE,snaive7,9.91336595384054,9.664498853683472,10.1591792345047,323314.0,True,4804,231,persistence,2.047686798985085,1.8151826858520508,2.2813952445983885,1.1768954038619994,2.929777467250824,253026.0,0.8432850743880979,False
UC1,m120,all,Asia,MAE,wt_med,8.773608544407,8.575632929801941,8.969195008277893,367960.0,True,5332,231,persistence,0.6482478099794804,0.4803936004638672,0.8298279523849488,-0.0990114688873291,1.3862994790077208,288011.0,0.959883085373007,False
UC1,m120,busy,all,MAE,clim,15.822136338462279,15.662931561470032,15.98491599559784,415290.0,True,15195,231,persistence,2.48158018376256,2.313695216178894,2.6586854696273803,1.628448748588562,3.358152174949646,321393.0,0.8843958789666597,False
UC1,m120,busy,all,MAE,h5,14.540282967711747,14.39171895980835,14.681683158874511,457349.0,True,16362,231,persistence,0.9099975123748809,0.7622710227966308,1.0590299367904663,0.19280893802642823,1.7055600643157958,355761.0,0.9789683107505696,False
UC1,m120,busy,all,MAE,lvlh5_naive,14.84215438210566,14.690986156463623,14.992454361915588,433984.0,True,15610,231,persistence,1.3317156372569805,1.162674069404602,1.489972472190857,0.5727338790893555,2.2072058916091915,336051.0,0.9247311532068992,False
UC1,m120,busy,all,MAE,lvlh5_tft,13.783575076902254,13.631048798561096,13.952503633499145,304319.0,True,11420,231,persistence,0.26279829849701564,0.09655945301055908,0.42979433536529543,-0.3787934064865112,0.9898190021514892,237489.0,0.6535123443880639,False
UC1,m120,busy,all,MAE,persistence,13.757528810910172,13.648970532417298,13.868762016296387,363404.0,True,16459,231,persistence,,,,,,,,
UC1,m120,busy,all,MAE,snaive7,16.786279132148273,16.599004364013673,16.969564723968507,387716.0,True,15321,231,persistence,3.389267450399254,3.1942139863967896,3.5894130945205687,2.5952603340148928,4.238548374176025,302314.0,0.8318950809567314,False
UC1,m120,busy,all,MAE,wt_med,14.730214806898099,14.587255120277405,14.875185918807983,454734.0,True,16339,231,persistence,1.132220082624297,0.9806603193283081,1.2850159883499146,0.4320935964584351,1.9179767847061153,353649.0,0.9731565970655248,False
UC1,m120,busy,EU,MAE,clim,13.637094591781507,13.418543219566345,13.889123702049256,96076.0,True,4517,231,persistence,2.2402567078002935,1.9936806440353394,2.511950874328613,0.3786015510559082,4.263117551803588,70664.0,0.9275316663385181,False
UC1,m120,busy,EU,MAE,h5,12.648386434915144,12.453772783279419,12.857656216621399,102351.0,True,4661,231,persistence,1.173063352151683,0.9250527858734131,1.4365037441253663,-0.5291241884231568,2.9239181518554687,75104.0,0.9858108551552143,False
UC1,m120,busy,EU,MAE,lvlh5_naive,12.503098387081996,12.307047462463379,12.718541049957276,98212.0,True,4462,231,persistence,1.089042116303835,0.8522935152053833,1.3475438356399536,-0.5432093858718872,2.803153562545776,72117.0,0.9466036621382162,False
UC1,m120,busy,EU,MAE,lvlh5_tft,11.221064542264735,11.024135422706603,11.416656827926635,69491.0,True,3244,231,persistence,-0.38450677251251086,-0.5984866857528687,-0.1558606863021851,-1.4913878440856934,0.791661238670349,50945.0,0.6687011878978801,False
UC1,m120,busy,EU,MAE,persistence,11.010894533044562,10.856811714172363,11.16186501979828,76185.0,True,4692,231,persistence,,,,,,,,
UC1,m120,busy,EU,MAE,snaive7,13.64898730400769,13.406229734420776,13.885981774330139,90501.0,True,4463,231,persistence,2.2772376601003668,2.011223244667053,2.5400919914245605,1.0218343019485474,3.7049234628677365,66755.0,0.8762223534816564,False
UC1,m120,busy,EU,MAE,wt_med,12.850046192554153,12.648531579971314,13.067329263687133,101748.0,True,4655,231,persistence,1.4270589023654754,1.186958646774292,1.6955317258834839,-0.333206033706665,3.3461975812911984,74615.0,0.9793922688193214,False
UC1,m120,busy,NA,MAE,clim,15.150592220682169,14.976901626586914,15.33063805103302,206342.0,True,6674,231,persistence,1.5504331760417447,1.35352463722229,1.7656622648239135,0.7189456224441528,2.461663508415222,160212.0,0.9052650611940467,False
UC1,m120,busy,NA,MAE,h5,14.173955783611417,13.999745655059815,14.342265319824218,222655.0,True,6979,231,persistence,0.3870793884432313,0.20723905563354492,0.574225664138794,-0.3256159543991089,1.192926836013794,172903.0,0.9769745392082632,False
UC1,m120,busy,NA,MAE,lvlh5_naive,14.476149760620256,14.301026463508606,14.651709055900573,212346.0,True,6751,231,persistence,0.7729594440632539,0.5959643363952637,0.9683961153030396,0.024412274360656742,1.6136918067932127,164348.0,0.9286351975951813,False
UC1,m120,busy,NA,MAE,lvlh5_tft,13.673408063462512,13.481792306900024,13.888374257087708,145893.0,True,4728,231,persistence,0.22163730605687526,-0.0002615451812744121,0.45592024326324454,-0.7097740650177002,1.1860830307006835,113197.0,0.6396105730655788,False
UC1,m120,busy,NA,MAE,persistence,14.172422560996282,14.000591373443603,14.329419541358948,176978.0,True,6994,231,persistence,,,,,,,,
UC1,m120,busy,NA,MAE,snaive7,16.88838600881249,16.68533706665039,17.10431489944458,183830.0,True,6632,231,persistence,3.2527861644845792,3.040192413330078,3.472182035446167,2.4246103525161744,4.1519953250885,143746.0,0.8122252483359513,False
UC1,m120,busy,NA,MAE,wt_med,14.370941727132259,14.203652215003967,14.541038298606873,221338.0,True,6974,231,persistence,0.601149512213567,0.4184915065765381,0.7926452159881592,-0.1359238862991333,1.4328954219818115,171899.0,0.9713015177027653,False
UC1,m120,busy,Asia,MAE,clim,18.90968530725069,18.48271589279175,19.346913528442382,112872.0,True,4004,231,persistence,4.318072848194262,3.8629847526550294,4.762178802490234,2.710149717330933,5.997612452507019,90517.0,0.8210829001913988,False
UC1,m120,busy,Asia,MAE,h5,16.619743771865533,16.27213010787964,16.973573446273804,132343.0,True,4722,231,persistence,1.5657208781112537,1.197657823562622,1.9427541971206665,-0.05160250663757322,3.2866614818572994,107754.0,0.9774403352654638,False
UC1,m120,busy,Asia,MAE,lvlh5_naive,17.333063791283653,16.960851526260377,17.6983558177948,123426.0,True,4397,231,persistence,2.429574263465284,2.029466152191162,2.8424121379852294,0.6039411306381226,4.384841465950012,99586.0,0.9033481191208352,False
UC1,m120,busy,Asia,MAE,lvlh5_tft,15.96656282811674,15.590063118934632,16.37795557975769,88935.0,True,3448,231,persistence,0.7759243664183622,0.3551153659820557,1.155620551109314,-0.49121172428131105,2.2990315198898306,73347.0,0.66533322448091,False
UC1,m120,busy,Asia,MAE,persistence,14.989604593572265,14.779951429367065,15.193321657180785,110241.0,True,4773,231,persistence,,,,,,,,
UC1,m120,busy,Asia,MAE,snaive7,19.124840146403844,18.665896606445312,19.582568836212157,113385.0,True,4226,231,persistence,4.4114776774530835,3.91584689617157,4.917055249214172,2.547700071334839,6.2285597085952755,91813.0,0.8328389619107228,False
UC1,m120,busy,Asia,MAE,wt_med,16.78739897301896,16.434956407547,17.134107971191405,131648.0,True,4710,231,persistence,1.7789844588603163,1.4214779376983642,2.165876007080078,0.18780624866485596,3.444643425941467,107135.0,0.9718253644288423,False
UC2-intraday,h2-4,all,all,MAE,clim,8.11869761411644,8.030215430259705,8.19765055179596,10486723.0,True,18120,231,wt_med,0.5912733933920125,0.56143137216568,0.6208513736724853,0.5019443392753601,0.6863503217697143,10443120.0,0.9175146822187558,False
UC2-intraday,h2-4,all,all,MAE,h5,7.530785266342908,7.447062277793885,7.603704035282135,11471490.0,True,19416,231,wt_med,-0.06101153777049895,-0.06542236804962158,-0.05661808252334595,-0.07742075920104981,-0.04662660360336304,11381965.0,1.0,True
UC2-intraday,h2-4,all,all,MAE,lvlh5_naive,7.888508656341056,7.803801858425141,7.967031455039978,10851758.0,True,18896,231,wt_med,0.3353272428255476,0.3057252764701843,0.36632412672042847,0.27800363302230835,0.3982374668121338,10793832.0,0.948327639383885,False
UC2-intraday,h2-4,all,all,MAE,lvlh5_tft,7.413619842700231,7.3240485191345215,7.499136650562287,7932250.0,True,13502,231,wt_med,0.04188632638696177,-0.008183836936950684,0.09055453538894652,-0.09148821830749512,0.17441359758377076,7877563.0,0.6921092271852883,False
UC2-intraday,h2-4,all,all,MAE,persistence,8.715360183453637,8.634185934066773,8.800600981712341,7367093.0,True,19633,231,wt_med,0.6606790278182428,0.5941458940505981,0.7265405297279357,0.2941068887710571,1.0303163528442383,7077442.0,0.6218119630485597,False
UC2-intraday,h2-4,all,all,MAE,snaive7,8.736460319302717,8.63829791545868,8.833213329315186,9718176.0,True,18261,231,wt_med,1.1651987395348495,1.1006215929985046,1.2328634023666383,0.9684053659439087,1.3561339020729064,9672937.0,0.8498477196160769,False
UC2-intraday,h2-4,all,all,MAE,wt_med,7.595323610641923,7.5111435651779175,7.666531658172607,11381965.0,True,19404,231,wt_med,,,,,,,,
UC2-intraday,h2-4,all,EU,MAE,clim,6.33335680038486,6.224078953266144,6.444024622440338,4090842.0,True,6213,231,wt_med,0.4254472320503728,0.3847138285636902,0.46865248680114746,0.3252144455909729,0.528789222240448,4068246.0,0.9177168189184409,False
UC2-intraday,h2-4,all,EU,MAE,h5,5.796447934100781,5.7031809210777284,5.891929125785827,4470402.0,True,6347,231,wt_med,-0.03901842721691473,-0.04561880826950073,-0.032579100131988524,-0.06007354259490967,-0.01985135078430176,4433008.0,1.0,True
UC2-intraday,h2-4,all,EU,MAE,lvlh5_naive,6.036840946787944,5.942375111579895,6.131430888175965,4222168.0,True,6318,231,wt_med,0.1963765742233985,0.15905537605285644,0.2363802671432495,0.11325256824493408,0.2744263529777527,4197258.0,0.9468194056947337,False
UC2-intraday,h2-4,all,EU,MAE,lvlh5_tft,5.620816448312422,5.527339673042297,5.718164694309235,3175536.0,True,4324,231,wt_med,-0.18512089192217118,-0.24552953243255615,-0.12767524719238285,-0.4095945358276367,0.012280464172363201,3155755.0,0.7118766760628449,False
UC2-intraday,h2-4,all,EU,MAE,persistence,6.071727760860975,5.980809736251831,6.162293231487274,2581260.0,True,6400,231,wt_med,0.24408953266465616,0.1491446614265442,0.33278133869171145,-0.38147917985916135,0.9728962659835814,2482714.0,0.5600517752280167,False
UC2-intraday,h2-4,all,EU,MAE,snaive7,6.553543026835366,6.442568743228913,6.661368334293366,3860428.0,True,6073,231,wt_med,0.6705649634485908,0.5808037638664245,0.7540210843086242,0.48174420595169065,0.8787511944770812,3844585.0,0.8672632668382281,False
UC2-intraday,h2-4,all,EU,MAE,wt_med,5.844838312946875,5.7524176120758055,5.940127563476563,4433008.0,True,6347,231,wt_med,,,,,,,,
UC2-intraday,h2-4,all,NA,MAE,clim,9.243955784893215,9.119023203849792,9.371647620201111,3796440.0,True,7360,231,wt_med,0.63264519143803,0.5895021915435791,0.6753344535827637,0.5001085996627808,0.8194088935852051,3783522.0,0.9314562021180504,False
UC2-intraday,h2-4,all,NA,MAE,h5,8.657949655033374,8.53867859840393,8.783926010131836,4097063.0,True,7660,231,wt_med,-0.10407879308006152,-0.11171631813049317,-0.09673774242401123,-0.13532676696777343,-0.08050805330276489,4061943.0,1.0,True
UC2-intraday,h2-4,all,NA,MAE,lvlh5_naive,9.060611628029722,8.935290384292603,9.185383749008178,3896125.0,True,7522,231,wt_med,0.3823347869445186,0.33490667343139646,0.42698400020599364,0.2987056732177734,0.47577226161956787,3872041.0,0.9532484823149906,False
UC2-intraday,h2-4,all,NA,MAE,lvlh5_tft,8.528976758483658,8.390860342979432,8.682640290260315,2837333.0,True,5211,231,wt_med,0.19213628598161137,0.11961684226989747,0.2689018964767456,0.05728814601898194,0.33584568500518797,2814308.0,0.6928477332153602,False
UC2-intraday,h2-4,all,NA,MAE,persistence,10.193911350049781,10.063761925697326,10.3278644323349,2784164.0,True,7700,231,wt_med,1.0324738079231537,0.9262533187866211,1.1304566860198975,0.5754196405410766,1.4586344957351685,2678959.0,0.659526487693205,False
UC2-intraday,h2-4,all,NA,MAE,snaive7,10.48734839296316,10.340498566627502,10.635058426856995,3333371.0,True,7317,231,wt_med,1.7309393534349535,1.6368310451507568,1.8347423553466797,1.4904687523841857,1.9916679382324218,3312768.0,0.8155624044945978,False
UC2-intraday,h2-4,all,NA,MAE,wt_med,8.757121776450335,8.637507271766662,8.883576488494873,4061943.0,True,7655,231,wt_med,,,,,,,,
UC2-intraday,h2-4,all,Asia,MAE,clim,9.28493760773951,9.062408399581908,9.498958659172057,2599441.0,True,4547,231,wt_med,0.7912039738329639,0.7128365516662598,0.8693292379379273,0.5647397994995117,1.0695027828216552,2591352.0,0.897588996797383,False
UC2-intraday,h2-4,all,Asia,MAE,h5,8.610363288883532,8.419416213035584,8.800319123268128,2904025.0,True,5409,231,wt_med,-0.034187593998504795,-0.04467232227325439,-0.024186110496520995,-0.06049764156341553,-0.012635159492492675,2887014.0,1.0,True
UC2-intraday,h2-4,all,Asia,MAE,lvlh5_naive,9.077985184973375,8.880781769752502,9.286956071853638,2733465.0,True,5056,231,wt_med,0.48258061331426916,0.40206265449523926,0.562993288040161,0.3470906138420105,0.596707820892334,2724533.0,0.9437200512363293,False
UC2-intraday,h2-4,all,Asia,MAE,lvlh5_tft,8.730957430115211,8.528919959068299,8.948955297470093,1919381.0,True,3967,231,wt_med,0.1957681093113326,0.06930360794067383,0.3292224407196045,-0.18893060684204102,0.5040498852729798,1907500.0,0.6607172670447736,False
UC2-intraday,h2-4,all,Asia,MAE,persistence,10.067918322160157,9.893318772315979,10.248690199851989,2001669.0,True,5533,231,wt_med,0.6806446915050834,0.5011456251144409,0.858791708946228,-0.13831539154052733,1.6121787548065185,1915769.0,0.6635814720676796,False
UC2-intraday,h2-4,all,Asia,MAE,snaive7,9.76270778889207,9.530426096916198,10.007258248329162,2524377.0,True,4871,231,wt_med,1.1761282867119522,0.9959033727645874,1.3552613735198975,0.6389997005462646,1.6650063514709472,2515584.0,0.8713445795552083,False
UC2-intraday,h2-4,all,Asia,MAE,wt_med,8.6485770418848,8.457948565483093,8.843728041648864,2887014.0,True,5402,231,wt_med,,,,,,,,
UC2-intraday,h2-4,busy,all,MAE,clim,15.73168342881126,15.572602319717408,15.884704303741454,3192710.0,True,15314,231,wt_med,1.1440133296362394,1.0708992242813111,1.2146373033523559,0.9340927839279175,1.3715096473693846,3184483.0,0.9081571455337794,False
UC2-intraday,h2-4,busy,all,MAE,h5,14.513236415187754,14.37401647567749,14.654433059692384,3530634.0,True,16461,231,wt_med,-0.16122850191342764,-0.1725635051727295,-0.15048644542694092,-0.19576663970947267,-0.13078608512878417,3506533.0,1.0,True
UC2-intraday,h2-4,busy,all,MAE,lvlh5_naive,14.84465393407161,14.698827314376832,14.986060500144958,3346396.0,True,15981,231,wt_med,0.2525162667968246,0.18059201240539552,0.32303316593170167,0.11700999736785889,0.38325967788696286,3330506.0,0.9498002728050755,False
UC2-intraday,h2-4,busy,all,MAE,lvlh5_tft,13.794347815926793,13.648903512954712,13.960778284072877,2362051.0,True,11497,231,wt_med,-0.5701327244472143,-0.6923785448074341,-0.44507524967193607,-0.8935302495956421,-0.26716873645782474,2347586.0,0.6694892077159975,True
UC2-intraday,h2-4,busy,all,MAE,persistence,15.811277709698853,15.691517210006714,15.94249722957611,2395912.0,True,16520,231,wt_med,0.9390429094726063,0.7955712795257568,1.094318699836731,0.1581573009490967,1.688960027694702,2324545.0,0.6629183298716995,False
UC2-intraday,h2-4,busy,all,MAE,snaive7,16.76034903278374,16.569338226318358,16.93626732826233,2979892.0,True,15443,231,wt_med,2.130558074696536,1.9833753108978271,2.287816572189331,1.7173823118209839,2.5035172462463375,2968384.0,0.8465296063091379,False
UC2-intraday,h2-4,busy,all,MAE,wt_med,14.67534071403292,14.530902028083801,14.814542627334594,3506533.0,True,16450,231,wt_med,,,,,,,,
UC2-intraday,h2-4,busy,EU,MAE,clim,13.500176313205662,13.287733554840088,13.742546463012696,762847.0,True,4525,231,persistence,0.9650682266593922,0.7139028310775757,1.232273268699646,-0.977638578414917,3.297713732719421,434361.0,0.917666669483576,False
UC2-intraday,h2-4,busy,EU,MAE,h5,12.548114817301506,12.358637762069701,12.749802017211914,817686.0,True,4680,231,persistence,-0.2204564477413733,-0.45842885971069336,0.03811542987823484,-1.986898922920227,1.8918971300125118,465349.0,0.9831344595336888,False
UC2-intraday,h2-4,busy,EU,MAE,lvlh5_naive,12.424116436369367,12.23596773147583,12.639402937889098,785690.0,True,4620,231,persistence,-0.23413327648178495,-0.4725287437438965,0.02000336647033687,-1.937994408607483,1.8198699712753292,447727.0,0.9459047771965555,False
UC2-intraday,h2-4,busy,EU,MAE,lvlh5_tft,11.191409002416355,11.011664533615113,11.38169162273407,557385.0,True,3256,231,persistence,-1.6047960086050406,-1.8263728857040404,-1.3787421464920044,-2.6226001977920532,-0.39827451705932637,315254.0,0.6660314536097285,True
UC2-intraday,h2-4,busy,EU,MAE,persistence,12.124333448826617,11.961598920822144,12.280926942825317,473332.0,True,4706,231,persistence,,,,,,,,
UC2-intraday,h2-4,busy,EU,MAE,snaive7,13.547624942623065,13.31205108165741,13.777450895309448,718930.0,True,4490,231,persistence,1.0385542753183739,0.7815691947937011,1.3055877208709716,-0.23812906742095946,2.623343729972839,412250.0,0.8709531576145285,False
UC2-intraday,h2-4,busy,EU,MAE,wt_med,12.702895517868331,12.505542945861816,12.908190298080445,812359.0,True,4678,231,persistence,0.03220640530835617,-0.21376433372497558,0.29243371486663816,-1.7934096574783325,2.236779570579529,461461.0,0.9749203518883152,False
UC2-intraday,h2-4,busy,NA,MAE,clim,15.158998067811526,14.990545201301575,15.338504981994628,1568170.0,True,6694,231,wt_med,1.004097679791851,0.9235822677612304,1.080921721458435,0.770576786994934,1.2924602270126342,1565032.0,0.9281017534537725,False
UC2-intraday,h2-4,busy,NA,MAE,h5,14.223325451779308,14.050179600715637,14.39464020729065,1699115.0,True,6999,231,wt_med,-0.19734772177916682,-0.21269986629486085,-0.1832108736038208,-0.2477470874786377,-0.16099178791046143,1686272.0,1.0,True
UC2-intraday,h2-4,busy,NA,MAE,lvlh5_naive,14.54311836167705,14.374918174743652,14.7176917552948,1619366.0,True,6866,231,wt_med,0.3014634884899028,0.21067142486572266,0.38243255615234373,0.15151901245117189,0.4490393877029419,1610570.0,0.9551068866707151,False
UC2-intraday,h2-4,busy,NA,MAE,lvlh5_tft,13.735393349192485,13.55497407913208,13.955440163612366,1119351.0,True,4743,231,wt_med,-0.22386097505754066,-0.3635640382766724,-0.08208584785461429,-0.49528462886810304,0.03413519859313965,1111799.0,0.6593236441096099,False
UC2-intraday,h2-4,busy,NA,MAE,persistence,16.28398056377415,16.099490547180174,16.472183322906496,1165041.0,True,7011,231,wt_med,1.508997584380353,1.3115609169006348,1.6926584482192992,0.7186086893081665,2.248257350921631,1127247.0,0.6684846810004554,False
UC2-intraday,h2-4,busy,NA,MAE,snaive7,16.993092149468044,16.785177612304686,17.202108287811278,1398988.0,True,6666,231,wt_med,2.6889470472779067,2.5195966720581056,2.8671104192733763,2.2502469301223753,3.132709336280823,1391411.0,0.8251403095111584,False
UC2-intraday,h2-4,busy,NA,MAE,wt_med,14.409046701836951,14.235791993141174,14.579202151298523,1686272.0,True,6993,231,wt_med,,,,,,,,
UC2-intraday,h2-4,busy,Asia,MAE,clim,18.749424679091046,18.34537558555603,19.18890142440796,861693.0,True,4095,231,wt_med,1.6649390428258464,1.4767441272735595,1.847373867034912,1.119939136505127,2.3004494667053224,859948.0,0.8532059664530877,False
UC2-intraday,h2-4,busy,Asia,MAE,h5,16.584035536424636,16.25254554748535,16.930635452270508,1013833.0,True,4782,231,wt_med,-0.10321861649247666,-0.12773351669311522,-0.07850041389465331,-0.15295977592468263,-0.05217580795288087,1007902.0,1.0,True
UC2-intraday,h2-4,busy,Asia,MAE,lvlh5_naive,17.38368187328163,17.015111351013182,17.743085432052613,941340.0,True,4495,231,wt_med,0.5201398999853843,0.3279822826385498,0.698661994934082,0.24303741455078126,0.7650127410888672,938373.0,0.9310161106933015,False
UC2-intraday,h2-4,busy,Asia,MAE,lvlh5_tft,16.007680067317807,15.632089591026306,16.40202851295471,685315.0,True,3498,231,wt_med,-0.33401326252338137,-0.6207690477371216,-0.027825498580932657,-1.1069705724716186,0.2815315961837768,680895.0,0.6755567505570979,False
UC2-intraday,h2-4,busy,Asia,MAE,persistence,17.388002465879644,17.165846872329713,17.6200749874115,757539.0,True,4803,231,wt_med,0.6750088674529806,0.30879993438720704,1.0433344841003418,-0.9869859933853148,2.209713721275329,735837.0,0.7300680026431141,False
UC2-intraday,h2-4,busy,Asia,MAE,snaive7,19.062180529807165,18.603252696990968,19.50233030319214,861974.0,True,4287,231,wt_med,2.218985911038139,1.81925630569458,2.6290910720825194,1.0428721904754639,2.983677864074707,859964.0,0.8532218410123207,False
UC2-intraday,h2-4,busy,Asia,MAE,wt_med,16.71063555782209,16.37805414199829,17.046450662612916,1007902.0,True,4779,231,wt_med,,,,,,,,
UC2-intraday,h4-8,all,all,MAE,clim,8.4219740430011,8.334295654296875,8.506336617469788,15013523.0,True,18067,231,wt_med,0.6140467580901801,0.582869017124176,0.6439767241477966,0.5271250009536743,0.7114505887031555,14944879.0,0.9137416049883542,False
UC2-intraday,h4-8,all,all,MAE,h5,7.804234572093161,7.718258082866669,7.883218681812286,16499970.0,True,19388,231,wt_med,-0.07704147546160467,-0.0821225881576538,-0.07198988199234009,-0.09607689380645752,-0.06058837175369263,16355695.0,1.0,True
UC2-intraday,h4-8,all,all,MAE,lvlh5_naive,8.191999238431395,8.104334044456483,8.276964783668518,15527671.0,True,18202,231,wt_med,0.34305418005476707,0.3113061308860779,0.37589571475982664,0.28274261951446533,0.40964134931564333,15434366.0,0.9436692234723134,False
UC2-intraday,h4-8,all,all,MAE,lvlh5_tft,7.724730365371416,7.632606947422028,7.817040765285492,11511920.0,True,13482,231,wt_med,0.05438512035881704,0.0017533302307128906,0.10597702264785766,-0.08075467348098754,0.18768850564956663,11421878.0,0.6983425650820708,False
UC2-intraday,h4-8,all,all,MAE,persistence,11.352033847880161,11.245954275131226,11.474616622924804,7361170.0,True,18944,231,wt_med,3.2165962254286065,3.1303213357925417,3.3059831738471983,2.697257101535797,3.801279604434967,6969639.0,0.426129186194778,False
UC2-intraday,h4-8,all,all,MAE,snaive7,9.052992559060955,8.95256278514862,9.15557782649994,13933994.0,True,18239,231,wt_med,1.2238845986910922,1.1570480346679688,1.2951428055763246,1.0298738718032836,1.410870552062988,13856134.0,0.8471748831217506,False
UC2-intraday,h4-8,all,all,MAE,wt_med,7.884536425997183,7.800280666351318,7.963736021518708,16355695.0,True,19375,231,wt_med,,,,,,,,
UC2-intraday,h4-8,all,EU,MAE,clim,6.537760125287836,6.423507165908814,6.65514726638794,5639494.0,True,6211,231,wt_med,0.45204459122804685,0.41056965589523314,0.49613019227981564,0.3464502215385437,0.5609686255455018,5605228.0,0.915433250155601,False
UC2-intraday,h4-8,all,EU,MAE,h5,5.933993307095338,5.83320300579071,6.034272563457489,6182891.0,True,6344,231,wt_med,-0.06237985937688073,-0.0698437213897705,-0.0547798752784729,-0.08800315856933594,-0.03956751823425294,6123033.0,1.0,True
UC2-intraday,h4-8,all,EU,MAE,lvlh5_naive,6.213322116208737,6.115594112873078,6.312592339515686,5814805.0,True,6053,231,wt_med,0.1971873953975285,0.1571990966796875,0.24069328308105467,0.10272356271743775,0.28611617088317864,5774270.0,0.9430408100038004,False
UC2-intraday,h4-8,all,EU,MAE,lvlh5_tft,5.767082836516717,5.6728200793266295,5.867257964611054,4430015.0,True,4323,231,wt_med,-0.17898082530677417,-0.24468042850494384,-0.11576274633407593,-0.425690221786499,0.032180655002593976,4396853.0,0.7180841586187761,False
UC2-intraday,h4-8,all,EU,MAE,persistence,7.986680465231146,7.851370811462402,8.132646203041077,2125825.0,True,6089,231,wt_med,2.5574211883247306,2.4329748272895815,2.683127593994141,1.4883424401283265,3.690469241142273,1994438.0,0.32572713555520605,False
UC2-intraday,h4-8,all,EU,MAE,snaive7,6.722699056582252,6.609007179737091,6.833721292018891,5348002.0,True,6068,231,wt_med,0.6812838966216237,0.5856842160224914,0.7728638052940369,0.47926944494247437,0.896873664855957,5320958.0,0.8690069120973217,False
UC2-intraday,h4-8,all,EU,MAE,wt_med,6.00775685840661,5.9087491750717165,6.107757163047791,6123033.0,True,6344,231,wt_med,,,,,,,,
UC2-intraday,h4-8,all,NA,MAE,clim,9.639266854578118,9.505063652992249,9.785146021842957,5709072.0,True,7356,231,wt_med,0.6509480818157574,0.6056416988372803,0.6975411653518677,0.5058629035949707,0.8436052083969116,5687853.0,0.9283547229308563,False
UC2-intraday,h4-8,all,NA,MAE,h5,9.05054510597091,8.919941020011901,9.185417962074279,6184669.0,True,7657,231,wt_med,-0.1138231702141912,-0.12183811664581298,-0.10568130016326904,-0.14841580390930176,-0.08682088851928711,6126810.0,1.0,True
UC2-intraday,h4-8,all,NA,MAE,lvlh5_naive,9.480237122997663,9.344780158996581,9.621538305282593,5849204.0,True,7310,231,wt_med,0.3967236808948691,0.346091628074646,0.4464849948883057,0.3138070344924927,0.4930613040924072,5810242.0,0.9483306973775912,False
UC2-intraday,h4-8,all,NA,MAE,lvlh5_tft,8.9442527201264,8.79593563079834,9.114540696144104,4330903.0,True,5211,231,wt_med,0.1897541034340371,0.111488676071167,0.2756946563720703,0.05522263050079346,0.34173941612243647,4292016.0,0.700530292272814,False
UC2-intraday,h4-8,all,NA,MAE,persistence,12.169725006425084,11.991289186477662,12.35652153491974,3054435.0,True,7477,231,wt_med,3.2296228297113245,3.1020554065704347,3.35409197807312,2.7006250619888306,3.987612986564636,2906353.0,0.4743664321237316,False
UC2-intraday,h4-8,all,NA,MAE,snaive7,10.935980602556667,10.775000977516175,11.098612785339355,5003546.0,True,7316,231,wt_med,1.8164421582920944,1.7145093202590942,1.9268784284591676,1.5858578443527223,2.0714197874069216,4967298.0,0.8107478443104976,False
UC2-intraday,h4-8,all,NA,MAE,wt_med,9.155726634251756,9.026009225845337,9.291877818107604,6126810.0,True,7651,231,wt_med,,,,,,,,
UC2-intraday,h4-8,all,Asia,MAE,clim,9.425096529099795,9.209797859191895,9.635713911056518,3664957.0,True,4500,231,wt_med,0.8052319706621223,0.7258751153945923,0.8822126626968384,0.5971900939941406,1.0547328233718871,3651798.0,0.8894129647147535,False
UC2-intraday,h4-8,all,Asia,MAE,h5,8.737220350836436,8.553555107116699,8.939466881752015,4132410.0,True,5387,231,wt_med,-0.04402009619440683,-0.05551292896270752,-0.033191347122192384,-0.07642109394073486,-0.01683773994445801,4105852.0,1.0,True
UC2-intraday,h4-8,all,Asia,MAE,lvlh5_naive,9.219639709137526,9.020883202552795,9.432468581199647,3863662.0,True,4839,231,wt_med,0.4808363948459178,0.3946040153503418,0.5670618772506714,0.3394422769546509,0.6083828449249268,3849854.0,0.9376504559833135,False
UC2-intraday,h4-8,all,Asia,MAE,lvlh5_tft,8.957290317259433,8.749022340774536,9.192302584648132,2751002.0,True,3948,231,wt_med,0.21723490132734646,0.08432350158691407,0.35192592144012447,-0.17009391784667968,0.533725380897522,2733009.0,0.6656374852284008,False
UC2-intraday,h4-8,all,Asia,MAE,persistence,13.487182873204304,13.25683913230896,13.729885077476501,2180910.0,True,5378,231,wt_med,3.8337627993936714,3.60381281375885,4.053391718864441,2.5827345848083496,5.346585726737976,2068848.0,0.5038778796702852,False
UC2-intraday,h4-8,all,Asia,MAE,snaive7,9.901797263657288,9.660508918762208,10.155144262313843,3582446.0,True,4855,231,wt_med,1.2081176822750113,1.0264217615127564,1.3942347526550292,0.650955593585968,1.7076138257980347,3567878.0,0.8689738451361617,False
UC2-intraday,h4-8,all,Asia,MAE,wt_med,8.786478908640643,8.599398565292358,8.986569285392761,4105852.0,True,5380,231,wt_med,,,,,,,,
UC2-intraday,h4-8,busy,all,MAE,clim,15.946345476061433,15.796725583076476,16.097144460678102,4677285.0,True,15266,231,wt_med,1.1546945363611858,1.080105447769165,1.2248096466064453,0.9459656953811646,1.359851360321045,4663943.0,0.9041056668965729,False
UC2-intraday,h4-8,busy,all,MAE,h5,14.70751564237233,14.560829377174377,14.85613112449646,5197741.0,True,16431,231,wt_med,-0.1841535905103413,-0.19641101360321045,-0.1721189498901367,-0.2261244535446167,-0.1499637842178345,5158626.0,1.0,True
UC2-intraday,h4-8,busy,all,MAE,lvlh5_naive,15.062733933803916,14.905687284469604,15.210950255393982,4900823.0,True,15498,231,wt_med,0.2493066502340593,0.1709980010986328,0.3211585521697998,0.12062673568725586,0.38271129131317133,4875195.0,0.9450568814254028,False
UC2-intraday,h4-8,busy,all,MAE,lvlh5_tft,14.076277690460735,13.92767870426178,14.24569821357727,3508384.0,True,11473,231,wt_med,-0.5317971799002823,-0.655251431465149,-0.4072604656219483,-0.8567588329315186,-0.23935456275939965,3484721.0,0.6755134022121394,True
UC2-intraday,h4-8,busy,all,MAE,persistence,19.674758264788647,19.51932063102722,19.84507565498352,2631495.0,True,15872,231,wt_med,5.260452698643563,5.085101819038391,5.438120055198669,4.393855476379395,6.1660654783248905,2530160.0,0.4904716876160435,False
UC2-intraday,h4-8,busy,all,MAE,snaive7,17.009030709492006,16.81615514755249,17.187303638458253,4370310.0,True,15420,231,wt_med,2.216398721882003,2.0687942504882812,2.384394335746765,1.8134018659591675,2.5800222158432007,4350772.0,0.8433974473047668,False
UC2-intraday,h4-8,busy,all,MAE,wt_med,14.889604131022486,14.740727519989013,15.034979557991027,5158626.0,True,16421,231,wt_med,,,,,,,,
UC2-intraday,h4-8,busy,EU,MAE,clim,13.60059475594756,13.382605838775635,13.842084312438965,1066656.0,True,4522,231,wt_med,0.8805067215764257,0.7374539136886596,1.029279851913452,0.6180436372756958,1.1497405529022218,1061135.0,0.9351645891792044,False
UC2-intraday,h4-8,busy,EU,MAE,h5,12.54390262105657,12.35509512424469,12.754727149009705,1143928.0,True,4675,231,wt_med,-0.20744809879933435,-0.23410048484802246,-0.18343071937561037,-0.3011301040649414,-0.1297086238861084,1134704.0,1.0,True
UC2-intraday,h4-8,busy,EU,MAE,lvlh5_naive,12.425568229637596,12.228913640975952,12.64696171283722,1095241.0,True,4479,231,wt_med,-0.22301232939756588,-0.3380173921585083,-0.09783852100372314,-0.4845755100250244,0.01183118820190429,1087988.0,0.958829791734232,False
UC2-intraday,h4-8,busy,EU,MAE,lvlh5_tft,11.207654061373308,11.017876505851746,11.411157298088074,781178.0,True,3252,231,wt_med,-1.582653576218009,-1.8018720626831055,-1.3819716691970825,-2.319752264022827,-0.8674166679382326,776609.0,0.6844154951423455,True
UC2-intraday,h4-8,busy,EU,MAE,persistence,15.654676017663704,15.43266327381134,15.884901070594788,417353.0,True,4351,231,wt_med,4.862771576340908,4.535502767562866,5.143824458122253,1.8693089485168457,6.7009522914886475,400624.0,0.3530647640265655,False
UC2-intraday,h4-8,busy,EU,MAE,snaive7,13.598548090412475,13.361716198921204,13.835645413398742,1007914.0,True,4485,231,wt_med,0.948438249740672,0.6764571189880371,1.1912895441055298,0.2651759147644043,1.523677611351013,1004514.0,0.8852652321662742,False
UC2-intraday,h4-8,busy,EU,MAE,wt_med,12.749847537331322,12.554872703552245,12.968084931373596,1134704.0,True,4674,231,wt_med,,,,,,,,
UC2-intraday,h4-8,busy,NA,MAE,clim,15.679136608137128,15.486802434921264,15.868401718139648,2371623.0,True,6693,231,wt_med,1.033144723720019,0.9458868980407715,1.1138402223587036,0.783732533454895,1.338324236869812,2366440.0,0.9247536630591306,False
UC2-intraday,h4-8,busy,NA,MAE,h5,14.729912180663565,14.542750549316406,14.918784809112548,2580155.0,True,6998,231,wt_med,-0.2098950955355523,-0.22706639766693115,-0.19409770965576173,-0.26303491592407224,-0.16743879318237306,2558995.0,1.0,True
UC2-intraday,h4-8,busy,NA,MAE,lvlh5_naive,15.076999131350654,14.893720030784607,15.266972947120667,2447018.0,True,6686,231,wt_med,0.3199317524615548,0.22119879722595215,0.41089487075805664,0.16636674404144286,0.4655393362045288,2432794.0,0.950683373746334,False
UC2-intraday,h4-8,busy,NA,MAE,lvlh5_tft,14.281998061429316,14.082817101478577,14.520180010795594,1720999.0,True,4742,231,wt_med,-0.20487647689576427,-0.3557614803314209,-0.05079302787780766,-0.4804892063140869,0.06322355270385734,1708107.0,0.6674913393734649,False
UC2-intraday,h4-8,busy,NA,MAE,persistence,19.242933609936337,18.99713864326477,19.48647770881653,1310181.0,True,6855,231,wt_med,4.995656469563787,4.7709510803222654,5.221394062042236,3.9929805517196657,6.244780445098876,1254049.0,0.49005527560624385,False
UC2-intraday,h4-8,busy,NA,MAE,snaive7,17.54145308153367,17.32228331565857,17.761887741088866,2115862.0,True,6663,231,wt_med,2.7897205995088417,2.608843970298767,2.9720016717910767,2.351852798461914,3.2423247814178464,2102788.0,0.8217241534274198,False
UC2-intraday,h4-8,busy,NA,MAE,wt_med,14.92283650417449,14.737317228317261,15.108856463432312,2558995.0,True,6992,231,wt_med,,,,,,,,
UC2-intraday,h4-8,busy,Asia,MAE,clim,18.477267664563367,18.06485209465027,18.90537796020508,1239006.0,True,4051,231,wt_med,1.622670596456718,1.4396815776824952,1.79922399520874,1.1296780109405518,2.1877668380737303,1236368.0,0.8439792563042391,False
UC2-intraday,h4-8,busy,Asia,MAE,h5,16.347808692722463,16.02221941947937,16.699815893173216,1473658.0,True,4758,231,wt_med,-0.12114379248931684,-0.14710135459899903,-0.09514837265014649,-0.18622057437896727,-0.05963339805603028,1464927.0,1.0,True
UC2-intraday,h4-8,busy,Asia,MAE,lvlh5_naive,17.163058105375075,16.80186538696289,17.53580617904663,1358564.0,True,4333,231,wt_med,0.5018596433484284,0.3059528827667236,0.693935775756836,0.22655320167541504,0.7752379179000854,1354413.0,0.9245600634024768,False
UC2-intraday,h4-8,busy,Asia,MAE,lvlh5_tft,15.951499306496698,15.583362698554993,16.345409393310547,1006207.0,True,3479,231,wt_med,-0.27410947449783407,-0.568117356300354,0.02988405227661123,-1.0830955028533935,0.33232018947601305,1000005.0,0.682631284698828,False
UC2-intraday,h4-8,busy,Asia,MAE,persistence,22.156681538252204,21.852095699310304,22.44904980659485,903961.0,True,4666,231,wt_med,5.821726650424278,5.418665409088135,6.223086881637573,4.0828855514526365,7.677804946899413,875487.0,0.5976318273879859,False
UC2-intraday,h4-8,busy,Asia,MAE,snaive7,18.862923915432713,18.40484199523926,19.31784586906433,1246534.0,True,4272,231,wt_med,2.2711726056921364,1.8732229709625243,2.6830947399139404,1.0886385679244996,3.017762041091919,1243470.0,0.8488272794480544,False
UC2-intraday,h4-8,busy,Asia,MAE,wt_med,16.488966344398047,16.156078004837035,16.843174600601195,1464927.0,True,4755,231,wt_med,,,,,,,,
UC2-intraday,h8+,all,all,MAE,clim,8.113776531807268,8.018526601791383,8.211823749542237,6472420.0,True,17518,231,wt_med,0.5586370785716568,0.5276155829429626,0.5894442915916442,0.4612058877944946,0.6630807518959045,6430334.0,0.889815928372293,False
UC2-intraday,h8+,all,all,MAE,h5,7.508763846021244,7.409470927715302,7.598104333877563,7373147.0,True,18885,231,wt_med,-0.09128456039218502,-0.10070549249649048,-0.0822453260421753,-0.12779997587203978,-0.060855889320373543,7226589.0,1.0,True
UC2-intraday,h8+,all,all,MAE,lvlh5_naive,7.961914994200287,7.863646519184113,8.059412121772766,6980404.0,True,17706,231,wt_med,0.3953752534405064,0.36095876693725587,0.4288572192192078,0.325626015663147,0.4679067969322204,6865520.0,0.950036040516487,False
UC2-intraday,h8+,all,all,MAE,lvlh5_tft,7.744542381070985,7.636629939079285,7.851456487178803,5319715.0,True,13114,231,wt_med,0.28995451203583933,0.23375521898269652,0.34603716135025026,0.17044374942779542,0.4083500862121582,5217393.0,0.721971735212837,False
UC2-intraday,h8+,all,all,MAE,persistence,14.187287296597892,13.980704164505005,14.404906296730042,1569674.0,True,8753,231,wt_med,6.6557730008095275,6.492035210132599,6.8293624997138975,5.4456346988677975,8.200301337242127,1435406.0,0.19862842621878732,False
UC2-intraday,h8+,all,all,MAE,snaive7,8.827107876915433,8.718887567520142,8.942036199569703,6061751.0,True,17656,231,wt_med,1.3204050282311721,1.2485157370567321,1.4014869928359985,1.1374800682067872,1.505683898925781,5994792.0,0.829546553706043,False
UC2-intraday,h8+,all,all,MAE,wt_med,7.598706595878083,7.502691555023193,7.689825570583343,7226589.0,True,18856,231,wt_med,,,,,,,,
UC2-intraday,h8+,all,EU,MAE,clim,6.269011417818262,6.128201675415039,6.411900615692138,1992237.0,True,6002,231,wt_med,0.49943811761565726,0.4580677032470703,0.5424593091011047,0.3746040344238281,0.6416090250015258,1978172.0,0.8738817340582358,False
UC2-intraday,h8+,all,EU,MAE,h5,5.516843043280682,5.402138948440552,5.6343996047973635,2317177.0,True,6177,231,wt_med,-0.04449595146976559,-0.05686914920806885,-0.03146928548812866,-0.08365719318389893,-0.003589999675750738,2263661.0,1.0,True
UC2-intraday,h8+,all,EU,MAE,lvlh5_naive,5.861545761644301,5.751655948162079,5.978259611129761,2205731.0,True,5879,231,wt_med,0.2763392394813886,0.22890172004699708,0.3216854095458984,0.15686120986938476,0.43134793043136593,2160671.0,0.9545029048077428,False
UC2-intraday,h8+,all,EU,MAE,lvlh5_tft,5.574154688306341,5.455163812637329,5.690151941776276,1742305.0,True,4219,231,wt_med,0.15434526139628524,0.08459566831588745,0.22067372798919677,-0.0705756902694702,0.3737465739250182,1707645.0,0.7543731150556554,False
UC2-intraday,h8+,all,EU,MAE,persistence,10.750419512856586,10.449413847923278,11.036596870422363,353982.0,True,1643,231,wt_med,5.9822329539489525,5.70340131521225,6.24596803188324,3.7958822667598726,8.878489065170287,323858.0,0.1430682421086903,False
UC2-intraday,h8+,all,EU,MAE,snaive7,6.337659974710859,6.217783963680267,6.46245596408844,1962107.0,True,5864,231,wt_med,0.7466208146159738,0.6470967292785644,0.8439493894577026,0.5188126921653747,0.9513352870941162,1938263.0,0.8562514440103884,False
UC2-intraday,h8+,all,EU,MAE,wt_med,5.5791986962712175,5.464569091796875,5.702355289459229,2263661.0,True,6165,231,wt_med,,,,,,,,
UC2-intraday,h8+,all,NA,MAE,clim,9.083608283940327,8.934151291847229,9.250840497016906,2854149.0,True,7194,231,wt_med,0.547613022956833,0.5015894174575806,0.5935232400894165,0.3990676164627075,0.7774057865142823,2837543.0,0.9180384460586578,False
UC2-intraday,h8+,all,NA,MAE,h5,8.586822168112938,8.43472592830658,8.751721930503845,3160887.0,True,7510,231,wt_med,-0.13543466318286512,-0.15083227157592774,-0.12015559673309327,-0.20451648235321046,-0.08416500091552735,3090876.0,1.0,True
UC2-intraday,h8+,all,NA,MAE,lvlh5_naive,9.074546379432643,8.920890617370606,9.239617133140564,3023731.0,True,7158,231,wt_med,0.41887780586104384,0.364764404296875,0.4734353542327881,0.34345815181732176,0.5118963003158569,2968290.0,0.9603393989276826,False
UC2-intraday,h8+,all,NA,MAE,lvlh5_tft,8.732562969047118,8.553459620475769,8.947161555290222,2290197.0,True,5122,231,wt_med,0.29956412973082713,0.21522738933563232,0.39190518856048584,0.17268720865249634,0.4515067219734191,2237475.0,0.7238967205413611,False
UC2-intraday,h8+,all,NA,MAE,persistence,12.156316812373635,11.94027087688446,12.409156322479248,740413.0,True,4054,231,wt_med,4.401192276297653,4.249869871139526,4.563227534294128,3.769459855556488,5.618813025951385,672579.0,0.21760141785047346,False
UC2-intraday,h8+,all,NA,MAE,snaive7,10.424055040862774,10.249428629875183,10.608228468894959,2498362.0,True,7126,231,wt_med,1.8016193781844123,1.6907219409942627,1.9179198741912842,1.5991055846214295,2.061034917831421,2465329.0,0.7976149803486131,False
UC2-intraday,h8+,all,NA,MAE,wt_med,8.692763475467796,8.541662096977234,8.852090406417847,3090876.0,True,7502,231,wt_med,,,,,,,,
UC2-intraday,h8+,all,Asia,MAE,clim,8.671676914504863,8.457657146453858,8.88102331161499,1626034.0,True,4322,231,wt_med,0.6505392293785714,0.5743348121643066,0.7233590722084046,0.5010707974433899,0.8329279899597166,1614619.0,0.8624861916228823,False
UC2-intraday,h8+,all,Asia,MAE,h5,8.14620955915915,7.944362735748291,8.367804026603698,1895083.0,True,5198,231,wt_med,-0.07496613341936964,-0.09740738868713379,-0.05490314960479737,-0.14904696941375734,-0.013439095020294202,1872052.0,1.0,True
UC2-intraday,h8+,all,Asia,MAE,lvlh5_naive,8.686411588944674,8.481557774543763,8.908398461341857,1750942.0,True,4669,231,wt_med,0.5033101246384959,0.4205923557281494,0.5884703159332275,0.3458799958229065,0.6657086849212646,1736559.0,0.927623271148451,False
UC2-intraday,h8+,all,Asia,MAE,lvlh5_tft,8.924390271452083,8.69774854183197,9.168402218818665,1287213.0,True,3773,231,wt_med,0.4550693729629245,0.31515750885009763,0.589278769493103,0.1606090784072876,0.7250691175460815,1272273.0,0.6796141346501059,False
UC2-intraday,h8+,all,Asia,MAE,persistence,19.91097018803692,19.50143165588379,20.33786807060242,475279.0,True,3056,231,wt_med,10.607111208308558,10.2493328332901,10.95485498905182,8.247108268737794,14.063059186935421,438969.0,0.2344854736941068,False
UC2-intraday,h8+,all,Asia,MAE,snaive7,9.385917033976526,9.133956050872802,9.650887966156006,1601282.0,True,4666,231,wt_med,1.2737691679235805,1.0899664878845214,1.4737639665603637,0.7362697958946228,1.7411863088607789,1591200.0,0.8499763895447349,False
UC2-intraday,h8+,all,Asia,MAE,wt_med,8.234312401578588,8.032444763183594,8.448060512542725,1872052.0,True,5189,231,wt_med,,,,,,,,
UC2-intraday,h8+,busy,all,MAE,clim,14.730965908580282,14.577357625961303,14.893752360343933,2225428.0,True,14841,231,wt_med,1.0040971974357316,0.9354263782501221,1.072550630569458,0.8199366569519043,1.2094374656677245,2216149.0,0.8860144663321148,False
UC2-intraday,h8+,busy,all,MAE,h5,13.60339545588145,13.456382536888123,13.75065038204193,2544916.0,True,16023,231,wt_med,-0.21449881079745658,-0.23706660270690919,-0.19223146438598632,-0.2877912759780884,-0.15142426490783698,2501256.0,1.0,True
UC2-intraday,h8+,busy,all,MAE,lvlh5_naive,14.038051169643616,13.86708173751831,14.200654602050781,2411997.0,True,15119,231,wt_med,0.2853304188600987,0.20295321941375732,0.3573835372924804,0.1565081834793091,0.40618679523468015,2377633.0,0.9505756308030845,False
UC2-intraday,h8+,busy,all,MAE,lvlh5_tft,13.596607083682606,13.418434953689575,13.786449313163757,1766799.0,True,11144,231,wt_med,-0.10305505323739794,-0.23009610176086426,0.024958610534667948,-0.33510379791259765,0.11485745906829828,1737568.0,0.6946781936754974,False
UC2-intraday,h8+,busy,all,MAE,persistence,23.26403107450509,22.97449083328247,23.562033796310423,645674.0,True,7933,231,wt_med,10.833423188194233,10.530548238754273,11.134404230117799,8.510569500923157,13.285828185081481,602824.0,0.24100851732089798,False
UC2-intraday,h8+,busy,all,MAE,snaive7,16.003605184090524,15.800508761405945,16.192645931243895,2082834.0,True,14929,231,wt_med,2.329702622749215,2.1728459358215333,2.4941170692443846,1.9904986381530763,2.651722502708435,2065390.0,0.8257411476474219,False
UC2-intraday,h8+,busy,all,MAE,wt_med,13.80054860438116,13.652455759048461,13.947251462936402,2501256.0,True,15996,231,wt_med,,,,,,,,
UC2-intraday,h8+,busy,EU,MAE,clim,12.294334429594384,12.043591451644897,12.54764358997345,428730.0,True,4355,231,wt_med,0.9492535735679315,0.8369524002075195,1.0645766258239746,0.6927122831344604,1.2681682109832764,425695.0,0.9078762441590903,False
UC2-intraday,h8+,busy,EU,MAE,h5,11.059921301357122,10.84630241394043,11.278376483917237,478439.0,True,4516,231,wt_med,-0.15006872599388643,-0.19331369400024415,-0.1051907539367676,-0.27404906749725344,-0.014965128898620676,468891.0,1.0,True
UC2-intraday,h8+,busy,EU,MAE,lvlh5_naive,11.088768039392717,10.873225355148316,11.309133744239807,461719.0,True,4318,231,wt_med,-0.06373522993507486,-0.18092665672302247,0.053096342086791926,-0.3547802209854126,0.24738571643829346,453267.0,0.9666788230100386,False
UC2-intraday,h8+,busy,EU,MAE,lvlh5_tft,10.533904118593588,10.327514362335204,10.747445654869079,326899.0,True,3142,231,wt_med,-0.6877322850042233,-0.8576674938201905,-0.517915678024292,-1.2650591373443603,-0.26417965888977096,321668.0,0.6860187122380255,True
UC2-intraday,h8+,busy,EU,MAE,persistence,19.37627275228997,18.840940093994142,19.90691432952881,101748.0,True,1287,231,wt_med,10.580099150867058,9.957509160041809,11.182278251647949,4.727480936050415,15.095003056526185,97629.0,0.20821256965904655,False
UC2-intraday,h8+,busy,EU,MAE,snaive7,12.299617969030281,12.081732821464538,12.523385214805604,412532.0,True,4290,231,wt_med,1.1952975352800905,0.9655949115753174,1.4290481090545655,0.5150115013122558,1.676643085479736,409296.0,0.8729022310089125,False
UC2-intraday,h8+,busy,EU,MAE,wt_med,11.188400929000556,10.964827704429627,11.409945631027222,468891.0,True,4504,231,wt_med,,,,,,,,
UC2-intraday,h8+,busy,NA,MAE,clim,14.72836112822591,14.52027506828308,14.948763608932495,1209155.0,True,6613,231,wt_med,0.8897591231425039,0.7999084234237671,0.9741587638854979,0.6504472017288208,1.215935444831848,1204848.0,0.9151179853623413,False
UC2-intraday,h8+,busy,NA,MAE,h5,13.889174567066053,13.686482286453247,14.09911015033722,1343392.0,True,6924,231,wt_med,-0.24857588158626243,-0.27986361980438235,-0.21858851909637453,-0.35145859718322753,-0.1734116077423096,1316604.0,1.0,True
UC2-intraday,h8+,busy,NA,MAE,lvlh5_naive,14.320834080525767,14.110643339157104,14.546999764442443,1289486.0,True,6619,231,wt_med,0.3241398761398049,0.22517862319946289,0.4194996118545532,0.1867948055267334,0.45272724628448485,1268125.0,0.9631787538242327,False
UC2-intraday,h8+,busy,NA,MAE,lvlh5_tft,13.815302362267158,13.574237036705018,14.09267237186432,931050.0,True,4686,231,wt_med,-0.006193518388023733,-0.1641226291656494,0.16949143409729003,-0.24467761516571046,0.2675720691680908,911986.0,0.6926805630242655,False
UC2-intraday,h8+,busy,NA,MAE,persistence,18.908643751270002,18.61640386581421,19.20717077255249,310039.0,True,3920,231,wt_med,6.433683388916483,6.190997862815857,6.703910779953003,5.262599158287048,8.439905667304991,281860.0,0.2140810752511765,False
UC2-intraday,h8+,busy,NA,MAE,snaive7,16.62885592329014,16.389302682876586,16.869273328781127,1074386.0,True,6549,231,wt_med,2.72567290318875,2.5266992092132567,2.9207403659820557,2.385454559326172,3.119197392463684,1062077.0,0.8066791533369183,False
UC2-intraday,h8+,busy,NA,MAE,wt_med,14.091809306366986,13.895436859130859,14.296588778495789,1316604.0,True,6915,231,wt_med,,,,,,,,
UC2-intraday,h8+,busy,Asia,MAE,clim,16.514335972005455,16.160668563842773,16.932213687896727,587543.0,True,3873,231,wt_med,1.2792082048339672,1.109594178199768,1.4399632692337037,0.894957709312439,1.745894908905029,585606.0,0.8181585752786196,False
UC2-intraday,h8+,busy,Asia,MAE,h5,14.755381542280645,14.449037790298462,15.102305817604066,723085.0,True,4583,231,wt_med,-0.1940236510511184,-0.24407632350921632,-0.145818829536438,-0.3399043083190918,-0.05186045169830323,715761.0,1.0,True
UC2-intraday,h8+,busy,Asia,MAE,lvlh5_naive,15.546991128048873,15.206208777427673,15.911153078079224,660792.0,True,4182,231,wt_med,0.45143509141121285,0.28624203205108645,0.6290298223495483,0.16253836154937745,0.7353296995162963,656241.0,0.9168437509168563,False
UC2-intraday,h8+,busy,Asia,MAE,lvlh5_tft,15.16402046180678,14.796942877769471,15.54709222316742,508850.0,True,3316,231,wt_med,0.09486679863976555,-0.1977768898010254,0.38257608413696287,-0.4668912887573242,0.5529439926147461,503914.0,0.704025505720485,False
UC2-intraday,h8+,busy,Asia,MAE,persistence,30.728796384578878,30.257355213165283,31.222156524658203,233887.0,True,2726,231,wt_med,16.496854501085814,15.933742141723632,17.040602731704713,12.934492135047913,20.70138273239136,223335.0,0.31202454450577777,False
UC2-intraday,h8+,busy,Asia,MAE,snaive7,17.440473153934448,17.00038900375366,17.8899649143219,595916.0,True,4090,231,wt_med,2.403364718518155,1.999468159675598,2.801484990119934,1.379994511604309,3.0909855127334596,594017.0,0.8299097044963333,False
UC2-intraday,h8+,busy,Asia,MAE,wt_med,14.975993383266202,14.660785555839539,15.315490698814392,715761.0,True,4577,231,wt_med,,,,,,,,
D2,w0-45,headliners,all,live-window MAE (headliners),clim,13.275183260653245,13.139277386665345,13.40823781490326,1666206.0,True,17950,231,persistence,7.557543970007127,7.43360846042633,7.683040022850037,6.751209795475006,8.381283187866211,1472083.0,0.8965428406990448,False
D2,w0-45,headliners,all,live-window MAE (headliners),h5,12.207760196249131,12.081121230125428,12.323602557182312,1820645.0,True,19278,231,persistence,6.494106725056063,6.381720197200775,6.605386483669281,5.824257946014404,7.183008241653442,1605771.0,0.9779628552548638,False
D2,w0-45,headliners,all,live-window MAE (headliners),lvlh5_naive,12.497138035838802,12.372622227668762,12.619059300422668,1736952.0,True,18599,231,persistence,6.800748412886773,6.678577578067779,6.912969326972961,6.076570355892182,7.556982421875,1525290.0,0.9289475046514674,False
D2,w0-45,headliners,all,live-window MAE (headliners),lvlh5_tft,11.538158313694154,11.413437342643737,11.668995094299316,1254544.0,True,13456,231,persistence,5.917911626997829,5.797920870780945,6.047540450096131,5.321179604530334,6.5585864901542665,1107470.0,0.6744825528105216,False
D2,w0-45,headliners,all,live-window MAE (headliners),persistence,6.2946828628068365,6.241428768634796,6.346610879898071,1641955.0,True,19588,231,persistence,,,,,,,,
D2,w0-45,headliners,all,live-window MAE (headliners),snaive7,14.151794808621824,13.99943675994873,14.292851996421813,1542365.0,True,18095,231,persistence,8.3737533622105,8.227894973754882,8.516750931739807,7.606687307357788,9.202281761169434,1374096.0,0.8368658093553112,False
D2,w0-45,headliners,all,live-window MAE (headliners),wt_med,12.336083032301337,12.21132743358612,12.452357912063599,1808501.0,True,19269,231,persistence,6.603164160597197,6.489944338798523,6.714679789543152,5.917312633991242,7.297317206859589,1596790.0,0.9724931560243734,False
D3,0,all,all,best-time hit rate (top-2),clim,0.8221081406862112,0.8195429593324661,0.8250487476587296,185832.0,False,15210,231,clim,,,,,,,,
D3,0,all,all,best-time hit rate (top-2),h5,0.8252015802395284,0.8228148862719535,0.8276511758565903,240723.0,False,17837,231,clim,0.01451720166745063,0.012948344647884368,0.016119000315666196,0.009869866073131561,0.01942004859447479,184953.0,0.9952699212191657,True
D3,0,all,all,best-time hit rate (top-2),lvlh5_cbd,0.7510018094840406,0.747536601126194,0.75451919734478,136503.0,False,9604,130,clim,-0.05261533433795096,-0.055805496871471405,-0.04957614094018936,-0.06419508010149003,-0.040963228046894076,110158.0,0.5927827284859443,False
D3,0,all,all,best-time hit rate (top-2),lvlh5_naive,0.8024170217242649,0.7998538807034492,0.8049362644553184,228132.0,False,16905,231,clim,-0.011458458974330843,-0.013554471731185912,-0.009658201038837433,-0.017569491267204286,-0.005055864155292512,182398.0,0.9815209436480262,False
D3,0,all,all,best-time hit rate (top-2),lvlh5_tft,0.791138223478649,0.7880144327878952,0.7941889926791191,168025.0,False,12458,137,clim,-0.012439524942025493,-0.014846546947956086,-0.01015019565820694,-0.019358959794044495,-0.005271710455417634,134973.0,0.7263173188686556,False
D3,0,all,all,best-time hit rate (top-2),snaive7,0.8117580172679618,0.8083781108260155,0.8153224229812622,103776.0,False,13610,231,clim,-0.027418178503054058,-0.02985287755727768,-0.024996285140514374,-0.03317182511091232,-0.022414746880531314,87752.0,0.4722114598131646,False
D3,0,all,all,best-time hit rate (top-2),wt_med,0.8206757532472734,0.818140172958374,0.8233144491910934,224727.0,False,17382,231,clim,0.007240895437303996,0.005971936881542206,0.008480285108089446,0.004636591672897339,0.009756329655647277,182436.0,0.9817254294201214,True
D3,1,all,all,best-time hit rate (top-2),clim,0.8221587197909863,0.8195758208632469,0.8249815911054611,183720.0,False,15080,230,clim,,,,,,,,
D3,1,all,all,best-time hit rate (top-2),h5,0.8247836484913186,0.8223966583609581,0.8273024305701255,237923.0,False,17655,230,clim,0.014057840159785506,0.012523064017295837,0.015643979609012603,0.009405504167079925,0.018958914279937743,182745.0,0.9946930111038537,True
D3,1,all,all,best-time hit rate (top-2),lvlh5_cbd,0.7491831592484317,0.745747147500515,0.7527865111827851,133747.0,False,9433,129,clim,-0.053849362688296654,-0.0570227101445198,-0.05079539865255356,-0.06545582562685012,-0.042436978220939635,107875.0,0.5871706945351622,False
D3,1,all,all,best-time hit rate (top-2),lvlh5_naive,0.8024007060900264,0.7998704999685288,0.8049077287316322,226600.0,False,16828,230,clim,-0.011329183733420511,-0.013318534195423126,-0.00952640175819397,-0.017634299397468568,-0.004890535771846773,180419.0,0.9820324406705857,False
D3,1,all,all,best-time hit rate (top-2),lvlh5_tft,0.7894212480753555,0.7863177791237831,0.7925411552190781,165615.0,False,12295,136,clim,-0.013913722897540337,-0.01627439111471176,-0.011574974656105042,-0.02119561582803726,-0.006515012681484224,133106.0,0.7245046810363597,False
D3,1,all,all,best-time hit rate (top-2),snaive7,0.8117332251395892,0.8084000781178474,0.8153030395507812,103518.0,False,13580,230,clim,-0.027078302863056236,-0.029421108961105346,-0.024656915664672853,-0.032793229818344115,-0.022021302580833436,86970.0,0.4733834095362508,False
D3,1,all,all,best-time hit rate (top-2),wt_med,0.820090253606297,0.817682895064354,0.8227819755673409,220933.0,False,17163,230,clim,0.00636698501591737,0.005130335688591003,0.007629962265491485,0.003744080662727356,0.008821932971477509,179991.0,0.9797028086218158,True
D3,2,all,all,best-time hit rate (top-2),clim,0.8223746829593033,0.8197339847683907,0.8252824485301972,181759.0,False,14958,229,clim,,,,,,,,
D3,2,all,all,best-time hit rate (top-2),h5,0.824962774735181,0.8226374685764313,0.827422273159027,235727.0,False,17526,229,clim,0.014109445028495537,0.012551121413707733,0.015741722285747526,0.0095086008310318,0.018982577323913574,180730.0,0.9943386572329294,True
D3,2,all,all,best-time hit rate (top-2),lvlh5_cbd,0.748162694965822,0.7447214424610138,0.7517137303948402,132395.0,False,9369,128,clim,-0.054243268860797555,-0.05740641951560974,-0.05110433250665665,-0.0658817633986473,-0.04272729903459549,106557.0,0.5862543257830424,False
D3,2,all,all,best-time hit rate (top-2),lvlh5_naive,0.8026241641411564,0.800059412419796,0.8050864100456238,225367.0,False,16763,229,clim,-0.011195806193257773,-0.013243657350540162,-0.0092563733458519,-0.017285028100013734,-0.004870960116386416,178549.0,0.9823392514263393,False
D3,2,all,all,best-time hit rate (top-2),lvlh5_tft,0.7885906655343276,0.7854219883680343,0.7916738450527191,163673.0,False,12182,135,clim,-0.01526717557251911,-0.017856690287590026,-0.012899386882781982,-0.022394856810569762,-0.007883381843566895,131393.0,0.722896802909347,False
D3,2,all,all,best-time hit rate (top-2),snaive7,0.8117394208707269,0.8084581732749939,0.8152828380465508,103293.0,False,13545,229,clim,-0.026977478156945067,-0.029373598098754884,-0.024479442834854127,-0.03284204602241516,-0.021787844598293304,86183.0,0.47416083935320946,False
D3,2,all,all,best-time hit rate (top-2),wt_med,0.8200066022337558,0.8174680188298226,0.822742584347725,218108.0,False,17012,229,clim,0.0060008211057932526,0.004657712578773498,0.007258518040180206,0.0035927250981330873,0.00831722617149353,177809.0,0.9782679262099814,True
D3,3,all,all,best-time hit rate (top-2),clim,0.8225689929200982,0.8199128299951554,0.8254480719566345,179946.0,False,14838,228,clim,,,,,,,,
D3,3,all,all,best-time hit rate (top-2),h5,0.8247149558309936,0.8223069116473198,0.82728471159935,233648.0,False,17402,228,clim,0.01384765897973439,0.01226617842912674,0.015541972219944,0.00936000645160675,0.01868579089641571,178875.0,0.9940482144643393,True
D3,3,all,all,best-time hit rate (top-2),lvlh5_cbd,0.747448651023949,0.7440534472465515,0.751082107424736,131989.0,False,9353,127,clim,-0.05509701640364861,-0.05829553455114365,-0.051967813074588774,-0.06670485138893127,-0.04343545585870743,106013.0,0.5891378524668511,False
D3,3,all,all,best-time hit rate (top-2),lvlh5_naive,0.8025027324842186,0.7999673262238503,0.8049262717366219,224155.0,False,16701,228,clim,-0.011349755700325814,-0.013406749069690704,-0.009312239289283753,-0.017317773401737215,-0.004865594208240509,176832.0,0.9826948084425328,False
D3,3,all,all,best-time hit rate (top-2),lvlh5_tft,0.7883504740727014,0.7853415295481682,0.7914332047104835,161895.0,False,12064,134,clim,-0.01568727211057408,-0.018148398399353026,-0.013312290608882905,-0.02257992625236511,-0.008440065383911136,129723.0,0.7208996032142976,False
D3,3,all,all,best-time hit rate (top-2),prod_served,0.7508271120567724,0.7471590474247932,0.7547213762998581,162614.0,False,11741,134,clim,-0.054206388393026717,-0.056961174309253695,-0.05162340253591537,-0.07246247828006744,-0.038533782958984374,131645.0,0.7315805852866971,False
D3,3,all,all,best-time hit rate (top-2),prod_served_lin,0.7697307734881376,0.766311614215374,0.7733657315373421,162614.0,False,11741,134,clim,-0.0320862926810741,-0.034693066775798795,-0.02944401800632477,-0.046377436816692354,-0.020106725394725803,131645.0,0.7315805852866971,False
D3,3,all,all,best-time hit rate (top-2),snaive7,0.8117212915756251,0.808412854373455,0.8152619928121567,102975.0,False,13505,228,clim,-0.027258676408599136,-0.02969149351119995,-0.024740295112133028,-0.03324470818042755,-0.021875229477882386,85404.0,0.47460904938148113,False
D3,3,all,all,best-time hit rate (top-2),wt_med,0.8197351024100578,0.8172458425164223,0.8224232569336891,215555.0,False,16857,228,clim,0.005414074318406681,0.004128938913345337,0.006772327423095703,0.003149382770061493,0.007694047689437866,175838.0,0.9771709290564947,True
D3,4,all,all,best-time hit rate (top-2),clim,0.8227603666717188,0.8200929760932922,0.8257332473993302,178143.0,False,14716,227,clim,,,,,,,,
D3,4,all,all,best-time hit rate (top-2),h5,0.8246367296162551,0.8222045198082923,0.8272405609488487,231508.0,False,17274,227,clim,0.013630073149377253,0.012025082111358642,0.015190398693084715,0.009015585482120513,0.01849206984043121,177035.0,0.993780277642119,True
D3,4,all,all,best-time hit rate (top-2),lvlh5_cbd,0.7472317969679407,0.7439211010932922,0.7509299710392952,131132.0,False,9297,126,clim,-0.05518788985242662,-0.05842903703451156,-0.05210157483816147,-0.06669596284627914,-0.04362064003944397,105168.0,0.5903571849581516,False
D3,4,all,all,best-time hit rate (top-2),lvlh5_naive,0.8022476146023141,0.7997131675481797,0.8047129601240158,222814.0,False,16626,227,clim,-0.01158878931706675,-0.01364346146583557,-0.009619416296482086,-0.01755378246307373,-0.005171546339988711,175083.0,0.9828227884340108,False
D3,4,all,all,best-time hit rate (top-2),lvlh5_tft,0.787864393219661,0.7848483622074127,0.7912764355540276,159992.0,False,11939,133,clim,-0.016254124122402458,-0.01882590353488922,-0.013891454041004182,-0.023296765983104706,-0.008855216205120088,127906.0,0.7179962165226812,False
D3,4,all,all,best-time hit rate (top-2),prod_served,0.7509762710178092,0.7471799731254578,0.7547695711255074,160816.0,False,11608,133,clim,-0.05445586480347997,-0.05714307129383087,-0.051879028975963595,-0.07283455282449722,-0.03863346129655838,129885.0,0.729105269362254,False
D3,4,all,all,best-time hit rate (top-2),prod_served_lin,0.7702964879116506,0.7668215215206147,0.7737838745117187,160816.0,False,11608,133,clim,-0.031805058320822255,-0.034387022256851196,-0.029228538274765015,-0.04639695584774017,-0.01986132264137268,129885.0,0.729105269362254,False
D3,4,all,all,best-time hit rate (top-2),snaive7,0.8117043881708482,0.8084300950169563,0.8153439000248909,102594.0,False,13454,227,clim,-0.02710654740100904,-0.0295352503657341,-0.02451367676258087,-0.033103732764720915,-0.021682173013687134,84629.0,0.47506216915623967,False
D3,4,all,all,best-time hit rate (top-2),wt_med,0.8198586151414083,0.8172194689512253,0.8226166740059853,213177.0,False,16726,227,clim,0.00549103035878562,0.00417184978723526,0.006858314573764801,0.003303129971027374,0.007806077599525451,173920.0,0.9762943253453686,True
D3,5,all,all,best-time hit rate (top-2),clim,0.822849880280971,0.8202247336506844,0.8257727205753327,176246.0,False,14583,226,clim,,,,,,,,
D3,5,all,all,best-time hit rate (top-2),h5,0.8245920873005143,0.8222058415412903,0.8270945146679878,229277.0,False,17146,226,clim,0.013629067728355482,0.012050680816173553,0.015227463841438294,0.009158609807491303,0.018431651592254638,175067.0,0.9933104864791258,True
D3,5,all,all,best-time hit rate (top-2),lvlh5_cbd,0.7472713238131995,0.7436938986182213,0.750873439013958,129550.0,False,9191,125,clim,-0.054999903458129884,-0.05819392949342728,-0.05180561393499374,-0.06661280691623687,-0.04340627044439316,103582.0,0.5877126289390965,False
D3,5,all,all,best-time hit rate (top-2),lvlh5_naive,0.8020623958300398,0.7994459062814713,0.8044934347271919,221393.0,False,16555,226,clim,-0.011693171188026152,-0.013809645175933838,-0.009762732684612275,-0.01765652447938919,-0.005189689993858338,173178.0,0.9825925127378777,False
D3,5,all,all,best-time hit rate (top-2),lvlh5_tft,0.7874971506724413,0.7844495013356209,0.7906848236918449,157932.0,False,11806,132,clim,-0.016276631237786554,-0.018989846110343933,-0.013524030148983002,-0.02329612523317337,-0.008732064068317417,125886.0,0.714263018735177,False
D3,5,all,all,best-time hit rate (top-2),prod_served,0.7508757806554676,0.7470390930771827,0.75463707447052,159001.0,False,11481,132,clim,-0.05489267602772374,-0.05751432329416275,-0.05228826403617859,-0.07372357249259949,-0.03913378119468689,127977.0,0.7261271177785595,False
D3,5,all,all,best-time hit rate (top-2),prod_served_lin,0.7704731416783542,0.7669906988739967,0.7739875793457032,159001.0,False,11481,132,clim,-0.03174007829531866,-0.03431119471788406,-0.029214417934417723,-0.04585598409175873,-0.019791688024997714,127977.0,0.7261271177785595,False
D3,5,all,all,best-time hit rate (top-2),snaive7,0.811745469143176,0.8084231942892075,0.815306831896305,102133.0,False,13413,226,clim,-0.02695791410749715,-0.029414622485637663,-0.024345792829990387,-0.03299330323934555,-0.021408170461654663,83686.0,0.47482496056648094,False
D3,5,all,all,best-time hit rate (top-2),wt_med,0.8204498007211994,0.8178765848278999,0.8232209041714669,210760.0,False,16583,226,clim,0.005706241965599657,0.0043771728873252865,0.007085876166820526,0.0034464031457901003,0.008052530884742736,171917.0,0.9754377404309885,True
D3,6,all,all,best-time hit rate (top-2),clim,0.8229924912167903,0.8202639013528824,0.825870618224144,174196.0,False,14453,225,clim,,,,,,,,
D3,6,all,all,best-time hit rate (top-2),h5,0.8240641192851352,0.8215923711657525,0.8266196027398109,226952.0,False,17003,225,clim,0.01274853868791237,0.011148899793624878,0.014352940022945404,0.008350148797035217,0.017361532151699065,172961.0,0.9929102849663597,True
D3,6,all,all,best-time hit rate (top-2),lvlh5_cbd,0.737575221654446,0.7340584084391594,0.7413338854908943,127789.0,False,9076,124,clim,-0.0649409315434396,-0.06855153441429138,-0.061499133706092834,-0.07942473292350768,-0.05099215507507325,101831.0,0.584577142988358,False
D3,6,all,all,best-time hit rate (top-2),lvlh5_naive,0.8015996869782022,0.7989886477589607,0.8041153073310852,219793.0,False,16472,225,clim,-0.012393651832460661,-0.014480169117450713,-0.010464107990264893,-0.018195848166942596,-0.006094157695770265,171136.0,0.9824335805644216,False
D3,6,all,all,best-time hit rate (top-2),lvlh5_tft,0.7846999659599612,0.7815830528736114,0.7877670451998711,155699.0,False,11661,131,clim,-0.01948655000040378,-0.022188742458820344,-0.016944940388202667,-0.026756557822227477,-0.011703628301620484,123829.0,0.7108601804863487,False
D3,6,all,all,best-time hit rate (top-2),prod_served,0.7509760338315936,0.7471999377012253,0.7547987461090088,157013.0,False,11346,131,clim,-0.054451907960554546,-0.057090462744235994,-0.051969537138938905,-0.07310291975736619,-0.03881310075521469,125946.0,0.7230131575925969,False
D3,6,all,all,best-time hit rate (top-2),prod_served_lin,0.7698279760274627,0.7662674322724342,0.7732921570539475,157013.0,False,11346,131,clim,-0.03208517936258393,-0.034707875549793245,-0.029559454321861266,-0.046554592251777646,-0.020245227217674258,125946.0,0.7230131575925969,False
D3,6,all,all,best-time hit rate (top-2),snaive7,0.8117179507358149,0.8084391176700592,0.8153237789869309,101656.0,False,13366,225,clim,-0.026987414755865746,-0.02940511405467987,-0.024441634118556977,-0.033044345676898956,-0.021595251560211182,82557.0,0.47393166318399965,False
D3,6,all,all,best-time hit rate (top-2),wt_med,0.8202199681915808,0.8175802975893021,0.8229202792048455,208121.0,False,16421,225,clim,0.005206860804825131,0.003926011919975281,0.006479218602180481,0.002938899397850037,0.00739859640598297,169776.0,0.974626283037498,True
D3,7,all,all,best-time hit rate (top-2),clim,0.822794900589423,0.8201346710324288,0.825753764808178,171863.0,False,14321,224,clim,,,,,,,,
D3,7,all,all,best-time hit rate (top-2),h5,0.8232512403343316,0.8206903502345085,0.8260501116514206,223730.0,False,16816,224,clim,0.01173904375461765,0.010054223239421844,0.013292060792446136,0.007448256015777588,0.016385820508003232,170542.0,0.9923136451708628,True
D3,7,all,all,best-time hit rate (top-2),lvlh5_cbd,0.7353765785626992,0.7315887123346329,0.7393069937825203,125193.0,False,8909,123,clim,-0.06700994780657377,-0.07077403515577316,-0.06339793205261231,-0.0827904149889946,-0.052397085726261144,99821.0,0.5808172788791072,False
D3,7,all,all,best-time hit rate (top-2),lvlh5_naive,0.7989991580819403,0.796357524394989,0.8016645595431328,211422.0,False,15863,224,clim,-0.0165318346697213,-0.0186860129237175,-0.014501558244228364,-0.02253383845090866,-0.0104545995593071,167616.0,0.975288456503145,False
D3,7,all,all,best-time hit rate (top-2),lvlh5_tft,0.7816194220742262,0.7784066393971443,0.784867163002491,152857.0,False,11488,130,clim,-0.022446227718213474,-0.025287123024463655,-0.019787569344043732,-0.02948298752307892,-0.015306398272514345,121624.0,0.7076799543822696,False
D3,7,all,all,best-time hit rate (top-2),prod_served,0.7505925968984738,0.7467631474137306,0.7542441785335541,154827.0,False,11207,130,clim,-0.055031129127334766,-0.05773653835058212,-0.05248490571975708,-0.07339502573013305,-0.03915125131607056,123839.0,0.7205681269383172,False
D3,7,all,all,best-time hit rate (top-2),prod_served_lin,0.7697042505506145,0.7660685107111931,0.7733251750469208,154827.0,False,11207,130,clim,-0.03236460242734518,-0.034979413449764254,-0.02975168079137802,-0.04689743816852569,-0.02067240476608277,123839.0,0.7205681269383172,False
D3,7,all,all,best-time hit rate (top-2),wt_med,0.8201132520567924,0.8173939153552056,0.8228988140821457,204323.0,False,16200,224,clim,0.0046566678821426954,0.003361278772354126,0.0058809369802474976,0.0025062218308448793,0.006824228167533875,167287.0,0.9733741410309374,True
D3,10,all,all,best-time hit rate (top-2),clim,0.8235276442307692,0.8205860987305641,0.8264545381069184,166400.0,False,13979,221,clim,,,,,,,,
D3,10,all,all,best-time hit rate (top-2),h5,0.8227111354646799,0.820046529173851,0.8255747213959694,217171.0,False,16434,221,clim,0.010704560203295688,0.009023366868495942,0.012301558256149292,0.006509459018707276,0.015365129709243775,164883.0,0.9908834134615384,True
D3,10,all,all,best-time hit rate (top-2),lvlh5_cbd,0.7334031361404033,0.7296187654137611,0.7373206242918968,120339.0,False,8625,120,clim,-0.06917555608955939,-0.07315911948680878,-0.0653534010052681,-0.084553462266922,-0.05447940081357956,95713.0,0.5751983173076923,False
D3,10,all,all,best-time hit rate (top-2),lvlh5_naive,0.7984774365357339,0.7959153994917869,0.8013127714395523,207282.0,False,15662,221,clim,-0.017296604740550836,-0.019404484331607817,-0.015378092229366303,-0.023523254692554472,-0.011148667335510258,162344.0,0.975625,False
D3,10,all,all,best-time hit rate (top-2),lvlh5_tft,0.7809089672064227,0.7776398345828056,0.7842877820134163,146980.0,False,11121,127,clim,-0.02387527228444508,-0.026736511290073393,-0.02142471671104431,-0.030878032743930816,-0.016557838022708892,116606.0,0.7007572115384615,False
D3,10,all,all,best-time hit rate (top-2),prod_served,0.751843244109633,0.7479044646024704,0.7558226838707924,149736.0,False,10854,127,clim,-0.05445015606464698,-0.057173191010951994,-0.05171317607164383,-0.07269818931818009,-0.03828056603670121,118861.0,0.7143088942307693,False
D3,10,all,all,best-time hit rate (top-2),prod_served_lin,0.7709234920126089,0.7672212511301041,0.7746292248368263,149736.0,False,10854,127,clim,-0.03170930751045342,-0.03439007103443146,-0.02914084494113922,-0.04636895209550858,-0.01998272091150284,118861.0,0.7143088942307693,False
D3,10,all,all,best-time hit rate (top-2),wt_med,0.8207825972153107,0.8180730044841766,0.8236478880047798,196934.0,False,15753,221,clim,0.004061693156418578,0.00278218537569046,0.005312088131904602,0.0020130038261413573,0.006157216429710388,161509.0,0.9706069711538462,True
D3,14,all,all,best-time hit rate (top-2),clim,0.8236914946366815,0.8207487240433693,0.8266197726130485,159323.0,False,13489,217,clim,,,,,,,,
D3,14,all,all,best-time hit rate (top-2),h5,0.8222909178049365,0.8196382775902749,0.8251151621341706,208650.0,False,15880,217,clim,0.00945938235051702,0.00776798278093338,0.011095821857452393,0.005159306526184082,0.013987420499324797,157727.0,0.9899826139352134,True
D3,14,all,all,best-time hit rate (top-2),lvlh5_cbd,0.7307865764690277,0.7268864542245865,0.7347561106085777,113085.0,False,8105,116,clim,-0.07283610195709189,-0.07670193910598755,-0.06892983764410018,-0.0885461539030075,-0.057739964127540594,89214.0,0.5599568172831293,False
D3,14,all,all,best-time hit rate (top-2),lvlh5_naive,0.7963949555863418,0.793658684194088,0.7992166742682457,196336.0,False,14904,217,clim,-0.020954266891869966,-0.023179766535758973,-0.0188274085521698,-0.027588818967342377,-0.014740319550037389,154527.0,0.9698976293441625,False
D3,14,all,all,best-time hit rate (top-2),lvlh5_tft,0.7788760135717983,0.7754636287689209,0.7823408350348473,139112.0,False,10586,123,clim,-0.026256030496757843,-0.02926620841026306,-0.023612885177135466,-0.03382687568664551,-0.01858402192592621,109651.0,0.6882308266854127,False
D3,14,all,all,best-time hit rate (top-2),prod_served,0.7511320158657727,0.7471993133425713,0.7550408959388732,142445.0,False,10349,123,clim,-0.05540538121408489,-0.05828084796667099,-0.052687333524227144,-0.07438877671957016,-0.03881463408470154,111722.0,0.7012295776504334,False
D3,14,all,all,best-time hit rate (top-2),prod_served_lin,0.7703534697602583,0.7663297936320305,0.7741663575172424,142445.0,False,10349,123,clim,-0.03164103757541037,-0.03447415828704834,-0.028852985799312593,-0.046529893577098844,-0.019719581305980685,111722.0,0.7012295776504334,False
D3,14,all,all,best-time hit rate (top-2),wt_med,0.8206455054681249,0.8178954094648361,0.8235413938760757,187450.0,False,15156,217,clim,0.0027639006033868263,0.0014272049069404603,0.004079066216945647,0.0007504552602767945,0.004686786234378814,154130.0,0.9674058359433353,True
D3,21,all,all,best-time hit rate (top-2),clim,0.8234751402579253,0.8205382794141769,0.826564621925354,147407.0,False,12706,210,clim,,,,,,,,
D3,21,all,all,best-time hit rate (top-2),h5,0.8218292801581327,0.8193298369646073,0.8246266722679139,195279.0,False,15009,210,clim,0.008976118583584936,0.007328012585639953,0.010624517500400544,0.004539039731025696,0.013357187807559966,145720.0,0.9885554960076522,True
D3,21,all,all,best-time hit rate (top-2),lvlh5_cbd,0.7279264295846989,0.7238428384065628,0.731969627737999,102215.0,False,7342,109,clim,-0.07466526120292638,-0.07852763831615447,-0.07081978470087051,-0.09161831587553024,-0.058158986270427704,79689.0,0.5406052629793701,False
D3,21,all,all,best-time hit rate (top-2),lvlh5_naive,0.7940065474691513,0.7911155804991722,0.7968327969312667,182666.0,False,14014,210,clim,-0.02327376858181618,-0.02547507584095001,-0.020952560007572174,-0.03020329922437668,-0.016539797186851505,142478.0,0.9665619678848358,False
D3,21,all,all,best-time hit rate (top-2),lvlh5_tft,0.7766573340293266,0.7730901256203652,0.7802978217601776,126438.0,False,9683,116,clim,-0.02780931911269713,-0.031000281870365142,-0.025114510953426362,-0.0354162335395813,-0.02016582936048508,98636.0,0.6691405428507465,False
D3,21,all,all,best-time hit rate (top-2),prod_served,0.7505615410971942,0.7463412195444107,0.7547775730490685,131335.0,False,9582,116,clim,-0.05415467090241244,-0.057052938640117644,-0.05115168690681458,-0.07368240505456924,-0.0367810070514679,100730.0,0.6833461097505545,False
D3,21,all,all,best-time hit rate (top-2),prod_served_lin,0.7682719762439563,0.76428282558918,0.7721732869744301,131335.0,False,9582,116,clim,-0.03148019457956919,-0.03424081206321716,-0.02852499932050705,-0.04654533565044403,-0.019196644425392154,100730.0,0.6833461097505545,False
D3,21,all,all,best-time hit rate (top-2),wt_med,0.8196569309225776,0.8168961092829704,0.8225859940052033,172560.0,False,14188,210,clim,0.0014432960657860816,6.209164857864381e-05,0.0027520000934600827,-0.0006652504205703735,0.0034051030874252307,142036.0,0.9635634671352107,False
D3,30,all,all,best-time hit rate (top-2),clim,0.8239782966179402,0.8209508329629898,0.8272353082895278,131961.0,False,11651,201,clim,,,,,,,,
D3,30,all,all,best-time hit rate (top-2),h5,0.8204750775315744,0.8175932854413986,0.8235213816165924,177992.0,False,13951,201,clim,0.00923235398121236,0.007462804019451141,0.01093246191740036,0.00519958883523941,0.01356101930141449,130086.0,0.9857912565076046,True
D3,30,all,all,best-time hit rate (top-2),lvlh5_cbd,0.7250778028694372,0.7207834735512734,0.7292611733078956,89007.0,False,6510,100,clim,-0.07583085134617085,-0.0803780123591423,-0.07160730063915252,-0.09311120510101319,-0.05826918482780457,67822.0,0.5139548806086647,False
D3,30,all,all,best-time hit rate (top-2),lvlh5_naive,0.7922602772581187,0.7892606481909752,0.7954656317830086,166776.0,False,13065,201,clim,-0.023139054323742414,-0.025515715777873992,-0.020747292041778564,-0.030212759971618652,-0.016315123438835146,127274.0,0.9644819302672759,False
D3,30,all,all,best-time hit rate (top-2),lvlh5_tft,0.7769653819918144,0.7721877679228782,0.7811870485544204,93824.0,False,7201,105,clim,-0.02396791234592066,-0.027236871421337128,-0.020741668343544007,-0.03217671066522598,-0.015725174546241765,71554.0,0.5422359636559286,False
D3,30,all,all,best-time hit rate (top-2),prod_served,0.7513060555216595,0.7467451900243759,0.7559367790818214,104896.0,False,7660,105,clim,-0.05205577955263363,-0.05530791282653809,-0.048835523426532745,-0.07037199139595032,-0.0354499563574791,77878.0,0.5901592137070801,False
D3,30,all,all,best-time hit rate (top-2),prod_served_lin,0.7684373093349604,0.764185155928135,0.7730070292949677,104896.0,False,7660,105,clim,-0.028518965561519338,-0.03157719075679779,-0.025453992187976837,-0.04186537265777588,-0.016723217070102693,77878.0,0.5901592137070801,False
D3,30,all,all,best-time hit rate (top-2),wt_med,0.8181741843385245,0.8151440054178238,0.8213795572519302,154813.0,False,13025,201,clim,0.001294539254534821,-0.00016727298498153687,0.002853868901729583,-0.0009747296571731567,0.003444579243659973,126686.0,0.9600260683080607,False
D3,45,all,all,best-time hit rate (top-2),clim,0.8243873507130726,0.8210934832692146,0.8279845163226127,111279.0,False,10213,186,clim,,,,,,,,
D3,45,all,all,best-time hit rate (top-2),h5,0.8203932737700441,0.817306074500084,0.823569355905056,153786.0,False,12436,186,clim,0.010289982104378925,0.008404843509197235,0.01211903691291809,0.005913926661014557,0.015471431612968444,109524.0,0.9842288302375111,True
D3,45,all,all,best-time hit rate (top-2),lvlh5_cbd,0.7180058548520994,0.7103828728199005,0.7261911749839782,22887.0,False,1958,84,clim,-0.04361259655377303,-0.05168063491582871,-0.0366082638502121,-0.06521826833486558,-0.017517915368080145,16830.0,0.15124147413258565,False
D3,45,all,all,best-time hit rate (top-2),lvlh5_naive,0.791430230686883,0.7881751298904419,0.7946893438696861,142921.0,False,11534,186,clim,-0.023758240934971475,-0.02641745060682297,-0.021190360188484192,-0.031883913278579715,-0.01574023813009262,106784.0,0.9596060352806909,False
D3,45,all,all,best-time hit rate (top-2),lvlh5_tft,0.7828440592035326,0.777743186056614,0.7883312061429024,61145.0,False,4901,74,clim,-0.019252807701123142,-0.023457598686218262,-0.015283001959323883,-0.03008863627910614,-0.007139636576175693,47993.0,0.43128532786958906,False
D3,45,all,all,best-time hit rate (top-2),prod_served,0.7512756564614149,0.7456555008888245,0.7569862619042397,69768.0,False,5364,85,clim,-0.04924437329674314,-0.05321517586708069,-0.04533702880144119,-0.06713656336069107,-0.03317905515432358,52473.0,0.47154449626614187,False
D3,45,all,all,best-time hit rate (top-2),prod_served_lin,0.7681315216144937,0.7626763492822647,0.7737949147820473,69768.0,False,5364,85,clim,-0.025308253768604794,-0.029129132628440857,-0.021585166454315186,-0.03928972482681274,-0.01273392587900162,52473.0,0.47154449626614187,False
D3,45,all,all,best-time hit rate (top-2),wt_med,0.8191987986530352,0.8163098305463791,0.8225324019789696,131852.0,False,11468,186,clim,0.0008425546256248806,-0.0006939604878425598,0.0024254053831100466,-0.0017260998487472535,0.003345397114753723,106818.0,0.9599115736122719,False
D3,60,all,all,best-time hit rate (top-2),clim,0.8269205925415555,0.8233111932873726,0.8306424960494041,92888.0,False,8819,171,clim,,,,,,,,
D3,60,all,all,best-time hit rate (top-2),h5,0.8233780925298889,0.8201344966888428,0.826506745815277,129061.0,False,10765,171,clim,0.005554043016607668,0.0036566242575645446,0.007477733492851257,0.0009924933314323426,0.009916275739669798,91825.0,0.9885561105847903,True
D3,60,all,all,best-time hit rate (top-2),lvlh5_naive,0.7921279828999883,0.7887484446167946,0.7955240532755852,119766.0,False,9882,171,clim,-0.028640977254709377,-0.03115076422691345,-0.025951294600963595,-0.03677854984998703,-0.020987653732299806,89557.0,0.9641396089914736,False
D3,60,all,all,best-time hit rate (top-2),lvlh5_tft,0.7966573816155988,0.746802307665348,0.8442121744155884,359.0,False,79,48,clim,-0.049342105263157854,-0.08943275213241578,-0.008668646216392519,-0.10784972608089446,0.019240209460258475,304.0,0.003272758590991301,False
D3,60,all,all,best-time hit rate (top-2),prod_served,0.7531806615776081,0.6647939369082451,0.8333439707756043,393.0,False,79,48,clim,-0.046052631578947345,-0.0934257909655571,-0.006895962357521057,-0.08036948293447495,0.038461506366729736,304.0,0.003272758590991301,False
D3,60,all,all,best-time hit rate (top-2),prod_served_lin,0.7480916030534351,0.6517566546797753,0.8309868797659874,393.0,False,79,48,clim,-0.046052631578947345,-0.09319229573011398,-0.004369823634624487,-0.08766376376152038,0.02564934939146041,304.0,0.003272758590991301,False
D3,60,all,all,best-time hit rate (top-2),wt_med,0.8192480445016517,0.8159862920641899,0.8226366221904755,111097.0,False,9920,171,clim,-0.0032169015338721074,-0.005027495324611664,-0.001454374194145203,-0.006439220905303955,-0.00011233240365982291,89838.0,0.9671647575574885,False
D3,90,all,all,best-time hit rate (top-2),clim,0.8313593605302919,0.8271405056118966,0.8360420674085617,61551.0,False,6265,141,clim,,,,,,,,
D3,90,all,all,best-time hit rate (top-2),h5,0.8295761112461936,0.825808210670948,0.8333313301205635,86367.0,False,7755,141,clim,0.003949589472131643,0.0016033560037612916,0.006090733408927918,-0.000990229845046997,0.008887504041194915,61019.0,0.9913567610599341,False
D3,90,all,all,best-time hit rate (top-2),lvlh5_naive,0.7963228063186985,0.7919313788414002,0.8005054980516434,80333.0,False,7100,141,clim,-0.029863767532380403,-0.03322414308786392,-0.02676637023687363,-0.0377999484539032,-0.0218830943107605,59604.0,0.9683676950821271,False
D3,90,all,all,best-time hit rate (top-2),wt_med,0.8243928764166217,0.8202546626329422,0.8285924330353737,74120.0,False,7092,141,clim,-0.0017432304550661915,-0.003910072147846222,0.00023781657218933008,-0.005796977877616882,0.0022057890892028804,60233.0,0.9785868629266787,False
D3,0,all,all,best-time hit rate (±30 min),clim,0.828727022256662,0.8261275887489319,0.8314625710248947,185832.0,False,15210,231,clim,,,,,,,,
D3,0,all,all,best-time hit rate (±30 min),h5,0.8308096858214629,0.8285530194640159,0.8332424148917198,240723.0,False,17837,231,clim,0.012397744291793078,0.010964761674404144,0.013831625878810882,0.008978796005249024,0.016057376563549042,184953.0,0.9952699212191657,True
D3,0,all,all,best-time hit rate (±30 min),lvlh5_cbd,0.7791550368856363,0.7759431064128876,0.7824359118938446,136503.0,False,9604,130,clim,-0.03177254489006698,-0.03467050641775131,-0.028748373687267303,-0.04261885434389114,-0.02088292241096497,110158.0,0.5927827284859443,False
D3,0,all,all,best-time hit rate (±30 min),lvlh5_naive,0.8183989970718707,0.8160352215170861,0.8208637684583664,228132.0,False,16905,231,clim,-0.0026699854165067594,-0.0044062301516532894,-0.0008644014596939093,-0.007734274864196778,0.002608567476272582,182398.0,0.9815209436480262,False
D3,0,all,all,best-time hit rate (±30 min),lvlh5_tft,0.8076714774587115,0.8047698020935059,0.8106404364109039,168025.0,False,12458,137,clim,-0.003504404584620646,-0.005574625730514526,-0.0014050304889678955,-0.008801150321960449,0.0021720558404922483,134973.0,0.7263173188686556,False
D3,0,all,all,best-time hit rate (±30 min),snaive7,0.8245259019426457,0.8212559148669243,0.8280693218111992,103776.0,False,13610,231,clim,-0.019406965083416883,-0.02183476835489273,-0.01708655059337616,-0.02482466846704483,-0.014313951134681702,87752.0,0.4722114598131646,False
D3,0,all,all,best-time hit rate (±30 min),wt_med,0.8261579605476868,0.8237082958221436,0.8288250640034676,224727.0,False,17382,231,clim,0.005399153675809565,0.0042242631316185,0.0065177097916603085,0.003331856429576874,0.007436509430408477,182436.0,0.9817254294201214,True
D3,1,all,all,best-time hit rate (±30 min),clim,0.8286305247115175,0.8260176986455917,0.8313970014452934,183720.0,False,15080,230,clim,,,,,,,,
D3,1,all,all,best-time hit rate (±30 min),h5,0.8305039865838948,0.828221794962883,0.8328833818435669,237923.0,False,17655,230,clim,0.012438096801554055,0.01109900176525116,0.013892187178134919,0.008947530388832092,0.016108959913253784,182745.0,0.9946930111038537,True
D3,1,all,all,best-time hit rate (±30 min),lvlh5_cbd,0.7784249366340927,0.7752338066697121,0.7817853435873985,133747.0,False,9433,129,clim,-0.03177752027809966,-0.03480940610170365,-0.02873189151287079,-0.043115003407001494,-0.020374542474746706,107875.0,0.5871706945351622,False
D3,1,all,all,best-time hit rate (±30 min),lvlh5_naive,0.8180670785525155,0.8158846110105514,0.8205191776156425,226600.0,False,16828,230,clim,-0.002599504486778037,-0.004377235472202301,-0.0008158206939697267,-0.007639376819133758,0.0026957929134368897,180419.0,0.9820324406705857,False
D3,1,all,all,best-time hit rate (±30 min),lvlh5_tft,0.8068653201702745,0.8039782762527465,0.8098722547292709,165615.0,False,12295,136,clim,-0.0040569170435592605,-0.0061832904815673825,-0.0019331440329551702,-0.009649735689163209,0.0016002744436264009,133106.0,0.7245046810363597,False
D3,1,all,all,best-time hit rate (±30 min),snaive7,0.8245136111594119,0.8212979182600975,0.8280039489269256,103518.0,False,13580,230,clim,-0.018880073588593782,-0.02123617082834244,-0.016524215042591096,-0.0243764266371727,-0.013800010085105896,86970.0,0.4733834095362508,False
D3,1,all,all,best-time hit rate (±30 min),wt_med,0.8258023925805561,0.8232476532459259,0.8283792957663536,220933.0,False,17163,230,clim,0.005200260013000668,0.004008145630359649,0.0063367560505867004,0.0031283900141716005,0.007325179874897003,179991.0,0.9797028086218158,True
D3,2,all,all,best-time hit rate (±30 min),clim,0.8288777997238101,0.8261319294571876,0.8316323295235634,181759.0,False,14958,229,clim,,,,,,,,
D3,2,all,all,best-time hit rate (±30 min),h5,0.8307491292893898,0.8285118743777276,0.8331745281815529,235727.0,False,17526,229,clim,0.012239251922757655,0.010858261585235595,0.013656321167945861,0.00878044068813324,0.01572062522172928,180730.0,0.9943386572329294,True
D3,2,all,all,best-time hit rate (±30 min),lvlh5_cbd,0.7772045772121303,0.7740646213293075,0.7807720020413399,132395.0,False,9369,128,clim,-0.03262103850521314,-0.035488332808017733,-0.029503172636032107,-0.04387768059968948,-0.021340262889862065,106557.0,0.5862543257830424,False
D3,2,all,all,best-time hit rate (±30 min),lvlh5_naive,0.8179902115216513,0.815733115375042,0.8205026984214783,225367.0,False,16763,229,clim,-0.002951570717282137,-0.004725229740142822,-0.0012010380625724795,-0.008045259118080138,0.002253970503807067,178549.0,0.9823392514263393,False
D3,2,all,all,best-time hit rate (±30 min),lvlh5_tft,0.8063028110928497,0.8032933562994004,0.8092345550656319,163673.0,False,12182,135,clim,-0.00560151606249959,-0.00772218108177185,-0.0034940257668495183,-0.011073555052280425,0.00019295662641525228,131393.0,0.722896802909347,False
D3,2,all,all,best-time hit rate (±30 min),snaive7,0.8244895588278005,0.8212353259325027,0.8279928475618362,103293.0,False,13545,229,clim,-0.018948052400125315,-0.021296125650405884,-0.01654296964406967,-0.024600060284137727,-0.0138421431183815,86183.0,0.47416083935320946,False
D3,2,all,all,best-time hit rate (±30 min),wt_med,0.8256643497716728,0.8231827214360237,0.8283839136362076,218108.0,False,17012,229,clim,0.0048254025386791355,0.0036254093050956727,0.005984361469745636,0.0028687089681625364,0.006868356466293334,177809.0,0.9782679262099814,True
D3,3,all,all,best-time hit rate (±30 min),clim,0.8289875851644383,0.8262781128287315,0.8317692086100579,179946.0,False,14838,228,clim,,,,,,,,
D3,3,all,all,best-time hit rate (±30 min),h5,0.8304714784633295,0.8281996205449105,0.8328807160258294,233648.0,False,17402,228,clim,0.011980433263452106,0.010591980814933778,0.013377311825752258,0.00845157504081726,0.01565360575914383,178875.0,0.9940482144643393,True
D3,3,all,all,best-time hit rate (±30 min),lvlh5_cbd,0.777004144284751,0.7738337844610215,0.7804330572485924,131989.0,False,9353,127,clim,-0.03286389405072965,-0.03582906574010849,-0.029922047257423402,-0.04420756995677948,-0.02173786461353303,106013.0,0.5891378524668511,False
D3,3,all,all,best-time hit rate (±30 min),lvlh5_naive,0.8177734157168031,0.8154840186238289,0.820295324921608,224155.0,False,16701,228,clim,-0.003178157799493375,-0.004893480241298676,-0.0013604983687400835,-0.008195847272872925,0.0021310791373252845,176832.0,0.9826948084425328,False
D3,3,all,all,best-time hit rate (±30 min),lvlh5_tft,0.8058988850798356,0.8030395552515983,0.8089040279388428,161895.0,False,12064,134,clim,-0.005989685714946402,-0.008145138621330261,-0.003864005208015442,-0.011627262830734253,-0.00012837350368499843,129723.0,0.7208996032142976,False
D3,3,all,all,best-time hit rate (±30 min),prod_served,0.7778604548193883,0.7745120674371719,0.7813471749424934,162614.0,False,11741,134,clim,-0.033187739754643175,-0.03561740517616272,-0.030713266134262084,-0.046299131214618684,-0.022501233220100406,131645.0,0.7315805852866971,False
D3,3,all,all,best-time hit rate (±30 min),prod_served_lin,0.7907929206587379,0.7875739261507988,0.7940683737397194,162614.0,False,11741,134,clim,-0.018937293478673678,-0.02125403881072998,-0.016557545959949495,-0.031122231483459474,-0.009065335988998413,131645.0,0.7315805852866971,False
D3,3,all,all,best-time hit rate (±30 min),snaive7,0.8244816703083273,0.8211277246475219,0.827889446914196,102975.0,False,13505,228,clim,-0.01901550278675479,-0.021472671627998353,-0.016586720943450928,-0.02478346526622772,-0.013907690346241,85404.0,0.47460904938148113,False
D3,3,all,all,best-time hit rate (±30 min),wt_med,0.825687179606133,0.823238056898117,0.8283654093742371,215555.0,False,16857,228,clim,0.004708879764328433,0.003533235192298889,0.0059089139103889465,0.0027923241257667543,0.0067743659019470215,175838.0,0.9771709290564947,True
D3,4,all,all,best-time hit rate (±30 min),clim,0.8290923583862403,0.8263620436191559,0.8319284319877625,178143.0,False,14716,227,clim,,,,,,,,
D3,4,all,all,best-time hit rate (±30 min),h5,0.8308093024863071,0.8285050392150879,0.8332397669553757,231508.0,False,17274,227,clim,0.012393029626909913,0.011049652099609375,0.013832083344459534,0.00876854658126831,0.016310565173625946,177035.0,0.993780277642119,True
D3,4,all,all,best-time hit rate (±30 min),lvlh5_cbd,0.7769880730866607,0.7738470688462258,0.780604338645935,131132.0,False,9297,126,clim,-0.03274760383386577,-0.03580977320671082,-0.02969649136066437,-0.0439336895942688,-0.0216326579451561,105168.0,0.5903571849581516,False
D3,4,all,all,best-time hit rate (±30 min),lvlh5_naive,0.8177313813315141,0.8154114961624146,0.8202159255743027,222814.0,False,16626,227,clim,-0.0030614051621230542,-0.0047708630561828615,-0.001136404275894165,-0.008073051273822785,0.0023688808083534227,175083.0,0.9828227884340108,False
D3,4,all,all,best-time hit rate (±30 min),lvlh5_tft,0.8063528176408821,0.8034874394536018,0.8093735098838806,159992.0,False,11939,133,clim,-0.005402404891091894,-0.007495594024658203,-0.003252854943275452,-0.010982610285282135,0.0006244853138923624,127906.0,0.7179962165226812,False
D3,4,all,all,best-time hit rate (±30 min),prod_served,0.778311859516466,0.7748548716306687,0.7817628607153893,160816.0,False,11608,133,clim,-0.03316780228663818,-0.035685160756111146,-0.030695779621601107,-0.046413291990756986,-0.022532741725444793,129885.0,0.729105269362254,False
D3,4,all,all,best-time hit rate (±30 min),prod_served_lin,0.7909660730275595,0.7877682268619537,0.794262732565403,160816.0,False,11608,133,clim,-0.019063017284520867,-0.021501627564430238,-0.016602811217308045,-0.031016184389591216,-0.00912165492773056,129885.0,0.729105269362254,False
D3,4,all,all,best-time hit rate (±30 min),snaive7,0.82447316607209,0.8211649030447006,0.8278952211141586,102594.0,False,13454,227,clim,-0.01890604875397328,-0.02131761461496353,-0.01651107519865036,-0.024876420199871064,-0.013569189608097077,84629.0,0.47506216915623967,False
D3,4,all,all,best-time hit rate (±30 min),wt_med,0.8258677061784339,0.8233153581619262,0.8285357430577278,213177.0,False,16726,227,clim,0.004933302667893269,0.0037342101335525514,0.006088279187679291,0.0030102282762527466,0.006893770396709442,173920.0,0.9762943253453686,True
D3,5,all,all,best-time hit rate (±30 min),clim,0.82924435164486,0.8264960020780563,0.8320396155118942,176246.0,False,14583,226,clim,,,,,,,,
D3,5,all,all,best-time hit rate (±30 min),h5,0.8304409077229726,0.8282089218497276,0.8327538967132568,229277.0,False,17146,226,clim,0.012012543768957107,0.010620452463626862,0.013577370345592497,0.00846782624721527,0.015766847133636474,175067.0,0.9933104864791258,True
D3,5,all,all,best-time hit rate (±30 min),lvlh5_cbd,0.7761096101891162,0.7729202926158905,0.7796858116984368,129550.0,False,9191,125,clim,-0.03352899152362376,-0.036596940457820894,-0.03038424849510193,-0.04499914050102234,-0.02221000194549561,103582.0,0.5877126289390965,False
D3,5,all,all,best-time hit rate (±30 min),lvlh5_naive,0.8175958589476632,0.8152223795652389,0.8200826108455658,221393.0,False,16555,226,clim,-0.003048886117174243,-0.004807433485984803,-0.0011688485741615298,-0.007863931357860565,0.002182678878307341,173178.0,0.9825925127378777,False
D3,5,all,all,best-time hit rate (±30 min),lvlh5_tft,0.8057328470480967,0.8029107034206391,0.8087680757045745,157932.0,False,11806,132,clim,-0.005838615890567667,-0.008144772052764893,-0.0035865738987922668,-0.011197693645954132,9.163171052932727e-05,125886.0,0.714263018735177,False
D3,5,all,all,best-time hit rate (±30 min),prod_served,0.778378752334891,0.7748392909765244,0.781977066397667,159001.0,False,11481,132,clim,-0.0333966259562265,-0.03588427305221557,-0.030955894291400908,-0.04684653580188751,-0.022786886990070348,127977.0,0.7261271177785595,False
D3,5,all,all,best-time hit rate (±30 min),prod_served_lin,0.7913346456940522,0.7880355969071389,0.7946211904287338,159001.0,False,11481,132,clim,-0.018847136594856928,-0.021289317309856413,-0.016300430893898012,-0.031015223264694212,-0.008976551890373231,127977.0,0.7261271177785595,False
D3,5,all,all,best-time hit rate (±30 min),snaive7,0.8245620906073453,0.8212305799126625,0.8279506176710129,102133.0,False,13413,226,clim,-0.01867695910905043,-0.02113485485315323,-0.01628106236457825,-0.024753621220588683,-0.013149598240852357,83686.0,0.47482496056648094,False
D3,5,all,all,best-time hit rate (±30 min),wt_med,0.8261577149364205,0.8235826075077057,0.8288028940558434,210760.0,False,16583,226,clim,0.005002413955571661,0.0037567317485809326,0.006186047196388244,0.003145347535610199,0.006973955035209656,171917.0,0.9754377404309885,True
D3,6,all,all,best-time hit rate (±30 min),clim,0.8291120347195113,0.8263492450118065,0.8318523332476616,174196.0,False,14453,225,clim,,,,,,,,
D3,6,all,all,best-time hit rate (±30 min),h5,0.830012513659276,0.8277716144919396,0.8324298650026322,226952.0,False,17003,225,clim,0.011279999537467944,0.00992233157157898,0.012794166803359985,0.00781436711549759,0.015162946283817291,172961.0,0.9929102849663597,True
D3,6,all,all,best-time hit rate (±30 min),lvlh5_cbd,0.7681647090125128,0.7649468585848809,0.7716706588864326,127789.0,False,9076,124,clim,-0.041784918148697336,-0.044990436732769014,-0.03840484470129013,-0.05583003610372543,-0.028173528611660004,101831.0,0.584577142988358,False
D3,6,all,all,best-time hit rate (±30 min),lvlh5_naive,0.8173053736925198,0.815075297653675,0.8197181358933449,219793.0,False,16472,225,clim,-0.003593633133881835,-0.0053904041647911075,-0.0017140880227088935,-0.00849491059780121,0.0017248883843421934,171136.0,0.9824335805644216,False
D3,6,all,all,best-time hit rate (±30 min),lvlh5_tft,0.8034733684866313,0.8006823554635047,0.8065882951021195,155699.0,False,11661,131,clim,-0.008576343182937762,-0.010815438628196717,-0.006266115605831147,-0.01445554792881012,-0.002408413589000703,123829.0,0.7108601804863487,False
D3,6,all,all,best-time hit rate (±30 min),prod_served,0.7784387280034137,0.7750118598341942,0.7819462284445763,157013.0,False,11346,131,clim,-0.03260921347244061,-0.034982319176197055,-0.03008583337068558,-0.045873209834098816,-0.02195791155099869,125946.0,0.7230131575925969,False
D3,6,all,all,best-time hit rate (±30 min),prod_served_lin,0.7907943928209766,0.7875610068440437,0.794049072265625,157013.0,False,11346,131,clim,-0.018801708668794603,-0.021181292831897736,-0.016323043406009676,-0.030781468749046324,-0.009122495353221894,125946.0,0.7230131575925969,False
D3,6,all,all,best-time hit rate (±30 min),snaive7,0.8245553631856457,0.8212226629257202,0.8279693126678467,101656.0,False,13366,225,clim,-0.018399408893249425,-0.02081373184919357,-0.015925003588199614,-0.02439960241317749,-0.013063666224479676,82557.0,0.47393166318399965,False
D3,6,all,all,best-time hit rate (±30 min),wt_med,0.8257455999154338,0.8230545312166214,0.8283720016479492,208121.0,False,16421,225,clim,0.00435279427009716,0.0032170578837394715,0.005617518723011017,0.002530933916568756,0.00629921406507492,169776.0,0.974626283037498,True
D3,7,all,all,best-time hit rate (±30 min),clim,0.828904418053915,0.8261596947908402,0.8318292632699013,171863.0,False,14321,224,clim,,,,,,,,
D3,7,all,all,best-time hit rate (±30 min),h5,0.8294685558485675,0.8271515592932701,0.8319840729236603,223730.0,False,16816,224,clim,0.010900540629287803,0.009450745582580567,0.012296096980571746,0.007388909161090851,0.014614629745483398,170542.0,0.9923136451708628,True
D3,7,all,all,best-time hit rate (±30 min),lvlh5_cbd,0.766576406029091,0.7630495056509972,0.7699837982654572,125193.0,False,8909,123,clim,-0.04308712595546027,-0.046720460057258606,-0.03957729935646057,-0.05828647166490555,-0.028365480899810794,99821.0,0.5808172788791072,False
D3,7,all,all,best-time hit rate (±30 min),lvlh5_naive,0.8162490185505765,0.8137923553586006,0.8189109176397323,211422.0,False,15863,224,clim,-0.006079371897670827,-0.007937856018543243,-0.0042603880167007445,-0.010987524688243865,-0.0007972925901412973,167616.0,0.975288456503145,False
D3,7,all,all,best-time hit rate (±30 min),lvlh5_tft,0.8016185061855198,0.798696719110012,0.8046900108456612,152857.0,False,11488,130,clim,-0.009907584029467897,-0.01220538467168808,-0.007640872895717621,-0.015521124005317688,-0.003888750076293946,121624.0,0.7076799543822696,False
D3,7,all,all,best-time hit rate (±30 min),prod_served,0.7780490482926105,0.7746339604258538,0.7815178126096726,154827.0,False,11207,130,clim,-0.033059052479428974,-0.03554925471544266,-0.0305704265832901,-0.046078188717365264,-0.02224341928958893,123839.0,0.7205681269383172,False
D3,7,all,all,best-time hit rate (±30 min),prod_served_lin,0.7904176920046245,0.787033098936081,0.7936660185456276,154827.0,False,11207,130,clim,-0.01902470142685264,-0.021474665403366087,-0.016581997275352478,-0.031014753878116606,-0.009278300404548646,123839.0,0.7205681269383172,False
D3,7,all,all,best-time hit rate (±30 min),wt_med,0.8259373638797395,0.8233374401926994,0.828480638563633,204323.0,False,16200,224,clim,0.004405602348060533,0.0031320124864578245,0.005613370239734649,0.0026278406381607055,0.006355316936969757,167287.0,0.9733741410309374,True
D3,10,all,all,best-time hit rate (±30 min),clim,0.8292728365384615,0.8264811307191848,0.8322408735752106,166400.0,False,13979,221,clim,,,,,,,,
D3,10,all,all,best-time hit rate (±30 min),h5,0.8293694830341067,0.8270057052373886,0.8319798886775971,217171.0,False,16434,221,clim,0.010334600898819213,0.008887279033660888,0.011799193918704987,0.0070670291781425474,0.01409386247396469,164883.0,0.9908834134615384,True
D3,10,all,all,best-time hit rate (±30 min),lvlh5_cbd,0.7651467936412967,0.7615464299917221,0.7689299806952477,120339.0,False,8625,120,clim,-0.04505135143606409,-0.04885148853063583,-0.04163266122341156,-0.060116222500801085,-0.030977492034435283,95713.0,0.5751983173076923,False
D3,10,all,all,best-time hit rate (±30 min),lvlh5_naive,0.8158740266882797,0.8133507922291756,0.8186183586716652,207282.0,False,15662,221,clim,-0.006523185334844528,-0.008379428088665009,-0.0046759799122810366,-0.011284726858139037,-0.0012976214289665223,162344.0,0.975625,False
D3,10,all,all,best-time hit rate (±30 min),lvlh5_tft,0.8006871683222208,0.7976224571466446,0.8037828102707862,146980.0,False,11121,127,clim,-0.011551721180728225,-0.01395476758480072,-0.009239530563354493,-0.017346708476543425,-0.005475242435932162,116606.0,0.7007572115384615,False
D3,10,all,all,best-time hit rate (±30 min),prod_served,0.779124592616338,0.7755746960639953,0.7828115507960319,149736.0,False,10854,127,clim,-0.032340296649026934,-0.03483410030603409,-0.029820068180561068,-0.04534516185522079,-0.02140271216630936,118861.0,0.7143088942307693,False
D3,10,all,all,best-time hit rate (±30 min),prod_served_lin,0.7914863493081156,0.7880345910787583,0.7950066432356835,149736.0,False,10854,127,clim,-0.01814724762537745,-0.020591816306114195,-0.015593665838241576,-0.03014722466468811,-0.008426968753337868,118861.0,0.7143088942307693,False
D3,10,all,all,best-time hit rate (±30 min),wt_med,0.8258401291803346,0.8231441140174866,0.8284309267997741,196934.0,False,15753,221,clim,0.0032815508733259335,0.0020805910229682923,0.004427652060985565,0.0015025213360786438,0.0051164314150810245,161509.0,0.9706069711538462,True
D3,14,all,all,best-time hit rate (±30 min),clim,0.8295161401680862,0.8266462594270706,0.8324003279209137,159323.0,False,13489,217,clim,,,,,,,,
D3,14,all,all,best-time hit rate (±30 min),h5,0.8287467050083872,0.8262473598122597,0.8313974753022194,208650.0,False,15880,217,clim,0.009338921047125748,0.007797001302242279,0.010870790481567383,0.006070315837860107,0.013092029094696044,157727.0,0.9899826139352134,True
D3,14,all,all,best-time hit rate (±30 min),lvlh5_cbd,0.7627094663306363,0.7592192009091377,0.7665781691670418,113085.0,False,8105,116,clim,-0.048165086197233586,-0.051919478178024295,-0.04428447484970093,-0.06409149169921875,-0.032684062421321866,89214.0,0.5599568172831293,False
D3,14,all,all,best-time hit rate (±30 min),lvlh5_naive,0.813900660092902,0.8113400235772132,0.8166565060615539,196336.0,False,14904,217,clim,-0.010037080898483763,-0.011912019550800323,-0.008038900792598724,-0.015331578254699708,-0.0043924272060394285,154527.0,0.9698976293441625,False
D3,14,all,all,best-time hit rate (±30 min),lvlh5_tft,0.8003694864569555,0.797139385342598,0.80366550385952,139112.0,False,10586,123,clim,-0.012302669378300268,-0.01489022970199585,-0.00984881967306137,-0.017870746552944183,-0.005956605076789857,109651.0,0.6882308266854127,False
D3,14,all,all,best-time hit rate (±30 min),prod_served,0.778405700445786,0.7746317654848098,0.7821375787258148,142445.0,False,10349,123,clim,-0.03344909686543385,-0.036046354472637175,-0.030887557566165926,-0.04702411144971848,-0.022156803309917456,111722.0,0.7012295776504334,False
D3,14,all,all,best-time hit rate (±30 min),prod_served_lin,0.7910702376355786,0.7874352157115936,0.7945797130465507,142445.0,False,10349,123,clim,-0.018402821288555526,-0.020958927273750306,-0.015751592814922333,-0.030721592903137206,-0.008187064528465276,111722.0,0.7012295776504334,False
D3,14,all,all,best-time hit rate (±30 min),wt_med,0.8257988797012537,0.8231287285685539,0.8285053446888924,187450.0,False,15156,217,clim,0.0019009926685266132,0.0007002130150794983,0.003125523030757904,0.0001937389373779297,0.003625144064426422,154130.0,0.9674058359433353,True
D3,21,all,all,best-time hit rate (±30 min),clim,0.8291940002849254,0.8264294221997261,0.8321842387318611,147407.0,False,12706,210,clim,,,,,,,,
D3,21,all,all,best-time hit rate (±30 min),h5,0.8294542679960467,0.8268722146749496,0.8320701733231545,195279.0,False,15009,210,clim,0.00877710678012622,0.007189232110977173,0.010352733731269836,0.005433189868927002,0.01307273805141449,145720.0,0.9885554960076522,True
D3,21,all,all,best-time hit rate (±30 min),lvlh5_cbd,0.7623832118573595,0.7588967904448509,0.7663511767983436,102215.0,False,7342,109,clim,-0.049856316430122116,-0.053859290480613706,-0.04615236222743988,-0.06778824031352997,-0.032524748146533965,79689.0,0.5406052629793701,False
D3,21,all,all,best-time hit rate (±30 min),lvlh5_naive,0.8128606308782149,0.8102063089609146,0.8155124545097351,182666.0,False,14014,210,clim,-0.011973778407894597,-0.013923250138759613,-0.00998430997133255,-0.017714455723762512,-0.005886518955230713,142478.0,0.9665619678848358,False
D3,21,all,all,best-time hit rate (±30 min),lvlh5_tft,0.7991426628070675,0.7958830386400223,0.8023237630724906,126438.0,False,9683,116,clim,-0.014497749300458218,-0.017354559898376466,-0.011987729370594025,-0.02121228277683258,-0.006722314655780793,98636.0,0.6691405428507465,False
D3,21,all,all,best-time hit rate (±30 min),prod_served,0.777408916130506,0.7735320076346397,0.7814371898770333,131335.0,False,9582,116,clim,-0.03236374466395309,-0.034971299767494204,-0.02981332987546921,-0.046315498650074005,-0.021072530746459962,100730.0,0.6833461097505545,False
D3,21,all,all,best-time hit rate (±30 min),prod_served_lin,0.7891270415350059,0.7854356884956359,0.7928652212023735,131335.0,False,9582,116,clim,-0.017800059565174164,-0.020284004509449005,-0.0151992529630661,-0.030241592228412627,-0.00695649087429047,100730.0,0.6833461097505545,False
D3,21,all,all,best-time hit rate (±30 min),wt_med,0.8257127955493742,0.8229948669672013,0.8285715416073799,172560.0,False,14188,210,clim,0.0010631107606522416,-0.0002314731478691101,0.0022940427064895626,-0.0009811773896217346,0.0030908256769180296,142036.0,0.9635634671352107,False
D3,30,all,all,best-time hit rate (±30 min),clim,0.8297830419593668,0.8268294990062713,0.8328177869319916,131961.0,False,11651,201,clim,,,,,,,,
D3,30,all,all,best-time hit rate (±30 min),h5,0.828964223111151,0.8262534409761428,0.831665650010109,177992.0,False,13951,201,clim,0.009024798979136883,0.007366727292537689,0.010647960007190704,0.005497179925441742,0.01323026269674301,130086.0,0.9857912565076046,True
D3,30,all,all,best-time hit rate (±30 min),lvlh5_cbd,0.7598391137775681,0.7555021077394486,0.7639354839920998,89007.0,False,6510,100,clim,-0.051767862935330644,-0.05601657778024673,-0.04763792753219605,-0.07150001972913742,-0.03302177488803863,67822.0,0.5139548806086647,False
D3,30,all,all,best-time hit rate (±30 min),lvlh5_naive,0.8115496234470188,0.808808921277523,0.8144910365343094,166776.0,False,13065,201,clim,-0.012202020836934557,-0.014354924857616424,-0.010065779089927673,-0.018332560360431672,-0.005728425085544587,127274.0,0.9644819302672759,False
D3,30,all,all,best-time hit rate (±30 min),lvlh5_tft,0.7998699693042292,0.7958244323730469,0.8036697030067443,93824.0,False,7201,105,clim,-0.011865164770662684,-0.014963753521442413,-0.009043294191360473,-0.019753874838352205,-0.0033103451132774357,71554.0,0.5422359636559286,False
D3,30,all,all,best-time hit rate (±30 min),prod_served,0.7782184258694326,0.7738885134458542,0.782733379304409,104896.0,False,7660,105,clim,-0.030188243149541605,-0.03305482864379883,-0.02730167657136917,-0.04218678623437881,-0.019935655593872073,77878.0,0.5901592137070801,False
D3,30,all,all,best-time hit rate (±30 min),prod_served_lin,0.7894199969493594,0.7852335482835769,0.7936863914132118,104896.0,False,7660,105,clim,-0.015922340070366525,-0.018821409344673155,-0.012983137369155883,-0.026723599433898924,-0.005410803854465486,77878.0,0.5901592137070801,False
D3,30,all,all,best-time hit rate (±30 min),wt_med,0.8250728298011148,0.8222454398870468,0.8279874950647355,154813.0,False,13025,201,clim,0.0012550715943355772,7.5355172157287825e-06,0.002650846540927887,-0.0008081778883934021,0.003251583874225616,126686.0,0.9600260683080607,False
D3,45,all,all,best-time hit rate (±30 min),clim,0.8302554839637308,0.8270391061902046,0.8334602147340775,111279.0,False,10213,186,clim,,,,,,,,
D3,45,all,all,best-time hit rate (±30 min),h5,0.8282808578154058,0.8253309011459351,0.8311539769172669,153786.0,False,12436,186,clim,0.009404331470727945,0.007689474523067475,0.01105821430683136,0.0051907777786254885,0.014722600579261778,109524.0,0.9842288302375111,True
D3,45,all,all,best-time hit rate (±30 min),lvlh5_cbd,0.7547516057150347,0.7475148737430573,0.762256321310997,22887.0,False,1958,84,clim,-0.021152703505644688,-0.027393899857997894,-0.014939625561237338,-0.041401566565036775,0.0007660642266273488,16830.0,0.15124147413258565,False
D3,45,all,all,best-time hit rate (±30 min),lvlh5_naive,0.810559679823119,0.8076099261641503,0.8136177286505699,142921.0,False,11534,186,clim,-0.01311994306263109,-0.01548210233449936,-0.01079757660627365,-0.0202972412109375,-0.004967434704303744,106784.0,0.9596060352806909,False
D3,45,all,all,best-time hit rate (±30 min),lvlh5_tft,0.8023059939488102,0.7977155268192291,0.8072088107466697,61145.0,False,4901,74,clim,-0.009938949430125188,-0.013410148024559022,-0.00617433786392212,-0.02083813101053238,0.0018956363201141305,47993.0,0.43128532786958906,False
D3,45,all,all,best-time hit rate (±30 min),prod_served,0.777562779497764,0.7723433494567871,0.78317282050848,69768.0,False,5364,85,clim,-0.029748632630114513,-0.033272461593151094,-0.02624633014202118,-0.0423298180103302,-0.01867870092391968,52473.0,0.47154449626614187,False
D3,45,all,all,best-time hit rate (±30 min),prod_served_lin,0.7899466804265566,0.7849234357476235,0.79539984613657,69768.0,False,5364,85,clim,-0.01276847140434123,-0.016295194625854492,-0.00925358682870865,-0.025146684050559996,-0.0006250634789466878,52473.0,0.47154449626614187,False
D3,45,all,all,best-time hit rate (±30 min),wt_med,0.8245532870187786,0.8216792896389962,0.8277064606547355,131852.0,False,11468,186,clim,-0.00033702185024997444,-0.0018099859356880189,0.0011901363730430596,-0.0030266359448432923,0.0022832781076431263,106818.0,0.9599115736122719,False
D3,60,all,all,best-time hit rate (±30 min),clim,0.8321634656790974,0.828714108467102,0.8355208307504653,92888.0,False,8819,171,clim,,,,,,,,
D3,60,all,all,best-time hit rate (±30 min),h5,0.8292357877282835,0.8261862754821777,0.8322137877345085,129061.0,False,10765,171,clim,0.004595698339232235,0.0026788339018821716,0.0063960224390029905,-0.00010827481746673581,0.008926039934158326,91825.0,0.9885561105847903,False
D3,60,all,all,best-time hit rate (±30 min),lvlh5_naive,0.8100546064826412,0.8068409696221351,0.8132424458861351,119766.0,False,9882,171,clim,-0.01779872036803376,-0.020167669653892516,-0.015319454669952392,-0.02558813989162445,-0.010167616605758668,89557.0,0.9641396089914736,False
D3,60,all,all,best-time hit rate (±30 min),lvlh5_tft,0.8189415041782729,0.7725632026791572,0.8630659341812134,359.0,False,79,48,clim,-0.019736842105263164,-0.055970878899097444,0.013159354031085967,-0.04529307633638382,0.03379108607769005,304.0,0.003272758590991301,False
D3,60,all,all,best-time hit rate (±30 min),prod_served,0.7684478371501272,0.6908632516860962,0.8400099501013756,393.0,False,79,48,clim,-0.0296052631578948,-0.08823763728141784,0.01846873760223388,-0.052315762639045714,0.038461506366729736,304.0,0.003272758590991301,False
D3,60,all,all,best-time hit rate (±30 min),prod_served_lin,0.7786259541984732,0.6962552800774574,0.851067528128624,393.0,False,79,48,clim,-0.016447368421052655,-0.07024457156658173,0.02718036472797391,-0.04167025685310364,0.05003200471401212,304.0,0.003272758590991301,False
D3,60,all,all,best-time hit rate (±30 min),wt_med,0.8259088904290844,0.8225812166929245,0.8291205108165741,111097.0,False,9920,171,clim,-0.002448852378726163,-0.004025749862194061,-0.0007098019123077395,-0.006302620470523834,0.0010820925235748285,89838.0,0.9671647575574885,False
D3,90,all,all,best-time hit rate (±30 min),clim,0.8375168559406021,0.8335540235042572,0.8416100353002548,61551.0,False,6265,141,clim,,,,,,,,
D3,90,all,all,best-time hit rate (±30 min),h5,0.8371716048953883,0.8337019801139831,0.8407406747341156,86367.0,False,7755,141,clim,0.002786017469968316,0.0006027728319168091,0.004986339807510376,-0.0015365242958068847,0.00756280869245529,61019.0,0.9913567610599341,False
D3,90,all,all,best-time hit rate (±30 min),lvlh5_naive,0.8138996427371068,0.8100679740309715,0.8177176982164382,80333.0,False,7100,141,clim,-0.021441513992349504,-0.024265998601913454,-0.018531194329261782,-0.028991954028606416,-0.014253526926040656,59604.0,0.9683676950821271,False
D3,90,all,all,best-time hit rate (±30 min),wt_med,0.8318942255801404,0.8279377415776252,0.835791289806366,74120.0,False,7092,141,clim,-0.0012949711951920628,-0.0032017454504966736,0.0005622133612632747,-0.005156895518302918,0.002765603363513946,60233.0,0.9785868629266787,False
D3,0,all,all,best-time regret (min),clim,3.032755391966938,2.9723721861839296,3.093480032682419,185832.0,True,15210,231,wt_med,0.17004867460369644,0.13982267379760743,0.20131142139434813,0.11006398200988769,0.23010792732238766,182436.0,0.8118116648199816,False
D3,0,all,all,best-time regret (min),h5,2.8203744552867818,2.772946685552597,2.8653530180454254,240723.0,True,17837,231,wt_med,-0.29440610162552794,-0.32186529636383054,-0.26836304664611815,-0.37726632952690126,-0.22402743101119996,224727.0,1.0,True
D3,0,all,all,best-time regret (min),lvlh5_cbd,3.883247987223724,3.8156640470027923,3.9511235058307648,136503.0,True,9604,130,wt_med,0.7567182758888977,0.7026614010334015,0.8113665163516999,0.567820918560028,0.9359422445297241,128530.0,0.5719383963653678,False
D3,0,all,all,best-time regret (min),lvlh5_naive,3.163313344905581,3.115256941318512,3.2122732162475587,228132.0,True,16905,231,wt_med,0.10542080552807942,0.07315784096717834,0.14001215696334837,-0.006238597631454467,0.20423035025596617,215337.0,0.9582159687086999,False
D3,0,all,all,best-time regret (min),lvlh5_tft,3.260496949858652,3.2015856981277464,3.3175297558307646,168025.0,True,12458,137,wt_med,0.07763949559053795,0.0395474374294281,0.11690905094146728,-0.037428051233291626,0.1794032573699951,157729.0,0.7018693792913179,False
D3,0,all,all,best-time regret (min),snaive7,3.4471843200740055,3.3692042410373686,3.5194088876247407,103776.0,True,13610,231,wt_med,0.7756199845187588,0.7236579179763794,0.8290008962154388,0.6219490766525269,0.9495337605476379,102059.0,0.4541465867474758,False
D3,0,all,all,best-time regret (min),wt_med,3.027397686971303,2.974931114912033,3.07564862370491,224727.0,True,17382,231,wt_med,,,,,,,,
D3,1,all,all,best-time regret (min),clim,3.0330557369910736,2.974384093284607,3.095392441749573,183720.0,True,15080,230,clim,,,,,,,,
D3,1,all,all,best-time regret (min),h5,2.834042946667619,2.7837471544742582,2.8800964295864104,237923.0,True,17655,230,clim,-0.41220279624613543,-0.44977469444274903,-0.37499133944511415,-0.5287894010543823,-0.30583584904670713,182745.0,0.9946930111038537,True
D3,1,all,all,best-time regret (min),lvlh5_cbd,3.917433662063448,3.8535351753234863,3.9890884518623353,133747.0,True,9433,129,clim,0.6397126303592118,0.5673929214477539,0.7101658105850219,0.3890608012676239,0.8780338585376739,107875.0,0.5871706945351622,False
D3,1,all,all,best-time regret (min),lvlh5_naive,3.164748455428067,3.118356829881668,3.212146443128586,226600.0,True,16828,230,clim,-0.040344974753213414,-0.08051603436470031,0.0026419579982757515,-0.1823631465435028,0.0841458201408386,180419.0,0.9820324406705857,False
D3,1,all,all,best-time regret (min),lvlh5_tft,3.2995380853183587,3.2441697657108306,3.3587462544441222,165615.0,True,12295,136,clim,-0.01902243324868902,-0.06960932016372681,0.03306745886802673,-0.1731436848640442,0.12927818894386292,133106.0,0.7245046810363597,False
D3,1,all,all,best-time regret (min),snaive7,3.443265905446396,3.3647415220737455,3.51629598736763,103518.0,True,13580,230,clim,0.6241002644590092,0.5564303755760193,0.6928966581821442,0.4726730763912201,0.7850550234317779,86970.0,0.4733834095362508,False
D3,1,all,all,best-time regret (min),wt_med,3.0337658928272373,2.9815103888511656,3.083879601955414,220933.0,True,17163,230,clim,-0.15867460039668657,-0.18885450959205627,-0.12914419174194336,-0.21868214011192322,-0.10442448258399964,179991.0,0.9797028086218158,True
D3,2,all,all,best-time regret (min),clim,3.025792395424711,2.9686917543411253,3.084865963459015,181759.0,True,14958,229,clim,,,,,,,,
D3,2,all,all,best-time regret (min),h5,2.826778434375358,2.7771951019763947,2.872907930612564,235727.0,True,17526,229,clim,-0.4069219277375091,-0.4442124605178833,-0.3704953670501709,-0.5203582525253296,-0.29969791173934934,180730.0,0.9943386572329294,True
D3,2,all,all,best-time regret (min),lvlh5_cbd,3.9451414328335663,3.877586728334427,4.020018792152404,132395.0,True,9369,128,clim,0.6641328115468719,0.592032665014267,0.7387764632701874,0.4169897139072418,0.9015746593475341,106557.0,0.5862543257830424,False
D3,2,all,all,best-time regret (min),lvlh5_naive,3.1642920214583325,3.117543286085129,3.2125448405742647,225367.0,True,16763,229,clim,-0.03464595153151251,-0.07528221607208252,0.00659443140029907,-0.17748600244522095,0.08783735632896421,178549.0,0.9823392514263393,False
D3,2,all,all,best-time regret (min),lvlh5_tft,3.3158248458817274,3.260576468706131,3.3734216928482055,163673.0,True,12182,135,clim,0.012063047498725332,-0.04014284610748291,0.06496404409408568,-0.13976811170578002,0.1556597292423247,131393.0,0.722896802909347,False
D3,2,all,all,best-time regret (min),snaive7,3.4428470467505057,3.3634830713272095,3.515775454044342,103293.0,True,13545,229,clim,0.6257730642934218,0.55811408162117,0.6938849508762359,0.4730969309806824,0.7891462922096252,86183.0,0.47416083935320946,False
D3,2,all,all,best-time regret (min),wt_med,3.0325664349771673,2.9796289265155793,3.0852252542972565,218108.0,True,17012,229,clim,-0.1539179681568421,-0.1852336823940277,-0.1237496554851532,-0.21226290464401246,-0.09975930452346803,177809.0,0.9782679262099814,True
D3,3,all,all,best-time regret (min),clim,3.0240738888333167,2.9664505779743195,3.08522692322731,179946.0,True,14838,228,clim,,,,,,,,
D3,3,all,all,best-time regret (min),h5,2.835650208861193,2.7846440732479096,2.8828696608543396,233648.0,True,17402,228,clim,-0.4006876310272536,-0.43804205060005186,-0.3654990613460541,-0.5169061839580535,-0.29616971015930177,178875.0,0.9940482144643393,True
D3,3,all,all,best-time regret (min),lvlh5_cbd,3.951200478827781,3.884326183795929,4.021633458137512,131989.0,True,9353,127,clim,0.6715874468225596,0.597252506017685,0.7464100539684295,0.42241687774658204,0.9105528771877288,106013.0,0.5891378524668511,False
D3,3,all,all,best-time regret (min),lvlh5_naive,3.171256496620642,3.123315143585205,3.2183605670928954,224155.0,True,16701,228,clim,-0.028954035468693462,-0.071238774061203,0.01318620443344116,-0.17374625205993652,0.09353515505790706,176832.0,0.9826948084425328,False
D3,3,all,all,best-time regret (min),lvlh5_tft,3.3306896445226846,3.2711930871009827,3.3885265469551085,161895.0,True,12064,134,clim,0.024475227985785164,-0.028254944086074825,0.07652025818824768,-0.13215839266777038,0.17399964332580564,129723.0,0.7208996032142976,False
D3,3,all,all,best-time regret (min),prod_served,4.31127086228738,4.230096232891083,4.3945319056510925,162614.0,True,11741,134,clim,0.9854077253218883,0.9223231852054596,1.0476134300231934,0.6366383135318756,1.3878058314323423,131645.0,0.7315805852866971,False
D3,3,all,all,best-time regret (min),prod_served_lin,3.732741338384149,3.6600159406661987,3.8061810731887817,162614.0,True,11741,134,clim,0.35756770101409074,0.2984579265117645,0.41534671783447263,0.14075039625167846,0.5975885152816771,131645.0,0.7315805852866971,False
D3,3,all,all,best-time regret (min),snaive7,3.441456664238893,3.3615317225456236,3.5153858840465544,102975.0,True,13505,228,clim,0.63280408411784,0.5636720657348633,0.7021089613437652,0.4813830852508545,0.7930176556110381,85404.0,0.47460904938148113,False
D3,3,all,all,best-time regret (min),wt_med,3.039929484354341,2.9872965216636658,3.0918681800365446,215555.0,True,16857,228,clim,-0.14465587643171585,-0.17642903923988343,-0.11478025317192078,-0.20215940475463867,-0.09241244792938233,175838.0,0.9771709290564947,True
D3,4,all,all,best-time regret (min),clim,3.0192766485351656,2.9602132201194764,3.0790985465049743,178143.0,True,14716,227,clim,,,,,,,,
D3,4,all,all,best-time regret (min),h5,2.83565578727301,2.7854999601840973,2.8828778743743895,231508.0,True,17274,227,clim,-0.39828282542999993,-0.4361098110675812,-0.3635971188545227,-0.5141002237796783,-0.29240078926086427,177035.0,0.993780277642119,True
D3,4,all,all,best-time regret (min),lvlh5_cbd,3.9646844401061525,3.8984042763710023,4.03437294960022,131132.0,True,9297,126,clim,0.6708789745930321,0.5970775365829468,0.7473158597946167,0.41755244731903074,0.9146849811077118,105168.0,0.5903571849581516,False
D3,4,all,all,best-time regret (min),lvlh5_naive,3.173305986158859,3.1252536177635193,3.2234653890132905,222814.0,True,16626,227,clim,-0.025959116533301074,-0.06849654316902161,0.015316861867904638,-0.167603999376297,0.09932586550712585,175083.0,0.9828227884340108,False
D3,4,all,all,best-time regret (min),lvlh5_tft,3.3327353867693383,3.2733058273792266,3.390279769897461,159992.0,True,11939,133,clim,0.02056197520053793,-0.03479752540588379,0.07614540457725523,-0.14205576181411744,0.16800370812416074,127906.0,0.7179962165226812,False
D3,4,all,all,best-time regret (min),prod_served,4.307239329419958,4.226415526866913,4.391397416591644,160816.0,True,11608,133,clim,0.9936482272779767,0.933146071434021,1.055087000131607,0.6494967043399811,1.3983881175518034,129885.0,0.729105269362254,False
D3,4,all,all,best-time regret (min),prod_served_lin,3.722254004576659,3.6500738620758058,3.797660768032074,160816.0,True,11608,133,clim,0.35599953805289264,0.29988470673561096,0.4133815288543701,0.13612438440322877,0.5947622299194335,129885.0,0.729105269362254,False
D3,4,all,all,best-time regret (min),snaive7,3.4414195761935398,3.361991620063782,3.5135011970996857,102594.0,True,13454,227,clim,0.6308712143591442,0.5619873225688934,0.7001203417778015,0.4775493025779724,0.7898274958133698,84629.0,0.47506216915623967,False
D3,4,all,all,best-time regret (min),wt_med,3.045065837308903,2.9915629625320435,3.096818095445633,213177.0,True,16726,227,clim,-0.13662028518859248,-0.16801637411117554,-0.10622174143791199,-0.19339337944984436,-0.08715166449546816,173920.0,0.9762943253453686,True
D3,5,all,all,best-time regret (min),clim,3.0200855622255256,2.961356574296951,3.0823490977287293,176246.0,True,14583,226,clim,,,,,,,,
D3,5,all,all,best-time regret (min),h5,2.8430675558385707,2.7936188340187074,2.890179508924484,229277.0,True,17146,226,clim,-0.3873145709928201,-0.42512306571006775,-0.35319114923477174,-0.5061249256134033,-0.2796212136745453,175067.0,0.9933104864791258,True
D3,5,all,all,best-time regret (min),lvlh5_cbd,3.9851949054419142,3.913557678461075,4.053815841674805,129550.0,True,9191,125,clim,0.6829564982332839,0.6079419195652008,0.7620703220367432,0.4268275260925293,0.9362303733825683,103582.0,0.5877126289390965,False
D3,5,all,all,best-time regret (min),lvlh5_naive,3.1795765900457558,3.1314836919307707,3.2292530477046966,221393.0,True,16555,226,clim,-0.020949543244522584,-0.06240684390068054,0.022280895709991446,-0.16306488513946532,0.10213021039962769,173178.0,0.9825925127378777,False
D3,5,all,all,best-time regret (min),lvlh5_tft,3.3574259808018643,3.298675334453583,3.4145804405212403,157932.0,True,11806,132,clim,0.04641501040624085,-0.008052796125411987,0.10475075244903563,-0.1166620671749115,0.20095757842063902,125886.0,0.714263018735177,False
D3,5,all,all,best-time regret (min),prod_served,4.298369192646587,4.214833986759186,4.385160946846009,159001.0,True,11481,132,clim,0.985466138446752,0.9241227865219116,1.0499796330928803,0.6417810022830963,1.3825341165065765,127977.0,0.7261271177785595,False
D3,5,all,all,best-time regret (min),prod_served_lin,3.7123099854717894,3.64235999584198,3.7861226439476012,159001.0,True,11481,132,clim,0.34516358408151504,0.28191726207733153,0.40025072693824765,0.12083373665809631,0.5842125058174131,127977.0,0.7261271177785595,False
D3,5,all,all,best-time regret (min),snaive7,3.439994908599571,3.361472952365875,3.511024874448776,102133.0,True,13413,226,clim,0.6233659154458331,0.5518274009227753,0.6941426455974579,0.46985669136047364,0.7829182028770446,83686.0,0.47482496056648094,False
D3,5,all,all,best-time regret (min),wt_med,3.042327766179541,2.987149739265442,3.0945603609085084,210760.0,True,16583,226,clim,-0.13225568152073386,-0.16400620937347413,-0.10135870575904847,-0.1872238039970398,-0.08161837458610535,171917.0,0.9754377404309885,True
D3,6,all,all,best-time regret (min),clim,3.023335782681577,2.965399092435837,3.085997062921524,174196.0,True,14453,225,clim,,,,,,,,
D3,6,all,all,best-time regret (min),h5,2.8603228876590645,2.8094347715377808,2.909202057123184,226952.0,True,17003,225,clim,-0.3733558432247732,-0.4103370845317841,-0.3407616257667542,-0.48975943922996523,-0.2660871982574463,172961.0,0.9929102849663597,True
D3,6,all,all,best-time regret (min),lvlh5_cbd,4.1823005109986,4.111994910240173,4.256829309463501,127789.0,True,9076,124,clim,0.8699904744134885,0.7915534257888794,0.9481696963310241,0.5669845104217529,1.173540836572647,101831.0,0.584577142988358,False
D3,6,all,all,best-time regret (min),lvlh5_naive,3.194810571765252,3.144511342048645,3.2434094190597533,219793.0,True,16472,225,clim,-0.006567875841436255,-0.04737036228179932,0.03692381381988525,-0.15292809009552003,0.11816316246986387,171136.0,0.9824335805644216,False
D3,6,all,all,best-time regret (min),lvlh5_tft,3.4103494563227765,3.349886006116867,3.4686263501644135,155699.0,True,11661,131,clim,0.09831299614791389,0.03965305089950562,0.1567802131175995,-0.07102358341217041,0.2494717359542846,123829.0,0.7108601804863487,False
D3,6,all,all,best-time regret (min),prod_served,4.302930330609567,4.218967592716217,4.388992667198181,157013.0,True,11346,131,clim,0.984548933669986,0.9258774518966675,1.0467567324638367,0.6438851416110992,1.3899442076683042,125946.0,0.7230131575925969,False
D3,6,all,all,best-time regret (min),prod_served_lin,3.7334488227089477,3.6627007603645323,3.809000313282013,157013.0,True,11346,131,clim,0.3583758118558751,0.29801217317581175,0.41557493805885315,0.13777124881744385,0.614655613899231,125946.0,0.7230131575925969,False
D3,6,all,all,best-time regret (min),snaive7,3.4376328008184465,3.3586226284503935,3.508762580156326,101656.0,True,13366,225,clim,0.6175490872972613,0.5471039950847626,0.6898073673248291,0.46580730676651,0.7792441785335541,82557.0,0.47393166318399965,False
D3,6,all,all,best-time regret (min),wt_med,3.0603014592472646,3.006663578748703,3.112919199466705,208121.0,True,16421,225,clim,-0.11256007916313227,-0.14302660822868346,-0.08205050230026247,-0.1639706611633301,-0.06414318084716798,169776.0,0.974626283037498,True
D3,7,all,all,best-time regret (min),clim,3.029063847366798,2.968065732717514,3.090329337120056,171863.0,True,14321,224,clim,,,,,,,,
D3,7,all,all,best-time regret (min),h5,2.8812497206454206,2.8282902359962465,2.93207990527153,223730.0,True,16816,224,clim,-0.35556637074738173,-0.39056566953659055,-0.31932308077812194,-0.4701986789703369,-0.2523596167564392,170542.0,0.9923136451708628,True
D3,7,all,all,best-time regret (min),lvlh5_cbd,4.2474259742956875,4.172541284561158,4.3219836235046385,125193.0,True,8909,123,clim,0.9220504703419121,0.8407982885837555,1.006888711452484,0.5940147817134858,1.2536018908023834,99821.0,0.5808172788791072,False
D3,7,all,all,best-time regret (min),lvlh5_naive,3.240230439594744,3.191104453802109,3.2909795165061952,211422.0,True,15863,224,clim,0.06572761550209982,0.026281869411468504,0.10822402834892272,-0.08314102292060851,0.1951192796230316,167616.0,0.975288456503145,False
D3,7,all,all,best-time regret (min),lvlh5_tft,3.468195764668939,3.409755551815033,3.5331268906593323,152857.0,True,11488,130,clim,0.15143392751430618,0.0945244312286377,0.21248867511749267,-0.00746718049049377,0.3033178389072418,121624.0,0.7076799543822696,False
D3,7,all,all,best-time regret (min),prod_served,4.306865081671801,4.2204784750938416,4.393925511837006,154827.0,True,11207,130,clim,0.9876936990770275,0.92686927318573,1.0511298537254334,0.6425018668174743,1.385949182510376,123839.0,0.7205681269383172,False
D3,7,all,all,best-time regret (min),prod_served_lin,3.736660918315281,3.6619077563285827,3.8133995473384856,154827.0,True,11207,130,clim,0.35543730165779763,0.29679262042045595,0.4142212986946106,0.13678036332130433,0.6111362099647522,123839.0,0.7205681269383172,False
D3,7,all,all,best-time regret (min),wt_med,3.061177645199023,3.005666184425354,3.1146283984184264,204323.0,True,16200,224,clim,-0.1033254227764262,-0.1333703100681305,-0.07328259944915771,-0.15542510747909546,-0.05514847636222842,167287.0,0.9733741410309374,True
D3,10,all,all,best-time regret (min),clim,3.0289242788461537,2.966498839855194,3.091406148672104,166400.0,True,13979,221,clim,,,,,,,,
D3,10,all,all,best-time regret (min),h5,2.891840991660949,2.838781076669693,2.9414123833179473,217171.0,True,16434,221,clim,-0.343601220259214,-0.3787348449230194,-0.3073608219623566,-0.4542637407779694,-0.2403736650943756,164883.0,0.9908834134615384,True
D3,10,all,all,best-time regret (min),lvlh5_cbd,4.2939612262026445,4.219008088111877,4.373082637786865,120339.0,True,8625,120,clim,0.9533292238253948,0.870635598897934,1.038025176525116,0.6230876326560975,1.2896058082580566,95713.0,0.5751983173076923,False
D3,10,all,all,best-time regret (min),lvlh5_naive,3.2490471917484394,3.195630830526352,3.3007953822612763,207282.0,True,15662,221,clim,0.06820701719804845,0.027350902557373047,0.11093757152557371,-0.0714523196220398,0.19374300241470335,162344.0,0.975625,False
D3,10,all,all,best-time regret (min),lvlh5_tft,3.4920533405905565,3.427981573343277,3.5583294153213503,146980.0,True,11121,127,clim,0.18457883813868925,0.13092328906059264,0.23902363181114197,0.01616396307945252,0.33997914791107176,116606.0,0.7007572115384615,False
D3,10,all,all,best-time regret (min),prod_served,4.302726131324464,4.214376294612885,4.388517105579377,149736.0,True,10854,127,clim,0.9977116127241064,0.9331072688102722,1.0604054033756256,0.6434947490692139,1.4036492466926573,118861.0,0.7143088942307693,False
D3,10,all,all,best-time regret (min),prod_served_lin,3.71023668322915,3.6343613862991333,3.7858271956443788,149736.0,True,10854,127,clim,0.3401704511992998,0.27803824543952943,0.40287591218948365,0.11363934874534606,0.6015773057937621,118861.0,0.7143088942307693,False
D3,10,all,all,best-time regret (min),wt_med,3.0746290635441316,3.0170880377292635,3.132027131319046,196934.0,True,15753,221,clim,-0.08825514367620357,-0.1177458941936493,-0.059725880622863776,-0.14141930937767028,-0.03716608285903931,161509.0,0.9706069711538462,True
D3,14,all,all,best-time regret (min),clim,3.037282752647138,2.9738617539405823,3.0991671442985536,159323.0,True,13489,217,clim,,,,,,,,
D3,14,all,all,best-time regret (min),h5,2.910932183081716,2.8571850657463074,2.966127723455429,208650.0,True,15880,217,clim,-0.3239204448192132,-0.3605786681175232,-0.28710887432098386,-0.44382807016372683,-0.21213792562484743,157727.0,0.9899826139352134,True
D3,14,all,all,best-time regret (min),lvlh5_cbd,4.384100455409648,4.303965389728546,4.463405239582062,113085.0,True,8105,116,clim,1.030555742372273,0.9410317063331604,1.119278907775879,0.6624337553977966,1.3897546350955963,89214.0,0.5599568172831293,False
D3,14,all,all,best-time regret (min),lvlh5_naive,3.312673172520577,3.2571097552776336,3.369534069299698,196336.0,True,14904,217,clim,0.15196697017349736,0.10681713223457337,0.1972639203071594,-0.0012524187564849853,0.28836517333984374,154527.0,0.9698976293441625,False
D3,14,all,all,best-time regret (min),lvlh5_tft,3.5094312496405773,3.4440974235534667,3.5764439404010773,139112.0,True,10586,123,clim,0.1918815149884634,0.13335264325141907,0.2512229204177856,0.017138415575027467,0.34801692366600034,109651.0,0.6882308266854127,False
D3,14,all,all,best-time regret (min),prod_served,4.305486328056443,4.2115397453308105,4.3939736723899845,142445.0,True,10349,123,clim,1.0013515690732353,0.9352568745613098,1.0667187690734863,0.6522860407829285,1.39096582531929,111722.0,0.7012295776504334,False
D3,14,all,all,best-time regret (min),prod_served_lin,3.7267366351925304,3.650503659248352,3.8087558448314667,142445.0,True,10349,123,clim,0.3386978392796407,0.27312411069869996,0.4025841891765594,0.09775421619415284,0.5918766558170319,111722.0,0.7012295776504334,False
D3,14,all,all,best-time regret (min),wt_med,3.0773646305681517,3.016211998462677,3.133821988105774,187450.0,True,15156,217,clim,-0.07632518004282085,-0.10466689467430115,-0.04537808299064638,-0.1296086072921753,-0.02861794233322145,154130.0,0.9674058359433353,True
D3,21,all,all,best-time regret (min),clim,3.0395639284430183,2.9768653750419616,3.102566879987717,147407.0,True,12706,210,clim,,,,,,,,
D3,21,all,all,best-time regret (min),h5,2.8995898176455226,2.849287837743759,2.9533191561698913,195279.0,True,15009,210,clim,-0.3249931375240189,-0.36130679249763487,-0.2884383320808411,-0.4520521700382233,-0.208292418718338,145720.0,0.9885554960076522,True
D3,21,all,all,best-time regret (min),lvlh5_cbd,4.454825612679157,4.36817684173584,4.546285700798035,102215.0,True,7342,109,clim,1.1095885253924633,1.015919530391693,1.2087565660476685,0.7118669807910919,1.4960383534431456,79689.0,0.5406052629793701,False
D3,21,all,all,best-time regret (min),lvlh5_naive,3.350136314366111,3.291722559928894,3.4112089574337006,182666.0,True,14014,210,clim,0.19803759176855396,0.14985826015472412,0.24471346139907835,0.025119560956954962,0.3608324646949768,142478.0,0.9665619678848358,False
D3,21,all,all,best-time regret (min),lvlh5_tft,3.5985542321137634,3.5269047141075136,3.6759506344795225,126438.0,True,9683,116,clim,0.26085810454600766,0.200491201877594,0.3236211836338043,0.055914938449859626,0.44298151135444636,98636.0,0.6691405428507465,False
D3,21,all,all,best-time regret (min),prod_served,4.336521110138197,4.2360214471817015,4.439817726612091,131335.0,True,9582,116,clim,0.9895959495681521,0.9188097298145295,1.0685411870479584,0.6301088392734527,1.3860640883445738,100730.0,0.6833461097505545,False
D3,21,all,all,best-time regret (min),prod_served_lin,3.7830129059275897,3.702609008550644,3.8752409875392915,131335.0,True,9582,116,clim,0.3400873622555345,0.2721001446247101,0.40995641350746154,0.08791540265083313,0.6048168957233426,100730.0,0.6833461097505545,False
D3,21,all,all,best-time regret (min),wt_med,3.0898354195642095,3.0275855481624605,3.1518361985683443,172560.0,True,14188,210,clim,-0.05257821960629672,-0.08098771572113037,-0.021605223417282104,-0.11164389252662658,0.007646358013153071,142036.0,0.9635634671352107,False
D3,30,all,all,best-time regret (min),clim,3.0421791286819593,2.9761840760707856,3.111280065774918,131961.0,True,11651,201,clim,,,,,,,,
D3,30,all,all,best-time regret (min),h5,2.9106139601779857,2.852810114622116,2.9697176575660706,177992.0,True,13951,201,clim,-0.3084882308626602,-0.3472196817398071,-0.26538201570510866,-0.4400547981262207,-0.19099398255348207,130086.0,0.9857912565076046,True
D3,30,all,all,best-time regret (min),lvlh5_cbd,4.587313357376386,4.489705049991608,4.691384899616241,89007.0,True,6510,100,clim,1.1703134676063813,1.0731355845928192,1.2692523539066314,0.7209160625934601,1.620762503147125,67822.0,0.5139548806086647,False
D3,30,all,all,best-time regret (min),lvlh5_naive,3.3844258166642684,3.3246710002422333,3.447340577840805,166776.0,True,13065,201,clim,0.2177742508289202,0.1699025809764862,0.27030980587005615,0.047107750177383424,0.37923927903175353,127274.0,0.9644819302672759,False
D3,30,all,all,best-time regret (min),lvlh5_tft,3.6796981582537516,3.59495125412941,3.7738826155662535,93824.0,True,7201,105,clim,0.2529977359756268,0.1878903925418854,0.32883278131484983,0.017491894960403445,0.4649422526359558,71554.0,0.5422359636559286,False
D3,30,all,all,best-time regret (min),prod_served,4.397012278828554,4.292240369319916,4.514023780822754,104896.0,True,7660,105,clim,1.0015665528133746,0.924191278219223,1.0827071011066436,0.6171299993991852,1.419660675525665,77878.0,0.5901592137070801,False
D3,30,all,all,best-time regret (min),prod_served_lin,3.8440359975594873,3.752934056520462,3.947570341825485,104896.0,True,7660,105,clim,0.3248542592259689,0.2505774199962616,0.39926339983940123,0.035252952575683595,0.6292487740516662,77878.0,0.5901592137070801,False
D3,30,all,all,best-time regret (min),wt_med,3.1020586126488086,3.040196192264557,3.1694595396518705,154813.0,True,13025,201,clim,-0.034818369827763096,-0.06740545630455017,-0.001646453142166142,-0.10093523859977722,0.03242659568786621,126686.0,0.9600260683080607,False
D3,45,all,all,best-time regret (min),clim,3.007566566917388,2.939106982946396,3.076266998052597,111279.0,True,10213,186,clim,,,,,,,,
D3,45,all,all,best-time regret (min),h5,2.921618352775935,2.860800689458847,2.983391910791397,153786.0,True,12436,186,clim,-0.3017146926701,-0.3423796951770782,-0.2617366075515747,-0.4620995342731476,-0.16936925649642953,109524.0,0.9842288302375111,True
D3,45,all,all,best-time regret (min),lvlh5_cbd,4.659151483374842,4.487349402904511,4.840346336364746,22887.0,True,1958,84,clim,0.6353535353535351,0.46700434684753417,0.7907205581665039,0.18157126903533935,1.0258195757865904,16830.0,0.15124147413258565,False
D3,45,all,all,best-time regret (min),lvlh5_naive,3.421939393091288,3.3536936044692993,3.4875833809375765,142921.0,True,11534,186,clim,0.2705555139346716,0.21500808000564575,0.32551854252815243,0.06072691082954407,0.46673443317413327,106784.0,0.9596060352806909,False
D3,45,all,all,best-time regret (min),lvlh5_tft,3.6469048981928203,3.5349688947200777,3.7618183553218842,61145.0,True,4901,74,clim,0.2085929198008043,0.11179322004318237,0.30648784041404725,-0.10106887817382812,0.4763327181339264,47993.0,0.43128532786958906,False
D3,45,all,all,best-time regret (min),prod_served,4.454449031074418,4.318529868125916,4.589856994152069,69768.0,True,5364,85,clim,0.9459340994416174,0.8596493601799011,1.0350794196128845,0.5852850317955017,1.3462203562259674,52473.0,0.47154449626614187,False
D3,45,all,all,best-time regret (min),prod_served_lin,3.8908812062836833,3.777713191509247,4.016399240493774,69768.0,True,5364,85,clim,0.23661692680044988,0.152323579788208,0.3193239808082581,-0.047407799959182734,0.5487860023975372,52473.0,0.47154449626614187,False
D3,45,all,all,best-time regret (min),wt_med,3.118701271122167,3.0514914631843566,3.1872757017612456,131852.0,True,11468,186,clim,0.00602894643224916,-0.028262567520141602,0.04405243396759032,-0.08909940123558044,0.10651520490646361,106818.0,0.9599115736122719,False
D3,60,all,all,best-time regret (min),clim,2.9906123503574196,2.918314278125763,3.060659444332123,92888.0,True,8819,171,clim,,,,,,,,
D3,60,all,all,best-time regret (min),h5,2.9370065317950425,2.8735560715198516,3.005129814147949,129061.0,True,10765,171,clim,-0.17479989109719574,-0.22240123748779297,-0.12886208891868592,-0.33165196180343626,-0.0011556804180145503,91825.0,0.9885561105847903,True
D3,60,all,all,best-time regret (min),lvlh5_naive,3.4695489537932303,3.3998305797576904,3.5438047528266905,119766.0,True,9882,171,clim,0.3939055573545338,0.3291121184825897,0.4549999535083771,0.17558523416519164,0.6196583151817321,89557.0,0.9641396089914736,False
D3,60,all,all,best-time regret (min),lvlh5_tft,2.264623955431755,1.6884861826896667,2.854469722509384,359.0,True,79,48,clim,0.16776315789473673,-0.4983560085296631,0.7642170935869215,-0.9618151605129241,0.9474627926945686,304.0,0.003272758590991301,False
D3,60,all,all,best-time regret (min),prod_served,3.3842239185750635,2.2179238975048063,4.64507817029953,393.0,True,79,48,clim,0.4901315789473686,-0.09127371609210967,1.163864928483963,-0.6526620000600815,1.0665850400924681,304.0,0.003272758590991301,False
D3,60,all,all,best-time regret (min),prod_served_lin,3.7989821882951653,2.4360742449760435,5.4174044013023375,393.0,True,79,48,clim,0.6578947368421053,0.11490785479545594,1.273747000098228,-0.38540177941322323,1.1922712683677672,304.0,0.003272758590991301,False
D3,60,all,all,best-time regret (min),wt_med,3.1082207440344924,3.0403578698635103,3.1831807851791383,111097.0,True,9920,171,clim,0.08307175137469658,0.044069874286651614,0.12416673898696899,-0.032298403978347774,0.2240226626396179,89838.0,0.9671647575574885,False
D3,90,all,all,best-time regret (min),clim,2.964224789199201,2.877843517065048,3.0607139647006987,61551.0,True,6265,141,clim,,,,,,,,
D3,90,all,all,best-time regret (min),h5,2.870702930517443,2.798628056049347,2.942892110347748,86367.0,True,7755,141,clim,-0.12030678968845798,-0.16929160356521605,-0.06355444788932801,-0.2660637378692627,0.01535643935203552,61019.0,0.9913567610599341,False
D3,90,all,all,best-time regret (min),lvlh5_naive,3.447562023078934,3.3619663774967194,3.5350839495658875,80333.0,True,7100,141,clim,0.4432923964834572,0.3766439616680145,0.5167493700981141,0.25326789617538453,0.641983014345169,59604.0,0.9683676950821271,False
D3,90,all,all,best-time regret (min),wt_med,3.0360496492174853,2.954213982820511,3.1216318190097807,74120.0,True,7092,141,clim,0.04173791775272706,-0.006059908866882324,0.09314897656440732,-0.06338387131690978,0.14481360316276548,60233.0,0.9785868629266787,False
UC2/UC3,0,all,all,Spearman of slots within ride-day,clim,0.42808523468482007,0.4250000685453415,0.43115549013018606,167564.0,False,15039,231,wt_med,-0.023450823953296562,-0.024711301922798155,-0.022058707475662232,-0.02756788283586502,-0.019366224855184556,160803.0,0.7897598349786357,False
UC2/UC3,0,all,all,Spearman of slots within ride-day,h5,0.4647153291145951,0.46191812977194785,0.4675661735236645,211819.0,False,17620,231,wt_med,0.018073676848838316,0.017206192016601562,0.018971444666385652,0.01357879489660263,0.0223345048725605,197138.0,0.9682137419576642,True
UC2/UC3,0,all,all,Spearman of slots within ride-day,lvlh5_cbd,0.4142117555495117,0.41068041920661924,0.41756332814693453,129621.0,False,9542,130,wt_med,-0.011182408352448492,-0.012697901576757431,-0.009645506739616394,-0.01823066771030426,-0.004599758237600328,114052.0,0.5601493050439565,False
UC2/UC3,0,all,all,Spearman of slots within ride-day,lvlh5_naive,0.44421051646880644,0.4415077820420265,0.4469507023692131,211819.0,False,16784,231,wt_med,0.008361031590712997,0.007366997748613357,0.009387779980897903,0.00425100103020668,0.012163709849119186,192335.0,0.94462452728255,True
UC2/UC3,0,all,all,Spearman of slots within ride-day,lvlh5_tft,0.4173510783337658,0.41389789879322053,0.4205911420285702,162210.0,False,12387,137,wt_med,0.007851179574028588,0.006479465216398239,0.00927741602063179,0.0021684907376766207,0.012536138296127318,140638.0,0.6907224596041451,True
UC2/UC3,0,all,all,Spearman of slots within ride-day,snaive7,0.39024200413070126,0.38662106543779373,0.3938604839146137,94376.0,False,13200,231,wt_med,-0.07460702591168034,-0.07715029641985893,-0.07219269499182701,-0.08113582357764244,-0.06680665165185928,86383.0,0.4242571582928147,False
UC2/UC3,0,all,all,Spearman of slots within ride-day,wt_med,0.44247954005025525,0.43978422954678537,0.4452746070921421,203610.0,False,17212,231,wt_med,,,,,,,,
UC2/UC3,1,all,all,Spearman of slots within ride-day,clim,0.42716840911747483,0.4241130337119102,0.4302606873214245,165753.0,False,14913,230,wt_med,-0.021496100447479016,-0.022753369808197022,-0.020194018632173537,-0.025537558645009995,-0.017374690622091293,158680.0,0.7933048034235892,False
UC2/UC3,1,all,all,Spearman of slots within ride-day,h5,0.46202311528456513,0.4592088133096695,0.46477481424808503,209143.0,False,17435,230,wt_med,0.01846316803592707,0.017576094716787338,0.019337959587574005,0.013827519118785858,0.022789756208658217,193612.0,0.9679438467383914,True
UC2/UC3,1,all,all,Spearman of slots within ride-day,lvlh5_cbd,0.41061650230452396,0.4072740562260151,0.41410052552819254,126986.0,False,9370,129,wt_med,-0.011112566104979238,-0.012631610035896301,-0.009473542869091035,-0.017944257706403732,-0.004302503913640978,111116.0,0.5555133383993921,False
UC2/UC3,1,all,all,Spearman of slots within ride-day,lvlh5_naive,0.4417394641630505,0.4390316024422646,0.4445208519697189,210338.0,False,16708,230,wt_med,0.009243400702489413,0.008251477032899857,0.010274683684110641,0.005076494812965393,0.013309195637702942,189851.0,0.9491411030676319,True
UC2/UC3,1,all,all,Spearman of slots within ride-day,lvlh5_tft,0.4138934924663827,0.41059909835457803,0.4171205721795559,159927.0,False,12223,136,wt_med,0.0076807101624657426,0.006331734359264374,0.009112299978733062,0.0018888361752033237,0.012629377841949462,137960.0,0.6897172339319282,True
UC2/UC3,1,all,all,Spearman of slots within ride-day,snaive7,0.39010591787316096,0.3864620566368103,0.39371141493320466,94133.0,False,13168,230,wt_med,-0.07144770164437714,-0.0739987038075924,-0.06904907003045083,-0.07809339091181755,-0.06327198594808578,85781.0,0.42885353757549094,False
UC2/UC3,1,all,all,Spearman of slots within ride-day,wt_med,0.4393200806724966,0.4365877516567707,0.442202627658844,200024.0,False,16998,230,wt_med,,,,,,,,
UC2/UC3,2,all,all,Spearman of slots within ride-day,clim,0.4266339491145838,0.4235474929213524,0.429741108417511,164014.0,False,14792,229,wt_med,-0.020867705420891836,-0.022177813947200774,-0.019532754272222518,-0.024659737199544906,-0.01687263399362564,156680.0,0.7937304011712437,False
UC2/UC3,2,all,all,Spearman of slots within ride-day,h5,0.4613066851981209,0.4585061401128769,0.4640591375529766,207153.0,False,17315,229,wt_med,0.01893861412482989,0.017987413704395293,0.019830675423145296,0.014334462583065033,0.023238709568977355,191080.0,0.9679985004837967,True
UC2/UC3,2,all,all,Spearman of slots within ride-day,lvlh5_cbd,0.4095378463601651,0.40603203848004343,0.4130013845860958,125694.0,False,9304,128,wt_med,-0.010464293966400307,-0.01201343983411789,-0.008816154301166534,-0.01754084527492523,-0.0035748675465583826,109517.0,0.554805797453862,False
UC2/UC3,2,all,all,Spearman of slots within ride-day,lvlh5_naive,0.4409378356325095,0.43828735649585726,0.4437666699290276,209159.0,False,16645,229,wt_med,0.009836802411668732,0.00879712775349617,0.01090548262000084,0.0056788370013237,0.013765041530132293,188025.0,0.9525220748035684,True
UC2/UC3,2,all,all,Spearman of slots within ride-day,lvlh5_tft,0.4130613207930769,0.40967289358377457,0.4164400227367878,158039.0,False,12111,135,wt_med,0.007777767097844668,0.006227859854698181,0.009202665835618972,0.0022379107773303985,0.012552727013826369,135888.0,0.6883995197495403,True
UC2/UC3,2,all,all,Spearman of slots within ride-day,snaive7,0.38989864750231606,0.38629752546548846,0.39350020736455915,93930.0,False,13135,229,wt_med,-0.06994588283374586,-0.0724754124879837,-0.06745611727237702,-0.07673069834709167,-0.06187042146921158,85380.0,0.4325293697472606,False
UC2/UC3,2,all,all,Spearman of slots within ride-day,wt_med,0.43798654905306217,0.43511115238070486,0.44086643904447553,197397.0,False,16853,229,wt_med,,,,,,,,
UC2/UC3,3,all,all,Spearman of slots within ride-day,clim,0.42577355957076296,0.4226774200797081,0.42885343357920647,162355.0,False,14672,228,wt_med,-0.020626551943477567,-0.02194947674870491,-0.019262051582336424,-0.024428645521402358,-0.016649923473596572,154888.0,0.793971703916342,False
UC2/UC3,3,all,all,Spearman of slots within ride-day,h5,0.4603539002504759,0.4576032154262066,0.4631459541618824,205261.0,False,17196,228,wt_med,0.018869037374396824,0.01797788068652153,0.019769972562789916,0.014372723549604416,0.023086944222450258,188808.0,0.967849087553824,True
UC2/UC3,3,all,all,Spearman of slots within ride-day,lvlh5_cbd,0.40797708977154845,0.40451508983969686,0.41140576675534246,125333.0,False,9295,127,wt_med,-0.010289501803154522,-0.011814814805984498,-0.008713992685079575,-0.017392125725746155,-0.0034705191850662245,108733.0,0.5573764609391019,False
UC2/UC3,3,all,all,Spearman of slots within ride-day,lvlh5_naive,0.4396051040698027,0.43682137653231623,0.44238512963056564,208051.0,False,16582,228,wt_med,0.00989383330325766,0.008900314569473267,0.010939070582389831,0.005819666385650635,0.013919174671173096,186469.0,0.9558591347139636,True
UC2/UC3,3,all,all,Spearman of slots within ride-day,lvlh5_tft,0.4121748872346309,0.40879239067435263,0.4155759871006012,156335.0,False,11999,134,wt_med,0.007806002566439152,0.0063350148499012,0.009170891344547271,0.002218342572450638,0.01255214288830757,134007.0,0.6869335657166291,True
UC2/UC3,3,all,all,Spearman of slots within ride-day,prod_served,0.4259266771688679,0.42247033938765527,0.42919656112790106,142084.0,False,11629,134,wt_med,-0.010883273156038431,-0.012848708778619766,-0.008858613669872284,-0.01762452647089958,-0.0045762836933136,124135.0,0.6363286856674185,False
UC2/UC3,3,all,all,Spearman of slots within ride-day,prod_served_lin,0.43800054525775306,0.4343918047845364,0.4413580112159252,143827.0,False,11653,134,wt_med,0.003583833932255198,0.0014662660658359527,0.005717428773641586,-0.003768443316221237,0.010462648421525955,125528.0,0.6434693459093705,False
UC2/UC3,3,all,all,Spearman of slots within ride-day,snaive7,0.38961799162745764,0.3860216289758682,0.3931814759969711,93633.0,False,13095,228,wt_med,-0.06864627631686188,-0.07119225263595581,-0.06614387705922127,-0.07551407665014268,-0.06061032488942147,84885.0,0.43512917777322124,False
UC2/UC3,3,all,all,Spearman of slots within ride-day,wt_med,0.4367915792993089,0.43399725705385206,0.4397131517529488,195080.0,False,16692,228,wt_med,,,,,,,,
UC2/UC3,4,all,all,Spearman of slots within ride-day,clim,0.42520977936232285,0.4221201531589031,0.428301565349102,160674.0,False,14551,227,wt_med,-0.020359220277626322,-0.021651488542556763,-0.01898723691701889,-0.024300997704267503,-0.016521151363849643,153103.0,0.7939668002883324,False
UC2/UC3,4,all,all,Spearman of slots within ride-day,h5,0.4596926742889183,0.45688455626368524,0.4625680439174175,203301.0,False,17062,227,wt_med,0.0191414414985302,0.01820197477936745,0.020003508776426315,0.014551421254873275,0.023487772792577744,186638.0,0.9678737560479793,True
UC2/UC3,4,all,all,Spearman of slots within ride-day,lvlh5_cbd,0.4073890918123799,0.4039928145706654,0.4108759768307209,124446.0,False,9238,126,wt_med,-0.010181611022268278,-0.011773662269115448,-0.008546702563762665,-0.017471703141927718,-0.003396951407194138,107679.0,0.5584054596464298,False
UC2/UC3,4,all,all,Spearman of slots within ride-day,lvlh5_naive,0.4387696243397937,0.43596247509121894,0.44155346900224685,206786.0,False,16505,227,wt_med,0.010226525162735589,0.009212323278188706,0.011285142600536346,0.006059238314628601,0.014286101609468459,184810.0,0.9583940508108052,True
UC2/UC3,4,all,all,Spearman of slots within ride-day,lvlh5_tft,0.4119351327223178,0.40864271968603133,0.41530136689543723,154482.0,False,11872,133,wt_med,0.008290949560284255,0.0069268099963665005,0.009709148108959198,0.002517853677272797,0.013148891180753708,132084.0,0.6849657475639543,True
UC2/UC3,4,all,all,Spearman of slots within ride-day,prod_served,0.42550639610279256,0.4220985770225525,0.42883394956588744,140600.0,False,11501,133,wt_med,-0.010306297167264333,-0.012350711226463317,-0.0083551824092865,-0.017041009664535523,-0.0039299614727497136,122490.0,0.6352128525719145,False
UC2/UC3,4,all,all,Spearman of slots within ride-day,prod_served_lin,0.4375239103900757,0.4338866531848907,0.4409696631133556,142289.0,False,11520,133,wt_med,0.004069811201743767,0.0018878564238548278,0.006246529519557953,-0.003382408618927002,0.0108728252351284,123825.0,0.6421359414623016,False
UC2/UC3,4,all,all,Spearman of slots within ride-day,snaive7,0.38930030393001064,0.38569446951150893,0.3929001599550247,93267.0,False,13043,227,wt_med,-0.06810205558029497,-0.07068665474653243,-0.0655536748468876,-0.07492010071873664,-0.060212962329387665,84123.0,0.436247945113129,False
UC2/UC3,4,all,all,Spearman of slots within ride-day,wt_med,0.43589560455654264,0.43306377753615377,0.4387543976306915,192833.0,False,16566,227,wt_med,,,,,,,,
UC2/UC3,5,all,all,Spearman of slots within ride-day,clim,0.42437640935236554,0.4212833657860756,0.4275711715221405,159006.0,False,14422,226,wt_med,-0.019637848077617037,-0.0210307277739048,-0.01831000968813896,-0.02360938936471939,-0.015626856684684755,151334.0,0.7938999375724606,False
UC2/UC3,5,all,all,Spearman of slots within ride-day,h5,0.4583956981297467,0.4556172311306,0.4612213008105755,201248.0,False,16937,226,wt_med,0.019304428527410544,0.018273550271987914,0.02015686109662056,0.014680083096027374,0.023697228729724882,184447.0,0.9676111236432502,True
UC2/UC3,5,all,all,Spearman of slots within ride-day,lvlh5_cbd,0.4061560539948566,0.4026911534368992,0.4096370667219162,122941.0,False,9137,125,wt_med,-0.009847518857346027,-0.011469580978155137,-0.008204034715890885,-0.01709069460630417,-0.003130514919757845,106056.0,0.5563710189328563,False
UC2/UC3,5,all,all,Spearman of slots within ride-day,lvlh5_naive,0.43743578646208925,0.43471819460391997,0.4403220057487488,205490.0,False,16433,226,wt_med,0.010408809792009921,0.009363776445388794,0.011453192681074142,0.00613580122590065,0.01449039578437805,183183.0,0.9609801648296882,True
UC2/UC3,5,all,all,Spearman of slots within ride-day,lvlh5_tft,0.4106077358133539,0.40719095468521116,0.4138313204050064,152506.0,False,11742,132,wt_med,0.007900323821112332,0.006440961360931396,0.00939251184463501,0.0021621309220790862,0.012829036265611648,130059.0,0.6822910382381794,True
UC2/UC3,5,all,all,Spearman of slots within ride-day,prod_served,0.42492499600932937,0.42153931632637975,0.42829359173774717,138865.0,False,11378,132,wt_med,-0.010171663261646091,-0.012213736027479171,-0.008294183760881424,-0.017061692476272584,-0.0037168033421039583,120470.0,0.6319870318590292,False
UC2/UC3,5,all,all,Spearman of slots within ride-day,prod_served_lin,0.4369643441262213,0.43342032432556155,0.4404079206287861,140565.0,False,11399,132,wt_med,0.0043081925605013005,0.002210766077041626,0.006402553617954254,-0.003279462456703186,0.011259824037551878,121823.0,0.6390848857156347,False
UC2/UC3,5,all,all,Spearman of slots within ride-day,snaive7,0.38874702841910397,0.38517862781882284,0.3923064060509205,92832.0,False,13003,226,wt_med,-0.06684282567903854,-0.06948898807168007,-0.06433295831084251,-0.07364432290196418,-0.05887422561645508,83237.0,0.43666227750352793,False
UC2/UC3,5,all,all,Spearman of slots within ride-day,wt_med,0.4342888445450176,0.4314610131084919,0.43719749227166177,190621.0,False,16428,226,wt_med,,,,,,,,
UC2/UC3,6,all,all,Spearman of slots within ride-day,clim,0.42281851706515305,0.4195968732237816,0.42609229013323785,157210.0,False,14293,225,wt_med,-0.018624325677022935,-0.019926702976226805,-0.017278393357992174,-0.022669600695371626,-0.014525748789310455,149470.0,0.7944404581572723,False
UC2/UC3,6,all,all,Spearman of slots within ride-day,h5,0.45632394651274155,0.45355348810553553,0.459105409681797,199092.0,False,16793,225,wt_med,0.019707065264825463,0.01873733326792717,0.020617126673460006,0.015206830203533172,0.024099881201982497,182042.0,0.9675622525180048,True
UC2/UC3,6,all,all,Spearman of slots within ride-day,lvlh5_cbd,0.3996947707966269,0.3962601736187935,0.4031651750206947,121204.0,False,9020,124,wt_med,-0.014605719364694014,-0.016244589537382125,-0.012886155396699905,-0.02181430533528328,-0.007629836350679399,104168.0,0.5536580828616227,False
UC2/UC3,6,all,all,Spearman of slots within ride-day,lvlh5_naive,0.4352796038240344,0.43264162316918375,0.43807251676917075,204003.0,False,16348,225,wt_med,0.010881934211669997,0.009819375723600388,0.011963526904582977,0.006651636213064194,0.01496732234954834,181250.0,0.9633527332642376,True
UC2/UC3,6,all,all,Spearman of slots within ride-day,lvlh5_tft,0.4076207169929748,0.40425621196627615,0.41096133440732957,150324.0,False,11600,131,wt_med,0.007926724057045087,0.006376836448907852,0.009370841830968856,0.0023218423128128053,0.012832359224557876,127734.0,0.6789125408594435,True
UC2/UC3,6,all,all,Spearman of slots within ride-day,prod_served,0.42335049698872224,0.4199528433382511,0.42676262706518175,136945.0,False,11243,131,wt_med,-0.008908660305997518,-0.011038742214441299,-0.006941485404968262,-0.015852804481983184,-0.002364988625049592,118261.0,0.628563076350687,False
UC2/UC3,6,all,all,Spearman of slots within ride-day,prod_served_lin,0.43538840019262676,0.4319059856235981,0.4389108903706074,138619.0,False,11270,131,wt_med,0.005357647768932883,0.003163798898458481,0.0074417471885681145,-0.0022327370941638944,0.012301917374134063,119587.0,0.6356108320710091,False
UC2/UC3,6,all,all,Spearman of slots within ride-day,snaive7,0.3881409765273416,0.3844830527901649,0.3917352005839348,92380.0,False,12958,225,wt_med,-0.0647026104131177,-0.06733034029603005,-0.062124095112085345,-0.07179792001843452,-0.05613120645284653,82010.0,0.4358872146482766,False
UC2/UC3,6,all,all,Spearman of slots within ride-day,wt_med,0.431717580329202,0.4288678504526615,0.43468076139688494,188145.0,False,16261,225,wt_med,,,,,,,,
UC2/UC3,7,all,all,Spearman of slots within ride-day,clim,0.4215156038642663,0.41824504658579825,0.4247643336653709,155176.0,False,14161,224,wt_med,-0.01609831747563162,-0.017376312613487245,-0.014773032814264297,-0.01998913362622261,-0.01206321865320206,147378.0,0.7982126899016979,False
UC2/UC3,7,all,all,Spearman of slots within ride-day,h5,0.4524118747652657,0.4495380289852619,0.45517335161566735,196206.0,False,16616,224,wt_med,0.020157766541070432,0.01916080340743065,0.021047199517488478,0.015319736301898956,0.02475030943751335,178617.0,0.9674059631164189,True
UC2/UC3,7,all,all,Spearman of slots within ride-day,lvlh5_cbd,0.3950511127478324,0.3914578691124916,0.3985296577215195,118784.0,False,8859,123,wt_med,-0.01514009232617497,-0.016996990144252776,-0.01345994994044304,-0.022931136935949326,-0.007580441236495972,101678.0,0.5506973217428982,False
UC2/UC3,7,all,all,Spearman of slots within ride-day,lvlh5_naive,0.4332309884135317,0.43032778725028037,0.43603927195072173,195780.0,False,15754,224,wt_med,0.010201868942451897,0.009045559167861938,0.011264960467815398,0.0057771079242229465,0.014406077563762663,174256.0,0.9437863893627969,True
UC2/UC3,7,all,all,Spearman of slots within ride-day,lvlh5_tft,0.40269372908466794,0.3991336226463318,0.40616795122623445,147603.0,False,11432,130,wt_med,0.007790438591174731,0.0061741374433040615,0.009343477338552474,0.0021377533674240114,0.012667451053857802,124916.0,0.6765564492106048,True
UC2/UC3,7,all,all,Spearman of slots within ride-day,prod_served,0.42156351199933567,0.4181008771061897,0.4250710129737854,134715.0,False,11115,130,wt_med,-0.006009956994131371,-0.008165311813354493,-0.003987046331167222,-0.01283099502325058,0.0007295519113540644,115718.0,0.6267392422888401,False
UC2/UC3,7,all,all,Spearman of slots within ride-day,prod_served_lin,0.43364405076402623,0.43014051467180253,0.437159576267004,136397.0,False,11139,130,wt_med,0.008486972379206925,0.006290753185749054,0.010614191740751266,0.001149408519268036,0.015578248351812362,117074.0,0.6340834619654995,True
UC2/UC3,7,all,all,Spearman of slots within ride-day,wt_med,0.42771121075145996,0.42468446046113967,0.4307015426456928,184635.0,False,16033,224,wt_med,,,,,,,,
UC2/UC3,10,all,all,Spearman of slots within ride-day,clim,0.4189131583706469,0.41545245200395586,0.42227553725242617,150292.0,False,13828,221,wt_med,-0.01457904046095393,-0.015979136526584625,-0.01324029490351677,-0.018675002455711364,-0.010607530921697618,142209.0,0.7995468396846994,False
UC2/UC3,10,all,all,Spearman of slots within ride-day,h5,0.448396873812621,0.4453673832118511,0.45122245028615,190243.0,False,16245,221,wt_med,0.02044767392075253,0.019353101402521132,0.02142736241221428,0.015540572255849839,0.025127770751714705,172023.0,0.9671711776545862,True
UC2/UC3,10,all,all,Spearman of slots within ride-day,lvlh5_cbd,0.39038032636091136,0.38662502616643907,0.39384725540876386,114149.0,False,8582,120,wt_med,-0.014459212853492442,-0.016245008260011674,-0.01268673986196518,-0.02224944531917572,-0.006868478655815126,96594.0,0.5430839639720683,False
UC2/UC3,10,all,all,Spearman of slots within ride-day,lvlh5_naive,0.42879273017265995,0.4259274646639824,0.43169680014252665,191939.0,False,15548,221,wt_med,0.010880991008824004,0.00968983769416809,0.011989863216876983,0.006348102539777756,0.015180697292089462,169406.0,0.9524575232483611,True
UC2/UC3,10,all,all,Spearman of slots within ride-day,lvlh5_tft,0.3990280952545758,0.3953005872666836,0.4025747425854206,141958.0,False,11074,127,wt_med,0.00869988822200396,0.006983153522014618,0.010295167565345764,0.0027859076857566834,0.013944109529256819,118930.0,0.6686644702072393,True
UC2/UC3,10,all,all,Spearman of slots within ride-day,prod_served,0.419938690555653,0.41639193445444106,0.4234160825610161,130234.0,False,10762,127,wt_med,-0.0026599140729295923,-0.0047716952860355375,-0.0004984967410564435,-0.00951545462012291,0.004117596149444579,110245.0,0.6198344784158505,False
UC2/UC3,10,all,all,Spearman of slots within ride-day,prod_served_lin,0.4319725622302318,0.428385116904974,0.43546457290649415,131842.0,False,10785,127,wt_med,0.011621643584185326,0.009387321770191193,0.013987302035093307,0.00429723933339119,0.018667874485254282,111527.0,0.6270423137038827,True
UC2/UC3,10,all,all,Spearman of slots within ride-day,wt_med,0.42379317997764565,0.42087558209896087,0.4267904944717884,177862.0,False,15581,221,wt_med,,,,,,,,
UC2/UC3,14,all,all,Spearman of slots within ride-day,clim,0.4154123850830957,0.41191321760416033,0.4189126543700695,143782.0,False,13333,217,wt_med,-0.011477583891154053,-0.012920423597097396,-0.010058985650539398,-0.01577274054288864,-0.007158328592777252,135665.0,0.8026944832319599,False
UC2/UC3,14,all,all,Spearman of slots within ride-day,h5,0.4422741113484353,0.4392375908792019,0.4452005513012409,182397.0,False,15678,217,wt_med,0.021860390016151754,0.02079991176724434,0.02289221957325935,0.016477492451667786,0.026663514971733093,163417.0,0.9668958417153811,True
UC2/UC3,14,all,all,Spearman of slots within ride-day,lvlh5_cbd,0.38434347562698123,0.38040545880794524,0.3881207093596458,107169.0,False,8064,116,wt_med,-0.013099304915845211,-0.014990439265966415,-0.011175531148910524,-0.021003904938697814,-0.0052715174853801726,89221.0,0.5278974274016046,False
UC2/UC3,14,all,all,Spearman of slots within ride-day,lvlh5_naive,0.42409287168398563,0.4211384646594524,0.42701332420110705,181269.0,False,14791,217,wt_med,0.01179976523242221,0.010585488379001617,0.013004120439291,0.007096365839242935,0.016298902779817583,159004.0,0.9407852696849928,True
UC2/UC3,14,all,all,Spearman of slots within ride-day,lvlh5_tft,0.3929140413520182,0.3894483529031277,0.396609964966774,134297.0,False,10536,123,wt_med,0.01064375675470669,0.008953728526830674,0.012336938083171845,0.004134929180145264,0.0166974738240242,110901.0,0.6561723427922278,True
UC2/UC3,14,all,all,Spearman of slots within ride-day,prod_served,0.41618519276446286,0.4126000739634037,0.4196686759591103,123686.0,False,10263,123,wt_med,0.0026516103313419803,0.0003197610378265381,0.0048609070479869836,-0.004466604441404343,0.009907225519418715,102651.0,0.6073592407639694,False
UC2/UC3,14,all,all,Spearman of slots within ride-day,prod_served_lin,0.42820572136070617,0.42449295744299886,0.4317492574453354,125222.0,False,10284,123,wt_med,0.016600522525899275,0.01427360251545906,0.019021482020616532,0.00912322998046875,0.02449361756443977,103841.0,0.6144001609353182,True
UC2/UC3,14,all,all,Spearman of slots within ride-day,wt_med,0.4172498441540861,0.41421444788575174,0.42034422010183337,169012.0,False,14990,217,wt_med,,,,,,,,
UC2/UC3,21,all,all,Spearman of slots within ride-day,clim,0.41057924294354536,0.40682798326015474,0.4141970932483673,133101.0,False,12541,210,clim,,,,,,,,
UC2/UC3,21,all,all,Spearman of slots within ride-day,h5,0.43488195724484563,0.431831543892622,0.4379578173160553,170525.0,False,14795,210,clim,0.03273156492559165,0.030904965847730635,0.034646693617105484,0.024170936644077302,0.04105086699128151,125440.0,0.9424422055431589,True
UC2/UC3,21,all,all,Spearman of slots within ride-day,lvlh5_cbd,0.37790232433313403,0.3739802621304989,0.3819622166454792,96872.0,False,7303,109,clim,-0.0033819180439022545,-0.006779143214225769,-5.8426707983019066e-05,-0.01737869158387184,0.009763567149639128,70072.0,0.526457351935748,False
UC2/UC3,21,all,all,Spearman of slots within ride-day,lvlh5_naive,0.41810124667539084,0.41494717448949814,0.42109756320714953,168437.0,False,13893,210,clim,0.02124108597450508,0.019258614629507065,0.02317148447036743,0.012856317311525345,0.028974974900484084,125821.0,0.9453046934282988,True
UC2/UC3,21,all,all,Spearman of slots within ride-day,lvlh5_tft,0.38531344676337576,0.3816660590469837,0.38926184475421904,122132.0,False,9626,116,clim,0.019699739814916295,0.01673135906457901,0.022580301761627196,0.007462537288665772,0.031056416034698484,87267.0,0.6556449613451439,True
UC2/UC3,21,all,all,Spearman of slots within ride-day,prod_served,0.41330003640598856,0.40967936292290685,0.41702010557055474,113780.0,False,9497,116,clim,0.01685784233682419,0.014156769961118698,0.01974319443106651,0.005274855345487594,0.02831003963947296,84114.0,0.6319561836500102,True
UC2/UC3,21,all,all,Spearman of slots within ride-day,prod_served_lin,0.4253018687756989,0.4214246518909931,0.4290338858962059,115139.0,False,9506,116,clim,0.030225726117805995,0.02735656648874283,0.033298454433679577,0.018118250370025634,0.04240190982818603,85028.0,0.638823149337721,True
UC2/UC3,21,all,all,Spearman of slots within ride-day,wt_med,0.41015071486154037,0.40681572556495665,0.41343142092227936,155525.0,False,14019,210,clim,0.008871231274999503,0.007396490126848221,0.010389067977666854,0.003895631432533264,0.013312850147485733,125025.0,0.9393242725449095,True
UC2/UC3,30,all,all,Spearman of slots within ride-day,clim,0.4048278797209307,0.4011209897696972,0.40853983759880064,119243.0,False,11486,201,clim,,,,,,,,
UC2/UC3,30,all,all,Spearman of slots within ride-day,h5,0.425782122913507,0.4223751395940781,0.4291020318865776,155497.0,False,13736,201,clim,0.031616010918473825,0.029581206291913985,0.03342047035694122,0.022599950432777405,0.0402046300470829,111825.0,0.9377908975788936,True
UC2/UC3,30,all,all,Spearman of slots within ride-day,lvlh5_cbd,0.37133460663213214,0.36715554520487786,0.37591448947787287,84360.0,False,6452,100,clim,-0.003984467394541891,-0.00791124552488327,-0.0002878196537494664,-0.019213921576738357,0.010541261732578274,59705.0,0.5007002507484716,False
UC2/UC3,30,all,all,Spearman of slots within ride-day,lvlh5_naive,0.4102422018969367,0.4068061992526054,0.4135482147336006,153922.0,False,12941,201,clim,0.0199718391999254,0.017783702909946443,0.02201617360115051,0.010632989555597305,0.028398986160755153,112395.0,0.9425710523888194,True
UC2/UC3,30,all,all,Spearman of slots within ride-day,lvlh5_tft,0.38096551922850896,0.3767070651054382,0.3854708530008793,90613.0,False,7145,105,clim,0.020377084551749636,0.0165537565946579,0.023752977699041368,0.006228139996528626,0.033250609785318366,63260.0,0.530513321536694,True
UC2/UC3,30,all,all,Spearman of slots within ride-day,prod_served,0.4105350186884301,0.4063440404832363,0.41475182175636294,91208.0,False,7590,105,clim,0.021912761688495985,0.01868683397769928,0.025461455434560777,0.00995614305138588,0.034973371773958206,65334.0,0.5479063760556175,True
UC2/UC3,30,all,all,Spearman of slots within ride-day,prod_served_lin,0.4234299619113121,0.419139152020216,0.4278507985174656,92250.0,False,7604,105,clim,0.036017594245048745,0.032711755484342575,0.03960918933153152,0.022673361748456956,0.05036618188023567,66035.0,0.5537851278481756,True
UC2/UC3,30,all,all,Spearman of slots within ride-day,wt_med,0.40213452458257437,0.39863694831728935,0.40571814477443696,139585.0,False,12851,201,clim,0.006336335107092805,0.004803323000669479,0.007978953421115875,0.0003163315355777741,0.011392199993133545,111434.0,0.9345118791040145,True
UC2/UC3,45,all,all,Spearman of slots within ride-day,clim,0.4015639278324886,0.3977390997111797,0.4057240165770054,100687.0,False,10057,186,clim,,,,,,,,
UC2/UC3,45,all,all,Spearman of slots within ride-day,h5,0.41609546156948407,0.41261204704642296,0.4196130037307739,134552.0,False,12243,186,clim,0.02739864951942711,0.02547747641801834,0.02931257337331772,0.019466924667358398,0.03479409143328666,94329.0,0.936853814295788,True
UC2/UC3,45,all,all,Spearman of slots within ride-day,lvlh5_cbd,0.3434357762167258,0.3353250205516815,0.35137346386909485,21952.0,False,1952,84,clim,-0.01567153275378702,-0.02079712450504303,-0.010297571867704391,-0.03125981092453003,0.002358095347881315,15733.0,0.15625651772324134,False
UC2/UC3,45,all,all,Spearman of slots within ride-day,lvlh5_naive,0.40133928160816423,0.39786806926131246,0.4050585336983204,131904.0,False,11413,186,clim,0.01505126456958028,0.012938449531793595,0.01711415871977806,0.006915936619043351,0.022496435791254044,94426.0,0.9378171958644115,True
UC2/UC3,45,all,all,Spearman of slots within ride-day,lvlh5_tft,0.37497490624926083,0.3696578323841095,0.38063485398888586,59174.0,False,4874,74,clim,0.01138358231416775,0.007344210892915726,0.015451227873563766,-0.0020987331867218014,0.02199473902583122,42463.0,0.4217326963758976,False
UC2/UC3,45,all,all,Spearman of slots within ride-day,prod_served,0.4011765492657843,0.39618852734565735,0.4064205169677734,60941.0,False,5313,85,clim,0.014909724918772405,0.011144379526376725,0.0185238353908062,0.003851213306188583,0.02625915929675102,44281.0,0.43978865196102773,True
UC2/UC3,45,all,all,Spearman of slots within ride-day,prod_served_lin,0.4137666643097388,0.40875691920518875,0.41927308291196824,61589.0,False,5319,85,clim,0.028604220987061668,0.02486124262213707,0.03258018121123314,0.01614629924297333,0.041788785904645916,44680.0,0.4437514276917576,True
UC2/UC3,45,all,all,Spearman of slots within ride-day,wt_med,0.39464735945287505,0.3909211054444313,0.3986244611442089,119246.0,False,11297,186,clim,0.0019033627850863488,7.110685110092165e-05,0.0036793939769268033,-0.003734822571277618,0.006796365231275558,94060.0,0.9341821685023886,False
UC2/UC3,60,all,all,Spearman of slots within ride-day,clim,0.40643587785683494,0.4020461790263653,0.41071795895695684,84198.0,False,8668,171,clim,,,,,,,,
UC2/UC3,60,all,all,Spearman of slots within ride-day,h5,0.41007576811728474,0.40629897341132165,0.41404174342751504,113097.0,False,10568,171,clim,0.020555305674416713,0.018580368906259536,0.022530652582645416,0.013635236024856567,0.02801629453897476,79412.0,0.9431577947219649,True
UC2/UC3,60,all,all,Spearman of slots within ride-day,lvlh5_naive,0.3950881463629116,0.39139244332909584,0.3991426706314087,110646.0,False,9768,171,clim,0.00762446873135314,0.005590746551752091,0.009733987599611282,-0.00023460909724235532,0.015555212646722792,79411.0,0.9431459179552959,False
UC2/UC3,60,all,all,Spearman of slots within ride-day,lvlh5_tft,0.31416800626329444,0.260988812148571,0.36492958292365074,355.0,False,77,48,clim,0.00781050160283725,-0.026492251455783843,0.042724108695983885,-0.018744488060474396,0.15023991577327242,249.0,0.002957314900591463,False
UC2/UC3,60,all,all,Spearman of slots within ride-day,prod_served,0.35562394373037187,0.3189507722854614,0.3921878583729267,313.0,False,71,48,clim,-0.033358670643206134,-0.0672260083258152,0.0011701442301273331,-0.05321701914072037,0.03600979819893829,231.0,0.0027435331005487068,False
UC2/UC3,60,all,all,Spearman of slots within ride-day,prod_served_lin,0.3674012215419094,0.32847960740327836,0.4070377454161644,315.0,False,71,48,clim,-0.02066492781518131,-0.05425102487206459,0.0103875435888767,-0.04606312215328216,0.052802859246730734,233.0,0.0027672866338867906,False
UC2/UC3,60,all,all,Spearman of slots within ride-day,wt_med,0.38705124013919484,0.3830008298158646,0.39105636700987817,100685.0,False,9759,171,clim,-0.004875912697907991,-0.006596546620130539,-0.003018041700124741,-0.01125010997056961,0.000936322659254074,79273.0,0.9415069241549681,False
UC2/UC3,90,all,all,Spearman of slots within ride-day,clim,0.4056480249511672,0.4000549651682377,0.4106222718954086,56066.0,False,6134,141,clim,,,,,,,,
UC2/UC3,90,all,all,Spearman of slots within ride-day,h5,0.41244570259109087,0.4075798876583576,0.4174102023243904,75546.0,False,7559,141,clim,0.019785838125938038,0.017678362131118775,0.02195466235280037,0.012304279953241348,0.02815001830458641,53205.0,0.9489708557771198,True
UC2/UC3,90,all,all,Spearman of slots within ride-day,lvlh5_naive,0.3952458399590699,0.39008117020130156,0.4003673389554024,74443.0,False,6997,141,clim,0.0054624631688671155,0.002966773509979248,0.00798831433057785,-0.002257218211889267,0.013062332570552825,53257.0,0.9498983341062319,False
UC2/UC3,90,all,all,Spearman of slots within ride-day,wt_med,0.3915044634792209,0.38607240170240403,0.3963500551879406,67283.0,False,6961,141,clim,-0.0003980411598293876,-0.0021355509757995605,0.0015067763626575466,-0.0058206930756568905,0.005336751788854599,53498.0,0.9541968394392323,False
UC3,0,all,all,dayPeak abs error (min),clim,9.256788925735162,9.138307237625122,9.377562642097473,255114.0,True,16034,231,wt_med,0.5340794422530024,0.4918109655380249,0.5792140245437621,0.41434664726257325,0.6575343370437622,250723.0,0.8131671039701098,False
UC3,0,all,all,dayPeak abs error (min),h5,9.088540185839955,8.972009658813477,9.195705032348632,329208.0,True,18702,231,wt_med,0.14288045399556992,0.1306478500366211,0.1564152956008911,0.11618907451629638,0.1698796510696411,308329.0,1.0,False
UC3,0,all,all,dayPeak abs error (min),lvlh5_cbd,13.241496419525555,13.052410101890564,13.432043528556823,181822.0,True,9985,130,wt_med,4.376358160694306,4.262070178985596,4.504113793373108,3.7416672229766847,5.15151879787445,171367.0,0.5557926760051762,False
UC3,0,all,all,dayPeak abs error (min),lvlh5_naive,9.335206404936002,9.22283594608307,9.449996089935302,310327.0,True,17681,231,wt_med,0.39015962132986814,0.3431483030319214,0.43890931606292727,0.3030139923095703,0.4744269609451294,294050.0,0.9536890788735409,False
UC3,0,all,all,dayPeak abs error (min),lvlh5_tft,8.574350227106327,8.455321955680848,8.683579301834106,229664.0,True,13013,137,wt_med,-0.24827408470786771,-0.31851649284362793,-0.1771533966064453,-0.4710325598716736,-0.03804118633270266,216067.0,0.7007676864647827,True
UC3,0,all,all,dayPeak abs error (min),snaive7,8.654473998824285,8.506907653808593,8.797134232521056,151397.0,True,14709,231,wt_med,0.6471455609546561,0.5246975064277649,0.7726675987243652,0.41344963312149047,0.889551043510437,148996.0,0.4832370617100565,False
UC3,0,all,all,dayPeak abs error (min),wt_med,8.808908665743411,8.698665952682495,8.909260129928589,308329.0,True,18260,231,wt_med,,,,,,,,
UC3,1,all,all,dayPeak abs error (min),clim,9.261263420625173,9.140047001838685,9.378640985488891,252410.0,True,15905,230,wt_med,0.4461544675059237,0.40231196880340575,0.49095468521118163,0.32684175968170165,0.5751750230789184,247599.0,0.816191377213137,False
UC3,1,all,all,dayPeak abs error (min),h5,9.215741440602715,9.098953223228454,9.326245069503784,325461.0,True,18516,230,wt_med,0.13624037444084358,0.12411971092224121,0.1498558759689331,0.10821139812469482,0.16473445892333985,303359.0,1.0,False
UC3,1,all,all,dayPeak abs error (min),lvlh5_cbd,13.319977151747148,13.126883745193481,13.513885545730592,178476.0,True,9806,129,wt_med,4.325023191291571,4.203513932228089,4.457061362266541,3.6743848085403443,5.136309933662415,167471.0,0.5520554854149704,False
UC3,1,all,all,dayPeak abs error (min),lvlh5_naive,9.331321239916834,9.217881011962891,9.447031950950622,308412.0,True,17610,230,wt_med,0.26574568179039737,0.2167980670928955,0.316079568862915,0.1765277147293091,0.35030164718627926,290802.0,0.9586067992049024,False
UC3,1,all,all,dayPeak abs error (min),lvlh5_tft,8.788540027947267,8.674519729614257,8.912026262283325,226530.0,True,12838,136,wt_med,-0.14030712758794373,-0.21949584484100343,-0.06373655796051025,-0.3612812876701355,0.07821755409240717,212319.0,0.6998935254928978,False
UC3,1,all,all,dayPeak abs error (min),snaive7,8.653155943870797,8.506039047241211,8.798116278648376,151080.0,True,14681,230,wt_med,0.5196556913504438,0.39592530727386477,0.6491317987442017,0.27872180938720703,0.7688793897628784,148181.0,0.4884674593468465,False
UC3,1,all,all,dayPeak abs error (min),wt_med,8.928830197884356,8.817150115966797,9.036316013336181,303359.0,True,18040,230,wt_med,,,,,,,,
UC3,2,all,all,dayPeak abs error (min),clim,9.262430544435547,9.142535853385926,9.383105635643005,249800.0,True,15784,229,snaive7,-0.05442798563209372,-0.19252312183380127,0.08573689460754391,-0.324247932434082,0.21161155700683593,125836.0,0.8344728343402057,False
UC3,2,all,all,dayPeak abs error (min),h5,9.257836528178595,9.142818140983582,9.370232701301575,322603.0,True,18378,229,snaive7,-0.36367801770018104,-0.49737608432769775,-0.23619594573974612,-0.625174617767334,-0.11610376834869386,149377.0,0.9905833670431109,True
UC3,2,all,all,dayPeak abs error (min),lvlh5_cbd,13.320755339565327,13.135379195213318,13.51482572555542,176932.0,True,9748,128,snaive7,4.137006895856077,3.9135260343551637,4.348294627666474,3.419192409515381,4.98758327960968,79285.0,0.525773059145739,False
UC3,2,all,all,dayPeak abs error (min),lvlh5_naive,9.32348558849906,9.210396599769592,9.440153622627259,306905.0,True,17540,229,snaive7,-0.3623618854669335,-0.4688798189163208,-0.2522650718688965,-0.5514071941375732,-0.18497180938720706,145858.0,0.9672473590323415,True
UC3,2,all,all,dayPeak abs error (min),lvlh5_tft,8.887221040712333,8.766476798057557,9.007826256752015,223949.0,True,12722,135,snaive7,-0.3360296161789398,-0.4640498638153076,-0.2113644003868103,-0.5282559394836426,-0.14783164262771611,101199.0,0.6710942525381804,True
UC3,2,all,all,dayPeak abs error (min),snaive7,8.648893545627567,8.503215146064758,8.794309592247009,150797.0,True,14644,229,snaive7,,,,,,,,
UC3,2,all,all,dayPeak abs error (min),wt_med,8.976237362784024,8.863439440727234,9.085540580749512,299710.0,True,17875,229,snaive7,-0.45681276411312055,-0.5878033638000488,-0.3319138050079346,-0.7151055932044983,-0.2099306702613831,147664.0,0.979223724609906,True
UC3,3,all,all,dayPeak abs error (min),clim,9.279925136629693,9.161124014854432,9.40094096660614,247384.0,True,15653,228,snaive7,-0.03937594714433601,-0.17908787727355957,0.10205702781677245,-0.31123406887054444,0.2295578241348266,124717.0,0.8294173588619843,False
UC3,3,all,all,dayPeak abs error (min),h5,9.297235150882413,9.181045603752136,9.411152696609497,319918.0,True,18242,228,snaive7,-0.3177555156697469,-0.45146477222442627,-0.18774969577789308,-0.5793649435043335,-0.05893079042434703,148758.0,0.9892995138560987,True
UC3,3,all,all,dayPeak abs error (min),lvlh5_cbd,13.345950275353724,13.155698418617249,13.543014860153198,176328.0,True,9723,127,snaive7,4.154267281864183,3.9311136484146116,4.368392431735993,3.4311187863349915,5.007163023948669,79257.0,0.5270903855234194,False
UC3,3,all,all,dayPeak abs error (min),lvlh5_naive,9.323664848786654,9.209497475624085,9.437464570999145,305399.0,True,17474,228,snaive7,-0.35477338041491,-0.4623366117477417,-0.2459445714950562,-0.5447436571121216,-0.1766193151473999,145372.0,0.9667812751468075,True
UC3,3,all,all,dayPeak abs error (min),lvlh5_tft,9.000657540933165,8.880945920944214,9.118867635726929,221505.0,True,12592,134,snaive7,-0.2079710425261645,-0.3288639783859253,-0.08808351755142212,-0.41058757305145266,-0.002887415885925319,100619.0,0.6691561313320077,True
UC3,3,all,all,dayPeak abs error (min),prod_served,8.561007754382961,8.447239756584167,8.683587050437927,221939.0,True,12181,134,snaive7,-0.45989984475937806,-0.5831323027610779,-0.33874287605285647,-0.6478066086769104,-0.2625144720077515,99845.0,0.6640087253187202,True
UC3,3,all,all,dayPeak abs error (min),prod_served_lin,8.543659688022386,8.431026434898376,8.666223549842835,221939.0,True,12181,134,snaive7,-0.4854222795332772,-0.6044381856918335,-0.36325507164001464,-0.6674538254737854,-0.2860498785972596,99845.0,0.6640087253187202,True
UC3,3,all,all,dayPeak abs error (min),snaive7,8.647739863134863,8.503942346572876,8.792874836921692,150367.0,True,14596,228,snaive7,,,,,,,,
UC3,3,all,all,dayPeak abs error (min),wt_med,9.011095539252889,8.896401834487914,9.125303888320923,296475.0,True,17718,228,snaive7,-0.4100289935955459,-0.537539029121399,-0.28297555446624756,-0.6773194193840026,-0.16022596359252939,146929.0,0.9771359407316765,True
UC3,4,all,all,dayPeak abs error (min),clim,9.291928187960565,9.16889934539795,9.414842748641968,244945.0,True,15529,227,snaive7,-0.007949910988832798,-0.15304245948791503,0.14002532958984373,-0.2878636002540588,0.2630119562149047,123580.0,0.824647332808392,False
UC3,4,all,all,dayPeak abs error (min),h5,9.328832694242188,9.21274163722992,9.44257881641388,317117.0,True,18102,227,snaive7,-0.27820403823921147,-0.40841290950775144,-0.14536795616149906,-0.5545711636543273,-0.010331857204437325,147911.0,0.9870077006232567,True
UC3,4,all,all,dayPeak abs error (min),lvlh5_cbd,13.352772738698288,13.16507692337036,13.548524451255798,174953.0,True,9659,126,snaive7,4.137041663892527,3.9179198026657103,4.3510798692703245,3.4023577690124513,5.001803231239319,78863.0,0.5262515181038049,False
UC3,4,all,all,dayPeak abs error (min),lvlh5_naive,9.31514363792032,9.201124835014344,9.432409048080444,303685.0,True,17394,227,snaive7,-0.3511631763469296,-0.45964717864990234,-0.23937103748321537,-0.542898428440094,-0.16982170343399053,144777.0,0.9660945695258177,True
UC3,4,all,all,dayPeak abs error (min),lvlh5_tft,9.031329666805572,8.911025476455688,9.157096552848817,218865.0,True,12458,133,snaive7,-0.14775718375000935,-0.2780086636543274,-0.019842982292175355,-0.322308337688446,0.04330085515975944,99784.0,0.6658570113040345,False
UC3,4,all,all,dayPeak abs error (min),prod_served,8.61592013738629,8.498764801025391,8.736493682861328,219527.0,True,12050,133,snaive7,-0.39022907239819027,-0.5119597315788269,-0.26374107599258423,-0.568095600605011,-0.1944950938224793,99008.0,0.6606787759078594,True
UC3,4,all,all,dayPeak abs error (min),prod_served_lin,8.596839284006068,8.480698299407958,8.718053197860717,219527.0,True,12050,133,snaive7,-0.4147327741192628,-0.5344588756561279,-0.2897562980651856,-0.5852587819099426,-0.21926693916320802,99008.0,0.6606787759078594,True
UC3,4,all,all,dayPeak abs error (min),snaive7,8.63510389835711,8.488536429405212,8.780106282234192,149858.0,True,14541,227,snaive7,,,,,,,,
UC3,4,all,all,dayPeak abs error (min),wt_med,9.047625899280575,8.931580948829652,9.159501886367797,293290.0,True,17569,227,snaive7,-0.36797662246794793,-0.4979578495025635,-0.23634479045867923,-0.6447801947593689,-0.10878157615661622,145781.0,0.9727942452188071,True
UC3,5,all,all,dayPeak abs error (min),clim,9.305219646452977,9.183264899253846,9.425497102737427,242344.0,True,15394,226,snaive7,0.016750799741465983,-0.13021652698516845,0.1642394542694091,-0.26982431411743163,0.28748254776000975,122227.0,0.8186616298618228,False
UC3,5,all,all,dayPeak abs error (min),h5,9.355009933105684,9.239998602867127,9.469783568382264,314227.0,True,17964,226,snaive7,-0.23915423905939193,-0.36931049823760986,-0.10807890892028814,-0.5276793837547302,0.03330905437469482,146884.0,0.983811226984414,False
UC3,5,all,all,dayPeak abs error (min),lvlh5_cbd,13.374293591658494,13.189673662185669,13.568281555175782,172723.0,True,9543,125,snaive7,4.1351001571333725,3.9144166707992554,4.356544756889344,3.393590581417084,4.994135546684265,78091.0,0.5230440519487478,False
UC3,5,all,all,dayPeak abs error (min),lvlh5_naive,9.29983493993412,9.187645149230956,9.421067452430725,301917.0,True,17321,226,snaive7,-0.3501796897427045,-0.4583202600479126,-0.24366946220397956,-0.5380781173706054,-0.16803593635559086,144107.0,0.9652112176073837,True
UC3,5,all,all,dayPeak abs error (min),lvlh5_tft,9.128592910179142,9.006286215782165,9.253412175178529,216080.0,True,12317,132,snaive7,-0.05659671820824386,-0.1838629126548767,0.06820273399353025,-0.2414786100387573,0.14155391454696648,98689.0,0.6610069590960542,False
UC3,5,all,all,dayPeak abs error (min),prod_served,8.732221086179582,8.610705828666687,8.855502843856812,217128.0,True,11915,132,snaive7,-0.2870413452512137,-0.4163459539413452,-0.1673019051551819,-0.45212252140045167,-0.0852590084075928,98004.0,0.6564189121305283,True
UC3,5,all,all,dayPeak abs error (min),prod_served_lin,8.710045572197044,8.587927722930909,8.831896901130676,217128.0,True,11915,132,snaive7,-0.313671253214153,-0.4421190142631531,-0.19391090869903566,-0.4800252795219421,-0.1105614066123963,98004.0,0.6564189121305283,True
UC3,5,all,all,dayPeak abs error (min),snaive7,8.62096904910215,8.471880912780762,8.767965698242188,149301.0,True,14499,226,snaive7,,,,,,,,
UC3,5,all,all,dayPeak abs error (min),wt_med,9.071412195449891,8.952917647361755,9.183745646476746,290059.0,True,17417,226,snaive7,-0.32533994167480706,-0.4571779727935791,-0.1987534284591676,-0.6087564706802369,-0.06611433029174812,144363.0,0.9669258745755219,True
UC3,6,all,all,dayPeak abs error (min),clim,9.323097735319662,9.201589107513428,9.443797159194947,239504.0,True,15258,225,snaive7,0.06313151414143903,-0.08618950843811035,0.2106001853942871,-0.22344263792037963,0.3387459278106688,120603.0,0.8111909278017676,False
UC3,6,all,all,dayPeak abs error (min),h5,9.41811475409836,9.300572228431701,9.534419751167297,311100.0,True,17816,225,snaive7,-0.170538492314245,-0.3017585039138794,-0.038156390190124574,-0.46800167560577394,0.10884065628051744,145594.0,0.9792835330992642,False
UC3,6,all,all,dayPeak abs error (min),lvlh5_cbd,13.900222083653363,13.703272128105164,14.11569356918335,170311.0,True,9422,124,snaive7,4.683905277619704,4.452817392349243,4.908179962635041,3.9328452706336976,5.555703544616699,77115.0,0.518685176964365,False
UC3,6,all,all,dayPeak abs error (min),lvlh5_naive,9.29902901414212,9.184432339668273,9.418330407142639,299852.0,True,17241,225,snaive7,-0.3315420809326408,-0.43832828998565676,-0.22692289352416994,-0.5251690745353699,-0.149904465675354,143206.0,0.9632215451255768,True
UC3,6,all,all,dayPeak abs error (min),lvlh5_tft,9.261901033604163,9.136390471458435,9.393694710731506,213175.0,True,12164,131,snaive7,0.10602312276030013,-0.028745293617248535,0.2405464887619018,-0.09599366188049316,0.32205361127853394,97372.0,0.6549363035904059,False
UC3,6,all,all,dayPeak abs error (min),prod_served,8.845127093963328,8.722024917602539,8.975584387779236,214605.0,True,11775,131,snaive7,-0.1278577039150015,-0.26705652475357056,-0.007208764553070072,-0.32830588817596434,0.10112862586975091,96756.0,0.6507930102102587,False
UC3,6,all,all,dayPeak abs error (min),prod_served_lin,8.82997157568556,8.706263875961303,8.959802865982056,214605.0,True,11775,131,snaive7,-0.14643898052833837,-0.2798194050788879,-0.025254154205322298,-0.34407590627670287,0.07504361867904662,96756.0,0.6507930102102587,False
UC3,6,all,all,dayPeak abs error (min),snaive7,8.609566568465233,8.462407493591309,8.752084612846375,148674.0,True,14452,225,snaive7,,,,,,,,
UC3,6,all,all,dayPeak abs error (min),wt_med,9.136838164192183,9.018568062782288,9.248596692085266,286457.0,True,17245,225,snaive7,-0.2489019393225007,-0.38031563758850095,-0.11416709423065187,-0.5424924492835999,0.022224819660186718,142524.0,0.9586343274546996,False
UC3,7,all,all,dayPeak abs error (min),clim,9.358471190672677,9.231983470916749,9.481292581558227,236295.0,True,15115,224,wt_med,0.23666193539425784,0.18878259658813476,0.2838931083679199,0.10694756507873536,0.3785749197006225,230382.0,0.8183649183880077,False
UC3,7,all,all,dayPeak abs error (min),h5,9.531481814167366,9.411510467529297,9.646421933174134,306846.0,True,17628,224,wt_med,0.11355507255385966,0.09976871013641357,0.12780818939208985,0.08475668430328369,0.14137229919433594,281515.0,1.0,False
UC3,7,all,all,dayPeak abs error (min),lvlh5_cbd,14.040861903432925,13.83974130153656,14.25770583152771,166957.0,True,9258,123,wt_med,4.574406314426293,4.431244826316833,4.717963790893554,3.9023088932037355,5.3722487688064575,153645.0,0.5457790881480561,False
UC3,7,all,all,dayPeak abs error (min),lvlh5_naive,9.81098528158394,9.690470743179322,9.9272611618042,288048.0,True,16604,224,wt_med,0.4584505746860952,0.4101735591888428,0.5059623003005982,0.36358597278594973,0.5538058996200561,267686.0,0.9508765074685186,False
UC3,7,all,all,dayPeak abs error (min),lvlh5_tft,9.51433600881206,9.39073441028595,9.652856874465943,209582.0,True,11988,130,wt_med,0.21931863789620643,0.13544237613677979,0.3064166784286499,0.019657421112060546,0.41931698322296135,193285.0,0.6865886364847343,False
UC3,7,all,all,dayPeak abs error (min),prod_served,9.1708791623788,9.043230223655701,9.306912517547607,211838.0,True,11629,130,wt_med,-0.06561032309524961,-0.1648030996322632,0.03286588191986083,-0.3051050901412964,0.16705806255340575,190563.0,0.6769195247144912,False
UC3,7,all,all,dayPeak abs error (min),prod_served_lin,9.153998161330827,9.028898572921753,9.288310217857362,211838.0,True,11629,130,wt_med,-0.08306603328033191,-0.1812203645706177,0.013116550445556638,-0.31825621128082277,0.14569730758666993,190563.0,0.6769195247144912,False
UC3,7,all,all,dayPeak abs error (min),wt_med,9.246336607285581,9.124331307411193,9.357777309417724,281515.0,True,17035,224,wt_med,,,,,,,,
UC3,10,all,all,dayPeak abs error (min),clim,9.39791405605306,9.27270495891571,9.521893310546876,229033.0,True,14760,221,wt_med,0.15120619056598805,0.10300557613372803,0.19934613704681398,0.019446372985839844,0.2979861259460449,222726.0,0.8194330494288184,False
UC3,10,all,all,dayPeak abs error (min),h5,9.638334556433506,9.513929915428161,9.755120754241943,298422.0,True,17214,221,wt_med,0.1023342331818764,0.08844563961029053,0.11709845066070557,0.07238173484802246,0.13202412128448485,271805.0,1.0,False
UC3,10,all,all,dayPeak abs error (min),lvlh5_cbd,14.112201241380825,13.90250060558319,14.337354755401611,160807.0,True,8956,120,wt_med,4.464691334461232,4.327042770385742,4.6140937328338625,3.769522261619568,5.28825089931488,146523.0,0.5390739684700429,False
UC3,10,all,all,dayPeak abs error (min),lvlh5_naive,9.810498888214005,9.683585405349731,9.927995324134827,282959.0,True,16397,221,wt_med,0.32747718246820234,0.2761327028274536,0.378509521484375,0.22564973831176757,0.4289707183837891,260967.0,0.9601258254998988,False
UC3,10,all,all,dayPeak abs error (min),lvlh5_tft,9.711278506635736,9.579622197151185,9.850838088989258,201863.0,True,11594,127,wt_med,0.26372003094861185,0.1793118953704834,0.3479894161224365,0.06032133102416992,0.4720876693725586,184552.0,0.6789867736060778,False
UC3,10,all,all,dayPeak abs error (min),prod_served,9.406169173152321,9.268014645576477,9.547647595405579,205068.0,True,11254,127,wt_med,0.01856657127320105,-0.0801649808883667,0.11718924045562741,-0.23125555515289306,0.26597812175750724,182053.0,0.6697926822538217,False
UC3,10,all,all,dayPeak abs error (min),prod_served_lin,9.387935404353678,9.24718222618103,9.528358483314515,205068.0,True,11254,127,wt_med,6.042196503130981e-05,-0.09785676002502441,0.09721822738647459,-0.2441560983657837,0.24471690654754635,182053.0,0.6697926822538217,False
UC3,10,all,all,dayPeak abs error (min),wt_med,9.366502455804714,9.249252820014954,9.478201532363892,271805.0,True,16574,221,wt_med,,,,,,,,
UC3,14,all,all,dayPeak abs error (min),clim,9.470094408928922,9.341854691505432,9.595013880729676,219153.0,True,14260,217,clim,,,,,,,,
UC3,14,all,all,dayPeak abs error (min),h5,9.78879643174338,9.664644193649291,9.906577277183533,287115.0,True,16643,217,clim,0.042296944257580904,-0.0051731824874877924,0.09256327152252197,-0.12241511344909668,0.197259783744812,217034.0,0.9903309559987771,False
UC3,14,all,all,dayPeak abs error (min),lvlh5_cbd,14.226630961468853,14.011794567108154,14.447698593139648,150980.0,True,8419,116,clim,4.393662342881257,4.246321988105774,4.554676818847656,3.677868914604187,5.22568724155426,119268.0,0.5442225294657157,False
UC3,14,all,all,dayPeak abs error (min),lvlh5_naive,10.147567617834795,10.023436093330384,10.268902516365051,267978.0,True,15595,217,clim,0.5268750326608789,0.4588580369949341,0.5967590570449829,0.38122355937957764,0.67069091796875,211772.0,0.96632033328314,False
UC3,14,all,all,dayPeak abs error (min),lvlh5_tft,10.013221873891922,9.875598192214966,10.160531330108643,191566.0,True,11046,123,clim,0.32639509012097356,0.23308029174804687,0.42749233245849605,0.08069970607757569,0.5752632856369018,151734.0,0.6923656075892185,False
UC3,14,all,all,dayPeak abs error (min),prod_served,9.751317027762434,9.607583212852479,9.896441054344177,195516.0,True,10732,123,clim,0.1908211840750269,0.0796525239944458,0.30648834705352784,-0.12511756420135497,0.5056675910949705,154399.0,0.7045260617011859,False
UC3,14,all,all,dayPeak abs error (min),prod_served_lin,9.729771668303362,9.588660430908202,9.875494766235352,195516.0,True,10732,123,clim,0.16888151801501472,0.05775685310363769,0.2804741859436035,-0.13897244930267333,0.47363181114196756,154399.0,0.7045260617011859,False
UC3,14,all,all,dayPeak abs error (min),wt_med,9.522509398859013,9.401722979545593,9.637226676940918,259074.0,True,15974,217,clim,-0.05580465991998018,-0.10484614372253417,-0.002566766738891603,-0.21424269676208496,0.09050540924072263,212450.0,0.969414062321757,False
UC3,21,all,all,dayPeak abs error (min),clim,9.473470543899662,9.34104127883911,9.592080974578858,202997.0,True,13460,210,clim,,,,,,,,
UC3,21,all,all,dayPeak abs error (min),h5,9.926756041874969,9.797851753234863,10.046735382080078,269039.0,True,15747,210,clim,0.16750423538791281,0.11232759952545165,0.223622465133667,-0.02084980010986328,0.342942214012146,200690.0,0.9886353000290645,False
UC3,21,all,all,dayPeak abs error (min),lvlh5_cbd,14.363209284248798,14.126804518699647,14.599872708320618,136524.0,True,7651,109,clim,4.428429190383756,4.274031329154968,4.593601322174072,3.7116272926330565,5.244670248031616,106375.0,0.5240225225003325,False
UC3,21,all,all,dayPeak abs error (min),lvlh5_naive,10.380995046040628,10.251153802871704,10.501988887786865,249608.0,True,14653,210,clim,0.7533442036346969,0.6745832920074463,0.8263796091079711,0.5875123023986817,0.9149680376052857,195407.0,0.9626102848810574,False
UC3,21,all,all,dayPeak abs error (min),lvlh5_tft,10.29072270075136,10.134284472465515,10.437794065475464,174201.0,True,10118,116,clim,0.5491396583092651,0.4408957719802856,0.6521655797958373,0.3359134435653687,0.7941805839538574,136419.0,0.6720247097247742,False
UC3,21,all,all,dayPeak abs error (min),prod_served,10.076170210404827,9.916766881942749,10.222155046463012,180224.0,True,9925,116,clim,0.45071111845745726,0.31977570056915283,0.5740598678588867,0.1887047052383423,0.7480922698974609,139147.0,0.6854633319704232,False
UC3,21,all,all,dayPeak abs error (min),prod_served_lin,10.049297748912466,9.889616584777832,10.19396550655365,180224.0,True,9925,116,clim,0.41926371032073817,0.2919715404510498,0.5424487352371216,0.16607263088226318,0.7128141403198242,139147.0,0.6854633319704232,False
UC3,21,all,all,dayPeak abs error (min),wt_med,9.66432921724571,9.539387702941895,9.782962226867676,238900.0,True,14982,210,clim,0.0825321739485414,0.0249347448348999,0.1376810312271118,-0.09638035297393799,0.2472726821899414,195966.0,0.9653640201579333,False
UC3,30,all,all,dayPeak abs error (min),clim,9.430056944991467,9.292385458946228,9.55556652545929,182808.0,True,12378,201,clim,,,,,,,,
UC3,30,all,all,dayPeak abs error (min),h5,9.994423795879246,9.859397554397583,10.112290573120116,246217.0,True,14637,201,clim,0.2503131446586213,0.1918790340423584,0.3128253221511841,0.02138488292694092,0.4671234607696533,180328.0,0.9864338540982889,False
UC3,30,all,all,dayPeak abs error (min),lvlh5_cbd,14.508511594339085,14.261822748184205,14.756409096717835,119365.0,True,6800,100,clim,4.387175810039878,4.206173062324524,4.584348464012146,3.63663227558136,5.185899925231934,90874.0,0.49710078333552143,False
UC3,30,all,all,dayPeak abs error (min),lvlh5_naive,10.415180412070773,10.281308698654176,10.536676049232483,228673.0,True,13666,201,clim,0.8412061539292921,0.7535504102706909,0.926339077949524,0.6253796577453613,1.0404820203781127,175711.0,0.9611778477965953,False
UC3,30,all,all,dayPeak abs error (min),lvlh5_tft,10.757370441665207,10.574218893051148,10.939486217498779,128791.0,True,7552,105,clim,0.8473424820787372,0.7118308305740356,0.9699980974197387,0.5529151201248169,1.1471526145935058,98770.0,0.5402936414161306,False
UC3,30,all,all,dayPeak abs error (min),prod_served,10.77404975305106,10.592103600502014,10.937949347496033,143147.0,True,7962,105,clim,1.0377091624139698,0.8893952131271362,1.1892137765884399,0.682813572883606,1.397845411300659,106795.0,0.5841921578924336,False
UC3,30,all,all,dayPeak abs error (min),prod_served_lin,10.741423239746556,10.559406089782716,10.90542094707489,143147.0,True,7962,105,clim,0.9974568097757377,0.8496628522872924,1.1487847089767456,0.6575443983078003,1.3479982376098631,106795.0,0.5841921578924336,False
UC3,30,all,all,dayPeak abs error (min),wt_med,9.740489242790975,9.614286494255065,9.86525583267212,215251.0,True,13783,201,clim,0.1939410911778907,0.13537743091583251,0.2582944631576538,-0.018200135231018065,0.39227015972137447,175865.0,0.9620202616953306,False
UC3,45,all,all,dayPeak abs error (min),clim,9.420019107005686,9.279451966285706,9.55207691192627,154917.0,True,10890,186,clim,,,,,,,,
UC3,45,all,all,dayPeak abs error (min),h5,9.859324561649666,9.721477103233337,9.991632127761841,213813.0,True,13058,186,clim,0.1705923018452502,0.10193588733673095,0.2313166856765747,-0.11329777240753174,0.43549888134002684,152608.0,0.9850952445503076,False
UC3,45,all,all,dayPeak abs error (min),lvlh5_cbd,15.479984246046095,15.051971316337585,15.90556616783142,30316.0,True,2089,84,clim,3.6934500211941828,3.3303937673568726,4.0681753873825075,2.520235061645508,4.877360224723816,22164.0,0.14307016015027402,False
UC3,45,all,all,dayPeak abs error (min),lvlh5_naive,10.386869184247317,10.243900465965272,10.51866419315338,196997.0,True,12075,186,clim,0.8995694514368022,0.7983554840087891,0.9901368856430054,0.6024710416793824,1.1886397838592528,148356.0,0.957648289083832,False
UC3,45,all,all,dayPeak abs error (min),lvlh5_tft,10.785851787641839,10.562719559669494,11.001356601715088,85906.0,True,5157,74,clim,0.9834227019490953,0.8215555667877197,1.1481966733932496,0.6422944307327271,1.3505609273910522,68163.0,0.43999690156664534,False
UC3,45,all,all,dayPeak abs error (min),prod_served,11.273069582710063,11.053815579414367,11.476522994041442,96935.0,True,5611,85,clim,1.4159819455928009,1.2403897762298584,1.6028288841247558,0.982207179069519,1.8809544563293457,73777.0,0.47623566167689796,False
UC3,45,all,all,dayPeak abs error (min),prod_served_lin,11.224413782431524,11.006189489364624,11.429377102851868,96935.0,True,5611,85,clim,1.356136058663271,1.180051612854004,1.540193223953247,0.9287829875946045,1.8092064142227173,73777.0,0.47623566167689796,False
UC3,45,all,all,dayPeak abs error (min),wt_med,9.622833379509663,9.481743693351746,9.757657098770142,184077.0,True,12153,186,clim,0.13199096877372973,0.0669398546218872,0.194352126121521,-0.10760040283203125,0.35599112510681147,148817.0,0.9606240761181795,False
UC3,60,all,all,dayPeak abs error (min),clim,9.43189636562688,9.275354552268983,9.583066701889038,129706.0,True,9445,171,clim,,,,,,,,
UC3,60,all,all,dayPeak abs error (min),h5,9.875631955726488,9.725655698776245,10.014784789085388,180966.0,True,11375,171,clim,0.11674110101112412,0.04796016216278076,0.19003868103027344,-0.19589650630950925,0.4156336545944213,128273.0,0.9889519374585601,False
UC3,60,all,all,dayPeak abs error (min),lvlh5_naive,10.372076819993618,10.221824598312377,10.51688368320465,166486.0,True,10408,171,clim,0.8810747945180335,0.7841652870178223,0.9839403867721558,0.5304943084716797,1.2405381441116332,124665.0,0.9611351826438252,False
UC3,60,all,all,dayPeak abs error (min),lvlh5_tft,2.976732254804204,2.196046268939972,3.9023230493068692,1103.0,True,148,48,clim,-0.12919899905503174,-0.6799766182899475,0.42825088500976544,-1.6001097321510316,0.20832055211067185,955.0,0.0073628051131019384,False
UC3,60,all,all,dayPeak abs error (min),prod_served,3.4766666666666666,2.4374771893024443,4.923464524745941,1110.0,True,150,48,clim,-0.1608535300316123,-0.8203461229801178,0.5139881551265716,-1.718811583518982,0.3970121860504147,949.0,0.0073165466516583655,False
UC3,60,all,all,dayPeak abs error (min),prod_served_lin,3.466948198198198,2.426959389448166,4.929543137550353,1110.0,True,150,48,clim,-0.18677555321390926,-0.8253697097301483,0.4645184904336926,-1.8065448939800262,0.29967041015624973,949.0,0.0073165466516583655,False
UC3,60,all,all,dayPeak abs error (min),wt_med,9.63318061148588,9.485308289527893,9.778333616256713,155948.0,True,10530,171,clim,0.07265582612581056,0.006363368034362793,0.1431737422943115,-0.19032824039459229,0.3322431802749633,125332.0,0.9662775816076358,False
UC3,90,all,all,dayPeak abs error (min),clim,9.34467264543016,9.143846774101258,9.525612926483154,86863.0,True,6796,141,clim,,,,,,,,
UC3,90,all,all,dayPeak abs error (min),h5,9.535294920330214,9.363088703155517,9.705056095123291,121376.0,True,8268,141,clim,-0.15260173608692718,-0.23155009746551514,-0.0752363443374634,-0.3942403793334961,0.07519397735595694,86142.0,0.9916995728906439,False
UC3,90,all,all,dayPeak abs error (min),lvlh5_naive,9.976390045511787,9.805494236946107,10.157526516914368,111740.0,True,7546,141,clim,0.5768955410417291,0.44977436065673826,0.700682520866394,0.31206645965576174,0.8703848361968994,83597.0,0.9624005618042204,False
UC3,90,all,all,dayPeak abs error (min),wt_med,9.448559491562735,9.263458347320556,9.62186586856842,104477.0,True,7609,141,clim,-0.16391667647404873,-0.23622772693634034,-0.0940596342086792,-0.39160335063934326,0.0582252979278564,84970.0,0.9782070616948528,False
D5,0,all,all,rope-drop worth agreement,clim,0.9123411494469139,0.9104565054178237,0.9142830863595008,255114.0,False,16034,231,wt_med,-0.0014159052021553986,-0.0020225048065185547,-0.0008207723498344422,-0.002657864987850189,-0.0003418534994125371,250723.0,0.8131671039701098,False
D5,0,all,all,rope-drop worth agreement,h5,0.9104456756822434,0.9086679622530938,0.9123442262411118,329208.0,False,18702,231,wt_med,-0.0030681512280712475,-0.0036000639200210573,-0.002549099922180176,-0.004969096183776856,-0.001581956446170807,308329.0,1.0,False
D5,0,all,all,rope-drop worth agreement,lvlh5_cbd,0.9016235659051159,0.8988839909434319,0.9041923895478249,181822.0,False,9985,130,wt_med,-0.011840085897518171,-0.012910343706607819,-0.010718180239200592,-0.018423716723918914,-0.0065785348415374765,171367.0,0.5557926760051762,False
D5,0,all,all,rope-drop worth agreement,lvlh5_naive,0.9085319678919334,0.9066993087530136,0.9104548826813698,310327.0,False,17681,231,wt_med,-0.003315762625403895,-0.0040238738059997555,-0.002669009566307068,-0.0049286335706710815,-0.0017916381359100342,294050.0,0.9536890788735409,False
D5,0,all,all,rope-drop worth agreement,lvlh5_tft,0.9137479099902466,0.911675788462162,0.9158665582537651,229664.0,False,13013,137,wt_med,-0.0023187252102356837,-0.0031660616397857664,-0.001529763638973236,-0.004369568824768066,-8.046030998229997e-05,216067.0,0.7007676864647827,False
D5,0,all,all,rope-drop worth agreement,prod_ropedrop_hist,0.9117695708155898,0.9101855635643006,0.9135821402072907,308329.0,False,18260,231,wt_med,-0.0030486914951236566,-0.0042688935995101925,-0.002008895576000214,-0.007068672776222229,0.0009808436036109916,308329.0,1.0,False
D5,0,all,all,rope-drop worth agreement,snaive7,0.9160353243459249,0.9138030186295509,0.9182679161429406,151397.0,False,14709,231,wt_med,-0.010684850600016116,-0.012581777572631837,-0.008913718163967133,-0.014582917094230652,-0.006612695753574372,148996.0,0.4832370617100565,False
D5,0,all,all,rope-drop worth agreement,wt_med,0.9148182623107135,0.9131091982126236,0.9166535988450051,308329.0,False,18260,231,wt_med,,,,,,,,
D5,1,all,all,rope-drop worth agreement,clim,0.9125945881700408,0.910661606490612,0.9145505905151368,252410.0,False,15905,230,wt_med,-0.0008602619558236713,-0.0014471560716629028,-0.0002627596259117128,-0.0019556358456611633,0.00015259236097335787,247599.0,0.816191377213137,False
D5,1,all,all,rope-drop worth agreement,h5,0.9101643514891186,0.9083833038806916,0.9120780900120735,325461.0,False,18516,230,wt_med,-0.002679993011580284,-0.0032105833292007447,-0.0021459281444549563,-0.0044467061758041385,-0.0012738585472106933,303359.0,1.0,False
D5,1,all,all,rope-drop worth agreement,lvlh5_cbd,0.9015217732356171,0.8987644538283348,0.9042686447501183,178476.0,False,9806,129,wt_med,-0.011458700312292902,-0.012588874995708465,-0.010389740765094756,-0.018015684187412263,-0.006368592381477356,167471.0,0.5520554854149704,False
D5,1,all,all,rope-drop worth agreement,lvlh5_naive,0.9084406573025693,0.906656838953495,0.9104170978069306,308412.0,False,17610,230,wt_med,-0.0027682065460347127,-0.0034654319286346437,-0.0021052151918411256,-0.004321373999118805,-0.001290889084339142,290802.0,0.9586067992049024,False
D5,1,all,all,rope-drop worth agreement,lvlh5_tft,0.9133448108418311,0.9113169372081756,0.9154706880450248,226530.0,False,12838,136,wt_med,-0.002044094028325283,-0.002897477149963379,-0.001213119924068451,-0.0040368735790252686,0.00013168901205062842,212319.0,0.6998935254928978,False
D5,1,all,all,rope-drop worth agreement,prod_ropedrop_hist,0.9109701706558896,0.9093343243002892,0.9127576619386673,303359.0,False,18040,230,wt_med,-0.003316202914698363,-0.004495012760162354,-0.002246174216270447,-0.0073907911777496334,0.0007614701986312858,303359.0,1.0,False
D5,1,all,all,rope-drop worth agreement,snaive7,0.9161040508339953,0.9138391017913818,0.9183514878153801,151080.0,False,14681,230,wt_med,-0.010062018747342694,-0.012003487348556519,-0.008338385820388794,-0.014046081900596618,-0.005780525505542755,148181.0,0.4884674593468465,False
D5,1,all,all,rope-drop worth agreement,wt_med,0.914286373570588,0.9125929281115532,0.916171345114708,303359.0,False,18040,230,wt_med,,,,,,,,
D5,2,all,all,rope-drop worth agreement,clim,0.912906325060048,0.9109472304582595,0.9148420080542564,249800.0,False,15784,229,snaive7,0.009194507136272567,0.007163584232330322,0.011335965991020202,0.004890537261962891,0.013383600115776061,125836.0,0.8344728343402057,True
D5,2,all,all,rope-drop worth agreement,h5,0.9101279281345803,0.9083557233214379,0.9121027588844299,322603.0,False,18378,229,snaive7,0.0075245854448811045,0.0056702569127082825,0.009536638855934143,0.0032587036490440368,0.011873827874660492,149377.0,0.9905833670431109,True
D5,2,all,all,rope-drop worth agreement,lvlh5_cbd,0.9019001650351548,0.8991262346506119,0.9046617776155472,176932.0,False,9748,128,snaive7,-0.003481112442454526,-0.006231740117073059,-0.000533348321914673,-0.015616555511951445,0.00591602325439453,79285.0,0.525773059145739,False
D5,2,all,all,rope-drop worth agreement,lvlh5_naive,0.9085971228881902,0.9067988052964211,0.910508020222187,306905.0,False,17540,229,snaive7,0.00785695676616982,0.006009900569915771,0.009741522371768951,0.004024776816368103,0.011903567612171173,145858.0,0.9672473590323415,True
D5,2,all,all,rope-drop worth agreement,lvlh5_tft,0.9129891180581293,0.910871846973896,0.9151369109749794,223949.0,False,12722,135,snaive7,0.0068478937538908324,0.004829199612140655,0.008977942168712616,0.0027271613478660585,0.010747121274471283,101199.0,0.6710942525381804,True
D5,2,all,all,rope-drop worth agreement,prod_ropedrop_hist,0.9103199759767776,0.9087048351764679,0.9120678648352623,299710.0,False,17875,229,snaive7,0.006494473940838574,0.004746231436729431,0.008420103788375854,0.003133808076381683,0.010221904516220091,147664.0,0.979223724609906,True
D5,2,all,all,rope-drop worth agreement,snaive7,0.9162251238419863,0.9139812380075455,0.9184667095541954,150797.0,False,14644,229,snaive7,,,,,,,,
D5,2,all,all,rope-drop worth agreement,wt_med,0.914126989423109,0.912415762245655,0.9160345450043679,299710.0,False,17875,229,snaive7,0.009792501896196737,0.008101460337638856,0.011720995604991912,0.005465579032897949,0.013850261270999907,147664.0,0.979223724609906,True
D5,3,all,all,rope-drop worth agreement,clim,0.912835915014714,0.9108674213290214,0.9147375792264938,247384.0,False,15653,228,snaive7,0.00918078529791444,0.007094784080982209,0.011323080956935882,0.004948610067367553,0.013352955877780914,124717.0,0.8294173588619843,True
D5,3,all,all,rope-drop worth agreement,h5,0.9101019636281797,0.9082733035087586,0.9120984435081482,319918.0,False,18242,228,snaive7,0.007562618481022909,0.00572432428598404,0.009517890214920043,0.0033110439777374267,0.011794188618659971,148758.0,0.9892995138560987,True
D5,3,all,all,rope-drop worth agreement,lvlh5_cbd,0.9015130892427748,0.8986325651407242,0.9042470186948777,176328.0,False,9723,127,snaive7,-0.0037094515310950316,-0.006516286730766296,-0.0007210373878479006,-0.015846362709999083,0.00545607209205627,79257.0,0.5270903855234194,False
D5,3,all,all,rope-drop worth agreement,lvlh5_naive,0.9086670224853388,0.9068424135446549,0.9105642214417458,305399.0,False,17474,228,snaive7,0.007773161269020168,0.005941076576709748,0.009697601199150085,0.00407039225101471,0.011640822887420655,145372.0,0.9667812751468075,True
D5,3,all,all,rope-drop worth agreement,lvlh5_tft,0.9126204826076161,0.9104568302631378,0.914728419482708,221505.0,False,12592,134,snaive7,0.006340750752840019,0.004367421567440033,0.008573997020721435,0.002402329444885254,0.009988631308078765,100619.0,0.6691561313320077,True
D5,3,all,all,rope-drop worth agreement,prod_ropedrop_hist,0.9097326924698541,0.9081223145127296,0.911548301577568,296475.0,False,17718,228,snaive7,0.0057851070925413195,0.0039491385221481325,0.0077100455760955805,0.0023897245526313783,0.009506945312023164,146929.0,0.9771359407316765,True
D5,3,all,all,rope-drop worth agreement,prod_served,0.9070149906055267,0.9046534389257431,0.9093130469322205,221939.0,False,12181,134,snaive7,-0.00047072963092786857,-0.002742932736873627,0.001890701055526733,-0.01144433617591858,0.007844901084899901,99845.0,0.6640087253187202,False
D5,3,all,all,rope-drop worth agreement,prod_served_lin,0.9054875438746682,0.9031120538711548,0.9077915474772453,221939.0,False,12181,134,snaive7,-0.002163353197455975,-0.004494333267211914,0.0003372758626937861,-0.014296309649944305,0.007285751402378079,99845.0,0.6640087253187202,False
D5,3,all,all,rope-drop worth agreement,snaive7,0.9162914735281013,0.9140768215060234,0.9185375586152077,150367.0,False,14596,228,snaive7,,,,,,,,
D5,3,all,all,rope-drop worth agreement,wt_med,0.9141242937853107,0.9123874500393867,0.9160231038928032,296475.0,False,17718,228,snaive7,0.009671337857060203,0.007956165075302123,0.01157698780298233,0.005434571206569672,0.013642658293247222,146929.0,0.9771359407316765,True
D5,4,all,all,rope-drop worth agreement,clim,0.9129069791177611,0.9108794182538986,0.9148933857679367,244945.0,False,15529,227,snaive7,0.009184334034633479,0.007131357491016388,0.011262109875679016,0.005051219463348388,0.013356350362300873,123580.0,0.824647332808392,True
D5,4,all,all,rope-drop worth agreement,h5,0.91008996679459,0.908306223154068,0.9120558470487594,317117.0,False,18102,227,snaive7,0.007396339690759923,0.0054797112941741945,0.009392789006233214,0.0032427772879600526,0.011578863859176636,147911.0,0.9870077006232567,True
D5,4,all,all,rope-drop worth agreement,lvlh5_cbd,0.9016878818882785,0.8988492026925087,0.9044175341725349,174953.0,False,9659,126,snaive7,-0.0033856180972066108,-0.0061416104435920715,-0.0003851145505905154,-0.015180982649326324,0.005750548839569092,78863.0,0.5262515181038049,False
D5,4,all,all,rope-drop worth agreement,lvlh5_naive,0.9089089023165451,0.9070757672190666,0.9108057901263237,303685.0,False,17394,227,snaive7,0.00766005650068724,0.005833485722541809,0.009615787863731384,0.00400390625,0.011409470438957214,144777.0,0.9660945695258177,True
D5,4,all,all,rope-drop worth agreement,lvlh5_tft,0.9123386562492861,0.910171328485012,0.9144343316555024,218865.0,False,12458,133,snaive7,0.005922793233384072,0.00396687239408493,0.008079203963279723,0.0017683327198028565,0.0096053346991539,99784.0,0.6658570113040345,True
D5,4,all,all,rope-drop worth agreement,prod_ropedrop_hist,0.9095264073101709,0.9079211249947547,0.9113257020711899,293290.0,False,17569,227,snaive7,0.005542560415966347,0.0036824807524681092,0.007443819940090178,0.0020238190889358522,0.009363922476768493,145781.0,0.9727942452188071,True
D5,4,all,all,rope-drop worth agreement,prod_served,0.9071002655709776,0.9048157930374146,0.9093702360987663,219527.0,False,12050,133,snaive7,-0.0006363122171946234,-0.0030179381370544433,0.0017969205975532528,-0.01154942363500595,0.007524085044860838,99008.0,0.6606787759078594,False
D5,4,all,all,rope-drop worth agreement,prod_served_lin,0.9057200253271808,0.9033843100070953,0.9079954952001572,219527.0,False,12050,133,snaive7,-0.0021412411118293395,-0.004525437951087952,0.0004271477460861204,-0.014005164802074432,0.007019110023975369,99008.0,0.6606787759078594,False
D5,4,all,all,rope-drop worth agreement,snaive7,0.9165143002041933,0.9143251582980156,0.9187323376536369,149858.0,False,14541,227,snaive7,,,,,,,,
D5,4,all,all,rope-drop worth agreement,wt_med,0.9139759282621296,0.9122451648116112,0.9158576384186745,293290.0,False,17569,227,snaive7,0.009301623668379277,0.007557560503482818,0.011161886155605316,0.005194216966629028,0.01319829225540161,145781.0,0.9727942452188071,True
D5,5,all,all,rope-drop worth agreement,clim,0.9128717855610207,0.9108881920576095,0.9148610681295395,242344.0,False,15394,226,snaive7,0.009171459661122316,0.007161334156990051,0.011202378571033476,0.005188781023025513,0.013189223408699033,122227.0,0.8186616298618228,True
D5,5,all,all,rope-drop worth agreement,h5,0.910195495613044,0.9083855733275413,0.9121209472417832,314227.0,False,17964,226,snaive7,0.007400397592658092,0.0055343970656394955,0.009405772387981414,0.003332491219043732,0.011569781601428984,146884.0,0.983811226984414,True
D5,5,all,all,rope-drop worth agreement,lvlh5_cbd,0.9013912449413223,0.8985378429293632,0.9041500374674797,172723.0,False,9543,125,snaive7,-0.003239809965296936,-0.006030277907848358,-0.0002648100256919872,-0.01480068564414978,0.005685967206954955,78091.0,0.5230440519487478,False
D5,5,all,all,rope-drop worth agreement,lvlh5_naive,0.9091571524624317,0.9073206394910812,0.9110636621713638,301917.0,False,17321,226,snaive7,0.007723427730783383,0.005995170772075653,0.009615343809127807,0.004211615025997162,0.011329656839370726,144107.0,0.9652112176073837,True
D5,5,all,all,rope-drop worth agreement,lvlh5_tft,0.9119724176231025,0.9098634257912636,0.9141379252076149,216080.0,False,12317,132,snaive7,0.0061303691394177795,0.004043355584144592,0.008338364958763122,0.002022503316402435,0.009796173870563507,98689.0,0.6610069590960542,True
D5,5,all,all,rope-drop worth agreement,prod_ropedrop_hist,0.9093253441541204,0.9076889529824257,0.9110883980989456,290059.0,False,17417,226,snaive7,0.005125967179956059,0.003276371955871582,0.007116539776325225,0.0015041664242744447,0.008986939489841462,144363.0,0.9669258745755219,True
D5,5,all,all,rope-drop worth agreement,prod_served,0.9069765299731034,0.9044980823993682,0.9093317434191703,217128.0,False,11915,132,snaive7,-0.0009081261989306588,-0.0033259108662605287,0.0015340596437454224,-0.012027040123939514,0.007333762943744658,98004.0,0.6564189121305283,False
D5,5,all,all,rope-drop worth agreement,prod_served_lin,0.9055764341770752,0.9030799299478531,0.9079143404960632,217128.0,False,11915,132,snaive7,-0.0021529733480265545,-0.004606330394744873,0.0003550454974174496,-0.013843919336795806,0.006892064213752744,98004.0,0.6564189121305283,False
D5,5,all,all,rope-drop worth agreement,snaive7,0.9167922518938252,0.9146430537104606,0.9189567655324936,149301.0,False,14499,226,snaive7,,,,,,,,
D5,5,all,all,rope-drop worth agreement,wt_med,0.9141864241412954,0.9124515160918236,0.9160492330789566,290059.0,False,17417,226,snaive7,0.009469185317567463,0.007713082432746887,0.011412715911865235,0.005674690008163452,0.013156208395957946,144363.0,0.9669258745755219,True
D5,6,all,all,rope-drop worth agreement,clim,0.9130285924243436,0.9109998106956482,0.9150812223553657,239504.0,False,15258,225,snaive7,0.009311542830609532,0.00717947781085968,0.01143026351928711,0.005403836071491241,0.013221280276775358,120603.0,0.8111909278017676,True
D5,6,all,all,rope-drop worth agreement,h5,0.9101446480231437,0.9083590745925904,0.9120215207338334,311100.0,False,17816,225,snaive7,0.007287388216547286,0.005422838032245636,0.009287233650684356,0.0031114354729652404,0.011496737599372864,145594.0,0.9792835330992642,True
D5,6,all,all,rope-drop worth agreement,lvlh5_cbd,0.9006875656886519,0.8978130638599395,0.9035697162151337,170311.0,False,9422,124,snaive7,-0.0037087466770407973,-0.006447780132293701,-0.0007296681404113771,-0.01518205851316452,0.005292735993862151,77115.0,0.518685176964365,False
D5,6,all,all,rope-drop worth agreement,lvlh5_naive,0.909378626789216,0.9075264066457749,0.9112981960177422,299852.0,False,17241,225,snaive7,0.0076952083013281936,0.0059791550040245054,0.009633009135723115,0.004263255000114441,0.011393809318542478,143206.0,0.9632215451255768,True
D5,6,all,all,rope-drop worth agreement,lvlh5_tft,0.9118423830186466,0.9096045389771461,0.9140063419938087,213175.0,False,12164,131,snaive7,0.006018157170439187,0.0039910092949867245,0.008239556849002839,0.0023497804999351502,0.009468235075473785,97372.0,0.6549363035904059,True
D5,6,all,all,rope-drop worth agreement,prod_ropedrop_hist,0.9087507025487246,0.9070773154497147,0.9105634316802025,286457.0,False,17245,225,snaive7,0.004258931829025259,0.0024181470274925233,0.006208205223083496,0.0004426524043083191,0.008268330991268159,142524.0,0.9586343274546996,True
D5,6,all,all,rope-drop worth agreement,prod_served,0.9068987209058503,0.9045020848512649,0.9092529907822609,214605.0,False,11775,131,snaive7,-0.0008061515564926625,-0.0030487343668937684,0.0016265556216239925,-0.011144804954528808,0.007208427786827085,96756.0,0.6507930102102587,False
D5,6,all,all,rope-drop worth agreement,prod_served_lin,0.9055380815917616,0.903055639564991,0.9079600110650062,214605.0,False,11775,131,snaive7,-0.002191078589441453,-0.004557214677333832,0.00036998391151428186,-0.01353265643119812,0.006725499033927913,96756.0,0.6507930102102587,False
D5,6,all,all,rope-drop worth agreement,snaive7,0.9170332405127998,0.9149223208427429,0.9192006900906563,148674.0,False,14452,225,snaive7,,,,,,,,
D5,6,all,all,rope-drop worth agreement,wt_med,0.9140464362888671,0.9122580185532569,0.9159108713269234,286457.0,False,17245,225,snaive7,0.009114254441357161,0.007367360591888428,0.010957835614681244,0.005440077185630799,0.012680503726005552,142524.0,0.9586343274546996,True
D5,7,all,all,rope-drop worth agreement,clim,0.9128335343532449,0.9108058407902717,0.9149232357740402,236295.0,False,15115,224,wt_med,-7.379048710398628e-05,-0.0006708115339279175,0.0005540534853935239,-0.0013034090399742127,0.0010019332170486449,230382.0,0.8183649183880077,False
D5,7,all,all,rope-drop worth agreement,h5,0.9102481375021998,0.9083640202879906,0.9120866745710373,306846.0,False,17628,224,wt_med,-0.0017618954585013613,-0.0022910207509994505,-0.0011919379234313966,-0.0033784642815589904,-0.0003077760338783265,281515.0,1.0,False
D5,7,all,all,rope-drop worth agreement,lvlh5_cbd,0.9004414310271507,0.8975721448659897,0.9033513963222504,166957.0,False,9258,123,wt_med,-0.010179309447102103,-0.011333060264587403,-0.009053702652454376,-0.01639353036880493,-0.005406962335109712,153645.0,0.5457790881480561,False
D5,7,all,all,rope-drop worth agreement,lvlh5_naive,0.9078903516080653,0.9060705482959748,0.9098432272672653,288048.0,False,16604,224,wt_med,-0.0027868472762864194,-0.0035062700510025023,-0.0020491003990173342,-0.004329083859920502,-0.0013496026396751406,267686.0,0.9508765074685186,False
D5,7,all,all,rope-drop worth agreement,lvlh5_tft,0.9111898922617401,0.9090018615126609,0.913390751183033,209582.0,False,11988,130,wt_med,-0.0028196704348500967,-0.0036517798900604246,-0.0019403725862503053,-0.0045711338520050045,-0.0010198622941970828,193285.0,0.6865886364847343,False
D5,7,all,all,rope-drop worth agreement,prod_ropedrop_hist,0.9083103919862174,0.9066493272781372,0.9100955724716187,281515.0,False,17035,224,wt_med,-0.00575457790881484,-0.006945490837097168,-0.004634822905063629,-0.009975016117095947,-0.001767711341381076,281515.0,1.0,False
D5,7,all,all,rope-drop worth agreement,prod_served,0.9067353354922157,0.9043470859527588,0.9090601563453674,211838.0,False,11629,130,wt_med,-0.006549015286283266,-0.007625158131122589,-0.005467745661735535,-0.013509264588356018,-0.001301331818103791,190563.0,0.6769195247144912,False
D5,7,all,all,rope-drop worth agreement,prod_served_lin,0.9056071148707975,0.9031446978449822,0.9079465076327324,211838.0,False,11629,130,wt_med,-0.007682498701216844,-0.008757713437080383,-0.006627324223518372,-0.015175426006317138,-0.0022183805704116834,190563.0,0.6769195247144912,False
D5,7,all,all,rope-drop worth agreement,wt_med,0.9140649698950323,0.9122730165719986,0.9158533290028572,281515.0,False,17035,224,wt_med,,,,,,,,
D5,10,all,all,rope-drop worth agreement,clim,0.9128553527220968,0.9108109980821609,0.9149230778217315,229033.0,False,14760,221,wt_med,-1.7959286297997146e-05,-0.0006545186042785645,0.000642009079456329,-0.001341550052165985,0.0011799335479736326,222726.0,0.8194330494288184,False
D5,10,all,all,rope-drop worth agreement,h5,0.9102948174062234,0.9083778858184814,0.9121909141540527,298422.0,False,17214,221,wt_med,-0.001880024282113979,-0.0023933112621307372,-0.0013704389333724976,-0.0036810651421546937,-0.0003064930438995365,271805.0,1.0,False
D5,10,all,all,rope-drop worth agreement,lvlh5_cbd,0.9001909120871604,0.8971804395318032,0.9029248088598252,160807.0,False,8956,120,wt_med,-0.009643537192113194,-0.010773040354251862,-0.008449028432369231,-0.01553754210472107,-0.004771673679351807,146523.0,0.5390739684700429,False
D5,10,all,all,rope-drop worth agreement,lvlh5_naive,0.9081563053304542,0.9062767326831818,0.9100683435797692,282959.0,False,16397,221,wt_med,-0.002743641916410855,-0.003484293818473816,-0.0019768103957176213,-0.004412508010864258,-0.0011922314763069153,260967.0,0.9601258254998988,False
D5,10,all,all,rope-drop worth agreement,lvlh5_tft,0.9106126432283281,0.9083830744028092,0.9129432022571564,201863.0,False,11594,127,wt_med,-0.003056049243573611,-0.003908123075962067,-0.0021979659795761113,-0.005166719853878021,-0.0011650800704956056,184552.0,0.6789867736060778,False
D5,10,all,all,rope-drop worth agreement,prod_ropedrop_hist,0.9074630709516013,0.9057213291525841,0.9092919573187828,271805.0,False,16574,221,wt_med,-0.006707014219753171,-0.007957904040813446,-0.00552348792552948,-0.010895924270153045,-0.0029148235917091374,271805.0,1.0,False
D5,10,all,all,rope-drop worth agreement,prod_served,0.9060457994421363,0.9036914929747581,0.9084718942642211,205068.0,False,11254,127,wt_med,-0.007272607427507349,-0.008400717377662658,-0.006137673556804657,-0.014335805177688598,-0.0020519375801086445,182053.0,0.6697926822538217,False
D5,10,all,all,rope-drop worth agreement,prod_served_lin,0.9049486024148088,0.902425454556942,0.9073919877409935,205068.0,False,11254,127,wt_med,-0.008343724080350223,-0.009441745281219483,-0.007135240733623505,-0.016003580391407014,-0.0026478275656700145,182053.0,0.6697926822538217,False
D5,10,all,all,rope-drop worth agreement,wt_med,0.9141700851713545,0.9123614981770516,0.9160032913088798,271805.0,False,16574,221,wt_med,,,,,,,,
D5,14,all,all,rope-drop worth agreement,clim,0.9120796886193664,0.9100306510925293,0.9141599982976913,219153.0,False,14260,217,wt_med,0.0002353494939986156,-0.0003792181611061096,0.0008900672197341918,-0.000980067253112793,0.0014136373996734618,212450.0,0.8200359742776195,False
D5,14,all,all,rope-drop worth agreement,h5,0.9102589554708044,0.9083371192216874,0.9122932836413383,287115.0,False,16643,217,wt_med,-0.001443602986019421,-0.001949477195739746,-0.0009220167994499207,-0.003259377181529999,0.00020765364170074422,259074.0,1.0,False
D5,14,all,all,rope-drop worth agreement,lvlh5_cbd,0.9003245462975229,0.8972904905676842,0.9032249316573143,150980.0,False,8419,116,wt_med,-0.00899570156132301,-0.010191205143928527,-0.007769966125488282,-0.014938084781169892,-0.004278704524040226,135398.0,0.5226228799493581,False
D5,14,all,all,rope-drop worth agreement,lvlh5_naive,0.9075856973333631,0.905694667994976,0.9095544055104255,267978.0,False,15595,217,wt_med,-0.0028485500513472095,-0.003552718460559845,-0.0021609008312225343,-0.0045990094542503355,-0.0013004094362258911,245388.0,0.9471733944741657,False
D5,14,all,all,rope-drop worth agreement,lvlh5_tft,0.9096081768163453,0.9072860613465309,0.9120206564664841,191566.0,False,11046,123,wt_med,-0.0034763797062719037,-0.0043808847665786745,-0.0025193274021148683,-0.005627036094665527,-0.0015873894095420843,172881.0,0.6673035503369693,False
D5,14,all,all,rope-drop worth agreement,prod_ropedrop_hist,0.9066521534387858,0.9049041494727135,0.9084791034460068,259074.0,False,15974,217,wt_med,-0.007017300076426092,-0.008294232189655304,-0.005813677608966827,-0.011623936891555785,-0.0028348654508590708,259074.0,1.0,False
D5,14,all,all,rope-drop worth agreement,prod_served,0.9057826469444956,0.9032479718327522,0.9083791434764862,195516.0,False,10732,123,wt_med,-0.007426062249773935,-0.008571106195449828,-0.006184561550617218,-0.014446860551834107,-0.002147972583770753,170346.0,0.6575187012205007,False
D5,14,all,all,rope-drop worth agreement,prod_served_lin,0.9048926942040549,0.9024117514491081,0.9074243798851966,195516.0,False,10732,123,wt_med,-0.00838293825508074,-0.009601005911827087,-0.007156002521514893,-0.01566266268491745,-0.0026574105024337793,170346.0,0.6575187012205007,False
D5,14,all,all,rope-drop worth agreement,wt_med,0.9136694535152119,0.9119042456150055,0.9155409440398217,259074.0,False,15974,217,wt_med,,,,,,,,
D5,21,all,all,rope-drop worth agreement,clim,0.912062739843446,0.9098948925733567,0.9142133072018623,202997.0,False,13460,210,wt_med,0.0005307043058490057,-0.00013780593872070312,0.001273497939109802,-0.0009291052818298339,0.001833976805210113,195966.0,0.8202846379238175,False
D5,21,all,all,rope-drop worth agreement,h5,0.9102695148287051,0.9083250761032104,0.9122755527496338,269039.0,False,15747,210,wt_med,-0.0011385516952699959,-0.0017086565494537354,-0.0005397707223892214,-0.003069324791431427,0.0007860228419303886,238900.0,1.0,False
D5,21,all,all,rope-drop worth agreement,lvlh5_cbd,0.8986405320676218,0.8953277945518494,0.9017209604382515,136524.0,False,7651,109,wt_med,-0.008582901120963715,-0.009832186996936798,-0.007322695851325989,-0.014613772928714752,-0.00351993888616562,119540.0,0.5003767266638761,False
D5,21,all,all,rope-drop worth agreement,lvlh5_naive,0.9072786128649722,0.9053253397345543,0.9093878000974656,249608.0,False,14653,210,wt_med,-0.0026070301138581,-0.0033542901277542115,-0.001864072680473328,-0.004641640186309815,-0.0007345840334892279,225544.0,0.944093763080787,False
D5,21,all,all,rope-drop worth agreement,lvlh5_tft,0.9072565599508614,0.9047839879989624,0.9098124951124191,174201.0,False,10118,116,wt_med,-0.003790021127905052,-0.004754716157913208,-0.0027889296412467956,-0.005512040853500366,-0.002124723792076111,153825.0,0.6438886563415656,False
D5,21,all,all,rope-drop worth agreement,prod_ropedrop_hist,0.9050062787777313,0.9029782935976982,0.9069310978055001,238900.0,False,14982,210,wt_med,-0.008149853495186266,-0.009365454316139221,-0.006878280639648438,-0.013007208704948425,-0.0037243038415908816,238900.0,1.0,False
D5,21,all,all,rope-drop worth agreement,prod_served,0.9038418856534091,0.9011398985981941,0.9064838573336601,180224.0,False,9925,116,wt_med,-0.007241896442854112,-0.008496080338954926,-0.00600062757730484,-0.0140237495303154,-0.0018944054841995245,152032.0,0.6363834240267895,False
D5,21,all,all,rope-drop worth agreement,prod_served_lin,0.9030595259232954,0.9002931445837021,0.9057642504572868,180224.0,False,9925,116,wt_med,-0.008083824458008815,-0.009363646805286407,-0.006795287132263184,-0.015462911128997803,-0.0022973388433456432,152032.0,0.6363834240267895,False
D5,21,all,all,rope-drop worth agreement,wt_med,0.9131561322729176,0.911264231801033,0.9150851368904114,238900.0,False,14982,210,wt_med,,,,,,,,
D5,30,all,all,rope-drop worth agreement,clim,0.9128922147827229,0.9105389848351478,0.9152318701148033,182808.0,False,12378,201,wt_med,0.0005174423563528707,-0.00021990537643432615,0.0012719899415969847,-0.001180681586265564,0.0022370159626007077,175865.0,0.8170229174312779,False
D5,30,all,all,rope-drop worth agreement,h5,0.9118785461605007,0.909908777475357,0.9139943301677704,246217.0,False,14637,201,wt_med,-0.0004599281768725705,-0.0010996237397193909,0.00014066696166992166,-0.002380630373954773,0.0013495385646820066,215251.0,1.0,False
D5,30,all,all,rope-drop worth agreement,lvlh5_cbd,0.898253256817325,0.8945154696702957,0.9017484277486801,119365.0,False,6800,100,wt_med,-0.008186583426585847,-0.009486532211303711,-0.00686568021774292,-0.014103130996227264,-0.0031286418437957765,101874.0,0.4732800312193672,False
D5,30,all,all,rope-drop worth agreement,lvlh5_naive,0.9084019538817438,0.9063506230711937,0.9105753764510155,228673.0,False,13666,201,wt_med,-0.002381045892818623,-0.003208392858505249,-0.0015597209334373475,-0.004132947325706482,-0.000598791241645813,203692.0,0.9462999010457559,False
D5,30,all,all,rope-drop worth agreement,lvlh5_tft,0.9036112771855176,0.9003944352269173,0.9066835209727288,128791.0,False,7552,105,wt_med,-0.003997184826939004,-0.0052238404750823975,-0.002739210426807404,-0.006498059630393982,-0.001628801226615906,110828.0,0.5148779796609539,False
D5,30,all,all,rope-drop worth agreement,prod_ropedrop_hist,0.9042420244272965,0.9021871015429497,0.9063966974616051,215251.0,False,13783,201,wt_med,-0.009686366149286196,-0.011045068502426147,-0.00830266773700714,-0.0149325430393219,-0.005001170933246613,215251.0,1.0,False
D5,30,all,all,rope-drop worth agreement,prod_served,0.9002563798053749,0.8970476523041725,0.9031729340553284,143147.0,False,7962,105,wt_med,-0.007846149862325569,-0.009264613687992095,-0.006308034062385559,-0.015456102788448334,-0.0017587408423423779,115853.0,0.5382228189416077,False
D5,30,all,all,rope-drop worth agreement,prod_served_lin,0.8993342508051164,0.8960947141051292,0.9022581189870834,143147.0,False,7962,105,wt_med,-0.008821523827609146,-0.01018858402967453,-0.007409429550170899,-0.017100965976715087,-0.002179874479770665,115853.0,0.5382228189416077,False
D5,30,all,all,rope-drop worth agreement,wt_med,0.9139283905765827,0.9119317889213562,0.9161351144313812,215251.0,False,13783,201,wt_med,,,,,,,,
D5,45,all,all,rope-drop worth agreement,clim,0.9131147646804418,0.9105449825525284,0.9155633479356766,154917.0,False,10890,186,wt_med,-0.0001679915601040527,-0.0009484201669692993,0.0005794689059257506,-0.0020751744508743287,0.0016447052359580992,148817.0,0.8084497248434079,False
D5,45,all,all,rope-drop worth agreement,h5,0.914467314896662,0.9122585654258728,0.9167616397142411,213813.0,False,13058,186,wt_med,0.0005052233576167131,-0.00016390681266784669,0.0011660292744636535,-0.0014599546790122985,0.0026520967483520497,184077.0,1.0,False
D5,45,all,all,rope-drop worth agreement,lvlh5_cbd,0.8664071777279324,0.8591529697179794,0.8733919367194176,30316.0,False,2089,84,wt_med,-0.00626661602734524,-0.009038569033145904,-0.003391830623149873,-0.01644292026758194,0.002196015417575836,26330.0,0.14303796780695036,False
D5,45,all,all,rope-drop worth agreement,lvlh5_naive,0.9094047117468794,0.9070632234215736,0.9117435857653617,196997.0,False,12075,186,wt_med,-0.0026599120671152443,-0.0035049915313720703,-0.0018706038594245912,-0.004664735496044159,-0.0007177367806434634,173314.0,0.9415299032470108,False
D5,45,all,all,rope-drop worth agreement,lvlh5_tft,0.9094708169394454,0.9056983917951584,0.9129497721791268,85906.0,False,5157,74,wt_med,-0.0030674435737726435,-0.00443672388792038,-0.001778283715248108,-0.005700932443141937,-0.00041058063507080087,74655.0,0.40556397594484916,False
D5,45,all,all,rope-drop worth agreement,prod_ropedrop_hist,0.9036104652426172,0.9012686014175415,0.9058756411075592,184076.0,False,12153,186,wt_med,-0.011049783784958356,-0.012518651783466339,-0.009667967259883881,-0.01616550385951996,-0.006691947579383851,184076.0,0.9999945674907783,False
D5,45,all,all,rope-drop worth agreement,prod_served,0.900221798112137,0.8965673267841339,0.9037595883011817,96935.0,False,5611,85,wt_med,-0.007044398751047121,-0.008675262331962585,-0.005329412221908569,-0.013800317049026489,-0.0014456316828727722,78786.0,0.42800567153962743,False
D5,45,all,all,rope-drop worth agreement,prod_served_lin,0.8997472533140765,0.895975211262703,0.9034707009792328,96935.0,False,5611,85,wt_med,-0.007450562282639073,-0.009086936712265015,-0.005683101713657379,-0.014659124612808227,-0.0013649702072143562,78786.0,0.42800567153962743,False
D5,45,all,all,rope-drop worth agreement,wt_med,0.9146607126365597,0.9123879417777061,0.9170164555311203,184077.0,False,12153,186,wt_med,,,,,,,,
D5,60,all,all,rope-drop worth agreement,clim,0.9123941837694478,0.9097117006778717,0.9152002424001694,129706.0,False,9445,171,wt_med,-0.000957456994223338,-0.001741883158683777,-0.00012026131153106751,-0.0030566826462745667,0.001072011888027191,125332.0,0.8036781491266319,False
D5,60,all,all,rope-drop worth agreement,h5,0.9148403567520971,0.912438441812992,0.9171295002102852,180966.0,False,11375,171,wt_med,0.0013658398953497741,0.0006229802966117859,0.0020684182643890383,-0.0006759211421012879,0.003711384534835815,155948.0,1.0,False
D5,60,all,all,rope-drop worth agreement,lvlh5_naive,0.9102266857273285,0.9076844394207001,0.9125089704990387,166486.0,False,10408,171,wt_med,-0.0024527386637698267,-0.003473338484764099,-0.0015117451548576355,-0.0044042691588401794,-0.0005921021103858948,146367.0,0.9385628542847616,False
D5,60,all,all,rope-drop worth agreement,lvlh5_tft,0.9936536718041704,0.9875117614865303,0.9982442989945411,1103.0,False,148,48,wt_med,-0.001953125,-0.005118109285831451,0.0,-0.01785980761051178,0.0,1024.0,0.006566291327878524,False
D5,60,all,all,rope-drop worth agreement,prod_ropedrop_hist,0.9016896982910642,0.899088916182518,0.903970256447792,155945.0,False,10530,171,wt_med,-0.012158132674981559,-0.013882865011692048,-0.010597197711467743,-0.01764465421438217,-0.0071407750248909,155945.0,0.9999807628183753,False
D5,60,all,all,rope-drop worth agreement,prod_served,0.9945945945945946,0.9897959232330322,0.9982533618807793,1110.0,False,150,48,wt_med,0.0,-0.0030006244778633118,0.0029707819223403925,-0.007247033715248108,0.009352567791938776,981.0,0.006290558391258624,False
D5,60,all,all,rope-drop worth agreement,prod_served_lin,0.9945945945945946,0.9897959232330322,0.9982533618807793,1110.0,False,150,48,wt_med,0.0,-0.0030006244778633118,0.0029707819223403925,-0.007247033715248108,0.009352567791938776,981.0,0.006290558391258624,False
D5,60,all,all,rope-drop worth agreement,wt_med,0.9138494882909688,0.9113341942429543,0.9162311404943466,155948.0,False,10530,171,wt_med,,,,,,,,
D5,90,all,all,rope-drop worth agreement,clim,0.9153149211977482,0.9120104953646659,0.9185144156217575,86863.0,False,6796,141,clim,,,,,,,,
D5,90,all,all,rope-drop worth agreement,h5,0.9164414711310308,0.9134791746735573,0.9192932769656181,121376.0,False,8268,141,clim,0.00024378352023401995,-0.0009446620941162109,0.0014714181423187255,-0.0030817002058029174,0.0028924822807312005,86142.0,0.9916995728906439,False
D5,90,all,all,rope-drop worth agreement,lvlh5_naive,0.9129586540182567,0.9099482893943787,0.9159444719552994,111740.0,False,7546,141,clim,-0.0021173008600786636,-0.0035963505506515503,-0.000651733577251435,-0.005930446088314056,0.0011216029524803149,83597.0,0.9624005618042204,False
D5,90,all,all,rope-drop worth agreement,prod_ropedrop_hist,0.9022072054825989,0.8988462075591087,0.9053485542535782,104476.0,False,7609,141,clim,-0.013969800750862071,-0.016358792781829834,-0.011569118499755861,-0.022951760888099672,-0.006061063706874853,84969.0,0.9781955493132864,False
D5,90,all,all,rope-drop worth agreement,wt_med,0.9142586406577524,0.9107623726129532,0.9173289686441422,104477.0,False,7609,141,clim,0.000717900435447838,-0.00022266507148742675,0.0016491606831550599,-0.0012746021151542662,0.0025416940450668332,84970.0,0.9782070616948528,False
D4,0,all,all,dayPeak pairwise ordering (headliners),clim,0.7271241128443575,0.7244000241160393,0.7297829791903496,326042.0,False,13753,231,wt_med,-0.01608311178988253,-0.017872491478919984,-0.014297460019588471,-0.021283289790153502,-0.011314138770103456,318222.0,0.8035807628691557,False
D4,0,all,all,dayPeak pairwise ordering (headliners),h5,0.758071301239486,0.7556893527507782,0.7604040801525116,430259.0,False,17039,231,wt_med,0.02268658224012321,0.02173338085412979,0.023674076795578,0.019955305755138396,0.025628027319908143,396005.0,1.0,True
D4,0,all,all,dayPeak pairwise ordering (headliners),lvlh5_cbd,0.7054112437889033,0.702243646979332,0.7090429365634918,242107.0,False,9170,130,wt_med,-0.032127477846186636,-0.035506466031074525,-0.028519029915332793,-0.045087110996246335,-0.02054290473461151,224792.0,0.5676493983661822,False
D4,0,all,all,dayPeak pairwise ordering (headliners),lvlh5_naive,0.759101883973409,0.7565901562571525,0.7615051075816155,409613.0,False,16127,231,wt_med,0.02261659056995169,0.02081020623445511,0.02438214123249054,0.01735704392194748,0.028271594643592832,381313.0,0.9628994583401724,True
D4,0,all,all,dayPeak pairwise ordering (headliners),lvlh5_tft,0.7673334776887586,0.7645785510540009,0.7699893623590469,300185.0,False,11853,137,wt_med,0.038335588438507595,0.03589651435613632,0.04067510962486267,0.031457848846912384,0.04591648429632186,277888.0,0.7017285135288696,True
D4,0,all,all,dayPeak pairwise ordering (headliners),snaive7,0.7266095721702225,0.7219954311847687,0.7310019835829735,105556.0,False,10682,231,wt_med,-0.02290920986799061,-0.026828448474407195,-0.018587392568588258,-0.029751405119895935,-0.01637633740901947,103932.0,0.26245123167636775,False
D4,0,all,all,dayPeak pairwise ordering (headliners),wt_med,0.7382331031173849,0.7358388364315033,0.7407807886600495,396005.0,False,16307,231,wt_med,,,,,,,,
D4,1,all,all,dayPeak pairwise ordering (headliners),clim,0.7263820918851529,0.72354816198349,0.7290250524878502,322446.0,False,13614,230,wt_med,-0.014315892775779271,-0.016221222281455994,-0.012537945806980134,-0.01947074383497238,-0.009571230411529541,313847.0,0.8067299684347978,False
D4,1,all,all,dayPeak pairwise ordering (headliners),h5,0.755221094113719,0.7526917353272438,0.75761638879776,425294.0,False,16849,230,wt_med,0.022691987373919087,0.021664853394031524,0.023759759962558746,0.01991913318634033,0.025624389946460723,389036.0,1.0,True
D4,1,all,all,dayPeak pairwise ordering (headliners),lvlh5_cbd,0.7017198748109739,0.6985820412635804,0.7052370548248291,237401.0,False,8992,129,wt_med,-0.0332787505872586,-0.03668776899576187,-0.029748465120792388,-0.046581752598285675,-0.021008935570716862,219239.0,0.5635442478331054,False
D4,1,all,all,dayPeak pairwise ordering (headliners),lvlh5_naive,0.7590884947918204,0.756520465016365,0.7613811269402504,406668.0,False,16037,230,wt_med,0.025285461723537406,0.023508065938949586,0.0271358847618103,0.01979214549064636,0.031271408498287204,376145.0,0.9668642490669244,True
D4,1,all,all,dayPeak pairwise ordering (headliners),lvlh5_tft,0.7639844723959336,0.7613040387630463,0.7667228281497955,295989.0,False,11687,136,wt_med,0.03764371822057211,0.03547719269990921,0.040066753327846524,0.030945248901844025,0.0454792708158493,272582.0,0.7006600931533329,True
D4,1,all,all,dayPeak pairwise ordering (headliners),snaive7,0.7264571862540345,0.7218934178352356,0.7308511570096016,105340.0,False,10650,230,wt_med,-0.020269616850086103,-0.02414228320121765,-0.016049210727214814,-0.027011142671108247,-0.013889391720294953,103406.0,0.2658005942894745,False
D4,1,all,all,dayPeak pairwise ordering (headliners),wt_med,0.7354974860938319,0.7328597366809845,0.738012182712555,389036.0,False,16059,230,wt_med,,,,,,,,
D4,2,all,all,dayPeak pairwise ordering (headliners),clim,0.7256230712596143,0.7228393897414207,0.7284102320671082,319185.0,False,13474,229,wt_med,-0.013856455379375299,-0.01576351821422577,-0.012129288911819459,-0.01923685520887375,-0.00894497036933899,310036.0,0.8074527043920326,False
D4,2,all,all,dayPeak pairwise ordering (headliners),h5,0.7538481248102035,0.7512887075543404,0.7562877804040908,421504.0,False,16705,229,wt_med,0.022887323943661997,0.021887752413749694,0.023889343440532684,0.02003641128540039,0.025939469039440156,383968.0,1.0,True
D4,2,all,all,dayPeak pairwise ordering (headliners),lvlh5_cbd,0.6995691543431198,0.6961646541953087,0.7029009908437729,235119.0,False,8903,128,wt_med,-0.03323587105370296,-0.03644587397575379,-0.02986871749162674,-0.0471861258149147,-0.021197943389415743,216152.0,0.5629427452287691,False
D4,2,all,all,dayPeak pairwise ordering (headliners),lvlh5_naive,0.7590974840823391,0.7565247058868408,0.7613766640424728,404425.0,False,15963,229,wt_med,0.02689705171580481,0.025019367039203644,0.02873307913541794,0.021113403141498566,0.0326751247048378,372420.0,0.9699245770480873,True
D4,2,all,all,dayPeak pairwise ordering (headliners),lvlh5_tft,0.7618428836690797,0.7590238481760025,0.7644844278693199,292433.0,False,11546,135,wt_med,0.036512509363854195,0.0343143567442894,0.03891845643520355,0.029564155638217925,0.044393548369407655,268319.0,0.698805629635803,True
D4,2,all,all,dayPeak pairwise ordering (headliners),snaive7,0.7264045050701063,0.721865938603878,0.73080914914608,105126.0,False,10626,229,wt_med,-0.019494199310713056,-0.023410128057003023,-0.015203675627708435,-0.02614755481481552,-0.013115234673023224,103005.0,0.2682645428785732,False
D4,2,all,all,dayPeak pairwise ordering (headliners),wt_med,0.7340767980665055,0.7315067321062088,0.7366197943687439,383968.0,False,15872,229,wt_med,,,,,,,,
D4,3,all,all,dayPeak pairwise ordering (headliners),clim,0.724785210866622,0.7219553336501121,0.7275466814637184,316124.0,False,13350,228,wt_med,-0.013954822891126373,-0.01584610342979431,-0.012145484983921052,-0.01930010914802551,-0.009080053865909576,306704.0,0.8075982231490917,False
D4,3,all,all,dayPeak pairwise ordering (headliners),h5,0.7528378847142977,0.7502468660473823,0.7554054647684098,418005.0,False,16582,228,wt_med,0.023008481382299495,0.02207118570804596,0.023962749540805815,0.020129472017288208,0.026032684743404387,379773.0,1.0,True
D4,3,all,all,dayPeak pairwise ordering (headliners),lvlh5_cbd,0.6980610483498829,0.694879874587059,0.7013716131448746,234044.0,False,8891,127,wt_med,-0.03319213651928088,-0.03664833903312683,-0.029807049036026,-0.047020082175731656,-0.02108867913484574,214358.0,0.5644371769451751,False
D4,3,all,all,dayPeak pairwise ordering (headliners),lvlh5_naive,0.7584758296854764,0.7559296920895576,0.7608503580093384,402291.0,False,15888,228,wt_med,0.02739533158423435,0.025504632294178008,0.029301299154758452,0.021478599309921263,0.03367179781198501,369333.0,0.9725098940682987,True
D4,3,all,all,dayPeak pairwise ordering (headliners),lvlh5_tft,0.7596579883989997,0.7569361194968224,0.7623669028282165,289113.0,False,11437,134,wt_med,0.03518823151246997,0.033022540807724,0.0375448077917099,0.028094439208507536,0.04297603666782379,264435.0,0.6962975251005206,True
D4,3,all,all,dayPeak pairwise ordering (headliners),prod_served,0.7078979501790558,0.7048442214727402,0.7109442070126534,292367.0,False,11214,134,wt_med,-0.01779746787098746,-0.020253601670265197,-0.015285058319568634,-0.02599162459373474,-0.008464473485946656,261835.0,0.6894513301366869,False
D4,3,all,all,dayPeak pairwise ordering (headliners),prod_served_lin,0.7406957693583749,0.7377208203077317,0.7437359496951104,292367.0,False,11214,134,wt_med,0.014898695743502555,0.012316150963306427,0.017424808442592622,0.007249005138874054,0.022931885719299317,261835.0,0.6894513301366869,True
D4,3,all,all,dayPeak pairwise ordering (headliners),snaive7,0.7262392950466345,0.7215905755758285,0.7307005301117897,104858.0,False,10590,228,wt_med,-0.01862480965210256,-0.022520552575588226,-0.014154717326164246,-0.025453300774097444,-0.012340740859508518,102444.0,0.2697506141826828,False
D4,3,all,all,dayPeak pairwise ordering (headliners),wt_med,0.7331063556387631,0.7305228248238563,0.7356332689523697,379773.0,False,15707,228,wt_med,,,,,,,,
D4,4,all,all,dayPeak pairwise ordering (headliners),clim,0.7233004899344517,0.7204709812998772,0.726188026368618,312899.0,False,13217,227,wt_med,-0.01429249825218637,-0.01613740175962448,-0.012458701431751252,-0.01955154985189438,-0.009436643123626711,303236.0,0.8081918321548601,False
D4,4,all,all,dayPeak pairwise ordering (headliners),h5,0.7517370293356904,0.7492236152291298,0.7542326003313065,414069.0,False,16427,227,wt_med,0.022931586367912815,0.02193526327610016,0.023918449878692627,0.020148982107639313,0.025884833931922913,375203.0,1.0,True
D4,4,all,all,dayPeak pairwise ordering (headliners),lvlh5_cbd,0.697692861360492,0.6942671656608581,0.7011442229151725,232019.0,False,8814,126,wt_med,-0.03184728423937433,-0.035407668352127074,-0.028274264931678773,-0.04606861919164658,-0.01937027573585511,211635.0,0.5640546584115799,False
D4,4,all,all,dayPeak pairwise ordering (headliners),lvlh5_naive,0.7579205505161088,0.7553060382604599,0.7602860689163208,399625.0,False,15800,227,wt_med,0.028047293936296458,0.0262214794754982,0.029871010780334474,0.022110475599765776,0.034053812921047207,365882.0,0.9751574481014278,True
D4,4,all,all,dayPeak pairwise ordering (headliners),lvlh5_tft,0.7580758107322675,0.7553076639771461,0.7609262824058532,285606.0,False,11294,133,wt_med,0.03486961329360805,0.03254000097513199,0.037249334156513214,0.027897918224334718,0.04205085188150406,260456.0,0.694173554049408,True
D4,4,all,all,dayPeak pairwise ordering (headliners),prod_served,0.7060187187516219,0.7029499650001526,0.7092613846063613,289015.0,False,11072,133,wt_med,-0.018090580876336526,-0.020698654651641845,-0.015510931611061096,-0.025895124673843382,-0.009442047774791719,257869.0,0.6872786198404597,False
D4,4,all,all,dayPeak pairwise ordering (headliners),prod_served_lin,0.7398335726519385,0.7369017586112022,0.7429709538817406,289015.0,False,11072,133,wt_med,0.015631968169884658,0.013062717020511627,0.018161490559577942,0.008209431171417236,0.023354285955429075,257869.0,0.6872786198404597,True
D4,4,all,all,dayPeak pairwise ordering (headliners),snaive7,0.7259538551345972,0.7212494179606438,0.7304161295294762,104497.0,False,10551,227,wt_med,-0.017559919287366443,-0.021410934627056122,-0.01336003839969635,-0.024739694595336915,-0.011003750562667848,101595.0,0.2707734213212581,False
D4,4,all,all,dayPeak pairwise ordering (headliners),wt_med,0.7320090724221289,0.7294079899787903,0.734559977054596,375203.0,False,15552,227,wt_med,,,,,,,,
D4,5,all,all,dayPeak pairwise ordering (headliners),clim,0.7223993635846225,0.7194950923323631,0.7252914860844613,309232.0,False,13084,226,wt_med,-0.014222219253926194,-0.015989458560943602,-0.012406018376350404,-0.0194599911570549,-0.009229466319084167,299461.0,0.8080611562041274,False
D4,5,all,all,dayPeak pairwise ordering (headliners),h5,0.75053980662114,0.7478879138827323,0.7531535565853119,409869.0,False,16273,226,wt_med,0.02300373456523619,0.022037863731384277,0.02400582730770111,0.02021382749080658,0.025849969685077665,370592.0,1.0,True
D4,5,all,all,dayPeak pairwise ordering (headliners),lvlh5_cbd,0.6956145639466303,0.6922268301248551,0.6990794166922569,228894.0,False,8693,125,wt_med,-0.03268658653222278,-0.03636435568332672,-0.02902173101902008,-0.047472628951072696,-0.020338290929794313,208067.0,0.5614449313530783,False
D4,5,all,all,dayPeak pairwise ordering (headliners),lvlh5_naive,0.7576578711219109,0.7548865810036659,0.7600444078445434,396716.0,False,15711,226,wt_med,0.028952940429490703,0.02709793150424957,0.030732123553752898,0.02286745756864548,0.035141052305698396,362243.0,0.9774711812451429,True
D4,5,all,all,dayPeak pairwise ordering (headliners),lvlh5_tft,0.7561611248202524,0.7534334361553192,0.7590053796768188,281645.0,False,11147,132,wt_med,0.03397214924009673,0.031702281534671785,0.0362099751830101,0.02689101845026016,0.04121632128953934,256151.0,0.691194089456869,True
D4,5,all,all,dayPeak pairwise ordering (headliners),prod_served,0.7045427472304168,0.7013521507382393,0.7078423202037811,285422.0,False,10936,132,wt_med,-0.018762251470176405,-0.02155520170927048,-0.01617919057607651,-0.02654939442873001,-0.010123246908187866,253541.0,0.6841513038597703,False
D4,5,all,all,dayPeak pairwise ordering (headliners),prod_served_lin,0.7378373075656397,0.734818585216999,0.7412791788578034,285422.0,False,10936,132,wt_med,0.014530194327544765,0.011931142210960389,0.01694020479917526,0.007168769836425781,0.022199341654777525,253541.0,0.6841513038597703,True
D4,5,all,all,dayPeak pairwise ordering (headliners),snaive7,0.7257260532342809,0.7210498079657555,0.7301353603601456,103918.0,False,10506,226,wt_med,-0.01666782830344604,-0.020741157233715057,-0.012431995570659637,-0.023912380635738372,-0.01010039895772934,100433.0,0.2710069294534151,False
D4,5,all,all,dayPeak pairwise ordering (headliners),wt_med,0.7310735256022796,0.7284865960478782,0.7337465301156044,370592.0,False,15380,226,wt_med,,,,,,,,
D4,6,all,all,dayPeak pairwise ordering (headliners),clim,0.7215538953829224,0.718485102057457,0.7244426056742668,305323.0,False,12946,225,wt_med,-0.013215844118035336,-0.015103824436664581,-0.011353699862957001,-0.01833639293909073,-0.008267807960510253,295403.0,0.8076062945627925,False
D4,6,all,all,dayPeak pairwise ordering (headliners),h5,0.7484532625126069,0.745713795721531,0.7510453164577484,405531.0,False,16117,225,wt_med,0.023131643410174596,0.022182302176952363,0.024177612364292143,0.020455615222454072,0.02589263916015625,365776.0,1.0,True
D4,6,all,all,dayPeak pairwise ordering (headliners),lvlh5_cbd,0.6858960444068383,0.6824019268155098,0.6895646497607231,225731.0,False,8585,124,wt_med,-0.040184949603679354,-0.04401846379041672,-0.036688442528247836,-0.05520042181015015,-0.025747251510620118,204380.0,0.5587572722103145,False
D4,6,all,all,dayPeak pairwise ordering (headliners),lvlh5_naive,0.7579421231667383,0.7552610397338867,0.7603338912129403,393629.0,False,15602,225,wt_med,0.03101997750193297,0.029131640493869782,0.03283914476633072,0.024860885739326478,0.037099876999855036,358253.0,0.9794327675954683,True
D4,6,all,all,dayPeak pairwise ordering (headliners),lvlh5_tft,0.754034928587883,0.7513514965772629,0.756866081058979,277824.0,False,11009,131,wt_med,0.03352095009764544,0.03130161613225937,0.03605598509311676,0.02645799070596695,0.04133840799331665,251932.0,0.6887603341936048,True
D4,6,all,all,dayPeak pairwise ordering (headliners),prod_served,0.700595043901332,0.6975884452462197,0.7040314972400665,281996.0,False,10793,131,wt_med,-0.02078996241521358,-0.023465819656848907,-0.018173281848430634,-0.028545856475830078,-0.01205754280090332,249303.0,0.6815728752023096,False
D4,6,all,all,dayPeak pairwise ordering (headliners),prod_served_lin,0.734301195761642,0.7313052356243134,0.7375030025839806,281996.0,False,10793,131,wt_med,0.012895953919527692,0.010259932279586792,0.015366199612617492,0.005623538792133331,0.020336174964904787,249303.0,0.6815728752023096,True
D4,6,all,all,dayPeak pairwise ordering (headliners),snaive7,0.7255671141589664,0.7208869695663452,0.7299470826983452,103242.0,False,10452,225,wt_med,-0.014247722285702813,-0.018580347299575806,-0.01005716472864151,-0.02152751386165619,-0.0076173990964889535,98893.0,0.2703649227942785,False
D4,6,all,all,dayPeak pairwise ordering (headliners),wt_med,0.7291812475394777,0.7265910103917121,0.7318981871008873,365776.0,False,15182,225,wt_med,,,,,,,,
D4,7,all,all,dayPeak pairwise ordering (headliners),clim,0.720470203495618,0.717423428595066,0.7233453586697578,300891.0,False,12787,224,wt_med,-0.011328169358196583,-0.013331317901611328,-0.009422345459461213,-0.01635197550058365,-0.006606426835060125,290603.0,0.8096482552065195,False
D4,7,all,all,dayPeak pairwise ordering (headliners),h5,0.7447897650830486,0.7421563163399696,0.747457566857338,399886.0,False,15908,224,wt_med,0.02255067214599149,0.02153499871492386,0.0236187219619751,0.01974511593580246,0.025506336987018586,358925.0,1.0,True
D4,7,all,all,dayPeak pairwise ordering (headliners),lvlh5_cbd,0.6811073990859076,0.6774197340011596,0.6849074229598046,221203.0,False,8417,123,wt_med,-0.042254015359627806,-0.0464280292391777,-0.03844953775405884,-0.05794857442378998,-0.02732333093881607,199484.0,0.5557818485756078,False
D4,7,all,all,dayPeak pairwise ordering (headliners),lvlh5_naive,0.747632229649314,0.7449721455574035,0.7501180246472359,378943.0,False,15018,224,wt_med,0.02346499690982795,0.02139960676431656,0.025320914387702943,0.017539350688457488,0.029451358318328857,344641.0,0.9602033851083095,True
D4,7,all,all,dayPeak pairwise ordering (headliners),lvlh5_tft,0.7485056477723896,0.7457582414150238,0.7515206843614578,273028.0,False,10818,130,wt_med,0.03126953077441297,0.0289690762758255,0.03360854536294937,0.024135403335094452,0.03890026360750198,246406.0,0.6865111095632792,True
D4,7,all,all,dayPeak pairwise ordering (headliners),prod_served,0.6963909406713225,0.6931028440594673,0.6996941521763802,278078.0,False,10643,130,wt_med,-0.021514848564311073,-0.024304726719856264,-0.01896214932203293,-0.03006109595298767,-0.01258319616317749,244064.0,0.6799860695131295,False
D4,7,all,all,dayPeak pairwise ordering (headliners),prod_served_lin,0.7296154316414819,0.7265769764780998,0.7328823819756508,278078.0,False,10643,130,wt_med,0.011652681263930709,0.009008364379405975,0.013950124382972716,0.003823395073413849,0.01964132636785507,244064.0,0.6799860695131295,True
D4,7,all,all,dayPeak pairwise ordering (headliners),wt_med,0.7261907083652573,0.7235928192734719,0.7289970993995667,358925.0,False,14908,224,wt_med,,,,,,,,
D4,10,all,all,dayPeak pairwise ordering (headliners),clim,0.718139790674893,0.7151013657450676,0.7209921926259995,290935.0,False,12421,221,wt_med,-0.01106626555468726,-0.01305074542760849,-0.009184521436691285,-0.016492103040218354,-0.006036989390850069,280221.0,0.8106346602792748,False
D4,10,all,all,dayPeak pairwise ordering (headliners),h5,0.7408125936799416,0.7381995230913162,0.7434796005487442,387623.0,False,15458,221,wt_med,0.022541013246316743,0.021464040875434874,0.02359616309404373,0.019699977338314058,0.025557011365890503,345681.0,1.0,True
D4,10,all,all,dayPeak pairwise ordering (headliners),lvlh5_cbd,0.6771721660206108,0.6734431594610214,0.6808291405439377,211540.0,False,8079,120,wt_med,-0.04054232839233074,-0.04464925080537796,-0.03682631403207779,-0.05681990683078766,-0.02566558420658112,188963.0,0.5466398211067429,False
D4,10,all,all,dayPeak pairwise ordering (headliners),lvlh5_naive,0.7467022312362284,0.7440152123570443,0.7491873428225517,370781.0,False,14756,221,wt_med,0.02630328566946072,0.024204446375370024,0.028119722008705137,0.020243501663208006,0.03242877423763275,334635.0,0.9680456837373185,True
D4,10,all,all,dayPeak pairwise ordering (headliners),lvlh5_tft,0.7436182954314993,0.7406971782445908,0.746571333706379,261333.0,False,10381,127,wt_med,0.030962890725247716,0.02853000909090042,0.033307188749313356,0.023792168498039244,0.038931846618652344,233796.0,0.6763345396478256,True
D4,10,all,all,dayPeak pairwise ordering (headliners),prod_served,0.6910209395762842,0.6876696959137917,0.6942311376333237,268057.0,False,10265,127,wt_med,-0.022410365009467026,-0.02515261769294739,-0.019568850100040436,-0.030915410816669465,-0.013470861315727235,231857.0,0.6707253219008277,False
D4,10,all,all,dayPeak pairwise ordering (headliners),prod_served_lin,0.7249316376740768,0.7216608926653862,0.7281798914074897,268057.0,False,10265,127,wt_med,0.01117930448509219,0.00852704644203186,0.01395275741815567,0.0031152158975601197,0.019873732328414915,231857.0,0.6707253219008277,True
D4,10,all,all,dayPeak pairwise ordering (headliners),wt_med,0.7230683780711118,0.720299768447876,0.7259035125374794,345681.0,False,14424,221,wt_med,,,,,,,,
D4,14,all,all,dayPeak pairwise ordering (headliners),clim,0.7151749008294266,0.7121561005711555,0.718192407488823,277300.0,False,11910,217,wt_med,-0.009216745569016749,-0.011314807832241059,-0.007239793241024017,-0.014564816653728486,-0.003937590122222901,266363.0,0.8122432799182765,False
D4,14,all,all,dayPeak pairwise ordering (headliners),h5,0.7351241248298094,0.7324796572327614,0.7378020390868187,371642.0,False,14864,217,wt_med,0.022998460060682735,0.021904750168323515,0.024020887911319733,0.02007931172847748,0.026162479817867276,327935.0,1.0,True
D4,14,all,all,dayPeak pairwise ordering (headliners),lvlh5_cbd,0.6740810375065072,0.6698613137006759,0.6781680539250374,197859.0,False,7553,116,wt_med,-0.035212847340055364,-0.039331719279289246,-0.030914352834224702,-0.05168536901473999,-0.019725267589092262,173857.0,0.5301568908472716,False
D4,14,all,all,dayPeak pairwise ordering (headliners),lvlh5_naive,0.7390816926157726,0.7364982545375824,0.7416568532586097,350558.0,False,13965,217,wt_med,0.02374341301998495,0.021691134572029112,0.02572633922100067,0.01734774261713028,0.030038115382194516,313687.0,0.9565523655602483,True
D4,14,all,all,dayPeak pairwise ordering (headliners),lvlh5_tft,0.7369459605106948,0.734033277630806,0.7403404772281647,246801.0,False,9839,123,wt_med,0.031415319617927984,0.028985926508903505,0.03392878621816635,0.02368033230304718,0.04010689556598662,217760.0,0.6640340311342187,True
D4,14,all,all,dayPeak pairwise ordering (headliners),prod_served,0.6845377913599547,0.6811921089887619,0.6882856249809265,254582.0,False,9752,123,wt_med,-0.021543527665692674,-0.02446903884410858,-0.018905237317085266,-0.030695176124572753,-0.012508738040924079,215610.0,0.6574778538429872,False
D4,14,all,all,dayPeak pairwise ordering (headliners),prod_served_lin,0.7174662780557934,0.714136965572834,0.7210136279463768,254582.0,False,9752,123,wt_med,0.011098743100969366,0.00818096250295639,0.013705170154571534,0.0029767349362373355,0.019941173493862152,215610.0,0.6574778538429872,True
D4,14,all,all,dayPeak pairwise ordering (headliners),wt_med,0.717873968926769,0.7151957392692566,0.7208303734660149,327935.0,False,13755,217,wt_med,,,,,,,,
D4,21,all,all,dayPeak pairwise ordering (headliners),clim,0.7119770071617038,0.7088117003440857,0.7150905638933182,254688.0,False,11075,210,wt_med,-0.007455800391244938,-0.00954575538635254,-0.0054129958152771,-0.013161185383796691,-0.0016284018754959117,243837.0,0.8102323664964263,False
D4,21,all,all,dayPeak pairwise ordering (headliners),h5,0.7282972811550547,0.7254329651594162,0.7311151638627053,346581.0,False,13905,210,wt_med,0.022661797592267052,0.02146676927804947,0.023774684965610506,0.019588065147399903,0.025986221432685853,300947.0,1.0,True
D4,21,all,all,dayPeak pairwise ordering (headliners),lvlh5_cbd,0.6716023565389458,0.6675287395715713,0.6757505610585213,177888.0,False,6790,109,wt_med,-0.031101511879049637,-0.035538715124130246,-0.02665843367576599,-0.04838729500770569,-0.014277175068855287,152790.0,0.5076973686396608,False
D4,21,all,all,dayPeak pairwise ordering (headliners),lvlh5_naive,0.7331313137521859,0.7302433639764786,0.7358501195907593,325381.0,False,12997,210,wt_med,0.023457593612852268,0.021390461921691896,0.0255618616938591,0.017018799483776093,0.030091887712478636,287327.0,0.9547428616999006,True
D4,21,all,all,dayPeak pairwise ordering (headliners),lvlh5_tft,0.7293255999497987,0.7260246500372887,0.7327626571059227,223102.0,False,8911,116,wt_med,0.031964372015194975,0.02927411049604416,0.03464123010635376,0.0236467108130455,0.04045309573411941,192433.0,0.6394248821221012,True
D4,21,all,all,dayPeak pairwise ordering (headliners),prod_served,0.6768461894239169,0.6732997983694077,0.6806459635496139,233508.0,False,8952,116,wt_med,-0.021309171095191037,-0.024516209959983826,-0.018298710882663726,-0.03096194416284561,-0.010918499529361728,191373.0,0.6359026672470568,False
D4,21,all,all,dayPeak pairwise ordering (headliners),prod_served_lin,0.710288298473714,0.7067581564188004,0.7140025109052658,233508.0,False,8952,116,wt_med,0.011955709530602543,0.008823215961456299,0.014850176870822905,0.0031768232583999634,0.02135534733533859,191373.0,0.6359026672470568,True
D4,21,all,all,dayPeak pairwise ordering (headliners),wt_med,0.7124742894928343,0.7096121191978455,0.7155332520604134,300947.0,False,12722,210,wt_med,,,,,,,,
D4,30,all,all,dayPeak pairwise ordering (headliners),clim,0.7085992794710843,0.7052011787891388,0.7120789453387261,227333.0,False,10023,201,clim,,,,,,,,
D4,30,all,all,dayPeak pairwise ordering (headliners),h5,0.7207463560542516,0.717809846997261,0.7238170817494393,315935.0,False,12715,201,clim,0.02857960439245988,0.026394401490688325,0.030822546780109407,0.02151179015636444,0.0359515130519867,223656.0,0.9838254894801899,True
D4,30,all,all,dayPeak pairwise ordering (headliners),lvlh5_cbd,0.6671420884414162,0.6627999320626259,0.6716865301132202,154249.0,False,5921,100,clim,-0.03093109722332099,-0.03593338131904602,-0.026142106950283052,-0.046289435029029845,-0.017398303747177126,113769.0,0.5004508804265109,False
D4,30,all,all,dayPeak pairwise ordering (headliners),lvlh5_naive,0.7274138947368421,0.7244848072528839,0.7303175702691078,296875.0,False,11929,201,clim,0.029043791132466468,0.02623954713344574,0.031860606372356416,0.020271648466587067,0.038202922046184536,219565.0,0.9658298619206187,True
D4,30,all,all,dayPeak pairwise ordering (headliners),lvlh5_tft,0.7238252670891113,0.7199000954627991,0.7281163424253464,163335.0,False,6540,95,clim,0.03415041736641378,0.03016811013221741,0.037982501089572906,0.024197342991828918,0.04605734199285507,120877.0,0.5317177884425051,True
D4,30,all,all,dayPeak pairwise ordering (headliners),prod_served,0.6702518051613042,0.6662036269903183,0.6747556686401367,185302.0,False,7090,100,clim,-0.020330855549459237,-0.024335534870624544,-0.01657647341489792,-0.031719379127025604,-0.008896438777446747,133049.0,0.5852603889448518,False
D4,30,all,all,dayPeak pairwise ordering (headliners),prod_served_lin,0.7038887869531899,0.7000568002462387,0.7080879151821137,185302.0,False,7090,100,clim,0.01252170253064655,0.008626754581928252,0.016221159696578977,0.002011588215827942,0.023359720408916474,133049.0,0.5852603889448518,True
D4,30,all,all,dayPeak pairwise ordering (headliners),wt_med,0.707311921982452,0.7039814710617065,0.7105219900608063,269888.0,False,11519,201,clim,0.006214499269830864,0.0038563057780265806,0.008366908133029937,-2.163946628570546e-05,0.012431277334690093,217073.0,0.9548679690146173,False
D4,45,all,all,dayPeak pairwise ordering (headliners),clim,0.7042668956109072,0.7003935351967812,0.7083399280905723,189857.0,False,8557,186,clim,,,,,,,,
D4,45,all,all,dayPeak pairwise ordering (headliners),h5,0.7129733948939994,0.7097188249230385,0.7161927446722984,271602.0,False,11108,186,clim,0.025254634835973455,0.022719167172908783,0.027790236473083495,0.017151284217834472,0.03332030624151229,186738.0,0.9835718461789663,True
D4,45,all,all,dayPeak pairwise ordering (headliners),lvlh5_cbd,0.6614388581440568,0.6528016731142998,0.6699197173118592,46801.0,False,1777,84,clim,-0.03423097143524745,-0.042114803194999696,-0.026160719990730285,-0.052654695510864255,-0.01791893094778061,34238.0,0.1803357263624728,False
D4,45,all,all,dayPeak pairwise ordering (headliners),lvlh5_naive,0.7195909261416359,0.7165366604924202,0.7227639749646186,253255.0,False,10321,186,clim,0.02517745622381906,0.022187210619449615,0.028274554014205932,0.015355581045150756,0.03510532975196838,182862.0,0.9631564809303844,True
D4,45,all,all,dayPeak pairwise ordering (headliners),lvlh5_tft,0.7242176806532308,0.7193845093250275,0.7293083935976028,105935.0,False,4447,66,clim,0.031222100982045475,0.026761139929294585,0.035765315592288974,0.02027157098054886,0.04368007630109787,80648.0,0.4247828628915447,True
D4,45,all,all,dayPeak pairwise ordering (headliners),prod_served,0.6650978688485024,0.6597198888659477,0.6701232120394707,124299.0,False,4921,85,clim,-0.021940467974263633,-0.026693011820316314,-0.017382507026195527,-0.03416717499494552,-0.008994001150131225,89834.0,0.47316664647603196,False
D4,45,all,all,dayPeak pairwise ordering (headliners),prod_served_lin,0.6984931495828607,0.6935690954327584,0.7034731969237328,124299.0,False,4921,85,clim,0.011432197163657398,0.007096344232559205,0.01599203199148178,0.00042392909526824953,0.023440578579902643,89834.0,0.47316664647603196,True
D4,45,all,all,dayPeak pairwise ordering (headliners),wt_med,0.7012325247158225,0.6976806491613388,0.7045792147517205,229610.0,False,9938,186,clim,0.004064191121474714,0.0015496447682380678,0.006627869606018066,-0.0030502498149871824,0.01122651398181915,181832.0,0.9577313451703124,False
D4,60,all,all,dayPeak pairwise ordering (headliners),clim,0.7016042713010875,0.6970149576663971,0.7059329286217689,157891.0,False,7236,171,clim,,,,,,,,
D4,60,all,all,dayPeak pairwise ordering (headliners),h5,0.7065994848034451,0.7028227359056473,0.7102716848254204,229427.0,False,9430,171,clim,0.0247329493514713,0.02175201177597046,0.027738189697265624,0.015947681665420533,0.032957430183887484,156431.0,0.9907531144903763,True
D4,60,all,all,dayPeak pairwise ordering (headliners),lvlh5_naive,0.7141035497965383,0.7104481041431427,0.717854055762291,213308.0,False,8688,171,clim,0.02643459199916498,0.02257939279079437,0.030164195597171782,0.014735288918018341,0.03875153511762619,153284.0,0.9708216427788791,True
D4,60,all,all,dayPeak pairwise ordering (headliners),lvlh5_tft,0.7520215633423181,0.6697960421442986,0.8461538553237915,371.0,False,35,26,clim,0.09765625,0.036196178197860716,0.17491268366575238,0.034409716725349426,0.13636362552642822,256.0,0.0016213717057970373,True
D4,60,all,all,dayPeak pairwise ordering (headliners),prod_served,0.6503496503496503,0.5840159729123116,0.7270918980240821,429.0,False,38,27,clim,0.015625,-0.04464619755744934,0.08783858120441437,-0.03571426868438721,0.04896555095911026,256.0,0.0016213717057970373,False
D4,60,all,all,dayPeak pairwise ordering (headliners),prod_served_lin,0.7062937062937062,0.6519997999072075,0.7747804194688797,429.0,False,38,27,clim,0.0625,-0.019612695276737212,0.15280449986457822,-0.02287355065345764,0.13273809105157852,256.0,0.0016213717057970373,False
D4,60,all,all,dayPeak pairwise ordering (headliners),wt_med,0.6952519379844961,0.6912291839718818,0.6990574106574059,194016.0,False,8443,171,clim,0.0051507307762700405,0.0020846247673034666,0.007978357374668121,-0.0019059479236602783,0.013172531127929685,152988.0,0.9689469317440512,False
D4,90,all,all,dayPeak pairwise ordering (headliners),clim,0.7054405354919053,0.7001675635576248,0.7109250947833061,102784.0,False,4922,141,clim,,,,,,,,
D4,90,all,all,dayPeak pairwise ordering (headliners),h5,0.7117341767019422,0.7072001472115517,0.7164105862379074,147978.0,False,6357,141,clim,0.028181818181818086,0.025097905099391936,0.03143148124217987,0.020421217381954192,0.03671906590461731,102300.0,0.995291095890411,True
D4,90,all,all,dayPeak pairwise ordering (headliners),lvlh5_naive,0.7192027669190415,0.7148950144648551,0.7236168816685676,137626.0,False,5871,141,clim,0.030377143769840464,0.026152755320072173,0.034610123932361604,0.01803290694952011,0.0441558763384819,100174.0,0.9746069427148194,True
D4,90,all,all,dayPeak pairwise ordering (headliners),wt_med,0.7004648413788697,0.6953837782144546,0.70553939640522,125204.0,False,5708,141,clim,0.007773277748621132,0.004866652190685272,0.010852523148059845,0.0007926851511001588,0.015873131155967713,100987.0,0.9825167341220423,True
UC3,0,all,all,dayPeak Spearman across rides,clim,0.756065806941409,0.7523201525211334,0.7599266156554222,13504.0,False,13504,231,snaive7,0.008032093636772375,0.003933022916316986,0.012428976595401762,-0.0006374403834342956,0.016402110457420342,8465.0,0.8509248090068355,False
UC3,0,all,all,dayPeak Spearman across rides,h5,0.7667524992210377,0.7635120823979378,0.7697804495692253,16676.0,False,16676,231,snaive7,0.020837123336789776,0.016912928223609923,0.024460716545581816,0.013431324064731598,0.027955006062984466,9853.0,0.9904503417772417,True
UC3,0,all,all,dayPeak Spearman across rides,lvlh5_cbd,0.6180442424552361,0.6120445087552071,0.623930749297142,8932.0,False,8932,130,snaive7,-0.13201483534677905,-0.13911184817552566,-0.12456725090742111,-0.15607633888721467,-0.10898739099502563,5196.0,0.5223160434258143,False
UC3,0,all,all,dayPeak Spearman across rides,lvlh5_naive,0.7415420557744312,0.7380150035023689,0.7453346699476242,15811.0,False,15811,231,snaive7,0.0013641097630956445,-0.002296562492847443,0.0046799018979072566,-0.0036530032753944396,0.006010493636131286,9660.0,0.971049457177322,False
UC3,0,all,all,dayPeak Spearman across rides,lvlh5_tft,0.739172581912019,0.7352405726909638,0.7434642732143402,11542.0,False,11542,137,snaive7,-0.01306105150184711,-0.017711199820041656,-0.008084997534751894,-0.023297013342380525,-0.00370176136493683,6643.0,0.667772416566144,False
UC3,0,all,all,dayPeak Spearman across rides,snaive7,0.7740010530307947,0.7693077534437179,0.7784937918186188,9948.0,False,9948,231,snaive7,,,,,,,,
UC3,0,all,all,dayPeak Spearman across rides,wt_med,0.7702837045459227,0.7670426651835441,0.7735669180750847,15955.0,False,15955,231,snaive7,0.023910319411536984,0.02026783972978592,0.02743653059005737,0.017453309893608094,0.030318129062652587,9757.0,0.980800160836349,True
UC3,1,all,all,dayPeak Spearman across rides,clim,0.7551065026190174,0.751266923546791,0.7589973032474517,13368.0,False,13368,230,snaive7,0.007409577139921186,0.0033048778772354127,0.01193300038576126,-0.0011885896325111386,0.015686522424221038,8397.0,0.8463864529785304,False
UC3,1,all,all,dayPeak Spearman across rides,h5,0.7637791692600336,0.7605174124240875,0.7669863879680634,16500.0,False,16500,230,snaive7,0.017838525230791102,0.0140697181224823,0.021314598619937897,0.010257092118263245,0.02526925802230835,9805.0,0.9883076302792058,True
UC3,1,all,all,dayPeak Spearman across rides,lvlh5_cbd,0.6125610606342213,0.6066825032234192,0.6181021451950073,8771.0,False,8771,129,snaive7,-0.1335439647059813,-0.14033458530902862,-0.12671519219875335,-0.1581290304660797,-0.11081272512674332,5108.0,0.514867452877734,False
UC3,1,all,all,dayPeak Spearman across rides,lvlh5_naive,0.7418519984309734,0.7382305204868317,0.745560871064663,15723.0,False,15723,230,snaive7,0.0013356870776589647,-0.002268536388874054,0.004758433997631073,-0.0035917922854423524,0.006141391396522522,9622.0,0.9698619090817457,False
UC3,1,all,all,dayPeak Spearman across rides,lvlh5_tft,0.7339226085459852,0.7296868324279785,0.738088059425354,11387.0,False,11387,136,snaive7,-0.01628954623586687,-0.021160444617271422,-0.011419130861759186,-0.026564644277095793,-0.006606456637382508,6604.0,0.6656587037597016,False
UC3,1,all,all,dayPeak Spearman across rides,snaive7,0.7738392999586496,0.7689581841230393,0.7782940626144409,9921.0,False,9921,230,snaive7,,,,,,,,
UC3,1,all,all,dayPeak Spearman across rides,wt_med,0.7659671172044106,0.7626888573169708,0.7695679187774658,15724.0,False,15724,230,snaive7,0.020490417275740747,0.01689080148935318,0.02379857450723648,0.013869208097457886,0.026628635823726654,9708.0,0.978530390081645,True
UC3,2,all,all,dayPeak Spearman across rides,clim,0.7544859071058372,0.7504596397280693,0.7584237366914749,13236.0,False,13236,229,snaive7,0.006330436790235039,0.002114817500114441,0.01093183159828186,-0.002594883739948273,0.014712114632129668,8325.0,0.8409940398020002,False
UC3,2,all,all,dayPeak Spearman across rides,h5,0.762612607935387,0.7594123050570488,0.7659395262598991,16364.0,False,16364,229,snaive7,0.016191476561584706,0.012419016659259796,0.019806407392024994,0.008540800213813782,0.023550768196582795,9782.0,0.9881806243054854,True
UC3,2,all,all,dayPeak Spearman across rides,lvlh5_cbd,0.6113538330470026,0.6053433448076249,0.6173754423856735,8694.0,False,8694,128,snaive7,-0.1332416382606837,-0.14051673114299773,-0.12604276090860367,-0.1577411636710167,-0.10917451083660126,5091.0,0.514294373169007,False
UC3,2,all,all,dayPeak Spearman across rides,lvlh5_naive,0.7410004388848356,0.737408122420311,0.744623740017414,15656.0,False,15656,229,snaive7,0.0004316049887767015,-0.003200826048851013,0.003743314743041991,-0.004674765467643738,0.005391129851341247,9597.0,0.969491867865441,False
UC3,2,all,all,dayPeak Spearman across rides,lvlh5_tft,0.7319646381699837,0.7278147846460342,0.7362910002470017,11249.0,False,11249,135,snaive7,-0.020167027639587998,-0.02527039349079132,-0.015461915731430053,-0.029501964151859284,-0.010897332429885866,6585.0,0.6652187089605011,False
UC3,2,all,all,dayPeak Spearman across rides,snaive7,0.7737982941267265,0.7690319389104843,0.778267988562584,9899.0,False,9899,229,snaive7,,,,,,,,
UC3,2,all,all,dayPeak Spearman across rides,wt_med,0.7643103688324787,0.7609510809183121,0.7677564397454262,15558.0,False,15558,229,snaive7,0.01942401317604281,0.015905806422233583,0.02284184694290161,0.01277204155921936,0.025926099717617033,9669.0,0.976765329831296,True
UC3,3,all,all,dayPeak Spearman across rides,clim,0.7538289630209482,0.7497825369238853,0.7578423172235489,13121.0,False,13121,228,snaive7,0.005654590599195486,0.0013041019439697266,0.010103958845138549,-0.0033968985080718994,0.014312013983726501,8250.0,0.8360356708552898,False
UC3,3,all,all,dayPeak Spearman across rides,h5,0.7615975847218017,0.7582038953900337,0.7649865806102752,16240.0,False,16240,228,snaive7,0.015170902833449573,0.011405399441719056,0.018706712126731872,0.007455879449844361,0.022632867097854614,9740.0,0.9870287798946088,True
UC3,3,all,all,dayPeak Spearman across rides,lvlh5_cbd,0.6090631872837685,0.6035397306084633,0.6151172056794166,8673.0,False,8673,127,snaive7,-0.13486939748785154,-0.1422209322452545,-0.1276162162423134,-0.15711582601070403,-0.113893523812294,5098.0,0.5166193757600325,False
UC3,3,all,all,dayPeak Spearman across rides,lvlh5_naive,0.740469542823705,0.7368620485067368,0.7443098530173302,15589.0,False,15589,228,snaive7,0.0006518717917011196,-0.0030189305543899536,0.004081787168979644,-0.004536715149879455,0.005654762685298919,9560.0,0.9687880016214026,False
UC3,3,all,all,dayPeak Spearman across rides,lvlh5_tft,0.7306221387359846,0.7262491717934608,0.7350317537784576,11128.0,False,11128,134,snaive7,-0.020673679625368924,-0.02540808469057083,-0.016119401156902313,-0.03012872040271759,-0.011965465545654298,6551.0,0.6638629914876368,False
UC3,3,all,all,dayPeak Spearman across rides,prod_served,0.764427371150127,0.7603851839900017,0.7685380592942238,10945.0,False,10945,134,snaive7,0.016730664743135004,0.012427259981632233,0.020871704816818232,0.00964927077293396,0.022984182834625243,6491.0,0.6577827320632347,True
UC3,3,all,all,dayPeak Spearman across rides,prod_served_lin,0.7659350787102113,0.7619191884994507,0.7700178414583206,10949.0,False,10949,134,snaive7,0.018251863620942665,0.014108419418334961,0.0224715456366539,0.011545522511005402,0.02423023134469986,6493.0,0.6579854073773814,True
UC3,3,all,all,dayPeak Spearman across rides,snaive7,0.7737174683099889,0.7689173445105553,0.7781708374619484,9868.0,False,9868,228,snaive7,,,,,,,,
UC3,3,all,all,dayPeak Spearman across rides,wt_med,0.7636404638543737,0.7601943671703338,0.7670905828475952,15396.0,False,15396,228,snaive7,0.018385092256585245,0.014736376702785492,0.021879617869853974,0.011697931587696076,0.024923695623874663,9623.0,0.9751722740170248,True
UC3,4,all,all,dayPeak Spearman across rides,clim,0.7529670949682522,0.7488419517874718,0.7570687085390091,13003.0,False,13003,227,snaive7,0.004405882972766451,7.871091365814221e-05,0.00888291299343109,-0.004835467040538788,0.013087320327758788,8174.0,0.8315361139369277,False
UC3,4,all,all,dayPeak Spearman across rides,h5,0.760377474160688,0.756967706978321,0.7637348249554634,16101.0,False,16101,227,snaive7,0.013903726245416248,0.010077950358390809,0.017407536506652832,0.005942673981189728,0.021328727900981902,9681.0,0.9848423194303154,True
UC3,4,all,all,dayPeak Spearman across rides,lvlh5_cbd,0.6072076669886121,0.6010062947869301,0.613343158364296,8606.0,False,8606,126,snaive7,-0.1364156228510215,-0.1435026064515114,-0.12936207503080369,-0.15952899754047395,-0.11427653580904007,5072.0,0.515971515768057,False
UC3,4,all,all,dayPeak Spearman across rides,lvlh5_naive,0.7400686093691345,0.7364416867494583,0.7438858628273011,15504.0,False,15504,227,snaive7,0.0007287392202087739,-0.0027660220861434937,0.004070258140563964,-0.004540398716926575,0.005728991329669951,9519.0,0.9683621566632757,False
UC3,4,all,all,dayPeak Spearman across rides,lvlh5_tft,0.7293898355343917,0.7252235889434815,0.7339700698852539,11000.0,False,11000,133,snaive7,-0.023204159238776945,-0.028189371526241302,-0.018333809077739717,-0.0326536163687706,-0.01390637457370758,6496.0,0.6608341810783316,False
UC3,4,all,all,dayPeak Spearman across rides,prod_served,0.7628061980940669,0.7587062835693359,0.7669701784849167,10817.0,False,10817,133,snaive7,0.015123308828177695,0.010690487921237946,0.019355465471744535,0.007416966557502747,0.021513414382934568,6424.0,0.6535096642929806,True
UC3,4,all,all,dayPeak Spearman across rides,prod_served_lin,0.7643248689650481,0.7603260070085526,0.7685539290308953,10821.0,False,10821,133,snaive7,0.01615006986349088,0.011697514355182648,0.02055496573448181,0.008529390394687652,0.022421298921108244,6427.0,0.6538148524923703,True
UC3,4,all,all,dayPeak Spearman across rides,snaive7,0.7733770043114887,0.7685618788003922,0.7778960540890694,9830.0,False,9830,227,snaive7,,,,,,,,
UC3,4,all,all,dayPeak Spearman across rides,wt_med,0.7621469130097188,0.7586957409977912,0.7656392201781272,15250.0,False,15250,227,snaive7,0.016848642010366177,0.013323768973350525,0.020332576334476472,0.010155019164085389,0.02356051653623581,9545.0,0.9710071210579858,True
UC3,5,all,all,dayPeak Spearman across rides,clim,0.7521540336088763,0.7480995550751686,0.7560826420783997,12876.0,False,12876,226,snaive7,0.003569783944928906,-0.0009800538420677185,0.008145590126514434,-0.005740991234779357,0.012265816330909727,8089.0,0.8269270087916581,False
UC3,5,all,all,dayPeak Spearman across rides,h5,0.7593007307610842,0.7558981105685234,0.7628051981329917,15952.0,False,15952,226,snaive7,0.012657674479656822,0.008942164480686188,0.01628783196210861,0.004314924776554108,0.02015165239572525,9606.0,0.9820077693723165,True
UC3,5,all,all,dayPeak Spearman across rides,lvlh5_cbd,0.6000063506475838,0.5937815800309181,0.6063603892922401,8495.0,False,8495,125,snaive7,-0.14179698488516246,-0.1492829591035843,-0.13448089510202407,-0.1653746858239174,-0.11952685862779618,5029.0,0.5141075444694336,False
UC3,5,all,all,dayPeak Spearman across rides,lvlh5_naive,0.7402807900747637,0.7367213994264603,0.7440648183226586,15414.0,False,15414,226,snaive7,0.00013316382335737398,-0.0034554749727249146,0.0035351648926734915,-0.005079880356788635,0.005171586573123932,9465.0,0.9675935391535473,False
UC3,5,all,all,dayPeak Spearman across rides,lvlh5_tft,0.7259364561090309,0.7217418909072876,0.7303996935486794,10857.0,False,10857,132,snaive7,-0.02391467062236663,-0.029030995070934297,-0.019000251591205598,-0.03283949941396713,-0.01480131149291993,6423.0,0.656614189327336,False
UC3,5,all,all,dayPeak Spearman across rides,prod_served,0.7614518582540193,0.7573111906647683,0.7655779138207436,10691.0,False,10691,132,snaive7,0.015704761891112584,0.011112943291664124,0.020120523869991302,0.008655144274234772,0.021905016899108887,6355.0,0.649662645675731,True
UC3,5,all,all,dayPeak Spearman across rides,prod_served_lin,0.7632070477986873,0.758935022354126,0.76742083132267,10693.0,False,10693,132,snaive7,0.016507589177390813,0.012063731253147126,0.020809724926948547,0.009067034721374512,0.022684198617935178,6358.0,0.6499693314250664,True
UC3,5,all,all,dayPeak Spearman across rides,snaive7,0.773444927538708,0.7685305699706078,0.7779682517051697,9782.0,False,9782,226,snaive7,,,,,,,,
UC3,5,all,all,dayPeak Spearman across rides,wt_med,0.7611196461138655,0.7577395230531693,0.7646004438400269,15080.0,False,15080,226,snaive7,0.0153653170994138,0.01167038232088089,0.019031526148319246,0.00871642678976059,0.022178247570991516,9456.0,0.9666734819055408,True
UC3,6,all,all,dayPeak Spearman across rides,clim,0.7516136481218694,0.7476165220141411,0.7555613964796066,12743.0,False,12743,225,snaive7,0.002244572603941175,-0.0023029550909996034,0.006745342910289764,-0.007170285284519196,0.011220768094062805,7989.0,0.8205628594905505,False
UC3,6,all,all,dayPeak Spearman across rides,h5,0.7567503217838275,0.753308255970478,0.7604179009795189,15802.0,False,15802,225,snaive7,0.010480649549860277,0.006569954752922058,0.01422729790210724,0.0018329307436943053,0.01824578791856766,9527.0,0.9785332785538209,True
UC3,6,all,all,dayPeak Spearman across rides,lvlh5_cbd,0.5676127040358497,0.5616662040352821,0.574285838007927,8371.0,False,8371,124,snaive7,-0.18494054189545162,-0.19324702322483062,-0.176385734975338,-0.22001506388187408,-0.1517573967576027,4967.0,0.5101684470008216,False
UC3,6,all,all,dayPeak Spearman across rides,lvlh5_naive,0.7403720877018318,0.7367475673556327,0.7441484570503235,15314.0,False,15314,225,snaive7,0.0005005975778364924,-0.0031784594058990477,0.003855642676353454,-0.004735544323921204,0.005446887016296386,9399.0,0.9653861955628595,False
UC3,6,all,all,dayPeak Spearman across rides,lvlh5_tft,0.7228796173492541,0.7183790564537048,0.727642385661602,10714.0,False,10714,131,snaive7,-0.028340163516498706,-0.03379334509372711,-0.022925397753715514,-0.03826315701007843,-0.018557834625244143,6336.0,0.6507806080525883,False
UC3,6,all,all,dayPeak Spearman across rides,prod_served,0.7573738990900577,0.7528758898377419,0.7614105507731438,10569.0,False,10569,131,snaive7,0.010911049114433635,0.006003154814243317,0.015756519138813017,0.003676511347293854,0.017613670229911803,6265.0,0.6434880854560394,True
UC3,6,all,all,dayPeak Spearman across rides,prod_served_lin,0.7590238772337163,0.754690109193325,0.7630429521203042,10575.0,False,10575,131,snaive7,0.011773514468022772,0.007151493430137635,0.016704276204109192,0.00479072630405426,0.018386651575565335,6272.0,0.6442070665571077,True
UC3,6,all,all,dayPeak Spearman across rides,snaive7,0.7734294925463122,0.7684756055474281,0.7779161766171455,9736.0,False,9736,225,snaive7,,,,,,,,
UC3,6,all,all,dayPeak Spearman across rides,wt_med,0.759832737996298,0.7562977418303489,0.7633812487125397,14897.0,False,14897,225,snaive7,0.013302553710627163,0.009555526077747345,0.017156624794006346,0.006165403127670288,0.02037509977817535,9332.0,0.9585045193097781,True
UC3,7,all,all,dayPeak Spearman across rides,clim,0.7504452145235022,0.7462371587753296,0.7543382748961449,12594.0,False,12594,224,wt_med,-0.012536672883852074,-0.014506831765174866,-0.01064530611038208,-0.017167429625988006,-0.008551152050495147,12342.0,0.842054990789384,False
UC3,7,all,all,dayPeak Spearman across rides,h5,0.752511013341798,0.7490100041031837,0.7561013177037239,15616.0,False,15616,224,wt_med,-0.0020784257107667736,-0.0030128806829452515,-0.0009959593415260315,-0.0037825942039489747,-0.0005171343684196473,14652.0,0.9996588660708194,False
UC3,7,all,all,dayPeak Spearman across rides,lvlh5_cbd,0.55926758060079,0.5529993027448654,0.5655715301632881,8212.0,False,8212,123,wt_med,-0.20214971206009613,-0.2080989047884941,-0.196250319480896,-0.23096122592687607,-0.17471202760934829,7748.0,0.528621136658252,False
UC3,7,all,all,dayPeak Spearman across rides,lvlh5_naive,0.7283412935414642,0.7246040806174279,0.7323805660009384,14774.0,False,14774,224,wt_med,-0.029770952794137995,-0.03229918628931046,-0.02735947072505951,-0.03558924347162247,-0.024228818714618683,13974.0,0.9534011052739305,False
UC3,7,all,all,dayPeak Spearman across rides,lvlh5_tft,0.7175815719805654,0.713316547870636,0.7221903815865517,10541.0,False,10541,130,wt_med,-0.03669587085332726,-0.04004585295915604,-0.033498997986316684,-0.04435321241617203,-0.029708436131477358,9936.0,0.677901344067681,False
UC3,7,all,all,dayPeak Spearman across rides,prod_served,0.7509206982975475,0.7464690044522285,0.7553462505340576,10427.0,False,10427,130,wt_med,-0.008073213368701926,-0.011146697402000427,-0.005148343741893769,-0.012720386683940887,-0.0033301711082458496,9734.0,0.6641195333287849,False
UC3,7,all,all,dayPeak Spearman across rides,prod_served_lin,0.7524822506562963,0.7479559049010277,0.7570400789380074,10434.0,False,10434,130,wt_med,-0.006228088601220483,-0.009216049313545227,-0.003267042338848115,-0.01107020080089569,-0.001268754899501801,9739.0,0.6644606672579655,False
UC3,7,all,all,dayPeak Spearman across rides,wt_med,0.7562930702132691,0.7527100190520286,0.7599619433283806,14657.0,False,14657,224,wt_med,,,,,,,,
UC3,10,all,all,dayPeak Spearman across rides,clim,0.7484158656397821,0.7443474695086479,0.7525354057550431,12204.0,False,12204,221,wt_med,-0.011103699780534937,-0.013091224431991576,-0.009211315214633942,-0.015456023812294006,-0.007046812772750854,11939.0,0.8430306453890694,False
UC3,10,all,all,dayPeak Spearman across rides,h5,0.7479256075222613,0.7445160493254661,0.7517013609409332,15172.0,False,15172,221,wt_med,-0.0018598210436503448,-0.0028659358620643617,-0.0008419215679168708,-0.0032883524894714356,-0.0005056098103523255,14158.0,0.999717554017794,False
UC3,10,all,all,dayPeak Spearman across rides,lvlh5_cbd,0.5510673027911068,0.5443191975355148,0.5575068056583404,7883.0,False,7883,120,wt_med,-0.20278481709160234,-0.20879002213478087,-0.1971077397465706,-0.23177265226840973,-0.17494433224201203,7379.0,0.5210422256743398,False
UC3,10,all,all,dayPeak Spearman across rides,lvlh5_naive,0.7276551377002852,0.7236703291535378,0.7316157460212708,14497.0,False,14497,221,wt_med,-0.02640118204201214,-0.02893451601266861,-0.023828871548175812,-0.03214615136384964,-0.021074096858501437,13638.0,0.9629995763310267,False
UC3,10,all,all,dayPeak Spearman across rides,lvlh5_tft,0.7141802324461258,0.7095281913876533,0.7187447860836983,10124.0,False,10124,127,wt_med,-0.0352768175532463,-0.03861717432737351,-0.03210527002811432,-0.0429719015955925,-0.02821244150400162,9489.0,0.6700324812879537,False
UC3,10,all,all,dayPeak Spearman across rides,prod_served,0.7484111988352008,0.7439644411206245,0.7528154268860817,10074.0,False,10074,127,wt_med,-0.005915026458502726,-0.009146507084369659,-0.002763353288173676,-0.010751037299633026,-0.0011186242103576678,9322.0,0.6582403615308572,False
UC3,10,all,all,dayPeak Spearman across rides,prod_served_lin,0.7506726115415286,0.7463837176561355,0.7549027562141418,10074.0,False,10074,127,wt_med,-0.003959056071377032,-0.007282575964927674,-0.0008615359663963321,-0.008702704310417175,0.0010508105158805847,9322.0,0.6582403615308572,False
UC3,10,all,all,dayPeak Spearman across rides,wt_med,0.7522988589396711,0.7487854763865471,0.7561940118670464,14162.0,False,14162,221,wt_med,,,,,,,,
UC3,14,all,all,dayPeak Spearman across rides,clim,0.7456244003200724,0.7411286666989326,0.7500147625803948,11734.0,False,11734,217,clim,,,,,,,,
UC3,14,all,all,dayPeak Spearman across rides,h5,0.7420155066095646,0.7383928507566452,0.7457842722535133,14601.0,False,14601,217,clim,0.007652929221734661,0.005522003769874573,0.009769564867019654,0.0038684725761413577,0.011626209318637847,11658.0,0.9935230952786773,True
UC3,14,all,all,dayPeak Spearman across rides,lvlh5_cbd,0.5485494286674849,0.5416120156645775,0.5556552588939667,7389.0,False,7389,116,clim,-0.19072683944095503,-0.19758674800395964,-0.18371056914329528,-0.22505871802568436,-0.1604688584804535,6153.0,0.5243736151355036,False
UC3,14,all,all,dayPeak Spearman across rides,lvlh5_naive,0.7188028791666113,0.7149202391505242,0.7229563981294632,13753.0,False,13753,217,clim,-0.022937922174209535,-0.025865761935710906,-0.020169223845005038,-0.029155711829662322,-0.016998733580112457,11412.0,0.9725583773649225,False
UC3,14,all,all,dayPeak Spearman across rides,lvlh5_tft,0.7075977532873216,0.7027782961726189,0.7123923897743225,9609.0,False,9609,123,clim,-0.02616736313172008,-0.030061775445938112,-0.022561930119991302,-0.03392801731824875,-0.01800331920385361,7971.0,0.679307993863985,False
UC3,14,all,all,dayPeak Spearman across rides,prod_served,0.741930379316188,0.7373033478856087,0.7466052517294883,9606.0,False,9606,123,clim,0.0013135014777486687,-0.0022628754377365112,0.005133302509784698,-0.004487670958042145,0.006794704496860503,8040.0,0.6851883415715017,False
UC3,14,all,all,dayPeak Spearman across rides,prod_served_lin,0.7434798240281113,0.738995473086834,0.7482854932546615,9610.0,False,9610,123,clim,0.0027013244292138916,-0.0010276377201080323,0.006365735828876495,-0.0026788681745529173,0.008118157088756562,8047.0,0.6857848985853077,False
UC3,14,all,all,dayPeak Spearman across rides,wt_med,0.7448317938538469,0.7410957753658295,0.7488119021058083,13520.0,False,13520,217,clim,0.007749232024909625,0.0057207256555557254,0.009780709445476533,0.003545871376991272,0.011874021589756012,11443.0,0.9752002727117778,True
UC3,21,all,all,dayPeak Spearman across rides,clim,0.7404594968034137,0.7358726590871811,0.7448807865381241,10913.0,False,10913,210,clim,,,,,,,,
UC3,21,all,all,dayPeak Spearman across rides,h5,0.7345896048175762,0.7308657616376877,0.7384946659207344,13705.0,False,13705,210,clim,0.004320284779669725,0.0021146222949028014,0.006476320326328278,0.0004234060645103455,0.00847160816192627,10826.0,0.992027856684688,True
UC3,21,all,all,dayPeak Spearman across rides,lvlh5_cbd,0.5469359010864082,0.5398964956402779,0.5543078288435936,6669.0,False,6669,109,clim,-0.18424594730646027,-0.19143130332231523,-0.17735642939805984,-0.21906227320432664,-0.15362824946641923,5530.0,0.5067350865939705,False
UC3,21,all,all,dayPeak Spearman across rides,lvlh5_naive,0.7133193233841436,0.7092111602425575,0.7177769854664803,12833.0,False,12833,210,clim,-0.024809020414983007,-0.027798530459403992,-0.021695932745933535,-0.030535146594047546,-0.01926860213279724,10567.0,0.9682946944011729,False
UC3,21,all,all,dayPeak Spearman across rides,lvlh5_tft,0.7005690068904319,0.6951338991522789,0.7056771442294121,8743.0,False,8743,116,clim,-0.02872064799827223,-0.032601548731327055,-0.024805976450443266,-0.037496648728847504,-0.02003844827413559,7212.0,0.6608631906900028,False
UC3,21,all,all,dayPeak Spearman across rides,prod_served,0.7362158079783846,0.7306772455573082,0.7409405320882797,8854.0,False,8854,116,clim,-0.0003354933889164746,-0.004001940786838532,0.003473429381847381,-0.006767047941684723,0.006308332085609435,7282.0,0.6672775588747365,False
UC3,21,all,all,dayPeak Spearman across rides,prod_served_lin,0.7378854749865895,0.7325296953320504,0.7426660522818566,8854.0,False,8854,116,clim,0.00046092056187529984,-0.003236834704875946,0.004291160404682159,-0.006507806479930878,0.007297310233116148,7289.0,0.6679189956932099,False
UC3,21,all,all,dayPeak Spearman across rides,wt_med,0.7387144207905116,0.7347360149025917,0.7429919362068176,12520.0,False,12520,210,clim,0.005046072891654818,0.002895870804786682,0.007227465510368347,0.0012298569083213807,0.008927857875823975,10619.0,0.9730596536241181,True
UC3,30,all,all,dayPeak Spearman across rides,clim,0.7348746423605621,0.7301678657531738,0.7399057000875473,9865.0,False,9865,201,clim,,,,,,,,
UC3,30,all,all,dayPeak Spearman across rides,h5,0.7266441752209436,0.7225339621305465,0.7309750750660896,12659.0,False,12659,201,clim,0.002765554008509419,0.00041076391935348513,0.00515737235546112,-0.0019084423780441283,0.007826694846153259,9786.0,0.9919918905220476,False
UC3,30,all,all,dayPeak Spearman across rides,lvlh5_cbd,0.5379514586513907,0.5298869222402572,0.5463490888476372,5880.0,False,5880,100,clim,-0.1880303122589213,-0.19592925459146499,-0.18060566782951354,-0.22089336663484574,-0.15849606543779374,4778.0,0.4843385707045109,False
UC3,30,all,all,dayPeak Spearman across rides,lvlh5_naive,0.7074630328889259,0.7032297492027283,0.7119059234857559,11875.0,False,11875,201,clim,-0.025198745708416626,-0.028334954380989076,-0.021797488629817962,-0.031661543250083926,-0.019231958687305453,9542.0,0.9672579827673593,False
UC3,30,all,all,dayPeak Spearman across rides,lvlh5_tft,0.6953112265494129,0.6895526766777038,0.7012142717838288,6473.0,False,6473,101,clim,-0.0310226728778753,-0.035428328812122344,-0.026771004498004913,-0.04144400507211685,-0.021023434400558472,5278.0,0.535022807906741,False
UC3,30,all,all,dayPeak Spearman across rides,prod_served,0.7248539088016639,0.7195631310343742,0.7303546309471131,7006.0,False,7006,101,clim,-0.01003616772720195,-0.01442587673664093,-0.005837808549404145,-0.020463034510612488,-0.0003781378269195572,5629.0,0.5706031424227065,False
UC3,30,all,all,dayPeak Spearman across rides,prod_served_lin,0.7272247961829449,0.7218251258134842,0.732857970893383,7007.0,False,7007,101,clim,-0.009231055357765694,-0.01359127014875412,-0.004763834178447724,-0.02018997520208359,0.0007788538932800286,5638.0,0.5715154586923467,False
UC3,30,all,all,dayPeak Spearman across rides,wt_med,0.7307032942445012,0.7263630449771881,0.7352884113788605,11410.0,False,11410,201,clim,0.0026605353461603976,0.0003007248044013977,0.004944218695163727,-0.0018874421715736388,0.007340461015701293,9578.0,0.97090724784592,False
UC3,45,all,all,dayPeak Spearman across rides,clim,0.7290440207048625,0.724276527762413,0.7345771208405495,8462.0,False,8462,186,clim,,,,,,,,
UC3,45,all,all,dayPeak Spearman across rides,h5,0.7190278704849704,0.7145336881279946,0.7237259045243263,11058.0,False,11058,186,clim,-0.0005147528126312473,-0.0033852919936180116,0.002258847653865814,-0.008810779452323914,0.007069978117942809,8386.0,0.9910186717088159,False
UC3,45,all,all,dayPeak Spearman across rides,lvlh5_cbd,0.5266621097862675,0.5119187384843826,0.5402384176850319,1799.0,False,1799,84,clim,-0.17374813835079306,-0.18777277916669846,-0.15979377776384354,-0.20994394272565842,-0.1380138173699379,1488.0,0.17584495391160482,False
UC3,45,all,all,dayPeak Spearman across rides,lvlh5_naive,0.6964921546303342,0.6919926136732102,0.7016503423452377,10290.0,False,10290,186,clim,-0.030191348378912686,-0.033682920038700104,-0.0263800248503685,-0.039817555248737334,-0.02081252783536911,8169.0,0.9653746159300401,False
UC3,45,all,all,dayPeak Spearman across rides,lvlh5_tft,0.6817509338080615,0.6743417769670487,0.6893374100327492,4402.0,False,4402,73,clim,-0.032879010192558455,-0.038223831355571745,-0.02729763984680176,-0.04808612614870071,-0.018906587362289437,3668.0,0.43346726542188607,False
UC3,45,all,all,dayPeak Spearman across rides,prod_served,0.7061211987799234,0.698966246843338,0.7131766125559806,4874.0,False,4874,85,clim,-0.01199205683947957,-0.017130713164806365,-0.006511010229587559,-0.02875565141439438,0.0017456054687499938,3989.0,0.4714015599149137,False
UC3,45,all,all,dayPeak Spearman across rides,prod_served_lin,0.7074645546290135,0.7004054099321365,0.7143816262483597,4876.0,False,4876,85,clim,-0.01230962522915613,-0.017696678638458252,-0.006764908134937287,-0.02930649071931839,0.002364903688430784,3996.0,0.4722287875206807,False
UC3,45,all,all,dayPeak Spearman across rides,wt_med,0.7247955854899613,0.7202299803495407,0.7297270312905312,9812.0,False,9812,186,clim,0.0006573249971016937,-0.0020482197403907778,0.003139099478721618,-0.0056489303708076475,0.006815646588802337,8202.0,0.9692744032143701,False
UC3,60,all,all,dayPeak Spearman across rides,clim,0.724321302266165,0.7187550112605094,0.7300311222672462,7157.0,False,7157,171,clim,,,,,,,,
UC3,60,all,all,dayPeak Spearman across rides,h5,0.7145444530875343,0.7098356634378433,0.7197856023907662,9417.0,False,9417,171,clim,-0.0020546932896859937,-0.005122531950473785,0.0012366712093353262,-0.01192520409822464,0.006696933507919307,7091.0,0.9907782590470867,False
UC3,60,all,all,dayPeak Spearman across rides,lvlh5_naive,0.6895372476891773,0.6838057279586792,0.695158702135086,8728.0,False,8728,171,clim,-0.03385111792859741,-0.03842717707157135,-0.029496441781520846,-0.04734334945678711,-0.021630539000034334,6921.0,0.9670252899259466,False
UC3,60,all,all,dayPeak Spearman across rides,lvlh5_tft,0.5853291214003008,0.5035362437367439,0.6637393966317177,53.0,False,53,37,clim,-0.1842275530472408,-0.25695358514785765,-0.11687997281551361,-0.32185444980859756,0.049911439418792725,45.0,0.006287550649713567,False
UC3,60,all,all,dayPeak Spearman across rides,prod_served,0.8251044684868565,0.7665858626365661,0.880117155611515,53.0,False,53,37,clim,0.029884288109280677,-0.001133109629154205,0.0602337509393692,0.0049796998500823975,0.16669555380940437,45.0,0.006287550649713567,True
UC3,60,all,all,dayPeak Spearman across rides,prod_served_lin,0.8336263073524166,0.7762864634394646,0.8867679178714752,53.0,False,53,37,clim,0.03179062496583418,-0.0004564419388771054,0.06314078867435455,0.0051730722188949585,0.17383141070604324,45.0,0.006287550649713567,True
UC3,60,all,all,dayPeak Spearman across rides,wt_med,0.7190631015836508,0.7137574091553688,0.7245879158377647,8375.0,False,8375,171,clim,0.0007934718847258937,-0.0020860925316810606,0.003807897865772247,-0.005964323878288269,0.007629480957984918,6977.0,0.9748497974011457,False
UC3,90,all,all,dayPeak Spearman across rides,clim,0.7258168686330609,0.7190929353237152,0.7327178895473481,4865.0,False,4865,141,clim,,,,,,,,
UC3,90,all,all,dayPeak Spearman across rides,h5,0.7123707752716941,0.7058696910738945,0.7184018149971962,6374.0,False,6374,141,clim,0.002750969580142648,-0.0009163945913314819,0.006079170107841492,-0.003912904858589172,0.009599992632865905,4807.0,0.9880781089414183,False
UC3,90,all,all,dayPeak Spearman across rides,lvlh5_naive,0.6905291934177366,0.6831972151994705,0.6971489831805229,5930.0,False,5930,141,clim,-0.029097465074800488,-0.03414425104856491,-0.02413688600063324,-0.04099478125572205,-0.016666206717491153,4697.0,0.9654676258992806,False
UC3,90,all,all,dayPeak Spearman across rides,wt_med,0.7192714436780604,0.7129682421684265,0.725844469666481,5717.0,False,5717,141,clim,0.0035439216885704283,0.00011982470750808716,0.006899519264698026,-0.003626421093940735,0.010673063993453979,4775.0,0.9815005138746146,False
D4,1,all,all,optimiser regret (min per park-day),clim,30.287064720365812,29.697036695480346,30.917563581466673,11372.0,True,11372,230,wt_med,0.88615874138236,0.4697726249694824,1.301386022567749,0.28327121734619143,1.5502614974975586,11314.0,0.8977227644211696,False
D4,1,all,all,optimiser regret (min per park-day),h5,28.72360003159308,28.212033367156984,29.24407458305359,12661.0,True,12661,230,wt_med,-0.6632134635230607,-1.0245094299316406,-0.3002714633941651,-1.3945997714996339,-0.013412141799926931,12597.0,0.9995239228755058,True
D4,1,all,all,optimiser regret (min per park-day),lvlh5_cbd,28.983079014956942,28.26225733757019,29.68216633796692,6619.0,True,6619,129,wt_med,-0.07366984993178605,-0.6683775901794433,0.5077867031097412,-1.0097784042358398,0.8119971752166747,6597.0,0.5234467983813378,False
D4,1,all,all,optimiser regret (min per park-day),lvlh5_naive,28.956000677564155,28.41851348876953,29.500089931488038,11807.0,True,11807,230,wt_med,-0.4745611803612313,-0.8756395816802979,-0.08628668785095218,-1.2462499141693115,0.1526639461517332,11793.0,0.9357295881932873,False
D4,1,all,all,optimiser regret (min per park-day),lvlh5_tft,27.86051552431166,27.23273015022278,28.476177215576172,8535.0,True,8535,136,wt_med,-0.5841566690190554,-1.0561960220336915,-0.15861611366271974,-1.5328794956207275,0.22417278289794915,8502.0,0.6746012854082362,False
D4,1,all,all,optimiser regret (min per park-day),snaive7,34.51354358130986,33.89313087463379,35.15460386276245,10337.0,True,10337,230,wt_med,4.8403148994071366,4.28694715499878,5.4018086910247805,3.9197757244110107,5.725095558166504,10289.0,0.8163929223200825,False
D4,1,all,all,optimiser regret (min per park-day),wt_med,29.381536142188367,28.87513737678528,29.928196144104003,12603.0,True,12603,230,wt_med,,,,,,,,
D4,3,all,all,optimiser regret (min per park-day),clim,30.520074779667052,29.919209909439086,31.104732942581176,11233.0,True,11233,228,wt_med,0.6353914988814289,0.22876291275024413,1.05270676612854,-0.05421571731567383,1.34796724319458,11175.0,0.8962226321276766,False
D4,3,all,all,optimiser regret (min per park-day),h5,28.9524758791165,28.433250761032106,29.484529733657837,12541.0,True,12541,228,wt_med,-0.8040686943262969,-1.1423455238342286,-0.43894543647766116,-1.5191812992095948,-0.20281023979187024,12461.0,0.9993584088539578,True
D4,3,all,all,optimiser regret (min per park-day),lvlh5_cbd,29.28675356168536,28.563322687149046,30.06293134689331,6598.0,True,6598,127,wt_med,-0.2897900182592821,-0.8789873123168945,0.34148020744323726,-1.3039496898651124,0.6949363708496087,6572.0,0.5270671264736546,False
D4,3,all,all,optimiser regret (min per park-day),lvlh5_naive,28.93211709800594,28.37439708709717,29.47812294960022,11785.0,True,11785,228,wt_med,-0.9171909539194019,-1.3070234298706054,-0.5178909301757812,-1.7237803936004639,-0.2128657341003419,11762.0,0.943299382468522,True
D4,3,all,all,optimiser regret (min per park-day),lvlh5_tft,27.886682520808563,27.284113216400147,28.510837173461915,8410.0,True,8410,134,wt_med,-1.1214456391875736,-1.570457124710083,-0.6505923271179201,-2.03088264465332,-0.35732641220092776,8370.0,0.6712647365466357,True
D4,3,all,all,optimiser regret (min per park-day),prod_served,33.74950458261085,33.12081613540649,34.38107318878174,8074.0,True,8074,134,wt_med,4.409570506454813,3.8061423778533934,5.065439128875732,3.1067925930023192,5.777542638778686,8056.0,0.6460822840644799,False
D4,3,all,all,optimiser regret (min per park-day),prod_served_lin,33.681958890539875,33.01998405456543,34.32892770767212,8076.0,True,8076,134,wt_med,4.3364155392826085,3.7893678665161135,4.972388410568237,3.0871591567993164,5.574883651733398,8057.0,0.6461624829577352,False
D4,3,all,all,optimiser regret (min per park-day),snaive7,34.33848979986464,33.71485872268677,34.95279150009155,10343.0,True,10343,228,wt_med,4.197739011792226,3.626641941070557,4.792585277557373,3.2723155498504637,5.081347703933716,10261.0,0.8229208436923571,False
D4,3,all,all,optimiser regret (min per park-day),wt_med,29.76040580639987,29.226326608657835,30.28971152305603,12469.0,True,12469,228,wt_med,,,,,,,,
D4,7,all,all,optimiser regret (min per park-day),clim,30.52103633548857,29.96652183532715,31.124082136154176,10981.0,True,10981,224,wt_med,0.519562030419646,0.0933687686920166,0.9335050106048582,-0.19144721031188963,1.3097008228302003,10914.0,0.8979020979020979,False
D4,7,all,all,optimiser regret (min per park-day),h5,29.27444562638082,28.747164154052733,29.82978563308716,12221.0,True,12221,224,wt_med,-0.7551037207770825,-1.1184718132019043,-0.39517374038696296,-1.2874850749969482,-0.259975337982178,12148.0,0.9994241053064582,True
D4,7,all,all,optimiser regret (min per park-day),lvlh5_cbd,29.720265360922443,28.988420534133912,30.520498704910278,6331.0,True,6331,123,wt_med,-0.013714919930237102,-0.6417194366455078,0.6178865909576415,-1.1178986072540282,1.11186671257019,6307.0,0.5188811188811189,False
D4,7,all,all,optimiser regret (min per park-day),lvlh5_naive,29.49232475598935,28.924070167541505,30.040696716308595,11270.0,True,11270,224,wt_med,-0.4596623722789879,-0.8598225116729736,-0.06657376289367678,-1.1959280014038085,0.2182605743408203,11255.0,0.9259563965446318,False
D4,7,all,all,optimiser regret (min per park-day),lvlh5_tft,28.67363704256908,28.05009322166443,29.323413467407228,8034.0,True,8034,130,wt_med,-0.33568661751843365,-0.8433998584747314,0.13994956016540525,-1.2508589267730712,0.40605993270874013,8003.0,0.6584121760592349,False
D4,7,all,all,optimiser regret (min per park-day),prod_served,34.58563144329897,33.93462562561035,35.26668691635132,7760.0,True,7760,130,wt_med,5.328791010074916,4.737757444381714,5.976120615005493,4.040925788879394,6.743129873275756,7742.0,0.6369395310571782,False
D4,7,all,all,optimiser regret (min per park-day),prod_served_lin,33.989367186493105,33.3196943283081,34.6184344291687,7759.0,True,7759,130,wt_med,4.741247900788011,4.126819324493408,5.367581605911255,3.57342586517334,6.04672474861145,7741.0,0.6368572603866721,False
D4,7,all,all,optimiser regret (min per park-day),wt_med,30.04109419991773,29.498999881744385,30.600638246536256,12155.0,True,12155,224,wt_med,,,,,,,,
D4,14,all,all,optimiser regret (min per park-day),clim,31.012036250354008,30.38241310119629,31.583982515335084,10593.0,True,10593,217,wt_med,0.2646835202432989,-0.15937657356262205,0.7434464454650878,-0.35147547721862793,0.9036881923675537,10522.0,0.9000085535882303,False
D4,14,all,all,optimiser regret (min per park-day),h5,29.830951773411584,29.247705221176147,30.366416358947752,11757.0,True,11757,217,wt_med,-0.9869029275808927,-1.374402141571045,-0.6082345962524415,-1.685124683380127,-0.3865801811218262,11682.0,0.9992301770592764,True
D4,14,all,all,optimiser regret (min per park-day),lvlh5_cbd,30.648715330951166,29.854653215408327,31.445149183273315,5877.0,True,5877,116,wt_med,0.06264936838511304,-0.6108412265777587,0.7026147365570067,-1.0501725196838378,1.144270896911621,5858.0,0.5010691985287828,False
D4,14,all,all,optimiser regret (min per park-day),lvlh5_naive,30.184963313829293,29.59479260444641,30.747571802139284,10767.0,True,10767,217,wt_med,-0.584100418410042,-1.0344528198242187,-0.1515213966369629,-1.405257225036621,0.2036147594451904,10755.0,0.9199384141647421,False
D4,14,all,all,optimiser regret (min per park-day),lvlh5_tft,29.592010652463383,28.939023780822755,30.261249256134032,7510.0,True,7510,123,wt_med,-0.2309902445543237,-0.7418125629425049,0.2750632286071777,-1.1269304752349854,0.636970281600952,7483.0,0.64006500727055,False
D4,14,all,all,optimiser regret (min per park-day),prod_served,34.95381443298969,34.27076406478882,35.655825519561766,7275.0,True,7275,123,wt_med,4.901116317530324,4.260693883895874,5.57704005241394,3.4277703762054443,6.4634813308715815,7256.0,0.6206483619878539,False
D4,14,all,all,optimiser regret (min per park-day),prod_served_lin,34.55238553554242,33.89663181304932,35.258222579956055,7273.0,True,7273,123,wt_med,4.5137854976564675,3.915710926055908,5.143298244476318,3.156707525253296,5.941195869445801,7254.0,0.6204772902232486,False
D4,14,all,all,optimiser regret (min per park-day),wt_med,30.834060388332905,30.252735137939453,31.36733012199402,11691.0,True,11691,217,wt_med,,,,,,,,
D4,30,all,all,optimiser regret (min per park-day),clim,31.47671403381392,30.890907573699952,32.04386682510376,9641.0,True,9641,201,clim,,,,,,,,
D4,30,all,all,optimiser regret (min per park-day),h5,30.440584838889922,29.891147327423095,31.019542932510376,10738.0,True,10738,201,clim,-1.1375248665061264,-1.6266980171203613,-0.6272894382476807,-2.111005973815918,-0.21155791282653844,9551.0,0.9906648687895446,True
D4,30,all,all,optimiser regret (min per park-day),lvlh5_cbd,31.004596527068436,30.208719968795776,31.836118268966676,4895.0,True,4895,100,clim,-0.4238643634037125,-1.21924786567688,0.34616436958312974,-2.137039375305176,0.9818923950195312,4689.0,0.48636033606472356,False
D4,30,all,all,optimiser regret (min per park-day),lvlh5_naive,31.068681318681318,30.486683130264282,31.629743242263793,9828.0,True,9828,201,clim,-0.40567066521265005,-0.9339118003845215,0.11173758506774896,-1.3753357887268065,0.5723066806793211,9170.0,0.9511461466652836,False
D4,30,all,all,optimiser regret (min per park-day),lvlh5_tft,30.278761061946902,29.560807466506958,31.044698095321657,5198.0,True,5198,91,clim,-0.4608651911468833,-1.1563549995422362,0.2388878345489501,-1.7786856651306153,0.8199955463409423,4970.0,0.5155066901773675,False
D4,30,all,all,optimiser regret (min per park-day),prod_served,36.159529498253995,35.41356353759765,36.99982843399048,5441.0,True,5441,100,clim,5.395551801801805,4.639833736419678,6.191995525360108,3.558090829849243,7.188768196105956,5328.0,0.5526397676589565,False
D4,30,all,all,optimiser regret (min per park-day),prod_served_lin,35.83030135979419,35.01260442733765,36.6602126121521,5442.0,True,5442,100,clim,5.149559016701065,4.3221550464630125,5.9293383121490475,3.3538471698760985,6.8440848827362055,5329.0,0.5527434913390727,False
D4,30,all,all,optimiser regret (min per park-day),wt_med,31.59616649440947,31.009813165664674,32.165299797058104,10643.0,True,10643,201,clim,0.040316661423929645,-0.41614737510681155,0.4937883853912351,-0.7761956691741942,0.8175581455230713,9537.0,0.9892127372679183,False
D1,0-120,all,all,next-best precision,clim,0.4096559133928638,0.40488216653466225,0.4146440714597702,403939.0,False,17774,231,snaive7,-0.023194488777533273,-0.027330227196216583,-0.019233641028404237,-0.04180583879351616,-0.00673840194940567,365634.0,0.9338389345334417,False
D1,0-120,all,all,next-best precision,h5,0.40034811948531873,0.395190616697073,0.40543693900108335,373435.0,False,18927,231,snaive7,-0.017700657556375177,-0.021783015877008437,-0.013689505308866501,-0.0364000104367733,0.0001146987080574013,324908.0,0.9770071835188825,False
D1,0-120,all,all,next-best precision,lvlh5_naive,0.43088321123652124,0.425175554305315,0.43658765181899073,313549.0,False,17637,231,snaive7,0.0025807396622218315,-0.0013178057968616485,0.006427246332168578,-0.011422197520732879,0.017213741689920424,285764.0,0.9652121372068312,False
D1,0-120,all,all,next-best precision,lvlh5_tft,0.39048381004983085,0.38460147827863694,0.39727516695857046,246233.0,False,13451,231,snaive7,-0.013721557112132854,-0.018658866733312608,-0.00863647535443306,-0.03327467516064644,0.006434752792119977,209570.0,0.6730931727632818,False
D1,0-120,all,all,next-best precision,snaive7,0.4553397181690014,0.45082576051354406,0.45993711724877356,431961.0,False,17476,231,snaive7,,,,,,,,
D1,0-120,all,all,next-best precision,wt_med,0.4063517275882415,0.40158439949154856,0.4111282840371132,445737.0,False,19480,231,snaive7,-0.01854365151133852,-0.022222325205802917,-0.015036772191524507,-0.033625184744596484,-0.003466196358203889,395582.0,0.9886702734737627,False
D1,0-60,all,all,next-best precision,clim,0.3313996527080243,0.3268751256167889,0.33589867800474166,363383.0,False,17460,231,snaive7,-0.01960025572385493,-0.023414847999811174,-0.01591074913740158,-0.036254747211933135,-0.004652985930442814,326791.0,0.9257865067339175,False
D1,0-60,all,all,next-best precision,h5,0.32014333005066387,0.3153702668845654,0.3249171443283558,337124.0,False,18556,231,snaive7,-0.017374374157518246,-0.021015535295009612,-0.013769424706697467,-0.033362625539302825,-0.0010634511709213263,290301.0,0.9689450372458225,False
D1,0-60,all,all,next-best precision,lvlh5_naive,0.3459671625576057,0.340474870800972,0.351302532106638,285345.0,False,17326,231,snaive7,-0.0006949399426520175,-0.004303592443466187,0.002693033218383788,-0.013680233806371688,0.012456710636615752,257683.0,0.9610402339652231,False
D1,0-60,all,all,next-best precision,lvlh5_tft,0.31075464754091003,0.30535898655653,0.3168650738894939,222806.0,False,13192,231,snaive7,-0.014380037449523098,-0.019064053893089294,-0.009760113805532456,-0.03126497492194175,0.004407557845115655,187283.0,0.6647213715787355,False
D1,0-60,all,all,next-best precision,snaive7,0.371141640087737,0.3669331826269627,0.37560986652970313,377492.0,False,17267,231,snaive7,,,,,,,,
D1,0-60,all,all,next-best precision,wt_med,0.3284566638391298,0.32412963956594465,0.3329582020640373,400820.0,False,19246,231,snaive7,-0.015291701839054594,-0.01872161403298378,-0.012082145363092423,-0.02907249629497528,-0.0018850117921829239,352992.0,0.9849374291375711,False
D1,0-120,all,all,next-best precision (top-3),clim,0.4851191718495638,0.48074305802583694,0.49009327590465546,167699.0,False,17774,231,snaive7,-0.014210209767075321,-0.017695175111293794,-0.010895049571990967,-0.025350205600261688,-0.003982055187225343,150366.0,0.917306166418589,False
D1,0-120,all,all,next-best precision (top-3),h5,0.4775505142951617,0.47314056009054184,0.482289956510067,169358.0,False,18927,231,snaive7,-0.01107509524857142,-0.014421972632408141,-0.007472378015518189,-0.023580309748649598,0.0019616067409515374,148946.0,0.9684294658318903,False
D1,0-120,all,all,next-best precision (top-3),lvlh5_naive,0.49236022193768675,0.48754691854119303,0.49744235426187516,152295.0,False,17637,231,snaive7,-0.00640480426700496,-0.009788689017295838,-0.0030684575438499452,-0.018118035793304444,0.004412657022476195,139079.0,0.9499076224509299,False
D1,0-120,all,all,next-best precision (top-3),lvlh5_tft,0.4566126765276755,0.4510594055056572,0.46237419322133066,119528.0,False,13451,231,snaive7,-0.020414991214148914,-0.024363747239112853,-0.01631275564432144,-0.03544490411877632,-0.004498754441738133,103590.0,0.684103532355309,False
D1,0-120,all,all,next-best precision (top-3),snaive7,0.5255848164901165,0.5217292666435241,0.5297947481274605,172661.0,False,17476,231,snaive7,,,,,,,,
D1,0-120,all,all,next-best precision (top-3),wt_med,0.48657018704758437,0.48219440281391146,0.4909222736954689,186637.0,False,19480,231,snaive7,-0.005589351821708166,-0.008794209361076355,-0.0024521291255950946,-0.015528346598148345,0.004605397582054138,165612.0,0.9841191699341484,False
D1,0-60,all,all,next-best precision (top-3),clim,0.40492441637362153,0.4006399467587471,0.4095297545194626,158963.0,False,17460,231,snaive7,-0.007707836966973303,-0.011046081781387329,-0.004587269574403763,-0.01773282587528229,0.001969040185213082,141660.0,0.9084909703091522,False
D1,0-60,all,all,next-best precision (top-3),h5,0.3968265862385493,0.3923349969089031,0.4015312701463699,160143.0,False,18556,231,snaive7,-0.005399068534671536,-0.008735133707523346,-0.002071657031774521,-0.016671327501535417,0.0067470073699951155,139705.0,0.9587266605448423,False
D1,0-60,all,all,next-best precision (top-3),lvlh5_naive,0.40827187713829544,0.4035205602645874,0.4130997329950333,144683.0,False,17326,231,snaive7,-0.003589681125157951,-0.0070227071642875675,-0.00048516616225242643,-0.014756634831428528,0.0070219270884990664,131165.0,0.9449035812672176,False
D1,0-60,all,all,next-best precision (top-3),lvlh5_tft,0.37617917243935367,0.3709332078695297,0.3818226709961891,113321.0,False,13192,231,snaive7,-0.014692082434140052,-0.018876203149557114,-0.010778247565031051,-0.028440147638320923,0.0001408591866493216,97332.0,0.6768962350780533,False
D1,0-60,all,all,next-best precision (top-3),snaive7,0.43650443832262015,0.43267938047647475,0.4406376048922539,163350.0,False,17267,231,snaive7,,,,,,,,
D1,0-60,all,all,next-best precision (top-3),wt_med,0.4060863283366444,0.4018397808074951,0.4103075183928013,177184.0,False,19246,231,snaive7,0.0004756826410949322,-0.0026444658637046815,0.0034610912203788748,-0.00846572071313858,0.010125256329774852,156162.0,0.9790511172329354,False
D1,0-120,all,all,next-best recall,clim,0.46932761549828267,0.46409173533320425,0.4746584892272949,352581.0,False,18579,231,snaive7,-0.088527175315743,-0.09431662037968636,-0.08266054317355156,-0.10717289075255394,-0.06890136972069741,352581.0,1.0,False
D1,0-120,all,all,next-best recall,h5,0.42402738661470696,0.41916012242436407,0.42933703362941744,352581.0,False,18579,231,snaive7,-0.1338274041993187,-0.1393630564212799,-0.12844593971967697,-0.15681339129805566,-0.1061260387301445,352581.0,1.0,False
D1,0-120,all,all,next-best recall,lvlh5_naive,0.38318287145365176,0.3785800725221634,0.3877190172672272,352581.0,False,18579,231,snaive7,-0.1746719193603739,-0.17943473011255265,-0.1698562353849411,-0.19599369987845422,-0.15190308541059494,352581.0,1.0,False
D1,0-120,all,all,next-best recall,lvlh5_tft,0.2727032937112323,0.2676416374742985,0.27765378877520563,352581.0,False,18579,231,snaive7,-0.28515149710279336,-0.2915229260921478,-0.27887766882777215,-0.3197801761329174,-0.2475990317761898,352581.0,1.0,False
D1,0-120,all,all,next-best recall,snaive7,0.5578547908140257,0.552639240026474,0.5635730758309364,352581.0,False,18579,231,snaive7,,,,,,,,
D1,0-120,all,all,next-best recall,wt_med,0.5137145790612654,0.5084757044911384,0.5188809409737587,352581.0,False,18579,231,snaive7,-0.04414021175276028,-0.04983605295419693,-0.039069801568984985,-0.06408271044492722,-0.020255044102668762,352581.0,1.0,False
D1,0-60,all,all,next-best recall,clim,0.44116246354937505,0.4355452321469784,0.4465308621525764,272972.0,False,18236,231,snaive7,-0.07208797971953163,-0.07769114822149277,-0.06637223288416863,-0.09130729958415032,-0.05356847047805788,272972.0,1.0,False
D1,0-60,all,all,next-best recall,h5,0.3953812112597629,0.3903748355805874,0.4006678320467472,272972.0,False,18236,231,snaive7,-0.11786923200914379,-0.12362112328410149,-0.11230641901493073,-0.13864462450146675,-0.0931396372616291,272972.0,1.0,False
D1,0-60,all,all,next-best recall,lvlh5_naive,0.36164881379775216,0.3567227624356747,0.36640044003725053,272972.0,False,18236,231,snaive7,-0.15160162947115452,-0.1567058138549328,-0.14697412103414537,-0.16961554810404778,-0.13073387369513512,272972.0,1.0,False
D1,0-60,all,all,next-best recall,lvlh5_tft,0.25364506249725244,0.2486600462347269,0.2584628060460091,272972.0,False,18236,231,snaive7,-0.25960538077165424,-0.26601547598838804,-0.25311293751001357,-0.2911047600209713,-0.22434837222099305,272972.0,1.0,False
D1,0-60,all,all,next-best recall,snaive7,0.5132504432689067,0.5080138176679612,0.5187991172075271,272972.0,False,18236,231,snaive7,,,,,,,,
D1,0-60,all,all,next-best recall,wt_med,0.4822912240083232,0.47678774446249006,0.4875351242721081,272972.0,False,18236,231,snaive7,-0.03095921926058348,-0.036323031038045885,-0.02548051476478577,-0.0490234762430191,-0.01072513386607172,272972.0,1.0,False
UC4,1,all,all,UC4 Spearman within park-month,lvl_cbd,0.1835668251584337,0.15240989476442338,0.21376888751983641,315.0,False,315,9,lvl_snaive7,-0.09653431593475642,-0.1261281605809927,-0.0658445592969656,-0.12926632091403006,-0.061145303770899787,311.0,0.5262267343485617,False
UC4,1,all,all,UC4 Spearman within park-month,lvl_clim,0.17309161069045284,0.14768121019005775,0.19982811100780964,604.0,False,604,9,lvl_snaive7,-0.10933869959772355,-0.1385290887206793,-0.0812408160418272,-0.14146417789161206,-0.07874396331608295,585.0,0.9898477157360406,False
UC4,1,all,all,UC4 Spearman within park-month,lvl_naive4,0.2524327303382933,0.22707014717161655,0.27814806029200556,605.0,False,605,9,lvl_snaive7,-0.024244548303874902,-0.04342896118760109,-0.0032886311411857625,-0.044494494795799255,-0.004019606858491898,590.0,0.9983079526226735,False
UC4,1,all,all,UC4 Spearman within park-month,lvl_snaive7,0.2777998800130316,0.2544798791408539,0.30109662264585496,591.0,False,591,9,lvl_snaive7,,,,,,,,
UC4,1,all,all,UC4 Spearman within park-month,lvl_tft,0.29905679921327055,0.2711919195950031,0.324699942022562,424.0,False,424,9,lvl_snaive7,-0.0040730178958977015,-0.03236134499311447,0.024868942052125927,-0.0344573587179184,0.027436634153127668,410.0,0.6937394247038917,False
UC4,1,all,all,UC4 Spearman within park-month,lvl_wt56,0.13491878969698476,0.10757373739033937,0.1630461785942316,605.0,False,605,9,lvl_snaive7,-0.14437079767521552,-0.17054059281945227,-0.11567935682833197,-0.17564373165369035,-0.111287085339427,588.0,0.9949238578680203,False
UC4,2,all,all,UC4 Spearman within park-month,lvl_cbd,0.16104742946001488,0.1313850086182356,0.19044895134866238,304.0,False,304,9,lvl_snaive7,-0.11816577584883342,-0.15110029727220536,-0.08373639844357968,-0.15308848693966864,-0.08054659925401211,300.0,0.5514705882352942,False
UC4,2,all,all,UC4 Spearman within park-month,lvl_clim,0.16479670170052005,0.13802523612976075,0.1938207622617483,554.0,False,554,9,lvl_snaive7,-0.10684118294121,-0.1383161373436451,-0.07779840975999833,-0.14240920767188073,-0.07263803444802762,538.0,0.9889705882352942,False
UC4,2,all,all,UC4 Spearman within park-month,lvl_naive4,0.2350417941254301,0.20899323150515556,0.26103595569729804,555.0,False,555,9,lvl_snaive7,-0.03171199134631167,-0.052039211988449095,-0.009231054037809374,-0.05221235975623131,-0.0101291198283434,543.0,0.9981617647058824,False
UC4,2,all,all,UC4 Spearman within park-month,lvl_snaive7,0.26844369995561923,0.24617781154811383,0.29246592000126836,544.0,False,544,9,lvl_snaive7,,,,,,,,
UC4,2,all,all,UC4 Spearman within park-month,lvl_tft,0.2862911213584418,0.25662377029657363,0.31165351122617724,377.0,False,377,9,lvl_snaive7,0.0021952087560818123,-0.027922005206346513,0.03234836682677269,-0.030352628231048583,0.033784268051385874,365.0,0.6709558823529411,False
UC4,2,all,all,UC4 Spearman within park-month,lvl_wt56,0.12014709042081168,0.09103978965431452,0.14965924508869646,555.0,False,555,9,lvl_snaive7,-0.14890057645104476,-0.177068804949522,-0.1175554022192955,-0.1808800857514143,-0.11695463396608831,541.0,0.9944852941176471,False
UC4,3,all,all,UC4 Spearman within park-month,lvl_cbd,0.1776429809939495,0.1466079790145159,0.20516565479338167,312.0,False,312,9,lvl_snaive7,-0.09814864411920851,-0.13045052699744702,-0.06724332831799984,-0.1312464579939842,-0.0647019449621439,309.0,0.5988372093023255,False
UC4,3,all,all,UC4 Spearman within park-month,lvl_clim,0.15388746772310313,0.1265743263065815,0.18349608816206456,526.0,False,526,9,lvl_snaive7,-0.11600805030644723,-0.14786969125270844,-0.08536728471517564,-0.15096942707896233,-0.08087337575852871,510.0,0.9883720930232558,False
UC4,3,all,all,UC4 Spearman within park-month,lvl_naive4,0.23067718968564815,0.20581886321306228,0.2569418177008629,527.0,False,527,9,lvl_snaive7,-0.03425878638258312,-0.05347261503338814,-0.012562908977270129,-0.05585274025797844,-0.013742533326148988,515.0,0.998062015503876,False
UC4,3,all,all,UC4 Spearman within park-month,lvl_snaive7,0.2667581625718165,0.2429664719849825,0.2910201668739319,516.0,False,516,9,lvl_snaive7,,,,,,,,
UC4,3,all,all,UC4 Spearman within park-month,lvl_tft,0.2737671657670636,0.24470235630869866,0.30009097456932066,377.0,False,377,9,lvl_snaive7,-0.008658174205840252,-0.03732067123055458,0.019902838766574844,-0.040982019156217575,0.023798867315053936,365.0,0.7073643410852714,False
UC4,3,all,all,UC4 Spearman within park-month,lvl_wt56,0.11154617251966473,0.08319456074386836,0.14060804434120655,527.0,False,527,9,lvl_snaive7,-0.1557242522685409,-0.18289311341941356,-0.12500253282487392,-0.1883616279810667,-0.12267364095896482,513.0,0.9941860465116279,False
UC4,4,all,all,UC4 Spearman within park-month,lvl_cbd,0.19382120465638394,0.16337375342845917,0.22514304034411908,313.0,False,313,9,lvl_snaive7,-0.08206002789928743,-0.1109305202960968,-0.05277119018137455,-0.11368072889745236,-0.050092158839106574,309.0,0.5988372093023255,False
UC4,4,all,all,UC4 Spearman within park-month,lvl_clim,0.1509417111290043,0.12201367560774087,0.17970477603375912,526.0,False,526,9,lvl_snaive7,-0.11988802876852714,-0.15248519442975522,-0.08931669741868974,-0.15378905832767487,-0.08613785915076734,510.0,0.9883720930232558,False
UC4,4,all,all,UC4 Spearman within park-month,lvl_naive4,0.23035242565544287,0.2053238783031702,0.2563269197940826,527.0,False,527,9,lvl_snaive7,-0.0353913811095532,-0.05467737540602684,-0.013516453653573993,-0.05710919089615345,-0.014954016730189324,515.0,0.998062015503876,False
UC4,4,all,all,UC4 Spearman within park-month,lvl_snaive7,0.2680468778888089,0.24408211633563043,0.29185502901673316,516.0,False,516,9,lvl_snaive7,,,,,,,,
UC4,4,all,all,UC4 Spearman within park-month,lvl_tft,0.2820504296320595,0.25297465175390244,0.308151888102293,376.0,False,376,9,lvl_snaive7,0.001952538789656455,-0.025504251569509504,0.030303666740655898,-0.026741932332515716,0.030635755509138104,365.0,0.7073643410852714,False
UC4,4,all,all,UC4 Spearman within park-month,lvl_wt56,0.10909426110974912,0.08103503417223692,0.13833446279168127,526.0,False,526,9,lvl_snaive7,-0.1606709257340823,-0.18787328898906708,-0.1294823583215475,-0.19338941909372806,-0.12799055129289627,513.0,0.9941860465116279,False
UC4,5,all,all,UC4 Spearman within park-month,lvl_cbd,0.22241245554544326,0.19033697210252284,0.2538625441491604,314.0,False,314,9,lvl_snaive7,-0.04905812388471989,-0.07503639608621597,-0.02348464503884316,-0.07526302449405194,-0.021738295257091526,310.0,0.6019417475728155,False
UC4,5,all,all,UC4 Spearman within park-month,lvl_clim,0.1441653493000206,0.11561763118952513,0.17335464656352997,522.0,False,522,9,lvl_snaive7,-0.12204267410658765,-0.15560023561120034,-0.09188027046620846,-0.15744973309338092,-0.08746968768537046,512.0,0.9941747572815534,False
UC4,5,all,all,UC4 Spearman within park-month,lvl_naive4,0.23109225623287982,0.20530046448111533,0.25752113237977026,522.0,False,522,9,lvl_snaive7,-0.03564984236743346,-0.05491640232503414,-0.013447368890047075,-0.056858005002141,-0.015130816772580147,514.0,0.9980582524271845,False
UC4,5,all,all,UC4 Spearman within park-month,lvl_snaive7,0.26978922926958765,0.2462984435260296,0.29365888237953186,515.0,False,515,9,lvl_snaive7,,,,,,,,
UC4,5,all,all,UC4 Spearman within park-month,lvl_tft,0.2568928457668374,0.22945568189024926,0.28161022663116453,372.0,False,372,9,lvl_snaive7,-0.027320421121567406,-0.05129162222146988,0.00041075721383094404,-0.05507004074752331,0.0017486214637756335,364.0,0.7067961165048544,False
UC4,5,all,all,UC4 Spearman within park-month,lvl_wt56,0.10145605533256688,0.07367112673819065,0.1302092418074608,521.0,False,521,9,lvl_snaive7,-0.16512548193525667,-0.1935689464211464,-0.13449322655797005,-0.1986635249108076,-0.132182078063488,512.0,0.9941747572815534,False
UC4,6,all,all,UC4 Spearman within park-month,lvl_cbd,0.12734940138707335,0.09415819682180882,0.1583395354449749,312.0,False,312,9,lvl_snaive7,-0.1410202365217017,-0.17685371562838553,-0.10717111751437189,-0.1786910906434059,-0.10236263461410999,308.0,0.5980582524271845,False
UC4,6,all,all,UC4 Spearman within park-month,lvl_clim,0.13433812985982435,0.10684977080672979,0.1627731956541538,520.0,False,520,9,lvl_snaive7,-0.13059200775197072,-0.16349838376045228,-0.0997018124908209,-0.16697401739656925,-0.09475051239132884,512.0,0.9941747572815534,False
UC4,6,all,all,UC4 Spearman within park-month,lvl_naive4,0.23007863510892426,0.20450684912502765,0.25668379589915274,520.0,False,520,9,lvl_snaive7,-0.035834410343756895,-0.05541770830750466,-0.013811868429183964,-0.05702445209026337,-0.015213806182146076,514.0,0.9980582524271845,False
UC4,6,all,all,UC4 Spearman within park-month,lvl_snaive7,0.26905290361903333,0.2460574634373188,0.29298465996980666,515.0,False,515,9,lvl_snaive7,,,,,,,,
UC4,6,all,all,UC4 Spearman within park-month,lvl_tft,0.24612809991714987,0.2167410682886839,0.27193118408322337,372.0,False,372,9,lvl_snaive7,-0.03758691303043332,-0.06399232745170594,-0.010761267691850663,-0.06758439391851426,-0.008487118035554906,364.0,0.7067961165048544,False
UC4,6,all,all,UC4 Spearman within park-month,lvl_wt56,0.09701493085271638,0.0688604660332203,0.12625334225594997,519.0,False,519,9,lvl_snaive7,-0.16872328105047996,-0.1976175583899021,-0.13674801923334598,-0.20398071445524693,-0.1347012296319008,512.0,0.9941747572815534,False
UC4,7,all,all,UC4 Spearman within park-month,lvl_cbd,0.08078140299423024,0.047289008647203444,0.11279415115714073,305.0,False,305,9,lvl_naive4,-0.09654704330767426,-0.13614959083497524,-0.058227190375328065,-0.1344033285975456,-0.060584511794149885,304.0,0.5834932821497121,False
UC4,7,all,all,UC4 Spearman within park-month,lvl_clim,0.13128947591140788,0.10257782153785229,0.1597294218838215,520.0,False,520,9,lvl_naive4,-0.03650984090125198,-0.06739580687135457,-0.007294822856783868,-0.06774315293878316,-0.007052701711654665,519.0,0.9961612284069098,False
UC4,7,all,all,UC4 Spearman within park-month,lvl_naive4,0.17175420757035423,0.14493938125669956,0.20062229484319685,521.0,False,521,9,lvl_naive4,,,,,,,,
UC4,7,all,all,UC4 Spearman within park-month,lvl_tft,0.194019145739148,0.1670488715171814,0.219609098136425,372.0,False,372,9,lvl_naive4,-0.01081137711634006,-0.043043040484189984,0.019417862966656672,-0.042004627734422685,0.017201377078890794,371.0,0.7120921305182342,False
UC4,7,all,all,UC4 Spearman within park-month,lvl_wt56,0.07463910304989914,0.04387415461242199,0.1038180949166417,519.0,False,519,9,lvl_naive4,-0.0945288816760022,-0.1159172285348177,-0.07292250245809555,-0.11677264999598265,-0.07259913384914399,519.0,0.9961612284069098,False
UC4,10,all,all,UC4 Spearman within park-month,lvl_cbd,0.07447118471288933,0.041541965771466495,0.10688704140484331,310.0,False,310,8,lvl_naive4,-0.10554043965317962,-0.143648649007082,-0.06580355893820525,-0.1403666403144598,-0.07006524596363306,307.0,0.5892514395393474,False
UC4,10,all,all,UC4 Spearman within park-month,lvl_clim,0.1237036052265391,0.0924367729574442,0.15333098024129865,520.0,False,520,8,lvl_naive4,-0.049751300594400916,-0.08130878675729036,-0.02086200863122941,-0.0816321063786745,-0.020312026888132106,519.0,0.9961612284069098,False
UC4,10,all,all,UC4 Spearman within park-month,lvl_naive4,0.17555404120845472,0.14928378500044345,0.20442780926823617,521.0,False,521,8,lvl_naive4,,,,,,,,
UC4,10,all,all,UC4 Spearman within park-month,lvl_tft,0.18941051790051994,0.15955338701605798,0.21725739501416683,370.0,False,370,8,lvl_naive4,-0.02124984010993536,-0.05345321744680405,0.009260789677500724,-0.05139337293803692,0.00639124438166618,369.0,0.708253358925144,False
UC4,10,all,all,UC4 Spearman within park-month,lvl_wt56,0.07450013777169108,0.043472251016646625,0.10566898342221974,519.0,False,519,8,lvl_naive4,-0.09997786103088735,-0.12203861698508263,-0.07759817782789469,-0.12374579850584269,-0.07602894250303507,519.0,0.9961612284069098,False
UC4,14,all,all,UC4 Spearman within park-month,lvl_cbd,0.0362668917497488,0.0037534740986302504,0.06913995463401079,272.0,False,272,8,lvl_naive4,-0.08369002690420455,-0.12044106312096119,-0.04446855550631881,-0.1193365516141057,-0.04695025514811279,271.0,0.5251937984496124,False
UC4,14,all,all,UC4 Spearman within park-month,lvl_clim,0.11501361173282641,0.08501083161681891,0.144380434602499,518.0,False,518,8,lvl_naive4,-0.027379396954745686,-0.05565781481564045,-0.0001033926382660913,-0.058249422907829286,0.0005225408822298001,515.0,0.998062015503876,False
UC4,14,all,all,UC4 Spearman within park-month,lvl_naive4,0.14491024079519496,0.11906649619340896,0.1729389403015375,516.0,False,516,8,lvl_naive4,,,,,,,,
UC4,14,all,all,UC4 Spearman within park-month,lvl_tft,0.14533912185265513,0.11881468538194895,0.17390726543962953,370.0,False,370,8,lvl_naive4,-0.014394891935593401,-0.04536737017333507,0.01575204730033874,-0.04697055146098137,0.01773332953453063,369.0,0.7151162790697675,False
UC4,14,all,all,UC4 Spearman within park-month,lvl_wt56,0.05724942176639492,0.027432240871712567,0.08828303515911103,517.0,False,517,8,lvl_naive4,-0.08564900880084816,-0.1073416743427515,-0.0630486685782671,-0.10952609535306693,-0.06262197885662318,515.0,0.998062015503876,False
UC4,21,all,all,UC4 Spearman within park-month,lvl_cbd,0.01324825097980384,-0.022177124442532656,0.04767085984349251,270.0,False,270,8,lvl_naive4,-0.08657398479472758,-0.12567326575517654,-0.048563634417951106,-0.12048876658082008,-0.05182344075292349,260.0,0.5306122448979592,False
UC4,21,all,all,UC4 Spearman within park-month,lvl_clim,0.11610702698394634,0.08593980465084314,0.14519394040107728,504.0,False,504,8,lvl_naive4,-0.010372485651553381,-0.03910431079566479,0.01782562229782342,-0.03975331913679838,0.017240134440362438,490.0,1.0,False
UC4,21,all,all,UC4 Spearman within park-month,lvl_naive4,0.12887593337161055,0.10225412510335445,0.15798363797366619,490.0,False,490,8,lvl_naive4,,,,,,,,
UC4,21,all,all,UC4 Spearman within park-month,lvl_tft,0.12354187097444323,0.090768569894135,0.15609189979732035,363.0,False,363,8,lvl_naive4,-0.02236156830349792,-0.05695659872144461,0.013947609066963195,-0.05428735390305519,0.011107975244522093,358.0,0.7306122448979592,False
UC4,21,all,all,UC4 Spearman within park-month,lvl_wt56,0.06065289501601327,0.029032332031056284,0.09321373775601387,503.0,False,503,8,lvl_naive4,-0.06889822608174571,-0.09403916504234075,-0.045122701674699804,-0.09625987000763417,-0.04446516484022141,490.0,1.0,False
UC4,30,all,all,UC4 Spearman within park-month,lvl_cbd,0.010708869288605647,-0.02806197693571448,0.04939863234758375,230.0,False,230,8,lvl_clim,-0.08524572350243209,-0.135691736638546,-0.031849346216768035,-0.13509831689298152,-0.03749851705506445,229.0,0.5180995475113123,False
UC4,30,all,all,UC4 Spearman within park-month,lvl_clim,0.15148950513924309,0.11894200798124074,0.18257710114121437,442.0,False,442,8,lvl_clim,,,,,,,,
UC4,30,all,all,UC4 Spearman within park-month,lvl_naive4,0.1445900386800103,0.11620905492454767,0.1742907155305147,444.0,False,444,8,lvl_clim,-0.007774703138897027,-0.03997711129486561,0.027481122314929936,-0.04414723124355078,0.03017928600311278,442.0,1.0,False
UC4,30,all,all,UC4 Spearman within park-month,lvl_tft,0.10525749707022104,0.0660799939185381,0.14576027505099773,264.0,False,264,8,lvl_clim,-0.03236483202125284,-0.08026035781949759,0.01862067375332117,-0.07724662404507399,0.015176804549992083,264.0,0.5972850678733032,False
UC4,30,all,all,UC4 Spearman within park-month,lvl_wt56,0.04655764234246439,0.013526266510598363,0.07896344177424906,443.0,False,443,8,lvl_clim,-0.10378528307995577,-0.13499679490923883,-0.06974758673459293,-0.1362502507865429,-0.06992120873183012,442.0,1.0,False
UC4,45,all,all,UC4 Spearman within park-month,lvl_cbd,0.12897057612490687,0.06377588361501695,0.19708584845066068,79.0,False,79,7,lvl_naive4,-0.13655398978601402,-0.19920991361141205,-0.07804073095321656,-0.19766974523663522,-0.06879208721220496,79.0,0.19174757281553398,False
UC4,45,all,all,UC4 Spearman within park-month,lvl_clim,0.11843639286273336,0.08370034638792276,0.15109307356178758,412.0,False,412,7,lvl_naive4,-0.041086820969600105,-0.08114422969520092,-0.005628874525427818,-0.08850663229823112,0.005105263367295264,411.0,0.9975728155339806,False
UC4,45,all,all,UC4 Spearman within park-month,lvl_naive4,0.15929891218068432,0.1278553694486618,0.19174465239048002,412.0,False,412,7,lvl_naive4,,,,,,,,
UC4,45,all,all,UC4 Spearman within park-month,lvl_tft,0.16773343676983432,0.12544787749648095,0.2094984997063875,178.0,False,178,7,lvl_naive4,0.006498457480568848,-0.04647214338183403,0.058025605976581573,-0.052485254034399985,0.061883050948381424,178.0,0.4320388349514563,False
UC4,45,all,all,UC4 Spearman within park-month,lvl_wt56,0.09920994138050905,0.06607679799199104,0.1353694960474968,411.0,False,411,7,lvl_naive4,-0.05855596915172928,-0.08571315351873636,-0.033796610310673714,-0.09237877745181322,-0.02607241608202459,410.0,0.9951456310679612,False
UC4,60,all,all,UC4 Spearman within park-month,lvl_clim,0.16922407587568733,0.13280108459293843,0.20530326366424562,348.0,False,348,7,lvl_clim,,,,,,,,
UC4,60,all,all,UC4 Spearman within park-month,lvl_naive4,0.164383364099632,0.13031067773699762,0.19767418168485165,348.0,False,348,7,lvl_clim,-0.005663483382600698,-0.0445900809019804,0.036318087577819826,-0.049297401867806914,0.03864126652479172,348.0,1.0,False
UC4,60,all,all,UC4 Spearman within park-month,lvl_tft,0.1393908291074418,0.13939082622528076,0.13939082622528076,1.0,False,1,7,lvl_clim,0.04635447149324626,0.04635446518659592,0.04635446518659592,0.04635446518659592,0.04635446518659592,1.0,0.0028735632183908046,True
UC4,60,all,all,UC4 Spearman within park-month,lvl_wt56,0.11956658177955,0.08365599121898412,0.15620917044579982,348.0,False,348,7,lvl_clim,-0.04976557127682489,-0.08702175952494144,-0.013502281904220587,-0.08456026259809732,-0.015747037157416346,348.0,1.0,False
UC4,90,all,all,UC4 Spearman within park-month,lvl_clim,0.1565469871980014,0.11049098577350377,0.2013229589909315,258.0,False,258,6,lvl_wt56,-0.010867573850621731,-0.05368636641651392,0.03077095970511436,-0.055781922116875646,0.03158975541591642,258.0,0.9961389961389961,False
UC4,90,all,all,UC4 Spearman within park-month,lvl_naive4,0.15019346068042408,0.1122631549835205,0.19108432531356812,259.0,False,259,6,lvl_wt56,-0.01085438667941313,-0.04850300699472427,0.02562610581517219,-0.05265572145581245,0.031027314998209474,259.0,1.0,False
UC4,90,all,all,UC4 Spearman within park-month,lvl_wt56,0.16419257951769073,0.12042383942753077,0.20928487554192543,259.0,False,259,6,lvl_wt56,,,,,,,,
UC4,120,all,all,UC4 Spearman within park-month,lvl_clim,0.1324950269423041,0.068702039308846,0.18617888167500496,176.0,False,176,5,lvl_naive4,-0.06523072556175152,-0.12222194746136665,-0.012142605707049387,-0.12600164338946343,-0.006191281229257587,175.0,0.9943181818181818,False
UC4,120,all,all,UC4 Spearman within park-month,lvl_naive4,0.20594137774761068,0.15375166833400727,0.256683462113142,176.0,False,176,5,lvl_naive4,,,,,,,,
UC4,120,all,all,UC4 Spearman within park-month,lvl_wt56,0.14447466582687643,0.08931424599140883,0.19949416406452655,176.0,False,176,5,lvl_naive4,-0.06494294558900615,-0.10939438603818416,-0.018287685699760928,-0.10832281969487667,-0.019799521565437322,176.0,1.0,False
UC4,180,all,all,UC4 Spearman within park-month,lvl_clim,0.24864977910619296,0.14297896549105646,0.344966647028923,61.0,False,61,3,lvl_naive4,-0.08406976344185355,-0.16931352354586124,-0.006629364937543888,-0.1678135208785534,-0.008496499806642578,61.0,1.0,False
UC4,180,all,all,UC4 Spearman within park-month,lvl_naive4,0.32832003863361364,0.25312837213277817,0.3932842388749122,61.0,False,61,3,lvl_naive4,,,,,,,,
UC4,180,all,all,UC4 Spearman within park-month,lvl_wt56,0.30601860815705423,0.19964925199747086,0.3984554305672645,61.0,False,61,3,lvl_naive4,-0.02179547054288289,-0.09432173743844033,0.05178707465529441,-0.09768994264304638,0.050095188617706295,61.0,1.0,False
D6,1,all,all,crowd bucket exact,lvl_cbd,0.20497887404362225,0.19626021273434163,0.21342710144817828,8757.0,False,8757,231,lvl_snaive7,-0.1999054261733065,-0.21360427290201187,-0.18622671142220498,-0.2311172243207693,-0.17076945453882217,8459.0,0.5550524934383202,False
D6,1,all,all,crowd bucket exact,lvl_clim,0.27390589425752593,0.2668481945991516,0.2805394619703293,15812.0,False,15812,231,lvl_snaive7,-0.12152230971128608,-0.13151560500264167,-0.11218929663300514,-0.14514894261956215,-0.09775115922093391,15240.0,1.0,False
D6,1,all,all,crowd bucket exact,lvl_naive4,0.36576645597905894,0.3581702791154385,0.37362040430307386,15663.0,False,15663,231,lvl_snaive7,-0.027142763027867445,-0.0359206922352314,-0.01841282397508621,-0.04091210961341858,-0.014151991158723832,15179.0,0.995997375328084,False
D6,1,all,all,crowd bucket exact,lvl_snaive7,0.39763779527559057,0.38970914036035537,0.4059482902288437,15240.0,False,15240,231,lvl_snaive7,,,,,,,,
D6,1,all,all,crowd bucket exact,lvl_tft,0.3964034401876466,0.38776703774929044,0.404570347815752,11511.0,False,11511,231,lvl_snaive7,-0.000723523559735928,-0.011464603245258331,0.010037986189126965,-0.015831994265317915,0.013920594751834867,11057.0,0.7255249343832021,False
D6,1,all,all,crowd bucket exact,lvl_wt56,0.31545661522894003,0.30815775170922277,0.3224576823413372,15812.0,False,15812,231,lvl_snaive7,-0.07874015748031499,-0.08905773609876633,-0.06913711652159692,-0.09803721904754639,-0.06050256490707398,15240.0,1.0,False
D6,2,all,all,crowd bucket exact,lvl_cbd,0.20877091748413157,0.20051110573112965,0.217386444658041,8665.0,False,8665,229,lvl_snaive7,-0.1985434574976122,-0.2120088629424572,-0.18497590646147727,-0.22851845286786557,-0.16921344324946405,8376.0,0.5552535631421942,False
D6,2,all,all,crowd bucket exact,lvl_clim,0.27115827154180516,0.26371258944272996,0.2782868713140488,15644.0,False,15644,229,lvl_snaive7,-0.12495856811402056,-0.13513873443007468,-0.11461132988333703,-0.14859896078705787,-0.10090793371200561,15085.0,1.0,False
D6,2,all,all,crowd bucket exact,lvl_naive4,0.367212691861215,0.35982208177447317,0.37463732436299324,15506.0,False,15506,229,lvl_snaive7,-0.026151184455682763,-0.03490308597683907,-0.01728226915001869,-0.03971068784594536,-0.012828748673200609,15028.0,0.9962214119986742,False
D6,2,all,all,crowd bucket exact,lvl_snaive7,0.39821014252568776,0.39070250540971757,0.40614248514175416,15085.0,False,15085,229,lvl_snaive7,,,,,,,,
D6,2,all,all,crowd bucket exact,lvl_tft,0.38004227584992073,0.3713726006448269,0.38855511546134947,11354.0,False,11354,229,lvl_snaive7,-0.018413338219127884,-0.029927211999893188,-0.007656364142894748,-0.03339078649878502,-0.004554376751184465,10916.0,0.7236327477626782,False
D6,2,all,all,crowd bucket exact,lvl_wt56,0.3136665814369726,0.3057854913175106,0.3203433699905872,15644.0,False,15644,229,lvl_snaive7,-0.08127278753728867,-0.09138454347848893,-0.07201834544539451,-0.10096392035484314,-0.06224933415651322,15085.0,1.0,False
D6,3,all,all,crowd bucket exact,lvl_cbd,0.2066182405165456,0.19850079901516438,0.21507742926478385,8673.0,False,8673,228,lvl_snaive7,-0.2013334920823908,-0.21474438533186913,-0.18743957355618476,-0.23120760582387448,-0.17182771936059,8399.0,0.56015739629185,False
D6,3,all,all,crowd bucket exact,lvl_clim,0.27023028431750934,0.26274019107222557,0.2769937768578529,15546.0,False,15546,228,lvl_snaive7,-0.1271842070161398,-0.13757346123456954,-0.11757840365171433,-0.15161269083619117,-0.10330269113183022,14994.0,1.0,False
D6,3,all,all,crowd bucket exact,lvl_naive4,0.3688854288309329,0.36009098812937734,0.3765961557626724,15414.0,False,15414,228,lvl_snaive7,-0.02583840953209715,-0.035690664499998095,-0.01746234521269798,-0.039436590671539304,-0.01261231228709221,14939.0,0.9963318660797652,False
D6,3,all,all,crowd bucket exact,lvl_snaive7,0.39949313058556757,0.39158455953001975,0.4072561010718346,14994.0,False,14994,228,lvl_snaive7,,,,,,,,
D6,3,all,all,crowd bucket exact,lvl_tft,0.37743052472698213,0.3684519350528717,0.386233402043581,11263.0,False,11263,228,lvl_snaive7,-0.02361841498293199,-0.03506521955132484,-0.013368555903434755,-0.03793560341000557,-0.00951146706938744,10839.0,0.7228891556622649,False
D6,3,all,all,crowd bucket exact,lvl_wt56,0.31268493503151934,0.3047174170613289,0.32039365693926813,15546.0,False,15546,228,lvl_snaive7,-0.08343337334933976,-0.09328893125057221,-0.07366607859730721,-0.1032911978662014,-0.06357363611459732,14994.0,1.0,False
D6,4,all,all,crowd bucket exact,lvl_cbd,0.20980800370113348,0.201505421474576,0.21826826483011247,8646.0,False,8646,227,lvl_snaive7,-0.19856716417910447,-0.21186653561890126,-0.1859850738197565,-0.2287238508462906,-0.1688683595508337,8375.0,0.5615905585730571,False
D6,4,all,all,crowd bucket exact,lvl_clim,0.27071608771589367,0.26386382058262825,0.2775396667420864,15459.0,False,15459,227,lvl_snaive7,-0.12801770386266093,-0.13861061111092568,-0.11784540787339211,-0.1521781824529171,-0.10439064726233482,14912.0,0.9999329444109166,False
D6,4,all,all,crowd bucket exact,lvl_naive4,0.3697665318899178,0.3619509764015675,0.37716776728630064,15334.0,False,15334,227,lvl_snaive7,-0.02624318686494853,-0.03514126464724541,-0.0174868680536747,-0.03924754485487938,-0.013687535375356682,14861.0,0.9965131093676658,False
D6,4,all,all,crowd bucket exact,lvl_snaive7,0.40085831154026685,0.3937027230858803,0.40849511697888374,14913.0,False,14913,227,lvl_snaive7,,,,,,,,
D6,4,all,all,crowd bucket exact,lvl_tft,0.37404785375033606,0.3652728483080864,0.38361633867025374,11159.0,False,11159,227,lvl_snaive7,-0.028568769774799885,-0.03973351493477821,-0.016993904113769533,-0.04426333457231522,-0.013658684492111208,10746.0,0.7205793602896802,False
D6,4,all,all,crowd bucket exact,lvl_wt56,0.31228978007761965,0.3048772528767586,0.3196349680423737,15460.0,False,15460,227,lvl_snaive7,-0.08495943136860457,-0.09620827436447144,-0.074910469353199,-0.10490383207798004,-0.0652530886232853,14913.0,1.0,False
D6,5,all,all,crowd bucket exact,lvl_cbd,0.2108152300864284,0.20247906632721424,0.21984842382371425,8562.0,False,8562,226,lvl_snaive7,-0.19698613622664257,-0.21045768521726133,-0.1830760318785906,-0.22706902995705605,-0.16863220930099487,8295.0,0.5598677105831533,False
D6,5,all,all,crowd bucket exact,lvl_clim,0.26885502149277063,0.26117305606603625,0.27553284242749215,15354.0,False,15354,226,lvl_snaive7,-0.13001215066828675,-0.14020204469561576,-0.11969847306609155,-0.15477146655321122,-0.10572120919823647,14814.0,0.999865010799136,False
D6,5,all,all,crowd bucket exact,lvl_naive4,0.37211134453781514,0.3638725712895393,0.37980458289384844,15232.0,False,15232,226,lvl_snaive7,-0.0239078902810701,-0.03290439397096634,-0.01475075110793114,-0.03694319427013397,-0.01098996698856354,14765.0,0.9965577753779697,False
D6,5,all,all,crowd bucket exact,lvl_snaive7,0.4008504319654428,0.3929163537919521,0.40840989351272583,14816.0,False,14816,226,lvl_snaive7,,,,,,,,
D6,5,all,all,crowd bucket exact,lvl_tft,0.36561282724884503,0.3567861162126064,0.37453405037522314,11039.0,False,11039,226,lvl_snaive7,-0.03574452074122847,-0.047088300436735155,-0.025008257478475574,-0.05157395303249359,-0.020819981396198277,10631.0,0.7175350971922246,False
D6,5,all,all,crowd bucket exact,lvl_wt56,0.3104324042719458,0.30300198048353194,0.3174487128853798,15356.0,False,15356,226,lvl_snaive7,-0.08686555075593955,-0.09653576537966728,-0.07634956017136574,-0.10673576071858407,-0.06671524196863174,14816.0,1.0,False
D6,6,all,all,crowd bucket exact,lvl_cbd,0.1931335535630014,0.18485089242458344,0.20169595777988433,8476.0,False,8476,225,lvl_snaive7,-0.21495554743636586,-0.2292284458875656,-0.20247622653841973,-0.246263362839818,-0.18478595577180387,8211.0,0.5577367205542725,False
D6,6,all,all,crowd bucket exact,lvl_clim,0.2665705107192028,0.25936653539538385,0.2732788100838661,15253.0,False,15253,225,lvl_snaive7,-0.1328125,-0.14333676025271416,-0.12308321297168733,-0.1576661854982376,-0.10837353840470314,14720.0,0.9998641488928135,False
D6,6,all,all,crowd bucket exact,lvl_naive4,0.3726047310691159,0.36481835693120956,0.3806573562324047,15134.0,False,15134,225,lvl_snaive7,-0.023988005997001516,-0.03287300616502762,-0.015570452064275746,-0.03694503903388977,-0.011020000278949742,14674.0,0.9967395734275234,False
D6,6,all,all,crowd bucket exact,lvl_snaive7,0.4013720961825839,0.39404118806123734,0.40994768515229224,14722.0,False,14722,225,lvl_snaive7,,,,,,,,
D6,6,all,all,crowd bucket exact,lvl_tft,0.3606077246933919,0.351064483076334,0.36914287954568864,10926.0,False,10926,225,lvl_snaive7,-0.0425936489826963,-0.05527474954724312,-0.031002573668956764,-0.059196881204843524,-0.027258507162332538,10518.0,0.7144409726939275,False
D6,6,all,all,crowd bucket exact,lvl_wt56,0.30757128810226153,0.29976505413651466,0.3148373983800411,15255.0,False,15255,225,lvl_snaive7,-0.09088439070778426,-0.10072495639324189,-0.08135755136609077,-0.11048453152179719,-0.07115760743618012,14722.0,1.0,False
D6,7,all,all,crowd bucket exact,lvl_cbd,0.1873508353221957,0.17947436161339284,0.1957765556871891,8380.0,False,8380,224,lvl_naive4,-0.15579884504331087,-0.1690793875604868,-0.14231428727507592,-0.18465528227388858,-0.12879642844200134,8312.0,0.5556892632704907,False
D6,7,all,all,crowd bucket exact,lvl_clim,0.26347740019795446,0.25667995065450666,0.27093845084309576,15155.0,False,15155,224,lvl_naive4,-0.0718106445573683,-0.08086399361491203,-0.06295853331685067,-0.08927196562290192,-0.05419045090675354,14956.0,0.9998662922850649,False
D6,7,all,all,crowd bucket exact,lvl_naive4,0.33580692605963364,0.3283704176545143,0.3427565962076187,14958.0,False,14958,224,lvl_naive4,,,,,,,,
D6,7,all,all,crowd bucket exact,lvl_tft,0.34386548410938655,0.33487367630004883,0.35240079164505006,10824.0,False,10824,224,lvl_naive4,0.004945413828496781,-0.005845830589532852,0.01604062244296074,-0.006875980645418167,0.01666903495788574,10717.0,0.7164727904800107,False
D6,7,all,all,crowd bucket exact,lvl_wt56,0.2975522860724418,0.29045168235898017,0.30473616123199465,15157.0,False,15157,224,lvl_naive4,-0.038440968043856105,-0.04583605974912643,-0.030544563382863998,-0.048886578530073166,-0.027997056394815447,14958.0,1.0,False
D6,10,all,all,crowd bucket exact,lvl_cbd,0.18733960650128315,0.17930920459330082,0.1960217248648405,8183.0,False,8183,221,lvl_naive4,-0.1544705448284344,-0.1674889199435711,-0.14145166240632534,-0.18270197920501233,-0.12522661350667477,8131.0,0.553279804028307,False
D6,10,all,all,crowd bucket exact,lvl_clim,0.2611182130121779,0.2540615849196911,0.26787717267870903,14863.0,False,14863,221,lvl_naive4,-0.07684454124693713,-0.0861987054347992,-0.06794515922665596,-0.09571619518101215,-0.05848664939403534,14692.0,0.9997278170930866,False
D6,10,all,all,crowd bucket exact,lvl_naive4,0.3383233532934132,0.3312089964747429,0.3455363266170025,14696.0,False,14696,221,lvl_naive4,,,,,,,,
D6,10,all,all,crowd bucket exact,lvl_tft,0.3346896290688872,0.32595824226737025,0.34347663521766664,10568.0,False,10568,221,lvl_naive4,-0.006866952789699565,-0.016532216966152192,0.0037167496979236586,-0.020830000191926955,0.006056987494230264,10485.0,0.7134594447468698,False
D6,10,all,all,crowd bucket exact,lvl_wt56,0.2932472423997848,0.28633744940161704,0.30101909413933753,14868.0,False,14868,221,lvl_naive4,-0.04518236254763203,-0.0537182629108429,-0.0369231216609478,-0.05613100305199623,-0.03304489552974701,14696.0,1.0,False
D6,14,all,all,crowd bucket exact,lvl_cbd,0.1821451509312781,0.17415437512099743,0.19094308353960512,7785.0,False,7785,217,lvl_naive4,-0.12483795696136893,-0.1383748758584261,-0.11211587861180305,-0.1524979926645756,-0.0956082157790661,7714.0,0.5411814227585239,False
D6,14,all,all,crowd bucket exact,lvl_clim,0.2587373946677718,0.25199739784002306,0.26578054800629614,14478.0,False,14478,217,lvl_naive4,-0.04757560872921196,-0.05589454993605614,-0.03865979164838792,-0.06720649115741253,-0.029712246358394635,14251.0,0.9997895327627333,False
D6,14,all,all,crowd bucket exact,lvl_naive4,0.30665076469762875,0.2993337042629719,0.3139104783535004,14254.0,False,14254,217,lvl_naive4,,,,,,,,
D6,14,all,all,crowd bucket exact,lvl_tft,0.31474377889249533,0.3056203410029411,0.3237046152353287,10167.0,False,10167,217,lvl_naive4,0.007363916807642534,-0.002879577875137329,0.01810609772801399,-0.005570594221353531,0.020316278934478755,10049.0,0.7049950890977971,False
D6,14,all,all,crowd bucket exact,lvl_wt56,0.283504798729545,0.2759325675666332,0.2910749793052673,14483.0,False,14483,217,lvl_naive4,-0.022870773116318244,-0.031032463163137437,-0.014146624505519867,-0.03482275679707527,-0.010693079978227623,14254.0,1.0,False
D6,21,all,all,crowd bucket exact,lvl_cbd,0.17640542785931876,0.16821982562541962,0.18489952571690083,7222.0,False,7222,210,lvl_naive4,-0.11038052602126469,-0.12403586432337761,-0.09754846133291722,-0.13623977899551393,-0.0829418033361435,7148.0,0.5256655390498602,False
D6,21,all,all,crowd bucket exact,lvl_clim,0.25393729229880074,0.247068215534091,0.26144682094454763,13842.0,False,13842,210,lvl_naive4,-0.036116219198234656,-0.04457847438752651,-0.026971742510795593,-0.05519534908235073,-0.019728662818670285,13595.0,0.9997793793204883,False
D6,21,all,all,crowd bucket exact,lvl_naive4,0.29055743491689956,0.28290960788726804,0.29754249230027197,13598.0,False,13598,210,lvl_naive4,,,,,,,,
D6,21,all,all,crowd bucket exact,lvl_tft,0.2903769214571489,0.28097222596406934,0.3003763072192669,9498.0,False,9498,210,lvl_naive4,0.00576061446554299,-0.005391115695238114,0.016943307220935816,-0.010135846585035324,0.022312685847282406,9374.0,0.6893660832475365,False
D6,21,all,all,crowd bucket exact,lvl_wt56,0.2724777930237597,0.2646253898739815,0.2806120656430721,13847.0,False,13847,210,lvl_naive4,-0.01831151639947054,-0.026133355498313905,-0.010047020763158804,-0.02843855693936348,-0.006707555055618287,13598.0,1.0,False
D6,30,all,all,crowd bucket exact,lvl_cbd,0.16679453736381772,0.15766265392303466,0.17573524452745914,6517.0,False,6517,201,lvl_naive4,-0.10145600991325898,-0.11543537452816963,-0.08704725988209248,-0.13163019791245462,-0.07298845052719118,6456.0,0.508546671918078,False
D6,30,all,all,crowd bucket exact,lvl_clim,0.2513149752475248,0.24366863630712032,0.2583336293697357,12928.0,False,12928,201,lvl_naive4,-0.02851740979990547,-0.03785151578485966,-0.019536395370960236,-0.05011933967471123,-0.008598432689905167,12694.0,0.9999212288302481,False
D6,30,all,all,crowd bucket exact,lvl_naive4,0.2804253643166601,0.2725143238902092,0.2887358292937279,12695.0,False,12695,201,lvl_naive4,,,,,,,,
D6,30,all,all,crowd bucket exact,lvl_tft,0.2677876598110061,0.2572681955993176,0.27756485641002654,7196.0,False,7196,201,lvl_naive4,0.003496503496503489,-0.008927046507596969,0.01634276285767555,-0.016243333369493483,0.022657369077205655,7150.0,0.5632138637258763,False
D6,30,all,all,crowd bucket exact,lvl_wt56,0.2650947042906842,0.2575400978326797,0.27273492589592935,12935.0,False,12935,201,lvl_naive4,-0.01425758172508862,-0.02268291190266609,-0.005899777263402939,-0.024837551265954973,-0.0026872634887695375,12695.0,1.0,False
D6,45,all,all,crowd bucket exact,lvl_cbd,0.23286991062562065,0.2157506462186575,0.25190476849675175,2014.0,False,2014,186,lvl_naive4,-0.0707171314741036,-0.09703345075249672,-0.04475590512156487,-0.11929177679121494,-0.023200495541095746,2008.0,0.17920571173583222,False
D6,45,all,all,crowd bucket exact,lvl_clim,0.24604077347099484,0.23808580525219442,0.25375220105051993,11429.0,False,11429,186,lvl_naive4,-0.024185631414547076,-0.03447990231215954,-0.014027506858110435,-0.04571867696940899,-0.004801058396697045,11205.0,1.0,False
D6,45,all,all,crowd bucket exact,lvl_naive4,0.2710397144132084,0.26272106543183327,0.2799767732620239,11205.0,False,11205,186,lvl_naive4,,,,,,,,
D6,45,all,all,crowd bucket exact,lvl_tft,0.25729662595735875,0.2455389592796564,0.269586319476366,4831.0,False,4831,186,lvl_naive4,0.000622665006226597,-0.013538867235183716,0.015524612739682187,-0.023074909299612045,0.021716568619012826,4818.0,0.4299866131191432,False
D6,45,all,all,crowd bucket exact,lvl_wt56,0.2617026861492694,0.2539006173610687,0.26963336393237114,11429.0,False,11429,186,lvl_naive4,-0.007853636769299455,-0.016670111566781998,0.0008932225406169871,-0.020753880590200426,0.00414726585149765,11205.0,1.0,False
D6,60,all,all,crowd bucket exact,lvl_clim,0.23544554455445543,0.22750803865492344,0.2433708067983389,10100.0,False,10100,171,lvl_naive4,-0.03136382031566168,-0.04179457500576973,-0.02060607448220253,-0.052357685193419455,-0.010704347491264353,9884.0,1.0,False
D6,60,all,all,crowd bucket exact,lvl_naive4,0.2670983407527317,0.2583628475666046,0.2760010205209255,9884.0,False,9884,171,lvl_naive4,,,,,,,,
D6,60,all,all,crowd bucket exact,lvl_tft,0.20634920634920634,0.1111111119389534,0.30556972473859784,63.0,False,63,171,lvl_naive4,0.047619047619047616,-0.07023923508822917,0.17145320661365984,-0.10008621513843535,0.1373118937015533,63.0,0.006373937677053824,False
D6,60,all,all,crowd bucket exact,lvl_wt56,0.2614120209921774,0.252889010310173,0.2697048872709274,10099.0,False,10099,171,lvl_naive4,-0.005058680696074458,-0.01491428017616272,0.005085611343383789,-0.01879667565226555,0.008142396807670592,9884.0,1.0,False
D6,90,all,all,crowd bucket exact,lvl_clim,0.23039085349641053,0.22080027163028718,0.23966699056327342,7522.0,False,7522,141,lvl_naive4,-0.04801302048013023,-0.0607128482311964,-0.036169497296214104,-0.06983045674860477,-0.024758640676736835,7373.0,1.0,False
D6,90,all,all,crowd bucket exact,lvl_naive4,0.28088973280889734,0.2711500607430935,0.29101800471544265,7373.0,False,7373,141,lvl_naive4,,,,,,,,
D6,90,all,all,crowd bucket exact,lvl_wt56,0.26091005854177757,0.2506741568446159,0.27038258835673334,7516.0,False,7516,141,lvl_naive4,-0.01695375016953754,-0.02864440456032753,-0.005176945775747299,-0.030184125900268553,-0.0033227894455194525,7373.0,1.0,False
D6,120,all,all,crowd bucket exact,lvl_clim,0.21897525813364505,0.20769430436193942,0.23119392842054368,5133.0,False,5133,111,lvl_naive4,-0.05525525525525524,-0.07010491825640201,-0.04099643155932427,-0.08203493133187294,-0.029970434308052067,4995.0,1.0,False
D6,120,all,all,crowd bucket exact,lvl_naive4,0.27667667667667667,0.2638984642922878,0.2885322652757168,4995.0,False,4995,111,lvl_naive4,,,,,,,,
D6,120,all,all,crowd bucket exact,lvl_wt56,0.24579585451701214,0.23358595073223115,0.2571988612413406,5114.0,False,5114,111,lvl_naive4,-0.026826826826826827,-0.040928734466433525,-0.011691869050264361,-0.048128378391265866,-0.00521486550569535,4995.0,1.0,False
D6,180,all,all,crowd bucket exact,lvl_clim,0.21034678794769757,0.19180768989026548,0.22948213368654252,1759.0,False,1759,51,lvl_naive4,-0.049246813441483184,-0.07365069165825844,-0.025912613794207572,-0.10458626002073287,0.0030689716339111313,1726.0,1.0,False
D6,180,all,all,crowd bucket exact,lvl_naive4,0.26187717265353416,0.24187412597239016,0.28272457644343374,1726.0,False,1726,51,lvl_naive4,,,,,,,,
D6,180,all,all,crowd bucket exact,lvl_wt56,0.2382035247299602,0.21852644272148608,0.2592385195195675,1759.0,False,1759,51,lvl_naive4,-0.022595596755504044,-0.0440765704959631,0.0005832634866237638,-0.06073208674788475,0.014850366115570062,1726.0,1.0,False
D7,d1-7,all,all,day comparison winner accuracy,lvl_cbd,0.23004598576491608,0.22512495331466198,0.2350194089114666,102423.0,False,9213,229,lvl_snaive7,-0.22807870502774122,-0.23459128849208355,-0.2211486827582121,-0.24548001065850258,-0.20912999399006366,69932.0,0.5477259020810326,False
D7,d1-7,all,all,day comparison winner accuracy,lvl_clim,0.26628463082520804,0.26167656779289244,0.2708186566829681,188813.0,False,16239,229,lvl_snaive7,-0.20911213122973038,-0.214883291721344,-0.2036152869462967,-0.23293898813426495,-0.18485020473599434,127654.0,0.9998198579227269,False
D7,d1-7,all,all,day comparison winner accuracy,lvl_naive4,0.446449716881607,0.44270953685045245,0.4506578490138054,185788.0,False,16217,229,lvl_snaive7,-0.024911705348133195,-0.029551223665475846,-0.019870977848768234,-0.03863799721002579,-0.012031269073486329,126848.0,0.9935070529539385,False
D7,d1-7,all,all,day comparison winner accuracy,lvl_snaive7,0.47506598682613155,0.47053199261426926,0.47954284250736234,127677.0,False,15358,229,lvl_snaive7,,,,,,,,
D7,d1-7,all,all,day comparison winner accuracy,lvl_tft,0.41310755445515374,0.40814139023423196,0.4178669162094593,135708.0,False,11833,229,lvl_snaive7,-0.06266491481437242,-0.06880224794149399,-0.05598250776529312,-0.07884431257843971,-0.04724979847669602,92093.0,0.7212967096657973,False
D7,d1-7,all,all,day comparison winner accuracy,lvl_wt56,0.2710987556261583,0.2666784979403019,0.2752522200345993,188850.0,False,16239,229,lvl_snaive7,-0.2042106252496534,-0.2094283528625965,-0.19888564497232436,-0.2255455285310745,-0.18187095373868944,127677.0,1.0,False
D7,d8-30,all,all,day comparison winner accuracy,lvl_cbd,0.1613821481289792,0.15783761627972126,0.1648096702992916,1789157.0,False,9938,223,lvl_naive4,-0.17769912405785296,-0.1819975808262825,-0.17317827455699444,-0.19796787910163402,-0.15751144513487816,1767240.0,0.5102509851386123,False
D7,d8-30,all,all,day comparison winner accuracy,lvl_clim,0.23887855240802966,0.23547170534729958,0.24229231774806975,3539782.0,False,16710,223,lvl_naive4,-0.12235928993590636,-0.1258200339972973,-0.1192406363785267,-0.14177017696201802,-0.1034444808959961,3462279.0,0.9996555479588113,False
D7,d8-30,all,all,day comparison winner accuracy,lvl_naive4,0.3618885904086997,0.3590445421636105,0.3646607890725136,3463472.0,False,16701,223,lvl_naive4,,,,,,,,
D7,d8-30,all,all,day comparison winner accuracy,lvl_tft,0.3641011103831746,0.3605705827474594,0.36736041828989985,2381160.0,False,12117,223,lvl_naive4,-0.0003560438117240494,-0.004402123391628265,0.003638575971126556,-0.016009033471345902,0.014491025358438492,2345217.0,0.6771289041747703,False
D7,d8-30,all,all,day comparison winner accuracy,lvl_wt56,0.22777555064959995,0.22470715306699277,0.2309124179184437,3542180.0,False,16710,223,lvl_naive4,-0.13475206382497099,-0.137429566308856,-0.132041971758008,-0.14801110997796058,-0.12124255746603013,3463472.0,1.0,False
D7,d31-90,all,all,day comparison winner accuracy,lvl_cbd,0.14414491206033436,0.14035045132040977,0.1477981824427843,1912277.0,False,7505,200,lvl_naive4,-0.1721136076515217,-0.17662630900740622,-0.1675165005028248,-0.19247037470340728,-0.15233723632991314,1884697.0,0.08549386336619094,False
D7,d31-90,all,all,day comparison winner accuracy,lvl_clim,0.24106671276409508,0.23762296922504902,0.24439913593232632,22769166.0,False,14004,200,lvl_naive4,-0.09460421020883367,-0.09800383448600769,-0.09150706641376019,-0.11341442577540875,-0.07500731237232686,22041852.0,0.9998652744848654,False
D7,d31-90,all,all,day comparison winner accuracy,lvl_naive4,0.3373942416046725,0.33483503088355066,0.33993480503559115,22044822.0,False,13998,200,lvl_naive4,,,,,,,,
D7,d31-90,all,all,day comparison winner accuracy,lvl_tft,0.3528175411982157,0.348264268040657,0.3571784354746342,4213532.0,False,8005,200,lvl_naive4,0.026260739249502396,0.02151841074228287,0.03093862682580948,0.004365409165620804,0.04620399624109268,4178481.0,0.1895447828973171,True
D7,d31-90,all,all,day comparison winner accuracy,lvl_wt56,0.21939179502960748,0.21657120175659655,0.22238015867769717,22766371.0,False,14004,200,lvl_naive4,-0.11864055876704288,-0.12090836502611638,-0.11635169461369514,-0.129812366142869,-0.10806433223187924,22044822.0,1.0,False
